file_name,formula,energy,bandgap,type,space_group_symbol,space_group_number,num_atoms
TiO2_id4862_E-8.78.cif,TiO2,-8.7835,1.519,Semiconductor,Pbca,61,24
LiSc4O6_id1691_E-8.30.cif,LiSc4O6,-8.2959,3.279,Semiconductor,I4/m,87,22
Ti2O3_id4575_E-8.05.cif,Ti2O3,-8.0543,1.202,Semiconductor,Pbcn,60,20
SrN6_id4290_E-7.83.cif,SrN6,-7.8323,0.718,Semiconductor,P6_322,182,14
Sc3GeN_id1303_E-7.75.cif,Sc3GeN,-7.7524,0.252,Semiconductor,Pm-3m,221,5
TiSiN2_id2860_E-7.64.cif,TiSiN2,-7.64,0.88,Semiconductor,Fm-3m,225,16
Sc2O5_id3409_E-7.46.cif,Sc2O5,-7.4628,3.307,Semiconductor,Pba2,32,14
CaN4_id750_E-7.31.cif,CaN4,-7.3138,2.707,Semiconductor,R-3,148,45
ScC_id4685_E-7.31.cif,ScC,-7.3067,1.572,Semiconductor,P4_2cm,101,16
Sc2BO2_id259_E-7.21.cif,Sc2BO2,-7.2053,3.666,Insulator,P4/mnc,128,20
BaZnN8_id1059_E-7.12.cif,BaZnN8,-7.1208,3.523,Insulator,I4_1/a,88,40
Sc4S2N3O8_id310_E-7.08.cif,Sc4S2N3O8,-7.0755,3.032,Semiconductor,R3m,160,51
Ti2ZnO4_id2472_E-7.05.cif,Ti2ZnO4,-7.053,1.424,Semiconductor,Ccce,68,28
Sc2Al2O5_id1876_E-7.04.cif,Sc2Al2O5,-7.0378,3.441,Semiconductor,Pmmn,59,18
Sc7(TeO2)2_id4_E-6.94.cif,Sc7(TeO2)2,-6.9371,0.812,Semiconductor,P2_1/c,14,26
BCN3_id444_E-6.92.cif,BCN3,-6.9213,0.508,Semiconductor,Pnma,62,20
CaSi2CN8_id1884_E-6.89.cif,CaSi2CN8,-6.8858,0.507,Semiconductor,Pban,50,24
Li(BO)6_id4501_E-6.83.cif,Li(BO)6,-6.8315,0.516,Semiconductor,P6_322,182,26
Ca(C3N4)2_id4891_E-6.81.cif,Ca(C3N4)2,-6.8103,1.677,Semiconductor,P2_1,4,30
TiAlCdO6_id371_E-6.72.cif,TiAlCdO6,-6.7179,2.41,Semiconductor,P-31c,163,18
Ti4NO2_id2332_E-6.70.cif,Ti4NO2,-6.7011,1.305,Semiconductor,P6_122,178,42
SrSc3(SbO3)4_id3210_E-6.65.cif,SrSc3(SbO3)4,-6.6464,1.203,Semiconductor,Im-3,204,40
Sc2Be2O3_id2671_E-6.63.cif,Sc2Be2O3,-6.6347,3.34,Semiconductor,P321,150,21
ScAl2O2_id4626_E-6.62.cif,ScAl2O2,-6.6204,2.816,Semiconductor,P4/mnc,128,20
LiTi4As(SO)3_id3251_E-6.62.cif,LiTi4As(SO)3,-6.6173,0.801,Semiconductor,P-6m2,187,12
Al2Sn4B4N17_id4309_E-6.46.cif,Al2Sn4B4N17,-6.4599,1.484,Semiconductor,I4,79,54
Ca2N7_id4515_E-6.41.cif,Ca2N7,-6.4128,2.79,Semiconductor,C2/m,12,18
CaTi4O13_id4397_E-6.39.cif,CaTi4O13,-6.3878,1.997,Semiconductor,P1,1,36
P3C(N3O)3_id4979_E-6.32.cif,P3C(N3O)3,-6.3245,1.528,Semiconductor,P6_3,173,32
B2P2CN2_id696_E-6.27.cif,B2P2CN2,-6.271,1.079,Semiconductor,Pbcn,60,28
MgSiO2_id621_E-6.25.cif,MgSiO2,-6.2536,0.137,Semiconductor,I4_122,98,16
NaLiAl6O12_id124_E-6.24.cif,NaLiAl6O12,-6.2441,3.803,Insulator,R-3,148,60
Mg2Cd(CN)4_id2239_E-6.22.cif,Mg2Cd(CN)4,-6.2222,1.152,Semiconductor,Pban,50,22
Sr3CaN12_id2867_E-6.22.cif,Sr3CaN12,-6.22,2.512,Semiconductor,P6_3mc,186,32
N5O3_id2931_E-6.22.cif,N5O3,-6.217,2.884,Semiconductor,C2/c,15,32
NaTi2InO4_id4265_E-6.20.cif,NaTi2InO4,-6.1997,1.117,Semiconductor,I-42d,122,32
SrN4_id1397_E-6.16.cif,SrN4,-6.1581,1.611,Semiconductor,I4_1/a,88,20
Ti3S4(NO2)3_id1192_E-6.15.cif,Ti3S4(NO2)3,-6.1483,1.928,Semiconductor,R-3m,166,48
BaCa(SO2)4_id1494_E-6.09.cif,BaCa(SO2)4,-6.0897,3.135,Semiconductor,P4/nbm,125,28
SbO2_id4593_E-6.09.cif,SbO2,-6.0863,1.393,Semiconductor,Pa-3,205,12
Ti5O8_id3201_E-6.03.cif,Ti5O8,-6.0271,1.409,Semiconductor,P4_2/n,86,26
CdSiN2_id1027_E-5.98.cif,CdSiN2,-5.9788,0.652,Semiconductor,I4_122,98,16
Be2Al4B2O7_id224_E-5.97.cif,Be2Al4B2O7,-5.9723,3.952,Insulator,Aea2,41,60
Li2PC11N_id3695_E-5.96.cif,Li2PC11N,-5.9554,0.075,Semiconductor,P2/c,13,60
ScSNO3_id992_E-5.94.cif,ScSNO3,-5.9367,2.475,Semiconductor,Pca2_1,29,24
N3O_id4098_E-5.93.cif,N3O,-5.925,3.212,Semiconductor,R-3c,167,24
Ti3O16_id2089_E-5.90.cif,Ti3O16,-5.9021,1.215,Semiconductor,P2,3,19
KSr(BO2)6_id2573_E-5.90.cif,KSr(BO2)6,-5.902,2.076,Semiconductor,P-31c,163,40
Ba2NaSn(NO)4_id1374_E-5.90.cif,Ba2NaSn(NO)4,-5.8993,2.432,Semiconductor,I-42d,122,48
PO_id3916_E-5.90.cif,PO,-5.8991,1.862,Semiconductor,Pbca,61,16
ScO5_id2227_E-5.89.cif,ScO5,-5.8888,1.501,Semiconductor,C222_1,20,24
CaGaO2_id3326_E-5.88.cif,CaGaO2,-5.8843,2.346,Semiconductor,I4_122,98,16
LiScTiZnBAsPC4N3_id2509_E-5.88.cif,LiScTiZnBAsPC4N3,-5.8828,0.177,Semiconductor,Pca2_1,29,56
Ti4Zn(NO)2_id2662_E-5.88.cif,Ti4Zn(NO)2,-5.8825,1.173,Semiconductor,P4/mnc,128,36
Ti_id4587_E-5.87.cif,Ti,-5.8716,0.772,Semiconductor,Im-3m,229,36
MgGeO2_id1320_E-5.84.cif,MgGeO2,-5.8373,1.154,Semiconductor,I4_122,98,16
Sr3O4_id3928_E-5.82.cif,Sr3O4,-5.8186,3.017,Semiconductor,P6_3,173,14
Al2P2NO8_id2282_E-5.81.cif,Al2P2NO8,-5.8133,1.593,Semiconductor,Pcca,54,52
Sr2LiSb(N2O3)2_id2444_E-5.80.cif,Sr2LiSb(N2O3)2,-5.8012,2.135,Semiconductor,I4_1/a,88,56
TiSi4_id2908_E-5.79.cif,TiSi4,-5.7874,0.273,Semiconductor,Ccce,68,20
SrSn(PO)4_id3096_E-5.78.cif,SrSn(PO)4,-5.784,2.24,Semiconductor,I4_1/a,88,40
Ba(SiO)2_id3734_E-5.78.cif,Ba(SiO)2,-5.7822,0.056,Semiconductor,Pbca,61,20
Sc3P(SN3)3_id1950_E-5.78.cif,Sc3P(SN3)3,-5.7785,1.177,Semiconductor,R-3m,166,48
ScTe_id1426_E-5.74.cif,ScTe,-5.7446,0.398,Semiconductor,I4/mcm,140,16
SiO3_id2631_E-5.74.cif,SiO3,-5.7415,0.468,Semiconductor,I-42d,122,32
C13Se2_id2934_E-5.73.cif,C13Se2,-5.7265,1.161,Semiconductor,C2/c,15,60
NaCaTi(NO)2_id498_E-5.73.cif,NaCaTi(NO)2,-5.7263,2.025,Semiconductor,Pca2_1,29,28
ScTiSn_id4898_E-5.72.cif,ScTiSn,-5.7204,0.145,Semiconductor,P4/mmm,123,12
ScGa3O7_id707_E-5.72.cif,ScGa3O7,-5.716,1.329,Semiconductor,Pm-3n,223,22
As2O3_id4736_E-5.71.cif,As2O3,-5.7127,1.298,Semiconductor,Pccn,56,20
Si2PO2_id2278_E-5.71.cif,Si2PO2,-5.7099,0.445,Semiconductor,Pca2_1,29,20
LiGeO2_id3753_E-5.69.cif,LiGeO2,-5.6868,2.757,Semiconductor,I4_122,98,16
Ti2CdInO2_id4665_E-5.68.cif,Ti2CdInO2,-5.6787,0.087,Semiconductor,P4_12_12,92,24
BaN2O_id2286_E-5.67.cif,BaN2O,-5.667,0.523,Semiconductor,I4_122,98,16
SrGa2GeO4_id1678_E-5.66.cif,SrGa2GeO4,-5.6556,0.907,Semiconductor,I222,23,16
Ca2Sc2Cd2SO9_id3630_E-5.64.cif,Ca2Sc2Cd2SO9,-5.6449,1.735,Semiconductor,Pban,50,32
AlGaN2_id1998_E-5.64.cif,AlGaN2,-5.6429,0.115,Semiconductor,Fm-3m,225,16
As2NO_id2676_E-5.63.cif,As2NO,-5.6302,0.788,Semiconductor,Pca2_1,29,16
BaCaO4_id939_E-5.62.cif,BaCaO4,-5.6228,3.304,Semiconductor,Pban,50,12
ScAl2SO3_id3752_E-5.62.cif,ScAl2SO3,-5.6202,2.359,Semiconductor,P4/nmm,129,14
Sc3GeSe2_id798_E-5.61.cif,Sc3GeSe2,-5.6107,0.304,Semiconductor,P2_1/c,14,24
NaGeO2_id4834_E-5.61.cif,NaGeO2,-5.6059,1.851,Semiconductor,I4_122,98,16
TiGa3N3O4_id834_E-5.60.cif,TiGa3N3O4,-5.6042,0.109,Semiconductor,Pm-3n,223,22
ScAsS2N_id4570_E-5.60.cif,ScAsS2N,-5.6032,1.726,Semiconductor,Pca2_1,29,20
SrCaO4_id1701_E-5.60.cif,SrCaO4,-5.6014,3.444,Semiconductor,P4/nbm,125,12
BaCaO4_id3765_E-5.60.cif,BaCaO4,-5.5985,0.228,Semiconductor,P4/nbm,125,12
BaO2_id4697_E-5.59.cif,BaO2,-5.5934,3.863,Insulator,Pca2_1,29,12
Mg(SnO2)2_id1968_E-5.59.cif,Mg(SnO2)2,-5.5895,1.389,Semiconductor,P4_2/mcm,132,14
AlGeN2_id4815_E-5.56.cif,AlGeN2,-5.5575,0.304,Semiconductor,I4_122,98,16
Ba2Sr2LiP2S2(N2O3)2_id4751_E-5.55.cif,Ba2Sr2LiP2S2(N2O3)2,-5.5457,2.496,Semiconductor,P3_121,152,57
Sn3GeC12_id3737_E-5.53.cif,Sn3GeC12,-5.5339,0.08,Semiconductor,R-3,148,48
LiTiS2_id4743_E-5.53.cif,LiTiS2,-5.5272,0.69,Semiconductor,I-42d,122,32
SrScO12_id1681_E-5.53.cif,SrScO12,-5.5267,0.059,Semiconductor,P-31c,163,28
Cd(GaO2)6_id2165_E-5.52.cif,Cd(GaO2)6,-5.519,1.721,Semiconductor,Im-3,204,38
K2Na(BO)6_id3717_E-5.51.cif,K2Na(BO)6,-5.5135,1.651,Semiconductor,P6_322,182,30
BeSbN_id4826_E-5.51.cif,BeSbN,-5.5098,1.884,Semiconductor,P6_222,180,9
LiSiO2_id1931_E-5.51.cif,LiSiO2,-5.5058,3.568,Insulator,I4_122,98,16
AsO_id4255_E-5.50.cif,AsO,-5.495,1.04,Semiconductor,Pca2_1,29,8
BaSrCaO8_id40_E-5.48.cif,BaSrCaO8,-5.4771,0.285,Semiconductor,P4/nbm,125,22
BaLi3MgTiSi2N6O7_id4537_E-5.47.cif,BaLi3MgTiSi2N6O7,-5.4737,2.113,Semiconductor,Pc,7,42
B3AsPO7_id4789_E-5.47.cif,B3AsPO7,-5.4701,1.11,Semiconductor,P6_322,182,24
Ti2Si3_id3825_E-5.44.cif,Ti2Si3,-5.4376,0.202,Semiconductor,Pnma,62,20
C(NO2)3_id284_E-5.43.cif,C(NO2)3,-5.4316,3.452,Semiconductor,P3_2,145,30
SiGeN2_id4702_E-5.43.cif,SiGeN2,-5.4266,2.748,Semiconductor,I4_122,98,16
NaSrGe2AsO4_id4278_E-5.41.cif,NaSrGe2AsO4,-5.413,1.122,Semiconductor,I222,23,18
GaO_id2645_E-5.41.cif,GaO,-5.4088,0.362,Semiconductor,I4_122,98,16
AlGaO2_id25_E-5.41.cif,AlGaO2,-5.4078,2.473,Semiconductor,Pca2_1,29,16
GaO_id3166_E-5.40.cif,GaO,-5.404,0.772,Semiconductor,Pbca,61,16
TiGeSbS2O_id4885_E-5.40.cif,TiGeSbS2O,-5.4022,1.01,Semiconductor,P6_522,179,36
Sc_id4180_E-5.40.cif,Sc,-5.397,1.079,Semiconductor,P6cc,184,18
KTi3ZnTeO12_id2750_E-5.39.cif,KTi3ZnTeO12,-5.3898,1.193,Semiconductor,P-3,147,36
KNa2Ca2TiO6_id2008_E-5.37.cif,KNa2Ca2TiO6,-5.3737,2.214,Semiconductor,C2/m,12,24
BaN6_id686_E-5.36.cif,BaN6,-5.3582,2.058,Semiconductor,Immm,71,14
CaGa3O7_id4674_E-5.36.cif,CaGa3O7,-5.3577,1.354,Semiconductor,Pm-3n,223,22
LiB4PN2_id327_E-5.35.cif,LiB4PN2,-5.3467,0.468,Semiconductor,I4_122,98,32
BaCaGa2N11_id75_E-5.34.cif,BaCaGa2N11,-5.3441,2.156,Semiconductor,P-3m1,164,15
NaScO6_id2055_E-5.33.cif,NaScO6,-5.33,0.627,Semiconductor,P-31c,163,16
Ge(SbN)2_id86_E-5.31.cif,Ge(SbN)2,-5.3132,1.337,Semiconductor,P4_12_12,92,20
Mg3Ga(NO)2_id4087_E-5.31.cif,Mg3Ga(NO)2,-5.3128,1.746,Semiconductor,C2/m,12,16
Ti(GaN)4_id2504_E-5.31.cif,Ti(GaN)4,-5.3096,0.12,Semiconductor,Ccce,68,36
BaS_id3668_E-5.31.cif,BaS,-5.3092,0.252,Semiconductor,Fm-3m,225,8
Sr2N2O_id4096_E-5.30.cif,Sr2N2O,-5.3014,1.542,Semiconductor,Aea2,41,40
InO2_id664_E-5.30.cif,InO2,-5.2975,1.357,Semiconductor,Pban,50,12
P4CS2N5_id2216_E-5.29.cif,P4CS2N5,-5.295,1.175,Semiconductor,I-42d,122,48
Li(SiS2)2_id2623_E-5.29.cif,Li(SiS2)2,-5.2894,1.387,Semiconductor,P-42m,111,7
TiIn3O3_id3748_E-5.28.cif,TiIn3O3,-5.2801,0.254,Semiconductor,Pm-3n,223,14
K2Ti2Si2B4N5O_id4060_E-5.26.cif,K2Ti2Si2B4N5O,-5.2628,1.913,Semiconductor,P4_2/m,84,32
AlAsO2_id1712_E-5.26.cif,AlAsO2,-5.2605,1.914,Semiconductor,P1,1,16
BS2_id1789_E-5.26.cif,BS2,-5.2593,1.811,Semiconductor,Pbca,61,24
K2CaGaO6_id198_E-5.25.cif,K2CaGaO6,-5.2504,3.711,Insulator,Fm-3m,225,40
Ca2N3O_id4083_E-5.25.cif,Ca2N3O,-5.2485,2.734,Semiconductor,P6_222,180,18
Ba2Na7Ge2B2As2(PO12)2_id3478_E-5.24.cif,Ba2Na7Ge2B2As2(PO12)2,-5.2373,0.749,Semiconductor,P-1,2,41
BeGa2SO2_id4867_E-5.23.cif,BeGa2SO2,-5.2331,1.773,Semiconductor,P3_221,154,18
Ca2Te2As2N7_id2656_E-5.23.cif,Ca2Te2As2N7,-5.2291,0.935,Semiconductor,Ibam,72,52
CdN3_id1780_E-5.23.cif,CdN3,-5.2276,0.149,Semiconductor,R-3,148,24
Ba(SbO2)2_id3423_E-5.22.cif,Ba(SbO2)2,-5.2188,0.122,Semiconductor,Pnnm,58,14
Sr3(CO3)2_id4082_E-5.21.cif,Sr3(CO3)2,-5.2059,3.192,Semiconductor,P3c1,158,22
LiCaSb(P2O9)2_id1283_E-5.20.cif,LiCaSb(P2O9)2,-5.205,2.055,Semiconductor,I222,23,50
TiZnO3_id4365_E-5.20.cif,TiZnO3,-5.1992,2.341,Semiconductor,Cmc2_1,36,20
ScS4_id3820_E-5.19.cif,ScS4,-5.1851,2.259,Semiconductor,Pcca,54,20
Sc2TiZn2O5_id2187_E-5.18.cif,Sc2TiZn2O5,-5.1842,0.06,Semiconductor,P1,1,30
AlSnO_id1395_E-5.18.cif,AlSnO,-5.1838,1.48,Semiconductor,C222_1,20,24
CaPN2_id2050_E-5.18.cif,CaPN2,-5.1794,2.09,Semiconductor,I4_122,98,16
Li(SeN2)2_id4893_E-5.18.cif,Li(SeN2)2,-5.1781,1.468,Semiconductor,Fd-3m,227,56
LiSi(AsO)2_id1580_E-5.18.cif,LiSi(AsO)2,-5.1772,1.897,Semiconductor,I4_122,98,24
NaTiO6_id4392_E-5.17.cif,NaTiO6,-5.1685,0.438,Semiconductor,P-31c,163,16
Ga6C(N2O)3_id1609_E-5.16.cif,Ga6C(N2O)3,-5.1621,1.69,Semiconductor,R-3m,166,48
AlSi3S4_id4990_E-5.15.cif,AlSi3S4,-5.1522,2.254,Semiconductor,I-42m,121,16
Li5TiB4As4(S2O)2_id1472_E-5.14.cif,Li5TiB4As4(S2O)2,-5.137,1.489,Semiconductor,P4,75,20
Ba2O5_id470_E-5.13.cif,Ba2O5,-5.1331,2.638,Semiconductor,P4_2/mnm,136,14
SrInO6_id2700_E-5.13.cif,SrInO6,-5.1312,2.25,Semiconductor,P6_322,182,16
LiSiCS3O_id2311_E-5.13.cif,LiSiCS3O,-5.1283,2.331,Semiconductor,P6_4,172,42
Se2O3_id4600_E-5.13.cif,Se2O3,-5.1254,2.181,Semiconductor,Pbcn,60,20
SrZn2O4_id2433_E-5.12.cif,SrZn2O4,-5.1238,2.086,Semiconductor,Fd-3m,227,56
Sn2Se2SO5_id112_E-5.12.cif,Sn2Se2SO5,-5.1224,1.428,Semiconductor,Pccn,56,40
NaLiAsN2O5_id1181_E-5.10.cif,NaLiAsN2O5,-5.1041,1.981,Semiconductor,P6_3,173,60
BaLiO4_id456_E-5.10.cif,BaLiO4,-5.1015,3.261,Semiconductor,Pban,50,12
Sc_id4332_E-5.10.cif,Sc,-5.1004,2.069,Semiconductor,P4_2/mbc,135,56
Te(NO)3_id1634_E-5.10.cif,Te(NO)3,-5.0951,0.596,Semiconductor,P6_4,172,21
Si_id3879_E-5.09.cif,Si,-5.0862,2.324,Semiconductor,Cmce,64,28
K4GeO4_id4357_E-5.08.cif,K4GeO4,-5.0826,2.667,Semiconductor,P-42_1c,114,18
MgGeO2_id2199_E-5.08.cif,MgGeO2,-5.0812,1.599,Semiconductor,I4_122,98,16
CdIn2O4_id1571_E-5.07.cif,CdIn2O4,-5.0671,0.439,Semiconductor,Pban,50,14
Li2Ge2O3_id717_E-5.06.cif,Li2Ge2O3,-5.0581,1.238,Semiconductor,Pbcn,60,28
BaSiS2_id3489_E-5.05.cif,BaSiS2,-5.0485,2.064,Semiconductor,I4_1/amd,141,16
BaMgGeO3_id3446_E-5.05.cif,BaMgGeO3,-5.0464,2.015,Semiconductor,Amm2,38,12
Li2TiSi2BO15_id1764_E-5.05.cif,Li2TiSi2BO15,-5.0458,1.091,Semiconductor,Pc,7,42
ScO6_id4241_E-5.04.cif,ScO6,-5.0423,2.563,Semiconductor,P6/mmm,191,21
P_id2096_E-5.04.cif,P,-5.0421,1.508,Semiconductor,P-43n,218,24
Be3BO8_id3475_E-5.04.cif,Be3BO8,-5.0358,1.716,Semiconductor,I-42d,122,48
ScGeBSbO10_id4619_E-5.03.cif,ScGeBSbO10,-5.0341,2.532,Semiconductor,P2_1/m,11,28
NaSbO2_id4449_E-5.03.cif,NaSbO2,-5.0302,1.711,Semiconductor,I4_122,98,16
LiSiS2_id3483_E-5.03.cif,LiSiS2,-5.029,2.348,Semiconductor,I-42m,121,16
KSrO8_id2022_E-5.02.cif,KSrO8,-5.02,0.921,Semiconductor,P4/nbm,125,20
Si2B9_id4616_E-5.02.cif,Si2B9,-5.0158,2.3,Semiconductor,P4bm,100,44
LiAsO4_id4673_E-5.01.cif,LiAsO4,-5.0145,2.646,Semiconductor,I4_122,98,24
KB2SeSO_id4407_E-5.01.cif,KB2SeSO,-5.0138,2.69,Semiconductor,Pca2_1,29,24
Ca2O7_id1291_E-5.01.cif,Ca2O7,-5.0118,1.333,Semiconductor,P4_2cm,101,36
TeS2O3_id1782_E-5.01.cif,TeS2O3,-5.0095,2.441,Semiconductor,Aea2,41,24
LiSc7O10_id3876_E-5.01.cif,LiSc7O10,-5.0092,1.437,Semiconductor,P2/c,13,36
SbPSe2S2(NO2)3_id2648_E-5.01.cif,SbPSe2S2(NO2)3,-5.0092,2.12,Semiconductor,P2/c,13,60
BeAl(GaO3)2_id3292_E-5.01.cif,BeAl(GaO3)2,-5.0089,2.502,Semiconductor,P-42c,112,40
B(AsO)12_id4886_E-5.01.cif,B(AsO)12,-5.0086,0.708,Semiconductor,I432,211,50
InO_id4528_E-5.01.cif,InO,-5.008,0.615,Semiconductor,P4_2/ncm,138,8
ZnSn2BO4_id335_E-5.01.cif,ZnSn2BO4,-5.0064,1.656,Semiconductor,P-42c,112,16
BaTeN3_id2796_E-5.00.cif,BaTeN3,-5.0011,0.436,Semiconductor,R-3,148,30
Sn2O_id3913_E-5.00.cif,Sn2O,-4.9975,0.546,Semiconductor,Pbcn,60,12
Li3(SbO6)2_id1948_E-4.99.cif,Li3(SbO6)2,-4.9924,1.722,Semiconductor,P6/mcc,192,34
Li2Ga2Si3(SO3)2_id1380_E-4.99.cif,Li2Ga2Si3(SO3)2,-4.9911,1.941,Semiconductor,C2/m,12,30
Ba2GeC2SN3O4_id4838_E-4.99.cif,Ba2GeC2SN3O4,-4.988,1.971,Semiconductor,P2/m,10,13
BaInO6_id2991_E-4.99.cif,BaInO6,-4.9873,2.006,Semiconductor,P6_322,182,16
K2NaIn3O6_id1636_E-4.99.cif,K2NaIn3O6,-4.9863,1.604,Semiconductor,P-3c1,165,24
Ti2GaO_id2076_E-4.97.cif,Ti2GaO,-4.9749,1.509,Semiconductor,Pmmn,59,8
SrSiP4_id16_E-4.97.cif,SrSiP4,-4.9736,1.02,Semiconductor,I4_1/a,88,24
Mg2Be3N2_id4913_E-4.97.cif,Mg2Be3N2,-4.9728,0.073,Semiconductor,R-3m,166,21
Li8Si2S2NO8_id1920_E-4.97.cif,Li8Si2S2NO8,-4.972,0.467,Semiconductor,P2_1/c,14,42
As2O_id859_E-4.96.cif,As2O,-4.9639,0.218,Semiconductor,Pbcn,60,12
K2(SnO2)3_id831_E-4.96.cif,K2(SnO2)3,-4.9636,0.328,Semiconductor,P-31c,163,22
NaSrO12_id4289_E-4.96.cif,NaSrO12,-4.9634,2.559,Semiconductor,P-31c,163,28
In3SbO4_id2594_E-4.96.cif,In3SbO4,-4.9597,0.255,Semiconductor,P4_2/m,84,16
Sr2CSeO2_id3510_E-4.96.cif,Sr2CSeO2,-4.9568,1.801,Semiconductor,C222,21,12
Si2GeAs2(PO)2_id3149_E-4.96.cif,Si2GeAs2(PO)2,-4.9561,0.971,Semiconductor,P4_2mc,105,18
SrGaSiPN4O13_id802_E-4.95.cif,SrGaSiPN4O13,-4.9526,2.466,Semiconductor,P2_1,4,42
NaBe(GaO2)2_id1378_E-4.95.cif,NaBe(GaO2)2,-4.952,1.681,Semiconductor,P6_422,181,24
Mg(P3O)2_id3865_E-4.95.cif,Mg(P3O)2,-4.95,1.364,Semiconductor,P4_2/mnm,136,18
Si_id1497_E-4.94.cif,Si,-4.9387,0.84,Semiconductor,I4_1/a,88,20
Si_id2894_E-4.92.cif,Si,-4.9204,0.251,Semiconductor,I-43d,220,28
LiB2P_id4348_E-4.92.cif,LiB2P,-4.9186,1.557,Semiconductor,I4_1/amd,141,16
Li2CaPO2_id3414_E-4.91.cif,Li2CaPO2,-4.9076,3.688,Insulator,Cmcm,63,24
Ba2S3_id2773_E-4.90.cif,Ba2S3,-4.9047,2.058,Semiconductor,Pn-3m,224,10
BaSnS2_id225_E-4.90.cif,BaSnS2,-4.9016,0.738,Semiconductor,I4_122,98,16
CaP2_id4381_E-4.90.cif,CaP2,-4.9011,1.42,Semiconductor,P4_332,212,12
Ba2GeS3O5_id1301_E-4.90.cif,Ba2GeS3O5,-4.8994,1.215,Semiconductor,P2_1/c,14,44
BePSeN_id3152_E-4.89.cif,BePSeN,-4.8863,1.466,Semiconductor,Pca2_1,29,16
KGa2AsO8_id4773_E-4.88.cif,KGa2AsO8,-4.8821,2.434,Semiconductor,I-42m,121,24
As2SN3O2_id3448_E-4.88.cif,As2SN3O2,-4.8776,0.65,Semiconductor,P3_121,152,24
LiBeZnO2_id2357_E-4.88.cif,LiBeZnO2,-4.8774,2.966,Semiconductor,Ibam,72,40
LiMg2O6_id4967_E-4.88.cif,LiMg2O6,-4.877,2.143,Semiconductor,P-3c1,165,18
NaZn(As3O2)2_id1805_E-4.87.cif,NaZn(As3O2)2,-4.8744,1.191,Semiconductor,I4mm,107,24
In(TeO2)4_id1744_E-4.87.cif,In(TeO2)4,-4.8707,2.12,Semiconductor,P-42_1c,114,26
Si2As4P11_id2059_E-4.87.cif,Si2As4P11,-4.8664,1.13,Semiconductor,P2_12_12,18,34
O2_id3508_E-4.86.cif,O2,-4.8618,1.114,Semiconductor,Pbca,61,16
KNaCaO6_id3504_E-4.86.cif,KNaCaO6,-4.8592,3.693,Insulator,P-31c,163,18
SiGeP9_id1205_E-4.86.cif,SiGeP9,-4.859,0.555,Semiconductor,C222_1,20,44
BaCdO12_id3665_E-4.85.cif,BaCdO12,-4.8502,0.097,Semiconductor,P6_322,182,28
KMg2Be6InGa6(GeO9)2_id799_E-4.84.cif,KMg2Be6InGa6(GeO9)2,-4.8436,2.063,Semiconductor,P321,150,36
TiSe3S4_id4541_E-4.84.cif,TiSe3S4,-4.8398,0.566,Semiconductor,I4cm,108,32
LiCaB(NO8)2_id3690_E-4.84.cif,LiCaB(NO8)2,-4.8385,0.512,Semiconductor,P2_1,4,42
CaZnO2_id3776_E-4.83.cif,CaZnO2,-4.8284,2.321,Semiconductor,I4_122,98,16
Na2Ca3NO6_id103_E-4.82.cif,Na2Ca3NO6,-4.8221,1.117,Semiconductor,P2,3,12
SiP2_id3936_E-4.82.cif,SiP2,-4.8215,0.906,Semiconductor,P6_522,179,18
KSbO6_id3539_E-4.82.cif,KSbO6,-4.8196,2.608,Semiconductor,P6_322,182,16
Si5S4_id2788_E-4.82.cif,Si5S4,-4.8172,0.613,Semiconductor,I4_1/a,88,36
GeP_id275_E-4.81.cif,GeP,-4.8095,2.465,Semiconductor,P4_132,213,16
Li5SnN4_id4174_E-4.80.cif,Li5SnN4,-4.8018,2.359,Semiconductor,Ibam,72,40
Mg3Sc8C5_id4479_E-4.80.cif,Mg3Sc8C5,-4.7987,1.635,Semiconductor,P4_2/nnm,134,32
GaBN2_id3536_E-4.80.cif,GaBN2,-4.7961,1.455,Semiconductor,I4_122,98,16
Ca2O5_id3224_E-4.79.cif,Ca2O5,-4.7945,0.241,Semiconductor,Pccn,56,28
Li6Ga6O13_id3125_E-4.78.cif,Li6Ga6O13,-4.7836,0.874,Semiconductor,Pm-3,200,25
KO6_id4024_E-4.78.cif,KO6,-4.7802,2.949,Semiconductor,P6_322,182,14
SrCaO6_id815_E-4.78.cif,SrCaO6,-4.7793,2.644,Semiconductor,P4_2/nbc,133,32
KBaO6_id4950_E-4.78.cif,KBaO6,-4.7786,0.757,Semiconductor,P-31c,163,16
S2O_id4409_E-4.78.cif,S2O,-4.7758,3.226,Semiconductor,Pba2,32,24
ScSiTeP3S_id210_E-4.77.cif,ScSiTeP3S,-4.7725,2.384,Semiconductor,Pca2_1,29,28
ScSeS6_id2596_E-4.77.cif,ScSeS6,-4.7694,1.227,Semiconductor,Cmc2_1,36,32
TiAlSi2O17_id1976_E-4.77.cif,TiAlSi2O17,-4.7673,1.156,Semiconductor,P2_1,4,42
SnAsO_id1114_E-4.76.cif,SnAsO,-4.7617,0.105,Semiconductor,P4_2/ncm,138,12
KSn(SO)4_id3065_E-4.76.cif,KSn(SO)4,-4.7605,1.411,Semiconductor,P4/nbm,125,20
PS2_id3334_E-4.76.cif,PS2,-4.7578,1.844,Semiconductor,Pbca,61,24
Ge2S3_id4543_E-4.75.cif,Ge2S3,-4.749,1.203,Semiconductor,Pccn,56,20
BaNO6_id3855_E-4.74.cif,BaNO6,-4.7441,3.767,Insulator,P6_322,182,16
Sc2GaSb2_id4711_E-4.74.cif,Sc2GaSb2,-4.7441,0.651,Semiconductor,P4/mnc,128,20
KSnO6_id4916_E-4.73.cif,KSnO6,-4.7261,3.474,Semiconductor,P-31c,163,16
K4Mg3SbO6_id1849_E-4.72.cif,K4Mg3SbO6,-4.7226,1.521,Semiconductor,Im-3m,229,28
NaLiBeBPO16_id4297_E-4.72.cif,NaLiBeBPO16,-4.7202,2.61,Semiconductor,P1,1,21
KLiN4O15_id528_E-4.72.cif,KLiN4O15,-4.72,0.075,Semiconductor,P2_1,4,42
BP12_id2597_E-4.71.cif,BP12,-4.7125,2.993,Semiconductor,I432,211,26
SrInO8_id3994_E-4.71.cif,SrInO8,-4.7073,1.384,Semiconductor,Fm-3m,225,40
SO5_id2280_E-4.71.cif,SO5,-4.706,1.788,Semiconductor,Cmc2_1,36,24
BaO6_id2225_E-4.70.cif,BaO6,-4.7026,3.666,Insulator,P6/mmm,191,7
Ba2O3_id1987_E-4.70.cif,Ba2O3,-4.7019,2.667,Semiconductor,P6_522,179,30
KTiAlZnGaSiO15_id1892_E-4.70.cif,KTiAlZnGaSiO15,-4.6976,1.008,Semiconductor,P1,1,42
Li4TeAsO4_id2191_E-4.70.cif,Li4TeAsO4,-4.6952,2.657,Semiconductor,Pnn2,34,20
Ba2O3_id3551_E-4.69.cif,Ba2O3,-4.6894,0.745,Semiconductor,P-1,2,10
BaInS2_id4776_E-4.69.cif,BaInS2,-4.6889,1.744,Semiconductor,R-3m,166,12
Na2TeO5_id4710_E-4.68.cif,Na2TeO5,-4.6848,2.361,Semiconductor,P31m,157,8
KMgGaO12_id1832_E-4.68.cif,KMgGaO12,-4.6783,2.549,Semiconductor,I222,23,30
NaInO8_id4396_E-4.68.cif,NaInO8,-4.6767,0.7,Semiconductor,I-42d,122,40
K5(SeO2)4_id108_E-4.67.cif,K5(SeO2)4,-4.6729,0.285,Semiconductor,P4_2/n,86,34
K2Ba2In3SbP2(SeO3)4_id3150_E-4.67.cif,K2Ba2In3SbP2(SeO3)4,-4.6721,0.383,Semiconductor,P-1,2,26
K2SiBS8_id2005_E-4.66.cif,K2SiBS8,-4.6634,2.131,Semiconductor,I-42m,121,24
AlSi3Se3S_id453_E-4.66.cif,AlSi3Se3S,-4.6614,0.3,Semiconductor,P6_3mc,186,16
Li2Sb2O7_id1834_E-4.66.cif,Li2Sb2O7,-4.6583,1.923,Semiconductor,Pba2,32,22
NaLi6MgO12_id1369_E-4.65.cif,NaLi6MgO12,-4.653,3.531,Insulator,R-3,148,60
KSnO6_id240_E-4.65.cif,KSnO6,-4.6496,2.859,Semiconductor,P-31c,163,16
K3Sn3Te4As(SO2)4_id4427_E-4.65.cif,K3Sn3Te4As(SO2)4,-4.6478,0.805,Semiconductor,I222,23,46
BaS2_id853_E-4.64.cif,BaS2,-4.6435,1.632,Semiconductor,Pbca,61,24
PSe_id548_E-4.64.cif,PSe,-4.6416,1.219,Semiconductor,Pbca,61,16
Li4Be3N4_id519_E-4.64.cif,Li4Be3N4,-4.6391,2.199,Semiconductor,I-42d,122,44
BeSiSnSN_id812_E-4.64.cif,BeSiSnSN,-4.6353,0.472,Semiconductor,Pnma,62,20
NaCa3Zn2O6_id602_E-4.63.cif,NaCa3Zn2O6,-4.6308,1.677,Semiconductor,C222,21,24
CdGaO16_id4451_E-4.63.cif,CdGaO16,-4.6298,1.015,Semiconductor,Pban,50,36
Ca3Se4_id2353_E-4.63.cif,Ca3Se4,-4.6298,0.648,Semiconductor,I-43d,220,28
TiZnGa2(SO)4_id4774_E-4.62.cif,TiZnGa2(SO)4,-4.6225,0.854,Semiconductor,P-42c,112,24
BaMgS2_id4183_E-4.62.cif,BaMgS2,-4.6168,2.167,Semiconductor,R-3m,166,12
BaO6_id752_E-4.62.cif,BaO6,-4.6157,1.925,Semiconductor,Pban,50,14
ZnGa3Ge2O15_id324_E-4.61.cif,ZnGa3Ge2O15,-4.6134,0.063,Semiconductor,P-31m,162,21
MgGeAsO_id2352_E-4.60.cif,MgGeAsO,-4.6006,0.454,Semiconductor,Pbca,61,32
K(TeO3)2_id1232_E-4.60.cif,K(TeO3)2,-4.5991,3.623,Insulator,P-3,147,9
Li2TiGaP3_id4809_E-4.60.cif,Li2TiGaP3,-4.5987,0.955,Semiconductor,Pccm,49,14
K3Ga2SnB2(S2O)4_id4863_E-4.59.cif,K3Ga2SnB2(S2O)4,-4.5931,2.265,Semiconductor,I222,23,40
Ca3Se4_id3730_E-4.59.cif,Ca3Se4,-4.5927,0.951,Semiconductor,I-43d,220,28
K3NO3_id4233_E-4.59.cif,K3NO3,-4.5888,0.106,Semiconductor,P6_3/m,176,14
CdSbO4_id1945_E-4.58.cif,CdSbO4,-4.5823,2.782,Semiconductor,Pban,50,12
As2S_id636_E-4.58.cif,As2S,-4.5791,0.888,Semiconductor,P4_2/nnm,134,24
NaGeO2_id3961_E-4.58.cif,NaGeO2,-4.5756,1.096,Semiconductor,I4_122,98,16
GeAsP3_id650_E-4.57.cif,GeAsP3,-4.5732,0.93,Semiconductor,Pca2_1,29,20
Na3Li2ScZn2Si2Sn2(SeO13)2_id1889_E-4.57.cif,Na3Li2ScZn2Si2Sn2(SeO13)2,-4.5725,0.925,Semiconductor,P-1,2,40
K2BeP(SeO)4_id2975_E-4.57.cif,K2BeP(SeO)4,-4.5695,2.475,Semiconductor,I-42m,121,24
K2SrS2(NO2)2_id1394_E-4.57.cif,K2SrS2(NO2)2,-4.5687,0.075,Semiconductor,P-3m1,164,11
AlSiP2S_id685_E-4.57.cif,AlSiP2S,-4.5654,0.127,Semiconductor,P4_32_12,96,40
Li2Ti(Si2O7)2_id93_E-4.56.cif,Li2Ti(Si2O7)2,-4.5646,2.637,Semiconductor,Pc,7,42
BeSiGeAsPO16_id629_E-4.56.cif,BeSiGeAsPO16,-4.5641,0.777,Semiconductor,Pc,7,42
In2Ge2Se(SO3)2_id1518_E-4.56.cif,In2Ge2Se(SO3)2,-4.5611,1.744,Semiconductor,P-1,2,13
BeAl(SiAs)2_id1877_E-4.56.cif,BeAl(SiAs)2,-4.5608,0.71,Semiconductor,P6_222,180,18
KTiGeSbAsP(SO2)3_id539_E-4.56.cif,KTiGeSbAsP(SO2)3,-4.5559,0.983,Semiconductor,P3_1,144,45
Sc3(InSe6)2_id3603_E-4.55.cif,Sc3(InSe6)2,-4.5539,0.405,Semiconductor,P-31c,163,34
KLi2BSbTeO15_id4617_E-4.55.cif,KLi2BSbTeO15,-4.5528,0.111,Semiconductor,Pc,7,42
NaGa3Sb4O9_id3532_E-4.55.cif,NaGa3Sb4O9,-4.5526,1.871,Semiconductor,P6_3,173,34
KBaAsO4_id13_E-4.54.cif,KBaAsO4,-4.5387,0.755,Semiconductor,P4/nbm,125,14
Li(Sn2O9)2_id3696_E-4.54.cif,Li(Sn2O9)2,-4.5372,1.746,Semiconductor,P6/mcc,192,46
Li4GaAsNO12_id584_E-4.53.cif,Li4GaAsNO12,-4.5327,1.823,Semiconductor,I4,79,38
Si3Ge2_id3501_E-4.53.cif,Si3Ge2,-4.5297,0.108,Semiconductor,P4_132,213,20
Li2As3P8_id3012_E-4.53.cif,Li2As3P8,-4.5263,0.896,Semiconductor,Ccc2,37,52
InSnO10_id3778_E-4.52.cif,InSnO10,-4.5249,2.573,Semiconductor,I-42d,122,48
Ba(SeO)6_id914_E-4.52.cif,Ba(SeO)6,-4.5242,0.934,Semiconductor,P6/mmm,191,13
BO20_id4805_E-4.52.cif,BO20,-4.523,2.059,Semiconductor,Pc,7,42
Al2Ga(GeO)3_id3780_E-4.52.cif,Al2Ga(GeO)3,-4.5216,1.178,Semiconductor,P6mm,183,9
Ca3In(S2O)3_id222_E-4.52.cif,Ca3In(S2O)3,-4.5179,2.23,Semiconductor,P6_3/m,176,26
Sc3Al4O20_id4035_E-4.51.cif,Sc3Al4O20,-4.5145,2.627,Semiconductor,Pm-3m,221,54
Mg(TeO2)4_id484_E-4.51.cif,Mg(TeO2)4,-4.5124,0.61,Semiconductor,I4_1/a,88,52
LiP7O10_id2079_E-4.51.cif,LiP7O10,-4.5113,0.951,Semiconductor,P1,1,36
O2_id2984_E-4.51.cif,O2,-4.5079,1.078,Semiconductor,Aem2,39,40
TiTe4P4S5_id3966_E-4.50.cif,TiTe4P4S5,-4.5036,1.395,Semiconductor,P4bm,100,28
KNaGeSe2(SO)2_id4996_E-4.50.cif,KNaGeSe2(SO)2,-4.5001,1.518,Semiconductor,P3_221,154,27
Li2PNO14_id3111_E-4.49.cif,Li2PNO14,-4.4948,0.907,Semiconductor,P2,3,36
ZnInSi2B2P4O_id2814_E-4.49.cif,ZnInSi2B2P4O,-4.4925,2.011,Semiconductor,P4_32_12,96,44
K2Sr4O19_id2781_E-4.49.cif,K2Sr4O19,-4.4898,0.892,Semiconductor,P2,3,25
TiSbO23_id1546_E-4.49.cif,TiSbO23,-4.487,0.316,Semiconductor,P4/n,85,50
Li2O3_id654_E-4.49.cif,Li2O3,-4.4857,3.722,Insulator,Cmmm,65,20
TiO7_id2386_E-4.48.cif,TiO7,-4.4819,2.403,Semiconductor,P6_322,182,16
In2(CO)3_id3774_E-4.48.cif,In2(CO)3,-4.4815,1.167,Semiconductor,Pn-3m,224,16
NaZnGeSb2Te4(SeO4)4_id1071_E-4.48.cif,NaZnGeSb2Te4(SeO4)4,-4.4778,1.41,Semiconductor,I222,23,58
MgO6_id3588_E-4.48.cif,MgO6,-4.4767,0.114,Semiconductor,I4_1/a,88,28
Ca2(AsP)3_id4517_E-4.47.cif,Ca2(AsP)3,-4.4747,1.22,Semiconductor,R-3c,167,48
K2Si2O17_id1566_E-4.47.cif,K2Si2O17,-4.4747,0.894,Semiconductor,P2,3,21
KSnSb(TeO)4_id3323_E-4.47.cif,KSnSb(TeO)4,-4.4743,0.173,Semiconductor,I222,23,22
CaMg2PO2_id2693_E-4.47.cif,CaMg2PO2,-4.4739,0.709,Semiconductor,P1,1,24
K4GaB(P2O3)2_id4434_E-4.47.cif,K4GaB(P2O3)2,-4.4665,3.75,Insulator,P4/n,85,32
KCaBNO17_id2698_E-4.47.cif,KCaBNO17,-4.4651,0.701,Semiconductor,Pc,7,42
ScTiBe2Zn2B6CO2_id1590_E-4.46.cif,ScTiBe2Zn2B6CO2,-4.4649,2.158,Semiconductor,P4_322,95,60
Li2CdSn(GeS2)4_id726_E-4.46.cif,Li2CdSn(GeS2)4,-4.4618,1.63,Semiconductor,I-42m,121,32
Na(TeO2)2_id3073_E-4.46.cif,Na(TeO2)2,-4.4586,2.298,Semiconductor,P6/mmm,191,7
O2_id2362_E-4.45.cif,O2,-4.4547,1.073,Semiconductor,Pccn,56,20
BAs2P5S_id2517_E-4.45.cif,BAs2P5S,-4.4531,1.406,Semiconductor,Pccm,49,18
Al2InSe4_id3792_E-4.45.cif,Al2InSe4,-4.4499,1.737,Semiconductor,P-42m,111,7
NaGaN2_id882_E-4.45.cif,NaGaN2,-4.446,1.971,Semiconductor,I4_122,98,16
BaN2_id4315_E-4.44.cif,BaN2,-4.4428,1.082,Semiconductor,P6/mmm,191,9
As_id4028_E-4.44.cif,As,-4.441,0.139,Semiconductor,P4/nmm,129,4
Li2Mg2B6P3O2_id4378_E-4.44.cif,Li2Mg2B6P3O2,-4.4399,0.061,Semiconductor,R-3,148,45
KGeO7_id3015_E-4.44.cif,KGeO7,-4.4383,0.353,Semiconductor,P3_2,145,27
BaLi2TiSO7_id4094_E-4.44.cif,BaLi2TiSO7,-4.435,2.89,Semiconductor,P-1,2,24
O2_id1737_E-4.43.cif,O2,-4.4315,1.516,Semiconductor,Pbcn,60,12
AsS2_id4756_E-4.43.cif,AsS2,-4.4258,1.767,Semiconductor,Aea2,41,12
As_id2400_E-4.42.cif,As,-4.422,0.169,Semiconductor,P6_522,179,12
Sc2Be6Al6In3N5O6_id2530_E-4.42.cif,Sc2Be6Al6In3N5O6,-4.4204,1.857,Semiconductor,P6,168,28
Sr4CdN4_id2157_E-4.42.cif,Sr4CdN4,-4.4199,2.316,Semiconductor,P4_232,208,54
O2_id1393_E-4.42.cif,O2,-4.4173,1.102,Semiconductor,Pbca,61,16
O2_id1165_E-4.42.cif,O2,-4.4165,1.534,Semiconductor,P432,207,36
LiPO10_id738_E-4.41.cif,LiPO10,-4.4077,1.961,Semiconductor,P3_121,152,36
KLiAsO8_id4437_E-4.41.cif,KLiAsO8,-4.4065,0.417,Semiconductor,Pc,7,22
Li6InGaO12_id2725_E-4.40.cif,Li6InGaO12,-4.4035,2.476,Semiconductor,I-42m,121,40
KLiSe2O11_id4074_E-4.40.cif,KLiSe2O11,-4.4019,2.851,Semiconductor,Aea2,41,60
Na2Li2MgSnGeO28_id1612_E-4.40.cif,Na2Li2MgSnGeO28,-4.3999,3.553,Insulator,P-4,81,35
Li6Sc3Zn2O6_id1806_E-4.40.cif,Li6Sc3Zn2O6,-4.3979,2.92,Semiconductor,P6/mmm,191,34
MgGa2(SO)4_id1886_E-4.39.cif,MgGa2(SO)4,-4.3929,0.129,Semiconductor,P-42m,111,11
KSn(AsP)4_id2805_E-4.39.cif,KSn(AsP)4,-4.3913,1.048,Semiconductor,I4_1/a,88,40
LiSbAsSO_id4032_E-4.39.cif,LiSbAsSO,-4.391,1.995,Semiconductor,P4mm,99,10
Mg3Sc3SnO12_id2636_E-4.39.cif,Mg3Sc3SnO12,-4.3875,3.11,Semiconductor,P-43m,215,19
LiGa(SnS2)2_id4817_E-4.38.cif,LiGa(SnS2)2,-4.3805,1.405,Semiconductor,I-42d,122,32
BeIn(GaO)2_id2064_E-4.38.cif,BeIn(GaO)2,-4.3788,2.109,Semiconductor,P4_2/mmc,131,12
KSr3Se4O3_id4218_E-4.38.cif,KSr3Se4O3,-4.3773,2.068,Semiconductor,Pm-3n,223,22
SiO7_id714_E-4.37.cif,SiO7,-4.3706,2.875,Semiconductor,Pban,50,32
AlS_id28_E-4.37.cif,AlS,-4.3662,1.82,Semiconductor,P6_522,179,12
As2S_id2903_E-4.37.cif,As2S,-4.3656,0.095,Semiconductor,Pbcn,60,12
LiGaO3_id734_E-4.36.cif,LiGaO3,-4.3647,0.93,Semiconductor,R32,155,30
KNaTi2Zn2O2_id1828_E-4.36.cif,KNaTi2Zn2O2,-4.3627,0.907,Semiconductor,P-3m1,164,8
As5S4_id4266_E-4.36.cif,As5S4,-4.3603,1.52,Semiconductor,I4_1/a,88,36
Li3O4_id2536_E-4.36.cif,Li3O4,-4.3599,0.909,Semiconductor,Fm-3m,225,56
Li2As2N_id4973_E-4.36.cif,Li2As2N,-4.3586,0.841,Semiconductor,Pbcn,60,20
Ga2B2O25_id2878_E-4.36.cif,Ga2B2O25,-4.3559,1.035,Semiconductor,P2,3,58
Ca2O15_id1734_E-4.35.cif,Ca2O15,-4.3508,0.18,Semiconductor,P4/n,85,34
P2NO16_id915_E-4.35.cif,P2NO16,-4.3467,1.441,Semiconductor,P2/c,13,38
BaSeO19_id2998_E-4.35.cif,BaSeO19,-4.3456,0.081,Semiconductor,P1,1,21
O2_id2541_E-4.34.cif,O2,-4.3447,1.11,Semiconductor,Pba2,32,42
As5P3S5_id96_E-4.34.cif,As5P3S5,-4.343,1.362,Semiconductor,Pnn2,34,26
Li2As2PS2_id904_E-4.34.cif,Li2As2PS2,-4.3405,2.138,Semiconductor,Aea2,41,28
LiO13_id4210_E-4.33.cif,LiO13,-4.3345,0.634,Semiconductor,P4/n,85,28
MgS_id2791_E-4.33.cif,MgS,-4.3294,2.455,Semiconductor,P6_522,179,12
NaIn(SbO3)2_id2651_E-4.33.cif,NaIn(SbO3)2,-4.3282,2.601,Semiconductor,I4_1/a,88,40
Li2Be2Zn2O3_id3032_E-4.32.cif,Li2Be2Zn2O3,-4.3244,3.145,Semiconductor,Pccn,56,36
Li4MgZn3Cd4(BO2)4_id3408_E-4.32.cif,Li4MgZn3Cd4(BO2)4,-4.3239,2.187,Semiconductor,C222,21,48
Ge6P7_id4721_E-4.32.cif,Ge6P7,-4.3231,1.765,Semiconductor,P-42m,111,13
As_id2344_E-4.32.cif,As,-4.3179,0.33,Semiconductor,Pma2,28,16
SO3_id1865_E-4.31.cif,SO3,-4.3114,1.704,Semiconductor,P6_522,179,24
MgO6_id832_E-4.31.cif,MgO6,-4.3062,1.512,Semiconductor,Fd-3m,227,56
ZnO_id3306_E-4.30.cif,ZnO,-4.3028,2.651,Semiconductor,P4_2/ncm,138,8
Be2Si4Ge2N_id1537_E-4.30.cif,Be2Si4Ge2N,-4.2997,0.339,Semiconductor,Aea2,41,36
Zn(GaO2)2_id903_E-4.29.cif,Zn(GaO2)2,-4.2941,1.183,Semiconductor,Pnnn,48,14
CaAs2_id1167_E-4.29.cif,CaAs2,-4.2923,0.939,Semiconductor,P4_332,212,12
As_id632_E-4.29.cif,As,-4.291,0.1,Semiconductor,P-4c2,116,20
KGa4(AsO4)3_id3117_E-4.29.cif,KGa4(AsO4)3,-4.2896,2.944,Semiconductor,Im-3m,229,40
GaS2_id397_E-4.29.cif,GaS2,-4.2889,2.043,Semiconductor,Pccm,49,6
ScTiBe2PCO_id1839_E-4.29.cif,ScTiBe2PCO,-4.2883,2.26,Semiconductor,I4_1md,109,28
Si3Se4_id4181_E-4.29.cif,Si3Se4,-4.2869,0.18,Semiconductor,I-43d,220,28
Sb2O5_id1692_E-4.28.cif,Sb2O5,-4.2844,1.398,Semiconductor,Pba2,32,14
ZnSiPC_id2401_E-4.28.cif,ZnSiPC,-4.2833,1.141,Semiconductor,C222_1,20,32
As2SeS_id3760_E-4.28.cif,As2SeS,-4.2821,0.832,Semiconductor,I4_1/amd,141,16
SbAs6PS5_id2163_E-4.28.cif,SbAs6PS5,-4.2797,0.097,Semiconductor,P2_12_12_1,19,52
Li2O_id951_E-4.28.cif,Li2O,-4.2789,2.63,Semiconductor,C222,21,24
AsP2SO17_id4135_E-4.28.cif,AsP2SO17,-4.2788,1.071,Semiconductor,P1,1,42
ZnSbAsS2O_id4957_E-4.28.cif,ZnSbAsS2O,-4.2775,1.329,Semiconductor,Pca2_1,29,24
NaLi3In3Ge3PO15_id524_E-4.27.cif,NaLi3In3Ge3PO15,-4.2743,1.921,Semiconductor,P-6,174,26
Si3Sb3TeP_id3422_E-4.27.cif,Si3Sb3TeP,-4.2738,1.009,Semiconductor,R-3c,167,48
Li2CdO4_id1616_E-4.27.cif,Li2CdO4,-4.2677,1.498,Semiconductor,Pban,50,14
NaLi2GaO4_id3701_E-4.27.cif,NaLi2GaO4,-4.2662,2.538,Semiconductor,I-42d,122,32
NaAl(SO2)2_id2010_E-4.27.cif,NaAl(SO2)2,-4.2653,2.923,Semiconductor,I-42m,121,32
Li11O16_id2982_E-4.26.cif,Li11O16,-4.2615,0.316,Semiconductor,Pnn2,34,54
Zn3O4_id4005_E-4.26.cif,Zn3O4,-4.2611,1.258,Semiconductor,C222,21,14
ZnGa3Te2O3_id4609_E-4.26.cif,ZnGa3Te2O3,-4.2611,0.461,Semiconductor,P-62m,189,9
O2_id493_E-4.26.cif,O2,-4.259,1.082,Semiconductor,Pba2,32,30
Si2GeAsP2CSeS5_id2950_E-4.26.cif,Si2GeAsP2CSeS5,-4.2582,0.156,Semiconductor,P2_1,4,26
Na3Li2In8Sn3Se2(S2O9)2_id3431_E-4.26.cif,Na3Li2In8Sn3Se2(S2O9)2,-4.2568,1.381,Semiconductor,P-1,2,40
TeAsO_id4822_E-4.25.cif,TeAsO,-4.2521,0.283,Semiconductor,P3_221,154,9
InO25_id1355_E-4.25.cif,InO25,-4.2512,0.873,Semiconductor,Pma2,28,52
Na(SiSe2)2_id4320_E-4.25.cif,Na(SiSe2)2,-4.2485,2.513,Semiconductor,P-42m,111,7
GeO8_id311_E-4.24.cif,GeO8,-4.2436,3.047,Semiconductor,Fm-3m,225,36
ZnGa2SO13_id3925_E-4.24.cif,ZnGa2SO13,-4.2434,0.752,Semiconductor,P6_322,182,34
SrGeTe2S_id898_E-4.24.cif,SrGeTe2S,-4.2429,1.28,Semiconductor,Ibca,73,40
K2ScSn3(TeN)4_id1620_E-4.24.cif,K2ScSn3(TeN)4,-4.2429,1.558,Semiconductor,P6_3/mcm,193,28
Mg4O5_id2589_E-4.24.cif,Mg4O5,-4.238,3.96,Insulator,P-4c2,116,18
LiIn(SeO2)2_id4675_E-4.24.cif,LiIn(SeO2)2,-4.238,1.055,Semiconductor,Pban,50,16
As_id3744_E-4.24.cif,As,-4.2369,0.477,Semiconductor,P2_12_12_1,19,24
BaSiSn(SeS2)2_id1869_E-4.23.cif,BaSiSn(SeS2)2,-4.2334,1.866,Semiconductor,P-42_1m,113,18
SrGa6(B2N)3_id1467_E-4.23.cif,SrGa6(B2N)3,-4.2288,3.022,Semiconductor,Im-3,204,32
KGaAsSO_id2983_E-4.23.cif,KGaAsSO,-4.2267,1.087,Semiconductor,Pcc2,27,20
Ge4As3_id6_E-4.23.cif,Ge4As3,-4.2266,0.52,Semiconductor,I-42d,122,28
Ga(GeSe2)2_id2003_E-4.23.cif,Ga(GeSe2)2,-4.2253,0.675,Semiconductor,P-4n2,118,14
LiAl3Se4_id4975_E-4.22.cif,LiAl3Se4,-4.2241,0.937,Semiconductor,I-42d,122,32
Li4SnGeAsO4_id1952_E-4.22.cif,Li4SnGeAsO4,-4.2231,1.943,Semiconductor,Fmm2,42,44
Na2As(PO2)2_id3112_E-4.22.cif,Na2As(PO2)2,-4.2226,1.613,Semiconductor,Pban,50,18
AlInSiGe2AsSe2S13_id486_E-4.22.cif,AlInSiGe2AsSe2S13,-4.2212,1.951,Semiconductor,P2_1,4,42
Li2Ti2SiO21_id2058_E-4.22.cif,Li2Ti2SiO21,-4.2204,1.371,Semiconductor,C2,5,52
Li2ScTe3N_id130_E-4.22.cif,Li2ScTe3N,-4.2174,1.396,Semiconductor,P2_1/m,11,14
K3Li2CaCd2In2B2P4(SeO11)2_id4780_E-4.21.cif,K3Li2CaCd2In2B2P4(SeO11)2,-4.2148,1.211,Semiconductor,P1,1,40
LiGe(AsP)2_id4534_E-4.21.cif,LiGe(AsP)2,-4.2139,1.082,Semiconductor,I4_122,98,24
PSeS6_id863_E-4.21.cif,PSeS6,-4.2136,1.803,Semiconductor,Pba2,32,16
LiAsO2_id4455_E-4.21.cif,LiAsO2,-4.2131,1.538,Semiconductor,I4_122,98,16
BaZn4SbO4_id1448_E-4.21.cif,BaZn4SbO4,-4.2118,1.008,Semiconductor,I4_1/a,88,40
Se(SO)2_id169_E-4.21.cif,Se(SO)2,-4.2102,2.647,Semiconductor,P3_221,154,15
K4BaO18_id520_E-4.21.cif,K4BaO18,-4.2083,3.522,Insulator,P6/mmm,191,23
BaNaCaO9_id3836_E-4.21.cif,BaNaCaO9,-4.2082,1.659,Semiconductor,P2_1/m,11,24
BaPO8_id170_E-4.21.cif,BaPO8,-4.2063,1.347,Semiconductor,P2,3,20
NaSbS2_id4904_E-4.21.cif,NaSbS2,-4.2062,0.083,Semiconductor,I4_122,98,16
AsSeS_id4750_E-4.20.cif,AsSeS,-4.2049,1.429,Semiconductor,Pcc2,27,12
MgZn2O8_id1460_E-4.20.cif,MgZn2O8,-4.2046,1.596,Semiconductor,I422,97,22
Ca3O8_id981_E-4.20.cif,Ca3O8,-4.2001,1.836,Semiconductor,Pm-3m,221,44
SiGe(TeSe)2_id3967_E-4.20.cif,SiGe(TeSe)2,-4.1973,1.129,Semiconductor,P-42_1m,113,12
SiAs5P3Se_id488_E-4.19.cif,SiAs5P3Se,-4.194,0.263,Semiconductor,Pca2_1,29,40
PO_id3068_E-4.19.cif,PO,-4.1924,0.908,Semiconductor,P4_3,78,16
LiS4_id3898_E-4.19.cif,LiS4,-4.19,2.184,Semiconductor,P-1,2,10
SrLi(AsO4)2_id1625_E-4.19.cif,SrLi(AsO4)2,-4.1876,3.707,Insulator,P-3m1,164,12
O2_id2385_E-4.19.cif,O2,-4.1859,3.338,Semiconductor,C222_1,20,24
InO6_id4757_E-4.19.cif,InO6,-4.1856,0.63,Semiconductor,P6/mmm,191,7
Li4O3_id3746_E-4.18.cif,Li4O3,-4.1797,3.226,Semiconductor,Fm-3m,225,56
Li11(NO2)4_id2821_E-4.18.cif,Li11(NO2)4,-4.1786,3.186,Semiconductor,C222,21,46
K5In3(Se2O7)2_id895_E-4.18.cif,K5In3(Se2O7)2,-4.1775,0.919,Semiconductor,P-1,2,26
LiSiAs3PO_id564_E-4.18.cif,LiSiAs3PO,-4.1751,0.806,Semiconductor,P6_522,179,42
Al2Zn2GeS4_id2266_E-4.17.cif,Al2Zn2GeS4,-4.173,1.51,Semiconductor,P-42m,111,9
ScTeSe2_id3982_E-4.17.cif,ScTeSe2,-4.1729,1.518,Semiconductor,Pca2_1,29,16
GaP2_id3094_E-4.17.cif,GaP2,-4.1723,1.465,Semiconductor,P4_122,91,12
NaLi4Ca2(PO8)2_id3215_E-4.17.cif,NaLi4Ca2(PO8)2,-4.1676,2.309,Semiconductor,Pnn2,34,50
LiAs3(SeS)3_id2957_E-4.17.cif,LiAs3(SeS)3,-4.1676,1.237,Semiconductor,P31c,159,20
BaSnO20_id3118_E-4.16.cif,BaSnO20,-4.1623,0.876,Semiconductor,P-3,147,22
Ti2BeC_id2542_E-4.16.cif,Ti2BeC,-4.162,1.747,Semiconductor,P4_2bc,106,32
Sr2SbS2_id617_E-4.16.cif,Sr2SbS2,-4.1619,1.237,Semiconductor,R-3m,166,15
Ba2O13_id74_E-4.16.cif,Ba2O13,-4.1617,0.525,Semiconductor,Pn-3,201,30
SiSb_id2244_E-4.16.cif,SiSb,-4.1573,0.604,Semiconductor,P4_132,213,16
LiTiO8_id4307_E-4.15.cif,LiTiO8,-4.155,1.736,Semiconductor,Pnma,62,40
B(TeO3)2_id2838_E-4.15.cif,B(TeO3)2,-4.1539,0.196,Semiconductor,Aea2,41,36
Si_id3579_E-4.15.cif,Si,-4.151,0.464,Semiconductor,Cmce,64,36
NaLi4GaAsO2_id1697_E-4.15.cif,NaLi4GaAsO2,-4.1483,1.909,Semiconductor,I222,23,18
BaSbAs2P_id83_E-4.15.cif,BaSbAs2P,-4.1452,1.052,Semiconductor,P4_322,95,20
BaNa(AsO4)2_id3204_E-4.14.cif,BaNa(AsO4)2,-4.1439,3.009,Semiconductor,P-3m1,164,12
O2_id3311_E-4.14.cif,O2,-4.1405,0.169,Semiconductor,Pba2,32,36
BeGeAsP4_id1939_E-4.14.cif,BeGeAsP4,-4.1404,0.34,Semiconductor,Pca2_1,29,28
Zn(SiO9)2_id2869_E-4.14.cif,Zn(SiO9)2,-4.1396,1.456,Semiconductor,P2_1,4,42
AlInSi8_id1733_E-4.14.cif,AlInSi8,-4.1371,0.565,Semiconductor,I422,97,20
NaGaO_id1011_E-4.14.cif,NaGaO,-4.1353,0.463,Semiconductor,Pca2_1,29,12
Al(GaSi2)2_id491_E-4.13.cif,Al(GaSi2)2,-4.1346,0.934,Semiconductor,I4/mmm,139,14
Si4BSe12_id1391_E-4.12.cif,Si4BSe12,-4.1217,0.178,Semiconductor,I432,211,34
LiAs3P_id4889_E-4.12.cif,LiAs3P,-4.1213,1.028,Semiconductor,Aea2,41,40
Mg8Ga4N9_id2302_E-4.12.cif,Mg8Ga4N9,-4.1213,1.851,Semiconductor,P-42_1c,114,42
GeTe3AsS8_id117_E-4.12.cif,GeTe3AsS8,-4.1212,0.278,Semiconductor,P-3m1,164,13
BaGe2As5_id2203_E-4.12.cif,BaGe2As5,-4.1211,0.794,Semiconductor,I-42d,122,32
NaO13_id4859_E-4.12.cif,NaO13,-4.1184,1.059,Semiconductor,Pm,6,28
Ba2P2Se_id1026_E-4.11.cif,Ba2P2Se,-4.1134,0.416,Semiconductor,P2/m,10,5
K4Ti(SeO)2_id4403_E-4.11.cif,K4Ti(SeO)2,-4.1112,1.873,Semiconductor,R32,155,27
Li3Zn2O4_id401_E-4.11.cif,Li3Zn2O4,-4.1091,1.658,Semiconductor,P-42_1m,113,18
AlPS_id3689_E-4.11.cif,AlPS,-4.1081,0.229,Semiconductor,Pca2_1,29,12
LiS4_id2176_E-4.11.cif,LiS4,-4.108,2.543,Semiconductor,P4_22_12,94,20
KLiO19_id3814_E-4.10.cif,KLiO19,-4.1049,1.254,Semiconductor,Pc,7,42
Ba3Li2(SeS)2_id987_E-4.10.cif,Ba3Li2(SeS)2,-4.1004,1.809,Semiconductor,Cmc2_1,36,36
InSeO2_id1558_E-4.10.cif,InSeO2,-4.0983,2.054,Semiconductor,P4_2/ncm,138,16
ZnO_id370_E-4.10.cif,ZnO,-4.0982,1.262,Semiconductor,P6_522,179,12
In(GaSe2)2_id1261_E-4.10.cif,In(GaSe2)2,-4.0973,0.761,Semiconductor,P-42m,111,7
Li4MgZn6(SiO4)3_id2313_E-4.10.cif,Li4MgZn6(SiO4)3,-4.0961,2.916,Semiconductor,I432,211,52
Sn2Se9S15O4_id1106_E-4.09.cif,Sn2Se9S15O4,-4.0938,1.205,Semiconductor,C2,5,60
CaZn(P3O)2_id2792_E-4.09.cif,CaZn(P3O)2,-4.0929,0.838,Semiconductor,R-3,148,30
SbNO19_id4569_E-4.09.cif,SbNO19,-4.0928,0.123,Semiconductor,P2_1,4,42
K4O17_id1166_E-4.09.cif,K4O17,-4.0923,1.042,Semiconductor,Pc,7,42
TeS3O_id2382_E-4.09.cif,TeS3O,-4.0908,0.85,Semiconductor,P3_221,154,15
Ba5InGa(SiO2)4_id252_E-4.09.cif,Ba5InGa(SiO2)4,-4.0881,0.184,Semiconductor,I-4m2,119,38
NaGa2As(SO)2_id3915_E-4.09.cif,NaGa2As(SO)2,-4.0855,0.17,Semiconductor,I4_1/amd,141,32
InS2_id4861_E-4.08.cif,InS2,-4.0839,1.349,Semiconductor,Pban,50,12
KCaSb2O5_id3777_E-4.08.cif,KCaSb2O5,-4.0824,2.532,Semiconductor,P-3m1,164,9
MgCdO4_id3019_E-4.08.cif,MgCdO4,-4.0815,0.38,Semiconductor,I4_1/a,88,24
TePSe_id1859_E-4.08.cif,TePSe,-4.0796,0.778,Semiconductor,P4/m,83,12
KCaO26_id1684_E-4.08.cif,KCaO26,-4.0786,0.787,Semiconductor,P4/n,85,56
S_id143_E-4.07.cif,S,-4.0735,2.014,Semiconductor,P4/m,83,8
Mg2Sc5(GeTe)2_id2963_E-4.07.cif,Mg2Sc5(GeTe)2,-4.0728,0.089,Semiconductor,P4_322,95,44
Li2SiBN2_id1965_E-4.07.cif,Li2SiBN2,-4.0717,0.38,Semiconductor,Pca2_1,29,24
BeSe_id1727_E-4.07.cif,BeSe,-4.0706,0.734,Semiconductor,Pbca,61,16
S_id2989_E-4.07.cif,S,-4.0706,0.18,Semiconductor,Pbca,61,16
AsSe2_id4236_E-4.07.cif,AsSe2,-4.0653,0.928,Semiconductor,Pn-3m,224,6
BaGaTeSO_id692_E-4.06.cif,BaGaTeSO,-4.0648,1.267,Semiconductor,Pnma,62,20
K2ScCd3(NO2)3_id3908_E-4.06.cif,K2ScCd3(NO2)3,-4.0615,1.564,Semiconductor,P-3c1,165,60
O2_id3023_E-4.06.cif,O2,-4.0564,2.829,Semiconductor,Pba2,32,26
Na2Zn2Ge2O5_id1479_E-4.06.cif,Na2Zn2Ge2O5,-4.0563,1.513,Semiconductor,Pbcn,60,44
Li3Ti2O21_id4487_E-4.06.cif,Li3Ti2O21,-4.0557,0.512,Semiconductor,P1,1,52
GeO20_id1289_E-4.05.cif,GeO20,-4.0507,0.756,Semiconductor,P2_1,4,42
Li3As3SeS7_id4744_E-4.05.cif,Li3As3SeS7,-4.0503,1.569,Semiconductor,P3m1,156,14
Sb2TeAs_id2036_E-4.05.cif,Sb2TeAs,-4.0481,0.733,Semiconductor,P4/mbm,127,16
KInS2_id4189_E-4.05.cif,KInS2,-4.0477,2.015,Semiconductor,I4_122,98,16
InS2_id2218_E-4.05.cif,InS2,-4.0467,1.996,Semiconductor,Cmc2_1,36,12
Si5Te4_id4468_E-4.05.cif,Si5Te4,-4.0455,1.395,Semiconductor,I4_1/a,88,36
KNa2(TeO)3_id1536_E-4.04.cif,KNa2(TeO)3,-4.0444,0.316,Semiconductor,P31m,157,9
Li2Be4P7_id3398_E-4.04.cif,Li2Be4P7,-4.0429,1.426,Semiconductor,Ccc2,37,52
SbAsSe2_id2241_E-4.04.cif,SbAsSe2,-4.0412,0.553,Semiconductor,Cmcm,63,16
S_id4053_E-4.04.cif,S,-4.0406,0.713,Semiconductor,Pbca,61,16
In2AsS5_id1314_E-4.03.cif,In2AsS5,-4.033,1.711,Semiconductor,P6_4,172,24
NaS4_id3995_E-4.03.cif,NaS4,-4.033,3.244,Semiconductor,R-3m,166,15
LiAlSO_id2381_E-4.03.cif,LiAlSO,-4.0328,1.481,Semiconductor,Pca2_1,29,16
S_id2733_E-4.03.cif,S,-4.029,0.595,Semiconductor,Pba2,32,14
SiO27_id2471_E-4.03.cif,SiO27,-4.029,1.021,Semiconductor,P2,3,28
Li2Mg3Ti3Zn2P2Se4(SO3)2_id3239_E-4.03.cif,Li2Mg3Ti3Zn2P2Se4(SO3)2,-4.0284,1.275,Semiconductor,P-1,2,24
S_id2411_E-4.03.cif,S,-4.0263,0.68,Semiconductor,Pbca,61,16
Ba2AsPS2_id4185_E-4.03.cif,Ba2AsPS2,-4.0262,0.799,Semiconductor,P2/m,10,6
LiTeAsS3_id2920_E-4.02.cif,LiTeAsS3,-4.0242,1.279,Semiconductor,C222_1,20,48
Zn2Sn2O3_id2893_E-4.02.cif,Zn2Sn2O3,-4.0221,0.759,Semiconductor,Pbcn,60,28
Mg3AlZnTe4Se2(S2O)4_id3256_E-4.02.cif,Mg3AlZnTe4Se2(S2O)4,-4.0206,1.447,Semiconductor,Pnn2,34,46
LiZn3P3O4_id2560_E-4.02.cif,LiZn3P3O4,-4.0187,0.997,Semiconductor,Pm-3n,223,22
Ge(SeS2)2_id1270_E-4.02.cif,Ge(SeS2)2,-4.0176,1.675,Semiconductor,I-42d,122,28
Li3CaTe2(SeS2)3_id1543_E-4.02.cif,Li3CaTe2(SeS2)3,-4.0158,1.046,Semiconductor,R-3m,166,45
Ba2LiIn(SnO2)2_id4045_E-4.01.cif,Ba2LiIn(SnO2)2,-4.0114,1.473,Semiconductor,Ibam,72,40
KBaO4_id4245_E-4.01.cif,KBaO4,-4.0107,1.83,Semiconductor,Pban,50,24
Ga3TeS3_id3867_E-4.01.cif,Ga3TeS3,-4.0102,1.518,Semiconductor,P6_3mc,186,14
Li3ZnSiS8_id4231_E-4.00.cif,Li3ZnSiS8,-4.0048,0.341,Semiconductor,P-43m,215,13
NaO2_id4016_E-4.00.cif,NaO2,-4.0027,1.048,Semiconductor,I4_1/acd,142,48
NaSnP3_id3816_E-4.00.cif,NaSnP3,-4.0003,1.141,Semiconductor,Amm2,38,10
KScZnInTeSeS_id506_E-4.00.cif,KScZnInTeSeS,-3.9996,0.548,Semiconductor,P2_1/m,11,14
K4Ti4BeBN12_id725_E-4.00.cif,K4Ti4BeBN12,-3.9993,1.178,Semiconductor,P4/mcc,124,44
SbAs4_id928_E-4.00.cif,SbAs4,-3.9987,1.067,Semiconductor,Pca2_1,29,20
Na2MgAlZn2Se2(SO5)2_id4897_E-4.00.cif,Na2MgAlZn2Se2(SO5)2,-3.9965,2.729,Semiconductor,P3_121,152,60
S_id4047_E-3.99.cif,S,-3.9922,0.246,Semiconductor,Pbca,61,8
LiZnO5_id2607_E-3.99.cif,LiZnO5,-3.9921,2.447,Semiconductor,I4_1/a,88,56
SnSbAs2P2SeS5N_id2317_E-3.99.cif,SnSbAs2P2SeS5N,-3.9919,0.349,Semiconductor,P2/c,13,52
Li2Al(SbS2)2_id4258_E-3.99.cif,Li2Al(SbS2)2,-3.9914,0.688,Semiconductor,P4nc,104,36
Sb4TeS2_id4917_E-3.99.cif,Sb4TeS2,-3.9908,0.061,Semiconductor,I-42d,122,28
Li3Mg3CS3_id3460_E-3.99.cif,Li3Mg3CS3,-3.9894,2.599,Semiconductor,P6_3/m,176,20
LiAlSi6O13_id2417_E-3.99.cif,LiAlSi6O13,-3.9852,2.845,Semiconductor,P1,1,42
Ca3(NO3)2_id2697_E-3.98.cif,Ca3(NO3)2,-3.9804,0.561,Semiconductor,Cmce,64,44
K3Li2Cd2Ga3Sb6P6(SO2)6_id2784_E-3.98.cif,K3Li2Cd2Ga3Sb6P6(SO2)6,-3.9798,0.781,Semiconductor,P321,150,40
GaSe2_id2551_E-3.98.cif,GaSe2,-3.977,1.022,Semiconductor,P-42_1m,113,6
NO20_id780_E-3.97.cif,NO20,-3.973,0.408,Semiconductor,Pc,7,42
BAs12_id1703_E-3.97.cif,BAs12,-3.9712,1.549,Semiconductor,I432,211,26
ZnN3_id1302_E-3.97.cif,ZnN3,-3.9711,0.22,Semiconductor,Fm-3m,225,16
NaAsO48_id1527_E-3.97.cif,NaAsO48,-3.9695,0.195,Semiconductor,P-3,147,50
Sb_id1656_E-3.97.cif,Sb,-3.9678,0.171,Semiconductor,Ia-3,206,56
Na8GeP2S4(NO4)2_id2820_E-3.97.cif,Na8GeP2S4(NO4)2,-3.9672,2.439,Semiconductor,P1,1,50
TeAs2_id1874_E-3.97.cif,TeAs2,-3.9659,0.273,Semiconductor,I4_1/a,88,24
Li3ZnSiSe4_id1809_E-3.96.cif,Li3ZnSiSe4,-3.9607,1.891,Semiconductor,P-43m,215,9
TeO20_id2491_E-3.96.cif,TeO20,-3.9586,0.475,Semiconductor,Pc,7,42
Sb2TeAs2P_id95_E-3.96.cif,Sb2TeAs2P,-3.9552,0.379,Semiconductor,P2/c,13,12
MgAl4ZnSO10_id21_E-3.95.cif,MgAl4ZnSO10,-3.9504,2.657,Semiconductor,I4,79,34
CaZn3Si3P4_id407_E-3.95.cif,CaZn3Si3P4,-3.9456,0.16,Semiconductor,Pm-3n,223,22
K3ScN7_id4635_E-3.94.cif,K3ScN7,-3.9436,1.027,Semiconductor,Pm-3n,223,22
KZnSiO3_id3574_E-3.94.cif,KZnSiO3,-3.9426,2.024,Semiconductor,P3_221,154,18
Zn2O3_id1585_E-3.94.cif,Zn2O3,-3.9403,1.032,Semiconductor,Pbcn,60,20
Sc2O19_id677_E-3.94.cif,Sc2O19,-3.9396,1.539,Semiconductor,Pc,7,42
AlZn2GaBSbS3NO_id2030_E-3.94.cif,AlZn2GaBSbS3NO,-3.9381,1.206,Semiconductor,Cc,9,44
S_id1121_E-3.94.cif,S,-3.9378,1.992,Semiconductor,P23,195,12
CaMg2Se3S2_id1645_E-3.94.cif,CaMg2Se3S2,-3.9376,0.613,Semiconductor,C2,5,32
KGe3S3N_id3420_E-3.94.cif,KGe3S3N,-3.9364,1.402,Semiconductor,P2_1/m,11,16
Sn3Te4_id2694_E-3.93.cif,Sn3Te4,-3.9333,0.598,Semiconductor,P-42m,111,7
SiAsP2S7_id1552_E-3.93.cif,SiAsP2S7,-3.9331,0.21,Semiconductor,P2/m,10,11
S_id1838_E-3.93.cif,S,-3.9303,1.868,Semiconductor,P6_3cm,185,30
NaSeS5_id1012_E-3.93.cif,NaSeS5,-3.9284,0.789,Semiconductor,Cmc2_1,36,56
Na4SnSb4AsN4_id4620_E-3.93.cif,Na4SnSb4AsN4,-3.9274,0.528,Semiconductor,I4_1/a,88,56
SbTe2AsS3O_id2473_E-3.92.cif,SbTe2AsS3O,-3.9211,0.35,Semiconductor,Pnn2,34,32
KNa3Si3S4_id3829_E-3.92.cif,KNa3Si3S4,-3.9174,3.12,Semiconductor,Pm-3n,223,22
Li3ScSiO16_id856_E-3.91.cif,Li3ScSiO16,-3.9149,2.606,Semiconductor,Pc,7,42
Ga3GeS8_id2035_E-3.91.cif,Ga3GeS8,-3.9144,0.855,Semiconductor,I-42m,121,24
KS3_id2915_E-3.91.cif,KS3,-3.9137,2.372,Semiconductor,Pnma,62,16
MgSeO_id1044_E-3.91.cif,MgSeO,-3.9109,2.316,Semiconductor,P4_2/ncm,138,12
LiMgTiGaO_id576_E-3.91.cif,LiMgTiGaO,-3.9105,0.507,Semiconductor,Cmme,67,20
In2SnSe4_id3637_E-3.91.cif,In2SnSe4,-3.9078,0.111,Semiconductor,P-42_1c,114,14
TeAsS_id3763_E-3.91.cif,TeAsS,-3.9073,0.707,Semiconductor,P-1,2,6
K5O4_id1740_E-3.91.cif,K5O4,-3.9056,1.628,Semiconductor,I4/m,87,18
SnAs2O11_id3293_E-3.90.cif,SnAs2O11,-3.9048,2.555,Semiconductor,P1,1,28
NaS5_id3514_E-3.90.cif,NaS5,-3.9041,0.25,Semiconductor,P3_112,151,36
ScSe3_id1666_E-3.90.cif,ScSe3,-3.9024,1.771,Semiconductor,P4/mmm,123,16
Li4As2PS2_id67_E-3.90.cif,Li4As2PS2,-3.9012,1.301,Semiconductor,Pbcn,60,36
BeB30As_id647_E-3.90.cif,BeB30As,-3.9007,1.066,Semiconductor,P-6,174,32
Li12Ti4SiO3_id1788_E-3.90.cif,Li12Ti4SiO3,-3.8979,0.945,Semiconductor,P4_2/mcm,132,40
Zn2C2NO2_id2086_E-3.90.cif,Zn2C2NO2,-3.8971,1.138,Semiconductor,Pbcn,60,28
ZnO3_id2422_E-3.90.cif,ZnO3,-3.8969,1.698,Semiconductor,I4_1/a,88,32
KBa2SnGe2SO2_id957_E-3.90.cif,KBa2SnGe2SO2,-3.8957,0.853,Semiconductor,I4cm,108,36
NaLi6Te3P3(SN)3_id4452_E-3.90.cif,NaLi6Te3P3(SN)3,-3.8951,1.327,Semiconductor,P31c,159,38
NaIn3Te3O4_id2004_E-3.89.cif,NaIn3Te3O4,-3.8922,0.065,Semiconductor,Pm-3n,223,22
NaS3_id3823_E-3.89.cif,NaS3,-3.8915,1.757,Semiconductor,Cmcm,63,16
Li4AsS6_id3360_E-3.89.cif,Li4AsS6,-3.8912,1.631,Semiconductor,P-4n2,118,22
Sn5Ge3(TeAs)2_id2873_E-3.88.cif,Sn5Ge3(TeAs)2,-3.8807,0.204,Semiconductor,P2_12_12,18,24
K2SnO8_id1362_E-3.88.cif,K2SnO8,-3.8807,0.915,Semiconductor,P-31m,162,22
GaSi2GeO4_id3095_E-3.88.cif,GaSi2GeO4,-3.8805,1.135,Semiconductor,P3_121,152,24
KS2_id2294_E-3.88.cif,KS2,-3.8802,2.84,Semiconductor,Pnnn,48,24
Sb5TeSe2_id229_E-3.88.cif,Sb5TeSe2,-3.8787,0.929,Semiconductor,I-42d,122,32
MgTiZnSn(TeS)2_id1331_E-3.88.cif,MgTiZnSn(TeS)2,-3.8783,0.63,Semiconductor,Pmmn,59,16
Sr3Ca5TiCNO10_id3640_E-3.88.cif,Sr3Ca5TiCNO10,-3.878,2.873,Semiconductor,P2_1,4,42
InSe2_id147_E-3.88.cif,InSe2,-3.8773,1.12,Semiconductor,P-42_1m,113,6
K2N4O13_id1629_E-3.88.cif,K2N4O13,-3.8756,0.066,Semiconductor,Pnnm,58,38
InSe2S3_id398_E-3.87.cif,InSe2S3,-3.8734,0.409,Semiconductor,Aea2,41,48
KLi2Te2(SeO)4_id3354_E-3.87.cif,KLi2Te2(SeO)4,-3.8725,1.532,Semiconductor,I222,23,26
GeTe2_id3280_E-3.87.cif,GeTe2,-3.8718,0.193,Semiconductor,P3_221,154,9
BaCa(PO)2_id4428_E-3.87.cif,BaCa(PO)2,-3.8713,1.969,Semiconductor,I4_1/amd,141,24
LiCaAlZn5O4_id761_E-3.87.cif,LiCaAlZn5O4,-3.8704,0.529,Semiconductor,I-4m2,119,24
AlTe2_id4791_E-3.87.cif,AlTe2,-3.8699,1.234,Semiconductor,P-42_1m,113,6
KO2_id3289_E-3.87.cif,KO2,-3.8698,0.104,Semiconductor,P6_522,179,18
Na4LiO5_id2981_E-3.87.cif,Na4LiO5,-3.8686,1.842,Semiconductor,Pnn2,34,40
In3(SeS)2_id515_E-3.87.cif,In3(SeS)2,-3.8667,1.926,Semiconductor,Cccm,66,28
LiCdS6_id2412_E-3.87.cif,LiCdS6,-3.8663,2.088,Semiconductor,P6_322,182,16
Li2Al2SiTe4_id2886_E-3.87.cif,Li2Al2SiTe4,-3.8651,1.099,Semiconductor,P-42m,111,9
Sr2Li4Ge2P5S_id2836_E-3.86.cif,Sr2Li4Ge2P5S,-3.8638,0.982,Semiconductor,Fmmm,69,56
In(AsSe4)2_id2284_E-3.86.cif,In(AsSe4)2,-3.8628,1.201,Semiconductor,Cmm2,35,22
TeAs3Se_id1928_E-3.86.cif,TeAs3Se,-3.8605,0.917,Semiconductor,Imm2,44,10
S_id935_E-3.86.cif,S,-3.8596,0.809,Semiconductor,Pc,7,42
Li6CaSe4_id682_E-3.86.cif,Li6CaSe4,-3.857,1.904,Semiconductor,Im-3m,229,22
Mg2O19_id3661_E-3.86.cif,Mg2O19,-3.8558,0.941,Semiconductor,Pc,7,42
K2ZnO2_id1318_E-3.85.cif,K2ZnO2,-3.8534,1.833,Semiconductor,I4_1,80,20
LiCa4S11_id3494_E-3.85.cif,LiCa4S11,-3.8532,0.293,Semiconductor,R-3m,166,48
S_id4048_E-3.85.cif,S,-3.8523,1.754,Semiconductor,Pbca,61,8
Al3Si8Te4(SeS2)2_id3331_E-3.85.cif,Al3Si8Te4(SeS2)2,-3.8516,0.267,Semiconductor,Pnn2,34,42
Ba3O13_id4344_E-3.85.cif,Ba3O13,-3.8511,1.808,Semiconductor,P6/mmm,191,16
ZnCd2O8_id2627_E-3.85.cif,ZnCd2O8,-3.8497,0.779,Semiconductor,P4/nbm,125,22
Al3(PS3)2_id332_E-3.85.cif,Al3(PS3)2,-3.8494,3.135,Semiconductor,Cccm,66,44
KBaO_id4558_E-3.85.cif,KBaO,-3.8491,0.056,Semiconductor,P4/nmm,129,6
SeS_id1416_E-3.85.cif,SeS,-3.8464,1.36,Semiconductor,P4/m,83,8
O2_id2346_E-3.84.cif,O2,-3.8423,1.108,Semiconductor,P2_1,4,42
Sr2Li2Sb2O3_id2703_E-3.84.cif,Sr2Li2Sb2O3,-3.8389,0.05,Semiconductor,Pbcn,60,36
GeS20_id3264_E-3.83.cif,GeS20,-3.8332,1.846,Semiconductor,P2_1,4,42
BaLi2TiCdTeAsPS_id1063_E-3.83.cif,BaLi2TiCdTeAsPS,-3.8291,0.92,Semiconductor,P3_1,144,27
Ga2B_id841_E-3.83.cif,Ga2B,-3.8273,3.219,Semiconductor,P6_422,181,18
Li2SeS4_id635_E-3.83.cif,Li2SeS4,-3.827,0.157,Semiconductor,Cccm,66,28
K4LiAsO8_id4929_E-3.83.cif,K4LiAsO8,-3.8266,2.852,Semiconductor,I4_1/a,88,56
Ba6InGe(CO)2_id4022_E-3.83.cif,Ba6InGe(CO)2,-3.8262,0.104,Semiconductor,P321,150,12
BS12_id1927_E-3.83.cif,BS12,-3.826,1.849,Semiconductor,I432,211,26
CdGeO2_id4892_E-3.83.cif,CdGeO2,-3.8257,1.304,Semiconductor,I4_122,98,16
Sb2SeS8_id544_E-3.83.cif,Sb2SeS8,-3.8252,1.755,Semiconductor,P6_4,172,33
Li5Al2GaO4_id3949_E-3.83.cif,Li5Al2GaO4,-3.8252,0.1,Semiconductor,P4nc,104,48
Li2GeSb(AsP)2_id4698_E-3.83.cif,Li2GeSb(AsP)2,-3.8252,0.533,Semiconductor,Pccm,49,16
KZn2Ge2As2PO2_id1246_E-3.82.cif,KZn2Ge2As2PO2,-3.8238,1.047,Semiconductor,Pnn2,34,20
Sr2S3_id4354_E-3.82.cif,Sr2S3,-3.8206,0.464,Semiconductor,P4/mnc,128,20
KCdO4_id2308_E-3.82.cif,KCdO4,-3.8161,1.916,Semiconductor,Pban,50,12
Li2Be2O3_id4193_E-3.82.cif,Li2Be2O3,-3.816,1.728,Semiconductor,Pbcn,60,28
S_id4852_E-3.81.cif,S,-3.8142,1.893,Semiconductor,Pbca,61,8
ZnO7_id4624_E-3.81.cif,ZnO7,-3.8139,0.887,Semiconductor,P622,177,24
NaZn3Ga3O4_id4143_E-3.81.cif,NaZn3Ga3O4,-3.8136,0.94,Semiconductor,Pm-3n,223,22
SrSbSe_id1766_E-3.81.cif,SrSbSe,-3.8127,0.878,Semiconductor,P4/nmm,129,6
BeAlZnP2_id2320_E-3.81.cif,BeAlZnP2,-3.8125,1.408,Semiconductor,Pccm,49,10
K(GeTe2)2_id3067_E-3.81.cif,K(GeTe2)2,-3.811,0.746,Semiconductor,P-42m,111,7
Si_id4224_E-3.80.cif,Si,-3.7978,0.604,Semiconductor,Pm-3n,223,12
BaLi2Ca2Ge2P2O11_id3318_E-3.79.cif,BaLi2Ca2Ge2P2O11,-3.7916,0.542,Semiconductor,P-3m1,164,20
BeAl4Zn2(SiSe4)2_id2016_E-3.79.cif,BeAl4Zn2(SiSe4)2,-3.7908,1.152,Semiconductor,P-42m,111,17
TeS2_id1398_E-3.79.cif,TeS2,-3.7908,1.065,Semiconductor,P3_112,151,9
NaLi8ZnTe4(SO)4_id4132_E-3.79.cif,NaLi8ZnTe4(SO)4,-3.7905,0.369,Semiconductor,I222,23,44
KLi2Si(GeS2)2_id886_E-3.78.cif,KLi2Si(GeS2)2,-3.785,1.331,Semiconductor,P-4n2,118,20
LiBP5_id816_E-3.78.cif,LiBP5,-3.7849,0.394,Semiconductor,Pccm,49,14
NaCdO2_id1899_E-3.78.cif,NaCdO2,-3.7833,0.491,Semiconductor,I4_122,98,16
O2_id1958_E-3.78.cif,O2,-3.7819,0.63,Semiconductor,Aem2,39,28
SrCaSiB3_id4424_E-3.78.cif,SrCaSiB3,-3.7795,0.303,Semiconductor,C222_1,20,24
MgO8_id4475_E-3.78.cif,MgO8,-3.7794,3.42,Semiconductor,Fm-3m,225,36
Zn2O3_id1464_E-3.78.cif,Zn2O3,-3.7786,1.92,Semiconductor,Pbcn,60,20
GeS11_id1535_E-3.78.cif,GeS11,-3.7776,0.642,Semiconductor,P2/m,10,12
TeAs2_id2144_E-3.78.cif,TeAs2,-3.7755,0.821,Semiconductor,P4_122,91,12
K6BaMgO6_id1038_E-3.77.cif,K6BaMgO6,-3.7738,2.124,Semiconductor,P-31c,163,28
Li4GaO16_id1556_E-3.77.cif,Li4GaO16,-3.7723,2.485,Semiconductor,P-43m,215,21
SeS_id1935_E-3.77.cif,SeS,-3.7716,1.366,Semiconductor,P4/m,83,8
CdS6_id571_E-3.77.cif,CdS6,-3.7708,1.67,Semiconductor,Pccm,49,14
ZnAsO_id2135_E-3.77.cif,ZnAsO,-3.7697,1.069,Semiconductor,P4_22_12,94,24
S_id91_E-3.77.cif,S,-3.7658,2.586,Semiconductor,Pbca,61,8
CaSnO10_id380_E-3.76.cif,CaSnO10,-3.7639,3.155,Semiconductor,P4bm,100,24
Sn3Sb2(TeO)2_id2421_E-3.76.cif,Sn3Sb2(TeO)2,-3.7636,1.011,Semiconductor,P4_2mc,105,18
Ga(SeS)2_id3837_E-3.76.cif,Ga(SeS)2,-3.7634,0.593,Semiconductor,Pmna,53,10
K(Te2O)3_id2682_E-3.76.cif,K(Te2O)3,-3.7608,0.488,Semiconductor,P6_3mc,186,20
LiZnO_id490_E-3.76.cif,LiZnO,-3.7597,1.235,Semiconductor,C222,21,12
Sc2(Te3Se)3_id404_E-3.75.cif,Sc2(Te3Se)3,-3.7549,0.249,Semiconductor,P6cc,184,28
Cd2PO3_id948_E-3.75.cif,Cd2PO3,-3.7477,0.086,Semiconductor,Cmme,67,24
K4BaO4_id468_E-3.74.cif,K4BaO4,-3.7418,1.772,Semiconductor,P4_2/n,86,18
LiMg2Sb4As(Se2S)4_id4894_E-3.74.cif,LiMg2Sb4As(Se2S)4,-3.7406,2.966,Semiconductor,I-42m,121,40
Li3(GeTe2)2_id3199_E-3.74.cif,Li3(GeTe2)2,-3.7369,1.038,Semiconductor,P-42m,111,9
Li2Al2Zn2Te2N2O5_id3389_E-3.74.cif,Li2Al2Zn2Te2N2O5,-3.7354,1.192,Semiconductor,P1,1,60
Li3Zn(GaO3)2_id565_E-3.73.cif,Li3Zn(GaO3)2,-3.7342,2.781,Semiconductor,C222,21,24
K3Te4As(PO3)2_id778_E-3.73.cif,K3Te4As(PO3)2,-3.7324,1.093,Semiconductor,I222,23,32
ZnCd2O10_id3692_E-3.73.cif,ZnCd2O10,-3.7278,0.599,Semiconductor,Pnn2,34,26
LiMgInNO_id1372_E-3.73.cif,LiMgInNO,-3.7273,2.942,Semiconductor,Pca2_1,29,20
Zn2O9_id803_E-3.73.cif,Zn2O9,-3.7267,0.644,Semiconductor,P4/n,85,44
Al3SiSn3Ge(AsO)3_id2333_E-3.72.cif,Al3SiSn3Ge(AsO)3,-3.7241,0.913,Semiconductor,P6_3,173,28
Li3Ca6NO6_id3236_E-3.72.cif,Li3Ca6NO6,-3.724,2.038,Semiconductor,R-3m,166,48
NaLi4Al4Sn5O4_id459_E-3.72.cif,NaLi4Al4Sn5O4,-3.7219,0.205,Semiconductor,P4,75,18
Al2Zn6O7_id3057_E-3.72.cif,Al2Zn6O7,-3.7209,2.674,Semiconductor,P1,1,30
BaMgGeP_id4412_E-3.72.cif,BaMgGeP,-3.7206,1.082,Semiconductor,P4_2/mmc,131,8
SnTeSeS2N_id2482_E-3.71.cif,SnTeSeS2N,-3.7131,1.285,Semiconductor,Cmc2_1,36,24
Be3GaSi3(SeO)3_id2321_E-3.71.cif,Be3GaSi3(SeO)3,-3.7129,0.822,Semiconductor,P6_3,173,26
As7P_id3187_E-3.71.cif,As7P,-3.7103,0.428,Semiconductor,Pm,6,16
Te2S9_id1569_E-3.71.cif,Te2S9,-3.7094,1.617,Semiconductor,Pnn2,34,22
Mg(AlSe4)2_id2749_E-3.71.cif,Mg(AlSe4)2,-3.7085,0.535,Semiconductor,P-42m,111,11
ScTe2S3_id2026_E-3.71.cif,ScTe2S3,-3.7075,0.833,Semiconductor,P4mm,99,6
TeAsP_id423_E-3.71.cif,TeAsP,-3.7051,0.45,Semiconductor,P4_32_12,96,24
S_id4383_E-3.70.cif,S,-3.703,2.219,Semiconductor,Ia-3d,230,32
As3SeS2_id2047_E-3.70.cif,As3SeS2,-3.7019,1.275,Semiconductor,Pmmm,47,6
K2O3_id2475_E-3.70.cif,K2O3,-3.6983,1.532,Semiconductor,Pbcn,60,20
CdSn3TeSe6_id4523_E-3.70.cif,CdSn3TeSe6,-3.6955,1.389,Semiconductor,P-31c,163,22
Li3Cd2O2_id364_E-3.69.cif,Li3Cd2O2,-3.6938,0.909,Semiconductor,C2/m,12,14
Be2ZnBP_id984_E-3.69.cif,Be2ZnBP,-3.6922,1.456,Semiconductor,Pnma,62,20
NaCa3BeP4Se3_id3427_E-3.69.cif,NaCa3BeP4Se3,-3.6913,1.976,Semiconductor,P-6m2,187,12
SnTe2Se3_id1918_E-3.69.cif,SnTe2Se3,-3.6905,0.053,Semiconductor,Pbam,55,12
Se4S3_id1904_E-3.69.cif,Se4S3,-3.6899,0.751,Semiconductor,Pnnn,48,28
KTi2BP2_id1890_E-3.69.cif,KTi2BP2,-3.6878,1.588,Semiconductor,Pccm,49,12
KNaO2_id1772_E-3.69.cif,KNaO2,-3.6851,0.611,Semiconductor,I4_122,98,16
SnTe2Se3_id1248_E-3.68.cif,SnTe2Se3,-3.683,0.661,Semiconductor,Pbam,55,12
Ba2Li4N4O3_id1086_E-3.68.cif,Ba2Li4N4O3,-3.6815,3.046,Semiconductor,I4_1/a,88,52
AlTeSNO17_id1493_E-3.68.cif,AlTeSNO17,-3.6786,1.296,Semiconductor,Pc,7,42
Mg3(PS2)2_id1982_E-3.68.cif,Mg3(PS2)2,-3.6771,2.463,Semiconductor,P2_12_12,18,18
S_id192_E-3.68.cif,S,-3.6761,0.24,Semiconductor,Pba2,32,18
Na6In4SnO4_id4461_E-3.68.cif,Na6In4SnO4,-3.6755,3.113,Semiconductor,I-42m,121,30
Li2AlZn(SeS3)2_id1504_E-3.68.cif,Li2AlZn(SeS3)2,-3.6752,0.073,Semiconductor,P3_221,154,36
NaAlInTeSeS2_id4470_E-3.67.cif,NaAlInTeSeS2,-3.6739,1.356,Semiconductor,P2_1,4,14
Li(Se2O)2_id2170_E-3.67.cif,Li(Se2O)2,-3.6696,0.279,Semiconductor,P4/mnc,128,14
LiO9_id1427_E-3.67.cif,LiO9,-3.6677,0.335,Semiconductor,P1,1,40
NaLiSnSb(As2S)2_id2314_E-3.67.cif,NaLiSnSb(As2S)2,-3.6672,1.356,Semiconductor,Cccm,66,40
K6TiInO6_id1051_E-3.66.cif,K6TiInO6,-3.6619,1.23,Semiconductor,P-31c,163,28
KSnTe2_id4463_E-3.66.cif,KSnTe2,-3.6607,0.703,Semiconductor,R-3m,166,12
Li2MgTiZn2C(NO)2_id2397_E-3.66.cif,Li2MgTiZn2C(NO)2,-3.6596,1.473,Semiconductor,P4/mmm,123,11
K6BaSrO14_id4562_E-3.66.cif,K6BaSrO14,-3.6584,0.296,Semiconductor,P321,150,22
Li2As3S2_id2523_E-3.66.cif,Li2As3S2,-3.6584,1.557,Semiconductor,P4_2mc,105,14
Na3Sr2Li2MgGa2(N2O3)2_id2232_E-3.66.cif,Na3Sr2Li2MgGa2(N2O3)2,-3.6573,1.482,Semiconductor,P3_121,152,60
Li2CaGa2Te4O3_id1653_E-3.66.cif,Li2CaGa2Te4O3,-3.6556,0.562,Semiconductor,I4/m,87,24
CaTiP2O25_id818_E-3.66.cif,CaTiP2O25,-3.6552,1.568,Semiconductor,C2,5,58
S_id2863_E-3.65.cif,S,-3.6508,1.852,Semiconductor,Pbca,61,12
Li3ScCd3S4_id880_E-3.64.cif,Li3ScCd3S4,-3.6448,0.738,Semiconductor,Pm-3n,223,22
Ga3S2_id786_E-3.64.cif,Ga3S2,-3.6444,0.05,Metal,Pnnn,48,20
S_id3511_E-3.64.cif,S,-3.6429,1.066,Semiconductor,Pbca,61,8
Be2GaAsPO9_id3839_E-3.64.cif,Be2GaAsPO9,-3.6426,3.113,Semiconductor,P2_12_12_1,19,56
Si2Sb2AsS2_id2310_E-3.64.cif,Si2Sb2AsS2,-3.641,2.797,Semiconductor,Aea2,41,28
MgZn2Cd2O10_id2922_E-3.64.cif,MgZn2Cd2O10,-3.6409,0.07,Semiconductor,Pban,50,30
Na2Zn3(SeO)4_id4197_E-3.64.cif,Na2Zn3(SeO)4,-3.6391,1.659,Semiconductor,Pban,50,26
TeSeO2_id991_E-3.64.cif,TeSeO2,-3.6391,0.541,Semiconductor,P4/mmm,123,8
NaS2_id2012_E-3.64.cif,NaS2,-3.6378,1.775,Semiconductor,P-42_1c,114,12
N2O17_id194_E-3.64.cif,N2O17,-3.6375,0.582,Semiconductor,Pm,6,38
Li4Si5P5O7_id1057_E-3.64.cif,Li4Si5P5O7,-3.6373,0.931,Semiconductor,P2_1,4,42
TeS_id4976_E-3.64.cif,TeS,-3.6357,0.778,Semiconductor,Pbca,61,16
LiAs_id4025_E-3.63.cif,LiAs,-3.6336,0.705,Semiconductor,I4_1/acd,142,32
TeSeS2_id7_E-3.63.cif,TeSeS2,-3.6315,0.866,Semiconductor,P4/m,83,16
Te12S25_id1451_E-3.63.cif,Te12S25,-3.6289,1.592,Semiconductor,Pm-3m,221,37
GaAs4Se4S3_id3809_E-3.63.cif,GaAs4Se4S3,-3.6286,0.645,Semiconductor,I-42d,122,48
Se4S2NO2_id3599_E-3.63.cif,Se4S2NO2,-3.6284,1.608,Semiconductor,P-1,2,18
Li4Al2Cd(GeSe2)2_id2468_E-3.63.cif,Li4Al2Cd(GeSe2)2,-3.6283,0.139,Semiconductor,P-42m,111,13
K3In3O4_id1763_E-3.63.cif,K3In3O4,-3.6266,1.515,Semiconductor,P3c1,158,20
Ba4SbAs2_id2338_E-3.63.cif,Ba4SbAs2,-3.6263,0.249,Semiconductor,I4_1/a,88,28
ZnSi2_id1075_E-3.62.cif,ZnSi2,-3.6246,0.088,Semiconductor,Pa-3,205,12
Li4GeTe4_id2941_E-3.62.cif,Li4GeTe4,-3.6236,0.825,Semiconductor,P-42m,111,9
Se2SO8_id3615_E-3.62.cif,Se2SO8,-3.6236,2.37,Semiconductor,P4,75,11
Ba4Sr4Ti2AlTe2O7_id1581_E-3.62.cif,Ba4Sr4Ti2AlTe2O7,-3.6199,0.211,Semiconductor,P1,1,60
LiSe_id4925_E-3.62.cif,LiSe,-3.6187,0.275,Semiconductor,P6_222,180,12
NaSbS_id4469_E-3.61.cif,NaSbS,-3.6134,1.554,Semiconductor,P4_2/mmc,131,6
MgSi2Ge2As2PO13_id836_E-3.61.cif,MgSi2Ge2As2PO13,-3.6089,0.074,Semiconductor,P1,1,42
K2SbO3_id3060_E-3.61.cif,K2SbO3,-3.6057,0.229,Semiconductor,C222,21,12
Mg3Zn2Te2(S5O3)2_id3791_E-3.61.cif,Mg3Zn2Te2(S5O3)2,-3.605,1.78,Semiconductor,Pnn2,34,46
NaLi3As2P9_id1722_E-3.60.cif,NaLi3As2P9,-3.6035,0.052,Semiconductor,P1,1,30
BS4_id4692_E-3.60.cif,BS4,-3.6026,2.068,Semiconductor,P3_112,151,15
LiZn4NO4_id4277_E-3.60.cif,LiZn4NO4,-3.601,0.833,Semiconductor,I4_1/a,88,40
LiInSnSe2_id594_E-3.60.cif,LiInSnSe2,-3.5991,0.059,Semiconductor,P4/mmm,123,10
KZnSbS3_id4767_E-3.60.cif,KZnSbS3,-3.598,0.194,Semiconductor,Pm,6,6
GaSiSe_id2051_E-3.59.cif,GaSiSe,-3.595,1.848,Semiconductor,P-42_1m,113,12
GaTe2_id4869_E-3.59.cif,GaTe2,-3.5924,0.9,Semiconductor,C222_1,20,12
MgSe4_id3505_E-3.59.cif,MgSe4,-3.5922,1.613,Semiconductor,P-42_1m,113,10
BaCa4Ge(AsP)4_id4497_E-3.59.cif,BaCa4Ge(AsP)4,-3.5912,3.069,Semiconductor,I4_1md,109,56
K4Ga(GeO3)4_id2687_E-3.59.cif,K4Ga(GeO3)4,-3.5896,0.133,Semiconductor,P1,1,21
K8InO6_id2767_E-3.59.cif,K8InO6,-3.5893,1.499,Semiconductor,P-31m,162,15
Na8LiCd4Se4(SO2)4_id1327_E-3.59.cif,Na8LiCd4Se4(SO2)4,-3.5866,0.545,Semiconductor,P4_2/n,86,58
KSb4_id698_E-3.59.cif,KSb4,-3.5856,1.146,Semiconductor,I2_12_12_1,24,20
NaCd2O8_id3153_E-3.58.cif,NaCd2O8,-3.5839,1.382,Semiconductor,Pbcm,57,44
K3O7_id3927_E-3.58.cif,K3O7,-3.5829,0.076,Semiconductor,I-43d,220,40
Li18Al8Zn6CdInC6(S3O4)2_id1957_E-3.58.cif,Li18Al8Zn6CdInC6(S3O4)2,-3.5825,1.3,Semiconductor,P1,1,54
Sr3Ca2N12_id2214_E-3.58.cif,Sr3Ca2N12,-3.5808,0.144,Semiconductor,Pn-3,201,34
LiTePO18_id230_E-3.58.cif,LiTePO18,-3.5803,0.78,Semiconductor,Pc,7,42
Zn2InGaSe4_id2766_E-3.58.cif,Zn2InGaSe4,-3.5801,1.259,Semiconductor,I-42m,121,16
AlSe_id2874_E-3.58.cif,AlSe,-3.5786,1.386,Semiconductor,Aea2,41,32
SbAs5_id33_E-3.57.cif,SbAs5,-3.5724,0.09,Semiconductor,Pmmm,47,6
SeS_id2116_E-3.57.cif,SeS,-3.5719,1.427,Semiconductor,I4_1/amd,141,8
K8Li4ZnGa8Te4P16Se4S2O3_id2720_E-3.57.cif,K8Li4ZnGa8Te4P16Se4S2O3,-3.5689,0.563,Semiconductor,P4,75,50
Na2Li4GeSb2AsS4_id1922_E-3.56.cif,Na2Li4GeSb2AsS4,-3.5618,2.077,Semiconductor,P-1,2,14
NaCd3O6_id1457_E-3.56.cif,NaCd3O6,-3.561,2.09,Semiconductor,Pm-3m,221,10
Se3S10_id2237_E-3.56.cif,Se3S10,-3.5576,1.654,Semiconductor,Pmna,53,26
Ba2Ca3N2O_id2009_E-3.56.cif,Ba2Ca3N2O,-3.5576,0.382,Semiconductor,Pn-3m,224,16
Li4GaSn2GeSe4_id674_E-3.56.cif,Li4GaSn2GeSe4,-3.5573,0.88,Semiconductor,P-42c,112,24
Na2SbSe2_id2087_E-3.56.cif,Na2SbSe2,-3.5563,1.264,Semiconductor,Pn-3m,224,10
S_id4104_E-3.56.cif,S,-3.5559,2.072,Semiconductor,I4/mmm,139,20
SbTe2_id4748_E-3.55.cif,SbTe2,-3.546,0.15,Semiconductor,Pbca,61,24
Se_id1593_E-3.54.cif,Se,-3.5413,0.235,Semiconductor,P432,207,36
InGa2(TeSe)4_id76_E-3.53.cif,InGa2(TeSe)4,-3.5336,0.909,Semiconductor,P-42m,111,11
Li2Cd2O3_id3828_E-3.53.cif,Li2Cd2O3,-3.5288,1.41,Semiconductor,Pbcn,60,28
In2TeSe5_id34_E-3.53.cif,In2TeSe5,-3.5266,0.822,Semiconductor,Cmmm,65,16
AlSn6(TeSe)4_id3822_E-3.52.cif,AlSn6(TeSe)4,-3.5229,0.428,Semiconductor,I-42m,121,30
S_id2948_E-3.52.cif,S,-3.5223,1.269,Semiconductor,Pba2,32,34
NaGaO8_id3071_E-3.52.cif,NaGaO8,-3.5212,1.276,Semiconductor,I4/mmm,139,20
TeAs_id3157_E-3.52.cif,TeAs,-3.5208,0.635,Semiconductor,Pbca,61,16
Ba2Sn3P2S_id3272_E-3.52.cif,Ba2Sn3P2S,-3.5189,1.475,Semiconductor,C2/m,12,16
KMgTeO_id2390_E-3.52.cif,KMgTeO,-3.5188,0.931,Semiconductor,Aea2,41,32
Sc2In2Sn_id14_E-3.52.cif,Sc2In2Sn,-3.5188,2.283,Semiconductor,Pa-3,205,20
Zn2GaGeTe4(SeS)4_id4574_E-3.52.cif,Zn2GaGeTe4(SeS)4,-3.5183,0.821,Semiconductor,P-42c,112,32
BaSr4N2_id3172_E-3.52.cif,BaSr4N2,-3.5177,0.176,Semiconductor,I-4m2,119,28
LiSb2_id3279_E-3.52.cif,LiSb2,-3.5172,0.05,Metal,P4_12_12,92,12
Sr2GeSb(TeO)2_id3107_E-3.51.cif,Sr2GeSb(TeO)2,-3.5093,0.054,Semiconductor,P3_221,154,24
MgInSnS8_id3282_E-3.51.cif,MgInSnS8,-3.5079,1.902,Semiconductor,Pmmn,59,22
Sn(PS4)4_id3911_E-3.50.cif,Sn(PS4)4,-3.5041,0.846,Semiconductor,Pc,7,42
Se_id3656_E-3.50.cif,Se,-3.5026,0.078,Semiconductor,I4/mcm,140,8
TiBe3_id223_E-3.49.cif,TiBe3,-3.4935,0.369,Semiconductor,P4_132,213,16
Sc4SbTe7_id814_E-3.49.cif,Sc4SbTe7,-3.4907,0.101,Semiconductor,P-43n,218,24
KTe4As_id1125_E-3.48.cif,KTe4As,-3.4841,0.681,Semiconductor,I222,23,12
LiZnGaSnS3_id104_E-3.48.cif,LiZnGaSnS3,-3.4811,0.067,Semiconductor,Imma,74,28
Sb2Te_id3419_E-3.47.cif,Sb2Te,-3.4746,0.164,Semiconductor,I4_1/a,88,24
S_id302_E-3.47.cif,S,-3.4722,1.978,Semiconductor,Pm-3m,221,8
BaSr6GeO7_id2765_E-3.47.cif,BaSr6GeO7,-3.4686,2.681,Semiconductor,P6_322,182,30
Li(Sb2Te)2_id3151_E-3.47.cif,Li(Sb2Te)2,-3.4676,0.063,Semiconductor,Ibam,72,28
Na4GaSiPNO12_id1679_E-3.47.cif,Na4GaSiPNO12,-3.4656,1.815,Semiconductor,P1,1,40
CdInC6_id983_E-3.46.cif,CdInC6,-3.4635,0.181,Semiconductor,R-3,148,24
Mg2InSe4_id4192_E-3.46.cif,Mg2InSe4,-3.463,0.892,Semiconductor,I-42d,122,28
O2_id745_E-3.46.cif,O2,-3.4627,1.068,Semiconductor,P4/n,85,34
Sr2MgSi2As3_id1074_E-3.46.cif,Sr2MgSi2As3,-3.4619,0.685,Semiconductor,P4/mmm,123,16
LiGaSb2TeS4_id2373_E-3.46.cif,LiGaSb2TeS4,-3.4615,1.167,Semiconductor,Pmmm,47,9
LiInTe4_id546_E-3.46.cif,LiInTe4,-3.4612,0.498,Semiconductor,I4_1/a,88,24
Se_id3437_E-3.46.cif,Se,-3.4596,0.175,Semiconductor,Pbca,61,16
BSe12_id1773_E-3.45.cif,BSe12,-3.4507,0.959,Semiconductor,I432,211,26
AlSbTeSeS17_id2496_E-3.45.cif,AlSbTeSeS17,-3.4498,1.204,Semiconductor,Pc,7,42
LiBe2GaSb2_id2585_E-3.45.cif,LiBe2GaSb2,-3.4466,0.163,Semiconductor,P-4m2,115,6
NaS_id3246_E-3.45.cif,NaS,-3.4456,1.321,Semiconductor,P6/mmm,191,12
NaLi4AlZnO3_id2716_E-3.45.cif,NaLi4AlZnO3,-3.445,2.931,Semiconductor,P-6c2,188,20
InGaTe2_id513_E-3.44.cif,InGaTe2,-3.4424,0.336,Semiconductor,Aea2,41,16
CaAs_id1034_E-3.44.cif,CaAs,-3.4373,0.63,Semiconductor,P6_222,180,12
LiCdInTeO3_id4759_E-3.44.cif,LiCdInTeO3,-3.4352,0.797,Semiconductor,P4/nmm,129,14
Ba3Li2GeAs4_id3977_E-3.43.cif,Ba3Li2GeAs4,-3.4345,0.208,Semiconductor,I4/mcm,140,40
MgZn5(GaO4)2_id4329_E-3.43.cif,MgZn5(GaO4)2,-3.4328,1.346,Semiconductor,P-42c,112,32
Te3As_id1813_E-3.43.cif,Te3As,-3.4323,0.055,Semiconductor,P3_221,154,12
K7O6_id3154_E-3.43.cif,K7O6,-3.4263,1.107,Semiconductor,Im-3m,229,26
K6InGa(SnSe3)2_id4555_E-3.42.cif,K6InGa(SnSe3)2,-3.42,0.83,Semiconductor,P1,1,16
Ba3Al4Ge3Te6(SeS2)3_id3350_E-3.42.cif,Ba3Al4Ge3Te6(SeS2)3,-3.4192,1.587,Semiconductor,P31c,159,50
Ba3SrLi4S3_id4120_E-3.42.cif,Ba3SrLi4S3,-3.4186,2.247,Semiconductor,Pm-3n,223,22
ZnSiPO2_id3506_E-3.40.cif,ZnSiPO2,-3.3973,0.358,Semiconductor,P4_12_12,92,20
Zn2CdO2_id1207_E-3.39.cif,Zn2CdO2,-3.3926,0.446,Semiconductor,Cmme,67,20
Zn2GeSe3_id1762_E-3.39.cif,Zn2GeSe3,-3.3873,0.959,Semiconductor,Pbam,55,12
TeAsC(SeS8)2_id1618_E-3.38.cif,TeAsC(SeS8)2,-3.3806,2.72,Semiconductor,P1,1,21
KNa4Li2Ti(B2O)2_id3647_E-3.38.cif,KNa4Li2Ti(B2O)2,-3.3783,1.508,Semiconductor,C222,21,28
Zn3GeS4_id2184_E-3.37.cif,Zn3GeS4,-3.3739,0.958,Semiconductor,I-42d,122,32
Se_id2912_E-3.37.cif,Se,-3.3698,1.289,Semiconductor,Ia-3,206,56
O2_id4070_E-3.37.cif,O2,-3.3695,1.218,Semiconductor,Pn-3m,224,48
SiGeBO18_id879_E-3.37.cif,SiGeBO18,-3.3685,2.877,Semiconductor,Pc,7,42
LiTe_id4398_E-3.37.cif,LiTe,-3.3666,1.215,Semiconductor,P-3m1,164,4
CdSbS2_id1123_E-3.37.cif,CdSbS2,-3.3655,0.511,Semiconductor,P4/nmm,129,8
BeAlIn2(SeS2)2_id1191_E-3.36.cif,BeAlIn2(SeS2)2,-3.3619,1.467,Semiconductor,P-42c,112,20
BO3_id2466_E-3.36.cif,BO3,-3.3607,3.231,Semiconductor,I432,211,32
BeAs_id4388_E-3.36.cif,BeAs,-3.3605,0.816,Semiconductor,Pcc2,27,8
Se_id2612_E-3.36.cif,Se,-3.3552,0.96,Semiconductor,Pbca,61,8
CdO_id4760_E-3.35.cif,CdO,-3.3527,2.787,Semiconductor,P4/mmm,123,8
Ba2BeP_id4561_E-3.35.cif,Ba2BeP,-3.3524,0.198,Semiconductor,Fm-3m,225,16
LiTiGaSb_id4824_E-3.35.cif,LiTiGaSb,-3.3511,2.043,Semiconductor,P2_1,4,32
Ba4ZnIn3(SeO)6_id3684_E-3.35.cif,Ba4ZnIn3(SeO)6,-3.3459,1.802,Semiconductor,Im-3m,229,40
MgBeCd2O16_id1046_E-3.34.cif,MgBeCd2O16,-3.3402,0.253,Semiconductor,P-42c,112,40
Li2Te_id3838_E-3.34.cif,Li2Te,-3.3379,0.159,Semiconductor,P4/mmm,123,12
KAs4_id1902_E-3.34.cif,KAs4,-3.3362,0.198,Semiconductor,Ccce,68,20
Li(GaTe4)2_id869_E-3.33.cif,Li(GaTe4)2,-3.3333,0.062,Semiconductor,P-42m,111,11
LiTe_id48_E-3.33.cif,LiTe,-3.3326,0.849,Semiconductor,P4/nmm,129,16
LiZn(As2Se)2_id980_E-3.33.cif,LiZn(As2Se)2,-3.3285,1.5,Semiconductor,P-42_1m,113,16
LiTe_id3436_E-3.33.cif,LiTe,-3.3283,0.429,Semiconductor,P4_2/m,84,8
SeS_id2608_E-3.33.cif,SeS,-3.328,1.317,Semiconductor,P4/m,83,8
Se_id1914_E-3.33.cif,Se,-3.327,1.874,Semiconductor,P4/m,83,8
NaSe_id3801_E-3.32.cif,NaSe,-3.323,1.304,Semiconductor,I4_1/amd,141,8
ZnSbTe2(SeS)2_id2_E-3.32.cif,ZnSbTe2(SeS)2,-3.3226,0.284,Semiconductor,P3_221,154,24
Na3Te2(PS)2_id3821_E-3.32.cif,Na3Te2(PS)2,-3.3206,0.455,Semiconductor,P3_112,151,27
Mg2Te2SeS6NO2_id3363_E-3.32.cif,Mg2Te2SeS6NO2,-3.3162,0.987,Semiconductor,P1,1,42
TeSe4_id2522_E-3.31.cif,TeSe4,-3.3134,0.993,Semiconductor,I-42d,122,20
NaLi2ZnGaS5_id3268_E-3.31.cif,NaLi2ZnGaS5,-3.313,1.668,Semiconductor,P2_1/m,11,20
Se_id3759_E-3.31.cif,Se,-3.3126,1.786,Semiconductor,I4/mmm,139,8
Se_id2807_E-3.31.cif,Se,-3.3115,1.473,Semiconductor,Pbca,61,16
Se_id3705_E-3.31.cif,Se,-3.3095,0.481,Semiconductor,Pbca,61,8
K2GeAs4_id3316_E-3.30.cif,K2GeAs4,-3.3048,0.228,Semiconductor,Fd-3m,227,56
Li6TeSe2_id2937_E-3.30.cif,Li6TeSe2,-3.2982,2.24,Semiconductor,Fm-3m,225,36
Ca4N4O_id4294_E-3.30.cif,Ca4N4O,-3.2976,1.664,Semiconductor,Pn-3m,224,18
SbTe2_id1049_E-3.29.cif,SbTe2,-3.2894,0.809,Semiconductor,Aea2,41,24
MgGaTe2_id2644_E-3.29.cif,MgGaTe2,-3.2881,0.233,Semiconductor,Pmmn,59,8
K2Sc2GaO8_id934_E-3.29.cif,K2Sc2GaO8,-3.2856,2.632,Semiconductor,P4/mnc,128,52
Cd3O4_id2953_E-3.29.cif,Cd3O4,-3.285,1.495,Semiconductor,C222,21,14
KS_id476_E-3.28.cif,KS,-3.2839,1.295,Semiconductor,P4_2/m,84,16
Ba2Sr2LiSnP4_id357_E-3.28.cif,Ba2Sr2LiSnP4,-3.2837,0.465,Semiconductor,I4_1/a,88,40
LiTe_id3861_E-3.28.cif,LiTe,-3.2767,0.333,Semiconductor,P-42_1m,113,8
InGaSnO3_id3167_E-3.28.cif,InGaSnO3,-3.2763,0.054,Semiconductor,Pmmm,47,6
ZnGaSi2_id4337_E-3.27.cif,ZnGaSi2,-3.272,0.478,Semiconductor,P4_12_12,92,16
KScInSe2_id3002_E-3.27.cif,KScInSe2,-3.2702,1.824,Semiconductor,P3_221,154,15
LiSi4(GeO)2_id295_E-3.27.cif,LiSi4(GeO)2,-3.2665,0.225,Semiconductor,P4_32_12,96,36
Sc2Te_id1604_E-3.26.cif,Sc2Te,-3.2623,0.668,Semiconductor,R3m,160,24
Li4Mg2Zn2Ga2O5_id4056_E-3.26.cif,Li4Mg2Zn2Ga2O5,-3.2613,1.97,Semiconductor,Pccn,56,60
MgAlZnSi2Te2(S2O)2_id1729_E-3.26.cif,MgAlZnSi2Te2(S2O)2,-3.2603,1.073,Semiconductor,P3_221,154,39
BSb_id3324_E-3.26.cif,BSb,-3.259,1.012,Semiconductor,I4_132,214,48
NaTeS_id4308_E-3.26.cif,NaTeS,-3.2574,0.424,Semiconductor,Pca2_1,29,12
Li2Ca2SbN2_id3813_E-3.25.cif,Li2Ca2SbN2,-3.2537,1.772,Semiconductor,Pa-3,205,28
KTePS3_id4832_E-3.25.cif,KTePS3,-3.2536,2.029,Semiconductor,I2_12_12_1,24,24
KInS_id1887_E-3.25.cif,KInS,-3.2461,0.949,Semiconductor,Ibca,73,24
Na7S3_id3384_E-3.25.cif,Na7S3,-3.2455,1.777,Semiconductor,I-43d,220,40
KMg7Cd4O12_id3901_E-3.24.cif,KMg7Cd4O12,-3.2443,0.929,Semiconductor,P321,150,24
K6CaS4_id1941_E-3.24.cif,K6CaS4,-3.2436,1.782,Semiconductor,Im-3m,229,22
AlZnP2_id465_E-3.24.cif,AlZnP2,-3.2417,1.677,Semiconductor,P3_221,154,12
BaCdSnSb_id110_E-3.24.cif,BaCdSnSb,-3.2387,0.472,Semiconductor,Pmmm,47,4
Te3Se_id2374_E-3.23.cif,Te3Se,-3.2347,0.806,Semiconductor,I4/mmm,139,16
K4Sr3S4_id60_E-3.23.cif,K4Sr3S4,-3.2346,2.61,Semiconductor,I-43m,217,22
Ba(LiGe)2_id4312_E-3.23.cif,Ba(LiGe)2,-3.2343,0.184,Semiconductor,I4/mcm,140,20
Li4Mg(TeS2)2_id1650_E-3.23.cif,Li4Mg(TeS2)2,-3.2335,0.999,Semiconductor,C222,21,22
SrGa6Ge5O4_id4044_E-3.23.cif,SrGa6Ge5O4,-3.2323,0.227,Semiconductor,I-4m2,119,32
KMg2GaO4_id3159_E-3.23.cif,KMg2GaO4,-3.2309,3.082,Semiconductor,P-42c,112,16
Ga2Te4S13_id1070_E-3.23.cif,Ga2Te4S13,-3.2284,1.919,Semiconductor,P-42_1m,113,38
Al2CdTe4_id3548_E-3.23.cif,Al2CdTe4,-3.2268,0.065,Semiconductor,P4/mmm,123,7
LiTe6_id4295_E-3.23.cif,LiTe6,-3.2252,0.102,Semiconductor,P-42m,111,7
K2Sc2As_id4253_E-3.22.cif,K2Sc2As,-3.2238,1.39,Semiconductor,P6_122,178,30
InTe3_id4164_E-3.21.cif,InTe3,-3.2147,0.13,Semiconductor,P-6m2,187,4
Li3InAs4_id1058_E-3.21.cif,Li3InAs4,-3.2094,0.059,Semiconductor,P6_2,171,24
Zn3GeS16_id2340_E-3.21.cif,Zn3GeS16,-3.2071,1.901,Semiconductor,P-43m,215,20
In3Ga2O_id3773_E-3.21.cif,In3Ga2O,-3.2053,0.228,Semiconductor,Pn-3m,224,12
MgScCdTe3_id2143_E-3.21.cif,MgScCdTe3,-3.205,0.922,Semiconductor,P6_2,171,36
O2_id2757_E-3.20.cif,O2,-3.2037,0.814,Semiconductor,R-3c,167,24
SbS8_id2657_E-3.20.cif,SbS8,-3.2018,1.81,Semiconductor,Fm-3m,225,36
Sc2O19_id4281_E-3.20.cif,Sc2O19,-3.1997,1.058,Semiconductor,Pba2,32,42
Li7As3_id4739_E-3.19.cif,Li7As3,-3.1914,0.99,Semiconductor,Pm-3n,223,20
KZnS2_id4167_E-3.19.cif,KZnS2,-3.1895,1.947,Semiconductor,P3_221,154,12
KLiSe4_id3795_E-3.18.cif,KLiSe4,-3.1837,1.641,Semiconductor,Pcca,54,24
KBa4Mg3O3_id1090_E-3.18.cif,KBa4Mg3O3,-3.1825,1.597,Semiconductor,Pm-3n,223,22
Li8Sn(SeS)4_id977_E-3.18.cif,Li8Sn(SeS)4,-3.1774,0.811,Semiconductor,P-42m,111,17
ZnAsSe_id1354_E-3.17.cif,ZnAsSe,-3.1712,0.932,Semiconductor,Pbca,61,24
InTe_id2131_E-3.16.cif,InTe,-3.1622,0.061,Semiconductor,Pca2_1,29,8
MgBe3ZnS3N3O_id3340_E-3.16.cif,MgBe3ZnS3N3O,-3.1601,2.623,Semiconductor,P2_13,198,48
BaLi2Sb_id1096_E-3.16.cif,BaLi2Sb,-3.1582,0.221,Semiconductor,Immm,71,8
KLiGeAs2_id2577_E-3.16.cif,KLiGeAs2,-3.1576,0.169,Semiconductor,Immm,71,10
LiCaGe_id4942_E-3.16.cif,LiCaGe,-3.156,2.976,Semiconductor,Cmcm,63,12
Te_id3990_E-3.16.cif,Te,-3.1557,0.517,Semiconductor,Pbca,61,8
CdInTe2Se5_id1573_E-3.16.cif,CdInTe2Se5,-3.1552,0.074,Semiconductor,I422,97,36
Te_id2855_E-3.15.cif,Te,-3.1522,0.571,Semiconductor,P4_222,93,12
Te_id993_E-3.15.cif,Te,-3.1512,1.049,Semiconductor,Pbca,61,8
Te2AsSe4_id160_E-3.15.cif,Te2AsSe4,-3.151,1.29,Semiconductor,I-42d,122,28
NaCa4Zn3O3_id4154_E-3.15.cif,NaCa4Zn3O3,-3.1506,0.372,Semiconductor,Pm-3n,223,22
NaCa4Zn3O3_id399_E-3.15.cif,NaCa4Zn3O3,-3.1506,0.369,Semiconductor,Pm-3n,223,22
Ca2ZnAs_id4532_E-3.15.cif,Ca2ZnAs,-3.1499,0.472,Semiconductor,P6_3/mmc,194,8
Ba2InGa3O2_id555_E-3.15.cif,Ba2InGa3O2,-3.1467,1.112,Semiconductor,I4_122,98,32
ZnCdGeO18_id2429_E-3.15.cif,ZnCdGeO18,-3.1451,0.758,Semiconductor,Pc,7,42
Te_id1960_E-3.14.cif,Te,-3.1423,1.281,Semiconductor,P2_12_12_1,19,8
Te_id496_E-3.14.cif,Te,-3.1419,1.134,Semiconductor,Pbca,61,8
K3BaO2_id4720_E-3.14.cif,K3BaO2,-3.139,1.426,Semiconductor,P4_22_12,94,24
Li5(Ge2S)2_id3330_E-3.14.cif,Li5(Ge2S)2,-3.139,1.283,Semiconductor,P-4m2,115,11
Te_id1396_E-3.14.cif,Te,-3.1382,0.252,Semiconductor,Pbca,61,8
Te_id2847_E-3.14.cif,Te,-3.1381,0.066,Semiconductor,P23,195,12
NaSe_id2329_E-3.14.cif,NaSe,-3.1366,1.575,Semiconductor,P4_2/m,84,16
K4SnTe3_id1967_E-3.14.cif,K4SnTe3,-3.136,1.278,Semiconductor,I4_1/a,88,32
Zn(TeSe)2_id1361_E-3.14.cif,Zn(TeSe)2,-3.1358,0.903,Semiconductor,P2/m,10,5
InSn2(Te3Se)2_id3028_E-3.13.cif,InSn2(Te3Se)2,-3.1331,0.844,Semiconductor,P1,1,22
Te_id2250_E-3.13.cif,Te,-3.1315,0.943,Semiconductor,P4/m,83,8
LiTi2Be2ZnBAs2S5_id2543_E-3.13.cif,LiTi2Be2ZnBAs2S5,-3.129,0.562,Semiconductor,P2_1/m,11,28
KNa2O2_id4564_E-3.13.cif,KNa2O2,-3.1274,2.16,Semiconductor,P4/mmm,123,20
NaSi2(Te2Se)4_id530_E-3.13.cif,NaSi2(Te2Se)4,-3.1263,0.923,Semiconductor,P-42m,111,15
K3LiMg3Ti3Si3(BAs2)3_id2387_E-3.12.cif,K3LiMg3Ti3Si3(BAs2)3,-3.1245,0.733,Semiconductor,P3,143,22
Te_id4316_E-3.12.cif,Te,-3.1209,0.064,Semiconductor,P6_222,180,6
Na2Li2Al2SiP_id3004_E-3.12.cif,Na2Li2Al2SiP,-3.1194,0.714,Semiconductor,P-4n2,118,16
Te_id593_E-3.12.cif,Te,-3.119,0.241,Semiconductor,P6_3/m,176,14
NaCdInSn6Sb_id688_E-3.12.cif,NaCdInSn6Sb,-3.1161,0.089,Semiconductor,P312,149,10
MgZn2Cd4(GaO2)2_id1897_E-3.12.cif,MgZn2Cd4(GaO2)2,-3.1155,0.394,Semiconductor,Cmce,64,52
KNaSnP_id4268_E-3.11.cif,KNaSnP,-3.1127,0.97,Semiconductor,P4_2/mmc,131,8
Te_id1288_E-3.11.cif,Te,-3.1126,0.362,Semiconductor,P2_12_12,18,8
KLiO6_id4768_E-3.11.cif,KLiO6,-3.111,3.782,Insulator,P-31c,163,16
KLiAs3_id304_E-3.11.cif,KLiAs3,-3.1061,1.021,Semiconductor,Immm,71,10
KSb4AsO2_id172_E-3.10.cif,KSb4AsO2,-3.1041,1.013,Semiconductor,Pmmm,47,8
K2Ba6Sr(CdN)6_id2388_E-3.10.cif,K2Ba6Sr(CdN)6,-3.1005,1.4,Semiconductor,P-3c1,165,42
Se4S_id2718_E-3.10.cif,Se4S,-3.0979,1.573,Semiconductor,I4_1/a,88,20
NaCd6GaO6_id1273_E-3.10.cif,NaCd6GaO6,-3.0961,0.187,Semiconductor,P-31c,163,28
KSr3N_id264_E-3.09.cif,KSr3N,-3.0931,0.628,Semiconductor,Pm-3m,221,5
Mg2ZnTeS2_id3850_E-3.09.cif,Mg2ZnTeS2,-3.093,0.253,Semiconductor,Cmmm,65,12
Zn2GeB_id2900_E-3.09.cif,Zn2GeB,-3.0921,1.39,Semiconductor,P6_222,180,12
ScZn2_id500_E-3.08.cif,ScZn2,-3.0833,2.148,Semiconductor,Cmme,67,24
K2S5_id3709_E-3.08.cif,K2S5,-3.0814,2.677,Semiconductor,P1,1,21
KTeS_id4100_E-3.08.cif,KTeS,-3.076,0.109,Semiconductor,Pcc2,27,12
GaTe_id3091_E-3.07.cif,GaTe,-3.073,3.908,Insulator,C2,5,6
Li3Sb_id3731_E-3.07.cif,Li3Sb,-3.0728,1.165,Semiconductor,Pa-3,205,16
LiSnTe2_id22_E-3.07.cif,LiSnTe2,-3.0707,0.94,Semiconductor,I-42d,122,32
Te5Se2_id1767_E-3.07.cif,Te5Se2,-3.0698,0.864,Semiconductor,P3m1,156,7
Na2ZnP2_id2295_E-3.07.cif,Na2ZnP2,-3.0685,0.856,Semiconductor,P4/mnc,128,20
Li5MgAlTe4_id4708_E-3.07.cif,Li5MgAlTe4,-3.0678,1.369,Semiconductor,P-42m,111,11
Li5Zn2Te2(SeS)2_id3214_E-3.07.cif,Li5Zn2Te2(SeS)2,-3.0653,1.217,Semiconductor,P4_2mc,105,26
Te7AsSe4_id3031_E-3.06.cif,Te7AsSe4,-3.0649,0.99,Semiconductor,P1,1,12
K3Sb4_id360_E-3.06.cif,K3Sb4,-3.0618,0.134,Semiconductor,P3c1,158,14
Te_id4116_E-3.06.cif,Te,-3.0585,0.38,Semiconductor,Pbcn,60,12
Li2SiBO17_id644_E-3.05.cif,Li2SiBO17,-3.0548,1.443,Semiconductor,Pc,7,42
BaNa6AlZnSi6Sn7_id1728_E-3.05.cif,BaNa6AlZnSi6Sn7,-3.0526,0.412,Semiconductor,P312,149,22
Te_id2692_E-3.05.cif,Te,-3.0458,1.272,Semiconductor,P2_12_12_1,19,16
ZnS_id4328_E-3.05.cif,ZnS,-3.0456,1.951,Semiconductor,P4_32_12,96,16
LiAl(GaS)2_id4991_E-3.04.cif,LiAl(GaS)2,-3.0449,1.327,Semiconductor,P4_2/mmc,131,12
CaMg2In2(AsSe)2_id2919_E-3.04.cif,CaMg2In2(AsSe)2,-3.0437,0.053,Semiconductor,Pbcn,60,36
LiSe2_id4527_E-3.03.cif,LiSe2,-3.0336,1.113,Semiconductor,P4_2cm,101,24
Sc3Ga5_id1563_E-3.03.cif,Sc3Ga5,-3.0322,3.709,Insulator,P-3m1,164,16
Te3As3P_id1184_E-3.02.cif,Te3As3P,-3.0241,3.133,Semiconductor,P2_12_12_1,19,28
O2_id355_E-3.02.cif,O2,-3.0201,0.871,Semiconductor,R-3c,167,24
KLi4In2Te4PO4_id2017_E-3.02.cif,KLi4In2Te4PO4,-3.0183,2.254,Semiconductor,I222,23,32
K5Na13O12_id4447_E-3.02.cif,K5Na13O12,-3.0167,1.828,Semiconductor,P2,3,30
K7BaNa15O16_id4797_E-3.01.cif,K7BaNa15O16,-3.015,1.593,Semiconductor,P-1,2,39
Na2Li2GeO_id3491_E-3.01.cif,Na2Li2GeO,-3.0133,1.217,Semiconductor,P4_322,95,24
Te_id4040_E-3.00.cif,Te,-3.0029,1.018,Semiconductor,Pbca,61,8
KNa4PS2_id1025_E-3.00.cif,KNa4PS2,-2.999,1.659,Semiconductor,I222,23,16
K2In9Sb2Te2(NO4)2_id1654_E-2.99.cif,K2In9Sb2Te2(NO4)2,-2.9922,0.84,Semiconductor,P2/m,10,25
AsSe6_id4353_E-2.99.cif,AsSe6,-2.9908,1.143,Semiconductor,I-42d,122,28
K2SiGe_id2407_E-2.99.cif,K2SiGe,-2.9873,1.154,Semiconductor,P4_32_12,96,16
Sn(TeSe)4_id2929_E-2.98.cif,Sn(TeSe)4,-2.9791,0.1,Semiconductor,P-42_1c,114,18
LiMgTe_id2638_E-2.98.cif,LiMgTe,-2.9787,1.16,Semiconductor,F-43m,216,12
O2_id4222_E-2.98.cif,O2,-2.9774,2.61,Semiconductor,R-3c,167,24
O2_id395_E-2.98.cif,O2,-2.9765,1.055,Semiconductor,P4_2bc,106,28
Na4Al3BO21_id1175_E-2.97.cif,Na4Al3BO21,-2.974,2.531,Semiconductor,P31c,159,58
K4Li2In5GaS4_id4725_E-2.97.cif,K4Li2In5GaS4,-2.9665,0.582,Semiconductor,I-42m,121,32
LiAl2Zn4GaGe(TeS)4_id1596_E-2.96.cif,LiAl2Zn4GaGe(TeS)4,-2.9578,1.429,Semiconductor,I222,23,34
Zn2O_id2323_E-2.96.cif,Zn2O,-2.9562,0.481,Semiconductor,Cmc2_1,36,12
BeZnB_id3896_E-2.95.cif,BeZnB,-2.9511,0.185,Semiconductor,P6_222,180,18
Ba4Sr4Cd2GeAsSe2(SO)2_id3812_E-2.95.cif,Ba4Sr4Cd2GeAsSe2(SO)2,-2.9473,0.239,Semiconductor,P3_221,154,54
Ba4Sb_id3196_E-2.95.cif,Ba4Sb,-2.9454,0.277,Semiconductor,Pban,50,10
Na4Li4Al3ZnGa(B2C)2_id3202_E-2.94.cif,Na4Li4Al3ZnGa(B2C)2,-2.9436,1.242,Semiconductor,P4,75,19
Na(CdSe2)2_id792_E-2.93.cif,Na(CdSe2)2,-2.9263,1.429,Semiconductor,P-42m,111,7
Na(LiSe2)3_id701_E-2.92.cif,Na(LiSe2)3,-2.9247,0.211,Semiconductor,Im-3m,229,20
Ba2In(SnAs)2_id4023_E-2.92.cif,Ba2In(SnAs)2,-2.9177,0.818,Semiconductor,P4_2/m,84,28
Zn(GaTe)2_id3412_E-2.92.cif,Zn(GaTe)2,-2.9152,0.85,Semiconductor,P-42_1m,113,10
Zn2Ga(SeS)2_id4722_E-2.92.cif,Zn2Ga(SeS)2,-2.9151,2.039,Semiconductor,Pnn2,34,14
BaNa3Li2O3_id3393_E-2.91.cif,BaNa3Li2O3,-2.9141,2.947,Semiconductor,P-6c2,188,18
Sr2Ca3GaS2_id2884_E-2.91.cif,Sr2Ca3GaS2,-2.9105,0.486,Semiconductor,P6_3/mmc,194,16
NaMg2Al3Te4_id2231_E-2.90.cif,NaMg2Al3Te4,-2.8999,0.689,Semiconductor,P4_2/m,84,20
LiCaSnSb4_id4589_E-2.90.cif,LiCaSnSb4,-2.8972,0.609,Semiconductor,Cmm2,35,14
K3O_id4302_E-2.89.cif,K3O,-2.8932,0.85,Semiconductor,R-3c,167,24
KNaCaO6_id4085_E-2.89.cif,KNaCaO6,-2.8915,0.072,Semiconductor,P4_322,95,36
K(GaSn)2_id1858_E-2.89.cif,K(GaSn)2,-2.8875,0.572,Semiconductor,I4/mcm,140,20
K2In2GeO3_id1422_E-2.89.cif,K2In2GeO3,-2.8859,2.265,Semiconductor,P-6m2,187,8
K2ZnO2_id4267_E-2.88.cif,K2ZnO2,-2.8811,1.818,Semiconductor,P-42_1m,113,10
Li2Zn4CdPS4_id3332_E-2.87.cif,Li2Zn4CdPS4,-2.8698,1.205,Semiconductor,P-42c,112,24
Ba(CdTe)2_id2595_E-2.85.cif,Ba(CdTe)2,-2.853,0.181,Semiconductor,P4_2/nbc,133,40
Na4MgCd2InSb4(SeS)4_id393_E-2.85.cif,Na4MgCd2InSb4(SeS)4,-2.8516,1.037,Semiconductor,I-42m,121,40
LiMg2CdTe3As_id4549_E-2.84.cif,LiMg2CdTe3As,-2.842,0.436,Semiconductor,P2_12_12,18,32
Te_id4117_E-2.83.cif,Te,-2.8335,0.313,Semiconductor,Pba2,32,18
Mg3ZnAs6_id2065_E-2.83.cif,Mg3ZnAs6,-2.8293,1.02,Semiconductor,Fm-3m,225,40
BaSrCaSiTeAsSe_id4540_E-2.82.cif,BaSrCaSiTeAsSe,-2.8191,0.471,Semiconductor,Pca2_1,29,28
KNa3TeSe2_id3309_E-2.82.cif,KNa3TeSe2,-2.8178,1.538,Semiconductor,R-3m,166,21
K3ScTe3_id4110_E-2.81.cif,K3ScTe3,-2.8109,0.307,Semiconductor,Pm-3n,223,14
Ge3As2Se_id1610_E-2.80.cif,Ge3As2Se,-2.7993,0.981,Semiconductor,P4/mmm,123,6
Na4As3_id1032_E-2.79.cif,Na4As3,-2.7859,1.151,Semiconductor,I-43d,220,28
Na4Sb3_id4984_E-2.79.cif,Na4Sb3,-2.7859,0.858,Semiconductor,P4_22_12,94,14
Li3CdTe3_id4107_E-2.78.cif,Li3CdTe3,-2.7818,1.582,Semiconductor,Pm-3n,223,14
Li2AlZnTe4_id878_E-2.78.cif,Li2AlZnTe4,-2.7814,0.29,Semiconductor,I-42d,122,32
Ba2Cd(TeS)2_id795_E-2.78.cif,Ba2Cd(TeS)2,-2.777,0.265,Semiconductor,P2,3,28
Mg4TiAlZnSbTe3_id4460_E-2.78.cif,Mg4TiAlZnSbTe3,-2.7754,1.507,Semiconductor,R3,146,33
Zn2CdS2_id4139_E-2.77.cif,Zn2CdS2,-2.7715,1.373,Semiconductor,Pca2_1,29,20
Na8Sb7_id1349_E-2.77.cif,Na8Sb7,-2.7687,0.372,Semiconductor,Fm-3m,225,60
Ba2As5_id2274_E-2.77.cif,Ba2As5,-2.7673,0.091,Semiconductor,P6_3/mcm,193,14
KBa(GeB)2_id2605_E-2.77.cif,KBa(GeB)2,-2.7671,1.456,Semiconductor,P4_2/nnm,134,48
Na3N_id4333_E-2.76.cif,Na3N,-2.761,1.492,Semiconductor,C222_1,20,16
KSn_id2533_E-2.75.cif,KSn,-2.7545,0.184,Semiconductor,Fd-3m,227,8
Li9GeAs4_id2167_E-2.75.cif,Li9GeAs4,-2.7543,0.487,Semiconductor,Im-3m,229,28
Sc(Ga2Si)2_id4699_E-2.75.cif,Sc(Ga2Si)2,-2.7463,0.559,Semiconductor,P4_322,95,28
Ca3B_id2506_E-2.73.cif,Ca3B,-2.7314,0.086,Semiconductor,P6_222,180,12
ZnS_id1559_E-2.73.cif,ZnS,-2.7312,0.062,Semiconductor,P4_22_12,94,24
Ca2Te2Se_id94_E-2.73.cif,Ca2Te2Se,-2.7269,0.163,Semiconductor,P2_1/c,14,20
ScPNO5_id3130_E-2.71.cif,ScPNO5,-2.7116,1.635,Semiconductor,P2_1/c,14,32
AlInGa_id2300_E-2.71.cif,AlInGa,-2.7051,0.641,Semiconductor,P3_221,154,9
CaZnTe_id2740_E-2.69.cif,CaZnTe,-2.6935,1.104,Semiconductor,P6_3/mmc,194,6
Ge2TeAsSe2_id4386_E-2.69.cif,Ge2TeAsSe2,-2.6924,1.927,Semiconductor,P4/mmm,123,6
AlZnAs_id3232_E-2.69.cif,AlZnAs,-2.6919,1.254,Semiconductor,Pca2_1,29,12
KP(S2O5)4_id4718_E-2.69.cif,KP(S2O5)4,-2.6909,1.664,Semiconductor,P4/n,85,60
BaTi2BeO2_id4173_E-2.69.cif,BaTi2BeO2,-2.6905,1.06,Semiconductor,P6_3/mmc,194,12
Ti2BeZn4GaSn2_id3014_E-2.69.cif,Ti2BeZn4GaSn2,-2.6874,0.239,Semiconductor,P1,1,30
K5Cd4(SO)4_id2306_E-2.68.cif,K5Cd4(SO)4,-2.684,3.633,Insulator,P4_2/n,86,34
K3Cd3SbO9_id4506_E-2.68.cif,K3Cd3SbO9,-2.6793,3.092,Semiconductor,P-6m2,187,16
BaO2_id2462_E-2.68.cif,BaO2,-2.6785,1.743,Semiconductor,P-6,174,9
ScAl4(ZnS)8_id4829_E-2.67.cif,ScAl4(ZnS)8,-2.6677,2.413,Semiconductor,P4_2/nmc,137,42
Be(ZnAs)3_id213_E-2.67.cif,Be(ZnAs)3,-2.6671,1.051,Semiconductor,Pm-3n,223,14
In4Sb_id2293_E-2.66.cif,In4Sb,-2.664,0.053,Semiconductor,Pm-3m,221,5
K3Na7SO4_id2006_E-2.66.cif,K3Na7SO4,-2.6635,0.27,Semiconductor,P6_322,182,30
K2O_id4389_E-2.66.cif,K2O,-2.6629,2.036,Semiconductor,P-4c2,116,24
Mg2ZnGaGe(TeSe)2_id150_E-2.66.cif,Mg2ZnGaGe(TeSe)2,-2.6588,1.05,Semiconductor,Cmme,67,36
Ba5O8_id1016_E-2.66.cif,Ba5O8,-2.6576,2.037,Semiconductor,P4/mmm,123,13
K9Ba4Mg4SbO10_id2081_E-2.66.cif,K9Ba4Mg4SbO10,-2.6553,0.1,Semiconductor,I-42m,121,56
Na6SnSb4_id2546_E-2.64.cif,Na6SnSb4,-2.6445,0.408,Semiconductor,Im-3m,229,22
Be2Si3_id1584_E-2.64.cif,Be2Si3,-2.6413,2.85,Semiconductor,C222_1,20,20
Li8N3O4_id4988_E-2.63.cif,Li8N3O4,-2.6349,1.288,Semiconductor,Cmcm,63,60
Li(ScSi2)2_id4741_E-2.63.cif,Li(ScSi2)2,-2.6309,2.8,Semiconductor,Ccce,68,28
Cd2AsS2_id2904_E-2.63.cif,Cd2AsS2,-2.6284,1.581,Semiconductor,I4/mmm,139,10
KGe4As_id343_E-2.62.cif,KGe4As,-2.6198,2.49,Semiconductor,Amm2,38,12
KInGaO2_id1282_E-2.61.cif,KInGaO2,-2.61,1.416,Semiconductor,P3_221,154,15
Li2MgBeZn2Ga2PS2_id4018_E-2.61.cif,Li2MgBeZn2Ga2PS2,-2.607,0.572,Semiconductor,P-1,2,22
ZnCd2In3PS3_id2211_E-2.61.cif,ZnCd2In3PS3,-2.6062,0.218,Semiconductor,Aem2,39,40
K3Na3S4_id3887_E-2.61.cif,K3Na3S4,-2.6059,2.633,Semiconductor,P4_2/m,84,20
Li5AlGe_id2974_E-2.60.cif,Li5AlGe,-2.6041,0.055,Semiconductor,I4/mcm,140,28
KBe2CdSeO3_id3499_E-2.60.cif,KBe2CdSeO3,-2.6019,2.371,Semiconductor,Pmmn,59,16
K4Na4InTe4_id294_E-2.60.cif,K4Na4InTe4,-2.6005,0.141,Semiconductor,I4/m,87,26
Na2SrLi2In4(SnSb)2_id1156_E-2.59.cif,Na2SrLi2In4(SnSb)2,-2.5858,0.252,Semiconductor,Iba2,45,52
K2CaInSn2Sb3_id1670_E-2.59.cif,K2CaInSn2Sb3,-2.5855,0.761,Semiconductor,Pnnm,58,18
ZnGaSiSb2Te_id4166_E-2.58.cif,ZnGaSiSb2Te,-2.5786,0.175,Semiconductor,P3_221,154,18
K4LiSb3_id2105_E-2.57.cif,K4LiSb3,-2.5735,0.795,Semiconductor,Im-3m,229,16
Na2Li8CaAs6_id1150_E-2.57.cif,Na2Li8CaAs6,-2.5719,0.821,Semiconductor,I-42m,121,34
ZnTe2_id2242_E-2.57.cif,ZnTe2,-2.5682,0.932,Semiconductor,Pn-3m,224,6
Ti(SbO)3_id4499_E-2.56.cif,Ti(SbO)3,-2.5619,1.264,Semiconductor,P6_3,173,14
LiMg4Ti_id2326_E-2.56.cif,LiMg4Ti,-2.5593,0.123,Semiconductor,I4_1/amd,141,24
Li2MgCdTe4_id1056_E-2.56.cif,Li2MgCdTe4,-2.5566,0.544,Semiconductor,I-42d,122,32
Na2LiCd2Sn2P3_id2296_E-2.55.cif,Na2LiCd2Sn2P3,-2.55,0.419,Semiconductor,P4mm,99,20
Li2Ga3_id2459_E-2.55.cif,Li2Ga3,-2.5474,0.417,Semiconductor,Pm,6,10
KSi2PO17_id774_E-2.53.cif,KSi2PO17,-2.5316,0.377,Semiconductor,P2_1,4,42
NaGa2_id1133_E-2.52.cif,NaGa2,-2.5242,0.061,Semiconductor,I4/mcm,140,12
K4Na2SbS2_id3623_E-2.52.cif,K4Na2SbS2,-2.5223,2.07,Semiconductor,Imm2,44,18
CaMg4GeO_id923_E-2.52.cif,CaMg4GeO,-2.5206,0.264,Semiconductor,P4/nbm,125,14
K4Sn2Sb_id4042_E-2.51.cif,K4Sn2Sb,-2.512,0.453,Semiconductor,P4_2/m,84,14
K3Ge4_id4664_E-2.51.cif,K3Ge4,-2.5104,0.231,Semiconductor,P6mm,183,7
BaSrCa3BAsNO2_id3445_E-2.51.cif,BaSrCa3BAsNO2,-2.5078,2.003,Semiconductor,Pm,6,20
Na2MgSb2_id3025_E-2.50.cif,Na2MgSb2,-2.5019,0.27,Semiconductor,R-3,148,45
Na2LiAlZn5O4_id699_E-2.49.cif,Na2LiAlZn5O4,-2.4881,1.902,Semiconductor,P-42c,112,26
Na4Ge3_id3361_E-2.48.cif,Na4Ge3,-2.4768,1.258,Semiconductor,I-43d,220,28
NaSrAlSbAs3_id1455_E-2.48.cif,NaSrAlSbAs3,-2.4762,0.428,Semiconductor,P3m1,156,7
Na2Te_id4419_E-2.46.cif,Na2Te,-2.4583,1.511,Semiconductor,P4_3,78,12
Na2Cd2Sn2Sb_id193_E-2.45.cif,Na2Cd2Sn2Sb,-2.4513,0.083,Semiconductor,Cccm,66,28
KBaLi2Ge_id1602_E-2.45.cif,KBaLi2Ge,-2.4504,0.191,Semiconductor,I-4m2,119,10
KCdGaTeSe2_id1623_E-2.45.cif,KCdGaTeSe2,-2.4457,1.162,Semiconductor,Pca2_1,29,24
Na3Sn2_id1850_E-2.44.cif,Na3Sn2,-2.4385,0.174,Semiconductor,I-43m,217,20
Mg2In2Te3_id1247_E-2.43.cif,Mg2In2Te3,-2.4346,0.304,Semiconductor,I4/mcm,140,28
BaCaTe2_id1471_E-2.43.cif,BaCaTe2,-2.434,0.918,Semiconductor,P4_2/m,84,16
Na3Te_id2726_E-2.42.cif,Na3Te,-2.4227,2.009,Semiconductor,Cmme,67,16
Al2Ga2Ge(NO2)2_id3451_E-2.41.cif,Al2Ga2Ge(NO2)2,-2.4144,1.981,Semiconductor,P4/mnc,128,44
Na3Sb4_id782_E-2.41.cif,Na3Sb4,-2.4138,0.05,Metal,R-3,148,42
Na2P_id2760_E-2.41.cif,Na2P,-2.4093,0.106,Semiconductor,P4_12_12,92,12
Na2LiSn2Te_id2881_E-2.41.cif,Na2LiSn2Te,-2.4068,0.072,Semiconductor,P2_1/m,11,12
Li7Ge_id39_E-2.41.cif,Li7Ge,-2.4062,0.308,Semiconductor,Im-3m,229,16
K2Ba4PO_id2345_E-2.41.cif,K2Ba4PO,-2.4059,0.063,Semiconductor,P3_221,154,24
MgIn10Sn_id2664_E-2.40.cif,MgIn10Sn,-2.4047,1.464,Semiconductor,P-6m2,187,12
Na2ScGa_id2434_E-2.40.cif,Na2ScGa,-2.4045,0.087,Semiconductor,P4_332,212,16
K2Cd3In3O2_id3257_E-2.40.cif,K2Cd3In3O2,-2.401,0.267,Semiconductor,Ibam,72,40
K4InSn4_id2193_E-2.40.cif,K4InSn4,-2.3995,0.144,Semiconductor,P3,143,9
NaMgZnCdTe12As2PSe2_id4516_E-2.39.cif,NaMgZnCdTe12As2PSe2,-2.3859,0.811,Semiconductor,P1,1,21
ScZnSnO_id1648_E-2.38.cif,ScZnSnO,-2.3796,0.085,Semiconductor,P6_522,179,24
AlZnO4_id1317_E-2.38.cif,AlZnO4,-2.3787,1.125,Semiconductor,P3_221,154,18
Na3In7(SnSe)6_id1840_E-2.37.cif,Na3In7(SnSe)6,-2.3734,1.265,Semiconductor,C2/m,12,44
ZnSe2_id322_E-2.37.cif,ZnSe2,-2.3665,1.056,Semiconductor,P6_522,179,18
Li2AlZn2O8_id4792_E-2.36.cif,Li2AlZn2O8,-2.3613,3.601,Insulator,I-42d,122,52
Na3O_id4951_E-2.36.cif,Na3O,-2.3601,0.734,Semiconductor,Cmmm,65,16
ZnGa2Sn_id4560_E-2.35.cif,ZnGa2Sn,-2.3487,0.073,Semiconductor,Pmmm,47,4
Ba3Sr4(TeO3)2_id4092_E-2.34.cif,Ba3Sr4(TeO3)2,-2.3428,2.984,Semiconductor,P2_1/c,14,30
BaLiMgZnIn2Sb2Te9AsSe2S_id227_E-2.33.cif,BaLiMgZnIn2Sb2Te9AsSe2S,-2.333,0.068,Semiconductor,P2_1,4,42
BeZnGaTe_id2926_E-2.33.cif,BeZnGaTe,-2.3329,1.159,Semiconductor,P2_1/m,11,8
Na7S10_id3217_E-2.33.cif,Na7S10,-2.3303,3.96,Insulator,Amm2,38,17
Cd4O3_id2377_E-2.32.cif,Cd4O3,-2.321,0.914,Semiconductor,Pccn,56,28
K7Ga(TeO)4_id2527_E-2.31.cif,K7Ga(TeO)4,-2.3133,0.608,Semiconductor,P-43m,215,16
Na2Zn2GeTe_id4157_E-2.31.cif,Na2Zn2GeTe,-2.3129,1.047,Semiconductor,I-4m2,119,12
Na2Si_id4772_E-2.31.cif,Na2Si,-2.3116,0.081,Semiconductor,Pa-3,205,12
KMgIn7Sb4_id3062_E-2.31.cif,KMgIn7Sb4,-2.3101,0.435,Semiconductor,I-4m2,119,26
BaNaLiAs_id2210_E-2.31.cif,BaNaLiAs,-2.3075,0.85,Semiconductor,P4_2/mmc,131,8
Ba2CaS_id2714_E-2.30.cif,Ba2CaS,-2.3044,0.978,Semiconductor,I4/mmm,139,8
NaSr3Sb2_id3045_E-2.30.cif,NaSr3Sb2,-2.3028,0.67,Semiconductor,P6_5,170,36
K3SrInSn5_id2394_E-2.29.cif,K3SrInSn5,-2.29,0.07,Semiconductor,P3c1,158,20
K(NaSn)2_id1614_E-2.29.cif,K(NaSn)2,-2.2893,0.627,Semiconductor,C2/m,12,10
K2InGa2_id342_E-2.29.cif,K2InGa2,-2.2871,0.462,Semiconductor,Ibca,73,40
K2Al3(InSe2)2_id4701_E-2.28.cif,K2Al3(InSe2)2,-2.2816,0.649,Semiconductor,Pnnn,48,22
K2ScAlZnGaGeS_id3263_E-2.28.cif,K2ScAlZnGaGeS,-2.2796,0.072,Semiconductor,P4_122,91,32
AlGa2Te2Se2(S3O)2_id2438_E-2.28.cif,AlGa2Te2Se2(S3O)2,-2.2778,2.25,Semiconductor,P-42_1m,113,30
Mg2SbTe2_id1999_E-2.25.cif,Mg2SbTe2,-2.2485,0.417,Semiconductor,P4_2mc,105,10
Na6InSb2_id4380_E-2.25.cif,Na6InSb2,-2.2475,0.099,Semiconductor,P-3m1,164,18
CaZn4Si4(GeAs)4_id81_E-2.25.cif,CaZn4Si4(GeAs)4,-2.2456,0.197,Semiconductor,P4_2/n,86,34
KNa2Cd(GaSi)2_id1807_E-2.23.cif,KNa2Cd(GaSi)2,-2.2329,0.806,Semiconductor,P6_1,169,48
Ba3SrCaCd(In2Te3)2_id2303_E-2.23.cif,Ba3SrCaCd(In2Te3)2,-2.23,1.387,Semiconductor,P2_1/m,11,32
Na3Sn2_id4223_E-2.22.cif,Na3Sn2,-2.2221,0.418,Semiconductor,P2_1/m,11,10
NaIn2_id2122_E-2.22.cif,NaIn2,-2.2188,0.433,Semiconductor,P4_32_12,96,12
Ca3S_id4196_E-2.22.cif,Ca3S,-2.2183,0.285,Semiconductor,I4/mmm,139,8
Na4GeSb_id3447_E-2.22.cif,Na4GeSb,-2.2173,0.077,Semiconductor,Cmcm,63,24
MgZnGa2Se4(SO4)4_id1202_E-2.21.cif,MgZnGa2Se4(SO4)4,-2.2125,2.516,Semiconductor,P-42c,112,56
Na5Ti2In_id2456_E-2.21.cif,Na5Ti2In,-2.2112,0.833,Semiconductor,P2/c,13,16
K8NaSrSe4_id234_E-2.21.cif,K8NaSrSe4,-2.209,0.223,Semiconductor,I4_1/a,88,56
K5S2_id338_E-2.19.cif,K5S2,-2.1928,2.423,Semiconductor,P6/mmm,191,7
KO3_id2288_E-2.19.cif,KO3,-2.1915,0.742,Semiconductor,P1,1,32
K10Na3Al3In6Sn6Ge(AsP)3_id4804_E-2.19.cif,K10Na3Al3In6Sn6Ge(AsP)3,-2.1911,0.15,Semiconductor,P3,143,35
Li25Sb4_id2857_E-2.19.cif,Li25Sb4,-2.1883,0.28,Semiconductor,P2,3,29
Na3Ge_id933_E-2.19.cif,Na3Ge,-2.1881,0.08,Semiconductor,Pm-3n,223,8
Ba2Li2In5_id843_E-2.18.cif,Ba2Li2In5,-2.1826,3.222,Semiconductor,Iba2,45,36
K2Li2Sb_id4203_E-2.17.cif,K2Li2Sb,-2.1731,1.145,Semiconductor,P4_322,95,20
K3NaTi6_id3745_E-2.17.cif,K3NaTi6,-2.1729,0.12,Semiconductor,Im-3m,229,20
AlCd3Te5Se2S3_id57_E-2.17.cif,AlCd3Te5Se2S3,-2.1654,0.52,Semiconductor,P2_1,4,56
Al2GaTe4_id389_E-2.15.cif,Al2GaTe4,-2.1543,0.14,Semiconductor,P-42m,111,7
Cd2SnAsSe4_id2200_E-2.15.cif,Cd2SnAsSe4,-2.1541,1.224,Semiconductor,P31c,159,16
K3N_id3493_E-2.15.cif,K3N,-2.1515,2.024,Semiconductor,Pm-3m,221,32
TePSe5_id665_E-2.13.cif,TePSe5,-2.1305,1.456,Semiconductor,P2/m,10,7
Zn2O_id107_E-2.12.cif,Zn2O,-2.1213,1.771,Semiconductor,Amm2,38,12
Mg2Ge_id3556_E-2.11.cif,Mg2Ge,-2.115,0.302,Semiconductor,Pcc2,27,12
K4TiIn4_id4601_E-2.11.cif,K4TiIn4,-2.1088,0.518,Semiconductor,P-42_1c,114,18
Li2Mg5Sc2Ti2(CdTe)2_id82_E-2.11.cif,Li2Mg5Sc2Ti2(CdTe)2,-2.1087,0.304,Semiconductor,Fmm2,42,60
Li6TiZn2_id2978_E-2.11.cif,Li6TiZn2,-2.1062,0.995,Semiconductor,Fm-3m,225,36
NaLi5Te_id926_E-2.10.cif,NaLi5Te,-2.1022,0.855,Semiconductor,Pnn2,34,28
K2Na3P_id17_E-2.10.cif,K2Na3P,-2.1013,0.263,Semiconductor,P2_12_12,18,12
Li4AlSi2_id3666_E-2.08.cif,Li4AlSi2,-2.083,0.585,Semiconductor,P4_12_12,92,28
NaIn_id3003_E-2.08.cif,NaIn,-2.0796,0.411,Semiconductor,Cmcm,63,8
K4BaNaLiCd3InSnGe2AsP2O_id1500_E-2.07.cif,K4BaNaLiCd3InSnGe2AsP2O,-2.069,0.246,Semiconductor,P3_1,144,54
Ba2BeZn3Ga2_id3986_E-2.02.cif,Ba2BeZn3Ga2,-2.0246,0.107,Semiconductor,P3_121,152,24
CdSnSbTeO_id475_E-2.02.cif,CdSnSbTeO,-2.0217,0.415,Semiconductor,Pcca,54,40
KLiAs_id4496_E-2.02.cif,KLiAs,-2.0188,0.866,Semiconductor,P4_32_12,96,12
Na3Sn_id3144_E-2.02.cif,Na3Sn,-2.0156,0.265,Semiconductor,R-3,148,24
Ga_id532_E-2.01.cif,Ga,-2.0133,1.942,Semiconductor,Cmmm,65,22
K2In2Sb3_id1589_E-2.01.cif,K2In2Sb3,-2.009,0.053,Semiconductor,I2_12_12_1,24,28
K2Ba2Li2Te(PO2)2_id1553_E-2.00.cif,K2Ba2Li2Te(PO2)2,-2.0028,2.766,Semiconductor,Pccn,56,52
Na(AlZn)2_id1613_E-2.00.cif,Na(AlZn)2,-2.0019,0.626,Semiconductor,I4/mcm,140,20
K2Ge_id3383_E-2.00.cif,K2Ge,-1.9965,0.06,Semiconductor,Pa-3,205,12
KNaSr2TeS4_id2793_E-2.00.cif,KNaSr2TeS4,-1.9952,0.169,Semiconductor,P4/mmm,123,9
Mg5SbTe5As_id937_E-1.99.cif,Mg5SbTe5As,-1.9925,0.956,Semiconductor,Cm,8,24
Li2Ga2Te3_id156_E-1.97.cif,Li2Ga2Te3,-1.9719,0.336,Semiconductor,I4_132,214,28
K12NaCa3InO6_id4691_E-1.97.cif,K12NaCa3InO6,-1.9703,0.099,Semiconductor,P-31c,163,46
NaMg7Al6Zn3O6_id2639_E-1.96.cif,NaMg7Al6Zn3O6,-1.9594,0.114,Semiconductor,Pm-3,200,23
KMg2Cd16SnO4_id1305_E-1.95.cif,KMg2Cd16SnO4,-1.9507,1.323,Semiconductor,I-42m,121,48
Li3CaMg2ScAl2Cd2GaSn2SbTe3SeS2_id2013_E-1.95.cif,Li3CaMg2ScAl2Cd2GaSn2SbTe3SeS2,-1.9459,0.768,Semiconductor,P1,1,42
Li2Mg2InGe2_id3583_E-1.94.cif,Li2Mg2InGe2,-1.9419,0.858,Semiconductor,I4/mcm,140,28
Sr2CdB_id866_E-1.94.cif,Sr2CdB,-1.939,0.07,Semiconductor,P6_422,181,12
NaLi2Sc2Cd3Ga2_id4058_E-1.94.cif,NaLi2Sc2Cd3Ga2,-1.939,0.294,Semiconductor,Cccm,66,40
Na4Mg(ZnSb)4_id1433_E-1.94.cif,Na4Mg(ZnSb)4,-1.9381,0.393,Semiconductor,I4_1/a,88,52
NaCd4As2(NO4)4_id1047_E-1.94.cif,NaCd4As2(NO4)4,-1.9353,2.337,Semiconductor,I222,23,54
Li4Te3_id188_E-1.93.cif,Li4Te3,-1.9337,1.049,Semiconductor,I4_132,214,28
MgAl3SiTe2_id3186_E-1.93.cif,MgAl3SiTe2,-1.9327,2.34,Semiconductor,P2_1,4,14
Sc4Ti(SeS10)2_id1777_E-1.92.cif,Sc4Ti(SeS10)2,-1.9232,1.746,Semiconductor,P-1,2,27
Na8Be12Zn6S5O6_id3555_E-1.92.cif,Na8Be12Zn6S5O6,-1.9157,0.253,Semiconductor,P1,1,37
Mg2Cd2In6Ga2Sn6Ge_id1178_E-1.91.cif,Mg2Cd2In6Ga2Sn6Ge,-1.9126,0.06,Semiconductor,P6_4,172,57
KNa7Sb2_id29_E-1.90.cif,KNa7Sb2,-1.9012,0.119,Semiconductor,P312,149,10
Na4Mg3(In2Sn)2_id672_E-1.90.cif,Na4Mg3(In2Sn)2,-1.8967,0.393,Semiconductor,P4_232,208,26
BeZnSi_id384_E-1.89.cif,BeZnSi,-1.8935,0.247,Semiconductor,P4_132,213,24
K3Ba(Li3Ga)4_id2535_E-1.89.cif,K3Ba(Li3Ga)4,-1.8934,0.078,Semiconductor,Im-3,204,40
Mg9(Ga6C)2_id31_E-1.89.cif,Mg9(Ga6C)2,-1.8874,0.888,Semiconductor,P6/mcc,192,46
KTe9_id3346_E-1.89.cif,KTe9,-1.8852,0.458,Semiconductor,C2,5,20
Al3Ga11Si3_id4020_E-1.86.cif,Al3Ga11Si3,-1.8613,2.78,Semiconductor,P31m,157,17
LiSiTe_id3807_E-1.86.cif,LiSiTe,-1.8566,0.589,Semiconductor,P4cc,103,24
KIn_id3356_E-1.83.cif,KIn,-1.8313,0.214,Semiconductor,Cmmm,65,16
Ba2Sb3As2_id2007_E-1.81.cif,Ba2Sb3As2,-1.8129,1.962,Semiconductor,Pm,6,28
In11Ga_id3981_E-1.81.cif,In11Ga,-1.807,0.607,Semiconductor,P6/mmm,191,12
Zn2B_id1680_E-1.80.cif,Zn2B,-1.796,0.387,Semiconductor,P6_422,181,9
K2Ga2Si_id3059_E-1.80.cif,K2Ga2Si,-1.7958,0.419,Semiconductor,I4/mmm,139,10
In_id2464_E-1.79.cif,In,-1.787,0.239,Semiconductor,P222,16,24
Ga3Si2GeSbTe_id2236_E-1.78.cif,Ga3Si2GeSbTe,-1.7846,1.06,Semiconductor,P4_32_12,96,32
Li3Cd2_id4639_E-1.77.cif,Li3Cd2,-1.7735,0.083,Semiconductor,F-43m,216,40
Na2SnSb2Se3_id2261_E-1.77.cif,Na2SnSb2Se3,-1.7723,3.891,Insulator,P4/mmm,123,8
Ti3Zn7_id3115_E-1.77.cif,Ti3Zn7,-1.7696,0.137,Semiconductor,Pm-3,200,10
Sr2Li5Mg5(In2Sn)2_id2980_E-1.76.cif,Sr2Li5Mg5(In2Sn)2,-1.7643,0.082,Semiconductor,P-1,2,18
K6Na7ZnGa2GeSbAs3_id1148_E-1.76.cif,K6Na7ZnGa2GeSbAs3,-1.7624,0.798,Semiconductor,P1,1,21
K4Ti2Si_id921_E-1.76.cif,K4Ti2Si,-1.7622,0.453,Semiconductor,P4/mcc,124,28
Na2Be2AlGaGe_id3606_E-1.76.cif,Na2Be2AlGaGe,-1.7614,0.95,Semiconductor,P3_112,151,21
Zn2B_id235_E-1.76.cif,Zn2B,-1.7572,0.111,Semiconductor,P6_422,181,9
K3Na6(LiAs)2_id1642_E-1.75.cif,K3Na6(LiAs)2,-1.7539,0.869,Semiconductor,R-3,148,39
Na7In3_id716_E-1.75.cif,Na7In3,-1.751,0.453,Semiconductor,I-43d,220,40
K4Na3Sn2_id1459_E-1.75.cif,K4Na3Sn2,-1.7479,0.943,Semiconductor,P4/ncc,130,36
Na12Li8Zn4Cd12In4Si5Te4SO_id1628_E-1.75.cif,Na12Li8Zn4Cd12In4Si5Te4SO,-1.7478,1.858,Semiconductor,P4,75,51
Na7In3_id2973_E-1.75.cif,Na7In3,-1.7461,0.599,Semiconductor,I-43d,220,40
SrCa2Zn4InSe4_id3370_E-1.74.cif,SrCa2Zn4InSe4,-1.7396,0.986,Semiconductor,I4/mcm,140,48
Ca3(SiGe)2_id2994_E-1.73.cif,Ca3(SiGe)2,-1.7284,0.182,Semiconductor,Pm,6,7
CdTe_id80_E-1.73.cif,CdTe,-1.7265,0.452,Semiconductor,P4_2/mmc,131,8
Sc5CdIn_id527_E-1.71.cif,Sc5CdIn,-1.709,0.155,Semiconductor,P4/mmm,123,7
K2Na2BeCdGaTe_id975_E-1.70.cif,K2Na2BeCdGaTe,-1.7048,0.933,Semiconductor,P6,168,48
K6BaZn2(InTe)2_id1183_E-1.70.cif,K6BaZn2(InTe)2,-1.7044,3.878,Insulator,Cmc2_1,36,52
LiBe3(AlZn2)2_id1660_E-1.69.cif,LiBe3(AlZn2)2,-1.6923,2.883,Semiconductor,P-1,2,20
Na2MgIn2_id164_E-1.69.cif,Na2MgIn2,-1.6885,0.508,Semiconductor,Cmce,64,20
BaNaCd(TeS)2_id1811_E-1.69.cif,BaNaCd(TeS)2,-1.6885,0.269,Semiconductor,P2_1/m,11,14
Be3Cd3P_id385_E-1.68.cif,Be3Cd3P,-1.6829,0.281,Semiconductor,Pm-3n,223,14
P4C_id1004_E-1.68.cif,P4C,-1.6828,0.643,Semiconductor,I4_1/amd,141,20
K3In2_id1341_E-1.68.cif,K3In2,-1.6802,0.279,Semiconductor,I4/mmm,139,20
Li6Zn3B_id1649_E-1.68.cif,Li6Zn3B,-1.6774,1.663,Semiconductor,P6_3/m,176,20
BaNa4Ge_id421_E-1.68.cif,BaNa4Ge,-1.6752,0.811,Semiconductor,Pnn2,34,12
CaZnCd_id2442_E-1.66.cif,CaZnCd,-1.6627,0.058,Semiconductor,P6_3/mmc,194,6
Na11(InSn)2_id4073_E-1.66.cif,Na11(InSn)2,-1.6598,0.071,Semiconductor,P3_112,151,45
K19Cd6Sn7Sb3_id4026_E-1.66.cif,K19Cd6Sn7Sb3,-1.6589,0.241,Semiconductor,P6,168,35
In7TeS4_id3064_E-1.64.cif,In7TeS4,-1.6377,1.196,Semiconductor,F-43m,216,48
K2Na6Li2GaAs_id885_E-1.63.cif,K2Na6Li2GaAs,-1.6321,0.498,Semiconductor,P3_112,151,36
K3(NaTe)2_id4666_E-1.63.cif,K3(NaTe)2,-1.6293,0.066,Semiconductor,P4bm,100,14
K2Ba2Na4LiCa(InGa)2_id3835_E-1.62.cif,K2Ba2Na4LiCa(InGa)2,-1.6196,0.238,Semiconductor,P6_2,171,42
K2Na4Li2ZnO2_id3980_E-1.61.cif,K2Na4Li2ZnO2,-1.6086,3.044,Semiconductor,P1,1,22
BaCa2_id1883_E-1.61.cif,BaCa2,-1.6069,0.729,Semiconductor,P1,1,36
KBaSrCa2Be2Zn4CdSbTeAs2_id4592_E-1.59.cif,KBaSrCa2Be2Zn4CdSbTeAs2,-1.5938,0.452,Semiconductor,P3_1,144,48
K3Zn2O_id2025_E-1.59.cif,K3Zn2O,-1.5934,0.275,Semiconductor,Pn-3m,224,12
Sr(LiGa)4_id3897_E-1.59.cif,Sr(LiGa)4,-1.5899,0.119,Semiconductor,P4_2/nmc,137,18
Al2Zn2N3_id762_E-1.58.cif,Al2Zn2N3,-1.5816,2.076,Semiconductor,P4_32_12,96,28
LiCaMgInAs7_id1975_E-1.58.cif,LiCaMgInAs7,-1.5798,0.386,Semiconductor,R3,146,33
Na2Cd2Te_id3100_E-1.58.cif,Na2Cd2Te,-1.5787,1.016,Semiconductor,P1,1,5
Sr2LiMgSi3SnGe_id4709_E-1.57.cif,Sr2LiMgSi3SnGe,-1.5718,3.023,Semiconductor,Pm,6,18
ZnP_id2562_E-1.57.cif,ZnP,-1.5677,1.586,Semiconductor,F-43m,216,32
NaLiZnCdSn_id3242_E-1.56.cif,NaLiZnCdSn,-1.5634,3.087,Semiconductor,Pcc2,27,20
K2Na5B2Sb_id2898_E-1.56.cif,K2Na5B2Sb,-1.5631,0.122,Semiconductor,I222,23,20
Mg4ZnGa4_id2738_E-1.54.cif,Mg4ZnGa4,-1.5438,2.882,Semiconductor,P4_2/nmc,137,18
GeSbTe11As2P2(SeS)2_id3749_E-1.54.cif,GeSbTe11As2P2(SeS)2,-1.5363,1.496,Semiconductor,P1,1,21
K24Ti12As_id551_E-1.51.cif,K24Ti12As,-1.5053,0.508,Semiconductor,Pm-3,200,37
Li3Zn4(CdIn)2_id1375_E-1.51.cif,Li3Zn4(CdIn)2,-1.5053,1.284,Semiconductor,Ibam,72,44
Ba12Na6LiMgSc_id387_E-1.50.cif,Ba12Na6LiMgSc,-1.504,1.174,Semiconductor,P-31c,163,42
Na2GeNO3_id1893_E-1.50.cif,Na2GeNO3,-1.5036,0.115,Semiconductor,P3_212,153,21
BaMgZn2(CdIn)2_id1399_E-1.50.cif,BaMgZn2(CdIn)2,-1.4967,2.654,Semiconductor,Immm,71,16
K4MgCd6In5_id2902_E-1.47.cif,K4MgCd6In5,-1.4742,0.1,Semiconductor,I-42m,121,32
Na2Li4Ga_id4994_E-1.47.cif,Na2Li4Ga,-1.473,0.198,Semiconductor,Fd-3m,227,56
KNaCdGa_id4237_E-1.47.cif,KNaCdGa,-1.4724,0.237,Semiconductor,P4_122,91,16
K2Ga_id3698_E-1.43.cif,K2Ga,-1.4266,0.664,Semiconductor,Pa-3,205,12
Mg9In(TeSe2)2_id4954_E-1.42.cif,Mg9In(TeSe2)2,-1.4244,0.069,Semiconductor,P2_12_12,18,32
Na2Li2Cd3Te_id4941_E-1.42.cif,Na2Li2Cd3Te,-1.4206,2.266,Semiconductor,C2/m,12,16
KNa2Ga_id3005_E-1.42.cif,KNa2Ga,-1.4202,0.126,Semiconductor,Cmmm,65,16
Li6Mg2TiAlZnSi_id1771_E-1.42.cif,Li6Mg2TiAlZnSi,-1.4177,2.871,Semiconductor,P1,1,36
K3Na3Li2(ZnGa)4_id3998_E-1.41.cif,K3Na3Li2(ZnGa)4,-1.4064,0.405,Semiconductor,C222,21,32
NaInGa4SbTe2P2Se4(SO2)4_id3782_E-1.39.cif,NaInGa4SbTe2P2Se4(SO2)4,-1.3926,1.425,Semiconductor,P-4,81,27
Ba12Li19Mg14Sn3_id4669_E-1.39.cif,Ba12Li19Mg14Sn3,-1.3918,0.098,Semiconductor,P622,177,48
Sr2MgP2_id2632_E-1.39.cif,Sr2MgP2,-1.3916,1.098,Semiconductor,P4_132,213,20
Na2ZnGa3Ge3(BO2)3_id2557_E-1.38.cif,Na2ZnGa3Ge3(BO2)3,-1.3834,0.248,Semiconductor,P-6c2,188,36
K2Cd2Ga_id1864_E-1.38.cif,K2Cd2Ga,-1.3757,0.451,Semiconductor,P2_12_12,18,10
K2CdInSn_id3044_E-1.37.cif,K2CdInSn,-1.3718,0.532,Semiconductor,Pmmn,59,10
NaLi4Mg2CdIn2_id1405_E-1.37.cif,NaLi4Mg2CdIn2,-1.3715,2.962,Semiconductor,C222,21,20
Ba2TiP2O_id392_E-1.37.cif,Ba2TiP2O,-1.3698,0.132,Semiconductor,P1,1,18
Al2Ga4Ge4O5_id4351_E-1.34.cif,Al2Ga4Ge4O5,-1.3354,0.321,Semiconductor,P4/mmm,123,15
Na8Li8Mg2Ga_id1973_E-1.33.cif,Na8Li8Mg2Ga,-1.3334,0.091,Semiconductor,P4/mnc,128,38
Li3ZnO8_id3171_E-1.33.cif,Li3ZnO8,-1.3268,0.238,Semiconductor,P3_121,152,36
KNa2LiCdSb_id3568_E-1.32.cif,KNa2LiCdSb,-1.3238,0.118,Semiconductor,C222_1,20,24
NaMgAlZn3In_id4808_E-1.32.cif,NaMgAlZn3In,-1.3233,2.966,Semiconductor,P4_3,78,28
Na6Ca2Cd_id2315_E-1.32.cif,Na6Ca2Cd,-1.3211,0.078,Semiconductor,I4mm,107,18
K8Al2ZnSi_id821_E-1.31.cif,K8Al2ZnSi,-1.3133,0.124,Semiconductor,I422,97,24
Na2Li2Be2Ge_id4700_E-1.31.cif,Na2Li2Be2Ge,-1.3107,1.018,Semiconductor,P1,1,28
Na6Ca3In4_id1621_E-1.31.cif,Na6Ca3In4,-1.3075,0.19,Semiconductor,P432,207,52
Te2As_id3430_E-1.31.cif,Te2As,-1.3071,0.756,Semiconductor,Cmmm,65,12
K5CdIn3Ga_id1632_E-1.31.cif,K5CdIn3Ga,-1.3062,0.319,Semiconductor,P4_3,78,40
BaNa4Cd4Ge_id4796_E-1.30.cif,BaNa4Cd4Ge,-1.3012,0.531,Semiconductor,I4_1/a,88,40
Ca_id158_E-1.30.cif,Ca,-1.298,0.277,Semiconductor,Pmna,53,30
NaCdIn_id1675_E-1.30.cif,NaCdIn,-1.2976,0.159,Semiconductor,P4/mmm,123,12
K7CdSnSb_id2735_E-1.29.cif,K7CdSnSb,-1.2929,0.106,Semiconductor,P312,149,10
K_id2650_E-1.28.cif,K,-1.2835,1.627,Semiconductor,P6_3/mcm,193,18
KNa10Mg4ZnCd8In4Sn4Ge4Te4AsSe2_id512_E-1.28.cif,KNa10Mg4ZnCd8In4Sn4Ge4Te4AsSe2,-1.2821,0.111,Semiconductor,P4,75,43
K7Zn6GaSb_id1863_E-1.28.cif,K7Zn6GaSb,-1.2813,0.111,Semiconductor,P312,149,15
LiTeP2Se2S9_id254_E-1.27.cif,LiTeP2Se2S9,-1.2737,1.548,Semiconductor,P2_1/c,14,60
ScZn2_id1431_E-1.27.cif,ScZn2,-1.2737,2.366,Semiconductor,Amm2,38,6
Li4Mg2BeZnIn2SiGe_id3609_E-1.27.cif,Li4Mg2BeZnIn2SiGe,-1.268,0.181,Semiconductor,Amm2,38,24
Be4Al4Zn2Ga3O2_id1323_E-1.26.cif,Be4Al4Zn2Ga3O2,-1.2604,0.817,Semiconductor,C222,21,30
Na13Ge2_id501_E-1.26.cif,Na13Ge2,-1.2573,1.305,Semiconductor,C2/c,15,60
Na2CdIn2_id1862_E-1.24.cif,Na2CdIn2,-1.2364,0.176,Semiconductor,P4_222,93,20
Li5Cd9In4_id4260_E-1.24.cif,Li5Cd9In4,-1.2351,0.116,Semiconductor,P4_2/n,86,36
Na2Li4BeGa3O2_id1054_E-1.23.cif,Na2Li4BeGa3O2,-1.2326,2.648,Semiconductor,P6_422,181,36
KNa2LiCd2_id2217_E-1.23.cif,KNa2LiCd2,-1.23,0.617,Semiconductor,C2/m,12,12
Mg7ScIn4_id114_E-1.23.cif,Mg7ScIn4,-1.2271,0.219,Semiconductor,P-42_1c,114,24
Na3Mg2Cd2In_id2859_E-1.22.cif,Na3Mg2Cd2In,-1.2232,0.114,Semiconductor,P-3m1,164,8
Ca3Cd_id2712_E-1.22.cif,Ca3Cd,-1.2211,0.16,Semiconductor,P6_5,170,24
K2Na2Cd2Ga_id2658_E-1.21.cif,K2Na2Cd2Ga,-1.2079,0.583,Semiconductor,Cmce,64,28
Na9Cd2Sn_id2642_E-1.19.cif,Na9Cd2Sn,-1.1904,3.834,Insulator,P-4c2,116,24
K3NaLi12Ga8(C3O13)2_id46_E-1.19.cif,K3NaLi12Ga8(C3O13)2,-1.1851,0.825,Semiconductor,P-3,147,56
AlZnGa8_id2104_E-1.18.cif,AlZnGa8,-1.182,3.35,Semiconductor,Pmmm,47,10
K4Ca4TiAlZn4_id247_E-1.18.cif,K4Ca4TiAlZn4,-1.1793,0.159,Semiconductor,P42_12,90,28
Li6CaAlZn2Ga3_id3648_E-1.18.cif,Li6CaAlZn2Ga3,-1.1755,2.252,Semiconductor,P1,1,52
Cd4In_id3769_E-1.17.cif,Cd4In,-1.173,2.811,Semiconductor,P4/nbm,125,20
Na2Be2Ge2B2As2O_id1298_E-1.16.cif,Na2Be2Ge2B2As2O,-1.1588,0.07,Semiconductor,P4_32_12,96,44
Li2Ca5Mg2ScZn2_id961_E-1.16.cif,Li2Ca5Mg2ScZn2,-1.1569,2.992,Semiconductor,Pmmm,47,12
SrCa2Zn6Cd_id2063_E-1.14.cif,SrCa2Zn6Cd,-1.1449,2.624,Semiconductor,I4/mcm,140,40
Na3CaZn4_id4931_E-1.13.cif,Na3CaZn4,-1.1325,0.168,Semiconductor,P4_2/m,84,16
Al2Zn6Cd2Ga_id4524_E-1.13.cif,Al2Zn6Cd2Ga,-1.1323,2.238,Semiconductor,C222,21,22
Na2Zn_id2182_E-1.13.cif,Na2Zn,-1.1298,0.069,Semiconductor,Pbcn,60,12
Li9Mg3InSn_id559_E-1.13.cif,Li9Mg3InSn,-1.1288,0.868,Semiconductor,Pm-3m,221,14
Zn3In_id209_E-1.13.cif,Zn3In,-1.1273,0.063,Semiconductor,Pmmm,47,4
Li9Cd2_id4715_E-1.12.cif,Li9Cd2,-1.124,0.099,Semiconductor,Pmna,53,44
Na2Zn_id2297_E-1.12.cif,Na2Zn,-1.1192,0.055,Semiconductor,Pa-3,205,12
Ba2LiMg2(Zn4Ga)3_id690_E-1.12.cif,Ba2LiMg2(Zn4Ga)3,-1.1161,2.379,Semiconductor,Cm,8,20
Na3Sr2Ca3_id2678_E-1.11.cif,Na3Sr2Ca3,-1.1107,0.132,Semiconductor,Cmmm,65,16
Na2LiAl_id4415_E-1.11.cif,Na2LiAl,-1.1103,0.19,Semiconductor,I23,197,48
Mg_id4613_E-1.11.cif,Mg,-1.1103,0.459,Semiconductor,Pm,6,22
Na8Ca2Sn_id2745_E-1.11.cif,Na8Ca2Sn,-1.1099,3.581,Insulator,P4_2bc,106,44
Ca4Mg_id4518_E-1.11.cif,Ca4Mg,-1.106,1.185,Semiconductor,Ccce,68,20
K4Zn6In_id1311_E-1.10.cif,K4Zn6In,-1.0962,0.576,Semiconductor,Im-3m,229,22
TiZn(SO)2_id400_E-1.09.cif,TiZn(SO)2,-1.0902,0.287,Semiconductor,Cmmm,65,12
K7Ba2_id3704_E-1.08.cif,K7Ba2,-1.0843,0.387,Semiconductor,P-3c1,165,18
K6MgScZnSn_id4102_E-1.08.cif,K6MgScZnSn,-1.084,0.302,Semiconductor,P312,149,10
Na3Mg2In2Sn_id2840_E-1.08.cif,Na3Mg2In2Sn,-1.0756,0.608,Semiconductor,P4_2/nmc,137,16
K4Cd8Si_id2556_E-1.03.cif,K4Cd8Si,-1.0253,0.215,Semiconductor,P-42_1c,114,26
K5Mg2Ti_id1627_E-1.01.cif,K5Mg2Ti,-1.0072,0.085,Semiconductor,I4_1/a,88,32
K3MgZn2_id2162_E-0.99.cif,K3MgZn2,-0.9924,0.425,Semiconductor,Pn-3m,224,12
KNa3GeO27_id2000_E-0.99.cif,KNa3GeO27,-0.9922,0.73,Semiconductor,P-6,174,32
SrLiMgCd8In_id4632_E-0.98.cif,SrLiMgCd8In,-0.9822,0.094,Semiconductor,P4mm,99,12
Zn3Ga2_id3109_E-0.98.cif,Zn3Ga2,-0.9752,0.077,Semiconductor,Pnnn,48,20
Ca7Zn_id1356_E-0.97.cif,Ca7Zn,-0.9744,1.257,Semiconductor,Cmc2_1,36,32
K7NaCd6_id3600_E-0.97.cif,K7NaCd6,-0.9731,0.464,Semiconductor,R-3,148,42
K2Li4Zn4InGa(S2N)4_id4854_E-0.97.cif,K2Li4Zn4InGa(S2N)4,-0.9705,2.12,Semiconductor,I-42m,121,48
KBaAs4(SeS)6_id1833_E-0.97.cif,KBaAs4(SeS)6,-0.9669,0.203,Semiconductor,P6_2,171,54
Li7MgSiO6_id1661_E-0.96.cif,Li7MgSiO6,-0.9641,3.529,Insulator,Pnn2,34,30
Ba6Na12Sr_id3017_E-0.95.cif,Ba6Na12Sr,-0.9524,0.272,Semiconductor,I23,197,38
Mg9Te2_id3723_E-0.95.cif,Mg9Te2,-0.9452,0.176,Semiconductor,P-42_1m,113,22
Ba_id2619_E-0.94.cif,Ba,-0.9378,0.38,Semiconductor,Pcc2,27,14
MgAl3Ge_id201_E-0.94.cif,MgAl3Ge,-0.9362,0.196,Semiconductor,P4_3,78,20
BaCa3_id2110_E-0.93.cif,BaCa3,-0.9333,0.121,Semiconductor,P1,1,48
Li6Sc2SeS7_id3526_E-0.90.cif,Li6Sc2SeS7,-0.8997,2.874,Semiconductor,R-3m,166,48
BaLi2SnSb_id3191_E-0.89.cif,BaLi2SnSb,-0.89,2.448,Semiconductor,P2_1/m,11,10
K(NaCd)2_id2583_E-0.87.cif,K(NaCd)2,-0.8679,0.378,Semiconductor,Pn-3m,224,10
K3Cd4_id3699_E-0.86.cif,K3Cd4,-0.8559,0.416,Semiconductor,I-4c2,120,28
Ca_id3935_E-0.85.cif,Ca,-0.8508,2.563,Semiconductor,C2,5,12
Ca_id1370_E-0.83.cif,Ca,-0.8298,0.771,Semiconductor,Pmna,53,34
Mg_id3683_E-0.83.cif,Mg,-0.8251,0.06,Semiconductor,P1,1,32
B(TeSe)12_id2661_E-0.82.cif,B(TeSe)12,-0.8174,0.791,Semiconductor,I432,211,50
KBa4Na4Mg2(SeO2)4_id4130_E-0.80.cif,KBa4Na4Mg2(SeO2)4,-0.799,1.418,Semiconductor,P4_2/n,86,46
Na5(LiCd2)2_id3542_E-0.79.cif,Na5(LiCd2)2,-0.7947,0.558,Semiconductor,Cmmm,65,22
KCd_id4003_E-0.77.cif,KCd,-0.7697,0.791,Semiconductor,P6/mmm,191,12
NaLiCd_id4880_E-0.77.cif,NaLiCd,-0.7681,0.154,Semiconductor,P4_2/mmc,131,6
BaTiAlGa2As2CNO6_id1022_E-0.77.cif,BaTiAlGa2As2CNO6,-0.7672,2.626,Semiconductor,P3_221,154,45
Mg5Cd3Ga_id4421_E-0.75.cif,Mg5Cd3Ga,-0.7526,1.7,Semiconductor,P4_2cm,101,18
NaCa4ZnCd5In4_id2790_E-0.75.cif,NaCa4ZnCd5In4,-0.7472,3.659,Insulator,Pc,7,30
Na4Li_id1725_E-0.74.cif,Na4Li,-0.7422,0.735,Semiconductor,P1,1,20
NaMgIn2_id585_E-0.73.cif,NaMgIn2,-0.726,2.08,Semiconductor,I4/mmm,139,16
Zn4InGaP2_id2014_E-0.72.cif,Zn4InGaP2,-0.722,1.475,Semiconductor,P432,207,48
K2NaCd3In2_id3955_E-0.71.cif,K2NaCd3In2,-0.7136,0.227,Semiconductor,P-3c1,165,16
Na4Li2Ca4Mg_id1287_E-0.71.cif,Na4Li2Ca4Mg,-0.7131,0.602,Semiconductor,P4_22_12,94,22
Ca2CdSb_id3700_E-0.71.cif,Ca2CdSb,-0.7091,3.236,Semiconductor,P4_2/mmc,131,8
K8Na(ZnCd3)2_id1757_E-0.70.cif,K8Na(ZnCd3)2,-0.7007,0.088,Semiconductor,P6/mmm,191,17
K13Zn3Cd4_id510_E-0.69.cif,K13Zn3Cd4,-0.6927,1.905,Semiconductor,Im-3m,229,40
MgTiIn(SeO)6_id3847_E-0.68.cif,MgTiIn(SeO)6,-0.6759,1.477,Semiconductor,P-31c,163,30
MgZn4In3O8_id1956_E-0.67.cif,MgZn4In3O8,-0.6742,3.053,Semiconductor,P-42c,112,32
Na8Li7(AlZn4)3_id1912_E-0.66.cif,Na8Li7(AlZn4)3,-0.6597,0.909,Semiconductor,P-1,2,60
K_id4811_E-0.65.cif,K,-0.6531,0.199,Semiconductor,P1,1,32
Na2CaMg9_id65_E-0.65.cif,Na2CaMg9,-0.6455,0.426,Semiconductor,P2_12_12,18,24
KNaSn(S2O)8_id3970_E-0.64.cif,KNaSn(S2O)8,-0.6448,2.976,Semiconductor,P1,1,54
K10Ba9_id624_E-0.61.cif,K10Ba9,-0.6079,1.309,Semiconductor,P4_232,208,38
K3Ba2Cd4In_id3771_E-0.60.cif,K3Ba2Cd4In,-0.598,0.203,Semiconductor,P2/m,10,10
Ga_id3121_E-0.59.cif,Ga,-0.5913,0.302,Semiconductor,P6/mmm,191,11
Zn_id139_E-0.58.cif,Zn,-0.5827,0.491,Semiconductor,P4/mmm,123,4
NaLi6AlS4_id2264_E-0.57.cif,NaLi6AlS4,-0.5689,2.797,Semiconductor,I-4m2,119,24
NaSrLiO4_id4318_E-0.56.cif,NaSrLiO4,-0.5624,0.347,Semiconductor,C2/m,12,28
Zn_id127_E-0.56.cif,Zn,-0.5604,0.078,Semiconductor,P432,207,36
Li2ScCd4_id1577_E-0.54.cif,Li2ScCd4,-0.5363,0.585,Semiconductor,P4_2cm,101,14
Na_id3676_E-0.53.cif,Na,-0.5267,2.68,Semiconductor,P2_12_12_1,19,20
KCd_id1013_E-0.51.cif,KCd,-0.5145,0.219,Semiconductor,P4/nmm,129,16
Li2Ca5Mg10ScCd4_id4568_E-0.50.cif,Li2Ca5Mg10ScCd4,-0.5046,3.92,Insulator,P1,1,22
Mg3AlZnCd2SnTe2_id943_E-0.50.cif,Mg3AlZnCd2SnTe2,-0.5009,0.902,Semiconductor,P6_2,171,60
K3NaCd4In_id202_E-0.49.cif,K3NaCd4In,-0.488,0.149,Semiconductor,I-4m2,119,18
Cd_id1491_E-0.49.cif,Cd,-0.4865,0.732,Semiconductor,P4_2/nbc,133,24
K4Mg3Cd5_id1929_E-0.49.cif,K4Mg3Cd5,-0.4853,0.776,Semiconductor,P4_2/m,84,24
Na3Cd3Ge2_id2570_E-0.48.cif,Na3Cd3Ge2,-0.4777,0.143,Semiconductor,P1,1,16
K19Na9_id2230_E-0.47.cif,K19Na9,-0.4739,0.654,Semiconductor,Pm-3,200,28
Ba3Ca2Mg(CdIn)2_id4240_E-0.47.cif,Ba3Ca2Mg(CdIn)2,-0.4687,2.823,Semiconductor,P1,1,10
Ca(ZnCd)4_id4545_E-0.45.cif,Ca(ZnCd)4,-0.4525,3.861,Insulator,P4_2/nmc,137,18
AlSiSnTeAsSe3SN2_id4551_E-0.44.cif,AlSiSnTeAsSe3SN2,-0.4373,0.621,Semiconductor,Pca2_1,29,44
MgCd_id2972_E-0.43.cif,MgCd,-0.4349,3.665,Insulator,Pm,6,12
Cd_id2441_E-0.43.cif,Cd,-0.4285,0.978,Semiconductor,Pn-3m,224,16
KNa3Cd_id1105_E-0.40.cif,KNa3Cd,-0.3961,0.968,Semiconductor,C222,21,20
InGaPCSe3SN3_id3049_E-0.39.cif,InGaPCSe3SN3,-0.3868,1.715,Semiconductor,Pna2_1,33,44
Na2Ca2In_id3674_E-0.38.cif,Na2Ca2In,-0.376,0.922,Semiconductor,Immm,71,10
K7GaSn2_id666_E-0.34.cif,K7GaSn2,-0.3355,2.307,Semiconductor,Pcc2,27,20
Li2MgZn4Ga_id545_E-0.30.cif,Li2MgZn4Ga,-0.2962,0.288,Semiconductor,P1,1,24
Li5Zn13Cd12InGa6Sn_id817_E-0.29.cif,Li5Zn13Cd12InGa6Sn,-0.2896,1.846,Semiconductor,P31m,157,38
Na23Ca_id1080_E-0.28.cif,Na23Ca,-0.2829,1.126,Semiconductor,P2/c,13,48
NaMg2AlCd2TeP2N2O3_id26_E-0.28.cif,NaMg2AlCd2TeP2N2O3,-0.2794,0.786,Semiconductor,P1,1,56
Ba(ZnS)6_id405_E-0.27.cif,Ba(ZnS)6,-0.2701,1.716,Semiconductor,P4_332,212,52
LiCaMg2_id963_E-0.26.cif,LiCaMg2,-0.2558,2.181,Semiconductor,C2,5,32
Mg_id4895_E-0.26.cif,Mg,-0.2557,0.817,Semiconductor,Iba2,45,32
NaTiSiGe_id737_E-0.25.cif,NaTiSiGe,-0.2473,1.009,Semiconductor,P3_1,144,12
SrN_id1172_E-0.23.cif,SrN,-0.2334,0.936,Semiconductor,P4_2/nnm,134,16
Zn(SnS2)2_id90_E-0.20.cif,Zn(SnS2)2,-0.1969,3.176,Semiconductor,Aem2,39,28
CaMg3Zn2CdIn3_id1108_E-0.15.cif,CaMg3Zn2CdIn3,-0.146,0.114,Semiconductor,Cm,8,10
BaLi2Mg6Cd2In2Ga_id2789_E-0.13.cif,BaLi2Mg6Cd2In2Ga,-0.1281,0.446,Semiconductor,I4/mcm,140,56
Na2Mg5Cd9_id3358_E-0.12.cif,Na2Mg5Cd9,-0.1158,3.704,Insulator,P6mm,183,16
Si3Ge2(Se2S)2_id4008_E-0.11.cif,Si3Ge2(Se2S)2,-0.1128,0.483,Semiconductor,P-42_1m,113,22
Ba5Sr2_id3449_E-0.11.cif,Ba5Sr2,-0.1076,3.701,Insulator,Cm,8,14
Ba2NaSnTe3Se5(SO)4_id4646_E-0.10.cif,Ba2NaSnTe3Se5(SO)4,-0.1005,1.377,Semiconductor,P1,1,40
Na4Li7Zn3Sb4Te6As4P3_id4243_E-0.09.cif,Na4Li7Zn3Sb4Te6As4P3,-0.09,2.022,Semiconductor,P3,143,31
Li7Sb_id1216_E-0.05.cif,Li7Sb,-0.0537,0.22,Semiconductor,P2_12_12_1,19,32
Sr2Ca3Mg_id3410_E-0.03.cif,Sr2Ca3Mg,-0.0317,1.844,Semiconductor,Pbam,55,12
Se_id4607_E-0.03.cif,Se,-0.0284,1.96,Semiconductor,P1,1,42
Li3Mg10Al3In2_id1667_E-0.02.cif,Li3Mg10Al3In2,-0.0242,0.226,Semiconductor,Imm2,44,36
Li2Si(GeP)2_id4305_E-0.02.cif,Li2Si(GeP)2,-0.0239,3.82,Insulator,I4_1,80,28
Ba2Ca3Mg_id712_E-0.01.cif,Ba2Ca3Mg,-0.0138,0.648,Semiconductor,Ibca,73,48
