Stage,Formula,Energy,Bandgap,Type,SpaceGroup,Delta_E,Delta_Gap,File
BEFORE,Ti3O7,-5.3596,0.53,Semiconductor,P6_3mc,,,Ti3O7_id1090_E-5.36.cif
AFTER,Ti3O7,-8.4865,0.45,Semiconductor,P1,-3.1269,-0.080,Ti3O7_id1090_Final_E-8.49.cif
,,,,,,,,
BEFORE,Sc2SiO4,-7.3718,3.377,Semiconductor,P2/c,,,Sc2SiO4_id2464_E-7.37.cif
AFTER,Sc2SiO4,-8.267,3.661,Insulator,P2/c,-0.8952,0.284,Sc2SiO4_id2464_Final_E-8.27.cif
,,,,,,,,
BEFORE,CaN30,-6.9506,1.92,Semiconductor,R-3,,,CaN30_id761_E-6.95.cif
AFTER,CaN30,-8.2541,0.929,Semiconductor,P3,-1.3035,-0.991,CaN30_id761_Final_E-8.25.cif
,,,,,,,,
BEFORE,Ti2C7,-6.6575,0.29,Semiconductor,P4_2/nbc,,,Ti2C7_id2655_E-6.66.cif
AFTER,Ti2C7,-8.2416,1.719,Semiconductor,C2,-1.5841,1.429,Ti2C7_id2655_Final_E-8.24.cif
,,,,,,,,
BEFORE,Sc2SbO2,-5.6026,0.289,Semiconductor,Pa-3,,,Sc2SbO2_id2959_E-5.60.cif
AFTER,Sc2SbO2,-8.2151,0.0,Metal,Pbca,-2.6125,-0.289,Sc2SbO2_id2959_Final_E-8.22.cif
,,,,,,,,
BEFORE,ScN2,-7.7044,0.065,Semiconductor,Pca2_1,,,ScN2_id1980_E-7.70.cif
AFTER,ScN2,-8.1252,0.013,Metal,Pca2_1,-0.4208,-0.052,ScN2_id1980_Final_E-8.13.cif
,,,,,,,,
BEFORE,Li2Ti2O5,-6.8023,2.583,Semiconductor,Pbcn,,,Li2Ti2O5_id2311_E-6.80.cif
AFTER,Li2Ti2O5,-7.933,2.906,Semiconductor,Pbcn,-1.1307,0.323,Li2Ti2O5_id2311_Final_E-7.93.cif
,,,,,,,,
BEFORE,MgN14,-6.8823,1.592,Semiconductor,Cc,,,MgN14_id1582_E-6.88.cif
AFTER,MgN14,-7.8743,1.341,Semiconductor,Cc,-0.9920,-0.251,MgN14_id1582_Final_E-7.87.cif
,,,,,,,,
BEFORE,SrN10,-6.9969,0.324,Semiconductor,I-42d,,,SrN10_id1581_E-7.00.cif
AFTER,SrN10,-7.8577,2.23,Semiconductor,Fdd2,-0.8608,1.906,SrN10_id1581_Final_E-7.86.cif
,,,,,,,,
BEFORE,Sc3GeN,-7.7524,0.252,Semiconductor,Pm-3m,,,Sc3GeN_id866_E-7.75.cif
AFTER,Sc3GeN,-7.7524,0.252,Semiconductor,Pm-3m,0.0000,0.000,Sc3GeN_id866_Final_E-7.75.cif
,,,,,,,,
BEFORE,Sc2GaSiO4,-4.8197,2.698,Semiconductor,P-42c,,,Sc2GaSiO4_id2705_E-4.82.cif
AFTER,Sc2GaSiO4,-7.7082,3.459,Semiconductor,Ccc2,-2.8885,0.761,Sc2GaSiO4_id2705_Final_E-7.71.cif
,,,,,,,,
BEFORE,Ba(N4O)3,-6.2295,1.315,Semiconductor,P6_3/m,,,Ba(N4O)3_id2670_E-6.23.cif
AFTER,Ba(N4O)3,-7.6625,2.964,Semiconductor,P-1,-1.4330,1.649,Ba(N4O)3_id2670_Final_E-7.66.cif
,,,,,,,,
BEFORE,Mg2Sc2O5,-6.4702,0.059,Semiconductor,Pccn,,,Mg2Sc2O5_id2806_E-6.47.cif
AFTER,Mg2Sc2O5,-7.6156,3.564,Insulator,Pccn,-1.1454,3.505,Mg2Sc2O5_id2806_Final_E-7.62.cif
,,,,,,,,
BEFORE,Sc2CdBO4,-6.8442,0.669,Semiconductor,P-42c,,,Sc2CdBO4_id3039_E-6.84.cif
AFTER,Sc2CdBO4,-7.5383,0.003,Metal,P-42c,-0.6941,-0.666,Sc2CdBO4_id3039_Final_E-7.54.cif
,,,,,,,,
BEFORE,Ti3(SnO)2,-6.7842,0.683,Semiconductor,P4/mnc,,,Ti3(SnO)2_id3279_E-6.78.cif
AFTER,Ti3(SnO)2,-7.403,0.343,Semiconductor,P4/mnc,-0.6188,-0.340,Ti3(SnO)2_id3279_Final_E-7.40.cif
,,,,,,,,
BEFORE,TiS,-7.1268,0.173,Semiconductor,P4/nmm,,,TiS_id2641_E-7.13.cif
AFTER,TiS,-7.3332,0.0,Metal,P4/nmm,-0.2064,-0.173,TiS_id2641_Final_E-7.33.cif
,,,,,,,,
BEFORE,SrGa(SiO3)2,-3.289,1.236,Semiconductor,P-3m1,,,SrGa(SiO3)2_id1687_E-3.29.cif
AFTER,SrGa(SiO3)2,-7.3095,2.774,Semiconductor,P1,-4.0205,1.538,SrGa(SiO3)2_id1687_Final_E-7.31.cif
,,,,,,,,
BEFORE,NaCaSc2O6,-6.1627,3.061,Semiconductor,P2/m,,,NaCaSc2O6_id741_E-6.16.cif
AFTER,NaCaSc2O6,-7.2819,3.108,Semiconductor,P1,-1.1192,0.047,NaCaSc2O6_id741_Final_E-7.28.cif
,,,,,,,,
BEFORE,Ti3Al2C3,-6.1882,0.29,Semiconductor,Cmc2_1,,,Ti3Al2C3_id520_E-6.19.cif
AFTER,Ti3Al2C3,-7.2353,0.0,Metal,P2_1,-1.0471,-0.290,Ti3Al2C3_id520_Final_E-7.24.cif
,,,,,,,,
BEFORE,AlN,-6.3451,1.943,Semiconductor,Aea2,,,AlN_id2713_E-6.35.cif
AFTER,AlN,-7.2236,3.087,Semiconductor,Fmm2,-0.8785,1.144,AlN_id2713_Final_E-7.22.cif
,,,,,,,,
BEFORE,N2O,-6.3802,1.606,Semiconductor,Pca2_1,,,N2O_id759_E-6.38.cif
AFTER,N2O,-7.1944,0.987,Semiconductor,P2_1,-0.8142,-0.619,N2O_id759_Final_E-7.19.cif
,,,,,,,,
BEFORE,Ti2B7,-6.1766,1.433,Semiconductor,C222_1,,,Ti2B7_id3116_E-6.18.cif
AFTER,Ti2B7,-7.1411,1.448,Semiconductor,C222_1,-0.9645,0.015,Ti2B7_id3116_Final_E-7.14.cif
,,,,,,,,
BEFORE,LiTiN,-6.1301,1.4,Semiconductor,P2_12_12_1,,,LiTiN_id1437_E-6.13.cif
AFTER,LiTiN,-7.1331,1.48,Semiconductor,P2_12_12_1,-1.0030,0.080,LiTiN_id1437_Final_E-7.13.cif
,,,,,,,,
BEFORE,TiSeO3,-7.0216,2.432,Semiconductor,P6_3mc,,,TiSeO3_id842_E-7.02.cif
AFTER,TiSeO3,-7.1246,1.793,Semiconductor,P6_3mc,-0.1030,-0.639,TiSeO3_id842_Final_E-7.12.cif
,,,,,,,,
BEFORE,Ti12Zn6SbO12,-6.2972,0.949,Semiconductor,Im-3,,,Ti12Zn6SbO12_id2980_E-6.30.cif
AFTER,Ti12Zn6SbO12,-7.099,0.0,Metal,P1,-0.8018,-0.949,Ti12Zn6SbO12_id2980_Final_E-7.10.cif
,,,,,,,,
BEFORE,TiGaO,-6.5462,0.106,Semiconductor,Pbca,,,TiGaO_id2817_E-6.55.cif
AFTER,TiGaO,-7.082,0.893,Semiconductor,P2_1/c,-0.5358,0.787,TiGaO_id2817_Final_E-7.08.cif
,,,,,,,,
BEFORE,Al2C2O3,-6.399,0.27,Semiconductor,Pbcn,,,Al2C2O3_id359_E-6.40.cif
AFTER,Al2C2O3,-7.0459,0.295,Semiconductor,Pbcn,-0.6469,0.025,Al2C2O3_id359_Final_E-7.05.cif
,,,,,,,,
BEFORE,Ca2N5,-6.3239,1.49,Semiconductor,Pccn,,,Ca2N5_id2630_E-6.32.cif
AFTER,Ca2N5,-7.0287,0.453,Semiconductor,Pccn,-0.7048,-1.037,Ca2N5_id2630_Final_E-7.03.cif
,,,,,,,,
BEFORE,B2PC8,-6.4733,0.263,Semiconductor,I422,,,B2PC8_id2556_E-6.47.cif
AFTER,B2PC8,-6.9866,2.41,Semiconductor,C2,-0.5133,2.147,B2PC8_id2556_Final_E-6.99.cif
,,,,,,,,
BEFORE,B2C,-6.1733,1.646,Semiconductor,Pbcn,,,B2C_id1625_E-6.17.cif
AFTER,B2C,-6.9508,0.0,Metal,P2_1/c,-0.7775,-1.646,B2C_id1625_Final_E-6.95.cif
,,,,,,,,
BEFORE,TiS,-7.7805,2.747,Semiconductor,Im-3m,,,TiS_id3172_E-7.78.cif
AFTER,TiS,-6.9365,2.151,Semiconductor,Pm-3m,0.8440,-0.596,TiS_id3172_Final_E-6.94.cif
,,,,,,,,
BEFORE,LiTi2GeN,-4.2269,1.032,Semiconductor,Pm,,,LiTi2GeN_id802_E-4.23.cif
AFTER,LiTi2GeN,-6.8894,0.0,Metal,Pm,-2.6625,-1.032,LiTi2GeN_id802_Final_E-6.89.cif
,,,,,,,,
BEFORE,N12O7,-6.5414,1.625,Semiconductor,R-3,,,N12O7_id1711_E-6.54.cif
AFTER,N12O7,-6.8205,4.272,Insulator,R-3,-0.2791,2.647,N12O7_id1711_Final_E-6.82.cif
,,,,,,,,
BEFORE,K2Sc4CdO5,-5.7923,1.799,Semiconductor,I4/m,,,K2Sc4CdO5_id2115_E-5.79.cif
AFTER,K2Sc4CdO5,-6.7479,0.0,Metal,P-1,-0.9556,-1.799,K2Sc4CdO5_id2115_Final_E-6.75.cif
,,,,,,,,
BEFORE,InCO4,-6.2899,2.053,Semiconductor,I4_1/a,,,InCO4_id1566_E-6.29.cif
AFTER,InCO4,-6.7136,3.02,Semiconductor,I4_1/a,-0.4237,0.967,InCO4_id1566_Final_E-6.71.cif
,,,,,,,,
BEFORE,Ge2O3,-4.8105,1.4,Semiconductor,Pbcn,,,Ge2O3_id247_E-4.81.cif
AFTER,Ge2O3,-6.6057,0.556,Semiconductor,P2_1/c,-1.7952,-0.844,Ge2O3_id247_Final_E-6.61.cif
,,,,,,,,
BEFORE,NO,-5.9691,1.582,Semiconductor,Pbca,,,NO_id3379_E-5.97.cif
AFTER,NO,-6.6051,2.183,Semiconductor,Pbca,-0.6360,0.601,NO_id3379_Final_E-6.61.cif
,,,,,,,,
BEFORE,Mg5N12,-5.9662,1.913,Semiconductor,P-42_1c,,,Mg5N12_id2310_E-5.97.cif
AFTER,Mg5N12,-6.6024,1.504,Semiconductor,P-42_1c,-0.6362,-0.409,Mg5N12_id2310_Final_E-6.60.cif
,,,,,,,,
BEFORE,Ti7GaO6,-6.5309,1.13,Semiconductor,P1,,,Ti7GaO6_id1510_E-6.53.cif
AFTER,Ti7GaO6,-6.5927,1.491,Semiconductor,P1,-0.0618,0.361,Ti7GaO6_id1510_Final_E-6.59.cif
,,,,,,,,
BEFORE,Ca2Si2C15,-6.0119,0.114,Semiconductor,R-3,,,Ca2Si2C15_id2917_E-6.01.cif
AFTER,Ca2Si2C15,-6.5678,0.903,Semiconductor,P1,-0.5559,0.789,Ca2Si2C15_id2917_Final_E-6.57.cif
,,,,,,,,
BEFORE,B(P3N2)2,-5.4401,0.671,Semiconductor,P4/n,,,B(P3N2)2_id1631_E-5.44.cif
AFTER,B(P3N2)2,-6.5521,0.005,Metal,P1,-1.1120,-0.666,B(P3N2)2_id1631_Final_E-6.55.cif
,,,,,,,,
BEFORE,LiSiO2,-6.5397,0.797,Semiconductor,I4_122,,,LiSiO2_id2531_E-6.54.cif
AFTER,LiSiO2,-6.5508,3.878,Insulator,I4_122,-0.0111,3.081,LiSiO2_id2531_Final_E-6.55.cif
,,,,,,,,
BEFORE,MgN2,-5.9734,1.9,Semiconductor,P-6m2,,,MgN2_id2298_E-5.97.cif
AFTER,MgN2,-6.5083,2.782,Semiconductor,P-6m2,-0.5349,0.882,MgN2_id2298_Final_E-6.51.cif
,,,,,,,,
BEFORE,TiB5C14N,-4.9236,0.4,Semiconductor,P2_12_12_1,,,TiB5C14N_id3134_E-4.92.cif
AFTER,TiB5C14N,-6.4936,0.673,Semiconductor,P2_12_12_1,-1.5700,0.273,TiB5C14N_id3134_Final_E-6.49.cif
,,,,,,,,
BEFORE,AlB3PO16,-5.0074,1.098,Semiconductor,P2_1,,,AlB3PO16_id1635_E-5.01.cif
AFTER,AlB3PO16,-6.4836,0.569,Semiconductor,P2_1,-1.4762,-0.529,AlB3PO16_id1635_Final_E-6.48.cif
,,,,,,,,
BEFORE,InN3,-5.8212,1.396,Semiconductor,Cc,,,InN3_id1794_E-5.82.cif
AFTER,InN3,-6.439,0.0,Metal,Cc,-0.6178,-1.396,InN3_id1794_Final_E-6.44.cif
,,,,,,,,
BEFORE,Ca3Sc4In4O9,-5.4516,0.563,Semiconductor,I4/m,,,Ca3Sc4In4O9_id2823_E-5.45.cif
AFTER,Ca3Sc4In4O9,-6.4281,0.0,Metal,P1,-0.9765,-0.563,Ca3Sc4In4O9_id2823_Final_E-6.43.cif
,,,,,,,,
BEFORE,NaLi2TiO4,-5.7305,2.332,Semiconductor,Pnn2,,,NaLi2TiO4_id1572_E-5.73.cif
AFTER,NaLi2TiO4,-6.4222,2.594,Semiconductor,Pnn2,-0.6917,0.262,NaLi2TiO4_id1572_Final_E-6.42.cif
,,,,,,,,
BEFORE,Si(PO)2,-4.4196,1.412,Semiconductor,P6_522,,,Si(PO)2_id572_E-4.42.cif
AFTER,Si(PO)2,-6.4135,0.0,Metal,P1,-1.9939,-1.412,Si(PO)2_id572_Final_E-6.41.cif
,,,,,,,,
BEFORE,Sc3Se4,-6.208,0.932,Semiconductor,I-43d,,,Sc3Se4_id2748_E-6.21.cif
AFTER,Sc3Se4,-6.3804,0.546,Semiconductor,I-43d,-0.1724,-0.386,Sc3Se4_id2748_Final_E-6.38.cif
,,,,,,,,
BEFORE,GeO2,-5.4414,1.252,Semiconductor,P4/nnc,,,GeO2_id345_E-5.44.cif
AFTER,GeO2,-6.2981,1.04,Semiconductor,P4/nnc,-0.8567,-0.212,GeO2_id345_Final_E-6.30.cif
,,,,,,,,
BEFORE,Ca3MgNO3,-6.2438,2.222,Semiconductor,Pm-3m,,,Ca3MgNO3_id893_E-6.24.cif
AFTER,Ca3MgNO3,-6.2438,2.222,Semiconductor,Pm-3m,0.0000,0.000,Ca3MgNO3_id893_Final_E-6.24.cif
,,,,,,,,
BEFORE,BeC,-5.4601,0.059,Semiconductor,Pbca,,,BeC_id763_E-5.46.cif
AFTER,BeC,-6.1842,0.57,Semiconductor,Pbca,-0.7241,0.511,BeC_id763_Final_E-6.18.cif
,,,,,,,,
BEFORE,B2C6N2O,-3.6153,0.583,Semiconductor,P1,,,B2C6N2O_id2082_E-3.62.cif
AFTER,B2C6N2O,-6.1509,0.006,Metal,P1,-2.5356,-0.577,B2C6N2O_id2082_Final_E-6.15.cif
,,,,,,,,
BEFORE,Na2N3O2,-4.6936,1.238,Semiconductor,P2/c,,,Na2N3O2_id3001_E-4.69.cif
AFTER,Na2N3O2,-6.1498,0.0,Metal,P2/c,-1.4562,-1.238,Na2N3O2_id3001_Final_E-6.15.cif
,,,,,,,,
BEFORE,Ti2Be2B,-6.1086,1.948,Semiconductor,P6_422,,,Ti2Be2B_id2089_E-6.11.cif
AFTER,Ti2Be2B,-6.1396,2.011,Semiconductor,P6_422,-0.0310,0.063,Ti2Be2B_id2089_Final_E-6.14.cif
,,,,,,,,
BEFORE,Ti11Zn2,-6.0447,0.347,Semiconductor,P1,,,Ti11Zn2_id361_E-6.04.cif
AFTER,Ti11Zn2,-6.0924,0.318,Semiconductor,P1,-0.0477,-0.029,Ti11Zn2_id361_Final_E-6.09.cif
,,,,,,,,
BEFORE,Sc4GeSe3,-4.5109,2.289,Semiconductor,Pbam,,,Sc4GeSe3_id383_E-4.51.cif
AFTER,Sc4GeSe3,-6.0888,0.421,Semiconductor,P2_1/c,-1.5779,-1.868,Sc4GeSe3_id383_Final_E-6.09.cif
,,,,,,,,
BEFORE,BeSbCN,-5.1162,1.023,Semiconductor,Pca2_1,,,BeSbCN_id2793_E-5.12.cif
AFTER,BeSbCN,-6.0877,0.373,Semiconductor,Pca2_1,-0.9715,-0.650,BeSbCN_id2793_Final_E-6.09.cif
,,,,,,,,
BEFORE,ZnCd(S2N3)4,-5.8105,0.962,Semiconductor,R-3,,,ZnCd(S2N3)4_id2737_E-5.81.cif
AFTER,ZnCd(S2N3)4,-6.0712,0.362,Semiconductor,P-1,-0.2607,-0.600,ZnCd(S2N3)4_id2737_Final_E-6.07.cif
,,,,,,,,
BEFORE,Sc3B4,-5.7858,0.071,Semiconductor,P4_2/nnm,,,Sc3B4_id629_E-5.79.cif
AFTER,Sc3B4,-6.0666,0.051,Semiconductor,P4_2/nnm,-0.2808,-0.020,Sc3B4_id629_Final_E-6.07.cif
,,,,,,,,
BEFORE,TiO6,-5.5134,1.282,Semiconductor,P-1,,,TiO6_id2542_E-5.51.cif
AFTER,TiO6,-6.0537,1.695,Semiconductor,P-1,-0.5403,0.413,TiO6_id2542_Final_E-6.05.cif
,,,,,,,,
BEFORE,Ba2LiPO5,-4.4765,0.059,Semiconductor,Cmcm,,,Ba2LiPO5_id3151_E-4.48.cif
AFTER,Ba2LiPO5,-6.0169,1.997,Semiconductor,Cmcm,-1.5404,1.938,Ba2LiPO5_id3151_Final_E-6.02.cif
,,,,,,,,
BEFORE,CaSn2(GeO2)2,-4.9966,0.948,Semiconductor,P4_2/m,,,CaSn2(GeO2)2_id2709_E-5.00.cif
AFTER,CaSn2(GeO2)2,-6.0109,0.905,Semiconductor,P4_2/m,-1.0143,-0.043,CaSn2(GeO2)2_id2709_Final_E-6.01.cif
,,,,,,,,
BEFORE,AlNO,-5.3719,1.777,Semiconductor,Pca2_1,,,AlNO_id3146_E-5.37.cif
AFTER,AlNO,-6.0043,2.574,Semiconductor,Pca2_1,-0.6324,0.797,AlNO_id3146_Final_E-6.00.cif
,,,,,,,,
BEFORE,GeSbNO2,-5.5438,0.455,Semiconductor,Pca2_1,,,GeSbNO2_id2378_E-5.54.cif
AFTER,GeSbNO2,-5.9914,0.885,Semiconductor,Pca2_1,-0.4476,0.430,GeSbNO2_id2378_Final_E-5.99.cif
,,,,,,,,
BEFORE,CaInP2O9,-4.4248,0.134,Semiconductor,P1,,,CaInP2O9_id2574_E-4.42.cif
AFTER,CaInP2O9,-5.9754,1.662,Semiconductor,P1,-1.5506,1.528,CaInP2O9_id2574_Final_E-5.98.cif
,,,,,,,,
BEFORE,SrO,-5.9724,0.052,Semiconductor,P4_2/mmc,,,SrO_id2868_E-5.97.cif
AFTER,SrO,-5.9724,0.052,Semiconductor,P4_2/mmc,0.0000,0.000,SrO_id2868_Final_E-5.97.cif
,,,,,,,,
BEFORE,CaGeO4,-5.8425,0.068,Semiconductor,P4/nbm,,,CaGeO4_id1187_E-5.84.cif
AFTER,CaGeO4,-5.9515,0.0,Metal,P4/nbm,-0.1090,-0.068,CaGeO4_id1187_Final_E-5.95.cif
,,,,,,,,
BEFORE,TiZnGaO2,-4.671,1.444,Semiconductor,Cmme,,,TiZnGaO2_id2804_E-4.67.cif
AFTER,TiZnGaO2,-5.9331,0.0,Metal,Pmmm,-1.2621,-1.444,TiZnGaO2_id2804_Final_E-5.93.cif
,,,,,,,,
BEFORE,BaInGaO3,-5.2954,1.104,Semiconductor,Pcc2,,,BaInGaO3_id3354_E-5.30.cif
AFTER,BaInGaO3,-5.9262,1.095,Semiconductor,Pcc2,-0.6308,-0.009,BaInGaO3_id3354_Final_E-5.93.cif
,,,,,,,,
BEFORE,ZnBO4,-4.786,2.872,Semiconductor,P-42c,,,ZnBO4_id1311_E-4.79.cif
AFTER,ZnBO4,-5.9257,3.094,Semiconductor,Ccc2,-1.1397,0.222,ZnBO4_id1311_Final_E-5.93.cif
,,,,,,,,
BEFORE,Sc3Ga,-5.0043,2.259,Semiconductor,Pmmn,,,Sc3Ga_id2829_E-5.00.cif
AFTER,Sc3Ga,-5.9055,0.0,Metal,P2_1/m,-0.9012,-2.259,Sc3Ga_id2829_Final_E-5.91.cif
,,,,,,,,
BEFORE,P3O2,-5.5361,3.422,Semiconductor,P2_12_12_1,,,P3O2_id1169_E-5.54.cif
AFTER,P3O2,-5.9042,0.0,Metal,P1,-0.3681,-3.422,P3O2_id1169_Final_E-5.90.cif
,,,,,,,,
BEFORE,Ti6Se4S3,-4.5698,0.937,Semiconductor,Pm-3m,,,Ti6Se4S3_id775_E-4.57.cif
AFTER,Ti6Se4S3,-5.8988,0.0,Metal,Pm-3m,-1.3290,-0.937,Ti6Se4S3_id775_Final_E-5.90.cif
,,,,,,,,
BEFORE,N2O5,-5.545,3.326,Semiconductor,P4_2/nnm,,,N2O5_id2950_E-5.55.cif
AFTER,N2O5,-5.8807,0.897,Semiconductor,P1,-0.3357,-2.429,N2O5_id2950_Final_E-5.88.cif
,,,,,,,,
BEFORE,BaCaO4,-5.6109,3.48,Semiconductor,P4/nbm,,,BaCaO4_id1287_E-5.61.cif
AFTER,BaCaO4,-5.8283,2.169,Semiconductor,Pban,-0.2174,-1.311,BaCaO4_id1287_Final_E-5.83.cif
,,,,,,,,
BEFORE,Ga(GeO2)2,-5.6531,1.126,Semiconductor,P1,,,Ga(GeO2)2_id1277_E-5.65.cif
AFTER,Ga(GeO2)2,-5.8283,0.49,Semiconductor,P1,-0.1752,-0.636,Ga(GeO2)2_id1277_Final_E-5.83.cif
,,,,,,,,
BEFORE,N2O3,-5.4144,2.002,Semiconductor,Pccn,,,N2O3_id2019_E-5.41.cif
AFTER,N2O3,-5.8143,0.729,Semiconductor,Pccn,-0.3999,-1.273,N2O3_id2019_Final_E-5.81.cif
,,,,,,,,
BEFORE,K3Ti2(Ga3O5)2,-5.2592,0.096,Semiconductor,R-3,,,K3Ti2(Ga3O5)2_id311_E-5.26.cif
AFTER,K3Ti2(Ga3O5)2,-5.8064,1.892,Semiconductor,P1,-0.5472,1.796,K3Ti2(Ga3O5)2_id311_Final_E-5.81.cif
,,,,,,,,
BEFORE,Ca2TiSN2,-5.3666,1.712,Semiconductor,I4_122,,,Ca2TiSN2_id413_E-5.37.cif
AFTER,Ca2TiSN2,-5.7879,1.816,Semiconductor,C2,-0.4213,0.104,Ca2TiSN2_id413_Final_E-5.79.cif
,,,,,,,,
BEFORE,InGa(SnO2)2,-5.4421,1.431,Semiconductor,P-42_1c,,,InGa(SnO2)2_id1764_E-5.44.cif
AFTER,InGa(SnO2)2,-5.7634,0.0,Metal,Cc,-0.3213,-1.431,InGa(SnO2)2_id1764_Final_E-5.76.cif
,,,,,,,,
BEFORE,MgAsO2,-5.7182,0.874,Semiconductor,I4_122,,,MgAsO2_id1295_E-5.72.cif
AFTER,MgAsO2,-5.7614,0.045,Metal,I4_122,-0.0432,-0.829,MgAsO2_id1295_Final_E-5.76.cif
,,,,,,,,
BEFORE,PO3,-5.328,1.028,Semiconductor,P-62m,,,PO3_id393_E-5.33.cif
AFTER,PO3,-5.7536,0.257,Semiconductor,P-62m,-0.4256,-0.771,PO3_id393_Final_E-5.75.cif
,,,,,,,,
BEFORE,Ge(B2N)2,-3.1257,0.057,Semiconductor,I4/m,,,Ge(B2N)2_id731_E-3.13.cif
AFTER,Ge(B2N)2,-5.7529,1.935,Semiconductor,P1,-2.6272,1.878,Ge(B2N)2_id731_Final_E-5.75.cif
,,,,,,,,
BEFORE,B(AsN)12,-4.6912,1.158,Semiconductor,I432,,,B(AsN)12_id933_E-4.69.cif
AFTER,B(AsN)12,-5.747,2.325,Semiconductor,I432,-1.0558,1.167,B(AsN)12_id933_Final_E-5.75.cif
,,,,,,,,
BEFORE,Ge3PO2,-4.9685,0.393,Semiconductor,P-4n2,,,Ge3PO2_id3118_E-4.97.cif
AFTER,Ge3PO2,-5.6754,1.155,Semiconductor,Pc,-0.7069,0.762,Ge3PO2_id3118_Final_E-5.68.cif
,,,,,,,,
BEFORE,Sc4C15O2,-4.1059,0.661,Semiconductor,Pm,,,Sc4C15O2_id777_E-4.11.cif
AFTER,Sc4C15O2,-5.6737,0.0,Metal,Pm,-1.5678,-0.661,Sc4C15O2_id777_Final_E-5.67.cif
,,,,,,,,
BEFORE,Sc7Ti3Zn2,-3.9763,0.081,Semiconductor,P-31m,,,Sc7Ti3Zn2_id2663_E-3.98.cif
AFTER,Sc7Ti3Zn2,-5.6709,0.0,Metal,P-1,-1.6946,-0.081,Sc7Ti3Zn2_id2663_Final_E-5.67.cif
,,,,,,,,
BEFORE,Ba4CaO4,-3.6735,1.282,Semiconductor,P4_2/n,,,Ba4CaO4_id1379_E-3.67.cif
AFTER,Ba4CaO4,-5.666,0.0,Metal,P-1,-1.9925,-1.282,Ba4CaO4_id1379_Final_E-5.67.cif
,,,,,,,,
BEFORE,NaGeO2,-3.8162,1.37,Semiconductor,I4_122,,,NaGeO2_id1660_E-3.82.cif
AFTER,NaGeO2,-5.639,1.798,Semiconductor,I4_122,-1.8228,0.428,NaGeO2_id1660_Final_E-5.64.cif
,,,,,,,,
BEFORE,NaAl(C3O2)2,-5.0924,0.303,Semiconductor,Pban,,,NaAl(C3O2)2_id2570_E-5.09.cif
AFTER,NaAl(C3O2)2,-5.6272,1.56,Semiconductor,P222,-0.5348,1.257,NaAl(C3O2)2_id2570_Final_E-5.63.cif
,,,,,,,,
BEFORE,LiGaP2O13,-4.01,1.168,Semiconductor,C222,,,LiGaP2O13_id2782_E-4.01.cif
AFTER,LiGaP2O13,-5.6166,1.636,Semiconductor,P1,-1.6066,0.468,LiGaP2O13_id2782_Final_E-5.62.cif
,,,,,,,,
BEFORE,PNO4,-4.9718,2.756,Semiconductor,P1,,,PNO4_id267_E-4.97.cif
AFTER,PNO4,-5.6158,0.0,Metal,P1,-0.6440,-2.756,PNO4_id267_Final_E-5.62.cif
,,,,,,,,
BEFORE,KNa2PO5,-3.7966,0.056,Semiconductor,P2,,,KNa2PO5_id3011_E-3.80.cif
AFTER,KNa2PO5,-5.6137,4.336,Insulator,P1,-1.8171,4.280,KNa2PO5_id3011_Final_E-5.61.cif
,,,,,,,,
BEFORE,Si3(B2P)2,-4.4348,1.802,Semiconductor,P31m,,,Si3(B2P)2_id2161_E-4.43.cif
AFTER,Si3(B2P)2,-5.6136,0.092,Semiconductor,P1,-1.1788,-1.710,Si3(B2P)2_id2161_Final_E-5.61.cif
,,,,,,,,
BEFORE,Ti15(Zn2Ga)2,-2.3275,1.594,Semiconductor,P2,,,Ti15(Zn2Ga)2_id688_E-2.33.cif
AFTER,Ti15(Zn2Ga)2,-5.6122,0.0,Metal,P1,-3.2847,-1.594,Ti15(Zn2Ga)2_id688_Final_E-5.61.cif
,,,,,,,,
BEFORE,BaNO,-5.5963,1.008,Semiconductor,P4_2/mmc,,,BaNO_id3332_E-5.60.cif
AFTER,BaNO,-5.5963,1.008,Semiconductor,P4_2/mmc,0.0000,0.000,BaNO_id3332_Final_E-5.60.cif
,,,,,,,,
BEFORE,Li3Ca2SbO6,-4.587,2.477,Semiconductor,Pnn2,,,Li3Ca2SbO6_id2582_E-4.59.cif
AFTER,Li3Ca2SbO6,-5.5944,3.644,Insulator,Pc,-1.0074,1.167,Li3Ca2SbO6_id2582_Final_E-5.59.cif
,,,,,,,,
BEFORE,K2(SnO2)3,-5.1752,1.523,Semiconductor,P-31c,,,K2(SnO2)3_id2820_E-5.18.cif
AFTER,K2(SnO2)3,-5.5917,0.466,Semiconductor,P6_3/mmc,-0.4165,-1.057,K2(SnO2)3_id2820_Final_E-5.59.cif
,,,,,,,,
BEFORE,Sc4Ge3(PSe)3,-5.4285,0.229,Semiconductor,R-3c,,,Sc4Ge3(PSe)3_id2034_E-5.43.cif
AFTER,Sc4Ge3(PSe)3,-5.5875,0.0,Metal,P-1,-0.1590,-0.229,Sc4Ge3(PSe)3_id2034_Final_E-5.59.cif
,,,,,,,,
BEFORE,Li2As2N2O,-4.8795,1.178,Semiconductor,Pccn,,,Li2As2N2O_id813_E-4.88.cif
AFTER,Li2As2N2O,-5.5787,1.795,Semiconductor,P2_1/c,-0.6992,0.617,Li2As2N2O_id813_Final_E-5.58.cif
,,,,,,,,
BEFORE,KZn2BO4,-4.0529,2.304,Semiconductor,P6_422,,,KZn2BO4_id1310_E-4.05.cif
AFTER,KZn2BO4,-5.5756,2.478,Semiconductor,P1,-1.5227,0.174,KZn2BO4_id1310_Final_E-5.58.cif
,,,,,,,,
BEFORE,PO6,-5.2706,3.462,Semiconductor,Aea2,,,PO6_id810_E-5.27.cif
AFTER,PO6,-5.5623,0.0,Metal,P1,-0.2917,-3.462,PO6_id810_Final_E-5.56.cif
,,,,,,,,
BEFORE,P3NO5,-5.3033,1.084,Semiconductor,P2/c,,,P3NO5_id126_E-5.30.cif
AFTER,P3NO5,-5.56,1.88,Semiconductor,P1,-0.2567,0.796,P3NO5_id126_Final_E-5.56.cif
,,,,,,,,
BEFORE,Sc3SnTe4,-5.5565,0.503,Semiconductor,Pm-3m,,,Sc3SnTe4_id2764_E-5.56.cif
AFTER,Sc3SnTe4,-5.5565,0.503,Semiconductor,Pm-3m,0.0000,0.000,Sc3SnTe4_id2764_Final_E-5.56.cif
,,,,,,,,
BEFORE,MgO2,-4.8794,2.189,Semiconductor,Pbca,,,MgO2_id1179_E-4.88.cif
AFTER,MgO2,-5.5552,2.776,Semiconductor,Pbca,-0.6758,0.587,MgO2_id1179_Final_E-5.56.cif
,,,,,,,,
BEFORE,CaO4,-4.9912,1.907,Semiconductor,P-42_1c,,,CaO4_id1205_E-4.99.cif
AFTER,CaO4,-5.5218,4.356,Insulator,P-42_1c,-0.5306,2.449,CaO4_id1205_Final_E-5.52.cif
,,,,,,,,
BEFORE,Ba2Ti3S4,-4.9829,1.288,Semiconductor,I4/mmm,,,Ba2Ti3S4_id75_E-4.98.cif
AFTER,Ba2Ti3S4,-5.4991,1.354,Semiconductor,I4/mmm,-0.5162,0.066,Ba2Ti3S4_id75_Final_E-5.50.cif
,,,,,,,,
BEFORE,Li2Mg(AsO3)2,-4.9642,0.104,Semiconductor,P4/mnc,,,Li2Mg(AsO3)2_id958_E-4.96.cif
AFTER,Li2Mg(AsO3)2,-5.4885,1.761,Semiconductor,P4/mnc,-0.5243,1.657,Li2Mg(AsO3)2_id958_Final_E-5.49.cif
,,,,,,,,
BEFORE,Li7BSb2O11,-4.0808,1.698,Semiconductor,Pna2_1,,,Li7BSb2O11_id283_E-4.08.cif
AFTER,Li7BSb2O11,-5.4882,3.352,Semiconductor,P1,-1.4074,1.654,Li7BSb2O11_id283_Final_E-5.49.cif
,,,,,,,,
BEFORE,CdN2O5,-5.4165,0.092,Semiconductor,C222_1,,,CdN2O5_id1701_E-5.42.cif
AFTER,CdN2O5,-5.4787,0.0,Metal,C222_1,-0.0622,-0.092,CdN2O5_id1701_Final_E-5.48.cif
,,,,,,,,
BEFORE,ScGa3(AsO2)6,-5.0822,0.339,Semiconductor,P6_3,,,ScGa3(AsO2)6_id2885_E-5.08.cif
AFTER,ScGa3(AsO2)6,-5.4747,1.335,Semiconductor,P6_3,-0.3925,0.996,ScGa3(AsO2)6_id2885_Final_E-5.47.cif
,,,,,,,,
BEFORE,SrCaO8,-5.3271,1.33,Semiconductor,P4/nbm,,,SrCaO8_id2761_E-5.33.cif
AFTER,SrCaO8,-5.4731,4.2,Insulator,C2/m,-0.1460,2.870,SrCaO8_id2761_Final_E-5.47.cif
,,,,,,,,
BEFORE,Na2ScO2,-4.9729,2.781,Semiconductor,P6/mmm,,,Na2ScO2_id3260_E-4.97.cif
AFTER,Na2ScO2,-5.4684,0.0,Metal,P6/mmm,-0.4955,-2.781,Na2ScO2_id3260_Final_E-5.47.cif
,,,,,,,,
BEFORE,MgGaN2,-5.3305,0.077,Semiconductor,P4/mmm,,,MgGaN2_id1828_E-5.33.cif
AFTER,MgGaN2,-5.4283,1.809,Semiconductor,P4/mmm,-0.0978,1.732,MgGaN2_id1828_Final_E-5.43.cif
,,,,,,,,
BEFORE,ScTeS2,-4.7676,0.205,Semiconductor,P3m1,,,ScTeS2_id2035_E-4.77.cif
AFTER,ScTeS2,-5.426,0.259,Semiconductor,P1,-0.6584,0.054,ScTeS2_id2035_Final_E-5.43.cif
,,,,,,,,
BEFORE,SiGe6O23,-4.7307,2.248,Semiconductor,C2,,,SiGe6O23_id3247_E-4.73.cif
AFTER,SiGe6O23,-5.4204,2.32,Semiconductor,P1,-0.6897,0.072,SiGe6O23_id3247_Final_E-5.42.cif
,,,,,,,,
BEFORE,MgSc3O18,-5.3138,1.645,Semiconductor,P2/c,,,MgSc3O18_id1067_E-5.31.cif
AFTER,MgSc3O18,-5.4015,1.533,Semiconductor,P1,-0.0877,-0.112,MgSc3O18_id1067_Final_E-5.40.cif
,,,,,,,,
BEFORE,Sr2CSO,-3.8734,0.506,Semiconductor,P2/m,,,Sr2CSO_id1998_E-3.87.cif
AFTER,Sr2CSO,-5.4009,2.004,Semiconductor,P1,-1.5275,1.498,Sr2CSO_id1998_Final_E-5.40.cif
,,,,,,,,
BEFORE,KIn(TeO3)4,-3.0618,1.844,Semiconductor,P4/nbm,,,KIn(TeO3)4_id2069_E-3.06.cif
AFTER,KIn(TeO3)4,-5.3815,2.432,Semiconductor,P-1,-2.3197,0.588,KIn(TeO3)4_id2069_Final_E-5.38.cif
,,,,,,,,
BEFORE,KScTiO,-5.0018,0.08,Semiconductor,P-3m1,,,KScTiO_id2924_E-5.00.cif
AFTER,KScTiO,-5.3654,0.0,Metal,P-1,-0.3636,-0.080,KScTiO_id2924_Final_E-5.37.cif
,,,,,,,,
BEFORE,Ba4LiIn3O6,-5.3621,0.351,Semiconductor,Im-3m,,,Ba4LiIn3O6_id1476_E-5.36.cif
AFTER,Ba4LiIn3O6,-5.3621,0.351,Semiconductor,Im-3m,0.0000,0.000,Ba4LiIn3O6_id1476_Final_E-5.36.cif
,,,,,,,,
BEFORE,LiSbCO,-4.5989,2.46,Semiconductor,P4/nmm,,,LiSbCO_id2603_E-4.60.cif
AFTER,LiSbCO,-5.362,0.0,Metal,C2/m,-0.7631,-2.460,LiSbCO_id2603_Final_E-5.36.cif
,,,,,,,,
BEFORE,Ti(InS2)2,-5.2975,1.296,Semiconductor,Pban,,,Ti(InS2)2_id3364_E-5.30.cif
AFTER,Ti(InS2)2,-5.3595,0.308,Semiconductor,Pban,-0.0620,-0.988,Ti(InS2)2_id3364_Final_E-5.36.cif
,,,,,,,,
BEFORE,B2As2S3,-4.8989,2.188,Semiconductor,P4_2mc,,,B2As2S3_id2138_E-4.90.cif
AFTER,B2As2S3,-5.3497,1.712,Semiconductor,P4_2mc,-0.4508,-0.476,B2As2S3_id2138_Final_E-5.35.cif
,,,,,,,,
BEFORE,Si6O19,-4.6186,1.065,Semiconductor,P6/mmm,,,Si6O19_id262_E-4.62.cif
AFTER,Si6O19,-5.3287,0.0,Metal,P-1,-0.7101,-1.065,Si6O19_id262_Final_E-5.33.cif
,,,,,,,,
BEFORE,NaIn(SO4)3,-4.3243,2.629,Semiconductor,P6_322,,,NaIn(SO4)3_id1773_E-4.32.cif
AFTER,NaIn(SO4)3,-5.3286,0.708,Semiconductor,P1,-1.0043,-1.921,NaIn(SO4)3_id1773_Final_E-5.33.cif
,,,,,,,,
BEFORE,MgN6O11,-4.4017,3.494,Semiconductor,P1,,,MgN6O11_id581_E-4.40.cif
AFTER,MgN6O11,-5.3224,0.0,Metal,P1,-0.9207,-3.494,MgN6O11_id581_Final_E-5.32.cif
,,,,,,,,
BEFORE,TiO2,-3.5606,0.197,Semiconductor,I4/mmm,,,TiO2_id269_E-3.56.cif
AFTER,TiO2,-5.302,2.201,Semiconductor,Pm,-1.7414,2.004,TiO2_id269_Final_E-5.30.cif
,,,,,,,,
BEFORE,Mg2Ti2CO2,-4.6029,1.471,Semiconductor,P1,,,Mg2Ti2CO2_id474_E-4.60.cif
AFTER,Mg2Ti2CO2,-5.3015,1.645,Semiconductor,P1,-0.6986,0.174,Mg2Ti2CO2_id474_Final_E-5.30.cif
,,,,,,,,
BEFORE,MgN,-4.9013,0.341,Semiconductor,P4_2/ncm,,,MgN_id873_E-4.90.cif
AFTER,MgN,-5.3014,0.313,Semiconductor,Cm,-0.4001,-0.028,MgN_id873_Final_E-5.30.cif
,,,,,,,,
BEFORE,GaO,-5.2362,1.769,Semiconductor,P4_2/ncm,,,GaO_id1406_E-5.24.cif
AFTER,GaO,-5.2507,1.81,Semiconductor,P4_2/ncm,-0.0145,0.041,GaO_id1406_Final_E-5.25.cif
,,,,,,,,
BEFORE,ScSiO19,-4.073,0.268,Semiconductor,Pc,,,ScSiO19_id990_E-4.07.cif
AFTER,ScSiO19,-5.2318,2.276,Semiconductor,P1,-1.1588,2.008,ScSiO19_id990_Final_E-5.23.cif
,,,,,,,,
BEFORE,ScAlSb,-5.0715,0.952,Semiconductor,P4/nmm,,,ScAlSb_id1210_E-5.07.cif
AFTER,ScAlSb,-5.2246,0.0,Metal,P4/nmm,-0.1531,-0.952,ScAlSb_id1210_Final_E-5.22.cif
,,,,,,,,
BEFORE,CaZn5(GaO2)6,-3.8111,0.073,Semiconductor,P6/mmm,,,CaZn5(GaO2)6_id1896_E-3.81.cif
AFTER,CaZn5(GaO2)6,-5.2238,1.057,Semiconductor,P1,-1.4127,0.984,CaZn5(GaO2)6_id1896_Final_E-5.22.cif
,,,,,,,,
BEFORE,KAlZn2O6,-3.3142,2.225,Semiconductor,P321,,,KAlZn2O6_id2493_E-3.31.cif
AFTER,KAlZn2O6,-5.2096,2.665,Semiconductor,P1,-1.8954,0.440,KAlZn2O6_id2493_Final_E-5.21.cif
,,,,,,,,
BEFORE,BaN20,-4.3103,1.936,Semiconductor,Pm,,,BaN20_id2964_E-4.31.cif
AFTER,BaN20,-5.206,1.782,Semiconductor,Pm,-0.8957,-0.154,BaN20_id2964_Final_E-5.21.cif
,,,,,,,,
BEFORE,ScTiO18,-4.841,0.743,Semiconductor,P-31c,,,ScTiO18_id3079_E-4.84.cif
AFTER,ScTiO18,-5.1952,0.14,Semiconductor,P1,-0.3542,-0.603,ScTiO18_id3079_Final_E-5.20.cif
,,,,,,,,
BEFORE,BaLi4O8,-4.1811,2.594,Semiconductor,P4_2/n,,,BaLi4O8_id1616_E-4.18.cif
AFTER,BaLi4O8,-5.1889,3.197,Semiconductor,P-1,-1.0078,0.603,BaLi4O8_id1616_Final_E-5.19.cif
,,,,,,,,
BEFORE,TiBO2,-2.5605,1.61,Semiconductor,C222_1,,,TiBO2_id2277_E-2.56.cif
AFTER,TiBO2,-5.1875,3.596,Insulator,P1,-2.6270,1.986,TiBO2_id2277_Final_E-5.19.cif
,,,,,,,,
BEFORE,K(AsO)2,-5.0694,1.391,Semiconductor,P4/mnc,,,K(AsO)2_id3386_E-5.07.cif
AFTER,K(AsO)2,-5.1634,1.005,Semiconductor,P4/mnc,-0.0940,-0.386,K(AsO)2_id3386_Final_E-5.16.cif
,,,,,,,,
BEFORE,Be4Si2B4S3,-4.9854,1.81,Semiconductor,Pccn,,,Be4Si2B4S3_id1373_E-4.99.cif
AFTER,Be4Si2B4S3,-5.1615,4.17,Insulator,Pccn,-0.1761,2.360,Be4Si2B4S3_id1373_Final_E-5.16.cif
,,,,,,,,
BEFORE,NaSn5(GeO2)2,-5.119,0.26,Semiconductor,P-4m2,,,NaSn5(GeO2)2_id2614_E-5.12.cif
AFTER,NaSn5(GeO2)2,-5.1566,0.082,Semiconductor,P-4m2,-0.0376,-0.178,NaSn5(GeO2)2_id2614_Final_E-5.16.cif
,,,,,,,,
BEFORE,K3As4(NO2)3,-4.0646,1.308,Semiconductor,C222,,,K3As4(NO2)3_id1493_E-4.06.cif
AFTER,K3As4(NO2)3,-5.1415,0.0,Metal,P1,-1.0769,-1.308,K3As4(NO2)3_id1493_Final_E-5.14.cif
,,,,,,,,
BEFORE,LiSO,-4.4869,2.705,Semiconductor,P2_12_12_1,,,LiSO_id1782_E-4.49.cif
AFTER,LiSO,-5.1351,1.871,Semiconductor,P1,-0.6482,-0.834,LiSO_id1782_Final_E-5.14.cif
,,,,,,,,
BEFORE,MgInO6,-4.967,1.507,Semiconductor,P-31c,,,MgInO6_id843_E-4.97.cif
AFTER,MgInO6,-5.1049,1.87,Semiconductor,P-31c,-0.1379,0.363,MgInO6_id843_Final_E-5.10.cif
,,,,,,,,
BEFORE,K4Te13O24,-4.191,0.127,Semiconductor,Pn-3n,,,K4Te13O24_id448_E-4.19.cif
AFTER,K4Te13O24,-5.1042,0.951,Semiconductor,Pn-3n,-0.9132,0.824,K4Te13O24_id448_Final_E-5.10.cif
,,,,,,,,
BEFORE,KLiPO14,-4.3074,2.527,Semiconductor,P1,,,KLiPO14_id1475_E-4.31.cif
AFTER,KLiPO14,-5.1025,0.0,Metal,P1,-0.7951,-2.527,KLiPO14_id1475_Final_E-5.10.cif
,,,,,,,,
BEFORE,LiAsO6,-4.9928,0.787,Semiconductor,P6_322,,,LiAsO6_id3323_E-4.99.cif
AFTER,LiAsO6,-5.0989,3.379,Semiconductor,P6_322,-0.1061,2.592,LiAsO6_id3323_Final_E-5.10.cif
,,,,,,,,
BEFORE,Sr3Ca3N4,-4.0659,0.862,Semiconductor,I-43d,,,Sr3Ca3N4_id2093_E-4.07.cif
AFTER,Sr3Ca3N4,-5.096,0.094,Semiconductor,P1,-1.0301,-0.768,Sr3Ca3N4_id2093_Final_E-5.10.cif
,,,,,,,,
BEFORE,KCaO8,-5.009,2.116,Semiconductor,P4/nbm,,,KCaO8_id3371_E-5.01.cif
AFTER,KCaO8,-5.0953,0.218,Semiconductor,P4/nbm,-0.0863,-1.898,KCaO8_id3371_Final_E-5.10.cif
,,,,,,,,
BEFORE,CO20,-4.7853,0.917,Semiconductor,Pc,,,CO20_id919_E-4.79.cif
AFTER,CO20,-5.0795,0.0,Metal,Pc,-0.2942,-0.917,CO20_id919_Final_E-5.08.cif
,,,,,,,,
BEFORE,Ca4C7N3,-4.2088,0.791,Semiconductor,P1,,,Ca4C7N3_id2002_E-4.21.cif
AFTER,Ca4C7N3,-5.0756,0.429,Semiconductor,P1,-0.8668,-0.362,Ca4C7N3_id2002_Final_E-5.08.cif
,,,,,,,,
BEFORE,Ba3Li2AsO15,-4.5576,1.581,Semiconductor,P31m,,,Ba3Li2AsO15_id2711_E-4.56.cif
AFTER,Ba3Li2AsO15,-5.0651,2.704,Semiconductor,P1,-0.5075,1.123,Ba3Li2AsO15_id2711_Final_E-5.07.cif
,,,,,,,,
BEFORE,MgSbO4,-5.0444,0.806,Semiconductor,Cmmm,,,MgSbO4_id2184_E-5.04.cif
AFTER,MgSbO4,-5.062,0.92,Semiconductor,Cmmm,-0.0176,0.114,MgSbO4_id2184_Final_E-5.06.cif
,,,,,,,,
BEFORE,NaAs(SO)4,-4.603,0.93,Semiconductor,P4/nbm,,,NaAs(SO)4_id242_E-4.60.cif
AFTER,NaAs(SO)4,-5.0609,2.628,Semiconductor,P-1,-0.4579,1.698,NaAs(SO)4_id242_Final_E-5.06.cif
,,,,,,,,
BEFORE,BeAl2(SN)2,-4.7235,2.785,Semiconductor,Pa-3,,,BeAl2(SN)2_id1608_E-4.72.cif
AFTER,BeAl2(SN)2,-5.0493,1.89,Semiconductor,P1,-0.3258,-0.895,BeAl2(SN)2_id1608_Final_E-5.05.cif
,,,,,,,,
BEFORE,Li3ZnBO9,-4.5523,2.779,Semiconductor,Pna2_1,,,Li3ZnBO9_id2644_E-4.55.cif
AFTER,Li3ZnBO9,-5.0428,2.042,Semiconductor,Pc,-0.4905,-0.737,Li3ZnBO9_id2644_Final_E-5.04.cif
,,,,,,,,
BEFORE,Ca(SeO)3,-4.9987,2.073,Semiconductor,P6_3,,,Ca(SeO)3_id50_E-5.00.cif
AFTER,Ca(SeO)3,-5.0399,2.548,Semiconductor,P6_3,-0.0412,0.475,Ca(SeO)3_id50_Final_E-5.04.cif
,,,,,,,,
BEFORE,PS,-4.4866,2.57,Semiconductor,Pbca,,,PS_id1223_E-4.49.cif
AFTER,PS,-5.0144,2.125,Semiconductor,P2_1/c,-0.5278,-0.445,PS_id1223_Final_E-5.01.cif
,,,,,,,,
BEFORE,LiAlTe5O4,-3.6674,2.232,Semiconductor,P-42m,,,LiAlTe5O4_id350_E-3.67.cif
AFTER,LiAlTe5O4,-5.0086,1.091,Semiconductor,P2,-1.3412,-1.141,LiAlTe5O4_id350_Final_E-5.01.cif
,,,,,,,,
BEFORE,MgTiGeAs2,-4.9368,0.194,Semiconductor,Pmmm,,,MgTiGeAs2_id2803_E-4.94.cif
AFTER,MgTiGeAs2,-4.9982,0.64,Semiconductor,Pmmm,-0.0614,0.446,MgTiGeAs2_id2803_Final_E-5.00.cif
,,,,,,,,
BEFORE,Be(NO4)2,-4.2827,2.778,Semiconductor,P1,,,Be(NO4)2_id2775_E-4.28.cif
AFTER,Be(NO4)2,-4.9963,1.814,Semiconductor,P1,-0.7136,-0.964,Be(NO4)2_id2775_Final_E-5.00.cif
,,,,,,,,
BEFORE,SiSb(AsP8)2,-4.65,0.72,Semiconductor,P1,,,SiSb(AsP8)2_id863_E-4.65.cif
AFTER,SiSb(AsP8)2,-4.9876,0.314,Semiconductor,P1,-0.3376,-0.406,SiSb(AsP8)2_id863_Final_E-4.99.cif
,,,,,,,,
BEFORE,SbO11,-4.3343,0.523,Semiconductor,P2,,,SbO11_id1039_E-4.33.cif
AFTER,SbO11,-4.9851,0.557,Semiconductor,P2,-0.6508,0.034,SbO11_id1039_Final_E-4.99.cif
,,,,,,,,
BEFORE,SrZnO4,-4.8362,1.699,Semiconductor,P-42_1c,,,SrZnO4_id1917_E-4.84.cif
AFTER,SrZnO4,-4.9845,0.369,Semiconductor,P2_12_12,-0.1483,-1.330,SrZnO4_id1917_Final_E-4.98.cif
,,,,,,,,
BEFORE,Li2Sc2SnSe6,-4.2212,0.791,Semiconductor,Cccm,,,Li2Sc2SnSe6_id2354_E-4.22.cif
AFTER,Li2Sc2SnSe6,-4.9719,0.911,Semiconductor,C2/c,-0.7507,0.120,Li2Sc2SnSe6_id2354_Final_E-4.97.cif
,,,,,,,,
BEFORE,KP2O,-4.2838,1.222,Semiconductor,I4_1/amd,,,KP2O_id425_E-4.28.cif
AFTER,KP2O,-4.967,2.544,Semiconductor,P-1,-0.6832,1.322,KP2O_id425_Final_E-4.97.cif
,,,,,,,,
BEFORE,BaCdO6,-4.6931,0.059,Semiconductor,P6_322,,,BaCdO6_id3208_E-4.69.cif
AFTER,BaCdO6,-4.9435,0.0,Metal,P6_322,-0.2504,-0.059,BaCdO6_id3208_Final_E-4.94.cif
,,,,,,,,
BEFORE,NaLi2MgO4,-4.8864,3.262,Semiconductor,Pccm,,,NaLi2MgO4_id1590_E-4.89.cif
AFTER,NaLi2MgO4,-4.9402,3.694,Insulator,Pccm,-0.0538,0.432,NaLi2MgO4_id1590_Final_E-4.94.cif
,,,,,,,,
BEFORE,Te4AsO4,-4.6964,1.808,Semiconductor,I4_1/a,,,Te4AsO4_id2525_E-4.70.cif
AFTER,Te4AsO4,-4.9342,1.891,Semiconductor,I4_1/a,-0.2378,0.083,Te4AsO4_id2525_Final_E-4.93.cif
,,,,,,,,
BEFORE,LiO2,-4.4486,1.683,Semiconductor,Pbca,,,LiO2_id1950_E-4.45.cif
AFTER,LiO2,-4.9338,0.301,Semiconductor,P2_1/c,-0.4852,-1.382,LiO2_id1950_Final_E-4.93.cif
,,,,,,,,
BEFORE,BaZn2SnO18,-4.4855,1.22,Semiconductor,P-3,,,BaZn2SnO18_id875_E-4.49.cif
AFTER,BaZn2SnO18,-4.9331,0.789,Semiconductor,P-3,-0.4476,-0.431,BaZn2SnO18_id875_Final_E-4.93.cif
,,,,,,,,
BEFORE,SbAs3,-4.8449,0.729,Semiconductor,P4_12_12,,,SbAs3_id917_E-4.84.cif
AFTER,SbAs3,-4.9252,0.273,Semiconductor,P1,-0.0803,-0.456,SbAs3_id917_Final_E-4.93.cif
,,,,,,,,
BEFORE,CaO6,-4.8629,3.033,Semiconductor,P4/nbm,,,CaO6_id2759_E-4.86.cif
AFTER,CaO6,-4.9182,4.186,Insulator,P1,-0.0553,1.153,CaO6_id2759_Final_E-4.92.cif
,,,,,,,,
BEFORE,Na2CaO8,-4.4253,1.821,Semiconductor,C2/c,,,Na2CaO8_id442_E-4.43.cif
AFTER,Na2CaO8,-4.9029,0.0,Metal,C2/c,-0.4776,-1.821,Na2CaO8_id442_Final_E-4.90.cif
,,,,,,,,
BEFORE,BaO7,-4.6919,1.802,Semiconductor,P6_322,,,BaO7_id2175_E-4.69.cif
AFTER,BaO7,-4.8972,0.017,Metal,P6_322,-0.2053,-1.785,BaO7_id2175_Final_E-4.90.cif
,,,,,,,,
BEFORE,GaO4,-4.5959,0.176,Semiconductor,Pmm2,,,GaO4_id1353_E-4.60.cif
AFTER,GaO4,-4.889,0.336,Semiconductor,P-1,-0.2931,0.160,GaO4_id1353_Final_E-4.89.cif
,,,,,,,,
BEFORE,LiMg(SO)2,-4.6229,2.718,Semiconductor,C222_1,,,LiMg(SO)2_id898_E-4.62.cif
AFTER,LiMg(SO)2,-4.8811,2.891,Semiconductor,C222_1,-0.2582,0.173,LiMg(SO)2_id898_Final_E-4.88.cif
,,,,,,,,
BEFORE,SrSi10,-4.7273,0.11,Semiconductor,Pmma,,,SrSi10_id25_E-4.73.cif
AFTER,SrSi10,-4.878,2.801,Semiconductor,P-1,-0.1507,2.691,SrSi10_id25_Final_E-4.88.cif
,,,,,,,,
BEFORE,Li2O2,-4.3489,1.886,Semiconductor,P4_2/ncm,,,Li2O2_id2344_E-4.35.cif
AFTER,Li2O2,-4.8662,2.279,Semiconductor,Pna2_1,-0.5173,0.393,Li2O2_id2344_Final_E-4.87.cif
,,,,,,,,
BEFORE,As4SO10,-4.85,0.619,Semiconductor,P222,,,As4SO10_id1003_E-4.85.cif
AFTER,As4SO10,-4.8642,0.991,Semiconductor,P1,-0.0142,0.372,As4SO10_id1003_Final_E-4.86.cif
,,,,,,,,
BEFORE,BeBO2,-4.8563,2.47,Semiconductor,P6_222,,,BeBO2_id1673_E-4.86.cif
AFTER,BeBO2,-4.8563,2.47,Semiconductor,P6_222,0.0000,0.000,BeBO2_id1673_Final_E-4.86.cif
,,,,,,,,
BEFORE,K2SbO5,-3.7777,1.131,Semiconductor,Pmmm,,,K2SbO5_id1613_E-3.78.cif
AFTER,K2SbO5,-4.8486,0.47,Semiconductor,P1,-1.0709,-0.661,K2SbO5_id1613_Final_E-4.85.cif
,,,,,,,,
BEFORE,Li4O11,-4.5198,1.246,Semiconductor,P2,,,Li4O11_id204_E-4.52.cif
AFTER,Li4O11,-4.84,0.16,Semiconductor,P1,-0.3202,-1.086,Li4O11_id204_Final_E-4.84.cif
,,,,,,,,
BEFORE,Sc3N5O13,-4.8211,1.896,Semiconductor,P-31m,,,Sc3N5O13_id2262_E-4.82.cif
AFTER,Sc3N5O13,-4.8396,0.014,Metal,P1,-0.0185,-1.882,Sc3N5O13_id2262_Final_E-4.84.cif
,,,,,,,,
BEFORE,KMgS2O3,-3.611,0.508,Semiconductor,R32,,,KMgS2O3_id583_E-3.61.cif
AFTER,KMgS2O3,-4.8345,0.625,Semiconductor,P1,-1.2235,0.117,KMgS2O3_id583_Final_E-4.83.cif
,,,,,,,,
BEFORE,Ca4ScTiO,-3.7819,2.726,Semiconductor,P1,,,Ca4ScTiO_id915_E-3.78.cif
AFTER,Ca4ScTiO,-4.8204,0.835,Semiconductor,P1,-1.0385,-1.891,Ca4ScTiO_id915_Final_E-4.82.cif
,,,,,,,,
BEFORE,LiO7,-3.5041,1.891,Semiconductor,R3m,,,LiO7_id1710_E-3.50.cif
AFTER,LiO7,-4.8202,0.0,Metal,P1,-1.3161,-1.891,LiO7_id1710_Final_E-4.82.cif
,,,,,,,,
BEFORE,As2P4NO7,-3.8328,0.539,Semiconductor,P2_12_12_1,,,As2P4NO7_id42_E-3.83.cif
AFTER,As2P4NO7,-4.8166,1.208,Semiconductor,P1,-0.9838,0.669,As2P4NO7_id42_Final_E-4.82.cif
,,,,,,,,
BEFORE,SeSO2,-4.8153,2.554,Semiconductor,P4_2/mmc,,,SeSO2_id711_E-4.82.cif
AFTER,SeSO2,-4.8162,2.55,Semiconductor,P4_2/mmc,-0.0009,-0.004,SeSO2_id711_Final_E-4.82.cif
,,,,,,,,
BEFORE,KB3,-4.814,1.433,Semiconductor,P6/mmm,,,KB3_id1483_E-4.81.cif
AFTER,KB3,-4.8148,1.265,Semiconductor,P6/mmm,-0.0008,-0.168,KB3_id1483_Final_E-4.81.cif
,,,,,,,,
BEFORE,KC14,-4.2744,0.361,Semiconductor,P1,,,KC14_id1243_E-4.27.cif
AFTER,KC14,-4.8131,0.448,Semiconductor,P1,-0.5387,0.087,KC14_id1243_Final_E-4.81.cif
,,,,,,,,
BEFORE,BP2,-4.8084,1.102,Semiconductor,F-43m,,,BP2_id1000_E-4.81.cif
AFTER,BP2,-4.8084,1.102,Semiconductor,F-43m,0.0000,0.000,BP2_id1000_Final_E-4.81.cif
,,,,,,,,
BEFORE,NO19,-3.8698,0.959,Semiconductor,P2/c,,,NO19_id255_E-3.87.cif
AFTER,NO19,-4.8063,1.202,Semiconductor,P2/c,-0.9365,0.243,NO19_id255_Final_E-4.81.cif
,,,,,,,,
BEFORE,BP12,-4.7983,0.102,Semiconductor,I432,,,BP12_id3366_E-4.80.cif
AFTER,BP12,-4.7996,0.089,Semiconductor,I432,-0.0013,-0.013,BP12_id3366_Final_E-4.80.cif
,,,,,,,,
BEFORE,SiSnS2,-4.5723,0.067,Semiconductor,P6_522,,,SiSnS2_id2658_E-4.57.cif
AFTER,SiSnS2,-4.7936,0.0,Metal,P6_522,-0.2213,-0.067,SiSnS2_id2658_Final_E-4.79.cif
,,,,,,,,
BEFORE,AlSi3,-4.4322,1.303,Semiconductor,Ibam,,,AlSi3_id2624_E-4.43.cif
AFTER,AlSi3,-4.7923,2.459,Semiconductor,P2/c,-0.3601,1.156,AlSi3_id2624_Final_E-4.79.cif
,,,,,,,,
BEFORE,K3CaO5,-3.6467,1.115,Semiconductor,P-3m1,,,K3CaO5_id1735_E-3.65.cif
AFTER,K3CaO5,-4.791,0.0,Metal,P1,-1.1443,-1.115,K3CaO5_id1735_Final_E-4.79.cif
,,,,,,,,
BEFORE,BeSiGeP2,-4.5374,0.089,Semiconductor,P2_12_12_1,,,BeSiGeP2_id2114_E-4.54.cif
AFTER,BeSiGeP2,-4.7909,1.013,Semiconductor,P2_12_12_1,-0.2535,0.924,BeSiGeP2_id2114_Final_E-4.79.cif
,,,,,,,,
BEFORE,BaLiGeO3,-4.7787,1.297,Semiconductor,P-6m2,,,BaLiGeO3_id2409_E-4.78.cif
AFTER,BaLiGeO3,-4.7824,1.573,Semiconductor,P-6m2,-0.0037,0.276,BaLiGeO3_id2409_Final_E-4.78.cif
,,,,,,,,
BEFORE,NaO8,-4.1201,1.169,Semiconductor,Pba2,,,NaO8_id3327_E-4.12.cif
AFTER,NaO8,-4.7602,2.837,Semiconductor,Pba2,-0.6401,1.668,NaO8_id3327_Final_E-4.76.cif
,,,,,,,,
BEFORE,Ba2S2N2O17,-4.3486,0.164,Semiconductor,P1,,,Ba2S2N2O17_id2672_E-4.35.cif
AFTER,Ba2S2N2O17,-4.7547,1.897,Semiconductor,P1,-0.4061,1.733,Ba2S2N2O17_id2672_Final_E-4.75.cif
,,,,,,,,
BEFORE,MgCdO8,-4.3471,1.125,Semiconductor,Pban,,,MgCdO8_id3302_E-4.35.cif
AFTER,MgCdO8,-4.7541,0.0,Metal,Pban,-0.4070,-1.125,MgCdO8_id3302_Final_E-4.75.cif
,,,,,,,,
BEFORE,KNaO19,-4.0215,0.927,Semiconductor,P1,,,KNaO19_id503_E-4.02.cif
AFTER,KNaO19,-4.7507,3.379,Semiconductor,P1,-0.7292,2.452,KNaO19_id503_Final_E-4.75.cif
,,,,,,,,
BEFORE,SeO,-4.7186,1.572,Semiconductor,Pbca,,,SeO_id2320_E-4.72.cif
AFTER,SeO,-4.7489,1.427,Semiconductor,Pbca,-0.0303,-0.145,SeO_id2320_Final_E-4.75.cif
,,,,,,,,
BEFORE,NaCdSO5,-3.9209,2.416,Semiconductor,P321,,,NaCdSO5_id2438_E-3.92.cif
AFTER,NaCdSO5,-4.7478,2.42,Semiconductor,P1,-0.8269,0.004,NaCdSO5_id2438_Final_E-4.75.cif
,,,,,,,,
BEFORE,BaAs6,-4.5504,0.081,Semiconductor,P4_332,,,BaAs6_id1686_E-4.55.cif
AFTER,BaAs6,-4.7462,1.186,Semiconductor,P1,-0.1958,1.105,BaAs6_id1686_Final_E-4.75.cif
,,,,,,,,
BEFORE,BaSeO4,-4.5683,2.401,Semiconductor,Pnnn,,,BaSeO4_id2687_E-4.57.cif
AFTER,BaSeO4,-4.7384,2.853,Semiconductor,Pnnn,-0.1701,0.452,BaSeO4_id2687_Final_E-4.74.cif
,,,,,,,,
BEFORE,BaSc4O29,-4.4553,1.501,Semiconductor,P4/n,,,BaSc4O29_id683_E-4.46.cif
AFTER,BaSc4O29,-4.7332,1.645,Semiconductor,P1,-0.2779,0.144,BaSc4O29_id683_Final_E-4.73.cif
,,,,,,,,
BEFORE,LiO10,-3.8359,0.666,Semiconductor,Aem2,,,LiO10_id3007_E-3.84.cif
AFTER,LiO10,-4.7303,0.0,Metal,P1,-0.8944,-0.666,LiO10_id3007_Final_E-4.73.cif
,,,,,,,,
BEFORE,Be8SiB5,-4.4545,1.807,Semiconductor,P4/mcc,,,Be8SiB5_id2805_E-4.45.cif
AFTER,Be8SiB5,-4.7151,0.0,Metal,P4/mcc,-0.2606,-1.807,Be8SiB5_id2805_Final_E-4.72.cif
,,,,,,,,
BEFORE,LiSc,-2.5356,1.569,Semiconductor,Pmmm,,,LiSc_id1587_E-2.54.cif
AFTER,LiSc,-4.7084,0.0,Metal,P1,-2.1728,-1.569,LiSc_id1587_Final_E-4.71.cif
,,,,,,,,
BEFORE,Na4Cd(GaO2)3,-4.7053,0.816,Semiconductor,Im-3m,,,Na4Cd(GaO2)3_id2472_E-4.71.cif
AFTER,Na4Cd(GaO2)3,-4.7053,0.847,Semiconductor,Im-3m,0.0000,0.031,Na4Cd(GaO2)3_id2472_Final_E-4.71.cif
,,,,,,,,
BEFORE,KBaO32,-3.7834,1.8,Semiconductor,P-3,,,KBaO32_id1430_E-3.78.cif
AFTER,KBaO32,-4.6968,0.59,Semiconductor,P-3,-0.9134,-1.210,KBaO32_id1430_Final_E-4.70.cif
,,,,,,,,
BEFORE,KInO8,-3.2949,1.288,Semiconductor,I4_1/a,,,KInO8_id2210_E-3.29.cif
AFTER,KInO8,-4.6964,1.678,Semiconductor,P1,-1.4015,0.390,KInO8_id2210_Final_E-4.70.cif
,,,,,,,,
BEFORE,LiP2SeO17,-4.1703,1.633,Semiconductor,P2_1,,,LiP2SeO17_id1141_E-4.17.cif
AFTER,LiP2SeO17,-4.6901,0.189,Semiconductor,P2_1,-0.5198,-1.444,LiP2SeO17_id1141_Final_E-4.69.cif
,,,,,,,,
BEFORE,BaAs5O8,-4.5429,1.657,Semiconductor,I222,,,BaAs5O8_id2600_E-4.54.cif
AFTER,BaAs5O8,-4.6836,1.16,Semiconductor,P1,-0.1407,-0.497,BaAs5O8_id2600_Final_E-4.68.cif
,,,,,,,,
BEFORE,Zn2SnO9,-3.6082,1.186,Semiconductor,P1,,,Zn2SnO9_id1384_E-3.61.cif
AFTER,Zn2SnO9,-4.6792,0.445,Semiconductor,P1,-1.0710,-0.741,Zn2SnO9_id1384_Final_E-4.68.cif
,,,,,,,,
BEFORE,Ba3SbSe3,-4.3844,0.951,Semiconductor,R-3,,,Ba3SbSe3_id2434_E-4.38.cif
AFTER,Ba3SbSe3,-4.6778,1.272,Semiconductor,P1,-0.2934,0.321,Ba3SbSe3_id2434_Final_E-4.68.cif
,,,,,,,,
BEFORE,Ge(AsS2)2,-4.6524,1.206,Semiconductor,I-42d,,,Ge(AsS2)2_id730_E-4.65.cif
AFTER,Ge(AsS2)2,-4.6702,1.421,Semiconductor,I-42d,-0.0178,0.215,Ge(AsS2)2_id730_Final_E-4.67.cif
,,,,,,,,
BEFORE,K(SeO2)2,-4.5967,2.567,Semiconductor,I4_1/a,,,K(SeO2)2_id381_E-4.60.cif
AFTER,K(SeO2)2,-4.6693,1.375,Semiconductor,I4_1/a,-0.0726,-1.192,K(SeO2)2_id381_Final_E-4.67.cif
,,,,,,,,
BEFORE,AsS,-4.512,1.511,Semiconductor,Pca2_1,,,AsS_id785_E-4.51.cif
AFTER,AsS,-4.6663,2.098,Semiconductor,Pca2_1,-0.1543,0.587,AsS_id785_Final_E-4.67.cif
,,,,,,,,
BEFORE,MgCdO4,-4.2006,1.186,Semiconductor,P-4m2,,,MgCdO4_id1817_E-4.20.cif
AFTER,MgCdO4,-4.6588,1.288,Semiconductor,P-4m2,-0.4582,0.102,MgCdO4_id1817_Final_E-4.66.cif
,,,,,,,,
BEFORE,As(P3S7)2,-3.9476,1.629,Semiconductor,Pc,,,As(P3S7)2_id548_E-3.95.cif
AFTER,As(P3S7)2,-4.6543,1.798,Semiconductor,Pc,-0.7067,0.169,As(P3S7)2_id548_Final_E-4.65.cif
,,,,,,,,
BEFORE,MgN,-3.7168,2.75,Semiconductor,Pn-3m,,,MgN_id364_E-3.72.cif
AFTER,MgN,-4.6489,1.243,Semiconductor,P-1,-0.9321,-1.507,MgN_id364_Final_E-4.65.cif
,,,,,,,,
BEFORE,LiTi2(GaO5)2,-3.119,2.054,Semiconductor,C222_1,,,LiTi2(GaO5)2_id2181_E-3.12.cif
AFTER,LiTi2(GaO5)2,-4.6438,2.339,Semiconductor,C222_1,-1.5248,0.285,LiTi2(GaO5)2_id2181_Final_E-4.64.cif
,,,,,,,,
BEFORE,K2N3O,-4.6296,1.216,Semiconductor,I4_1/amd,,,K2N3O_id2127_E-4.63.cif
AFTER,K2N3O,-4.6435,0.0,Metal,I4_1/amd,-0.0139,-1.216,K2N3O_id2127_Final_E-4.64.cif
,,,,,,,,
BEFORE,KNaGeO3,-3.4228,1.75,Semiconductor,P6_3mc,,,KNaGeO3_id1266_E-3.42.cif
AFTER,KNaGeO3,-4.6386,2.008,Semiconductor,P2_1,-1.2158,0.258,KNaGeO3_id1266_Final_E-4.64.cif
,,,,,,,,
BEFORE,ZnO,-4.1247,2.447,Semiconductor,P4_2/ncm,,,ZnO_id2693_E-4.12.cif
AFTER,ZnO,-4.6331,0.639,Semiconductor,Pccn,-0.5084,-1.808,ZnO_id2693_Final_E-4.63.cif
,,,,,,,,
BEFORE,Sn(GeS)2,-3.2108,0.361,Semiconductor,P1,,,Sn(GeS)2_id2983_E-3.21.cif
AFTER,Sn(GeS)2,-4.6232,0.548,Semiconductor,P1,-1.4124,0.187,Sn(GeS)2_id2983_Final_E-4.62.cif
,,,,,,,,
BEFORE,KO3,-3.5494,0.458,Semiconductor,Cmmm,,,KO3_id2911_E-3.55.cif
AFTER,KO3,-4.6201,0.0,Metal,P1,-1.0707,-0.458,KO3_id2911_Final_E-4.62.cif
,,,,,,,,
BEFORE,SbS4,-4.5555,3.373,Semiconductor,I4_1/a,,,SbS4_id3149_E-4.56.cif
AFTER,SbS4,-4.6198,3.39,Semiconductor,I4_1/a,-0.0643,0.017,SbS4_id3149_Final_E-4.62.cif
,,,,,,,,
BEFORE,C(SO9)2,-3.1345,1.491,Semiconductor,Pm,,,C(SO9)2_id435_E-3.13.cif
AFTER,C(SO9)2,-4.6148,2.376,Semiconductor,Pm,-1.4803,0.885,C(SO9)2_id435_Final_E-4.61.cif
,,,,,,,,
BEFORE,KO2,-4.1239,1.208,Semiconductor,Pbca,,,KO2_id1861_E-4.12.cif
AFTER,KO2,-4.6072,0.783,Semiconductor,P2_1/c,-0.4833,-0.425,KO2_id1861_Final_E-4.61.cif
,,,,,,,,
BEFORE,SiS2,-4.597,0.088,Semiconductor,I4_1/amd,,,SiS2_id2849_E-4.60.cif
AFTER,SiS2,-4.6041,0.084,Semiconductor,I4_1/amd,-0.0071,-0.004,SiS2_id2849_Final_E-4.60.cif
,,,,,,,,
BEFORE,Ti2Be3Al2B,-3.5344,1.712,Semiconductor,P6_422,,,Ti2Be3Al2B_id2512_E-3.53.cif
AFTER,Ti2Be3Al2B,-4.6021,0.276,Semiconductor,P1,-1.0677,-1.436,Ti2Be3Al2B_id2512_Final_E-4.60.cif
,,,,,,,,
BEFORE,As4P,-4.3169,0.393,Semiconductor,I4_1/a,,,As4P_id1772_E-4.32.cif
AFTER,As4P,-4.5785,0.374,Semiconductor,I4_1/a,-0.2616,-0.019,As4P_id1772_Final_E-4.58.cif
,,,,,,,,
BEFORE,PS6,-2.8082,2.196,Semiconductor,P4/mmm,,,PS6_id2853_E-2.81.cif
AFTER,PS6,-4.5778,1.481,Semiconductor,P1,-1.7696,-0.715,PS6_id2853_Final_E-4.58.cif
,,,,,,,,
BEFORE,CN3,-4.5701,0.098,Semiconductor,Fm-3m,,,CN3_id3265_E-4.57.cif
AFTER,CN3,-4.5709,0.135,Semiconductor,Fm-3m,-0.0008,0.037,CN3_id3265_Final_E-4.57.cif
,,,,,,,,
BEFORE,GeS2,-4.4834,0.694,Semiconductor,P3_221,,,GeS2_id817_E-4.48.cif
AFTER,GeS2,-4.5637,0.797,Semiconductor,P3_221,-0.0803,0.103,GeS2_id817_Final_E-4.56.cif
,,,,,,,,
BEFORE,Ba3O11,-4.2577,2.449,Semiconductor,Cm,,,Ba3O11_id3119_E-4.26.cif
AFTER,Ba3O11,-4.5627,1.974,Semiconductor,P1,-0.3050,-0.475,Ba3O11_id3119_Final_E-4.56.cif
,,,,,,,,
BEFORE,NaO2,-4.2576,0.553,Semiconductor,Pbca,,,NaO2_id408_E-4.26.cif
AFTER,NaO2,-4.551,2.006,Semiconductor,Pbca,-0.2934,1.453,NaO2_id408_Final_E-4.55.cif
,,,,,,,,
BEFORE,NaLiO6,-4.1866,1.646,Semiconductor,Pmmn,,,NaLiO6_id1025_E-4.19.cif
AFTER,NaLiO6,-4.5492,0.0,Metal,Pmmn,-0.3626,-1.646,NaLiO6_id1025_Final_E-4.55.cif
,,,,,,,,
BEFORE,Sn2SbS4,-4.3849,0.285,Semiconductor,I-42d,,,Sn2SbS4_id2610_E-4.38.cif
AFTER,Sn2SbS4,-4.5479,0.299,Semiconductor,Fdd2,-0.1630,0.014,Sn2SbS4_id2610_Final_E-4.55.cif
,,,,,,,,
BEFORE,Li7B(AsO2)2,-3.3249,2.911,Semiconductor,P-42_1m,,,Li7B(AsO2)2_id1838_E-3.32.cif
AFTER,Li7B(AsO2)2,-4.5435,3.04,Semiconductor,P2_12_12,-1.2186,0.129,Li7B(AsO2)2_id1838_Final_E-4.54.cif
,,,,,,,,
BEFORE,Zn5GaO21,-3.7035,1.675,Semiconductor,I4,,,Zn5GaO21_id1330_E-3.70.cif
AFTER,Zn5GaO21,-4.5393,1.425,Semiconductor,I4,-0.8358,-0.250,Zn5GaO21_id1330_Final_E-4.54.cif
,,,,,,,,
BEFORE,Li2CdO2,-3.8858,0.568,Semiconductor,Cmcm,,,Li2CdO2_id1209_E-3.89.cif
AFTER,Li2CdO2,-4.5327,0.0,Metal,Cmcm,-0.6469,-0.568,Li2CdO2_id1209_Final_E-4.53.cif
,,,,,,,,
BEFORE,NaPN2,-4.5224,2.255,Semiconductor,I4_122,,,NaPN2_id3352_E-4.52.cif
AFTER,NaPN2,-4.5303,1.893,Semiconductor,I4_122,-0.0079,-0.362,NaPN2_id3352_Final_E-4.53.cif
,,,,,,,,
BEFORE,LiZnO2,-3.4425,2.669,Semiconductor,Cmc2_1,,,LiZnO2_id1251_E-3.44.cif
AFTER,LiZnO2,-4.5244,0.968,Semiconductor,Cmc2_1,-1.0819,-1.701,LiZnO2_id1251_Final_E-4.52.cif
,,,,,,,,
BEFORE,ScSiO19,-4.3849,0.589,Semiconductor,P1,,,ScSiO19_id923_E-4.38.cif
AFTER,ScSiO19,-4.523,0.591,Semiconductor,P1,-0.1381,0.002,ScSiO19_id923_Final_E-4.52.cif
,,,,,,,,
BEFORE,Si4Sn2Ge5,-3.7359,2.052,Semiconductor,I4_1/amd,,,Si4Sn2Ge5_id2271_E-3.74.cif
AFTER,Si4Sn2Ge5,-4.5128,0.0,Metal,Pmm2,-0.7769,-2.052,Si4Sn2Ge5_id2271_Final_E-4.51.cif
,,,,,,,,
BEFORE,AlInSi6P,-4.1047,0.539,Semiconductor,P312,,,AlInSi6P_id1915_E-4.10.cif
AFTER,AlInSi6P,-4.5049,0.016,Metal,P312,-0.4002,-0.523,AlInSi6P_id1915_Final_E-4.50.cif
,,,,,,,,
BEFORE,BaCdSO7,-3.9363,2.345,Semiconductor,Pm,,,BaCdSO7_id2109_E-3.94.cif
AFTER,BaCdSO7,-4.4974,2.361,Semiconductor,Pm,-0.5611,0.016,BaCdSO7_id2109_Final_E-4.50.cif
,,,,,,,,
BEFORE,MgSiPSe,-3.6936,1.454,Semiconductor,Pca2_1,,,MgSiPSe_id1396_E-3.69.cif
AFTER,MgSiPSe,-4.4759,1.236,Semiconductor,Pca2_1,-0.7823,-0.218,MgSiPSe_id1396_Final_E-4.48.cif
,,,,,,,,
BEFORE,BaP,-4.4745,0.734,Semiconductor,P6_3/mmc,,,BaP_id316_E-4.47.cif
AFTER,BaP,-4.4747,0.676,Semiconductor,P6_3/mmc,-0.0002,-0.058,BaP_id316_Final_E-4.47.cif
,,,,,,,,
BEFORE,LiSeS3O2,-4.3528,2.615,Semiconductor,P1,,,LiSeS3O2_id326_E-4.35.cif
AFTER,LiSeS3O2,-4.4712,2.23,Semiconductor,P1,-0.1184,-0.385,LiSeS3O2_id326_Final_E-4.47.cif
,,,,,,,,
BEFORE,CaSiO5,-4.045,0.51,Semiconductor,Pm,,,CaSiO5_id1863_E-4.04.cif
AFTER,CaSiO5,-4.4709,1.419,Semiconductor,Pm,-0.4259,0.909,CaSiO5_id1863_Final_E-4.47.cif
,,,,,,,,
BEFORE,Ba2Sc4SnTe5,-3.5766,1.71,Semiconductor,Pbam,,,Ba2Sc4SnTe5_id1466_E-3.58.cif
AFTER,Ba2Sc4SnTe5,-4.4665,1.582,Semiconductor,P2/m,-0.8899,-0.128,Ba2Sc4SnTe5_id1466_Final_E-4.47.cif
,,,,,,,,
BEFORE,AsPSe2,-3.7619,1.482,Semiconductor,I-42d,,,AsPSe2_id1874_E-3.76.cif
AFTER,AsPSe2,-4.4496,1.322,Semiconductor,P1,-0.6877,-0.160,AsPSe2_id1874_Final_E-4.45.cif
,,,,,,,,
BEFORE,Ge5P4,-1.4436,0.371,Semiconductor,Cm,,,Ge5P4_id1255_E-1.44.cif
AFTER,Ge5P4,-4.4476,0.0,Metal,P1,-3.0040,-0.371,Ge5P4_id1255_Final_E-4.45.cif
,,,,,,,,
BEFORE,SeS3O,-4.2731,1.628,Semiconductor,P6_4,,,SeS3O_id2536_E-4.27.cif
AFTER,SeS3O,-4.4395,1.529,Semiconductor,P6_4,-0.1664,-0.099,SeS3O_id2536_Final_E-4.44.cif
,,,,,,,,
BEFORE,Li3Ca2O2,-0.9449,1.188,Semiconductor,Immm,,,Li3Ca2O2_id2_E-0.94.cif
AFTER,Li3Ca2O2,-4.4359,1.179,Semiconductor,P1,-3.4910,-0.009,Li3Ca2O2_id2_Final_E-4.44.cif
,,,,,,,,
BEFORE,K2BaS8,-3.5604,2.478,Semiconductor,I422,,,K2BaS8_id1103_E-3.56.cif
AFTER,K2BaS8,-4.4279,0.897,Semiconductor,P1,-0.8675,-1.581,K2BaS8_id1103_Final_E-4.43.cif
,,,,,,,,
BEFORE,InSe(N2O5)2,-4.4969,0.792,Semiconductor,Pm,,,InSe(N2O5)2_id3075_E-4.50.cif
AFTER,InSe(N2O5)2,-4.4201,0.669,Semiconductor,Pm,0.0768,-0.123,InSe(N2O5)2_id3075_Final_E-4.42.cif
,,,,,,,,
BEFORE,ZnO2,-4.1758,0.323,Semiconductor,Pbca,,,ZnO2_id2152_E-4.18.cif
AFTER,ZnO2,-4.4146,1.523,Semiconductor,Pbca,-0.2388,1.200,ZnO2_id2152_Final_E-4.41.cif
,,,,,,,,
BEFORE,S4O,-3.7222,0.116,Semiconductor,Pnn2,,,S4O_id2372_E-3.72.cif
AFTER,S4O,-4.4134,1.475,Semiconductor,Pc,-0.6912,1.359,S4O_id2372_Final_E-4.41.cif
,,,,,,,,
BEFORE,SiS9,-3.9951,1.303,Semiconductor,P2/m,,,SiS9_id28_E-4.00.cif
AFTER,SiS9,-4.3998,1.321,Semiconductor,P2,-0.4047,0.018,SiS9_id28_Final_E-4.40.cif
,,,,,,,,
BEFORE,Ca2Mg2InO18,-4.1748,2.853,Semiconductor,P1,,,Ca2Mg2InO18_id1257_E-4.17.cif
AFTER,Ca2Mg2InO18,-4.3993,1.881,Semiconductor,P1,-0.2245,-0.972,Ca2Mg2InO18_id1257_Final_E-4.40.cif
,,,,,,,,
BEFORE,GaSi3,-3.9527,0.287,Semiconductor,Imma,,,GaSi3_id2201_E-3.95.cif
AFTER,GaSi3,-4.3985,0.0,Metal,P-1,-0.4458,-0.287,GaSi3_id2201_Final_E-4.40.cif
,,,,,,,,
BEFORE,LiGe6(AsO2)2,-4.1971,1.211,Semiconductor,P3_121,,,LiGe6(AsO2)2_id540_E-4.20.cif
AFTER,LiGe6(AsO2)2,-4.3964,1.322,Semiconductor,P3_121,-0.1993,0.111,LiGe6(AsO2)2_id540_Final_E-4.40.cif
,,,,,,,,
BEFORE,NaZn2GaO4,-3.6134,0.785,Semiconductor,P4/mmm,,,NaZn2GaO4_id2281_E-3.61.cif
AFTER,NaZn2GaO4,-4.3899,3.05,Semiconductor,P4/mmm,-0.7765,2.265,NaZn2GaO4_id2281_Final_E-4.39.cif
,,,,,,,,
BEFORE,Sb4As7PS6,-3.8868,3.145,Semiconductor,Ima2,,,Sb4As7PS6_id972_E-3.89.cif
AFTER,Sb4As7PS6,-4.3853,3.084,Semiconductor,Ima2,-0.4985,-0.061,Sb4As7PS6_id972_Final_E-4.39.cif
,,,,,,,,
BEFORE,Li3ScSb3S4,-4.3785,0.221,Semiconductor,Pm-3n,,,Li3ScSb3S4_id1992_E-4.38.cif
AFTER,Li3ScSb3S4,-4.3785,0.221,Semiconductor,Pm-3n,0.0000,0.000,Li3ScSb3S4_id1992_Final_E-4.38.cif
,,,,,,,,
BEFORE,GeTeP,-3.7953,0.149,Semiconductor,Pccm,,,GeTeP_id603_E-3.80.cif
AFTER,GeTeP,-4.3752,0.028,Metal,P-1,-0.5799,-0.121,GeTeP_id603_Final_E-4.38.cif
,,,,,,,,
BEFORE,As17P,-3.9555,0.452,Semiconductor,P-62m,,,As17P_id2635_E-3.96.cif
AFTER,As17P,-4.3625,0.0,Metal,Pm,-0.4070,-0.452,As17P_id2635_Final_E-4.36.cif
,,,,,,,,
BEFORE,ZnO2,-4.36,1.255,Semiconductor,Fm-3m,,,ZnO2_id2989_E-4.36.cif
AFTER,ZnO2,-4.36,1.255,Semiconductor,Fm-3m,0.0000,0.000,ZnO2_id2989_Final_E-4.36.cif
,,,,,,,,
BEFORE,MgZnGa2S13,-2.9702,2.716,Semiconductor,Cmc2_1,,,MgZnGa2S13_id1157_E-2.97.cif
AFTER,MgZnGa2S13,-4.3592,3.375,Semiconductor,P1,-1.3890,0.659,MgZnGa2S13_id1157_Final_E-4.36.cif
,,,,,,,,
BEFORE,CdInSb3O2,-3.5513,0.862,Semiconductor,P4/mmm,,,CdInSb3O2_id58_E-3.55.cif
AFTER,CdInSb3O2,-4.3588,0.0,Metal,P1,-0.8075,-0.862,CdInSb3O2_id58_Final_E-4.36.cif
,,,,,,,,
BEFORE,AlSi,-4.2821,0.424,Semiconductor,Pbca,,,AlSi_id1487_E-4.28.cif
AFTER,AlSi,-4.3586,0.639,Semiconductor,Pbca,-0.0765,0.215,AlSi_id1487_Final_E-4.36.cif
,,,,,,,,
BEFORE,AlAs2,-4.2016,0.776,Semiconductor,I4_1cd,,,AlAs2_id478_E-4.20.cif
AFTER,AlAs2,-4.358,0.144,Semiconductor,I4_1cd,-0.1564,-0.632,AlAs2_id478_Final_E-4.36.cif
,,,,,,,,
BEFORE,Li2Be2Si5P,-3.9679,3.04,Semiconductor,P4_12_12,,,Li2Be2Si5P_id3065_E-3.97.cif
AFTER,Li2Be2Si5P,-4.3547,2.802,Semiconductor,P1,-0.3868,-0.238,Li2Be2Si5P_id3065_Final_E-4.35.cif
,,,,,,,,
BEFORE,As2Se,-4.2832,0.655,Semiconductor,Pbcn,,,As2Se_id3038_E-4.28.cif
AFTER,As2Se,-4.3222,1.016,Semiconductor,Pbcn,-0.0390,0.361,As2Se_id3038_Final_E-4.32.cif
,,,,,,,,
BEFORE,LiAs4(Se2S)2,-4.2424,1.456,Semiconductor,I4/m,,,LiAs4(Se2S)2_id3237_E-4.24.cif
AFTER,LiAs4(Se2S)2,-4.319,0.243,Semiconductor,I4/m,-0.0766,-1.213,LiAs4(Se2S)2_id3237_Final_E-4.32.cif
,,,,,,,,
BEFORE,BaP,-3.9915,0.16,Semiconductor,I4_1/a,,,BaP_id1447_E-3.99.cif
AFTER,BaP,-4.3155,0.857,Semiconductor,P1,-0.3240,0.697,BaP_id1447_Final_E-4.32.cif
,,,,,,,,
BEFORE,Na(PSe2)2,-4.2005,1.396,Semiconductor,P-42m,,,Na(PSe2)2_id1955_E-4.20.cif
AFTER,Na(PSe2)2,-4.3138,0.963,Semiconductor,P-42m,-0.1133,-0.433,Na(PSe2)2_id1955_Final_E-4.31.cif
,,,,,,,,
BEFORE,Ba2Li(SnSe)2,-4.2405,0.974,Semiconductor,P-42_1m,,,Ba2Li(SnSe)2_id871_E-4.24.cif
AFTER,Ba2Li(SnSe)2,-4.3113,0.691,Semiconductor,P-42_1m,-0.0708,-0.283,Ba2Li(SnSe)2_id871_Final_E-4.31.cif
,,,,,,,,
BEFORE,SeS4O,-3.7259,1.109,Semiconductor,P-6m2,,,SeS4O_id2233_E-3.73.cif
AFTER,SeS4O,-4.3051,1.481,Semiconductor,Pm,-0.5792,0.372,SeS4O_id2233_Final_E-4.31.cif
,,,,,,,,
BEFORE,Ca2In2PS7,-3.6688,0.647,Semiconductor,Pmmm,,,Ca2In2PS7_id340_E-3.67.cif
AFTER,Ca2In2PS7,-4.2888,1.937,Semiconductor,Pm,-0.6200,1.290,Ca2In2PS7_id340_Final_E-4.29.cif
,,,,,,,,
BEFORE,Ba3Sb4As4S3,-3.8385,1.217,Semiconductor,P6_3,,,Ba3Sb4As4S3_id1298_E-3.84.cif
AFTER,Ba3Sb4As4S3,-4.2861,1.448,Semiconductor,P6_3,-0.4476,0.231,Ba3Sb4As4S3_id1298_Final_E-4.29.cif
,,,,,,,,
BEFORE,KBO16,-3.713,0.855,Semiconductor,P1,,,KBO16_id3094_E-3.71.cif
AFTER,KBO16,-4.2838,0.033,Metal,P1,-0.5708,-0.822,KBO16_id3094_Final_E-4.28.cif
,,,,,,,,
BEFORE,SnAs4Se3,-3.4482,1.168,Semiconductor,I-42d,,,SnAs4Se3_id601_E-3.45.cif
AFTER,SnAs4Se3,-4.2833,0.0,Metal,P1,-0.8351,-1.168,SnAs4Se3_id601_Final_E-4.28.cif
,,,,,,,,
BEFORE,ScSi2,-4.2824,0.241,Semiconductor,Pn-3m,,,ScSi2_id782_E-4.28.cif
AFTER,ScSi2,-4.2824,0.241,Semiconductor,Pn-3m,0.0000,0.000,ScSi2_id782_Final_E-4.28.cif
,,,,,,,,
BEFORE,Be4GeCS2,-4.2766,0.389,Semiconductor,Fd-3m,,,Be4GeCS2_id1762_E-4.28.cif
AFTER,Be4GeCS2,-4.2779,0.368,Semiconductor,Fd-3m,-0.0013,-0.021,Be4GeCS2_id1762_Final_E-4.28.cif
,,,,,,,,
BEFORE,KCaO3,-4.276,0.162,Semiconductor,Pm-3m,,,KCaO3_id2789_E-4.28.cif
AFTER,KCaO3,-4.276,0.162,Semiconductor,Pm-3m,0.0000,0.000,KCaO3_id2789_Final_E-4.28.cif
,,,,,,,,
BEFORE,K3O4,-2.9466,3.312,Semiconductor,P-42_1m,,,K3O4_id1676_E-2.95.cif
AFTER,K3O4,-4.2588,0.0,Metal,P1,-1.3122,-3.312,K3O4_id1676_Final_E-4.26.cif
,,,,,,,,
BEFORE,BaCa2(NO6)2,-4.0989,1.606,Semiconductor,P1,,,BaCa2(NO6)2_id1766_E-4.10.cif
AFTER,BaCa2(NO6)2,-4.2535,2.75,Semiconductor,P1,-0.1546,1.144,BaCa2(NO6)2_id1766_Final_E-4.25.cif
,,,,,,,,
BEFORE,BaInGeAs3,-3.9321,1.722,Semiconductor,Pm,,,BaInGeAs3_id587_E-3.93.cif
AFTER,BaInGeAs3,-4.2527,0.0,Metal,Pm,-0.3206,-1.722,BaInGeAs3_id587_Final_E-4.25.cif
,,,,,,,,
BEFORE,LiAl2SiO12,-1.0655,1.22,Semiconductor,I-42m,,,LiAl2SiO12_id812_E-1.07.cif
AFTER,LiAl2SiO12,-4.2485,4.663,Insulator,Fmm2,-3.1830,3.443,LiAl2SiO12_id812_Final_E-4.25.cif
,,,,,,,,
BEFORE,AsS3,-3.9886,0.997,Semiconductor,P2/m,,,AsS3_id2012_E-3.99.cif
AFTER,AsS3,-4.243,1.251,Semiconductor,Pm,-0.2544,0.254,AsS3_id2012_Final_E-4.24.cif
,,,,,,,,
BEFORE,Ba2Sn(NO)2,-4.0695,3.305,Semiconductor,P1,,,Ba2Sn(NO)2_id2613_E-4.07.cif
AFTER,Ba2Sn(NO)2,-4.2406,1.503,Semiconductor,P1,-0.1711,-1.802,Ba2Sn(NO)2_id2613_Final_E-4.24.cif
,,,,,,,,
BEFORE,BaO2,-4.2184,0.207,Semiconductor,P-6m2,,,BaO2_id1807_E-4.22.cif
AFTER,BaO2,-4.2185,0.208,Semiconductor,P-6m2,-0.0001,0.001,BaO2_id1807_Final_E-4.22.cif
,,,,,,,,
BEFORE,Sc3(AlGa2)2,-3.6222,2.615,Semiconductor,Amm2,,,Sc3(AlGa2)2_id1442_E-3.62.cif
AFTER,Sc3(AlGa2)2,-4.2123,0.0,Metal,Amm2,-0.5901,-2.615,Sc3(AlGa2)2_id1442_Final_E-4.21.cif
,,,,,,,,
BEFORE,MgS,-4.0689,0.61,Semiconductor,Pmmm,,,MgS_id265_E-4.07.cif
AFTER,MgS,-4.2098,2.486,Semiconductor,Pccm,-0.1409,1.876,MgS_id265_Final_E-4.21.cif
,,,,,,,,
BEFORE,KBeO2,-4.2027,2.944,Semiconductor,Fm-3m,,,KBeO2_id555_E-4.20.cif
AFTER,KBeO2,-4.2027,2.944,Semiconductor,Fm-3m,0.0000,0.000,KBeO2_id555_Final_E-4.20.cif
,,,,,,,,
BEFORE,NaSi3(GeTe)3,-3.8121,1.555,Semiconductor,R-3c,,,NaSi3(GeTe)3_id652_E-3.81.cif
AFTER,NaSi3(GeTe)3,-4.1929,0.064,Semiconductor,P-1,-0.3808,-1.491,NaSi3(GeTe)3_id652_Final_E-4.19.cif
,,,,,,,,
BEFORE,SnSb2Se5,-4.024,0.943,Semiconductor,I-42d,,,SnSb2Se5_id1142_E-4.02.cif
AFTER,SnSb2Se5,-4.1869,0.519,Semiconductor,P1,-0.1629,-0.424,SnSb2Se5_id1142_Final_E-4.19.cif
,,,,,,,,
BEFORE,GeS10,-3.9985,1.834,Semiconductor,P2/m,,,GeS10_id999_E-4.00.cif
AFTER,GeS10,-4.1715,1.702,Semiconductor,P1,-0.1730,-0.132,GeS10_id999_Final_E-4.17.cif
,,,,,,,,
BEFORE,Li3AlSbSe4,-4.1546,0.954,Semiconductor,P-43m,,,Li3AlSbSe4_id1065_E-4.15.cif
AFTER,Li3AlSbSe4,-4.1692,1.177,Semiconductor,P-43m,-0.0146,0.223,Li3AlSbSe4_id1065_Final_E-4.17.cif
,,,,,,,,
BEFORE,InSiS19,-3.4487,1.896,Semiconductor,P1,,,InSiS19_id120_E-3.45.cif
AFTER,InSiS19,-4.1545,1.076,Semiconductor,P1,-0.7058,-0.820,InSiS19_id120_Final_E-4.15.cif
,,,,,,,,
BEFORE,KLi3Se3O4,-4.1501,2.496,Semiconductor,Pm-3n,,,KLi3Se3O4_id1728_E-4.15.cif
AFTER,KLi3Se3O4,-4.1501,2.496,Semiconductor,Pm-3n,0.0000,0.000,KLi3Se3O4_id1728_Final_E-4.15.cif
,,,,,,,,
BEFORE,LiSe2O3,-3.7879,2.931,Semiconductor,P1,,,LiSe2O3_id390_E-3.79.cif
AFTER,LiSe2O3,-4.1479,2.943,Semiconductor,P1,-0.3600,0.012,LiSe2O3_id390_Final_E-4.15.cif
,,,,,,,,
BEFORE,InSi4,-3.8794,1.483,Semiconductor,I4_1/a,,,InSi4_id2618_E-3.88.cif
AFTER,InSi4,-4.1454,1.868,Semiconductor,C2/c,-0.2660,0.385,InSi4_id2618_Final_E-4.15.cif
,,,,,,,,
BEFORE,BaCa6Sc3O2,-3.7149,1.035,Semiconductor,P6mm,,,BaCa6Sc3O2_id210_E-3.71.cif
AFTER,BaCa6Sc3O2,-4.1326,0.003,Metal,P1,-0.4177,-1.032,BaCa6Sc3O2_id210_Final_E-4.13.cif
,,,,,,,,
BEFORE,MgO,-4.1135,2.2,Semiconductor,P4_2/mmc,,,MgO_id446_E-4.11.cif
AFTER,MgO,-4.1282,0.0,Metal,P4_2/mmc,-0.0147,-2.200,MgO_id446_Final_E-4.13.cif
,,,,,,,,
BEFORE,Li5S6,-3.4498,2.352,Semiconductor,P-42_1m,,,Li5S6_id2423_E-3.45.cif
AFTER,Li5S6,-4.1239,1.892,Semiconductor,P1,-0.6741,-0.460,Li5S6_id2423_Final_E-4.12.cif
,,,,,,,,
BEFORE,GeAs2Se7,-3.8922,0.901,Semiconductor,P2/m,,,GeAs2Se7_id1066_E-3.89.cif
AFTER,GeAs2Se7,-4.1118,1.033,Semiconductor,P2/m,-0.2196,0.132,GeAs2Se7_id1066_Final_E-4.11.cif
,,,,,,,,
BEFORE,Li2AlGaSe4,-3.6729,0.391,Semiconductor,I-42d,,,Li2AlGaSe4_id434_E-3.67.cif
AFTER,Li2AlGaSe4,-4.1116,1.676,Semiconductor,I-42d,-0.4387,1.285,Li2AlGaSe4_id434_Final_E-4.11.cif
,,,,,,,,
BEFORE,AsS4O,-3.8027,2.058,Semiconductor,P2_12_12_1,,,AsS4O_id3129_E-3.80.cif
AFTER,AsS4O,-4.1095,2.609,Semiconductor,P1,-0.3068,0.551,AsS4O_id3129_Final_E-4.11.cif
,,,,,,,,
BEFORE,BaSrSnN,-3.94,0.778,Semiconductor,Pm,,,BaSrSnN_id1685_E-3.94.cif
AFTER,BaSrSnN,-4.1071,0.541,Semiconductor,C2/m,-0.1671,-0.237,BaSrSnN_id1685_Final_E-4.11.cif
,,,,,,,,
BEFORE,KIn(SeO4)2,-3.931,1.991,Semiconductor,P-1,,,KIn(SeO4)2_id2942_E-3.93.cif
AFTER,KIn(SeO4)2,-4.1053,1.989,Semiconductor,P-1,-0.1743,-0.002,KIn(SeO4)2_id2942_Final_E-4.11.cif
,,,,,,,,
BEFORE,GaS,-3.9771,0.616,Semiconductor,P6_522,,,GaS_id404_E-3.98.cif
AFTER,GaS,-4.0954,0.0,Metal,P6_522,-0.1183,-0.616,GaS_id404_Final_E-4.10.cif
,,,,,,,,
BEFORE,CaZn4CdO4,-3.8614,1.119,Semiconductor,P4bm,,,CaZn4CdO4_id1504_E-3.86.cif
AFTER,CaZn4CdO4,-4.0938,0.276,Semiconductor,P4bm,-0.2324,-0.843,CaZn4CdO4_id1504_Final_E-4.09.cif
,,,,,,,,
BEFORE,AsS5,-3.9208,1.678,Semiconductor,Pcca,,,AsS5_id2407_E-3.92.cif
AFTER,AsS5,-4.0927,0.624,Semiconductor,P2,-0.1719,-1.054,AsS5_id2407_Final_E-4.09.cif
,,,,,,,,
BEFORE,GeTe,-3.9314,0.187,Semiconductor,Pca2_1,,,GeTe_id1630_E-3.93.cif
AFTER,GeTe,-4.0875,0.0,Metal,Pca2_1,-0.1561,-0.187,GeTe_id1630_Final_E-4.09.cif
,,,,,,,,
BEFORE,LiTi2(Se3S5)2,-3.9193,0.551,Semiconductor,Cmc2_1,,,LiTi2(Se3S5)2_id3198_E-3.92.cif
AFTER,LiTi2(Se3S5)2,-4.087,1.61,Semiconductor,Pm,-0.1677,1.059,LiTi2(Se3S5)2_id3198_Final_E-4.09.cif
,,,,,,,,
BEFORE,Ti2O45,-3.4021,2.068,Semiconductor,P4/n,,,Ti2O45_id2832_E-3.40.cif
AFTER,Ti2O45,-4.083,0.199,Semiconductor,P2/c,-0.6809,-1.869,Ti2O45_id2832_Final_E-4.08.cif
,,,,,,,,
BEFORE,LiGaS4,-2.7287,0.398,Semiconductor,I4_1/a,,,LiGaS4_id848_E-2.73.cif
AFTER,LiGaS4,-4.0824,0.0,Metal,C2/c,-1.3537,-0.398,LiGaS4_id848_Final_E-4.08.cif
,,,,,,,,
BEFORE,KMg(TeO)4,-3.6633,2.831,Semiconductor,P4/nbm,,,KMg(TeO)4_id722_E-3.66.cif
AFTER,KMg(TeO)4,-4.0809,1.826,Semiconductor,Pban,-0.4176,-1.005,KMg(TeO)4_id722_Final_E-4.08.cif
,,,,,,,,
BEFORE,LiZn2O8,-3.9231,0.098,Semiconductor,Pm,,,LiZn2O8_id774_E-3.92.cif
AFTER,LiZn2O8,-4.0721,0.118,Semiconductor,Pm,-0.1490,0.020,LiZn2O8_id774_Final_E-4.07.cif
,,,,,,,,
BEFORE,SnO8,-4.0637,0.073,Semiconductor,Fm-3m,,,SnO8_id2712_E-4.06.cif
AFTER,SnO8,-4.0637,0.072,Semiconductor,Fm-3m,0.0000,-0.001,SnO8_id2712_Final_E-4.06.cif
,,,,,,,,
BEFORE,K11In3(BO)6,-3.709,2.766,Semiconductor,P-31c,,,K11In3(BO)6_id2455_E-3.71.cif
AFTER,K11In3(BO)6,-4.0624,0.387,Semiconductor,P-31c,-0.3534,-2.379,K11In3(BO)6_id2455_Final_E-4.06.cif
,,,,,,,,
BEFORE,Ba2Si2Ge4O,-3.4503,0.16,Semiconductor,Pmma,,,Ba2Si2Ge4O_id1344_E-3.45.cif
AFTER,Ba2Si2Ge4O,-4.0589,0.042,Metal,Pm,-0.6086,-0.118,Ba2Si2Ge4O_id1344_Final_E-4.06.cif
,,,,,,,,
BEFORE,KZn2O4,-3.8135,2.745,Semiconductor,P-42_1m,,,KZn2O4_id2323_E-3.81.cif
AFTER,KZn2O4,-4.0576,2.916,Semiconductor,P-42_1m,-0.2441,0.171,KZn2O4_id2323_Final_E-4.06.cif
,,,,,,,,
BEFORE,Li2SeS2,-3.5981,1.648,Semiconductor,P4_32_12,,,Li2SeS2_id1596_E-3.60.cif
AFTER,Li2SeS2,-4.0532,1.808,Semiconductor,P4_32_12,-0.4551,0.160,Li2SeS2_id1596_Final_E-4.05.cif
,,,,,,,,
BEFORE,KAs4,-3.8969,0.597,Semiconductor,P4_122,,,KAs4_id1694_E-3.90.cif
AFTER,KAs4,-4.0527,0.755,Semiconductor,P4_122,-0.1558,0.158,KAs4_id1694_Final_E-4.05.cif
,,,,,,,,
BEFORE,Ba3Ti3Ga8Si,-3.2369,0.509,Semiconductor,P-62m,,,Ba3Ti3Ga8Si_id2478_E-3.24.cif
AFTER,Ba3Ti3Ga8Si,-4.0486,0.0,Metal,P1,-0.8117,-0.509,Ba3Ti3Ga8Si_id2478_Final_E-4.05.cif
,,,,,,,,
BEFORE,KLiTeO2,-4.07,0.182,Semiconductor,Cm,,,KLiTeO2_id2808_E-4.07.cif
AFTER,KLiTeO2,-4.0471,0.0,Metal,P1,0.0229,-0.182,KLiTeO2_id2808_Final_E-4.05.cif
,,,,,,,,
BEFORE,Li2S,-3.8649,1.684,Semiconductor,Pbcn,,,Li2S_id2313_E-3.86.cif
AFTER,Li2S,-4.0417,2.292,Semiconductor,Pbcn,-0.1768,0.608,Li2S_id2313_Final_E-4.04.cif
,,,,,,,,
BEFORE,LiSeS,-3.8035,0.687,Semiconductor,Cmcm,,,LiSeS_id1057_E-3.80.cif
AFTER,LiSeS,-4.0401,1.625,Semiconductor,P1,-0.2366,0.938,LiSeS_id1057_Final_E-4.04.cif
,,,,,,,,
BEFORE,Al3ZnInS4,-4.0315,0.226,Semiconductor,P-43m,,,Al3ZnInS4_id2097_E-4.03.cif
AFTER,Al3ZnInS4,-4.0319,0.252,Semiconductor,P-43m,-0.0004,0.026,Al3ZnInS4_id2097_Final_E-4.03.cif
,,,,,,,,
BEFORE,Na2LiS4,-3.5728,0.163,Semiconductor,Pban,,,Na2LiS4_id1767_E-3.57.cif
AFTER,Na2LiS4,-4.0317,2.204,Semiconductor,P-1,-0.4589,2.041,Na2LiS4_id1767_Final_E-4.03.cif
,,,,,,,,
BEFORE,Sr2N8O17,-3.5657,0.177,Semiconductor,P1,,,Sr2N8O17_id1446_E-3.57.cif
AFTER,Sr2N8O17,-4.0308,0.319,Semiconductor,P1,-0.4651,0.142,Sr2N8O17_id1446_Final_E-4.03.cif
,,,,,,,,
BEFORE,Ba4GaAs4,-3.6593,0.529,Semiconductor,P3_121,,,Ba4GaAs4_id2450_E-3.66.cif
AFTER,Ba4GaAs4,-4.0302,0.024,Metal,P1,-0.3709,-0.505,Ba4GaAs4_id2450_Final_E-4.03.cif
,,,,,,,,
BEFORE,K(CaSi2)2,-3.7391,0.205,Semiconductor,I-4c2,,,K(CaSi2)2_id2763_E-3.74.cif
AFTER,K(CaSi2)2,-4.0302,0.784,Semiconductor,Iba2,-0.2911,0.579,K(CaSi2)2_id2763_Final_E-4.03.cif
,,,,,,,,
BEFORE,K3Ge(Se4S3)2,-3.5681,1.137,Semiconductor,P31m,,,K3Ge(Se4S3)2_id3235_E-3.57.cif
AFTER,K3Ge(Se4S3)2,-4.021,1.152,Semiconductor,P1,-0.4529,0.015,K3Ge(Se4S3)2_id3235_Final_E-4.02.cif
,,,,,,,,
BEFORE,LiAl(GaN)2,-3.8217,2.265,Semiconductor,P2,,,LiAl(GaN)2_id2497_E-3.82.cif
AFTER,LiAl(GaN)2,-4.0003,2.011,Semiconductor,P1,-0.1786,-0.254,LiAl(GaN)2_id2497_Final_E-4.00.cif
,,,,,,,,
BEFORE,NaMgS12,-3.9467,1.242,Semiconductor,Fd-3,,,NaMgS12_id1557_E-3.95.cif
AFTER,NaMgS12,-3.9987,1.814,Semiconductor,Fd-3,-0.0520,0.572,NaMgS12_id1557_Final_E-4.00.cif
,,,,,,,,
BEFORE,MgSc2,-3.3258,0.327,Semiconductor,P1,,,MgSc2_id162_E-3.33.cif
AFTER,MgSc2,-3.994,0.269,Semiconductor,P1,-0.6682,-0.058,MgSc2_id162_Final_E-3.99.cif
,,,,,,,,
BEFORE,Ge2N5O11,-3.8984,2.828,Semiconductor,P-4c2,,,Ge2N5O11_id953_E-3.90.cif
AFTER,Ge2N5O11,-3.9912,0.652,Semiconductor,P1,-0.0928,-2.176,Ge2N5O11_id953_Final_E-3.99.cif
,,,,,,,,
BEFORE,K4Si2PO2,-3.4027,1.388,Semiconductor,P-42m,,,K4Si2PO2_id1158_E-3.40.cif
AFTER,K4Si2PO2,-3.9909,0.944,Semiconductor,P-42m,-0.5882,-0.444,K4Si2PO2_id1158_Final_E-3.99.cif
,,,,,,,,
BEFORE,MgSnS,-3.3234,0.217,Semiconductor,P2_1,,,MgSnS_id2241_E-3.32.cif
AFTER,MgSnS,-3.9891,0.0,Metal,P2_1,-0.6657,-0.217,MgSnS_id2241_Final_E-3.99.cif
,,,,,,,,
BEFORE,CaCNO6,-4.8378,2.767,Semiconductor,P1,,,CaCNO6_id1398_E-4.84.cif
AFTER,CaCNO6,-3.9862,3.415,Semiconductor,P1,0.8516,0.648,CaCNO6_id1398_Final_E-3.99.cif
,,,,,,,,
BEFORE,KInSbSe8,-3.9601,2.325,Semiconductor,P4/mmm,,,KInSbSe8_id1343_E-3.96.cif
AFTER,KInSbSe8,-3.9765,0.452,Semiconductor,Pmm2,-0.0164,-1.873,KInSbSe8_id1343_Final_E-3.98.cif
,,,,,,,,
BEFORE,K2SbN2O11,-1.738,1.221,Semiconductor,C2/c,,,K2SbN2O11_id1960_E-1.74.cif
AFTER,K2SbN2O11,-3.9729,0.0,Metal,P1,-2.2349,-1.221,K2SbN2O11_id1960_Final_E-3.97.cif
,,,,,,,,
BEFORE,Na4SiS6,-3.8415,1.86,Semiconductor,P-42_1m,,,Na4SiS6_id253_E-3.84.cif
AFTER,Na4SiS6,-3.965,1.718,Semiconductor,P1,-0.1235,-0.142,Na4SiS6_id253_Final_E-3.97.cif
,,,,,,,,
BEFORE,As2PSeS16,-2.1133,1.6,Semiconductor,P2_1,,,As2PSeS16_id949_E-2.11.cif
AFTER,As2PSeS16,-3.9643,1.872,Semiconductor,P1,-1.8510,0.272,As2PSeS16_id949_Final_E-3.96.cif
,,,,,,,,
BEFORE,Se2S5,-3.8126,1.272,Semiconductor,Pba2,,,Se2S5_id1072_E-3.81.cif
AFTER,Se2S5,-3.9598,2.051,Semiconductor,Pba2,-0.1472,0.779,Se2S5_id1072_Final_E-3.96.cif
,,,,,,,,
BEFORE,K3O4,-3.9258,1.238,Semiconductor,I-43d,,,K3O4_id733_E-3.93.cif
AFTER,K3O4,-3.9577,2.392,Semiconductor,I-43d,-0.0319,1.154,K3O4_id733_Final_E-3.96.cif
,,,,,,,,
BEFORE,LiSeS,-3.927,0.908,Semiconductor,Pcc2,,,LiSeS_id3343_E-3.93.cif
AFTER,LiSeS,-3.9491,0.832,Semiconductor,Pcc2,-0.0221,-0.076,LiSeS_id3343_Final_E-3.95.cif
,,,,,,,,
BEFORE,ScCd4O24,-3.4292,2.751,Semiconductor,P1,,,ScCd4O24_id3213_E-3.43.cif
AFTER,ScCd4O24,-3.9433,1.846,Semiconductor,P1,-0.5141,-0.905,ScCd4O24_id3213_Final_E-3.94.cif
,,,,,,,,
BEFORE,MgS2,-3.5315,0.663,Semiconductor,P4/nnc,,,MgS2_id2809_E-3.53.cif
AFTER,MgS2,-3.9427,1.99,Semiconductor,P4/nnc,-0.4112,1.327,MgS2_id2809_Final_E-3.94.cif
,,,,,,,,
BEFORE,Na2Sn2GeO,-2.4776,0.092,Semiconductor,Pbam,,,Na2Sn2GeO_id2830_E-2.48.cif
AFTER,Na2Sn2GeO,-3.9418,0.0,Metal,P2_1,-1.4642,-0.092,Na2Sn2GeO_id2830_Final_E-3.94.cif
,,,,,,,,
BEFORE,NaSiGe2,-3.5064,0.566,Semiconductor,P4_2bc,,,NaSiGe2_id1422_E-3.51.cif
AFTER,NaSiGe2,-3.9351,0.0,Metal,P4_2bc,-0.4287,-0.566,NaSiGe2_id1422_Final_E-3.94.cif
,,,,,,,,
BEFORE,PSe2,-3.5698,1.003,Semiconductor,Aea2,,,PSe2_id543_E-3.57.cif
AFTER,PSe2,-3.9328,0.773,Semiconductor,P2,-0.3630,-0.230,PSe2_id543_Final_E-3.93.cif
,,,,,,,,
BEFORE,Sb2Te3As,-3.4907,0.515,Semiconductor,C2/m,,,Sb2Te3As_id514_E-3.49.cif
AFTER,Sb2Te3As,-3.9294,0.411,Semiconductor,P1,-0.4387,-0.104,Sb2Te3As_id514_Final_E-3.93.cif
,,,,,,,,
BEFORE,K2Na2SrO36,-3.4679,1.163,Semiconductor,P1,,,K2Na2SrO36_id433_E-3.47.cif
AFTER,K2Na2SrO36,-3.9272,0.993,Semiconductor,P1,-0.4593,-0.170,K2Na2SrO36_id433_Final_E-3.93.cif
,,,,,,,,
BEFORE,Si2PSeS,-3.2527,1.973,Semiconductor,P2/m,,,Si2PSeS_id2583_E-3.25.cif
AFTER,Si2PSeS,-3.9235,1.316,Semiconductor,P2/m,-0.6708,-0.657,Si2PSeS_id2583_Final_E-3.92.cif
,,,,,,,,
BEFORE,KNaAsS17,-3.4527,0.746,Semiconductor,P1,,,KNaAsS17_id1470_E-3.45.cif
AFTER,KNaAsS17,-3.9206,1.865,Semiconductor,P1,-0.4679,1.119,KNaAsS17_id1470_Final_E-3.92.cif
,,,,,,,,
BEFORE,Li5O14,-2.3901,0.483,Semiconductor,P4_2,,,Li5O14_id1060_E-2.39.cif
AFTER,Li5O14,-3.9201,4.792,Insulator,P4_2,-1.5300,4.309,Li5O14_id1060_Final_E-3.92.cif
,,,,,,,,
BEFORE,SeS2,-3.8909,2.391,Semiconductor,Pbca,,,SeS2_id2607_E-3.89.cif
AFTER,SeS2,-3.9199,0.0,Metal,Pbca,-0.0290,-2.391,SeS2_id2607_Final_E-3.92.cif
,,,,,,,,
BEFORE,AlGa2SiSe,-1.5433,0.076,Semiconductor,P2_1,,,AlGa2SiSe_id2785_E-1.54.cif
AFTER,AlGa2SiSe,-3.9172,1.012,Semiconductor,P1,-2.3739,0.936,AlGa2SiSe_id2785_Final_E-3.92.cif
,,,,,,,,
BEFORE,K3As(SeS)3,-3.6407,0.252,Semiconductor,R-3,,,K3As(SeS)3_id632_E-3.64.cif
AFTER,K3As(SeS)3,-3.9116,1.386,Semiconductor,P1,-0.2709,1.134,K3As(SeS)3_id632_Final_E-3.91.cif
,,,,,,,,
BEFORE,Mg4AlS3,-3.087,1.649,Semiconductor,P6_3,,,Mg4AlS3_id1511_E-3.09.cif
AFTER,Mg4AlS3,-3.9111,0.081,Semiconductor,P6_3,-0.8241,-1.568,Mg4AlS3_id1511_Final_E-3.91.cif
,,,,,,,,
BEFORE,Cd3CO10,-3.5334,2.574,Semiconductor,R32,,,Cd3CO10_id128_E-3.53.cif
AFTER,Cd3CO10,-3.9064,1.731,Semiconductor,R32,-0.3730,-0.843,Cd3CO10_id128_Final_E-3.91.cif
,,,,,,,,
BEFORE,Si8B,-3.6566,0.114,Semiconductor,Pm,,,Si8B_id176_E-3.66.cif
AFTER,Si8B,-3.8974,0.023,Metal,Pm,-0.2408,-0.091,Si8B_id176_Final_E-3.90.cif
,,,,,,,,
BEFORE,CdSi2Ge9S2,-3.8342,0.944,Semiconductor,Pnn2,,,CdSi2Ge9S2_id3169_E-3.83.cif
AFTER,CdSi2Ge9S2,-3.8895,0.712,Semiconductor,P1,-0.0553,-0.232,CdSi2Ge9S2_id3169_Final_E-3.89.cif
,,,,,,,,
BEFORE,TeO,-3.885,2.093,Semiconductor,P6_222,,,TeO_id2965_E-3.88.cif
AFTER,TeO,-3.8863,2.418,Semiconductor,P6_222,-0.0013,0.325,TeO_id2965_Final_E-3.89.cif
,,,,,,,,
BEFORE,ZnGeSe2,-3.8351,0.702,Semiconductor,I-42d,,,ZnGeSe2_id552_E-3.84.cif
AFTER,ZnGeSe2,-3.8798,1.133,Semiconductor,I-42d,-0.0447,0.431,ZnGeSe2_id552_Final_E-3.88.cif
,,,,,,,,
BEFORE,KZnCdO3,-0.534,1.291,Semiconductor,Pbca,,,KZnCdO3_id3071_E-0.53.cif
AFTER,KZnCdO3,-3.8791,0.421,Semiconductor,P2_1/c,-3.3451,-0.870,KZnCdO3_id3071_Final_E-3.88.cif
,,,,,,,,
BEFORE,Cd(GaSe2)2,-3.854,1.145,Semiconductor,P-42m,,,Cd(GaSe2)2_id2968_E-3.85.cif
AFTER,Cd(GaSe2)2,-3.8747,1.19,Semiconductor,P-42m,-0.0207,0.045,Cd(GaSe2)2_id2968_Final_E-3.87.cif
,,,,,,,,
BEFORE,AsO21,-3.011,0.256,Semiconductor,P4bm,,,AsO21_id1604_E-3.01.cif
AFTER,AsO21,-3.8705,1.025,Semiconductor,P1,-0.8595,0.769,AsO21_id1604_Final_E-3.87.cif
,,,,,,,,
BEFORE,LiBO,-3.8636,3.414,Semiconductor,P4_2/mmc,,,LiBO_id2740_E-3.86.cif
AFTER,LiBO,-3.8646,3.305,Semiconductor,P4_2/mmc,-0.0010,-0.109,LiBO_id2740_Final_E-3.86.cif
,,,,,,,,
BEFORE,BaSr2NO2,-3.9395,0.968,Semiconductor,P1,,,BaSr2NO2_id1642_E-3.94.cif
AFTER,BaSr2NO2,-3.864,0.07,Semiconductor,P1,0.0755,-0.898,BaSr2NO2_id1642_Final_E-3.86.cif
,,,,,,,,
BEFORE,ScGeBS18,-3.4885,1.648,Semiconductor,P1,,,ScGeBS18_id146_E-3.49.cif
AFTER,ScGeBS18,-3.8634,1.783,Semiconductor,P1,-0.3749,0.135,ScGeBS18_id146_Final_E-3.86.cif
,,,,,,,,
BEFORE,NaO2,-3.8625,3.146,Semiconductor,Fm-3m,,,NaO2_id1705_E-3.86.cif
AFTER,NaO2,-3.8625,3.146,Semiconductor,Fm-3m,0.0000,0.000,NaO2_id1705_Final_E-3.86.cif
,,,,,,,,
BEFORE,K2NaO2,-3.766,1.912,Semiconductor,Pbca,,,K2NaO2_id3181_E-3.77.cif
AFTER,K2NaO2,-3.8599,1.878,Semiconductor,Pbca,-0.0939,-0.034,K2NaO2_id3181_Final_E-3.86.cif
,,,,,,,,
BEFORE,KTe2(NO2)4,-3.7546,1.086,Semiconductor,P1,,,KTe2(NO2)4_id3185_E-3.75.cif
AFTER,KTe2(NO2)4,-3.8591,2.214,Semiconductor,P1,-0.1045,1.128,KTe2(NO2)4_id3185_Final_E-3.86.cif
,,,,,,,,
BEFORE,GaSb5,-2.9968,0.307,Semiconductor,P2_12_12_1,,,GaSb5_id2388_E-3.00.cif
AFTER,GaSb5,-3.8571,0.0,Metal,P1,-0.8603,-0.307,GaSb5_id2388_Final_E-3.86.cif
,,,,,,,,
BEFORE,SeS2,-3.8282,1.762,Semiconductor,P3_112,,,SeS2_id1279_E-3.83.cif
AFTER,SeS2,-3.857,1.658,Semiconductor,P3_112,-0.0288,-0.104,SeS2_id1279_Final_E-3.86.cif
,,,,,,,,
BEFORE,LiP,-3.6286,2.003,Semiconductor,P1,,,LiP_id2995_E-3.63.cif
AFTER,LiP,-3.8569,1.531,Semiconductor,P1,-0.2283,-0.472,LiP_id2995_Final_E-3.86.cif
,,,,,,,,
BEFORE,LiGeAs,-2.3614,0.858,Semiconductor,P6_522,,,LiGeAs_id806_E-2.36.cif
AFTER,LiGeAs,-3.8569,0.668,Semiconductor,P6_522,-1.4955,-0.190,LiGeAs_id806_Final_E-3.86.cif
,,,,,,,,
BEFORE,SrGaTe2,-3.8198,1.239,Semiconductor,I4_1/amd,,,SrGaTe2_id213_E-3.82.cif
AFTER,SrGaTe2,-3.8557,1.337,Semiconductor,I4_1/amd,-0.0359,0.098,SrGaTe2_id213_Final_E-3.86.cif
,,,,,,,,
BEFORE,LiBeSiGe2,-3.2609,0.47,Semiconductor,Pccm,,,LiBeSiGe2_id2361_E-3.26.cif
AFTER,LiBeSiGe2,-3.8553,0.182,Semiconductor,P-1,-0.5944,-0.288,LiBeSiGe2_id2361_Final_E-3.86.cif
,,,,,,,,
BEFORE,CdPS,-3.1238,0.823,Semiconductor,P4/nmm,,,CdPS_id1747_E-3.12.cif
AFTER,CdPS,-3.8524,1.666,Semiconductor,P2_1/m,-0.7286,0.843,CdPS_id1747_Final_E-3.85.cif
,,,,,,,,
BEFORE,NaGa2(AsP2)2,-3.1596,0.448,Semiconductor,P1,,,NaGa2(AsP2)2_id3258_E-3.16.cif
AFTER,NaGa2(AsP2)2,-3.849,0.0,Metal,P1,-0.6894,-0.448,NaGa2(AsP2)2_id3258_Final_E-3.85.cif
,,,,,,,,
BEFORE,KNa2GaS6,-3.6131,2.44,Semiconductor,Cmme,,,KNa2GaS6_id679_E-3.61.cif
AFTER,KNa2GaS6,-3.8489,2.664,Semiconductor,P2,-0.2358,0.224,KNa2GaS6_id679_Final_E-3.85.cif
,,,,,,,,
BEFORE,Ba4Li4SbP21,-3.779,1.573,Semiconductor,P4/mcc,,,Ba4Li4SbP21_id2279_E-3.78.cif
AFTER,Ba4Li4SbP21,-3.8469,2.787,Semiconductor,Pm,-0.0679,1.214,Ba4Li4SbP21_id2279_Final_E-3.85.cif
,,,,,,,,
BEFORE,KSn4(GeTe2)2,-3.5679,0.959,Semiconductor,I-42m,,,KSn4(GeTe2)2_id1192_E-3.57.cif
AFTER,KSn4(GeTe2)2,-3.8467,0.0,Metal,I-42m,-0.2788,-0.959,KSn4(GeTe2)2_id1192_Final_E-3.85.cif
,,,,,,,,
BEFORE,Li3Ge2(AsP)2,-2.7933,0.069,Semiconductor,P1,,,Li3Ge2(AsP)2_id1233_E-2.79.cif
AFTER,Li3Ge2(AsP)2,-3.8329,1.64,Semiconductor,P1,-1.0396,1.571,Li3Ge2(AsP)2_id1233_Final_E-3.83.cif
,,,,,,,,
BEFORE,Sr2Li2Ga3O2,-3.3109,0.115,Semiconductor,P4_2mc,,,Sr2Li2Ga3O2_id828_E-3.31.cif
AFTER,Sr2Li2Ga3O2,-3.8188,0.0,Metal,Ccc2,-0.5079,-0.115,Sr2Li2Ga3O2_id828_Final_E-3.82.cif
,,,,,,,,
BEFORE,Li2Be3PN2,-3.5534,2.362,Semiconductor,P2_1,,,Li2Be3PN2_id226_E-3.55.cif
AFTER,Li2Be3PN2,-3.8161,1.896,Semiconductor,P1,-0.2627,-0.466,Li2Be3PN2_id226_Final_E-3.82.cif
,,,,,,,,
BEFORE,KLiO8,-3.605,1.627,Semiconductor,P4/nbm,,,KLiO8_id1130_E-3.60.cif
AFTER,KLiO8,-3.815,2.735,Semiconductor,P1,-0.2100,1.108,KLiO8_id1130_Final_E-3.81.cif
,,,,,,,,
BEFORE,Ba7Ca2N20,-3.0086,1.944,Semiconductor,P1,,,Ba7Ca2N20_id1129_E-3.01.cif
AFTER,Ba7Ca2N20,-3.8075,2.661,Semiconductor,P1,-0.7989,0.717,Ba7Ca2N20_id1129_Final_E-3.81.cif
,,,,,,,,
BEFORE,Na2PO,-3.7974,2.446,Semiconductor,P4/mmm,,,Na2PO_id2064_E-3.80.cif
AFTER,Na2PO,-3.7974,2.356,Semiconductor,P4/mmm,0.0000,-0.090,Na2PO_id2064_Final_E-3.80.cif
,,,,,,,,
BEFORE,Li2P,-1.9744,2.955,Semiconductor,I4/mmm,,,Li2P_id3359_E-1.97.cif
AFTER,Li2P,-3.795,0.029,Metal,I4/mmm,-1.8206,-2.926,Li2P_id3359_Final_E-3.80.cif
,,,,,,,,
BEFORE,Li2SbSe2,-3.7893,1.339,Semiconductor,I4/mmm,,,Li2SbSe2_id449_E-3.79.cif
AFTER,Li2SbSe2,-3.7893,1.339,Semiconductor,I4/mmm,0.0000,0.000,Li2SbSe2_id449_Final_E-3.79.cif
,,,,,,,,
BEFORE,SeS,-3.5115,0.149,Semiconductor,P4/m,,,SeS_id1988_E-3.51.cif
AFTER,SeS,-3.7845,1.634,Semiconductor,P4/m,-0.2730,1.485,SeS_id1988_Final_E-3.78.cif
,,,,,,,,
BEFORE,GaAs,-3.7619,0.744,Semiconductor,P4_32_12,,,GaAs_id2315_E-3.76.cif
AFTER,GaAs,-3.7822,0.415,Semiconductor,P4_32_12,-0.0203,-0.329,GaAs_id2315_Final_E-3.78.cif
,,,,,,,,
BEFORE,Li2Mg3(SeS)2,-2.8917,1.348,Semiconductor,Pcca,,,Li2Mg3(SeS)2_id3006_E-2.89.cif
AFTER,Li2Mg3(SeS)2,-3.7786,0.033,Metal,Pcca,-0.8869,-1.315,Li2Mg3(SeS)2_id3006_Final_E-3.78.cif
,,,,,,,,
BEFORE,CdGa3(Se2S)4,-2.7467,1.499,Semiconductor,P-42c,,,CdGa3(Se2S)4_id2020_E-2.75.cif
AFTER,CdGa3(Se2S)4,-3.7693,0.887,Semiconductor,P1,-1.0226,-0.612,CdGa3(Se2S)4_id2020_Final_E-3.77.cif
,,,,,,,,
BEFORE,Al6Ga3Sn4Ge,-3.5615,1.926,Semiconductor,P6_322,,,Al6Ga3Sn4Ge_id71_E-3.56.cif
AFTER,Al6Ga3Sn4Ge,-3.7622,0.0,Metal,P1,-0.2007,-1.926,Al6Ga3Sn4Ge_id71_Final_E-3.76.cif
,,,,,,,,
BEFORE,K2O2,-3.7598,1.356,Semiconductor,I4_1/amd,,,K2O2_id2723_E-3.76.cif
AFTER,K2O2,-3.7602,0.43,Semiconductor,I4_1/amd,-0.0004,-0.926,K2O2_id2723_Final_E-3.76.cif
,,,,,,,,
BEFORE,Ti3Be11ZnB6,-2.8835,2.995,Semiconductor,Pm,,,Ti3Be11ZnB6_id451_E-2.88.cif
AFTER,Ti3Be11ZnB6,-3.7553,2.262,Semiconductor,Pm,-0.8718,-0.733,Ti3Be11ZnB6_id451_Final_E-3.76.cif
,,,,,,,,
BEFORE,Ba4Sr3(GeS)4,-3.5562,2.323,Semiconductor,I-43m,,,Ba4Sr3(GeS)4_id845_E-3.56.cif
AFTER,Ba4Sr3(GeS)4,-3.7506,0.029,Metal,P2,-0.1944,-2.294,Ba4Sr3(GeS)4_id845_Final_E-3.75.cif
,,,,,,,,
BEFORE,Li4Sb4As2S,-3.4162,0.286,Semiconductor,P6_2,,,Li4Sb4As2S_id2163_E-3.42.cif
AFTER,Li4Sb4As2S,-3.7432,0.0,Metal,P6_2,-0.3270,-0.286,Li4Sb4As2S_id2163_Final_E-3.74.cif
,,,,,,,,
BEFORE,Na2O,-3.6288,0.072,Semiconductor,Pbca,,,Na2O_id794_E-3.63.cif
AFTER,Na2O,-3.7399,1.601,Semiconductor,Pbca,-0.1111,1.529,Na2O_id794_Final_E-3.74.cif
,,,,,,,,
BEFORE,ScS36,-2.7405,1.001,Semiconductor,Pc,,,ScS36_id2798_E-2.74.cif
AFTER,ScS36,-3.7316,0.96,Semiconductor,P1,-0.9911,-0.041,ScS36_id2798_Final_E-3.73.cif
,,,,,,,,
BEFORE,TeS,-3.7122,0.935,Semiconductor,P4/m,,,TeS_id869_E-3.71.cif
AFTER,TeS,-3.7252,0.69,Semiconductor,P4/m,-0.0130,-0.245,TeS_id869_Final_E-3.73.cif
,,,,,,,,
BEFORE,Sc2Al7(Ga3Te)2,-1.9308,0.727,Semiconductor,P4_2/m,,,Sc2Al7(Ga3Te)2_id925_E-1.93.cif
AFTER,Sc2Al7(Ga3Te)2,-3.724,0.0,Metal,P1,-1.7932,-0.727,Sc2Al7(Ga3Te)2_id925_Final_E-3.72.cif
,,,,,,,,
BEFORE,K7S9,-2.0499,2.032,Semiconductor,P1,,,K7S9_id2208_E-2.05.cif
AFTER,K7S9,-3.7223,1.132,Semiconductor,P1,-1.6724,-0.900,K7S9_id2208_Final_E-3.72.cif
,,,,,,,,
BEFORE,LiSO11,-3.1,1.133,Semiconductor,P1,,,LiSO11_id1792_E-3.10.cif
AFTER,LiSO11,-3.6994,0.431,Semiconductor,P1,-0.5994,-0.702,LiSO11_id1792_Final_E-3.70.cif
,,,,,,,,
BEFORE,Li8AlGaGe32,-3.1562,0.052,Semiconductor,P4/mcc,,,Li8AlGaGe32_id846_E-3.16.cif
AFTER,Li8AlGaGe32,-3.6982,2.386,Semiconductor,P4/mcc,-0.5420,2.334,Li8AlGaGe32_id846_Final_E-3.70.cif
,,,,,,,,
BEFORE,InSnTe2,-3.6974,0.058,Semiconductor,I4/mmm,,,InSnTe2_id565_E-3.70.cif
AFTER,InSnTe2,-3.6974,0.058,Semiconductor,I4/mmm,0.0000,0.000,InSnTe2_id565_Final_E-3.70.cif
,,,,,,,,
BEFORE,NaMg2InSe4,-3.3983,1.768,Semiconductor,I-42d,,,NaMg2InSe4_id1258_E-3.40.cif
AFTER,NaMg2InSe4,-3.6925,1.841,Semiconductor,I-42d,-0.2942,0.073,NaMg2InSe4_id1258_Final_E-3.69.cif
,,,,,,,,
BEFORE,K2Zn5O4,-3.2574,0.318,Semiconductor,I4/m,,,K2Zn5O4_id3334_E-3.26.cif
AFTER,K2Zn5O4,-3.6865,0.132,Semiconductor,I4/m,-0.4291,-0.186,K2Zn5O4_id3334_Final_E-3.69.cif
,,,,,,,,
BEFORE,K2Ga2SnSe3,-3.0934,1.059,Semiconductor,Pbam,,,K2Ga2SnSe3_id2456_E-3.09.cif
AFTER,K2Ga2SnSe3,-3.6845,1.702,Semiconductor,Pmc2_1,-0.5911,0.643,K2Ga2SnSe3_id2456_Final_E-3.68.cif
,,,,,,,,
BEFORE,CaO6,-3.6294,0.097,Semiconductor,P1,,,CaO6_id1740_E-3.63.cif
AFTER,CaO6,-3.6821,0.415,Semiconductor,P1,-0.0527,0.318,CaO6_id1740_Final_E-3.68.cif
,,,,,,,,
BEFORE,Li3GaGeTe4,-3.6719,0.087,Semiconductor,P-43m,,,Li3GaGeTe4_id3083_E-3.67.cif
AFTER,Li3GaGeTe4,-3.6741,0.992,Semiconductor,P-43m,-0.0022,0.905,Li3GaGeTe4_id3083_Final_E-3.67.cif
,,,,,,,,
BEFORE,LiAlSbS6,-3.4198,2.979,Semiconductor,Cmme,,,LiAlSbS6_id1042_E-3.42.cif
AFTER,LiAlSbS6,-3.6728,2.041,Semiconductor,Cmme,-0.2530,-0.938,LiAlSbS6_id1042_Final_E-3.67.cif
,,,,,,,,
BEFORE,MgSe,-3.5263,1.108,Semiconductor,P4/m,,,MgSe_id2056_E-3.53.cif
AFTER,MgSe,-3.6704,1.892,Semiconductor,P4/m,-0.1441,0.784,MgSe_id2056_Final_E-3.67.cif
,,,,,,,,
BEFORE,Li5AsO2,-3.4549,2.776,Semiconductor,C222,,,Li5AsO2_id1533_E-3.45.cif
AFTER,Li5AsO2,-3.6677,2.865,Semiconductor,P1,-0.2128,0.089,Li5AsO2_id1533_Final_E-3.67.cif
,,,,,,,,
BEFORE,Mg3(Se2S3)2,-2.6033,2.171,Semiconductor,P1,,,Mg3(Se2S3)2_id2431_E-2.60.cif
AFTER,Mg3(Se2S3)2,-3.6568,1.792,Semiconductor,P1,-1.0535,-0.379,Mg3(Se2S3)2_id2431_Final_E-3.66.cif
,,,,,,,,
BEFORE,K3Na5CaSe6,-2.6189,0.133,Semiconductor,R32,,,K3Na5CaSe6_id2554_E-2.62.cif
AFTER,K3Na5CaSe6,-3.654,1.938,Semiconductor,P1,-1.0351,1.805,K3Na5CaSe6_id2554_Final_E-3.65.cif
,,,,,,,,
BEFORE,Li6Ti3Ga2,-3.3019,0.478,Semiconductor,P-31c,,,Li6Ti3Ga2_id766_E-3.30.cif
AFTER,Li6Ti3Ga2,-3.6517,1.329,Semiconductor,P-1,-0.3498,0.851,Li6Ti3Ga2_id766_Final_E-3.65.cif
,,,,,,,,
BEFORE,KBaSe,-2.7592,2.037,Semiconductor,Immm,,,KBaSe_id3381_E-2.76.cif
AFTER,KBaSe,-3.6325,2.036,Semiconductor,C2/m,-0.8733,-0.001,KBaSe_id3381_Final_E-3.63.cif
,,,,,,,,
BEFORE,Te5S4,-2.0301,2.364,Semiconductor,P-3m1,,,Te5S4_id1506_E-2.03.cif
AFTER,Te5S4,-3.6316,0.0,Metal,P-3m1,-1.6015,-2.364,Te5S4_id1506_Final_E-3.63.cif
,,,,,,,,
BEFORE,ZnTeS2,-3.4888,1.167,Semiconductor,P2_1,,,ZnTeS2_id2018_E-3.49.cif
AFTER,ZnTeS2,-3.6271,0.532,Semiconductor,P2_1,-0.1383,-0.635,ZnTeS2_id2018_Final_E-3.63.cif
,,,,,,,,
BEFORE,KBO32,-2.8208,3.15,Semiconductor,Pm,,,KBO32_id299_E-2.82.cif
AFTER,KBO32,-3.6265,2.207,Semiconductor,P1,-0.8057,-0.943,KBO32_id299_Final_E-3.63.cif
,,,,,,,,
BEFORE,SrS20,-0.9125,1.142,Semiconductor,Pm,,,SrS20_id180_E-0.91.cif
AFTER,SrS20,-3.6208,1.883,Semiconductor,Pm,-2.7083,0.741,SrS20_id180_Final_E-3.62.cif
,,,,,,,,
BEFORE,Ba2LiS2O3,-3.3134,0.508,Semiconductor,P6_222,,,Ba2LiS2O3_id3099_E-3.31.cif
AFTER,Ba2LiS2O3,-3.6165,0.525,Semiconductor,P6_222,-0.3031,0.017,Ba2LiS2O3_id3099_Final_E-3.62.cif
,,,,,,,,
BEFORE,Li2GeO2,-3.2606,0.264,Semiconductor,Pm,,,Li2GeO2_id482_E-3.26.cif
AFTER,Li2GeO2,-3.615,4.277,Insulator,Pm,-0.3544,4.013,Li2GeO2_id482_Final_E-3.61.cif
,,,,,,,,
BEFORE,Li7Zn2O9,-2.8948,2.841,Semiconductor,Pm,,,Li7Zn2O9_id15_E-2.89.cif
AFTER,Li7Zn2O9,-3.605,3.069,Semiconductor,P1,-0.7102,0.228,Li7Zn2O9_id15_Final_E-3.60.cif
,,,,,,,,
BEFORE,CdS2N,-3.4465,1.938,Semiconductor,Pca2_1,,,CdS2N_id1854_E-3.45.cif
AFTER,CdS2N,-3.6046,1.321,Semiconductor,Pca2_1,-0.1581,-0.617,CdS2N_id1854_Final_E-3.60.cif
,,,,,,,,
BEFORE,MgAl6Si,-3.4933,0.169,Semiconductor,I4mm,,,MgAl6Si_id969_E-3.49.cif
AFTER,MgAl6Si,-3.6025,0.0,Metal,Imm2,-0.1092,-0.169,MgAl6Si_id969_Final_E-3.60.cif
,,,,,,,,
BEFORE,KZn(GaAs3)2,-3.5573,0.169,Semiconductor,P321,,,KZn(GaAs3)2_id744_E-3.56.cif
AFTER,KZn(GaAs3)2,-3.5968,0.0,Metal,P321,-0.0395,-0.169,KZn(GaAs3)2_id744_Final_E-3.60.cif
,,,,,,,,
BEFORE,Na3MgN2,-3.5843,0.515,Semiconductor,Pn-3m,,,Na3MgN2_id1621_E-3.58.cif
AFTER,Na3MgN2,-3.5843,0.515,Semiconductor,Pn-3m,0.0000,0.000,Na3MgN2_id1621_Final_E-3.58.cif
,,,,,,,,
BEFORE,Mg3Te2(SeS6)2,-3.4008,1.567,Semiconductor,P-42_1m,,,Mg3Te2(SeS6)2_id498_E-3.40.cif
AFTER,Mg3Te2(SeS6)2,-3.5842,1.748,Semiconductor,P1,-0.1834,0.181,Mg3Te2(SeS6)2_id498_Final_E-3.58.cif
,,,,,,,,
BEFORE,Be3AlGe,-2.7089,0.207,Semiconductor,I-43m,,,Be3AlGe_id3187_E-2.71.cif
AFTER,Be3AlGe,-3.5818,0.0,Metal,P1,-0.8729,-0.207,Be3AlGe_id3187_Final_E-3.58.cif
,,,,,,,,
BEFORE,Li6Al(TeSe)4,-1.9949,2.256,Semiconductor,P-43m,,,Li6Al(TeSe)4_id2287_E-1.99.cif
AFTER,Li6Al(TeSe)4,-3.5694,1.272,Semiconductor,R3m,-1.5745,-0.984,Li6Al(TeSe)4_id2287_Final_E-3.57.cif
,,,,,,,,
BEFORE,KSO,-2.9394,0.479,Semiconductor,P-3m1,,,KSO_id1294_E-2.94.cif
AFTER,KSO,-3.5645,0.762,Semiconductor,P-3m1,-0.6251,0.283,KSO_id1294_Final_E-3.56.cif
,,,,,,,,
BEFORE,Te3Se,-3.5069,0.386,Semiconductor,P3_212,,,Te3Se_id485_E-3.51.cif
AFTER,Te3Se,-3.5531,0.023,Metal,P3_212,-0.0462,-0.363,Te3Se_id485_Final_E-3.55.cif
,,,,,,,,
BEFORE,LiTeSe,-3.4087,0.888,Semiconductor,P4_32_12,,,LiTeSe_id2297_E-3.41.cif
AFTER,LiTeSe,-3.5491,1.174,Semiconductor,P4_32_12,-0.1404,0.286,LiTeSe_id2297_Final_E-3.55.cif
,,,,,,,,
BEFORE,K2GaP2O,-3.2152,0.448,Semiconductor,Pcc2,,,K2GaP2O_id1668_E-3.22.cif
AFTER,K2GaP2O,-3.5488,0.0,Metal,P1,-0.3336,-0.448,K2GaP2O_id1668_Final_E-3.55.cif
,,,,,,,,
BEFORE,Zn2Ga2Si2Ge7,-3.5167,0.851,Semiconductor,P2,,,Zn2Ga2Si2Ge7_id142_E-3.52.cif
AFTER,Zn2Ga2Si2Ge7,-3.5476,0.791,Semiconductor,P1,-0.0309,-0.060,Zn2Ga2Si2Ge7_id142_Final_E-3.55.cif
,,,,,,,,
BEFORE,Ba(AlS)2,-3.5429,2.553,Semiconductor,Pn-3m,,,Ba(AlS)2_id1912_E-3.54.cif
AFTER,Ba(AlS)2,-3.5429,2.553,Semiconductor,Pn-3m,0.0000,0.000,Ba(AlS)2_id1912_Final_E-3.54.cif
,,,,,,,,
BEFORE,Li10O3,-2.5584,3.452,Semiconductor,P1,,,Li10O3_id62_E-2.56.cif
AFTER,Li10O3,-3.5095,0.0,Metal,P1,-0.9511,-3.452,Li10O3_id62_Final_E-3.51.cif
,,,,,,,,
BEFORE,Li5ScGa4O9,-3.2649,1.977,Semiconductor,Pm,,,Li5ScGa4O9_id805_E-3.26.cif
AFTER,Li5ScGa4O9,-3.499,7.066,Insulator,Pm,-0.2341,5.089,Li5ScGa4O9_id805_Final_E-3.50.cif
,,,,,,,,
BEFORE,GeSe3O2,-3.3824,0.786,Semiconductor,Pbam,,,GeSe3O2_id686_E-3.38.cif
AFTER,GeSe3O2,-3.4953,1.043,Semiconductor,Pm,-0.1129,0.257,GeSe3O2_id686_Final_E-3.50.cif
,,,,,,,,
BEFORE,TiPO8,-3.1288,0.314,Semiconductor,P2,,,TiPO8_id3377_E-3.13.cif
AFTER,TiPO8,-3.4848,1.172,Semiconductor,P1,-0.3560,0.858,TiPO8_id3377_Final_E-3.48.cif
,,,,,,,,
BEFORE,K3BaLi3Se4,-3.4751,1.932,Semiconductor,Pm-3n,,,K3BaLi3Se4_id1153_E-3.48.cif
AFTER,K3BaLi3Se4,-3.4751,1.932,Semiconductor,Pm-3n,0.0000,0.000,K3BaLi3Se4_id1153_Final_E-3.48.cif
,,,,,,,,
BEFORE,MgS,-3.4616,1.545,Semiconductor,Pm,,,MgS_id2898_E-3.46.cif
AFTER,MgS,-3.4672,1.583,Semiconductor,Pm,-0.0056,0.038,MgS_id2898_Final_E-3.47.cif
,,,,,,,,
BEFORE,ZnInTe2Se3,-3.2566,0.19,Semiconductor,Pm,,,ZnInTe2Se3_id300_E-3.26.cif
AFTER,ZnInTe2Se3,-3.4656,0.633,Semiconductor,Pm,-0.2090,0.443,ZnInTe2Se3_id300_Final_E-3.47.cif
,,,,,,,,
BEFORE,Ca(InSn18)2,-2.7789,0.533,Semiconductor,P2,,,Ca(InSn18)2_id1383_E-2.78.cif
AFTER,Ca(InSn18)2,-3.4606,0.0,Metal,P1,-0.6817,-0.533,Ca(InSn18)2_id1383_Final_E-3.46.cif
,,,,,,,,
BEFORE,Al14In,-3.1461,0.44,Semiconductor,C2/c,,,Al14In_id1805_E-3.15.cif
AFTER,Al14In,-3.4513,0.0,Metal,P-1,-0.3052,-0.440,Al14In_id1805_Final_E-3.45.cif
,,,,,,,,
BEFORE,TeSe,-3.3362,0.974,Semiconductor,Pbca,,,TeSe_id2784_E-3.34.cif
AFTER,TeSe,-3.4498,0.0,Metal,Pbca,-0.1136,-0.974,TeSe_id2784_Final_E-3.45.cif
,,,,,,,,
BEFORE,LiTe,-3.1002,0.324,Semiconductor,Pbca,,,LiTe_id522_E-3.10.cif
AFTER,LiTe,-3.4398,0.295,Semiconductor,Pbca,-0.3396,-0.029,LiTe_id522_Final_E-3.44.cif
,,,,,,,,
BEFORE,NaTeSe,-3.3768,0.82,Semiconductor,Aea2,,,NaTeSe_id2087_E-3.38.cif
AFTER,NaTeSe,-3.4376,0.603,Semiconductor,Aea2,-0.0608,-0.217,NaTeSe_id2087_Final_E-3.44.cif
,,,,,,,,
BEFORE,Li3Te2,-3.2551,1.138,Semiconductor,P-42_1m,,,Li3Te2_id2900_E-3.26.cif
AFTER,Li3Te2,-3.4364,1.065,Semiconductor,P-42_1m,-0.1813,-0.073,Li3Te2_id2900_Final_E-3.44.cif
,,,,,,,,
BEFORE,MgP,-2.7433,0.15,Semiconductor,P4_232,,,MgP_id3175_E-2.74.cif
AFTER,MgP,-3.4349,0.469,Semiconductor,P222,-0.6916,0.319,MgP_id3175_Final_E-3.43.cif
,,,,,,,,
BEFORE,K2SbTe4,-2.8376,0.854,Semiconductor,Pccm,,,K2SbTe4_id752_E-2.84.cif
AFTER,K2SbTe4,-3.4289,0.292,Semiconductor,P1,-0.5913,-0.562,K2SbTe4_id752_Final_E-3.43.cif
,,,,,,,,
BEFORE,SrTiC2,-3.4242,0.818,Semiconductor,I4_1/amd,,,SrTiC2_id2125_E-3.42.cif
AFTER,SrTiC2,-3.4242,0.818,Semiconductor,I4_1/amd,0.0000,0.000,SrTiC2_id2125_Final_E-3.42.cif
,,,,,,,,
BEFORE,SbTe3AsSe2,-1.0405,0.362,Semiconductor,Aem2,,,SbTe3AsSe2_id3301_E-1.04.cif
AFTER,SbTe3AsSe2,-3.4169,0.0,Metal,P1,-2.3764,-0.362,SbTe3AsSe2_id3301_Final_E-3.42.cif
,,,,,,,,
BEFORE,InO20,-2.9719,0.643,Semiconductor,P1,,,InO20_id2609_E-2.97.cif
AFTER,InO20,-3.4158,1.328,Semiconductor,P1,-0.4439,0.685,InO20_id2609_Final_E-3.42.cif
,,,,,,,,
BEFORE,KInTe4,-3.3069,0.121,Semiconductor,I-42d,,,KInTe4_id3117_E-3.31.cif
AFTER,KInTe4,-3.3993,0.429,Semiconductor,I-42d,-0.0924,0.308,KInTe4_id3117_Final_E-3.40.cif
,,,,,,,,
BEFORE,MgTe,-2.7896,1.103,Semiconductor,Aea2,,,MgTe_id1623_E-2.79.cif
AFTER,MgTe,-3.3891,1.756,Semiconductor,Aea2,-0.5995,0.653,MgTe_id1623_Final_E-3.39.cif
,,,,,,,,
BEFORE,Ca4Al(TeSe2)3,-3.3859,0.311,Semiconductor,Im-3m,,,Ca4Al(TeSe2)3_id1662_E-3.39.cif
AFTER,Ca4Al(TeSe2)3,-3.3859,0.311,Semiconductor,Im-3m,0.0000,0.000,Ca4Al(TeSe2)3_id1662_Final_E-3.39.cif
,,,,,,,,
BEFORE,Li3ScAs,-3.3811,0.254,Semiconductor,Pm-3m,,,Li3ScAs_id1624_E-3.38.cif
AFTER,Li3ScAs,-3.3811,0.254,Semiconductor,Pm-3m,0.0000,0.000,Li3ScAs_id1624_Final_E-3.38.cif
,,,,,,,,
BEFORE,Ge6Te3As3Se7,-3.1842,1.378,Semiconductor,P1,,,Ge6Te3As3Se7_id899_E-3.18.cif
AFTER,Ge6Te3As3Se7,-3.3768,1.269,Semiconductor,P1,-0.1926,-0.109,Ge6Te3As3Se7_id899_Final_E-3.38.cif
,,,,,,,,
BEFORE,Al9Ga2,-3.0407,2.439,Semiconductor,P1,,,Al9Ga2_id2773_E-3.04.cif
AFTER,Al9Ga2,-3.3654,3.26,Semiconductor,P1,-0.3247,0.821,Al9Ga2_id2773_Final_E-3.37.cif
,,,,,,,,
BEFORE,Ge(TeSe2)2,-2.9205,0.902,Semiconductor,P4/mmm,,,Ge(TeSe2)2_id1797_E-2.92.cif
AFTER,Ge(TeSe2)2,-3.3646,4.193,Insulator,Cm,-0.4441,3.291,Ge(TeSe2)2_id1797_Final_E-3.36.cif
,,,,,,,,
BEFORE,BaAs(Se4S3)2,-0.0576,2.689,Semiconductor,Cmc2_1,,,BaAs(Se4S3)2_id1932_E-0.06.cif
AFTER,BaAs(Se4S3)2,-3.3634,1.161,Semiconductor,Cmc2_1,-3.3058,-1.528,BaAs(Se4S3)2_id1932_Final_E-3.36.cif
,,,,,,,,
BEFORE,Sr4CaGe2O,-1.731,0.14,Semiconductor,I4_122,,,Sr4CaGe2O_id3346_E-1.73.cif
AFTER,Sr4CaGe2O,-3.3629,0.0,Metal,I4_122,-1.6319,-0.140,Sr4CaGe2O_id3346_Final_E-3.36.cif
,,,,,,,,
BEFORE,MgGaP,-3.3065,0.288,Semiconductor,P4/nmm,,,MgGaP_id693_E-3.31.cif
AFTER,MgGaP,-3.3512,0.257,Semiconductor,P2_1,-0.0447,-0.031,MgGaP_id693_Final_E-3.35.cif
,,,,,,,,
BEFORE,K2Na2AsS4,-0.966,0.175,Semiconductor,P-3m1,,,K2Na2AsS4_id468_E-0.97.cif
AFTER,K2Na2AsS4,-3.3369,2.721,Semiconductor,P1,-2.3709,2.546,K2Na2AsS4_id468_Final_E-3.34.cif
,,,,,,,,
BEFORE,KS,-2.3966,0.262,Semiconductor,P1,,,KS_id2375_E-2.40.cif
AFTER,KS,-3.3365,2.368,Semiconductor,P1,-0.9399,2.106,KS_id2375_Final_E-3.34.cif
,,,,,,,,
BEFORE,ZnTeAsSe,-2.6091,1.073,Semiconductor,P4_32_12,,,ZnTeAsSe_id2222_E-2.61.cif
AFTER,ZnTeAsSe,-3.3364,0.203,Semiconductor,P1,-0.7273,-0.870,ZnTeAsSe_id2222_Final_E-3.34.cif
,,,,,,,,
BEFORE,KCd(Te2Se)2,-2.3468,0.119,Semiconductor,P4bm,,,KCd(Te2Se)2_id1806_E-2.35.cif
AFTER,KCd(Te2Se)2,-3.335,0.571,Semiconductor,P1,-0.9882,0.452,KCd(Te2Se)2_id1806_Final_E-3.34.cif
,,,,,,,,
BEFORE,Ti3Zn3Sn3Te16,-2.6968,1.158,Semiconductor,P6_3/m,,,Ti3Zn3Sn3Te16_id3058_E-2.70.cif
AFTER,Ti3Zn3Sn3Te16,-3.3075,0.678,Semiconductor,P6_3/m,-0.6107,-0.480,Ti3Zn3Sn3Te16_id3058_Final_E-3.31.cif
,,,,,,,,
BEFORE,BaLi8TiTe4,-3.0457,0.781,Semiconductor,I222,,,BaLi8TiTe4_id2544_E-3.05.cif
AFTER,BaLi8TiTe4,-3.3064,1.149,Semiconductor,I222,-0.2607,0.368,BaLi8TiTe4_id2544_Final_E-3.31.cif
,,,,,,,,
BEFORE,ScZn6(SeS3)2,-2.4726,2.998,Semiconductor,P1,,,ScZn6(SeS3)2_id68_E-2.47.cif
AFTER,ScZn6(SeS3)2,-3.3024,1.334,Semiconductor,P1,-0.8298,-1.664,ScZn6(SeS3)2_id68_Final_E-3.30.cif
,,,,,,,,
BEFORE,Al(GaTe4)2,-3.1794,3.157,Semiconductor,P-42m,,,Al(GaTe4)2_id2485_E-3.18.cif
AFTER,Al(GaTe4)2,-3.2928,3.577,Insulator,Cm,-0.1134,0.420,Al(GaTe4)2_id2485_Final_E-3.29.cif
,,,,,,,,
BEFORE,K2MgZnSi4,-2.1962,0.761,Semiconductor,P3_121,,,K2MgZnSi4_id231_E-2.20.cif
AFTER,K2MgZnSi4,-3.2862,0.599,Semiconductor,P3_121,-1.0900,-0.162,K2MgZnSi4_id231_Final_E-3.29.cif
,,,,,,,,
BEFORE,MgSi,-3.2783,0.396,Semiconductor,I4_1/amd,,,MgSi_id1449_E-3.28.cif
AFTER,MgSi,-3.2783,0.396,Semiconductor,I4_1/amd,0.0000,0.000,MgSi_id1449_Final_E-3.28.cif
,,,,,,,,
BEFORE,KGaSeS2,-3.0356,1.867,Semiconductor,P6_522,,,KGaSeS2_id279_E-3.04.cif
AFTER,KGaSeS2,-3.274,1.133,Semiconductor,P1,-0.2384,-0.734,KGaSeS2_id279_Final_E-3.27.cif
,,,,,,,,
BEFORE,ZnSe2,-3.2218,0.338,Semiconductor,Pnnn,,,ZnSe2_id1555_E-3.22.cif
AFTER,ZnSe2,-3.2736,0.083,Semiconductor,Pnnn,-0.0518,-0.255,ZnSe2_id1555_Final_E-3.27.cif
,,,,,,,,
BEFORE,Zn2O,-2.7261,1.922,Semiconductor,Pbcn,,,Zn2O_id3239_E-2.73.cif
AFTER,Zn2O,-3.2717,0.333,Semiconductor,P2_1/c,-0.5456,-1.589,Zn2O_id3239_Final_E-3.27.cif
,,,,,,,,
BEFORE,KIn6Sn3Te4,-2.4395,0.546,Semiconductor,Im-3m,,,KIn6Sn3Te4_id2332_E-2.44.cif
AFTER,KIn6Sn3Te4,-3.2691,0.0,Metal,P1,-0.8296,-0.546,KIn6Sn3Te4_id2332_Final_E-3.27.cif
,,,,,,,,
BEFORE,Ti2O5,-2.8767,0.764,Semiconductor,P6mm,,,Ti2O5_id1633_E-2.88.cif
AFTER,Ti2O5,-3.2662,0.555,Semiconductor,Cm,-0.3895,-0.209,Ti2O5_id1633_Final_E-3.27.cif
,,,,,,,,
BEFORE,Na9Te4SeS4,-2.8258,1.723,Semiconductor,P4,,,Na9Te4SeS4_id536_E-2.83.cif
AFTER,Na9Te4SeS4,-3.2657,1.476,Semiconductor,I4,-0.4399,-0.247,Na9Te4SeS4_id536_Final_E-3.27.cif
,,,,,,,,
BEFORE,Li2C2N4O13,-2.1892,0.156,Semiconductor,Cc,,,Li2C2N4O13_id215_E-2.19.cif
AFTER,Li2C2N4O13,-3.2606,0.0,Metal,Cc,-1.0714,-0.156,Li2C2N4O13_id215_Final_E-3.26.cif
,,,,,,,,
BEFORE,NaIn3Te28,-3.2165,2.453,Semiconductor,I4/m,,,NaIn3Te28_id1019_E-3.22.cif
AFTER,NaIn3Te28,-3.2593,0.0,Metal,I4/m,-0.0428,-2.453,NaIn3Te28_id1019_Final_E-3.26.cif
,,,,,,,,
BEFORE,Li28BAsO8,-3.097,3.337,Semiconductor,Pm,,,Li28BAsO8_id2539_E-3.10.cif
AFTER,Li28BAsO8,-3.2528,3.227,Semiconductor,Pm,-0.1558,-0.110,Li28BAsO8_id2539_Final_E-3.25.cif
,,,,,,,,
BEFORE,Li4GeAs,-2.2515,0.744,Semiconductor,P42_12,,,Li4GeAs_id3189_E-2.25.cif
AFTER,Li4GeAs,-3.2521,0.766,Semiconductor,P1,-1.0006,0.022,Li4GeAs_id3189_Final_E-3.25.cif
,,,,,,,,
BEFORE,Ti3Zn5O2,-3.0821,0.148,Semiconductor,Pm,,,Ti3Zn5O2_id2831_E-3.08.cif
AFTER,Ti3Zn5O2,-3.2499,0.052,Semiconductor,P1,-0.1678,-0.096,Ti3Zn5O2_id2831_Final_E-3.25.cif
,,,,,,,,
BEFORE,Mg(GaGe)2,-3.2474,2.085,Semiconductor,P4_332,,,Mg(GaGe)2_id612_E-3.25.cif
AFTER,Mg(GaGe)2,-3.2484,2.137,Semiconductor,P4_332,-0.0010,0.052,Mg(GaGe)2_id612_Final_E-3.25.cif
,,,,,,,,
BEFORE,K2Li(TiBe)2,-1.9692,1.995,Semiconductor,P6/mmm,,,K2Li(TiBe)2_id2519_E-1.97.cif
AFTER,K2Li(TiBe)2,-3.2408,2.914,Semiconductor,P-1,-1.2716,0.919,K2Li(TiBe)2_id2519_Final_E-3.24.cif
,,,,,,,,
BEFORE,LiGa6(SiAs)2,-2.9504,0.181,Semiconductor,P4/mnc,,,LiGa6(SiAs)2_id1942_E-2.95.cif
AFTER,LiGa6(SiAs)2,-3.229,2.637,Semiconductor,P4/mnc,-0.2786,2.456,LiGa6(SiAs)2_id1942_Final_E-3.23.cif
,,,,,,,,
BEFORE,Na2Li2Si2Ge,-2.9263,0.151,Semiconductor,Aea2,,,Na2Li2Si2Ge_id1200_E-2.93.cif
AFTER,Na2Li2Si2Ge,-3.2231,0.0,Metal,Aea2,-0.2968,-0.151,Na2Li2Si2Ge_id1200_Final_E-3.22.cif
,,,,,,,,
BEFORE,K3AlSn3As4,-1.8849,0.599,Semiconductor,P3m1,,,K3AlSn3As4_id2038_E-1.88.cif
AFTER,K3AlSn3As4,-3.2198,0.296,Semiconductor,P1,-1.3349,-0.303,K3AlSn3As4_id2038_Final_E-3.22.cif
,,,,,,,,
BEFORE,K2Ca(GaGe)4,-2.5453,0.407,Semiconductor,I4_1cd,,,K2Ca(GaGe)4_id1166_E-2.55.cif
AFTER,K2Ca(GaGe)4,-3.2124,0.184,Semiconductor,Fdd2,-0.6671,-0.223,K2Ca(GaGe)4_id1166_Final_E-3.21.cif
,,,,,,,,
BEFORE,Na24B(PO)12,-2.3118,2.51,Semiconductor,I432,,,Na24B(PO)12_id885_E-2.31.cif
AFTER,Na24B(PO)12,-3.161,2.336,Semiconductor,I432,-0.8492,-0.174,Na24B(PO)12_id885_Final_E-3.16.cif
,,,,,,,,
BEFORE,CdGe(AsSe)2,-2.0239,0.257,Semiconductor,P1,,,CdGe(AsSe)2_id2231_E-2.02.cif
AFTER,CdGe(AsSe)2,-3.1531,0.034,Metal,P1,-1.1292,-0.223,CdGe(AsSe)2_id2231_Final_E-3.15.cif
,,,,,,,,
BEFORE,Sb2AsSe2,-1.7426,2.484,Semiconductor,C2,,,Sb2AsSe2_id1327_E-1.74.cif
AFTER,Sb2AsSe2,-3.1518,2.254,Semiconductor,P1,-1.4092,-0.230,Sb2AsSe2_id1327_Final_E-3.15.cif
,,,,,,,,
BEFORE,KLiNO,-2.8852,1.137,Semiconductor,P1,,,KLiNO_id1464_E-2.89.cif
AFTER,KLiNO,-3.1375,0.938,Semiconductor,P1,-0.2523,-0.199,KLiNO_id1464_Final_E-3.14.cif
,,,,,,,,
BEFORE,Na2Se,-3.0744,0.067,Semiconductor,I4/m,,,Na2Se_id2010_E-3.07.cif
AFTER,Na2Se,-3.1313,0.174,Semiconductor,I4/m,-0.0569,0.107,Na2Se_id2010_Final_E-3.13.cif
,,,,,,,,
BEFORE,Li3(InSb)2,-2.5052,3.169,Semiconductor,P1,,,Li3(InSb)2_id1890_E-2.51.cif
AFTER,Li3(InSb)2,-3.1249,0.0,Metal,P1,-0.6197,-3.169,Li3(InSb)2_id1890_Final_E-3.12.cif
,,,,,,,,
BEFORE,Li7Ca3(SiAs)3,-3.063,1.304,Semiconductor,P31m,,,Li7Ca3(SiAs)3_id330_E-3.06.cif
AFTER,Li7Ca3(SiAs)3,-3.1209,1.127,Semiconductor,P31m,-0.0579,-0.177,Li7Ca3(SiAs)3_id330_Final_E-3.12.cif
,,,,,,,,
BEFORE,TiGa(Te6S)2,-2.4226,0.811,Semiconductor,Fd-3,,,TiGa(Te6S)2_id2117_E-2.42.cif
AFTER,TiGa(Te6S)2,-3.1175,2.253,Semiconductor,P1,-0.6949,1.442,TiGa(Te6S)2_id2117_Final_E-3.12.cif
,,,,,,,,
BEFORE,KCd2Te4As,-3.0174,1.07,Semiconductor,I-42m,,,KCd2Te4As_id29_E-3.02.cif
AFTER,KCd2Te4As,-3.1147,0.932,Semiconductor,I-42m,-0.0973,-0.138,KCd2Te4As_id29_Final_E-3.11.cif
,,,,,,,,
BEFORE,Mg2S,-2.4786,2.318,Semiconductor,Imm2,,,Mg2S_id456_E-2.48.cif
AFTER,Mg2S,-3.111,1.428,Semiconductor,Cm,-0.6324,-0.890,Mg2S_id456_Final_E-3.11.cif
,,,,,,,,
BEFORE,Zn4Ga3S4,-2.2277,0.535,Semiconductor,P-42_1m,,,Zn4Ga3S4_id1418_E-2.23.cif
AFTER,Zn4Ga3S4,-3.108,0.081,Semiconductor,P2_1,-0.8803,-0.454,Zn4Ga3S4_id1418_Final_E-3.11.cif
,,,,,,,,
BEFORE,Sc3Ti9O11,-1.6163,0.81,Semiconductor,P1,,,Sc3Ti9O11_id499_E-1.62.cif
AFTER,Sc3Ti9O11,-3.1013,0.305,Semiconductor,P1,-1.4850,-0.505,Sc3Ti9O11_id499_Final_E-3.10.cif
,,,,,,,,
BEFORE,K9GeO13,-1.7863,0.234,Semiconductor,P-42_1m,,,K9GeO13_id3158_E-1.79.cif
AFTER,K9GeO13,-3.096,1.498,Semiconductor,P1,-1.3097,1.264,K9GeO13_id3158_Final_E-3.10.cif
,,,,,,,,
BEFORE,LiCa2O2,-3.0943,3.425,Semiconductor,Ia-3,,,LiCa2O2_id2177_E-3.09.cif
AFTER,LiCa2O2,-3.0944,3.62,Insulator,Ia-3,-0.0001,0.195,LiCa2O2_id2177_Final_E-3.09.cif
,,,,,,,,
BEFORE,K5NaInO6,-2.6119,0.428,Semiconductor,I4mm,,,K5NaInO6_id713_E-2.61.cif
AFTER,K5NaInO6,-3.0935,2.804,Semiconductor,P1,-0.4816,2.376,K5NaInO6_id713_Final_E-3.09.cif
,,,,,,,,
BEFORE,BaNa(SO45)2,-1.856,1.106,Semiconductor,P-3,,,BaNa(SO45)2_id926_E-1.86.cif
AFTER,BaNa(SO45)2,-3.0838,0.191,Semiconductor,P-3,-1.2278,-0.915,BaNa(SO45)2_id926_Final_E-3.08.cif
,,,,,,,,
BEFORE,KSb,-2.4891,0.614,Semiconductor,P-3m1,,,KSb_id2937_E-2.49.cif
AFTER,KSb,-3.0814,0.503,Semiconductor,P-1,-0.5923,-0.111,KSb_id2937_Final_E-3.08.cif
,,,,,,,,
BEFORE,InAs,-3.0322,1.756,Semiconductor,P4/mmm,,,InAs_id1352_E-3.03.cif
AFTER,InAs,-3.078,0.161,Semiconductor,Pmna,-0.0458,-1.595,InAs_id1352_Final_E-3.08.cif
,,,,,,,,
BEFORE,MgSnSb,-3.0687,3.345,Semiconductor,P2_12_12_1,,,MgSnSb_id1252_E-3.07.cif
AFTER,MgSnSb,-3.0638,2.064,Semiconductor,P1,0.0049,-1.281,MgSnSb_id1252_Final_E-3.06.cif
,,,,,,,,
BEFORE,K2GaSnAs,-2.9684,0.654,Semiconductor,P2/c,,,K2GaSnAs_id2172_E-2.97.cif
AFTER,K2GaSnAs,-3.0497,0.737,Semiconductor,P2/c,-0.0813,0.083,K2GaSnAs_id2172_Final_E-3.05.cif
,,,,,,,,
BEFORE,KTe,-2.8684,1.061,Semiconductor,P4_2/mmc,,,KTe_id3362_E-2.87.cif
AFTER,KTe,-3.0151,0.0,Metal,P4_2/mmc,-0.1467,-1.061,KTe_id3362_Final_E-3.02.cif
,,,,,,,,
BEFORE,Zn3CdGaO13,-2.0522,1.04,Semiconductor,P1,,,Zn3CdGaO13_id19_E-2.05.cif
AFTER,Zn3CdGaO13,-3.0005,1.107,Semiconductor,P1,-0.9483,0.067,Zn3CdGaO13_id19_Final_E-3.00.cif
,,,,,,,,
BEFORE,K3Sr6Mg2O6,-1.2201,0.452,Semiconductor,P4_132,,,K3Sr6Mg2O6_id3030_E-1.22.cif
AFTER,K3Sr6Mg2O6,-2.9902,2.685,Semiconductor,P1,-1.7701,2.233,K3Sr6Mg2O6_id3030_Final_E-2.99.cif
,,,,,,,,
BEFORE,LiZn2(As2S)2,-2.7348,0.507,Semiconductor,P3_121,,,LiZn2(As2S)2_id343_E-2.73.cif
AFTER,LiZn2(As2S)2,-2.9871,0.0,Metal,P3_121,-0.2523,-0.507,LiZn2(As2S)2_id343_Final_E-2.99.cif
,,,,,,,,
BEFORE,NaLiGaSb,-2.864,2.503,Semiconductor,P3m1,,,NaLiGaSb_id1439_E-2.86.cif
AFTER,NaLiGaSb,-2.9783,0.951,Semiconductor,P3m1,-0.1143,-1.552,NaLiGaSb_id1439_Final_E-2.98.cif
,,,,,,,,
BEFORE,KLiP,-2.3491,2.034,Semiconductor,P4_2/m,,,KLiP_id1053_E-2.35.cif
AFTER,KLiP,-2.9758,1.259,Semiconductor,P4_2/m,-0.6267,-0.775,KLiP_id1053_Final_E-2.98.cif
,,,,,,,,
BEFORE,Al2CdGa6Sn5,-2.756,0.417,Semiconductor,P1,,,Al2CdGa6Sn5_id1715_E-2.76.cif
AFTER,Al2CdGa6Sn5,-2.9717,0.524,Semiconductor,P1,-0.2157,0.107,Al2CdGa6Sn5_id1715_Final_E-2.97.cif
,,,,,,,,
BEFORE,NaSn2,-2.6039,1.079,Semiconductor,P4/mmm,,,NaSn2_id1011_E-2.60.cif
AFTER,NaSn2,-2.9455,0.0,Metal,P4/mmm,-0.3416,-1.079,NaSn2_id1011_Final_E-2.95.cif
,,,,,,,,
BEFORE,Li3Ga5Ge,-2.3126,0.586,Semiconductor,Cmcm,,,Li3Ga5Ge_id938_E-2.31.cif
AFTER,Li3Ga5Ge,-2.9175,0.0,Metal,P2/m,-0.6049,-0.586,Li3Ga5Ge_id938_Final_E-2.92.cif
,,,,,,,,
BEFORE,Na2Li4AlP2,-2.8428,1.615,Semiconductor,I4/mmm,,,Na2Li4AlP2_id994_E-2.84.cif
AFTER,Na2Li4AlP2,-2.917,0.239,Semiconductor,P2_1,-0.0742,-1.376,Na2Li4AlP2_id994_Final_E-2.92.cif
,,,,,,,,
BEFORE,Be(AlSi)2,-1.6926,0.108,Semiconductor,P1,,,Be(AlSi)2_id1021_E-1.69.cif
AFTER,Be(AlSi)2,-2.9158,0.0,Metal,P1,-1.2232,-0.108,Be(AlSi)2_id1021_Final_E-2.92.cif
,,,,,,,,
BEFORE,KTe,-2.9074,0.868,Semiconductor,P23,,,KTe_id653_E-2.91.cif
AFTER,KTe,-2.9158,0.0,Metal,P23,-0.0084,-0.868,KTe_id653_Final_E-2.92.cif
,,,,,,,,
BEFORE,Ba4Sb,-2.9105,0.167,Semiconductor,P4_2/nmc,,,Ba4Sb_id494_E-2.91.cif
AFTER,Ba4Sb,-2.9133,0.15,Semiconductor,P4_2/nmc,-0.0028,-0.017,Ba4Sb_id494_Final_E-2.91.cif
,,,,,,,,
BEFORE,Sn(GeO5)2,-3.723,2.741,Semiconductor,Pm,,,Sn(GeO5)2_id3087_E-3.72.cif
AFTER,Sn(GeO5)2,-2.8828,4.529,Insulator,Pm,0.8402,1.788,Sn(GeO5)2_id3087_Final_E-2.88.cif
,,,,,,,,
BEFORE,K7NaO4,-0.6663,3.053,Semiconductor,P1,,,K7NaO4_id1789_E-0.67.cif
AFTER,K7NaO4,-2.8476,2.914,Semiconductor,P1,-2.1813,-0.139,K7NaO4_id1789_Final_E-2.85.cif
,,,,,,,,
BEFORE,Na2Ga5Sn,-2.7093,2.223,Semiconductor,Fmm2,,,Na2Ga5Sn_id1326_E-2.71.cif
AFTER,Na2Ga5Sn,-2.8351,0.0,Metal,P2,-0.1258,-2.223,Na2Ga5Sn_id1326_Final_E-2.84.cif
,,,,,,,,
BEFORE,Ba4SrSb,-1.4155,0.18,Semiconductor,P2_1/m,,,Ba4SrSb_id144_E-1.42.cif
AFTER,Ba4SrSb,-2.8186,0.001,Metal,P2_1/m,-1.4031,-0.179,Ba4SrSb_id144_Final_E-2.82.cif
,,,,,,,,
BEFORE,Li4As,-2.7612,0.879,Semiconductor,I-4m2,,,Li4As_id1356_E-2.76.cif
AFTER,Li4As,-2.8142,0.0,Metal,I-4m2,-0.0530,-0.879,Li4As_id1356_Final_E-2.81.cif
,,,,,,,,
BEFORE,Na4As3,-2.7836,0.12,Semiconductor,I-43d,,,Na4As3_id2026_E-2.78.cif
AFTER,Na4As3,-2.7972,1.195,Semiconductor,I-43d,-0.0136,1.075,Na4As3_id2026_Final_E-2.80.cif
,,,,,,,,
BEFORE,Zn2In(Ga7Sn2)2,-1.8158,1.671,Semiconductor,Ima2,,,Zn2In(Ga7Sn2)2_id2866_E-1.82.cif
AFTER,Zn2In(Ga7Sn2)2,-2.7889,0.0,Metal,P1,-0.9731,-1.671,Zn2In(Ga7Sn2)2_id2866_Final_E-2.79.cif
,,,,,,,,
BEFORE,K6SiSn6,-1.5903,0.505,Semiconductor,I-42m,,,K6SiSn6_id254_E-1.59.cif
AFTER,K6SiSn6,-2.7747,1.194,Semiconductor,P1,-1.1844,0.689,K6SiSn6_id254_Final_E-2.77.cif
,,,,,,,,
BEFORE,K4P3,-2.7248,1.123,Semiconductor,I-43d,,,K4P3_id3297_E-2.72.cif
AFTER,K4P3,-2.7317,1.103,Semiconductor,I-43d,-0.0069,-0.020,K4P3_id3297_Final_E-2.73.cif
,,,,,,,,
BEFORE,InSn16Ge3,-2.4032,0.918,Semiconductor,Im-3m,,,InSn16Ge3_id694_E-2.40.cif
AFTER,InSn16Ge3,-2.7293,1.23,Semiconductor,P1,-0.3261,0.312,InSn16Ge3_id694_Final_E-2.73.cif
,,,,,,,,
BEFORE,SrGa2Ge2O,-2.7125,0.098,Semiconductor,I4/mmm,,,SrGa2Ge2O_id1913_E-2.71.cif
AFTER,SrGa2Ge2O,-2.7262,0.037,Metal,Pm,-0.0137,-0.061,SrGa2Ge2O_id1913_Final_E-2.73.cif
,,,,,,,,
BEFORE,Mg4Al8Ga4Si5,-1.703,2.704,Semiconductor,Cccm,,,Mg4Al8Ga4Si5_id830_E-1.70.cif
AFTER,Mg4Al8Ga4Si5,-2.7086,1.505,Semiconductor,Cccm,-1.0056,-1.199,Mg4Al8Ga4Si5_id830_Final_E-2.71.cif
,,,,,,,,
BEFORE,Mg2In3Ga4Sn3,-1.9597,0.07,Semiconductor,P6_2,,,Mg2In3Ga4Sn3_id1386_E-1.96.cif
AFTER,Mg2In3Ga4Sn3,-2.7085,0.0,Metal,P1,-0.7488,-0.070,Mg2In3Ga4Sn3_id1386_Final_E-2.71.cif
,,,,,,,,
BEFORE,K11Na4O5,-2.3007,0.957,Semiconductor,P2_12_12,,,K11Na4O5_id557_E-2.30.cif
AFTER,K11Na4O5,-2.7054,0.723,Semiconductor,P2_12_12,-0.4047,-0.234,K11Na4O5_id557_Final_E-2.71.cif
,,,,,,,,
BEFORE,Na(Li2Sn)2,-2.0238,0.067,Semiconductor,Pnnn,,,Na(Li2Sn)2_id2479_E-2.02.cif
AFTER,Na(Li2Sn)2,-2.702,0.0,Metal,P2/c,-0.6782,-0.067,Na(Li2Sn)2_id2479_Final_E-2.70.cif
,,,,,,,,
BEFORE,NaLi3P,-2.4774,1.228,Semiconductor,Pnn2,,,NaLi3P_id76_E-2.48.cif
AFTER,NaLi3P,-2.7019,0.981,Semiconductor,Pc,-0.2245,-0.247,NaLi3P_id76_Final_E-2.70.cif
,,,,,,,,
BEFORE,Li7Sc2,-2.1126,0.221,Semiconductor,Pn-3m,,,Li7Sc2_id2510_E-2.11.cif
AFTER,Li7Sc2,-2.6953,0.294,Semiconductor,P1,-0.5827,0.073,Li7Sc2_id2510_Final_E-2.70.cif
,,,,,,,,
BEFORE,CNO,-2.6745,1.471,Semiconductor,P-6m2,,,CNO_id634_E-2.67.cif
AFTER,CNO,-2.6745,1.471,Semiconductor,P-6m2,0.0000,0.000,CNO_id634_Final_E-2.67.cif
,,,,,,,,
BEFORE,ZnIn2SiSn,-1.3568,0.393,Semiconductor,P6_122,,,ZnIn2SiSn_id2159_E-1.36.cif
AFTER,ZnIn2SiSn,-2.6739,0.011,Metal,P6_122,-1.3171,-0.382,ZnIn2SiSn_id2159_Final_E-2.67.cif
,,,,,,,,
BEFORE,MgSeO,-2.6048,2.028,Semiconductor,Im-3,,,MgSeO_id3018_E-2.60.cif
AFTER,MgSeO,-2.6557,4.739,Insulator,P-1,-0.0509,2.711,MgSeO_id3018_Final_E-2.66.cif
,,,,,,,,
BEFORE,K2SnGe,-2.6489,0.311,Semiconductor,Pmmn,,,K2SnGe_id2973_E-2.65.cif
AFTER,K2SnGe,-2.6489,0.311,Semiconductor,Pmmn,0.0000,0.000,K2SnGe_id2973_Final_E-2.65.cif
,,,,,,,,
BEFORE,Li2Be5(Al2B)2,-1.5163,0.352,Semiconductor,P1,,,Li2Be5(Al2B)2_id2986_E-1.52.cif
AFTER,Li2Be5(Al2B)2,-2.6488,0.134,Semiconductor,P1,-1.1325,-0.218,Li2Be5(Al2B)2_id2986_Final_E-2.65.cif
,,,,,,,,
BEFORE,Li8O,-2.4544,0.226,Semiconductor,P4_2/nmc,,,Li8O_id862_E-2.45.cif
AFTER,Li8O,-2.6338,0.0,Metal,P-1,-0.1794,-0.226,Li8O_id862_Final_E-2.63.cif
,,,,,,,,
BEFORE,ZnCdSeS,-2.1081,1.472,Semiconductor,P1,,,ZnCdSeS_id1199_E-2.11.cif
AFTER,ZnCdSeS,-2.6225,1.557,Semiconductor,P1,-0.5144,0.085,ZnCdSeS_id1199_Final_E-2.62.cif
,,,,,,,,
BEFORE,Li(ZnGe)3,-2.6211,0.287,Semiconductor,Pm-3n,,,Li(ZnGe)3_id372_E-2.62.cif
AFTER,Li(ZnGe)3,-2.6211,0.287,Semiconductor,Pm-3n,0.0000,0.000,Li(ZnGe)3_id372_Final_E-2.62.cif
,,,,,,,,
BEFORE,NaIn5,-2.5971,0.416,Semiconductor,I4/mmm,,,NaIn5_id3062_E-2.60.cif
AFTER,NaIn5,-2.6134,1.296,Semiconductor,I4/mmm,-0.0163,0.880,NaIn5_id3062_Final_E-2.61.cif
,,,,,,,,
BEFORE,Li2ZnGa3,-2.3953,1.623,Semiconductor,P1,,,Li2ZnGa3_id1656_E-2.40.cif
AFTER,Li2ZnGa3,-2.6116,0.0,Metal,P1,-0.2163,-1.623,Li2ZnGa3_id1656_Final_E-2.61.cif
,,,,,,,,
BEFORE,Al3Ga7,-2.5661,2.168,Semiconductor,R-3c,,,Al3Ga7_id911_E-2.57.cif
AFTER,Al3Ga7,-2.5964,0.0,Metal,R-3c,-0.0303,-2.168,Al3Ga7_id911_Final_E-2.60.cif
,,,,,,,,
BEFORE,Sr5Li4(ZnP)2,-1.9203,3.227,Semiconductor,P4_2/n,,,Sr5Li4(ZnP)2_id835_E-1.92.cif
AFTER,Sr5Li4(ZnP)2,-2.5829,0.0,Metal,Pc,-0.6626,-3.227,Sr5Li4(ZnP)2_id835_Final_E-2.58.cif
,,,,,,,,
BEFORE,Li6MgNO16,-1.6755,1.478,Semiconductor,Pmn2_1,,,Li6MgNO16_id1659_E-1.68.cif
AFTER,Li6MgNO16,-2.5749,2.556,Semiconductor,Pm,-0.8994,1.078,Li6MgNO16_id1659_Final_E-2.57.cif
,,,,,,,,
BEFORE,KNaAs,-2.5714,0.935,Semiconductor,P-6m2,,,KNaAs_id1426_E-2.57.cif
AFTER,KNaAs,-2.5714,0.935,Semiconductor,P-6m2,0.0000,0.000,KNaAs_id1426_Final_E-2.57.cif
,,,,,,,,
BEFORE,Li2CaMg2As,-2.5421,0.846,Semiconductor,P-3m1,,,Li2CaMg2As_id3322_E-2.54.cif
AFTER,Li2CaMg2As,-2.57,0.0,Metal,P-3m1,-0.0279,-0.846,Li2CaMg2As_id3322_Final_E-2.57.cif
,,,,,,,,
BEFORE,Li4In2Ga,-1.026,0.19,Semiconductor,I-4m2,,,Li4In2Ga_id2513_E-1.03.cif
AFTER,Li4In2Ga,-2.5312,0.0,Metal,I-4m2,-1.5052,-0.190,Li4In2Ga_id2513_Final_E-2.53.cif
,,,,,,,,
BEFORE,LiAs24,-1.421,0.483,Semiconductor,P1,,,LiAs24_id263_E-1.42.cif
AFTER,LiAs24,-2.5267,0.291,Semiconductor,P1,-1.1057,-0.192,LiAs24_id263_Final_E-2.53.cif
,,,,,,,,
BEFORE,KLiGa3,-2.1372,0.151,Semiconductor,P6_5,,,KLiGa3_id1014_E-2.14.cif
AFTER,KLiGa3,-2.5227,0.269,Semiconductor,P6_5,-0.3855,0.118,KLiGa3_id1014_Final_E-2.52.cif
,,,,,,,,
BEFORE,Zn3O,-2.4731,1.34,Semiconductor,P4_132,,,Zn3O_id490_E-2.47.cif
AFTER,Zn3O,-2.5186,0.761,Semiconductor,P4_132,-0.0455,-0.579,Zn3O_id490_Final_E-2.52.cif
,,,,,,,,
BEFORE,Mg4Ge3,-2.5129,0.115,Semiconductor,Ccce,,,Mg4Ge3_id2725_E-2.51.cif
AFTER,Mg4Ge3,-2.5167,0.235,Semiconductor,Ccce,-0.0038,0.120,Mg4Ge3_id2725_Final_E-2.52.cif
,,,,,,,,
BEFORE,NaBe2Ga,-1.4331,2.086,Semiconductor,P4_132,,,NaBe2Ga_id2910_E-1.43.cif
AFTER,NaBe2Ga,-2.5087,0.0,Metal,P2_12_12_1,-1.0756,-2.086,NaBe2Ga_id2910_Final_E-2.51.cif
,,,,,,,,
BEFORE,KNaCdSn3,-2.4949,0.126,Semiconductor,P-4n2,,,KNaCdSn3_id1721_E-2.49.cif
AFTER,KNaCdSn3,-2.4954,0.095,Semiconductor,P-4n2,-0.0005,-0.031,KNaCdSn3_id1721_Final_E-2.50.cif
,,,,,,,,
BEFORE,KGa2,-2.4893,0.238,Semiconductor,P6/mmm,,,KGa2_id517_E-2.49.cif
AFTER,KGa2,-2.4901,0.075,Semiconductor,P6/mmm,-0.0008,-0.163,KGa2_id517_Final_E-2.49.cif
,,,,,,,,
BEFORE,NaIn6,-2.4228,0.088,Semiconductor,Pmma,,,NaIn6_id681_E-2.42.cif
AFTER,NaIn6,-2.4863,0.0,Metal,Pmma,-0.0635,-0.088,NaIn6_id681_Final_E-2.49.cif
,,,,,,,,
BEFORE,In12GaSn6,-0.3713,0.101,Semiconductor,P1,,,In12GaSn6_id1774_E-0.37.cif
AFTER,In12GaSn6,-2.4825,0.05,Metal,P1,-2.1112,-0.051,In12GaSn6_id1774_Final_E-2.48.cif
,,,,,,,,
BEFORE,Li2MgBe2,-0.6478,2.66,Semiconductor,P4_2/mmc,,,Li2MgBe2_id2393_E-0.65.cif
AFTER,Li2MgBe2,-2.4631,0.0,Metal,P1,-1.8153,-2.660,Li2MgBe2_id2393_Final_E-2.46.cif
,,,,,,,,
BEFORE,K4Sr(ZnSi)5,-1.1989,0.063,Semiconductor,I-4m2,,,K4Sr(ZnSi)5_id175_E-1.20.cif
AFTER,K4Sr(ZnSi)5,-2.4513,0.626,Semiconductor,P1,-1.2524,0.563,K4Sr(ZnSi)5_id175_Final_E-2.45.cif
,,,,,,,,
BEFORE,KS,-2.4268,2.875,Semiconductor,I4_132,,,KS_id2433_E-2.43.cif
AFTER,KS,-2.4266,2.995,Semiconductor,I4_132,0.0002,0.120,KS_id2433_Final_E-2.43.cif
,,,,,,,,
BEFORE,CdGaGe,-1.9639,0.051,Semiconductor,Cmme,,,CdGaGe_id1884_E-1.96.cif
AFTER,CdGaGe,-2.4202,0.0,Metal,P1,-0.4563,-0.051,CdGaGe_id1884_Final_E-2.42.cif
,,,,,,,,
BEFORE,KMgSn,-2.4143,0.184,Semiconductor,P-6m2,,,KMgSn_id1522_E-2.41.cif
AFTER,KMgSn,-2.4199,0.268,Semiconductor,P-6m2,-0.0056,0.084,KMgSn_id1522_Final_E-2.42.cif
,,,,,,,,
BEFORE,Mg3Cd2(Se3S)3,-1.8555,2.309,Semiconductor,P23,,,Mg3Cd2(Se3S)3_id218_E-1.86.cif
AFTER,Mg3Cd2(Se3S)3,-2.4105,2.162,Semiconductor,P1,-0.5550,-0.147,Mg3Cd2(Se3S)3_id218_Final_E-2.41.cif
,,,,,,,,
BEFORE,B8C13,-1.4557,0.704,Semiconductor,P4mm,,,B8C13_id1028_E-1.46.cif
AFTER,B8C13,-2.4076,0.346,Semiconductor,P1,-0.9519,-0.358,B8C13_id1028_Final_E-2.41.cif
,,,,,,,,
BEFORE,Li7(ZnAs)3,-2.1061,0.303,Semiconductor,R32,,,Li7(ZnAs)3_id1885_E-2.11.cif
AFTER,Li7(ZnAs)3,-2.4059,0.797,Semiconductor,P1,-0.2998,0.494,Li7(ZnAs)3_id1885_Final_E-2.41.cif
,,,,,,,,
BEFORE,GaSe,-1.9298,1.933,Semiconductor,P4_232,,,GaSe_id2448_E-1.93.cif
AFTER,GaSe,-2.3901,0.017,Metal,P1,-0.4603,-1.916,GaSe_id2448_Final_E-2.39.cif
,,,,,,,,
BEFORE,NaAlZnSi,-2.1847,0.153,Semiconductor,P1,,,NaAlZnSi_id2385_E-2.18.cif
AFTER,NaAlZnSi,-2.3688,0.0,Metal,P1,-0.1841,-0.153,NaAlZnSi_id2385_Final_E-2.37.cif
,,,,,,,,
BEFORE,K6CaSbO21,-0.1512,2.342,Semiconductor,P6_322,,,K6CaSbO21_id1646_E-0.15.cif
AFTER,K6CaSbO21,-2.3683,7.826,Insulator,P1,-2.2171,5.484,K6CaSbO21_id1646_Final_E-2.37.cif
,,,,,,,,
BEFORE,KO4,-1.8281,0.106,Semiconductor,P4_2/mbc,,,KO4_id1655_E-1.83.cif
AFTER,KO4,-2.3672,2.341,Semiconductor,P4_2/mbc,-0.5391,2.235,KO4_id1655_Final_E-2.37.cif
,,,,,,,,
BEFORE,Cd6Ga2(GeN2)3,-2.3032,1.154,Semiconductor,P1,,,Cd6Ga2(GeN2)3_id2272_E-2.30.cif
AFTER,Cd6Ga2(GeN2)3,-2.3548,0.359,Semiconductor,P1,-0.0516,-0.795,Cd6Ga2(GeN2)3_id2272_Final_E-2.35.cif
,,,,,,,,
BEFORE,KNaInSn,-2.3304,0.072,Semiconductor,F-43m,,,KNaInSn_id338_E-2.33.cif
AFTER,KNaInSn,-2.3304,0.072,Semiconductor,F-43m,0.0000,0.000,KNaInSn_id338_Final_E-2.33.cif
,,,,,,,,
BEFORE,ScAl4Ga9,-0.9868,0.864,Semiconductor,P4mm,,,ScAl4Ga9_id1165_E-0.99.cif
AFTER,ScAl4Ga9,-2.3224,0.0,Metal,P1,-1.3356,-0.864,ScAl4Ga9_id1165_Final_E-2.32.cif
,,,,,,,,
BEFORE,Na2LiSb,-2.2925,0.639,Semiconductor,P4_2/mcm,,,Na2LiSb_id791_E-2.29.cif
AFTER,Na2LiSb,-2.2988,0.865,Semiconductor,P4_2/mcm,-0.0063,0.226,Na2LiSb_id791_Final_E-2.30.cif
,,,,,,,,
BEFORE,BaB2N12O23,-1.8667,2.768,Semiconductor,P6/mmm,,,BaB2N12O23_id531_E-1.87.cif
AFTER,BaB2N12O23,-2.2892,1.175,Semiconductor,P1,-0.4225,-1.593,BaB2N12O23_id531_Final_E-2.29.cif
,,,,,,,,
BEFORE,KLiIn2,-1.5972,0.505,Semiconductor,Iba2,,,KLiIn2_id3326_E-1.60.cif
AFTER,KLiIn2,-2.2808,0.0,Metal,P1,-0.6836,-0.505,KLiIn2_id3326_Final_E-2.28.cif
,,,,,,,,
BEFORE,Sc2Cd2Sn,-2.3597,0.143,Semiconductor,P4/mmm,,,Sc2Cd2Sn_id834_E-2.36.cif
AFTER,Sc2Cd2Sn,-2.2784,1.029,Semiconductor,Pm,0.0813,0.886,Sc2Cd2Sn_id834_Final_E-2.28.cif
,,,,,,,,
BEFORE,K4Te,-1.7775,0.998,Semiconductor,Pccm,,,K4Te_id1455_E-1.78.cif
AFTER,K4Te,-2.2658,1.484,Semiconductor,P-1,-0.4883,0.486,K4Te_id1455_Final_E-2.27.cif
,,,,,,,,
BEFORE,Mg2B,-1.7835,0.295,Semiconductor,P6_422,,,Mg2B_id516_E-1.78.cif
AFTER,Mg2B,-2.25,0.0,Metal,P6_422,-0.4665,-0.295,Mg2B_id516_Final_E-2.25.cif
,,,,,,,,
BEFORE,Na3In5,-1.953,0.179,Semiconductor,I-42d,,,Na3In5_id2289_E-1.95.cif
AFTER,Na3In5,-2.2499,0.479,Semiconductor,I-42d,-0.2969,0.300,Na3In5_id2289_Final_E-2.25.cif
,,,,,,,,
BEFORE,In7S,-1.4928,1.081,Semiconductor,P4_2/mbc,,,In7S_id2405_E-1.49.cif
AFTER,In7S,-2.2283,1.986,Semiconductor,P4_2/mbc,-0.7355,0.905,In7S_id2405_Final_E-2.23.cif
,,,,,,,,
BEFORE,KCdSn2,-1.4501,2.696,Semiconductor,C2,,,KCdSn2_id1183_E-1.45.cif
AFTER,KCdSn2,-2.2134,0.0,Metal,P1,-0.7633,-2.696,KCdSn2_id1183_Final_E-2.21.cif
,,,,,,,,
BEFORE,Ba3CaO2,-1.7462,0.096,Semiconductor,P4_2/m,,,Ba3CaO2_id179_E-1.75.cif
AFTER,Ba3CaO2,-2.2035,3.765,Insulator,P1,-0.4573,3.669,Ba3CaO2_id179_Final_E-2.20.cif
,,,,,,,,
BEFORE,Na2Sn,-2.1965,0.093,Semiconductor,P4/mmm,,,Na2Sn_id1254_E-2.20.cif
AFTER,Na2Sn,-2.1991,0.009,Metal,P4/mmm,-0.0026,-0.084,Na2Sn_id1254_Final_E-2.20.cif
,,,,,,,,
BEFORE,K2ZnSb6,-2.1414,1.505,Semiconductor,P4_332,,,K2ZnSb6_id1926_E-2.14.cif
AFTER,K2ZnSb6,-2.1964,1.237,Semiconductor,P1,-0.0550,-0.268,K2ZnSb6_id1926_Final_E-2.20.cif
,,,,,,,,
BEFORE,Sr3B(NO)18,-1.6233,3.143,Semiconductor,Pm,,,Sr3B(NO)18_id955_E-1.62.cif
AFTER,Sr3B(NO)18,-2.1866,3.36,Semiconductor,Pm,-0.5633,0.217,Sr3B(NO)18_id955_Final_E-2.19.cif
,,,,,,,,
BEFORE,TiGa2Sn3,-0.6616,0.084,Semiconductor,P6_3/mmc,,,TiGa2Sn3_id240_E-0.66.cif
AFTER,TiGa2Sn3,-2.1847,0.0,Metal,Cm,-1.5231,-0.084,TiGa2Sn3_id240_Final_E-2.18.cif
,,,,,,,,
BEFORE,NO42,-2.1187,0.335,Semiconductor,P1,,,NO42_id2043_E-2.12.cif
AFTER,NO42,-2.1747,1.208,Semiconductor,P1,-0.0560,0.873,NO42_id2043_Final_E-2.17.cif
,,,,,,,,
BEFORE,As5Se2,-1.3326,3.024,Semiconductor,I4_1/amd,,,As5Se2_id974_E-1.33.cif
AFTER,As5Se2,-2.1658,0.529,Semiconductor,I4_1/amd,-0.8332,-2.495,As5Se2_id974_Final_E-2.17.cif
,,,,,,,,
BEFORE,K4Li(InGa3)4,-1.0421,1.569,Semiconductor,P4_2/nmc,,,K4Li(InGa3)4_id1131_E-1.04.cif
AFTER,K4Li(InGa3)4,-2.1537,1.068,Semiconductor,P4_2/nmc,-1.1116,-0.501,K4Li(InGa3)4_id1131_Final_E-2.15.cif
,,,,,,,,
BEFORE,K4BeAlSi,-1.5745,0.115,Semiconductor,I422,,,K4BeAlSi_id2727_E-1.57.cif
AFTER,K4BeAlSi,-2.1431,0.0,Metal,P1,-0.5686,-0.115,K4BeAlSi_id2727_Final_E-2.14.cif
,,,,,,,,
BEFORE,NaIn,-2.1394,0.513,Semiconductor,I4_1/amd,,,NaIn_id309_E-2.14.cif
AFTER,NaIn,-2.1423,0.396,Semiconductor,I4_1/amd,-0.0029,-0.117,NaIn_id309_Final_E-2.14.cif
,,,,,,,,
BEFORE,Na6InSn2,-2.032,0.262,Semiconductor,P4_2/m,,,Na6InSn2_id793_E-2.03.cif
AFTER,Na6InSn2,-2.1384,0.0,Metal,P2/m,-0.1064,-0.262,Na6InSn2_id793_Final_E-2.14.cif
,,,,,,,,
BEFORE,BaInO24,-1.6221,0.218,Semiconductor,P1,,,BaInO24_id1410_E-1.62.cif
AFTER,BaInO24,-2.1344,0.069,Semiconductor,P1,-0.5123,-0.149,BaInO24_id1410_Final_E-2.13.cif
,,,,,,,,
BEFORE,Mg5ScZn,-2.2899,0.874,Semiconductor,F-43m,,,Mg5ScZn_id6_E-2.29.cif
AFTER,Mg5ScZn,-2.1136,0.026,Metal,P1,0.1763,-0.848,Mg5ScZn_id6_Final_E-2.11.cif
,,,,,,,,
BEFORE,KAl(Zn5Ga4)2,-1.6783,1.702,Semiconductor,P2_1,,,KAl(Zn5Ga4)2_id1044_E-1.68.cif
AFTER,KAl(Zn5Ga4)2,-2.0983,0.001,Metal,P1,-0.4200,-1.701,KAl(Zn5Ga4)2_id1044_Final_E-2.10.cif
,,,,,,,,
BEFORE,KSO40,-1.8529,0.75,Semiconductor,P1,,,KSO40_id1698_E-1.85.cif
AFTER,KSO40,-2.0956,0.635,Semiconductor,P1,-0.2427,-0.115,KSO40_id1698_Final_E-2.10.cif
,,,,,,,,
BEFORE,CaZn3GaGe,-1.2457,2.963,Semiconductor,Amm2,,,CaZn3GaGe_id849_E-1.25.cif
AFTER,CaZn3GaGe,-2.0948,0.007,Metal,Pm,-0.8491,-2.956,CaZn3GaGe_id849_Final_E-2.09.cif
,,,,,,,,
BEFORE,Na4Cd3Sb2,-1.996,0.132,Semiconductor,P-3c1,,,Na4Cd3Sb2_id753_E-2.00.cif
AFTER,Na4Cd3Sb2,-2.0947,0.895,Semiconductor,P-3c1,-0.0987,0.763,Na4Cd3Sb2_id753_Final_E-2.09.cif
,,,,,,,,
BEFORE,Zn8(InGa3)3,-1.1931,0.455,Semiconductor,Pm,,,Zn8(InGa3)3_id2123_E-1.19.cif
AFTER,Zn8(InGa3)3,-2.0832,3.153,Semiconductor,P1,-0.8901,2.698,Zn8(InGa3)3_id2123_Final_E-2.08.cif
,,,,,,,,
BEFORE,Al4Zn6In2Ga9,-0.5839,0.144,Semiconductor,Cm,,,Al4Zn6In2Ga9_id3283_E-0.58.cif
AFTER,Al4Zn6In2Ga9,-2.0776,0.0,Metal,Cm,-1.4937,-0.144,Al4Zn6In2Ga9_id3283_Final_E-2.08.cif
,,,,,,,,
BEFORE,TiO19,-0.5046,1.525,Semiconductor,Cmm2,,,TiO19_id2278_E-0.50.cif
AFTER,TiO19,-2.054,0.982,Semiconductor,Pm,-1.5494,-0.543,TiO19_id2278_Final_E-2.05.cif
,,,,,,,,
BEFORE,Li4TiTeSe,-1.439,1.255,Semiconductor,Ibca,,,Li4TiTeSe_id2865_E-1.44.cif
AFTER,Li4TiTeSe,-2.0336,2.527,Semiconductor,P1,-0.5946,1.272,Li4TiTeSe_id2865_Final_E-2.03.cif
,,,,,,,,
BEFORE,Na4SrLiIn,-1.9557,0.125,Semiconductor,P1,,,Na4SrLiIn_id1271_E-1.96.cif
AFTER,Na4SrLiIn,-2.0324,0.818,Semiconductor,P2,-0.0767,0.693,Na4SrLiIn_id1271_Final_E-2.03.cif
,,,,,,,,
BEFORE,Cd6Ga35,-1.421,0.208,Semiconductor,P6/mcc,,,Cd6Ga35_id2858_E-1.42.cif
AFTER,Cd6Ga35,-2.0306,2.181,Semiconductor,P2,-0.6096,1.973,Cd6Ga35_id2858_Final_E-2.03.cif
,,,,,,,,
BEFORE,Mg3Al2(ZnSi)2,-1.3476,0.276,Semiconductor,P1,,,Mg3Al2(ZnSi)2_id691_E-1.35.cif
AFTER,Mg3Al2(ZnSi)2,-2.0199,4.296,Insulator,P1,-0.6723,4.020,Mg3Al2(ZnSi)2_id691_Final_E-2.02.cif
,,,,,,,,
BEFORE,CaAlZn8Ga,-1.8901,2.145,Semiconductor,I-4m2,,,CaAlZn8Ga_id1958_E-1.89.cif
AFTER,CaAlZn8Ga,-2.0124,0.0,Metal,P1,-0.1223,-2.145,CaAlZn8Ga_id1958_Final_E-2.01.cif
,,,,,,,,
BEFORE,K3(ZnGa2)2,-1.3122,0.087,Semiconductor,P4_2/nnm,,,K3(ZnGa2)2_id1441_E-1.31.cif
AFTER,K3(ZnGa2)2,-2.001,2.78,Semiconductor,P-1,-0.6888,2.693,K3(ZnGa2)2_id1441_Final_E-2.00.cif
,,,,,,,,
BEFORE,ZnIn,-1.9897,0.185,Semiconductor,I4_1/acd,,,ZnIn_id1339_E-1.99.cif
AFTER,ZnIn,-1.9918,0.103,Semiconductor,I4_1/acd,-0.0021,-0.082,ZnIn_id1339_Final_E-1.99.cif
,,,,,,,,
BEFORE,Li3CaGa,-1.4444,1.088,Semiconductor,P2/c,,,Li3CaGa_id1095_E-1.44.cif
AFTER,Li3CaGa,-1.9916,1.77,Semiconductor,P1,-0.5472,0.682,Li3CaGa_id1095_Final_E-1.99.cif
,,,,,,,,
BEFORE,AsO,-1.9903,1.586,Semiconductor,P4_32_12,,,AsO_id2668_E-1.99.cif
AFTER,AsO,-1.9903,1.586,Semiconductor,P4_32_12,0.0000,0.000,AsO_id2668_Final_E-1.99.cif
,,,,,,,,
BEFORE,Mg(InTe2)2,-0.8046,0.313,Semiconductor,Pmmn,,,Mg(InTe2)2_id3140_E-0.80.cif
AFTER,Mg(InTe2)2,-1.9814,0.35,Semiconductor,Pmmn,-1.1768,0.037,Mg(InTe2)2_id3140_Final_E-1.98.cif
,,,,,,,,
BEFORE,Li5GaTe2,-1.728,0.253,Semiconductor,P-3m1,,,Li5GaTe2_id2564_E-1.73.cif
AFTER,Li5GaTe2,-1.9759,0.0,Metal,P1,-0.2479,-0.253,Li5GaTe2_id2564_Final_E-1.98.cif
,,,,,,,,
BEFORE,Li7Ca4(AlGa)6,-1.8947,0.304,Semiconductor,P1,,,Li7Ca4(AlGa)6_id2426_E-1.89.cif
AFTER,Li7Ca4(AlGa)6,-1.9756,0.009,Metal,P1,-0.0809,-0.295,Li7Ca4(AlGa)6_id2426_Final_E-1.98.cif
,,,,,,,,
BEFORE,LiMg4Al2Sn,-0.5809,0.205,Semiconductor,P1,,,LiMg4Al2Sn_id2576_E-0.58.cif
AFTER,LiMg4Al2Sn,-1.9299,0.554,Semiconductor,P1,-1.3490,0.349,LiMg4Al2Sn_id2576_Final_E-1.93.cif
,,,,,,,,
BEFORE,GaSn3,-1.1338,0.591,Semiconductor,P6/mmm,,,GaSn3_id673_E-1.13.cif
AFTER,GaSn3,-1.9196,0.014,Metal,P1,-0.7858,-0.577,GaSn3_id673_Final_E-1.92.cif
,,,,,,,,
BEFORE,KLiSn,-1.9193,2.202,Semiconductor,Pmmm,,,KLiSn_id576_E-1.92.cif
AFTER,KLiSn,-1.9194,2.175,Semiconductor,Pmmm,-0.0001,-0.027,KLiSn_id576_Final_E-1.92.cif
,,,,,,,,
BEFORE,K4In3,-1.7203,0.126,Semiconductor,P2/m,,,K4In3_id1999_E-1.72.cif
AFTER,K4In3,-1.9113,0.0,Metal,P-1,-0.1910,-0.126,K4In3_id1999_Final_E-1.91.cif
,,,,,,,,
BEFORE,LiCaMg3In,-1.5957,0.428,Semiconductor,P4mm,,,LiCaMg3In_id546_E-1.60.cif
AFTER,LiCaMg3In,-1.8859,0.0,Metal,P4mm,-0.2902,-0.428,LiCaMg3In_id546_Final_E-1.89.cif
,,,,,,,,
BEFORE,Li7Mg,-1.7266,2.47,Semiconductor,P1,,,Li7Mg_id996_E-1.73.cif
AFTER,Li7Mg,-1.8728,1.575,Semiconductor,P1,-0.1462,-0.895,Li7Mg_id996_Final_E-1.87.cif
,,,,,,,,
BEFORE,LiMgSn2,-0.298,0.126,Semiconductor,P4/nmm,,,LiMgSn2_id1222_E-0.30.cif
AFTER,LiMgSn2,-1.8669,0.15,Semiconductor,Cm,-1.5689,0.024,LiMgSn2_id1222_Final_E-1.87.cif
,,,,,,,,
BEFORE,NaLi8Cd2O3,-0.9686,0.508,Semiconductor,I4cm,,,NaLi8Cd2O3_id1175_E-0.97.cif
AFTER,NaLi8Cd2O3,-1.8644,1.439,Semiconductor,Iba2,-0.8958,0.931,NaLi8Cd2O3_id1175_Final_E-1.86.cif
,,,,,,,,
BEFORE,K2Li5Sb,-0.6066,0.895,Semiconductor,P1,,,K2Li5Sb_id2091_E-0.61.cif
AFTER,K2Li5Sb,-1.8643,1.331,Semiconductor,Cm,-1.2577,0.436,K2Li5Sb_id2091_Final_E-1.86.cif
,,,,,,,,
BEFORE,Mg3Sn2(SO2)2,-1.4968,1.54,Semiconductor,P-42_1m,,,Mg3Sn2(SO2)2_id506_E-1.50.cif
AFTER,Mg3Sn2(SO2)2,-1.8365,0.347,Semiconductor,P-42_1m,-0.3397,-1.193,Mg3Sn2(SO2)2_id506_Final_E-1.84.cif
,,,,,,,,
BEFORE,Cd3In4,-0.295,0.338,Semiconductor,Pmmm,,,Cd3In4_id56_E-0.29.cif
AFTER,Cd3In4,-1.8116,2.104,Semiconductor,P-1,-1.5166,1.766,Cd3In4_id56_Final_E-1.81.cif
,,,,,,,,
BEFORE,K2Na3In2Ga,-1.4273,0.074,Semiconductor,P1,,,K2Na3In2Ga_id900_E-1.43.cif
AFTER,K2Na3In2Ga,-1.8046,0.747,Semiconductor,P-1,-0.3773,0.673,K2Na3In2Ga_id900_Final_E-1.80.cif
,,,,,,,,
BEFORE,Zn4Ga,-1.6541,1.839,Semiconductor,P4_2/nmc,,,Zn4Ga_id3155_E-1.65.cif
AFTER,Zn4Ga,-1.8017,2.292,Semiconductor,P4_2/nmc,-0.1476,0.453,Zn4Ga_id3155_Final_E-1.80.cif
,,,,,,,,
BEFORE,Mg(AlIn4)3,-0.7328,0.375,Semiconductor,Pc,,,Mg(AlIn4)3_id2318_E-0.73.cif
AFTER,Mg(AlIn4)3,-1.8007,1.948,Semiconductor,P1,-1.0679,1.573,Mg(AlIn4)3_id2318_Final_E-1.80.cif
,,,,,,,,
BEFORE,Zn3In2(GaO2)2,-0.004,0.798,Semiconductor,Pm,,,Zn3In2(GaO2)2_id589_E-0.00.cif
AFTER,Zn3In2(GaO2)2,-1.7928,0.752,Semiconductor,P1,-1.7888,-0.046,Zn3In2(GaO2)2_id589_Final_E-1.79.cif
,,,,,,,,
BEFORE,Na6Sn,-1.6442,0.307,Semiconductor,R-3,,,Na6Sn_id3232_E-1.64.cif
AFTER,Na6Sn,-1.7852,0.0,Metal,R-3,-0.1410,-0.307,Na6Sn_id3232_Final_E-1.79.cif
,,,,,,,,
BEFORE,SrLiCa11In,-1.3,0.511,Semiconductor,I4mm,,,SrLiCa11In_id3240_E-1.30.cif
AFTER,SrLiCa11In,-1.7846,0.0,Metal,P1,-0.4846,-0.511,SrLiCa11In_id3240_Final_E-1.78.cif
,,,,,,,,
BEFORE,Mg3ZnN,-1.7828,0.061,Semiconductor,Pm-3m,,,Mg3ZnN_id2288_E-1.78.cif
AFTER,Mg3ZnN,-1.7828,0.061,Semiconductor,Pm-3m,0.0000,0.000,Mg3ZnN_id2288_Final_E-1.78.cif
,,,,,,,,
BEFORE,Li5Mg4CdGa4,-1.5241,0.355,Semiconductor,Pm,,,Li5Mg4CdGa4_id2118_E-1.52.cif
AFTER,Li5Mg4CdGa4,-1.7714,0.0,Metal,P1,-0.2473,-0.355,Li5Mg4CdGa4_id2118_Final_E-1.77.cif
,,,,,,,,
BEFORE,Na2Ga,-1.4899,0.188,Semiconductor,I4/mmm,,,Na2Ga_id2563_E-1.49.cif
AFTER,Na2Ga,-1.7704,0.0,Metal,I4/mmm,-0.2805,-0.188,Na2Ga_id2563_Final_E-1.77.cif
,,,,,,,,
BEFORE,Li2Mg6Sn,-0.5838,0.324,Semiconductor,Pm,,,Li2Mg6Sn_id2878_E-0.58.cif
AFTER,Li2Mg6Sn,-1.7484,1.686,Semiconductor,P1,-1.1646,1.362,Li2Mg6Sn_id2878_Final_E-1.75.cif
,,,,,,,,
BEFORE,Al19Zn12,-1.3447,0.241,Semiconductor,P-43n,,,Al19Zn12_id2753_E-1.34.cif
AFTER,Al19Zn12,-1.7062,0.946,Semiconductor,P222,-0.3615,0.705,Al19Zn12_id2753_Final_E-1.71.cif
,,,,,,,,
BEFORE,K9Sb6(Te6P)2,-1.7809,2.385,Semiconductor,C2,,,K9Sb6(Te6P)2_id1925_E-1.78.cif
AFTER,K9Sb6(Te6P)2,-1.6963,0.289,Semiconductor,P1,0.0846,-2.096,K9Sb6(Te6P)2_id1925_Final_E-1.70.cif
,,,,,,,,
BEFORE,Al3Zn2,-1.5358,0.314,Semiconductor,Pmm2,,,Al3Zn2_id658_E-1.54.cif
AFTER,Al3Zn2,-1.6586,0.065,Semiconductor,Pm,-0.1228,-0.249,Al3Zn2_id658_Final_E-1.66.cif
,,,,,,,,
BEFORE,K2Li9Mg,-0.6473,0.592,Semiconductor,P1,,,K2Li9Mg_id639_E-0.65.cif
AFTER,K2Li9Mg,-1.6562,2.359,Semiconductor,P1,-1.0089,1.767,K2Li9Mg_id639_Final_E-1.66.cif
,,,,,,,,
BEFORE,KBaNaLi4,-1.2009,2.497,Semiconductor,P-4n2,,,KBaNaLi4_id920_E-1.20.cif
AFTER,KBaNaLi4,-1.6289,4.296,Insulator,Pnn2,-0.4280,1.799,KBaNaLi4_id920_Final_E-1.63.cif
,,,,,,,,
BEFORE,BaNa2(Li3Ca)2,-0.5559,0.599,Semiconductor,P2,,,BaNa2(Li3Ca)2_id1094_E-0.56.cif
AFTER,BaNa2(Li3Ca)2,-1.6252,4.381,Insulator,P2,-1.0693,3.782,BaNa2(Li3Ca)2_id1094_Final_E-1.63.cif
,,,,,,,,
BEFORE,LiCaMg2S,-1.6232,0.917,Semiconductor,P4mm,,,LiCaMg2S_id3024_E-1.62.cif
AFTER,LiCaMg2S,-1.616,1.81,Semiconductor,P4mm,0.0072,0.893,LiCaMg2S_id3024_Final_E-1.62.cif
,,,,,,,,
BEFORE,TeSeO2,-1.3088,2.04,Semiconductor,Fd-3m,,,TeSeO2_id1605_E-1.31.cif
AFTER,TeSeO2,-1.6099,1.858,Semiconductor,Cm,-0.3011,-0.182,TeSeO2_id1605_Final_E-1.61.cif
,,,,,,,,
BEFORE,Na4Cd3In2,-1.1089,3.268,Semiconductor,P4_22_12,,,Na4Cd3In2_id2857_E-1.11.cif
AFTER,Na4Cd3In2,-1.575,1.099,Semiconductor,P4_22_12,-0.4661,-2.169,Na4Cd3In2_id2857_Final_E-1.58.cif
,,,,,,,,
BEFORE,LiZn4,-1.2792,2.464,Semiconductor,P4_2/nmc,,,LiZn4_id1101_E-1.28.cif
AFTER,LiZn4,-1.5644,2.909,Semiconductor,P4_2/nmc,-0.2852,0.445,LiZn4_id1101_Final_E-1.56.cif
,,,,,,,,
BEFORE,K3Ca2(AlGa)2,-0.4143,0.638,Semiconductor,Pm,,,K3Ca2(AlGa)2_id738_E-0.41.cif
AFTER,K3Ca2(AlGa)2,-1.5459,0.07,Semiconductor,P1,-1.1316,-0.568,K3Ca2(AlGa)2_id738_Final_E-1.55.cif
,,,,,,,,
BEFORE,Li17(Mg3Zn)2,-0.5803,3.22,Semiconductor,Pm,,,Li17(Mg3Zn)2_id1644_E-0.58.cif
AFTER,Li17(Mg3Zn)2,-1.543,3.622,Insulator,Pm,-0.9627,0.402,Li17(Mg3Zn)2_id1644_Final_E-1.54.cif
,,,,,,,,
BEFORE,K4MgCd2Sn,-1.3832,0.125,Semiconductor,Ibam,,,K4MgCd2Sn_id2103_E-1.38.cif
AFTER,K4MgCd2Sn,-1.5353,0.0,Metal,Ibam,-0.1521,-0.125,K4MgCd2Sn_id2103_Final_E-1.54.cif
,,,,,,,,
BEFORE,K34Na3CaO6,-0.8544,0.856,Semiconductor,P1,,,K34Na3CaO6_id1402_E-0.85.cif
AFTER,K34Na3CaO6,-1.511,1.272,Semiconductor,P1,-0.6566,0.416,K34Na3CaO6_id1402_Final_E-1.51.cif
,,,,,,,,
BEFORE,Li2Mg3ZnIn,-0.205,0.055,Semiconductor,P3m1,,,Li2Mg3ZnIn_id2198_E-0.21.cif
AFTER,Li2Mg3ZnIn,-1.5106,0.0,Metal,P3m1,-1.3056,-0.055,Li2Mg3ZnIn_id2198_Final_E-1.51.cif
,,,,,,,,
BEFORE,Na4In17Ga6,-1.3023,0.084,Semiconductor,P6/mmm,,,Na4In17Ga6_id2014_E-1.30.cif
AFTER,Na4In17Ga6,-1.4752,0.195,Semiconductor,P6/mmm,-0.1729,0.111,Na4In17Ga6_id2014_Final_E-1.48.cif
,,,,,,,,
BEFORE,Zn2Cd5Ga2,-1.2901,1.267,Semiconductor,Ibam,,,Zn2Cd5Ga2_id1812_E-1.29.cif
AFTER,Zn2Cd5Ga2,-1.4712,2.242,Semiconductor,P1,-0.1811,0.975,Zn2Cd5Ga2_id1812_Final_E-1.47.cif
,,,,,,,,
BEFORE,Li6Mg8ScTi,-1.3553,0.487,Semiconductor,P1,,,Li6Mg8ScTi_id2116_E-1.36.cif
AFTER,Li6Mg8ScTi,-1.4538,0.085,Semiconductor,P1,-0.0985,-0.402,Li6Mg8ScTi_id2116_Final_E-1.45.cif
,,,,,,,,
BEFORE,Ba4O9,-1.1611,2.322,Semiconductor,P6/mcc,,,Ba4O9_id2120_E-1.16.cif
AFTER,Ba4O9,-1.4526,3.253,Semiconductor,P1,-0.2915,0.931,Ba4O9_id2120_Final_E-1.45.cif
,,,,,,,,
BEFORE,Sc4Ti3Zn8Ga3,-1.1563,1.41,Semiconductor,R3c,,,Sc4Ti3Zn8Ga3_id1825_E-1.16.cif
AFTER,Sc4Ti3Zn8Ga3,-1.4503,0.202,Semiconductor,Cc,-0.2940,-1.208,Sc4Ti3Zn8Ga3_id1825_Final_E-1.45.cif
,,,,,,,,
BEFORE,LiTi2(BeIn2)2,-1.6108,0.469,Semiconductor,P1,,,LiTi2(BeIn2)2_id1262_E-1.61.cif
AFTER,LiTi2(BeIn2)2,-1.4468,0.346,Semiconductor,P1,0.1640,-0.123,LiTi2(BeIn2)2_id1262_Final_E-1.45.cif
,,,,,,,,
BEFORE,Zn6Ga,-0.4911,1.074,Semiconductor,P1,,,Zn6Ga_id1069_E-0.49.cif
AFTER,Zn6Ga,-1.4432,0.0,Metal,P1,-0.9521,-1.074,Zn6Ga_id1069_Final_E-1.44.cif
,,,,,,,,
BEFORE,Na2Sr(Zn2Sn)2,-0.9929,0.649,Semiconductor,I4/mcm,,,Na2Sr(Zn2Sn)2_id620_E-0.99.cif
AFTER,Na2Sr(Zn2Sn)2,-1.4421,1.304,Semiconductor,I4/mcm,-0.4492,0.655,Na2Sr(Zn2Sn)2_id620_Final_E-1.44.cif
,,,,,,,,
BEFORE,Al(Zn5Ga7)3,-1.3291,1.668,Semiconductor,P1,,,Al(Zn5Ga7)3_id1824_E-1.33.cif
AFTER,Al(Zn5Ga7)3,-1.4293,0.001,Metal,P1,-0.1002,-1.667,Al(Zn5Ga7)3_id1824_Final_E-1.43.cif
,,,,,,,,
BEFORE,Li23Mg8(Zn2Ga)2,-0.7421,0.662,Semiconductor,P1,,,Li23Mg8(Zn2Ga)2_id1472_E-0.74.cif
AFTER,Li23Mg8(Zn2Ga)2,-1.4189,0.171,Semiconductor,P1,-0.6768,-0.491,Li23Mg8(Zn2Ga)2_id1472_Final_E-1.42.cif
,,,,,,,,
BEFORE,Li2Mg4Cd3,-1.0456,2.307,Semiconductor,P2,,,Li2Mg4Cd3_id1810_E-1.05.cif
AFTER,Li2Mg4Cd3,-1.3804,0.0,Metal,P1,-0.3348,-2.307,Li2Mg4Cd3_id1810_Final_E-1.38.cif
,,,,,,,,
BEFORE,Li38ScCd2,-1.2761,3.016,Semiconductor,P1,,,Li38ScCd2_id2441_E-1.28.cif
AFTER,Li38ScCd2,-1.3735,0.0,Metal,P1,-0.0974,-3.016,Li38ScCd2_id2441_Final_E-1.37.cif
,,,,,,,,
BEFORE,Li9Mg4(Cd2Ga5)2,-0.0697,0.175,Semiconductor,Pn-3m,,,Li9Mg4(Cd2Ga5)2_id1365_E-0.07.cif
AFTER,Li9Mg4(Cd2Ga5)2,-1.3598,1.877,Semiconductor,P2,-1.2901,1.702,Li9Mg4(Cd2Ga5)2_id1365_Final_E-1.36.cif
,,,,,,,,
BEFORE,Na6Ca6O,-1.3426,0.144,Semiconductor,Pm-3,,,Na6Ca6O_id2180_E-1.34.cif
AFTER,Na6Ca6O,-1.3426,0.144,Semiconductor,Pm-3,0.0000,0.000,Na6Ca6O_id2180_Final_E-1.34.cif
,,,,,,,,
BEFORE,Sr2Cd(As3P)6,-0.0419,0.371,Semiconductor,P31m,,,Sr2Cd(As3P)6_id2807_E-0.04.cif
AFTER,Sr2Cd(As3P)6,-1.3301,0.078,Semiconductor,P1,-1.2882,-0.293,Sr2Cd(As3P)6_id2807_Final_E-1.33.cif
,,,,,,,,
BEFORE,In(SO4)4,-0.6081,0.493,Semiconductor,Cm,,,In(SO4)4_id2702_E-0.61.cif
AFTER,In(SO4)4,-1.3215,0.24,Semiconductor,Pm,-0.7134,-0.253,In(SO4)4_id2702_Final_E-1.32.cif
,,,,,,,,
BEFORE,Li4Mg4Zn5,-0.2829,3.336,Semiconductor,Pmm2,,,Li4Mg4Zn5_id3078_E-0.28.cif
AFTER,Li4Mg4Zn5,-1.3179,0.0,Metal,Pm,-1.0350,-3.336,Li4Mg4Zn5_id3078_Final_E-1.32.cif
,,,,,,,,
BEFORE,Zn(CdGa2)2,-0.9517,0.103,Semiconductor,Cccm,,,Zn(CdGa2)2_id3114_E-0.95.cif
AFTER,Zn(CdGa2)2,-1.292,0.0,Metal,Pmna,-0.3403,-0.103,Zn(CdGa2)2_id3114_Final_E-1.29.cif
,,,,,,,,
BEFORE,Na2LiCd3,-0.9894,0.153,Semiconductor,Pnnn,,,Na2LiCd3_id2338_E-0.99.cif
AFTER,Na2LiCd3,-1.2687,0.0,Metal,Pnnn,-0.2793,-0.153,Na2LiCd3_id2338_Final_E-1.27.cif
,,,,,,,,
BEFORE,LiMgZn5Ga3,-0.5898,0.091,Semiconductor,Pmmn,,,LiMgZn5Ga3_id3284_E-0.59.cif
AFTER,LiMgZn5Ga3,-1.2626,0.0,Metal,Pm,-0.6728,-0.091,LiMgZn5Ga3_id3284_Final_E-1.26.cif
,,,,,,,,
BEFORE,Na2Mg7Cd5,-0.6776,2.265,Semiconductor,Pbam,,,Na2Mg7Cd5_id1308_E-0.68.cif
AFTER,Na2Mg7Cd5,-1.2532,0.0,Metal,Pmc2_1,-0.5756,-2.265,Na2Mg7Cd5_id1308_Final_E-1.25.cif
,,,,,,,,
BEFORE,Na6CdIn,-0.9289,3.242,Semiconductor,P3_1,,,Na6CdIn_id680_E-0.93.cif
AFTER,Na6CdIn,-1.2466,0.068,Semiconductor,P1,-0.3177,-3.174,Na6CdIn_id680_Final_E-1.25.cif
,,,,,,,,
BEFORE,MgP,-2.0122,0.842,Semiconductor,P4/mmm,,,MgP_id2518_E-2.01.cif
AFTER,MgP,-1.2399,0.949,Semiconductor,P4/mmm,0.7723,0.107,MgP_id2518_Final_E-1.24.cif
,,,,,,,,
BEFORE,K15NaCaSn5,-0.849,1.243,Semiconductor,P1,,,K15NaCaSn5_id1796_E-0.85.cif
AFTER,K15NaCaSn5,-1.2395,0.666,Semiconductor,P1,-0.3905,-0.577,K15NaCaSn5_id1796_Final_E-1.24.cif
,,,,,,,,
BEFORE,Na9Li2,-0.8525,1.212,Semiconductor,Pnn2,,,Na9Li2_id394_E-0.85.cif
AFTER,Na9Li2,-1.2321,0.0,Metal,P2,-0.3796,-1.212,Na9Li2_id394_Final_E-1.23.cif
,,,,,,,,
BEFORE,K7MgIn6,-1.2015,0.135,Semiconductor,P-31c,,,K7MgIn6_id2406_E-1.20.cif
AFTER,K7MgIn6,-1.2282,0.471,Semiconductor,P-31c,-0.0267,0.336,K7MgIn6_id2406_Final_E-1.23.cif
,,,,,,,,
BEFORE,Na(Li2Mg)2,-1.2222,1.536,Semiconductor,I4_1/amd,,,Na(Li2Mg)2_id2698_E-1.22.cif
AFTER,Na(Li2Mg)2,-1.2227,1.497,Semiconductor,I4_1/amd,-0.0005,-0.039,Na(Li2Mg)2_id2698_Final_E-1.22.cif
,,,,,,,,
BEFORE,Ba2Na2SrCa5,-0.8584,1.372,Semiconductor,Amm2,,,Ba2Na2SrCa5_id246_E-0.86.cif
AFTER,Ba2Na2SrCa5,-1.2009,0.014,Metal,P1,-0.3425,-1.358,Ba2Na2SrCa5_id246_Final_E-1.20.cif
,,,,,,,,
BEFORE,Mg4AlInTe3,-1.086,0.24,Semiconductor,P4mm,,,Mg4AlInTe3_id1758_E-1.09.cif
AFTER,Mg4AlInTe3,-1.1904,2.88,Semiconductor,P4mm,-0.1044,2.640,Mg4AlInTe3_id1758_Final_E-1.19.cif
,,,,,,,,
BEFORE,MgZn4GaO8,-0.9377,1.548,Semiconductor,Pmmn,,,MgZn4GaO8_id2402_E-0.94.cif
AFTER,MgZn4GaO8,-1.1839,2.171,Semiconductor,Pm,-0.2462,0.623,MgZn4GaO8_id2402_Final_E-1.18.cif
,,,,,,,,
BEFORE,Li2AlZn2Ga3,-0.0908,1.351,Semiconductor,P-1,,,Li2AlZn2Ga3_id1778_E-0.09.cif
AFTER,Li2AlZn2Ga3,-1.1829,0.0,Metal,P-1,-1.0921,-1.351,Li2AlZn2Ga3_id1778_Final_E-1.18.cif
,,,,,,,,
BEFORE,KSrZn3,-0.448,0.119,Semiconductor,Pm,,,KSrZn3_id163_E-0.45.cif
AFTER,KSrZn3,-1.1662,0.0,Metal,P1,-0.7182,-0.119,KSrZn3_id163_Final_E-1.17.cif
,,,,,,,,
BEFORE,Ca9Ga,-0.0125,3.248,Semiconductor,Pbam,,,Ca9Ga_id2602_E-0.01.cif
AFTER,Ca9Ga,-1.1446,1.506,Semiconductor,Pbam,-1.1321,-1.742,Ca9Ga_id2602_Final_E-1.14.cif
,,,,,,,,
BEFORE,Mg2Cd2In2Sn3,-1.0733,0.843,Semiconductor,P6_3/mmc,,,Mg2Cd2In2Sn3_id1467_E-1.07.cif
AFTER,Mg2Cd2In2Sn3,-1.1196,0.843,Semiconductor,P1,-0.0463,0.000,Mg2Cd2In2Sn3_id1467_Final_E-1.12.cif
,,,,,,,,
BEFORE,K2Ba2Na11As4,-0.7562,2.135,Semiconductor,P1,,,K2Ba2Na11As4_id1841_E-0.76.cif
AFTER,K2Ba2Na11As4,-1.1066,1.892,Semiconductor,P1,-0.3504,-0.243,K2Ba2Na11As4_id1841_Final_E-1.11.cif
,,,,,,,,
BEFORE,KNaZn,-0.9531,0.599,Semiconductor,P4_322,,,KNaZn_id2881_E-0.95.cif
AFTER,KNaZn,-1.0716,0.175,Semiconductor,P4_322,-0.1185,-0.424,KNaZn_id2881_Final_E-1.07.cif
,,,,,,,,
BEFORE,Cd28Sb3,-0.9394,2.431,Semiconductor,Pn-3n,,,Cd28Sb3_id2550_E-0.94.cif
AFTER,Cd28Sb3,-1.0531,0.454,Semiconductor,P1,-0.1137,-1.977,Cd28Sb3_id2550_Final_E-1.05.cif
,,,,,,,,
BEFORE,Ba2Sr6Ca29,-0.6166,0.111,Semiconductor,P1,,,Ba2Sr6Ca29_id3147_E-0.62.cif
AFTER,Ba2Sr6Ca29,-1.0336,0.985,Semiconductor,P1,-0.4170,0.874,Ba2Sr6Ca29_id3147_Final_E-1.03.cif
,,,,,,,,
BEFORE,KZn,-0.9789,1.08,Semiconductor,I4_1/amd,,,KZn_id327_E-0.98.cif
AFTER,KZn,-0.9807,1.054,Semiconductor,I4_1/amd,-0.0018,-0.026,KZn_id327_Final_E-0.98.cif
,,,,,,,,
BEFORE,NaCa,-0.9676,0.056,Semiconductor,P4/mmm,,,NaCa_id3107_E-0.97.cif
AFTER,NaCa,-0.9676,0.056,Semiconductor,P4/mmm,0.0000,0.000,NaCa_id3107_Final_E-0.97.cif
,,,,,,,,
BEFORE,Na45Li7,-0.7528,3.28,Semiconductor,C2,,,Na45Li7_id3084_E-0.75.cif
AFTER,Na45Li7,-0.924,4.308,Insulator,P1,-0.1712,1.028,Na45Li7_id3084_Final_E-0.92.cif
,,,,,,,,
BEFORE,Mg7ZnCd28,-0.0227,1.683,Semiconductor,P222_1,,,Mg7ZnCd28_id3350_E-0.02.cif
AFTER,Mg7ZnCd28,-0.9224,2.004,Semiconductor,P2,-0.8997,0.321,Mg7ZnCd28_id3350_Final_E-0.92.cif
,,,,,,,,
BEFORE,Na6Li12Cd7In3,-1.1507,0.329,Semiconductor,Pmmm,,,Na6Li12Cd7In3_id83_E-1.15.cif
AFTER,Na6Li12Cd7In3,-0.9062,0.347,Semiconductor,P1,0.2445,0.018,Na6Li12Cd7In3_id83_Final_E-0.91.cif
,,,,,,,,
BEFORE,K3Cd2InGa2,-0.6743,1.575,Semiconductor,P1,,,K3Cd2InGa2_id661_E-0.67.cif
AFTER,K3Cd2InGa2,-0.8987,1.425,Semiconductor,P1,-0.2244,-0.150,K3Cd2InGa2_id661_Final_E-0.90.cif
,,,,,,,,
BEFORE,Na3(SrIn)2,-0.8237,0.844,Semiconductor,P4_2/nmc,,,Na3(SrIn)2_id2267_E-0.82.cif
AFTER,Na3(SrIn)2,-0.8985,0.491,Semiconductor,Pmm2,-0.0748,-0.353,Na3(SrIn)2_id2267_Final_E-0.90.cif
,,,,,,,,
BEFORE,Li24Zn13Te12,-0.3174,1.888,Semiconductor,I23,,,Li24Zn13Te12_id1453_E-0.32.cif
AFTER,Li24Zn13Te12,-0.886,1.714,Semiconductor,I23,-0.5686,-0.174,Li24Zn13Te12_id1453_Final_E-0.89.cif
,,,,,,,,
BEFORE,Li6Ca3Mg3Cd14,-0.5836,3.135,Semiconductor,Pm,,,Li6Ca3Mg3Cd14_id1827_E-0.58.cif
AFTER,Li6Ca3Mg3Cd14,-0.8659,0.0,Metal,P1,-0.2823,-3.135,Li6Ca3Mg3Cd14_id1827_Final_E-0.87.cif
,,,,,,,,
BEFORE,K2Na5Li,-0.5655,0.421,Semiconductor,P312,,,K2Na5Li_id912_E-0.57.cif
AFTER,K2Na5Li,-0.8043,0.522,Semiconductor,P1,-0.2388,0.101,K2Na5Li_id912_Final_E-0.80.cif
,,,,,,,,
BEFORE,MgZnCd19,-0.2896,1.416,Semiconductor,P2_1,,,MgZnCd19_id1478_E-0.29.cif
AFTER,MgZnCd19,-0.7668,0.0,Metal,P1,-0.4772,-1.416,MgZnCd19_id1478_Final_E-0.77.cif
,,,,,,,,
BEFORE,K20Na13,-0.5508,0.057,Semiconductor,P3,,,K20Na13_id386_E-0.55.cif
AFTER,K20Na13,-0.691,0.335,Semiconductor,P3,-0.1402,0.278,K20Na13_id386_Final_E-0.69.cif
,,,,,,,,
BEFORE,Ba2Sr3Ca5,-0.2083,3.157,Semiconductor,P6_122,,,Ba2Sr3Ca5_id2825_E-0.21.cif
AFTER,Ba2Sr3Ca5,-0.6843,0.213,Semiconductor,P6_122,-0.4760,-2.944,Ba2Sr3Ca5_id2825_Final_E-0.68.cif
,,,,,,,,
BEFORE,K13S4,-0.1265,0.376,Semiconductor,P1,,,K13S4_id2141_E-0.13.cif
AFTER,K13S4,-0.6804,0.0,Metal,P1,-0.5539,-0.376,K13S4_id2141_Final_E-0.68.cif
,,,,,,,,
BEFORE,K50Cd2SnSb2,-0.43,0.142,Semiconductor,P1,,,K50Cd2SnSb2_id3193_E-0.43.cif
AFTER,K50Cd2SnSb2,-0.6761,0.226,Semiconductor,P1,-0.2461,0.084,K50Cd2SnSb2_id3193_Final_E-0.68.cif
,,,,,,,,
BEFORE,CaCd31,-0.5812,2.281,Semiconductor,Pm,,,CaCd31_id1369_E-0.58.cif
AFTER,CaCd31,-0.6663,2.141,Semiconductor,P4/m,-0.0851,-0.140,CaCd31_id1369_Final_E-0.67.cif
,,,,,,,,
BEFORE,Li(Mg2Zn)2,-0.5448,3.167,Semiconductor,P1,,,Li(Mg2Zn)2_id2755_E-0.54.cif
AFTER,Li(Mg2Zn)2,-0.6655,0.272,Semiconductor,P1,-0.1207,-2.895,Li(Mg2Zn)2_id2755_Final_E-0.67.cif
,,,,,,,,
BEFORE,Li3Si2,-0.1936,0.588,Semiconductor,P1,,,Li3Si2_id2081_E-0.19.cif
AFTER,Li3Si2,-0.6527,0.359,Semiconductor,P1,-0.4591,-0.229,Li3Si2_id2081_Final_E-0.65.cif
,,,,,,,,
BEFORE,LiMg19In,-0.5121,1.357,Semiconductor,P1,,,LiMg19In_id3378_E-0.51.cif
AFTER,LiMg19In,-0.6368,0.0,Metal,P1,-0.1247,-1.357,LiMg19In_id3378_Final_E-0.64.cif
,,,,,,,,
BEFORE,Na2Cd9Sn,-0.4746,0.064,Semiconductor,P1,,,Na2Cd9Sn_id1520_E-0.47.cif
AFTER,Na2Cd9Sn,-0.626,0.009,Metal,P1,-0.1514,-0.055,Na2Cd9Sn_id1520_Final_E-0.63.cif
,,,,,,,,
BEFORE,Ba3Ca3Mg,-0.4964,0.592,Semiconductor,Fm-3m,,,Ba3Ca3Mg_id136_E-0.50.cif
AFTER,Ba3Ca3Mg,-0.5878,3.289,Semiconductor,Fm-3m,-0.0914,2.697,Ba3Ca3Mg_id136_Final_E-0.59.cif
,,,,,,,,
BEFORE,K7Na12(Cd6In7)2,-0.1806,0.142,Semiconductor,P1,,,K7Na12(Cd6In7)2_id1664_E-0.18.cif
AFTER,K7Na12(Cd6In7)2,-0.5482,0.0,Metal,P1,-0.3676,-0.142,K7Na12(Cd6In7)2_id1664_Final_E-0.55.cif
,,,,,,,,
BEFORE,Sc9(SO32)2,-0.1077,2.228,Semiconductor,P31m,,,Sc9(SO32)2_id3272_E-0.11.cif
AFTER,Sc9(SO32)2,-0.5451,2.153,Semiconductor,P31m,-0.4374,-0.075,Sc9(SO32)2_id3272_Final_E-0.55.cif
,,,,,,,,
BEFORE,NaCaMg35Al,-0.394,0.21,Semiconductor,P1,,,NaCaMg35Al_id2489_E-0.39.cif
AFTER,NaCaMg35Al,-0.535,0.129,Semiconductor,P1,-0.1410,-0.081,NaCaMg35Al_id2489_Final_E-0.54.cif
,,,,,,,,
BEFORE,Li13Sc3(Zn6Ga)4,-0.1936,0.06,Semiconductor,P1,,,Li13Sc3(Zn6Ga)4_id755_E-0.19.cif
AFTER,Li13Sc3(Zn6Ga)4,-0.5306,0.0,Metal,P1,-0.3370,-0.060,Li13Sc3(Zn6Ga)4_id755_Final_E-0.53.cif
,,,,,,,,
BEFORE,Cd11Ga2,-0.1093,0.086,Semiconductor,Pm,,,Cd11Ga2_id158_E-0.11.cif
AFTER,Cd11Ga2,-0.5063,0.127,Semiconductor,Pm,-0.3970,0.041,Cd11Ga2_id158_Final_E-0.51.cif
,,,,,,,,
BEFORE,K8Li,-0.1674,2.731,Semiconductor,Pn-3m,,,K8Li_id317_E-0.17.cif
AFTER,K8Li,-0.5019,4.952,Insulator,P1,-0.3345,2.221,K8Li_id317_Final_E-0.50.cif
,,,,,,,,
BEFORE,Mg13In2,-0.2352,0.169,Semiconductor,P1,,,Mg13In2_id87_E-0.24.cif
AFTER,Mg13In2,-0.4722,0.089,Semiconductor,P1,-0.2370,-0.080,Mg13In2_id87_Final_E-0.47.cif
,,,,,,,,
BEFORE,NaSr11Ca,-0.1057,0.598,Semiconductor,P222,,,NaSr11Ca_id2253_E-0.11.cif
AFTER,NaSr11Ca,-0.4573,0.091,Semiconductor,P1,-0.3516,-0.507,NaSr11Ca_id2253_Final_E-0.46.cif
,,,,,,,,
BEFORE,LiMg4(ScAl)2,-0.8867,3.435,Semiconductor,Pm,,,LiMg4(ScAl)2_id237_E-0.89.cif
AFTER,LiMg4(ScAl)2,-0.3814,0.601,Semiconductor,P1,0.5053,-2.834,LiMg4(ScAl)2_id237_Final_E-0.38.cif
,,,,,,,,
BEFORE,Na4Cd3,-0.0983,0.265,Semiconductor,P3m1,,,Na4Cd3_id2238_E-0.10.cif
AFTER,Na4Cd3,-0.3203,0.282,Semiconductor,P3m1,-0.2220,0.017,Na4Cd3_id2238_Final_E-0.32.cif
,,,,,,,,
BEFORE,LiCd2In2Sn,-0.2091,1.394,Semiconductor,P1,,,LiCd2In2Sn_id1100_E-0.21.cif
AFTER,LiCd2In2Sn,-0.3077,0.0,Metal,P1,-0.0986,-1.394,LiCd2In2Sn_id1100_Final_E-0.31.cif
,,,,,,,,
BEFORE,K9Na2,-0.0772,0.588,Semiconductor,P1,,,K9Na2_id2876_E-0.08.cif
AFTER,K9Na2,-0.2288,0.668,Semiconductor,P1,-0.1516,0.080,K9Na2_id2876_Final_E-0.23.cif
,,,,,,,,
BEFORE,K7Ba7Na12,-0.1007,0.437,Semiconductor,Pm-3,,,K7Ba7Na12_id21_E-0.10.cif
AFTER,K7Ba7Na12,-0.1185,0.817,Semiconductor,Pm,-0.0178,0.380,K7Ba7Na12_id21_Final_E-0.12.cif
,,,,,,,,
