file_name,formula,energy,bandgap,type,space_group_symbol,space_group_number,num_atoms
TiO_id509_E-9.05.cif,TiO,-9.0466,0.0,Metal,Pca2_1,29,8
TiO2_id4862_E-8.78.cif,TiO2,-8.7835,1.519,Semiconductor,Pbca,61,24
TiO_id3287_E-8.40.cif,TiO,-8.3964,0.02,Metal,Pn-3m,224,12
Ti6N_id2783_E-8.36.cif,Ti6N,-8.3648,0.0,Metal,P6_322,182,14
LiSc4O6_id1691_E-8.30.cif,LiSc4O6,-8.2959,3.279,Semiconductor,I4/m,87,22
Ti2O3_id4575_E-8.05.cif,Ti2O3,-8.0543,1.202,Semiconductor,Pbcn,60,20
Ti4C_id3441_E-8.02.cif,Ti4C,-8.0226,0.0,Metal,Im-3m,229,10
Ti4BO_id4251_E-7.97.cif,Ti4BO,-7.9742,0.0,Metal,P6_422,181,18
TiN_id3265_E-7.86.cif,TiN,-7.8577,0.0,Metal,P6/mmm,191,12
Ti2GaN2_id2540_E-7.84.cif,Ti2GaN2,-7.8351,0.024,Metal,Pa-3,205,20
SrN6_id4290_E-7.83.cif,SrN6,-7.8323,0.718,Semiconductor,P6_322,182,14
Ti_id2601_E-7.78.cif,Ti,-7.7753,0.0,Metal,P6_322,182,40
Ti_id3165_E-7.76.cif,Ti,-7.7603,0.0,Metal,Fm-3m,225,28
Sc3GeN_id1303_E-7.75.cif,Sc3GeN,-7.7524,0.252,Semiconductor,Pm-3m,221,5
KTi3O7_id2782_E-7.72.cif,KTi3O7,-7.7174,0.0,Metal,Pm-3n,223,22
TiSiN2_id2860_E-7.64.cif,TiSiN2,-7.64,0.88,Semiconductor,Fm-3m,225,16
Ti3Si_id2739_E-7.56.cif,Ti3Si,-7.5593,0.0,Metal,I4/mmm,139,8
Sc2SN_id3225_E-7.55.cif,Sc2SN,-7.5541,0.0,Metal,R-3m,166,24
Ti2B_id351_E-7.55.cif,Ti2B,-7.5473,0.0,Metal,P6_422,181,9
Sc2TiN_id3222_E-7.53.cif,Sc2TiN,-7.528,0.0,Metal,Ibca,73,32
Sc2O5_id3409_E-7.46.cif,Sc2O5,-7.4628,3.307,Semiconductor,Pba2,32,14
Sc2GeN2_id4719_E-7.45.cif,Sc2GeN2,-7.4495,0.0,Metal,Pa-3,205,20
CaN4_id750_E-7.31.cif,CaN4,-7.3138,2.707,Semiconductor,R-3,148,45
ScC_id4685_E-7.31.cif,ScC,-7.3067,1.572,Semiconductor,P4_2cm,101,16
Sc2BO2_id259_E-7.21.cif,Sc2BO2,-7.2053,3.666,Insulator,P4/mnc,128,20
Ti_id1389_E-7.15.cif,Ti,-7.145,0.0,Metal,I-4m2,119,20
Sc4NO_id4360_E-7.14.cif,Sc4NO,-7.1367,0.0,Metal,I-42d,122,24
BaZnN8_id1059_E-7.12.cif,BaZnN8,-7.1208,3.523,Insulator,I4_1/a,88,40
Sc4S2N3O8_id310_E-7.08.cif,Sc4S2N3O8,-7.0755,3.032,Semiconductor,R3m,160,51
C_id3889_E-7.07.cif,C,-7.0683,0.0,Metal,P6cc,184,48
ScTi_id4432_E-7.07.cif,ScTi,-7.0665,0.0,Metal,P4/mmm,123,16
Ti2ZnO4_id2472_E-7.05.cif,Ti2ZnO4,-7.053,1.424,Semiconductor,Ccce,68,28
Sc2C5_id2729_E-7.05.cif,Sc2C5,-7.0526,0.009,Metal,Cccm,66,28
Ti2B_id146_E-7.05.cif,Ti2B,-7.0504,0.0,Metal,P6_422,181,9
Sc2Al2O5_id1876_E-7.04.cif,Sc2Al2O5,-7.0378,3.441,Semiconductor,Pmmn,59,18
ScTi3_id4349_E-7.02.cif,ScTi3,-7.0155,0.0,Metal,P4/mmm,123,16
Sc3C_id1898_E-7.01.cif,Sc3C,-7.0148,0.0,Metal,Cmcm,63,16
Li(CN7)2_id4296_E-7.01.cif,Li(CN7)2,-7.0079,0.0,Metal,Pmmn,59,34
Sc11O4_id4285_E-6.98.cif,Sc11O4,-6.9778,0.0,Metal,P4_22_12,94,30
ScTi2Si2N_id4939_E-6.97.cif,ScTi2Si2N,-6.97,0.014,Metal,P4_132,213,24
ScC2_id1446_E-6.95.cif,ScC2,-6.9503,0.0,Metal,P4_2/mmc,131,12
Sc7(TeO2)2_id4_E-6.94.cif,Sc7(TeO2)2,-6.9371,0.812,Semiconductor,P2_1/c,14,26
LiSc2O2_id3958_E-6.94.cif,LiSc2O2,-6.9355,0.007,Metal,Pa-3,205,20
Ti4SiP_id810_E-6.92.cif,Ti4SiP,-6.9245,0.0,Metal,I4_1/a,88,24
BCN3_id444_E-6.92.cif,BCN3,-6.9213,0.508,Semiconductor,Pnma,62,20
Sc2P3CN2_id1155_E-6.91.cif,Sc2P3CN2,-6.911,0.0,Metal,I4/m,87,32
ScTi3Sn2O3_id115_E-6.91.cif,ScTi3Sn2O3,-6.9088,0.0,Metal,P6/mmm,191,9
Ti_id511_E-6.89.cif,Ti,-6.8868,0.0,Metal,P2_12_12,18,46
CaSi2CN8_id1884_E-6.89.cif,CaSi2CN8,-6.8858,0.507,Semiconductor,Pban,50,24
Ti6Al_id3039_E-6.86.cif,Ti6Al,-6.8603,0.0,Metal,I-4m2,119,14
CaSc4O3_id1068_E-6.85.cif,CaSc4O3,-6.8477,0.0,Metal,I4_1/a,88,32
Li(BO)6_id4501_E-6.83.cif,Li(BO)6,-6.8315,0.516,Semiconductor,P6_322,182,26
Ca(C3N4)2_id4891_E-6.81.cif,Ca(C3N4)2,-6.8103,1.677,Semiconductor,P2_1,4,30
Sc2Ti3O3_id962_E-6.80.cif,Sc2Ti3O3,-6.7958,0.0,Metal,Pn-3m,224,16
Ti3O2_id2514_E-6.79.cif,Ti3O2,-6.7869,0.0,Metal,I4/mmm,139,20
Ti2B_id3602_E-6.77.cif,Ti2B,-6.7652,0.0,Metal,P6_422,181,18
BaScO4_id1974_E-6.73.cif,BaScO4,-6.7259,0.0,Metal,P4/nbm,125,12
TiAlCdO6_id371_E-6.72.cif,TiAlCdO6,-6.7179,2.41,Semiconductor,P-31c,163,18
ScSe_id3743_E-6.71.cif,ScSe,-6.7115,0.0,Metal,P6_3/mmc,194,4
Ti4NO2_id2332_E-6.70.cif,Ti4NO2,-6.7011,1.305,Semiconductor,P6_122,178,42
BaScO4_id4205_E-6.66.cif,BaScO4,-6.6626,0.0,Metal,P4/nbm,125,12
Ti2As_id2787_E-6.66.cif,Ti2As,-6.6608,0.0,Metal,P3_1,144,9
SrSc3(SbO3)4_id3210_E-6.65.cif,SrSc3(SbO3)4,-6.6464,1.203,Semiconductor,Im-3,204,40
Sc2Be2O3_id2671_E-6.63.cif,Sc2Be2O3,-6.6347,3.34,Semiconductor,P321,150,21
MgTi13AlO4_id3020_E-6.63.cif,MgTi13AlO4,-6.6266,0.0,Metal,P2_12_12,18,38
ScAl2O2_id4626_E-6.62.cif,ScAl2O2,-6.6204,2.816,Semiconductor,P4/mnc,128,20
LiTi4As(SO)3_id3251_E-6.62.cif,LiTi4As(SO)3,-6.6173,0.801,Semiconductor,P-6m2,187,12
BaTiO2_id531_E-6.61.cif,BaTiO2,-6.6107,0.038,Metal,P4/mbm,127,32
Sc2AsSe_id1542_E-6.61.cif,Sc2AsSe,-6.6081,0.0,Metal,P6_3/mmc,194,8
Sc2SbS_id3000_E-6.54.cif,Sc2SbS,-6.5358,0.0,Metal,R-3m,166,12
Ti8BeGa_id374_E-6.48.cif,Ti8BeGa,-6.4767,0.0,Metal,P4/mcc,124,20
Al2Sn4B4N17_id4309_E-6.46.cif,Al2Sn4B4N17,-6.4599,1.484,Semiconductor,I4,79,54
Ba3Sc4N4_id3047_E-6.44.cif,Ba3Sc4N4,-6.4398,0.0,Metal,I-43m,217,22
Ca2N7_id4515_E-6.41.cif,Ca2N7,-6.4128,2.79,Semiconductor,C2/m,12,18
CaTi4O13_id4397_E-6.39.cif,CaTi4O13,-6.3878,1.997,Semiconductor,P1,1,36
Sc2Ti3Al_id824_E-6.38.cif,Sc2Ti3Al,-6.3834,0.0,Metal,P6_3/mmc,194,12
NaSiO2_id3302_E-6.36.cif,NaSiO2,-6.3612,4.099,Insulator,I4_122,98,16
Sc4InP4_id1492_E-6.35.cif,Sc4InP4,-6.3468,0.0,Metal,I4_1/a,88,36
P3C(N3O)3_id4979_E-6.32.cif,P3C(N3O)3,-6.3245,1.528,Semiconductor,P6_3,173,32
Sc9TiO4_id3459_E-6.32.cif,Sc9TiO4,-6.3223,0.0,Metal,Cmmm,65,28
Li2Ti2C3_id2554_E-6.30.cif,Li2Ti2C3,-6.297,0.0,Metal,Pbcn,60,28
C_id3434_E-6.29.cif,C,-6.2932,0.0,Metal,P-43m,215,32
Sc5Ti_id3631_E-6.29.cif,Sc5Ti,-6.2894,0.0,Metal,Cmmm,65,12
Sc4Ti_id2759_E-6.28.cif,Sc4Ti,-6.2762,0.0,Metal,P4_22_12,94,20
Sc_id2252_E-6.27.cif,Sc,-6.2738,0.0,Metal,Fm-3m,225,32
B2P2CN2_id696_E-6.27.cif,B2P2CN2,-6.271,1.079,Semiconductor,Pbcn,60,28
Sc2Ti3_id4342_E-6.26.cif,Sc2Ti3,-6.263,0.0,Metal,Pn-3m,224,10
Sc_id4204_E-6.26.cif,Sc,-6.2608,0.0,Metal,Im-3m,229,16
Sc_id1933_E-6.26.cif,Sc,-6.2581,0.0,Metal,I4/mmm,139,6
MgSiO2_id621_E-6.25.cif,MgSiO2,-6.2536,0.137,Semiconductor,I4_122,98,16
LiZnSiP3C7N8_id1690_E-6.25.cif,LiZnSiP3C7N8,-6.2519,0.0,Metal,P2_1,4,42
Ti2BCN_id1983_E-6.25.cif,Ti2BCN,-6.2457,0.0,Metal,P6_222,180,15
NaLiAl6O12_id124_E-6.24.cif,NaLiAl6O12,-6.2441,3.803,Insulator,R-3,148,60
Sc2TiAl_id2961_E-6.23.cif,Sc2TiAl,-6.2278,0.0,Metal,C2/m,12,8
Mg2Cd(CN)4_id2239_E-6.22.cif,Mg2Cd(CN)4,-6.2222,1.152,Semiconductor,Pban,50,22
Ti4Si3_id3899_E-6.22.cif,Ti4Si3,-6.2209,0.0,Metal,I-43d,220,56
Sr3CaN12_id2867_E-6.22.cif,Sr3CaN12,-6.22,2.512,Semiconductor,P6_3mc,186,32
Sc5Si2N_id638_E-6.22.cif,Sc5Si2N,-6.2193,0.0,Metal,Pn-3m,224,16
N5O3_id2931_E-6.22.cif,N5O3,-6.217,2.884,Semiconductor,C2/c,15,32
NaTi2InO4_id4265_E-6.20.cif,NaTi2InO4,-6.1997,1.117,Semiconductor,I-42d,122,32
N2_id4775_E-6.20.cif,N2,-6.198,4.578,Insulator,Fm-3m,225,32
Sc4Ge3_id1903_E-6.19.cif,Sc4Ge3,-6.1935,0.0,Metal,I-43d,220,28
Sc16Be2O3_id3193_E-6.17.cif,Sc16Be2O3,-6.1661,0.0,Metal,P-31m,162,21
Sc5Se2_id155_E-6.16.cif,Sc5Se2,-6.1601,0.0,Metal,Cmce,64,28
Ti2Al_id1539_E-6.16.cif,Ti2Al,-6.1589,0.0,Metal,P4_2/nmc,137,12
Ca2ScO2_id3270_E-6.16.cif,Ca2ScO2,-6.1589,0.0,Metal,P6/mmm,191,10
SrN4_id1397_E-6.16.cif,SrN4,-6.1581,1.611,Semiconductor,I4_1/a,88,20
Ti3S4(NO2)3_id1192_E-6.15.cif,Ti3S4(NO2)3,-6.1483,1.928,Semiconductor,R-3m,166,48
SrLi2SiO4_id2273_E-6.14.cif,SrLi2SiO4,-6.1429,4.004,Insulator,I222,23,16
CaTi5Ga_id3029_E-6.09.cif,CaTi5Ga,-6.0927,0.0,Metal,I-4m2,119,14
BaCa(SO2)4_id1494_E-6.09.cif,BaCa(SO2)4,-6.0897,3.135,Semiconductor,P4/nbm,125,28
SbO2_id4593_E-6.09.cif,SbO2,-6.0863,1.393,Semiconductor,Pa-3,205,12
AlO3_id3046_E-6.08.cif,AlO3,-6.0828,0.0,Metal,R-3c,167,24
Ti2ZnSiO2_id3035_E-6.08.cif,Ti2ZnSiO2,-6.0799,0.0,Metal,I4_122,98,24
Ti4B_id4874_E-6.07.cif,Ti4B,-6.0682,0.0,Metal,P6_422,181,15
Mg4Sc4O5_id5_E-6.06.cif,Mg4Sc4O5,-6.063,0.004,Metal,P-42_1c,114,26
Ti8As2Se_id3893_E-6.05.cif,Ti8As2Se,-6.0484,0.0,Metal,Pn-3,201,44
LiTi2Si_id2755_E-6.03.cif,LiTi2Si,-6.0331,0.0,Metal,Fm-3m,225,16
Ti5O8_id3201_E-6.03.cif,Ti5O8,-6.0271,1.409,Semiconductor,P4_2/n,86,26
Ti5(Si2O)2_id2684_E-6.02.cif,Ti5(Si2O)2,-6.0248,0.0,Metal,Pm,6,11
SrO_id3549_E-6.02.cif,SrO,-6.0158,0.0,Metal,Pm-3m,221,4
ZnSn(P2O3)2_id794_E-6.01.cif,ZnSn(P2O3)2,-6.0134,0.0,Metal,P4/n,85,24
Sc_id3605_E-6.00.cif,Sc,-6.0006,0.0,Metal,P4_2mc,105,16
ScS_id4647_E-6.00.cif,ScS,-5.9981,0.0,Metal,Aea2,41,16
Sc_id4745_E-5.98.cif,Sc,-5.9794,0.0,Metal,Cmc2_1,36,24
CdSiN2_id1027_E-5.98.cif,CdSiN2,-5.9788,0.652,Semiconductor,I4_122,98,16
Ge3N3O_id711_E-5.97.cif,Ge3N3O,-5.9738,0.0,Metal,R-3c,167,42
ScTi2Ga_id4801_E-5.97.cif,ScTi2Ga,-5.9735,0.0,Metal,P4/mmm,123,16
Be2Al4B2O7_id224_E-5.97.cif,Be2Al4B2O7,-5.9723,3.952,Insulator,Aea2,41,60
Sc_id3993_E-5.96.cif,Sc,-5.9631,0.0,Metal,Ibca,73,24
TiAs_id1754_E-5.96.cif,TiAs,-5.9558,0.0,Metal,P6_222,180,12
Sc2P_id819_E-5.96.cif,Sc2P,-5.9555,0.0,Metal,Pcc2,27,12
Li2PC11N_id3695_E-5.96.cif,Li2PC11N,-5.9554,0.075,Semiconductor,P2/c,13,60
LiSc2PO2_id3860_E-5.94.cif,LiSc2PO2,-5.9439,0.0,Metal,I4_1/amd,141,24
ScSNO3_id992_E-5.94.cif,ScSNO3,-5.9367,2.475,Semiconductor,Pca2_1,29,24
Sc_id3811_E-5.93.cif,Sc,-5.9259,0.0,Metal,P4/mmm,123,16
N3O_id4098_E-5.93.cif,N3O,-5.925,3.212,Semiconductor,R-3c,167,24
Sc7Sn2_id722_E-5.92.cif,Sc7Sn2,-5.9153,0.0,Metal,P-62m,189,9
Ca2Sc9SNO3_id2136_E-5.91.cif,Ca2Sc9SNO3,-5.9076,0.0,Metal,R-3m,166,48
Ti3O16_id2089_E-5.90.cif,Ti3O16,-5.9021,1.215,Semiconductor,P2,3,19
KSr(BO2)6_id2573_E-5.90.cif,KSr(BO2)6,-5.902,2.076,Semiconductor,P-31c,163,40
ScP2_id508_E-5.90.cif,ScP2,-5.9008,0.0,Metal,P4_332,212,12
Ba2NaSn(NO)4_id1374_E-5.90.cif,Ba2NaSn(NO)4,-5.8993,2.432,Semiconductor,I-42d,122,48
PO_id3916_E-5.90.cif,PO,-5.8991,1.862,Semiconductor,Pbca,61,16
TiGe(CN)3_id2405_E-5.89.cif,TiGe(CN)3,-5.8913,0.0,Metal,R-3c,167,48
ScO5_id2227_E-5.89.cif,ScO5,-5.8888,1.501,Semiconductor,C222_1,20,24
Sc3SbC2_id547_E-5.88.cif,Sc3SbC2,-5.885,0.0,Metal,P4/mbm,127,12
CaGaO2_id3326_E-5.88.cif,CaGaO2,-5.8843,2.346,Semiconductor,I4_122,98,16
LiScTiZnBAsPC4N3_id2509_E-5.88.cif,LiScTiZnBAsPC4N3,-5.8828,0.177,Semiconductor,Pca2_1,29,56
Ti4Zn(NO)2_id2662_E-5.88.cif,Ti4Zn(NO)2,-5.8825,1.173,Semiconductor,P4/mnc,128,36
Sc4Te3_id2764_E-5.87.cif,Sc4Te3,-5.8736,0.0,Metal,Im-3m,229,14
Ti_id4587_E-5.87.cif,Ti,-5.8716,0.772,Semiconductor,Im-3m,229,36
Ge2NO_id3687_E-5.87.cif,Ge2NO,-5.868,0.0,Metal,I4_1/amd,141,16
Sc3Al_id3299_E-5.86.cif,Sc3Al,-5.8635,0.0,Metal,Fm-3m,225,16
KTi2O3_id237_E-5.85.cif,KTi2O3,-5.8529,0.0,Metal,I4_122,98,24
Sc6AlGa_id2935_E-5.84.cif,Sc6AlGa,-5.8436,0.0,Metal,Pm-3,200,8
Sc7SbN2_id747_E-5.84.cif,Sc7SbN2,-5.8398,0.0,Metal,R3m,160,30
MgGeO2_id1320_E-5.84.cif,MgGeO2,-5.8373,1.154,Semiconductor,I4_122,98,16
Ti4ZnSb2O7_id971_E-5.83.cif,Ti4ZnSb2O7,-5.8333,0.0,Metal,I4/m,87,28
Ti2SbAs4_id811_E-5.83.cif,Ti2SbAs4,-5.8281,0.0,Metal,I-42m,121,14
Ti2Zn_id2100_E-5.82.cif,Ti2Zn,-5.8241,0.0,Metal,I4/mmm,139,12
LiGeO2_id3869_E-5.82.cif,LiGeO2,-5.8238,0.0,Metal,I4_122,98,16
Sr3O4_id3928_E-5.82.cif,Sr3O4,-5.8186,3.017,Semiconductor,P6_3,173,14
Al2P2NO8_id2282_E-5.81.cif,Al2P2NO8,-5.8133,1.593,Semiconductor,Pcca,54,52
Sr2LiSb(N2O3)2_id2444_E-5.80.cif,Sr2LiSb(N2O3)2,-5.8012,2.135,Semiconductor,I4_1/a,88,56
Sc_id3439_E-5.80.cif,Sc,-5.7974,0.0,Metal,Cmcm,63,16
Sc5N_id3740_E-5.79.cif,Sc5N,-5.7936,0.0,Metal,Pn-3m,224,12
Sc5N_id4663_E-5.79.cif,Sc5N,-5.7936,0.0,Metal,Pn-3m,224,12
Sc_id1217_E-5.79.cif,Sc,-5.7916,0.0,Metal,P4_2/mcm,132,32
TiSi4_id2908_E-5.79.cif,TiSi4,-5.7874,0.273,Semiconductor,Ccce,68,20
SrSn(PO)4_id3096_E-5.78.cif,SrSn(PO)4,-5.784,2.24,Semiconductor,I4_1/a,88,40
Ba(SiO)2_id3734_E-5.78.cif,Ba(SiO)2,-5.7822,0.056,Semiconductor,Pbca,61,20
Sc3P(SN3)3_id1950_E-5.78.cif,Sc3P(SN3)3,-5.7785,1.177,Semiconductor,R-3m,166,48
Sc2Ge_id4567_E-5.77.cif,Sc2Ge,-5.772,0.0,Metal,P4_2/nmc,137,12
CaScAlN_id694_E-5.77.cif,CaScAlN,-5.7672,0.0,Metal,Amm2,38,8
Sc_id1310_E-5.76.cif,Sc,-5.7575,0.0,Metal,Pmna,53,26
CaO2_id4508_E-5.76.cif,CaO2,-5.7568,4.147,Insulator,Pbca,61,12
MgAsO2_id365_E-5.75.cif,MgAsO2,-5.7498,0.007,Metal,I4_122,98,16
ScTe_id1426_E-5.74.cif,ScTe,-5.7446,0.398,Semiconductor,I4/mcm,140,16
Sc_id3576_E-5.74.cif,Sc,-5.7439,0.0,Metal,Pmna,53,30
CaTi4Al_id4124_E-5.74.cif,CaTi4Al,-5.7435,0.0,Metal,I-4m2,119,12
SiO3_id2631_E-5.74.cif,SiO3,-5.7415,0.468,Semiconductor,I-42d,122,32
C13Se2_id2934_E-5.73.cif,C13Se2,-5.7265,1.161,Semiconductor,C2/c,15,60
NaCaTi(NO)2_id498_E-5.73.cif,NaCaTi(NO)2,-5.7263,2.025,Semiconductor,Pca2_1,29,28
ScTiSn_id4898_E-5.72.cif,ScTiSn,-5.7204,0.145,Semiconductor,P4/mmm,123,12
BaSc6O_id4133_E-5.72.cif,BaSc6O,-5.7173,0.0,Metal,P6_322,182,16
ScGa3O7_id707_E-5.72.cif,ScGa3O7,-5.716,1.329,Semiconductor,Pm-3n,223,22
Sc_id4649_E-5.72.cif,Sc,-5.7154,0.0,Metal,I4_1/acd,142,16
As2O3_id4736_E-5.71.cif,As2O3,-5.7127,1.298,Semiconductor,Pccn,56,20
Si2PO2_id2278_E-5.71.cif,Si2PO2,-5.7099,0.445,Semiconductor,Pca2_1,29,20
MgTi6Ga3C_id260_E-5.70.cif,MgTi6Ga3C,-5.7025,0.0,Metal,Pm-3m,221,11
CdSiO2_id3245_E-5.69.cif,CdSiO2,-5.6945,0.014,Metal,I4_122,98,16
LiGeO2_id3753_E-5.69.cif,LiGeO2,-5.6868,2.757,Semiconductor,I4_122,98,16
SnO_id4271_E-5.69.cif,SnO,-5.6851,0.0,Metal,Pbca,61,16
Sc4(BeP)3_id4679_E-5.69.cif,Sc4(BeP)3,-5.6851,0.0,Metal,I-43d,220,40
Ti2CdInO2_id4665_E-5.68.cif,Ti2CdInO2,-5.6787,0.087,Semiconductor,P4_12_12,92,24
Sc2Ga_id4935_E-5.68.cif,Sc2Ga,-5.6779,0.0,Metal,I4/mmm,139,12
NaCaBe2(GaO3)2_id3560_E-5.67.cif,NaCaBe2(GaO3)2,-5.6739,0.0,Metal,C222,21,24
Ti9AlGa_id3639_E-5.67.cif,Ti9AlGa,-5.6685,0.0,Metal,Pm-3,200,11
BaN2O_id2286_E-5.67.cif,BaN2O,-5.667,0.523,Semiconductor,I4_122,98,16
Ti4Zn2B_id583_E-5.67.cif,Ti4Zn2B,-5.6667,0.0,Metal,P6_422,181,21
ScTe_id4481_E-5.66.cif,ScTe,-5.6585,0.0,Metal,P4/mmm,123,8
SrGa2GeO4_id1678_E-5.66.cif,SrGa2GeO4,-5.6556,0.907,Semiconductor,I222,23,16
Sc7Ti_id2437_E-5.65.cif,Sc7Ti,-5.6467,0.0,Metal,P2/m,10,8
Ca2Sc2Cd2SO9_id3630_E-5.64.cif,Ca2Sc2Cd2SO9,-5.6449,1.735,Semiconductor,Pban,50,32
AlGaN2_id1998_E-5.64.cif,AlGaN2,-5.6429,0.115,Semiconductor,Fm-3m,225,16
As2NO_id2676_E-5.63.cif,As2NO,-5.6302,0.788,Semiconductor,Pca2_1,29,16
Sb(NO)3_id4952_E-5.62.cif,Sb(NO)3,-5.6244,0.024,Metal,R-3c,167,42
Sc_id323_E-5.62.cif,Sc,-5.6229,0.0,Metal,Amm2,38,16
BaCaO4_id939_E-5.62.cif,BaCaO4,-5.6228,3.304,Semiconductor,Pban,50,12
KAlSiO2_id2156_E-5.62.cif,KAlSiO2,-5.6227,0.0,Metal,Pca2_1,29,20
ScAl2SO3_id3752_E-5.62.cif,ScAl2SO3,-5.6202,2.359,Semiconductor,P4/nmm,129,14
Sc3GeSe2_id798_E-5.61.cif,Sc3GeSe2,-5.6107,0.304,Semiconductor,P2_1/c,14,24
NaGeO2_id4834_E-5.61.cif,NaGeO2,-5.6059,1.851,Semiconductor,I4_122,98,16
Sc_id1565_E-5.61.cif,Sc,-5.6058,0.0,Metal,P2_12_12_1,19,32
TiGa3N3O4_id834_E-5.60.cif,TiGa3N3O4,-5.6042,0.109,Semiconductor,Pm-3n,223,22
ScAsS2N_id4570_E-5.60.cif,ScAsS2N,-5.6032,1.726,Semiconductor,Pca2_1,29,20
SrCaO4_id1701_E-5.60.cif,SrCaO4,-5.6014,3.444,Semiconductor,P4/nbm,125,12
Sc_id4864_E-5.60.cif,Sc,-5.5987,0.0,Metal,I4/mmm,139,20
BaCaO4_id3765_E-5.60.cif,BaCaO4,-5.5985,0.228,Semiconductor,P4/nbm,125,12
BaO2_id4697_E-5.59.cif,BaO2,-5.5934,3.863,Insulator,Pca2_1,29,12
Sc(Ge2O)2_id2324_E-5.59.cif,Sc(Ge2O)2,-5.5925,0.0,Metal,I4/m,87,14
Mg(SnO2)2_id1968_E-5.59.cif,Mg(SnO2)2,-5.5895,1.389,Semiconductor,P4_2/mcm,132,14
ScSi2_id460_E-5.59.cif,ScSi2,-5.5881,0.0,Metal,Fm-3m,225,12
ScAs2_id3497_E-5.58.cif,ScAs2,-5.584,0.0,Metal,I4_1/amd,141,12
Sc_id3664_E-5.58.cif,Sc,-5.5802,0.0,Metal,Immm,71,14
CdSiO2_id1870_E-5.58.cif,CdSiO2,-5.5785,0.004,Metal,I4_122,98,16
MgGeO2_id3906_E-5.57.cif,MgGeO2,-5.568,0.0,Metal,I4_122,98,16
Sc5B4_id1532_E-5.56.cif,Sc5B4,-5.5644,0.0,Metal,P-31m,162,27
AlGeN2_id4815_E-5.56.cif,AlGeN2,-5.5575,0.304,Semiconductor,I4_122,98,16
LiMg4Ti4(GaO2)2_id3797_E-5.55.cif,LiMg4Ti4(GaO2)2,-5.553,0.0,Metal,I-42m,121,30
CaSc3TiSe2_id3518_E-5.55.cif,CaSc3TiSe2,-5.5521,0.0,Metal,R-3m,166,21
Sc_id3667_E-5.55.cif,Sc,-5.5495,0.0,Metal,Pban,50,14
Ba2Sr2LiP2S2(N2O3)2_id4751_E-5.55.cif,Ba2Sr2LiP2S2(N2O3)2,-5.5457,2.496,Semiconductor,P3_121,152,57
CO_id3442_E-5.54.cif,CO,-5.5392,0.0,Metal,C2/m,12,24
Sc2Sb2C_id279_E-5.54.cif,Sc2Sb2C,-5.5381,0.0,Metal,I4/mmm,139,10
Sn3GeC12_id3737_E-5.53.cif,Sn3GeC12,-5.5339,0.08,Semiconductor,R-3,148,48
Sc_id1673_E-5.53.cif,Sc,-5.5324,0.0,Metal,Pm-3m,221,12
LiSnO2_id1425_E-5.53.cif,LiSnO2,-5.5303,0.009,Metal,Pa-3,205,16
LiTiS2_id4743_E-5.53.cif,LiTiS2,-5.5272,0.69,Semiconductor,I-42d,122,32
SrScO12_id1681_E-5.53.cif,SrScO12,-5.5267,0.059,Semiconductor,P-31c,163,28
Sc_id106_E-5.52.cif,Sc,-5.5238,0.0,Metal,P2/m,10,18
Ba4ScCd3O6_id2415_E-5.52.cif,Ba4ScCd3O6,-5.5237,0.0,Metal,Im-3m,229,28
Sc5Zn_id4835_E-5.52.cif,Sc5Zn,-5.5211,0.0,Metal,P6_3/mmc,194,12
Sc2TiZn_id1373_E-5.52.cif,Sc2TiZn,-5.52,0.0,Metal,Fm-3m,225,16
Cd(GaO2)6_id2165_E-5.52.cif,Cd(GaO2)6,-5.519,1.721,Semiconductor,Im-3,204,38
NaTi6Sn2(SO3)6_id3853_E-5.52.cif,NaTi6Sn2(SO3)6,-5.5188,0.0,Metal,P-3,147,33
K2Na(BO)6_id3717_E-5.51.cif,K2Na(BO)6,-5.5135,1.651,Semiconductor,P6_322,182,30
BeSbN_id4826_E-5.51.cif,BeSbN,-5.5098,1.884,Semiconductor,P6_222,180,9
LiSiO2_id1931_E-5.51.cif,LiSiO2,-5.5058,3.568,Insulator,I4_122,98,16
Ti_id2578_E-5.50.cif,Ti,-5.5024,0.0,Metal,P-4c2,116,16
Sc3Se4_id3733_E-5.50.cif,Sc3Se4,-5.5002,0.0,Metal,Pm-3m,221,14
AsO_id4255_E-5.50.cif,AsO,-5.495,1.04,Semiconductor,Pca2_1,29,8
ScO9_id2932_E-5.49.cif,ScO9,-5.4919,0.0,Metal,Pnma,62,40
P2O9_id350_E-5.49.cif,P2O9,-5.4854,4.536,Insulator,Pba2,32,22
BaSrCaO8_id40_E-5.48.cif,BaSrCaO8,-5.4771,0.285,Semiconductor,P4/nbm,125,22
BaLi3MgTiSi2N6O7_id4537_E-5.47.cif,BaLi3MgTiSi2N6O7,-5.4737,2.113,Semiconductor,Pc,7,42
B3AsPO7_id4789_E-5.47.cif,B3AsPO7,-5.4701,1.11,Semiconductor,P6_322,182,24
Ba4LiO4_id3192_E-5.46.cif,Ba4LiO4,-5.4604,0.0,Metal,I4/m,87,18
Sc(Ti2Sn)2_id396_E-5.45.cif,Sc(Ti2Sn)2,-5.4528,0.0,Metal,P4_322,95,28
BaSnO4_id4754_E-5.45.cif,BaSnO4,-5.4524,0.0,Metal,P4/nbm,125,12
CaSnO4_id2430_E-5.45.cif,CaSnO4,-5.452,0.0,Metal,P4/nbm,125,12
Ca3SnTeO3_id846_E-5.44.cif,Ca3SnTeO3,-5.4435,0.0,Metal,Pm-3m,221,8
Sc4TiBC2_id653_E-5.44.cif,Sc4TiBC2,-5.4409,0.0,Metal,P42_12,90,16
Ti2Si3_id3825_E-5.44.cif,Ti2Si3,-5.4376,0.202,Semiconductor,Pnma,62,20
Sc_id4366_E-5.44.cif,Sc,-5.4367,0.0,Metal,C222_1,20,16
C(NO2)3_id284_E-5.43.cif,C(NO2)3,-5.4316,3.452,Semiconductor,P3_2,145,30
SiGeN2_id4702_E-5.43.cif,SiGeN2,-5.4266,2.748,Semiconductor,I4_122,98,16
MgSc6(SeO)2_id4727_E-5.42.cif,MgSc6(SeO)2,-5.4231,0.0,Metal,R-3m,166,33
NaSrGe2AsO4_id4278_E-5.41.cif,NaSrGe2AsO4,-5.413,1.122,Semiconductor,I222,23,18
Sc2Al_id140_E-5.41.cif,Sc2Al,-5.4105,0.0,Metal,P4_2/nmc,137,12
GaO_id2645_E-5.41.cif,GaO,-5.4088,0.362,Semiconductor,I4_122,98,16
SrBO8_id255_E-5.41.cif,SrBO8,-5.4084,0.0,Metal,P-6c2,188,20
AlGaO2_id25_E-5.41.cif,AlGaO2,-5.4078,2.473,Semiconductor,Pca2_1,29,16
NaSbO2_id2567_E-5.40.cif,NaSbO2,-5.4047,0.0,Metal,I4_122,98,16
GaO_id3166_E-5.40.cif,GaO,-5.404,0.772,Semiconductor,Pbca,61,16
TiGeSbS2O_id4885_E-5.40.cif,TiGeSbS2O,-5.4022,1.01,Semiconductor,P6_522,179,36
Sc6Ti5_id1669_E-5.40.cif,Sc6Ti5,-5.4016,0.0,Metal,P2,3,22
Sc2SiB_id2942_E-5.40.cif,Sc2SiB,-5.4009,0.0,Metal,P6_222,180,12
Sc_id4180_E-5.40.cif,Sc,-5.397,1.079,Semiconductor,P6cc,184,18
Sc4SbAs2_id2669_E-5.40.cif,Sc4SbAs2,-5.3966,0.0,Metal,Pccm,49,14
SrSiN2_id3528_E-5.40.cif,SrSiN2,-5.3958,0.0,Metal,Fm-3m,225,16
KTi3ZnTeO12_id2750_E-5.39.cif,KTi3ZnTeO12,-5.3898,1.193,Semiconductor,P-3,147,36
TiTeSO_id2102_E-5.39.cif,TiTeSO,-5.3877,0.0,Metal,P3_221,154,12
Ti4GaB_id4936_E-5.39.cif,Ti4GaB,-5.3876,0.0,Metal,P6_422,181,18
KNa2Ca2TiO6_id2008_E-5.37.cif,KNa2Ca2TiO6,-5.3737,2.214,Semiconductor,C2/m,12,24
Sc_id4992_E-5.37.cif,Sc,-5.3707,0.0,Metal,Pbam,55,20
Mg4Sc3O8_id1798_E-5.37.cif,Mg4Sc3O8,-5.3678,0.0,Metal,P-43m,215,15
Ca2Ge3O4_id1413_E-5.36.cif,Ca2Ge3O4,-5.365,0.0,Metal,P6/mmm,191,18
NaSc2Ge2O_id4839_E-5.36.cif,NaSc2Ge2O,-5.3644,0.0,Metal,P6_222,180,18
BaN6_id686_E-5.36.cif,BaN6,-5.3582,2.058,Semiconductor,Immm,71,14
CaGa3O7_id4674_E-5.36.cif,CaGa3O7,-5.3577,1.354,Semiconductor,Pm-3n,223,22
Li2Ti3O8_id3815_E-5.35.cif,Li2Ti3O8,-5.3506,0.0,Metal,P-43m,215,13
LiB4PN2_id327_E-5.35.cif,LiB4PN2,-5.3467,0.468,Semiconductor,I4_122,98,32
BaCaGa2N11_id75_E-5.34.cif,BaCaGa2N11,-5.3441,2.156,Semiconductor,P-3m1,164,15
ScTi3Al3GaC_id3337_E-5.33.cif,ScTi3Al3GaC,-5.3329,0.0,Metal,Cmcm,63,36
NaScO6_id2055_E-5.33.cif,NaScO6,-5.33,0.627,Semiconductor,P-31c,163,16
Sc(TiSi4)2_id1159_E-5.32.cif,Sc(TiSi4)2,-5.321,0.0,Metal,I422,97,22
Ti2Al3O_id4376_E-5.32.cif,Ti2Al3O,-5.3174,0.0,Metal,Pn-3m,224,12
Ge(SbN)2_id86_E-5.31.cif,Ge(SbN)2,-5.3132,1.337,Semiconductor,P4_12_12,92,20
Mg3Ga(NO)2_id4087_E-5.31.cif,Mg3Ga(NO)2,-5.3128,1.746,Semiconductor,C2/m,12,16
Ti(GaN)4_id2504_E-5.31.cif,Ti(GaN)4,-5.3096,0.12,Semiconductor,Ccce,68,36
BaS_id3668_E-5.31.cif,BaS,-5.3092,0.252,Semiconductor,Fm-3m,225,8
Sr2N2O_id4096_E-5.30.cif,Sr2N2O,-5.3014,1.542,Semiconductor,Aea2,41,40
Sc4Zn_id2641_E-5.30.cif,Sc4Zn,-5.2984,0.0,Metal,Amm2,38,10
InO2_id664_E-5.30.cif,InO2,-5.2975,1.357,Semiconductor,Pban,50,12
P4CS2N5_id2216_E-5.29.cif,P4CS2N5,-5.295,1.175,Semiconductor,I-42d,122,48
Li(SiS2)2_id2623_E-5.29.cif,Li(SiS2)2,-5.2894,1.387,Semiconductor,P-42m,111,7
TiTe2_id591_E-5.29.cif,TiTe2,-5.2866,0.0,Metal,P6/mcc,192,36
Sr2BSbN_id41_E-5.28.cif,Sr2BSbN,-5.2822,0.0,Metal,P6_222,180,15
TiIn3O3_id3748_E-5.28.cif,TiIn3O3,-5.2801,0.254,Semiconductor,Pm-3n,223,14
Sc_id3009_E-5.28.cif,Sc,-5.276,0.0,Metal,Amm2,38,16
LiSc3AsSe3_id2234_E-5.26.cif,LiSc3AsSe3,-5.2649,0.0,Metal,Pm-3m,221,8
K2Ti2Si2B4N5O_id4060_E-5.26.cif,K2Ti2Si2B4N5O,-5.2628,1.913,Semiconductor,P4_2/m,84,32
AlAsO2_id1712_E-5.26.cif,AlAsO2,-5.2605,1.914,Semiconductor,P1,1,16
BS2_id1789_E-5.26.cif,BS2,-5.2593,1.811,Semiconductor,Pbca,61,24
NaSrInO4_id1932_E-5.26.cif,NaSrInO4,-5.2592,0.0,Metal,P4bm,100,14
K2CaGaO6_id198_E-5.25.cif,K2CaGaO6,-5.2504,3.711,Insulator,Fm-3m,225,40
Ca2N3O_id4083_E-5.25.cif,Ca2N3O,-5.2485,2.734,Semiconductor,P6_222,180,18
SrScO10_id4464_E-5.24.cif,SrScO10,-5.2431,0.0,Metal,P-3,147,12
Sc6Ti3Te4_id2832_E-5.24.cif,Sc6Ti3Te4,-5.2382,0.0,Metal,Im-3m,229,26
Ba2Na7Ge2B2As2(PO12)2_id3478_E-5.24.cif,Ba2Na7Ge2B2As2(PO12)2,-5.2373,0.749,Semiconductor,P-1,2,41
BeGa2SO2_id4867_E-5.23.cif,BeGa2SO2,-5.2331,1.773,Semiconductor,P3_221,154,18
Sn(SbO)2_id955_E-5.23.cif,Sn(SbO)2,-5.2319,0.0,Metal,Cccm,66,20
Ca2Te2As2N7_id2656_E-5.23.cif,Ca2Te2As2N7,-5.2291,0.935,Semiconductor,Ibam,72,52
Ti2GeAs3Se2_id321_E-5.23.cif,Ti2GeAs3Se2,-5.229,0.0,Metal,Pbam,55,16
Sc_id1732_E-5.23.cif,Sc,-5.228,0.0,Metal,P1,1,21
CdN3_id1780_E-5.23.cif,CdN3,-5.2276,0.149,Semiconductor,R-3,148,24
KLiTi6ZnGeB6_id3590_E-5.22.cif,KLiTi6ZnGeB6,-5.2213,0.0,Metal,P312,149,16
ScTi_id2095_E-5.22.cif,ScTi,-5.22,0.0,Metal,P4_2bc,106,16
Ba(SbO2)2_id3423_E-5.22.cif,Ba(SbO2)2,-5.2188,0.122,Semiconductor,Pnnm,58,14
Ga2O3_id2436_E-5.22.cif,Ga2O3,-5.2168,0.007,Metal,Pbcn,60,20
Ba2InO4_id2209_E-5.21.cif,Ba2InO4,-5.2126,0.0,Metal,P4/mmm,123,28
Sc_id4175_E-5.21.cif,Sc,-5.2102,0.0,Metal,I4/mmm,139,24
BaSn3O4_id4814_E-5.21.cif,BaSn3O4,-5.2101,0.0,Metal,P6/mmm,191,8
Sc_id1055_E-5.21.cif,Sc,-5.2095,0.0,Metal,Pban,50,14
Sc4Ga_id416_E-5.21.cif,Sc4Ga,-5.2087,0.0,Metal,Ccce,68,20
Sr3(CO3)2_id4082_E-5.21.cif,Sr3(CO3)2,-5.2059,3.192,Semiconductor,P3c1,158,22
LiCaSb(P2O9)2_id1283_E-5.20.cif,LiCaSb(P2O9)2,-5.205,2.055,Semiconductor,I222,23,50
Be2O5_id2235_E-5.20.cif,Be2O5,-5.2034,0.03,Metal,Pbcn,60,28
Sc_id3155_E-5.20.cif,Sc,-5.2031,0.0,Metal,Pban,50,14
TiZnO3_id4365_E-5.20.cif,TiZnO3,-5.1992,2.341,Semiconductor,Cmc2_1,36,20
Si4O17_id4086_E-5.20.cif,Si4O17,-5.199,0.031,Metal,Pba2,32,42
TiAs_id4232_E-5.20.cif,TiAs,-5.198,0.0,Metal,C222_1,20,16
ScS4_id3820_E-5.19.cif,ScS4,-5.1851,2.259,Semiconductor,Pcca,54,20
Sc2TiZn2O5_id2187_E-5.18.cif,Sc2TiZn2O5,-5.1842,0.06,Semiconductor,P1,1,30
AlSnO_id1395_E-5.18.cif,AlSnO,-5.1838,1.48,Semiconductor,C222_1,20,24
CaPN2_id2050_E-5.18.cif,CaPN2,-5.1794,2.09,Semiconductor,I4_122,98,16
Li(SeN2)2_id4893_E-5.18.cif,Li(SeN2)2,-5.1781,1.468,Semiconductor,Fd-3m,227,56
LiSi(AsO)2_id1580_E-5.18.cif,LiSi(AsO)2,-5.1772,1.897,Semiconductor,I4_122,98,24
NaTiO6_id4392_E-5.17.cif,NaTiO6,-5.1685,0.438,Semiconductor,P-31c,163,16
Ti2Ga3N_id3502_E-5.16.cif,Ti2Ga3N,-5.163,0.0,Metal,Pn-3m,224,12
Ga6C(N2O)3_id1609_E-5.16.cif,Ga6C(N2O)3,-5.1621,1.69,Semiconductor,R-3m,166,48
Li7AlO6_id3276_E-5.16.cif,Li7AlO6,-5.1553,4.56,Insulator,Im-3m,229,28
AlSi3S4_id4990_E-5.15.cif,AlSi3S4,-5.1522,2.254,Semiconductor,I-42m,121,16
Sc2TiCd_id663_E-5.15.cif,Sc2TiCd,-5.1482,0.0,Metal,P4/mmm,123,4
Li5TiB4As4(S2O)2_id1472_E-5.14.cif,Li5TiB4As4(S2O)2,-5.137,1.489,Semiconductor,P4,75,20
Ba2O5_id470_E-5.13.cif,Ba2O5,-5.1331,2.638,Semiconductor,P4_2/mnm,136,14
Li2Si3SnGe2BAsP(SO4)2_id313_E-5.13.cif,Li2Si3SnGe2BAsP(SO4)2,-5.1312,0.0,Metal,P2_1,4,42
SrInO6_id2700_E-5.13.cif,SrInO6,-5.1312,2.25,Semiconductor,P6_322,182,16
LiSiCS3O_id2311_E-5.13.cif,LiSiCS3O,-5.1283,2.331,Semiconductor,P6_4,172,42
Se2O3_id4600_E-5.13.cif,Se2O3,-5.1254,2.181,Semiconductor,Pbcn,60,20
SrZn2O4_id2433_E-5.12.cif,SrZn2O4,-5.1238,2.086,Semiconductor,Fd-3m,227,56
Sn2Se2SO5_id112_E-5.12.cif,Sn2Se2SO5,-5.1224,1.428,Semiconductor,Pccn,56,40
MgSc4_id2160_E-5.12.cif,MgSc4,-5.1172,0.0,Metal,I-4m2,119,20
MgSc3_id2255_E-5.12.cif,MgSc3,-5.1169,0.0,Metal,Fm-3m,225,16
SnP(SN)2_id3563_E-5.10.cif,SnP(SN)2,-5.1043,0.0,Metal,P4/nmm,129,12
NaLiAsN2O5_id1181_E-5.10.cif,NaLiAsN2O5,-5.1041,1.981,Semiconductor,P6_3,173,60
Sc7Se2_id2770_E-5.10.cif,Sc7Se2,-5.104,0.0,Metal,Cmce,64,36
BaLiO4_id456_E-5.10.cif,BaLiO4,-5.1015,3.261,Semiconductor,Pban,50,12
Sc_id4332_E-5.10.cif,Sc,-5.1004,2.069,Semiconductor,P4_2/mbc,135,56
B2O17_id4158_E-5.10.cif,B2O17,-5.0961,0.0,Metal,C2,5,38
Te(NO)3_id1634_E-5.10.cif,Te(NO)3,-5.0951,0.596,Semiconductor,P6_4,172,21
Sc2AlGa_id3826_E-5.09.cif,Sc2AlGa,-5.0935,0.0,Metal,I-42d,122,16
Si_id3879_E-5.09.cif,Si,-5.0862,2.324,Semiconductor,Cmce,64,28
K4GeO4_id4357_E-5.08.cif,K4GeO4,-5.0826,2.667,Semiconductor,P-42_1c,114,18
MgGeO2_id2199_E-5.08.cif,MgGeO2,-5.0812,1.599,Semiconductor,I4_122,98,16
Ba4NaCdO6_id4436_E-5.08.cif,Ba4NaCdO6,-5.0779,0.0,Metal,P-42_1c,114,24
ScSn2_id4336_E-5.08.cif,ScSn2,-5.0772,0.0,Metal,P4/nmm,129,6
Li3(ScSe)4_id1524_E-5.07.cif,Li3(ScSe)4,-5.074,0.0,Metal,Pm-3n,223,22
CdIn2O4_id1571_E-5.07.cif,CdIn2O4,-5.0671,0.439,Semiconductor,Pban,50,14
Ti6Be2C_id3347_E-5.06.cif,Ti6Be2C,-5.0625,0.0,Metal,P3_1,144,27
Li2Ge2O3_id717_E-5.06.cif,Li2Ge2O3,-5.0581,1.238,Semiconductor,Pbcn,60,28
BaSiS2_id3489_E-5.05.cif,BaSiS2,-5.0485,2.064,Semiconductor,I4_1/amd,141,16
BaMgGeO3_id3446_E-5.05.cif,BaMgGeO3,-5.0464,2.015,Semiconductor,Amm2,38,12
Li2TiSi2BO15_id1764_E-5.05.cif,Li2TiSi2BO15,-5.0458,1.091,Semiconductor,Pc,7,42
ScO6_id4241_E-5.04.cif,ScO6,-5.0423,2.563,Semiconductor,P6/mmm,191,21
P_id2096_E-5.04.cif,P,-5.0421,1.508,Semiconductor,P-43n,218,24
Ti2Al2Ga3N_id2711_E-5.04.cif,Ti2Al2Ga3N,-5.0388,0.0,Metal,Pn-3m,224,16
Sc4Ga_id4730_E-5.04.cif,Sc4Ga,-5.0358,0.0,Metal,Pa-3,205,20
Be3BO8_id3475_E-5.04.cif,Be3BO8,-5.0358,1.716,Semiconductor,I-42d,122,48
TiCdSi(PS)2_id2555_E-5.04.cif,TiCdSi(PS)2,-5.0357,0.0,Metal,Pccm,49,14
Ba2CdO4_id1572_E-5.04.cif,Ba2CdO4,-5.0356,0.0,Metal,I4_1/a,88,28
ScGeBSbO10_id4619_E-5.03.cif,ScGeBSbO10,-5.0341,2.532,Semiconductor,P2_1/m,11,28
BaTi4Zn3O3_id4335_E-5.03.cif,BaTi4Zn3O3,-5.0316,0.0,Metal,Pm-3n,223,22
NaSbO2_id4449_E-5.03.cif,NaSbO2,-5.0302,1.711,Semiconductor,I4_122,98,16
LiSiS2_id3483_E-5.03.cif,LiSiS2,-5.029,2.348,Semiconductor,I-42m,121,16
Sc_id4156_E-5.03.cif,Sc,-5.0284,0.0,Metal,Im-3m,229,28
Sc_id3379_E-5.03.cif,Sc,-5.0282,0.0,Metal,Im-3m,229,28
Ti6AlO_id918_E-5.03.cif,Ti6AlO,-5.0263,0.0,Metal,P6_322,182,16
KSrO8_id2022_E-5.02.cif,KSrO8,-5.02,0.921,Semiconductor,P4/nbm,125,20
Sc12AlO_id1119_E-5.02.cif,Sc12AlO,-5.0194,0.0,Metal,P6_322,182,28
Si2B9_id4616_E-5.02.cif,Si2B9,-5.0158,2.3,Semiconductor,P4bm,100,44
LiAsO4_id4673_E-5.01.cif,LiAsO4,-5.0145,2.646,Semiconductor,I4_122,98,24
KB2SeSO_id4407_E-5.01.cif,KB2SeSO,-5.0138,2.69,Semiconductor,Pca2_1,29,24
Ca2O7_id1291_E-5.01.cif,Ca2O7,-5.0118,1.333,Semiconductor,P4_2cm,101,36
TeS2O3_id1782_E-5.01.cif,TeS2O3,-5.0095,2.441,Semiconductor,Aea2,41,24
LiSc7O10_id3876_E-5.01.cif,LiSc7O10,-5.0092,1.437,Semiconductor,P2/c,13,36
SbPSe2S2(NO2)3_id2648_E-5.01.cif,SbPSe2S2(NO2)3,-5.0092,2.12,Semiconductor,P2/c,13,60
BeAl(GaO3)2_id3292_E-5.01.cif,BeAl(GaO3)2,-5.0089,2.502,Semiconductor,P-42c,112,40
B(AsO)12_id4886_E-5.01.cif,B(AsO)12,-5.0086,0.708,Semiconductor,I432,211,50
Sc2ZnSn_id3671_E-5.01.cif,Sc2ZnSn,-5.0081,0.0,Metal,Fm-3m,225,16
InO_id4528_E-5.01.cif,InO,-5.008,0.615,Semiconductor,P4_2/ncm,138,8
ZnSn2BO4_id335_E-5.01.cif,ZnSn2BO4,-5.0064,1.656,Semiconductor,P-42c,112,16
BaTeN3_id2796_E-5.00.cif,BaTeN3,-5.0011,0.436,Semiconductor,R-3,148,30
CaO3_id319_E-5.00.cif,CaO3,-4.9982,4.608,Insulator,R-3c,167,24
Sn2O_id3913_E-5.00.cif,Sn2O,-4.9975,0.546,Semiconductor,Pbcn,60,12
Li3(SbO6)2_id1948_E-4.99.cif,Li3(SbO6)2,-4.9924,1.722,Semiconductor,P6/mcc,192,34
Li2Ga2Si3(SO3)2_id1380_E-4.99.cif,Li2Ga2Si3(SO3)2,-4.9911,1.941,Semiconductor,C2/m,12,30
Ba2GeC2SN3O4_id4838_E-4.99.cif,Ba2GeC2SN3O4,-4.988,1.971,Semiconductor,P2/m,10,13
BaInO6_id2991_E-4.99.cif,BaInO6,-4.9873,2.006,Semiconductor,P6_322,182,16
K2NaIn3O6_id1636_E-4.99.cif,K2NaIn3O6,-4.9863,1.604,Semiconductor,P-3c1,165,24
Sc2In7(SiO)6_id3208_E-4.98.cif,Sc2In7(SiO)6,-4.9784,0.0,Metal,P-3c1,165,42
Si2P2O_id2169_E-4.98.cif,Si2P2O,-4.9784,0.0,Metal,P4_2/nnm,134,40
Sc3(GaC)2_id1115_E-4.98.cif,Sc3(GaC)2,-4.9773,0.0,Metal,P4/nnc,126,56
Ti2GaO_id2076_E-4.97.cif,Ti2GaO,-4.9749,1.509,Semiconductor,Pmmn,59,8
SrSiP4_id16_E-4.97.cif,SrSiP4,-4.9736,1.02,Semiconductor,I4_1/a,88,24
Mg2Be3N2_id4913_E-4.97.cif,Mg2Be3N2,-4.9728,0.073,Semiconductor,R-3m,166,21
Li8Si2S2NO8_id1920_E-4.97.cif,Li8Si2S2NO8,-4.972,0.467,Semiconductor,P2_1/c,14,42
As2O_id859_E-4.96.cif,As2O,-4.9639,0.218,Semiconductor,Pbcn,60,12
K2(SnO2)3_id831_E-4.96.cif,K2(SnO2)3,-4.9636,0.328,Semiconductor,P-31c,163,22
NaSrO12_id4289_E-4.96.cif,NaSrO12,-4.9634,2.559,Semiconductor,P-31c,163,28
In3SbO4_id2594_E-4.96.cif,In3SbO4,-4.9597,0.255,Semiconductor,P4_2/m,84,16
Sr2CSeO2_id3510_E-4.96.cif,Sr2CSeO2,-4.9568,1.801,Semiconductor,C222,21,12
Si2GeAs2(PO)2_id3149_E-4.96.cif,Si2GeAs2(PO)2,-4.9561,0.971,Semiconductor,P4_2mc,105,18
K2Ge3O4_id1412_E-4.95.cif,K2Ge3O4,-4.9528,0.041,Metal,C222,21,18
SrGaSiPN4O13_id802_E-4.95.cif,SrGaSiPN4O13,-4.9526,2.466,Semiconductor,P2_1,4,42
NaBe(GaO2)2_id1378_E-4.95.cif,NaBe(GaO2)2,-4.952,1.681,Semiconductor,P6_422,181,24
Mg(P3O)2_id3865_E-4.95.cif,Mg(P3O)2,-4.95,1.364,Semiconductor,P4_2/mnm,136,18
BaO6_id151_E-4.95.cif,BaO6,-4.9489,0.0,Metal,P4/nbm,125,28
Si_id1820_E-4.95.cif,Si,-4.9479,0.0,Metal,I-43d,220,28
Ca2PO2_id2706_E-4.94.cif,Ca2PO2,-4.9428,0.002,Metal,P4_332,212,20
CaO3_id2614_E-4.94.cif,CaO3,-4.9398,4.47,Insulator,P-31c,163,16
Si_id1497_E-4.94.cif,Si,-4.9387,0.84,Semiconductor,I4_1/a,88,20
GaGeN2_id3537_E-4.94.cif,GaGeN2,-4.9386,0.023,Metal,I4_122,98,16
Si_id2894_E-4.92.cif,Si,-4.9204,0.251,Semiconductor,I-43d,220,28
LiB2P_id4348_E-4.92.cif,LiB2P,-4.9186,1.557,Semiconductor,I4_1/amd,141,16
Ti(BeB)2_id2652_E-4.92.cif,Ti(BeB)2,-4.9164,0.0,Metal,P6_5,170,30
Li2CaPO2_id3414_E-4.91.cif,Li2CaPO2,-4.9076,3.688,Insulator,Cmcm,63,24
Ba2S3_id2773_E-4.90.cif,Ba2S3,-4.9047,2.058,Semiconductor,Pn-3m,224,10
ScTe_id457_E-4.90.cif,ScTe,-4.9047,0.0,Metal,C222_1,20,16
BaSnS2_id225_E-4.90.cif,BaSnS2,-4.9016,0.738,Semiconductor,I4_122,98,16
SrNO_id3365_E-4.90.cif,SrNO,-4.9015,0.0,Metal,Pca2_1,29,12
CaP2_id4381_E-4.90.cif,CaP2,-4.9011,1.42,Semiconductor,P4_332,212,12
MgSi8GeSb(PN)4_id3729_E-4.90.cif,MgSi8GeSb(PN)4,-4.9002,0.0,Metal,I-4,82,38
Ba2GeS3O5_id1301_E-4.90.cif,Ba2GeS3O5,-4.8994,1.215,Semiconductor,P2_1/c,14,44
NaMgTi4_id2880_E-4.90.cif,NaMgTi4,-4.8981,0.0,Metal,I-4m2,119,12
Ti2BeAlGaGeN2_id912_E-4.90.cif,Ti2BeAlGaGeN2,-4.8953,0.007,Metal,P1,1,16
BePSeN_id3152_E-4.89.cif,BePSeN,-4.8863,1.466,Semiconductor,Pca2_1,29,16
KGa2AsO8_id4773_E-4.88.cif,KGa2AsO8,-4.8821,2.434,Semiconductor,I-42m,121,24
NaLi2TiAsO12_id3495_E-4.88.cif,NaLi2TiAsO12,-4.8786,0.0,Metal,I222,23,34
Ti4Be5B_id4873_E-4.88.cif,Ti4Be5B,-4.8782,0.0,Metal,P6_422,181,30
Ti6Al5_id3069_E-4.88.cif,Ti6Al5,-4.878,0.0,Metal,Fmmm,69,44
As2SN3O2_id3448_E-4.88.cif,As2SN3O2,-4.8776,0.65,Semiconductor,P3_121,152,24
LiBeZnO2_id2357_E-4.88.cif,LiBeZnO2,-4.8774,2.966,Semiconductor,Ibam,72,40
LiMg2O6_id4967_E-4.88.cif,LiMg2O6,-4.877,2.143,Semiconductor,P-3c1,165,18
Sr4N3_id4845_E-4.88.cif,Sr4N3,-4.8753,0.0,Metal,I-43d,220,28
NaZn(As3O2)2_id1805_E-4.87.cif,NaZn(As3O2)2,-4.8744,1.191,Semiconductor,I4mm,107,24
In4NO4_id165_E-4.87.cif,In4NO4,-4.8716,0.0,Metal,P-42_1c,114,18
In(TeO2)4_id1744_E-4.87.cif,In(TeO2)4,-4.8707,2.12,Semiconductor,P-42_1c,114,26
Sc_id3016_E-4.87.cif,Sc,-4.8683,0.0,Metal,P4_2mc,105,12
Si2As4P11_id2059_E-4.87.cif,Si2As4P11,-4.8664,1.13,Semiconductor,P2_12_12,18,34
Si4S3_id19_E-4.86.cif,Si4S3,-4.8625,0.0,Metal,I-43d,220,28
O2_id3508_E-4.86.cif,O2,-4.8618,1.114,Semiconductor,Pbca,61,16
KNaCaO6_id3504_E-4.86.cif,KNaCaO6,-4.8592,3.693,Insulator,P-31c,163,18
SiGeP9_id1205_E-4.86.cif,SiGeP9,-4.859,0.555,Semiconductor,C222_1,20,44
Sc_id4162_E-4.86.cif,Sc,-4.8559,0.0,Metal,Pma2,28,48
BaCdO12_id3665_E-4.85.cif,BaCdO12,-4.8502,0.097,Semiconductor,P6_322,182,28
KMg2Be6InGa6(GeO9)2_id799_E-4.84.cif,KMg2Be6InGa6(GeO9)2,-4.8436,2.063,Semiconductor,P321,150,36
ScGa_id634_E-4.84.cif,ScGa,-4.841,0.0,Metal,P6_3/mcm,193,16
Sc_id3471_E-4.84.cif,Sc,-4.8408,0.0,Metal,Pn-3m,224,16
Sc_id251_E-4.84.cif,Sc,-4.8401,0.0,Metal,P-31m,162,15
TiSe3S4_id4541_E-4.84.cif,TiSe3S4,-4.8398,0.566,Semiconductor,I4cm,108,32
LiCaB(NO8)2_id3690_E-4.84.cif,LiCaB(NO8)2,-4.8385,0.512,Semiconductor,P2_1,4,42
KTi2AlAs_id199_E-4.83.cif,KTi2AlAs,-4.8331,0.0,Metal,P4_122,91,20
CaZnO2_id3776_E-4.83.cif,CaZnO2,-4.8284,2.321,Semiconductor,I4_122,98,16
ScTiZn_id580_E-4.82.cif,ScTiZn,-4.8246,0.0,Metal,F-43m,216,12
AsO_id2078_E-4.82.cif,AsO,-4.8242,0.0,Metal,I-42d,122,32
Na2Ca3NO6_id103_E-4.82.cif,Na2Ca3NO6,-4.8221,1.117,Semiconductor,P2,3,12
SiP2_id3936_E-4.82.cif,SiP2,-4.8215,0.906,Semiconductor,P6_522,179,18
Sc9Ge2_id2043_E-4.82.cif,Sc9Ge2,-4.8202,0.0,Metal,Cmce,64,44
KSbO6_id3539_E-4.82.cif,KSbO6,-4.8196,2.608,Semiconductor,P6_322,182,16
Si_id4656_E-4.82.cif,Si,-4.8189,0.0,Metal,P4_132,213,20
LiTi4In_id1428_E-4.82.cif,LiTi4In,-4.8179,0.0,Metal,I4_1/a,88,24
Si5S4_id2788_E-4.82.cif,Si5S4,-4.8172,0.613,Semiconductor,I4_1/a,88,36
GeP_id275_E-4.81.cif,GeP,-4.8095,2.465,Semiconductor,P4_132,213,16
TiSn3_id905_E-4.81.cif,TiSn3,-4.8077,0.0,Metal,Immm,71,8
Ba6AsPN6_id241_E-4.81.cif,Ba6AsPN6,-4.8053,0.0,Metal,R-3,148,42
BaLi2O3_id998_E-4.80.cif,BaLi2O3,-4.8025,0.0,Metal,I4_1/amd,141,24
Li5SnN4_id4174_E-4.80.cif,Li5SnN4,-4.8018,2.359,Semiconductor,Ibam,72,40
BaSrO5_id2054_E-4.80.cif,BaSrO5,-4.7987,0.0,Metal,R-3m,166,42
Mg3Sc8C5_id4479_E-4.80.cif,Mg3Sc8C5,-4.7987,1.635,Semiconductor,P4_2/nnm,134,32
GaBN2_id3536_E-4.80.cif,GaBN2,-4.7961,1.455,Semiconductor,I4_122,98,16
Ca2O5_id3224_E-4.79.cif,Ca2O5,-4.7945,0.241,Semiconductor,Pccn,56,28
SnO2_id3304_E-4.79.cif,SnO2,-4.7927,0.0,Metal,Pban,50,12
LiScS5_id3238_E-4.79.cif,LiScS5,-4.7888,0.017,Metal,Pnma,62,28
K2Ba6InGa6SnGe6B12(SbO10)2_id953_E-4.79.cif,K2Ba6InGa6SnGe6B12(SbO10)2,-4.7879,0.0,Metal,P321,150,56
TiAlGa_id293_E-4.79.cif,TiAlGa,-4.7861,0.0,Metal,F-43m,216,12
Li6Ga6O13_id3125_E-4.78.cif,Li6Ga6O13,-4.7836,0.874,Semiconductor,Pm-3,200,25
BaS2O_id4114_E-4.78.cif,BaS2O,-4.7802,0.0,Metal,P4_32_12,96,16
KO6_id4024_E-4.78.cif,KO6,-4.7802,2.949,Semiconductor,P6_322,182,14
SrCaO6_id815_E-4.78.cif,SrCaO6,-4.7793,2.644,Semiconductor,P4_2/nbc,133,32
KBaO6_id4950_E-4.78.cif,KBaO6,-4.7786,0.757,Semiconductor,P-31c,163,16
MgSc4_id4311_E-4.78.cif,MgSc4,-4.7767,0.0,Metal,P4_12_12,92,40
S2O_id4409_E-4.78.cif,S2O,-4.7758,3.226,Semiconductor,Pba2,32,24
ScSiTeP3S_id210_E-4.77.cif,ScSiTeP3S,-4.7725,2.384,Semiconductor,Pca2_1,29,28
SrCa2O9_id4731_E-4.77.cif,SrCa2O9,-4.7714,0.0,Metal,P6/mmm,191,12
CdGaO2_id4807_E-4.77.cif,CdGaO2,-4.771,0.0,Metal,I4_122,98,16
ScSeS6_id2596_E-4.77.cif,ScSeS6,-4.7694,1.227,Semiconductor,Cmc2_1,36,32
TiAlSi2O17_id1976_E-4.77.cif,TiAlSi2O17,-4.7673,1.156,Semiconductor,P2_1,4,42
Li2Sc2In(TeS)2_id1411_E-4.77.cif,Li2Sc2In(TeS)2,-4.7662,0.0,Metal,Cccm,66,36
SbAsO_id4448_E-4.76.cif,SbAsO,-4.7621,0.0,Metal,P6_522,179,18
CaCdO6_id183_E-4.76.cif,CaCdO6,-4.7619,0.0,Metal,P6_322,182,16
SnAsO_id1114_E-4.76.cif,SnAsO,-4.7617,0.105,Semiconductor,P4_2/ncm,138,12
KSn(SO)4_id3065_E-4.76.cif,KSn(SO)4,-4.7605,1.411,Semiconductor,P4/nbm,125,20
PS2_id3334_E-4.76.cif,PS2,-4.7578,1.844,Semiconductor,Pbca,61,24
Ge2S3_id4543_E-4.75.cif,Ge2S3,-4.749,1.203,Semiconductor,Pccn,56,20
BaNO6_id3855_E-4.74.cif,BaNO6,-4.7441,3.767,Insulator,P6_322,182,16
Sc2GaSb2_id4711_E-4.74.cif,Sc2GaSb2,-4.7441,0.651,Semiconductor,P4/mnc,128,20
SrSc2SeO_id2877_E-4.73.cif,SrSc2SeO,-4.7332,0.0,Metal,P4/mmm,123,10
Zn2Si4N2O_id830_E-4.73.cif,Zn2Si4N2O,-4.7306,0.0,Metal,P4_32_12,96,36
SiGeS4_id4636_E-4.73.cif,SiGeS4,-4.7273,0.0,Metal,P-42_1m,113,12
KSnO6_id4916_E-4.73.cif,KSnO6,-4.7261,3.474,Semiconductor,P-31c,163,16
K4Mg3SbO6_id1849_E-4.72.cif,K4Mg3SbO6,-4.7226,1.521,Semiconductor,Im-3m,229,28
NaLiBeBPO16_id4297_E-4.72.cif,NaLiBeBPO16,-4.7202,2.61,Semiconductor,P1,1,21
KLiN4O15_id528_E-4.72.cif,KLiN4O15,-4.72,0.075,Semiconductor,P2_1,4,42
Si_id3456_E-4.72.cif,Si,-4.7165,0.0,Metal,P4_132,213,20
Ti2ZnSn4O_id922_E-4.72.cif,Ti2ZnSn4O,-4.7159,0.0,Metal,I4/m,87,16
BP12_id2597_E-4.71.cif,BP12,-4.7125,2.993,Semiconductor,I432,211,26
SrInO8_id3994_E-4.71.cif,SrInO8,-4.7073,1.384,Semiconductor,Fm-3m,225,40
SO5_id2280_E-4.71.cif,SO5,-4.706,1.788,Semiconductor,Cmc2_1,36,24
LiInSnO2_id386_E-4.70.cif,LiInSnO2,-4.7047,0.007,Metal,P4/mmm,123,10
BaO6_id2225_E-4.70.cif,BaO6,-4.7026,3.666,Insulator,P6/mmm,191,7
Ba2O3_id1987_E-4.70.cif,Ba2O3,-4.7019,2.667,Semiconductor,P6_522,179,30
KTiAlZnGaSiO15_id1892_E-4.70.cif,KTiAlZnGaSiO15,-4.6976,1.008,Semiconductor,P1,1,42
Li4TeAsO4_id2191_E-4.70.cif,Li4TeAsO4,-4.6952,2.657,Semiconductor,Pnn2,34,20
Ba2O3_id3551_E-4.69.cif,Ba2O3,-4.6894,0.745,Semiconductor,P-1,2,10
BaInS2_id4776_E-4.69.cif,BaInS2,-4.6889,1.744,Semiconductor,R-3m,166,12
CaSc2Sn4O_id2375_E-4.69.cif,CaSc2Sn4O,-4.6865,0.0,Metal,I4/m,87,16
Na2TeO5_id4710_E-4.68.cif,Na2TeO5,-4.6848,2.361,Semiconductor,P31m,157,8
Sc14Al3_id3570_E-4.68.cif,Sc14Al3,-4.6826,0.0,Metal,P6/mcc,192,34
Ca(GeB)4_id1222_E-4.68.cif,Ca(GeB)4,-4.6823,0.0,Metal,P42_12,90,18
KMgGaO12_id1832_E-4.68.cif,KMgGaO12,-4.6783,2.549,Semiconductor,I222,23,30
NaInO8_id4396_E-4.68.cif,NaInO8,-4.6767,0.7,Semiconductor,I-42d,122,40
CaSi4_id909_E-4.68.cif,CaSi4,-4.6767,0.0,Metal,Ccce,68,20
K5(SeO2)4_id108_E-4.67.cif,K5(SeO2)4,-4.6729,0.285,Semiconductor,P4_2/n,86,34
Sc2Al3_id4491_E-4.67.cif,Sc2Al3,-4.6727,0.0,Metal,Cccm,66,20
K2Ba2In3SbP2(SeO3)4_id3150_E-4.67.cif,K2Ba2In3SbP2(SeO3)4,-4.6721,0.383,Semiconductor,P-1,2,26
MgO4_id4860_E-4.67.cif,MgO4,-4.6667,0.0,Metal,I4_122,98,20
TiZn2O8_id4926_E-4.67.cif,TiZn2O8,-4.6664,0.01,Metal,P6/mmm,191,11
K2SiBS8_id2005_E-4.66.cif,K2SiBS8,-4.6634,2.131,Semiconductor,I-42m,121,24
KBa(SeO6)2_id533_E-4.66.cif,KBa(SeO6)2,-4.6628,0.0,Metal,P-3,147,16
AlSi3Se3S_id453_E-4.66.cif,AlSi3Se3S,-4.6614,0.3,Semiconductor,P6_3mc,186,16
Ti4Zn2AsS_id180_E-4.66.cif,Ti4Zn2AsS,-4.6594,0.0,Metal,P4_22_12,94,32
Li2Sb2O7_id1834_E-4.66.cif,Li2Sb2O7,-4.6583,1.923,Semiconductor,Pba2,32,22
Li(SnO2)2_id883_E-4.66.cif,Li(SnO2)2,-4.6577,0.0,Metal,Aea2,41,28
Si4Ge3_id181_E-4.66.cif,Si4Ge3,-4.6571,0.0,Metal,I-43d,220,28
Sc2Ga5N_id307_E-4.65.cif,Sc2Ga5N,-4.6539,0.0,Metal,Pn-3m,224,16
NaLi6MgO12_id1369_E-4.65.cif,NaLi6MgO12,-4.653,3.531,Insulator,R-3,148,60
KSnO6_id240_E-4.65.cif,KSnO6,-4.6496,2.859,Semiconductor,P-31c,163,16
K3Sn3Te4As(SO2)4_id4427_E-4.65.cif,K3Sn3Te4As(SO2)4,-4.6478,0.805,Semiconductor,I222,23,46
MgSc21_id864_E-4.65.cif,MgSc21,-4.6476,0.0,Metal,P6/mmm,191,22
BaS2_id853_E-4.64.cif,BaS2,-4.6435,1.632,Semiconductor,Pbca,61,24
ZnSb4O3_id800_E-4.64.cif,ZnSb4O3,-4.6426,0.0,Metal,I4/m,87,16
PSe_id548_E-4.64.cif,PSe,-4.6416,1.219,Semiconductor,Pbca,61,16
Li4Be3N4_id519_E-4.64.cif,Li4Be3N4,-4.6391,2.199,Semiconductor,I-42d,122,44
SbP2_id723_E-4.64.cif,SbP2,-4.6363,0.0,Metal,P4_32_12,96,12
BeSiSnSN_id812_E-4.64.cif,BeSiSnSN,-4.6353,0.472,Semiconductor,Pnma,62,20
ScTi3Be3Ga3(SbO2)3_id135_E-4.63.cif,ScTi3Be3Ga3(SbO2)3,-4.633,0.0,Metal,P6_3/m,176,38
NaCa3Zn2O6_id602_E-4.63.cif,NaCa3Zn2O6,-4.6308,1.677,Semiconductor,C222,21,24
CdGaO16_id4451_E-4.63.cif,CdGaO16,-4.6298,1.015,Semiconductor,Pban,50,36
Ca3Se4_id2353_E-4.63.cif,Ca3Se4,-4.6298,0.648,Semiconductor,I-43d,220,28
Li2O5_id1622_E-4.63.cif,Li2O5,-4.6291,0.0,Metal,Pbcn,60,28
AlSi4_id4384_E-4.62.cif,AlSi4,-4.6243,0.0,Metal,R-3c,167,30
TiZnGa2(SO)4_id4774_E-4.62.cif,TiZnGa2(SO)4,-4.6225,0.854,Semiconductor,P-42c,112,24
BaMgS2_id4183_E-4.62.cif,BaMgS2,-4.6168,2.167,Semiconductor,R-3m,166,12
TiIn_id1716_E-4.62.cif,TiIn,-4.6164,0.0,Metal,P3_221,154,6
TiAlZnSi_id3390_E-4.62.cif,TiAlZnSi,-4.6161,0.0,Metal,F-43m,216,16
Ba4Cd2InO8_id4602_E-4.62.cif,Ba4Cd2InO8,-4.6161,0.0,Metal,I-42m,121,30
BaO6_id752_E-4.62.cif,BaO6,-4.6157,1.925,Semiconductor,Pban,50,14
ZnGa3Ge2O15_id324_E-4.61.cif,ZnGa3Ge2O15,-4.6134,0.063,Semiconductor,P-31m,162,21
B2O19_id4900_E-4.61.cif,B2O19,-4.6072,0.0,Metal,Pc,7,42
SbO7_id3188_E-4.60.cif,SbO7,-4.6038,0.0,Metal,C222_1,20,32
Sc7Cd_id3391_E-4.60.cif,Sc7Cd,-4.6023,0.0,Metal,P4/mmm,123,8
MgGeAsO_id2352_E-4.60.cif,MgGeAsO,-4.6006,0.454,Semiconductor,Pbca,61,32
SiGe_id4039_E-4.60.cif,SiGe,-4.5998,0.0,Metal,P6_3/mmc,194,8
K(TeO3)2_id1232_E-4.60.cif,K(TeO3)2,-4.5991,3.623,Insulator,P-3,147,9
Li2TiGaP3_id4809_E-4.60.cif,Li2TiGaP3,-4.5987,0.955,Semiconductor,Pccm,49,14
SrBO8_id1245_E-4.60.cif,SrBO8,-4.5959,0.049,Metal,I4_1/a,88,40
BaSrSi3N_id3910_E-4.59.cif,BaSrSi3N,-4.5943,0.0,Metal,Cmc2_1,36,24
Sc2Zn_id3300_E-4.59.cif,Sc2Zn,-4.5937,0.0,Metal,Pa-3,205,12
TiGa2_id3066_E-4.59.cif,TiGa2,-4.5937,0.0,Metal,Pbcn,60,12
K3Ga2SnB2(S2O)4_id4863_E-4.59.cif,K3Ga2SnB2(S2O)4,-4.5931,2.265,Semiconductor,I222,23,40
Ca3Se4_id3730_E-4.59.cif,Ca3Se4,-4.5927,0.951,Semiconductor,I-43d,220,28
K3NO3_id4233_E-4.59.cif,K3NO3,-4.5888,0.106,Semiconductor,P6_3/m,176,14
CdSbO4_id1945_E-4.58.cif,CdSbO4,-4.5823,2.782,Semiconductor,Pban,50,12
As2S_id636_E-4.58.cif,As2S,-4.5791,0.888,Semiconductor,P4_2/nnm,134,24
NaGeO2_id3961_E-4.58.cif,NaGeO2,-4.5756,1.096,Semiconductor,I4_122,98,16
TiGa3_id4226_E-4.58.cif,TiGa3,-4.5756,0.0,Metal,Pm-3m,221,4
GeAsP3_id650_E-4.57.cif,GeAsP3,-4.5732,0.93,Semiconductor,Pca2_1,29,20
KGaSnO6_id3614_E-4.57.cif,KGaSnO6,-4.5731,0.0,Metal,P6_322,182,18
LiO6_id4375_E-4.57.cif,LiO6,-4.5728,0.0,Metal,Pnn2,34,28
Na3Li2ScZn2Si2Sn2(SeO13)2_id1889_E-4.57.cif,Na3Li2ScZn2Si2Sn2(SeO13)2,-4.5725,0.925,Semiconductor,P-1,2,40
ScInSbSe6_id2685_E-4.57.cif,ScInSbSe6,-4.5719,0.017,Metal,P-31c,163,18
K2BeP(SeO)4_id2975_E-4.57.cif,K2BeP(SeO)4,-4.5695,2.475,Semiconductor,I-42m,121,24
K2SrS2(NO2)2_id1394_E-4.57.cif,K2SrS2(NO2)2,-4.5687,0.075,Semiconductor,P-3m1,164,11
AlSiP2S_id685_E-4.57.cif,AlSiP2S,-4.5654,0.127,Semiconductor,P4_32_12,96,40
Li2Ti(Si2O7)2_id93_E-4.56.cif,Li2Ti(Si2O7)2,-4.5646,2.637,Semiconductor,Pc,7,42
Mg3Sc22_id2901_E-4.56.cif,Mg3Sc22,-4.5644,0.0,Metal,P6/mmm,191,25
BeSiGeAsPO16_id629_E-4.56.cif,BeSiGeAsPO16,-4.5641,0.777,Semiconductor,Pc,7,42
Al2Ga2P2O_id2845_E-4.56.cif,Al2Ga2P2O,-4.5614,0.0,Metal,Aea2,41,28
In2Ge2Se(SO3)2_id1518_E-4.56.cif,In2Ge2Se(SO3)2,-4.5611,1.744,Semiconductor,P-1,2,13
BeAl(SiAs)2_id1877_E-4.56.cif,BeAl(SiAs)2,-4.5608,0.71,Semiconductor,P6_222,180,18
CaMgO8_id2309_E-4.56.cif,CaMgO8,-4.56,4.817,Insulator,P4/nbm,125,20
KTiGeSbAsP(SO2)3_id539_E-4.56.cif,KTiGeSbAsP(SO2)3,-4.5559,0.983,Semiconductor,P3_1,144,45
Mg4Sc4N_id1561_E-4.55.cif,Mg4Sc4N,-4.5548,0.0,Metal,P4_2/n,86,18
Sc3(InSe6)2_id3603_E-4.55.cif,Sc3(InSe6)2,-4.5539,0.405,Semiconductor,P-31c,163,34
Si4Ge_id1407_E-4.55.cif,Si4Ge,-4.5539,0.0,Metal,Pnn2,34,20
KLi2BSbTeO15_id4617_E-4.55.cif,KLi2BSbTeO15,-4.5528,0.111,Semiconductor,Pc,7,42
NaGa3Sb4O9_id3532_E-4.55.cif,NaGa3Sb4O9,-4.5526,1.871,Semiconductor,P6_3,173,34
Sc_id1498_E-4.55.cif,Sc,-4.5517,0.0,Metal,P-31m,162,18
Sc4Si2Ge_id952_E-4.55.cif,Sc4Si2Ge,-4.5456,0.0,Metal,Pccm,49,14
KBaAsO4_id13_E-4.54.cif,KBaAsO4,-4.5387,0.755,Semiconductor,P4/nbm,125,14
MgSc19Sn2_id1400_E-4.54.cif,MgSc19Sn2,-4.5373,0.0,Metal,P6/mmm,191,22
Li(Sn2O9)2_id3696_E-4.54.cif,Li(Sn2O9)2,-4.5372,1.746,Semiconductor,P6/mcc,192,46
Li4GaAsNO12_id584_E-4.53.cif,Li4GaAsNO12,-4.5327,1.823,Semiconductor,I4,79,38
Si3Ge2_id3501_E-4.53.cif,Si3Ge2,-4.5297,0.108,Semiconductor,P4_132,213,20
Sc6Cd_id3521_E-4.53.cif,Sc6Cd,-4.5265,0.0,Metal,Pmma,51,14
Li2As3P8_id3012_E-4.53.cif,Li2As3P8,-4.5263,0.896,Semiconductor,Ccc2,37,52
InSnO10_id3778_E-4.52.cif,InSnO10,-4.5249,2.573,Semiconductor,I-42d,122,48
Ti5Al2Zn2Ga3_id729_E-4.52.cif,Ti5Al2Zn2Ga3,-4.5244,0.0,Metal,Pbam,55,24
Ba(SeO)6_id914_E-4.52.cif,Ba(SeO)6,-4.5242,0.934,Semiconductor,P6/mmm,191,13
BO20_id4805_E-4.52.cif,BO20,-4.523,2.059,Semiconductor,Pc,7,42
Al2Ga(GeO)3_id3780_E-4.52.cif,Al2Ga(GeO)3,-4.5216,1.178,Semiconductor,P6mm,183,9
NaO4_id3697_E-4.52.cif,NaO4,-4.5202,0.0,Metal,Pban,50,20
Ca3In(S2O)3_id222_E-4.52.cif,Ca3In(S2O)3,-4.5179,2.23,Semiconductor,P6_3/m,176,26
KS2O5_id4244_E-4.52.cif,KS2O5,-4.5175,0.0,Metal,P422,89,32
Sc3Al4O20_id4035_E-4.51.cif,Sc3Al4O20,-4.5145,2.627,Semiconductor,Pm-3m,221,54
Mg(TeO2)4_id484_E-4.51.cif,Mg(TeO2)4,-4.5124,0.61,Semiconductor,I4_1/a,88,52
LiP7O10_id2079_E-4.51.cif,LiP7O10,-4.5113,0.951,Semiconductor,P1,1,36
LiTiGe(SbAs2)2_id2033_E-4.51.cif,LiTiGe(SbAs2)2,-4.5107,0.0,Metal,Pccm,49,18
O2_id2984_E-4.51.cif,O2,-4.5079,1.078,Semiconductor,Aem2,39,40
TiTe4P4S5_id3966_E-4.50.cif,TiTe4P4S5,-4.5036,1.395,Semiconductor,P4bm,100,28
Ge3SbAsS4_id1591_E-4.50.cif,Ge3SbAsS4,-4.5006,0.0,Metal,P-4n2,118,18
KNaGeSe2(SO)2_id4996_E-4.50.cif,KNaGeSe2(SO)2,-4.5001,1.518,Semiconductor,P3_221,154,27
Ti3Zn4N_id855_E-4.50.cif,Ti3Zn4N,-4.4998,0.0,Metal,Pm-3m,221,8
Ba3O25_id4490_E-4.50.cif,Ba3O25,-4.4988,0.0,Metal,P-31m,162,28
Sc2Ti2Al2Si_id2849_E-4.50.cif,Sc2Ti2Al2Si,-4.4966,0.0,Metal,Amm2,38,14
Sc5Al4_id2121_E-4.50.cif,Sc5Al4,-4.4962,0.0,Metal,P4mm,99,9
Li2PNO14_id3111_E-4.49.cif,Li2PNO14,-4.4948,0.907,Semiconductor,P2,3,36
TiTe3S2_id731_E-4.49.cif,TiTe3S2,-4.4944,0.0,Metal,Pn-3m,224,12
ZnInSi2B2P4O_id2814_E-4.49.cif,ZnInSi2B2P4O,-4.4925,2.011,Semiconductor,P4_32_12,96,44
K2Sr4O19_id2781_E-4.49.cif,K2Sr4O19,-4.4898,0.892,Semiconductor,P2,3,25
TiSbO23_id1546_E-4.49.cif,TiSbO23,-4.487,0.316,Semiconductor,P4/n,85,50
Li2O3_id654_E-4.49.cif,Li2O3,-4.4857,3.722,Insulator,Cmmm,65,20
TiO7_id2386_E-4.48.cif,TiO7,-4.4819,2.403,Semiconductor,P6_322,182,16
In2(CO)3_id3774_E-4.48.cif,In2(CO)3,-4.4815,1.167,Semiconductor,Pn-3m,224,16
NaZnGeSb2Te4(SeO4)4_id1071_E-4.48.cif,NaZnGeSb2Te4(SeO4)4,-4.4778,1.41,Semiconductor,I222,23,58
ScBeB_id4206_E-4.48.cif,ScBeB,-4.4772,0.0,Metal,P6_222,180,18
MgO6_id3588_E-4.48.cif,MgO6,-4.4767,0.114,Semiconductor,I4_1/a,88,28
K2Si2O17_id1566_E-4.47.cif,K2Si2O17,-4.4747,0.894,Semiconductor,P2,3,21
Ca2(AsP)3_id4517_E-4.47.cif,Ca2(AsP)3,-4.4747,1.22,Semiconductor,R-3c,167,48
KSnSb(TeO)4_id3323_E-4.47.cif,KSnSb(TeO)4,-4.4743,0.173,Semiconductor,I222,23,22
CaMg2PO2_id2693_E-4.47.cif,CaMg2PO2,-4.4739,0.709,Semiconductor,P1,1,24
Mg2CdGaO3_id2905_E-4.47.cif,Mg2CdGaO3,-4.4732,0.0,Metal,P-42_1m,113,14
Li7O12_id2112_E-4.47.cif,Li7O12,-4.4678,0.034,Metal,Pban,50,38
K4GaB(P2O3)2_id4434_E-4.47.cif,K4GaB(P2O3)2,-4.4665,3.75,Insulator,P4/n,85,32
ScInTe4_id4956_E-4.47.cif,ScInTe4,-4.4653,0.0,Metal,P4/nbm,125,12
KCaBNO17_id2698_E-4.47.cif,KCaBNO17,-4.4651,0.701,Semiconductor,Pc,7,42
ScTiBe2Zn2B6CO2_id1590_E-4.46.cif,ScTiBe2Zn2B6CO2,-4.4649,2.158,Semiconductor,P4_322,95,60
Sc9(AlZn2)2_id4176_E-4.46.cif,Sc9(AlZn2)2,-4.4642,0.0,Metal,P4_2/nnm,134,30
Li2CdSn(GeS2)4_id726_E-4.46.cif,Li2CdSn(GeS2)4,-4.4618,1.63,Semiconductor,I-42m,121,32
TeAsPO_id4784_E-4.46.cif,TeAsPO,-4.4615,0.009,Metal,C2/m,12,16
Na(TeO2)2_id3073_E-4.46.cif,Na(TeO2)2,-4.4586,2.298,Semiconductor,P6/mmm,191,7
O2_id2362_E-4.45.cif,O2,-4.4547,1.073,Semiconductor,Pccn,56,20
BAs2P5S_id2517_E-4.45.cif,BAs2P5S,-4.4531,1.406,Semiconductor,Pccm,49,18
Al2InSe4_id3792_E-4.45.cif,Al2InSe4,-4.4499,1.737,Semiconductor,P-42m,111,7
NaGaN2_id882_E-4.45.cif,NaGaN2,-4.446,1.971,Semiconductor,I4_122,98,16
In3O2_id434_E-4.44.cif,In3O2,-4.4432,0.0,Metal,C222,21,10
As_id986_E-4.44.cif,As,-4.443,0.0,Metal,I2_12_12_1,24,16
BaN2_id4315_E-4.44.cif,BaN2,-4.4428,1.082,Semiconductor,P6/mmm,191,9
As_id4028_E-4.44.cif,As,-4.441,0.139,Semiconductor,P4/nmm,129,4
Li2Mg2B6P3O2_id4378_E-4.44.cif,Li2Mg2B6P3O2,-4.4399,0.061,Semiconductor,R-3,148,45
KGeO7_id3015_E-4.44.cif,KGeO7,-4.4383,0.353,Semiconductor,P3_2,145,27
BaSnAs4_id2866_E-4.44.cif,BaSnAs4,-4.4374,0.042,Metal,I4_1/a,88,24
SrSi4_id2448_E-4.44.cif,SrSi4,-4.4368,0.0,Metal,Amm2,38,10
BaLi2TiSO7_id4094_E-4.44.cif,BaLi2TiSO7,-4.435,2.89,Semiconductor,P-1,2,24
TiGa3_id4002_E-4.43.cif,TiGa3,-4.432,0.0,Metal,Fm-3m,225,16
O2_id1737_E-4.43.cif,O2,-4.4315,1.516,Semiconductor,Pbcn,60,12
Si_id4573_E-4.43.cif,Si,-4.4305,0.017,Metal,P4_132,213,32
TiC4_id3333_E-4.43.cif,TiC4,-4.4286,0.0,Metal,Cmme,67,40
AsS2_id4756_E-4.43.cif,AsS2,-4.4258,1.767,Semiconductor,Aea2,41,12
Li4InGa3O4_id4550_E-4.42.cif,Li4InGa3O4,-4.4247,0.007,Metal,I4_1/a,88,48
MgSc9_id1453_E-4.42.cif,MgSc9,-4.4233,0.0,Metal,P6/mmm,191,10
As_id2400_E-4.42.cif,As,-4.422,0.169,Semiconductor,P6_522,179,12
Sc2Be6Al6In3N5O6_id2530_E-4.42.cif,Sc2Be6Al6In3N5O6,-4.4204,1.857,Semiconductor,P6,168,28
Sr4CdN4_id2157_E-4.42.cif,Sr4CdN4,-4.4199,2.316,Semiconductor,P4_232,208,54
K7Sc3In(BO)6_id2606_E-4.42.cif,K7Sc3In(BO)6,-4.4181,0.015,Metal,P-31c,163,46
O2_id1393_E-4.42.cif,O2,-4.4173,1.102,Semiconductor,Pbca,61,16
SnAs4_id2334_E-4.42.cif,SnAs4,-4.4168,0.0,Metal,I4_1/a,88,20
O2_id1165_E-4.42.cif,O2,-4.4165,1.534,Semiconductor,P432,207,36
As_id3941_E-4.41.cif,As,-4.4101,0.0,Metal,P2_12_12_1,19,12
LiPO10_id738_E-4.41.cif,LiPO10,-4.4077,1.961,Semiconductor,P3_121,152,36
TiGaSb5_id1515_E-4.41.cif,TiGaSb5,-4.4071,0.003,Metal,P-42m,111,7
KLiAsO8_id4437_E-4.41.cif,KLiAsO8,-4.4065,0.417,Semiconductor,Pc,7,22
Al3Si4_id4371_E-4.41.cif,Al3Si4,-4.4061,0.0,Metal,I-43d,220,28
Li6InGaO12_id2725_E-4.40.cif,Li6InGaO12,-4.4035,2.476,Semiconductor,I-42m,121,40
BaSrO_id1485_E-4.40.cif,BaSrO,-4.4028,0.0,Metal,P4_32_12,96,12
In5(SiO2)2_id3657_E-4.40.cif,In5(SiO2)2,-4.4023,0.0,Metal,P6/mmm,191,11
KLiSe2O11_id4074_E-4.40.cif,KLiSe2O11,-4.4019,2.851,Semiconductor,Aea2,41,60
ZnSi8P17_id2633_E-4.40.cif,ZnSi8P17,-4.4014,0.0,Metal,P4/mcc,124,52
Na2Li2MgSnGeO28_id1612_E-4.40.cif,Na2Li2MgSnGeO28,-4.3999,3.553,Insulator,P-4,81,35
Li6Sc3Zn2O6_id1806_E-4.40.cif,Li6Sc3Zn2O6,-4.3979,2.92,Semiconductor,P6/mmm,191,34
Ti4BeAl8Si_id1994_E-4.40.cif,Ti4BeAl8Si,-4.3961,0.0,Metal,P4/mcc,124,28
MgGa2(SO)4_id1886_E-4.39.cif,MgGa2(SO)4,-4.3929,0.129,Semiconductor,P-42m,111,11
As_id3669_E-4.39.cif,As,-4.3922,0.042,Metal,Pccm,49,14
KSn(AsP)4_id2805_E-4.39.cif,KSn(AsP)4,-4.3913,1.048,Semiconductor,I4_1/a,88,40
LiSbAsSO_id4032_E-4.39.cif,LiSbAsSO,-4.391,1.995,Semiconductor,P4mm,99,10
As_id578_E-4.39.cif,As,-4.3885,0.0,Metal,P-43m,215,12
Mg3Sc3SnO12_id2636_E-4.39.cif,Mg3Sc3SnO12,-4.3875,3.11,Semiconductor,P-43m,215,19
GeSb2TeP5_id3126_E-4.39.cif,GeSb2TeP5,-4.3851,0.024,Metal,P2/m,10,9
Mg(Si3Ge2)2_id4187_E-4.38.cif,Mg(Si3Ge2)2,-4.384,0.0,Metal,Im-3m,229,22
LiGa(SnS2)2_id4817_E-4.38.cif,LiGa(SnS2)2,-4.3805,1.405,Semiconductor,I-42d,122,32
BeIn(GaO)2_id2064_E-4.38.cif,BeIn(GaO)2,-4.3788,2.109,Semiconductor,P4_2/mmc,131,12
KSr3Se4O3_id4218_E-4.38.cif,KSr3Se4O3,-4.3773,2.068,Semiconductor,Pm-3n,223,22
SiO7_id714_E-4.37.cif,SiO7,-4.3706,2.875,Semiconductor,Pban,50,32
AlS_id28_E-4.37.cif,AlS,-4.3662,1.82,Semiconductor,P6_522,179,12
As2S_id2903_E-4.37.cif,As2S,-4.3656,0.095,Semiconductor,Pbcn,60,12
LiGaO3_id734_E-4.36.cif,LiGaO3,-4.3647,0.93,Semiconductor,R32,155,30
KNaTi2Zn2O2_id1828_E-4.36.cif,KNaTi2Zn2O2,-4.3627,0.907,Semiconductor,P-3m1,164,8
LiPN2O17_id2582_E-4.36.cif,LiPN2O17,-4.362,0.0,Metal,P-1,2,42
As5S4_id4266_E-4.36.cif,As5S4,-4.3603,1.52,Semiconductor,I4_1/a,88,36
LiSiC3_id3571_E-4.36.cif,LiSiC3,-4.3601,0.0,Metal,R-3c,167,30
Li3O4_id2536_E-4.36.cif,Li3O4,-4.3599,0.909,Semiconductor,Fm-3m,225,56
Ca2GeS_id4890_E-4.36.cif,Ca2GeS,-4.3588,0.0,Metal,R-3m,166,12
Ge_id4622_E-4.36.cif,Ge,-4.3587,0.0,Metal,I4_1/acd,142,16
Li2As2N_id4973_E-4.36.cif,Li2As2N,-4.3586,0.841,Semiconductor,Pbcn,60,20
Si2SnGe4_id3569_E-4.36.cif,Si2SnGe4,-4.3564,0.0,Metal,I-42d,122,28
Ga2B2O25_id2878_E-4.36.cif,Ga2B2O25,-4.3559,1.035,Semiconductor,P2,3,58
Ca2O15_id1734_E-4.35.cif,Ca2O15,-4.3508,0.18,Semiconductor,P4/n,85,34
NaGa6GeO4_id2534_E-4.35.cif,NaGa6GeO4,-4.3489,0.001,Metal,I222,23,24
AsO4_id1423_E-4.35.cif,AsO4,-4.3473,0.0,Metal,P4_2/ncm,138,20
P2NO16_id915_E-4.35.cif,P2NO16,-4.3467,1.441,Semiconductor,P2/c,13,38
BaSeO19_id2998_E-4.35.cif,BaSeO19,-4.3456,0.081,Semiconductor,P1,1,21
O2_id2541_E-4.34.cif,O2,-4.3447,1.11,Semiconductor,Pba2,32,42
As5P3S5_id96_E-4.34.cif,As5P3S5,-4.343,1.362,Semiconductor,Pnn2,34,26
Sn(As3S2)2_id3042_E-4.34.cif,Sn(As3S2)2,-4.3428,0.002,Metal,Im-3m,229,22
CaS4_id3397_E-4.34.cif,CaS4,-4.3426,0.007,Metal,Cccm,66,20
Li2As2PS2_id904_E-4.34.cif,Li2As2PS2,-4.3405,2.138,Semiconductor,Aea2,41,28
ZnGa2GeO2_id833_E-4.34.cif,ZnGa2GeO2,-4.3369,0.0,Metal,C222_1,20,24
K2CaGaO6_id2427_E-4.34.cif,K2CaGaO6,-4.3355,0.0,Metal,I4_1/a,88,40
Sc3Zn2O_id1300_E-4.33.cif,Sc3Zn2O,-4.3345,0.0,Metal,Pn-3m,224,12
LiO13_id4210_E-4.33.cif,LiO13,-4.3345,0.634,Semiconductor,P4/n,85,28
TiSn4_id3703_E-4.33.cif,TiSn4,-4.3301,0.0,Metal,P4_2/mnm,136,10
MgS_id2791_E-4.33.cif,MgS,-4.3294,2.455,Semiconductor,P6_522,179,12
NaIn(SbO3)2_id2651_E-4.33.cif,NaIn(SbO3)2,-4.3282,2.601,Semiconductor,I4_1/a,88,40
Al2Ga2S2O3_id4983_E-4.33.cif,Al2Ga2S2O3,-4.327,0.0,Metal,Pbcn,60,36
MgTiZn3S4_id92_E-4.33.cif,MgTiZn3S4,-4.3267,0.025,Metal,P-43m,215,9
Li2Be2Zn2O3_id3032_E-4.32.cif,Li2Be2Zn2O3,-4.3244,3.145,Semiconductor,Pccn,56,36
Li4MgZn3Cd4(BO2)4_id3408_E-4.32.cif,Li4MgZn3Cd4(BO2)4,-4.3239,2.187,Semiconductor,C222,21,48
Ge6P7_id4721_E-4.32.cif,Ge6P7,-4.3231,1.765,Semiconductor,P-42m,111,13
As_id2728_E-4.32.cif,As,-4.3189,0.024,Metal,P4_32_12,96,8
As_id2344_E-4.32.cif,As,-4.3179,0.33,Semiconductor,Pma2,28,16
Sc_id3940_E-4.31.cif,Sc,-4.3139,0.0,Metal,P6/mmm,191,8
Si3Ge2_id574_E-4.31.cif,Si3Ge2,-4.3128,0.0,Metal,P4_132,213,20
SO3_id1865_E-4.31.cif,SO3,-4.3114,1.704,Semiconductor,P6_522,179,24
Sc2In3Te(S2O)2_id777_E-4.31.cif,Sc2In3Te(S2O)2,-4.3108,0.0,Metal,Cccm,66,48
MgO6_id832_E-4.31.cif,MgO6,-4.3062,1.512,Semiconductor,Fd-3m,227,56
ScAlTeS2_id3523_E-4.30.cif,ScAlTeS2,-4.3044,0.0,Metal,P3m1,156,5
ZnO_id3306_E-4.30.cif,ZnO,-4.3028,2.651,Semiconductor,P4_2/ncm,138,8
Be2Si4Ge2N_id1537_E-4.30.cif,Be2Si4Ge2N,-4.2997,0.339,Semiconductor,Aea2,41,36
Ge_id4970_E-4.30.cif,Ge,-4.2989,0.0,Metal,I4/mmm,139,8
Ge_id1978_E-4.30.cif,Ge,-4.2987,0.0,Metal,I4/mmm,139,8
KNa4SbO16_id668_E-4.30.cif,KNa4SbO16,-4.2983,0.0,Metal,I222,23,44
Mg(GeSe2)2_id262_E-4.30.cif,Mg(GeSe2)2,-4.2974,0.0,Metal,P-42m,111,7
Zn(GaO2)2_id903_E-4.29.cif,Zn(GaO2)2,-4.2941,1.183,Semiconductor,Pnnn,48,14
CaAs3_id3758_E-4.29.cif,CaAs3,-4.2939,0.0,Metal,I4/mmm,139,8
CaAs2_id1167_E-4.29.cif,CaAs2,-4.2923,0.939,Semiconductor,P4_332,212,12
As_id632_E-4.29.cif,As,-4.291,0.1,Semiconductor,P-4c2,116,20
KGa4(AsO4)3_id3117_E-4.29.cif,KGa4(AsO4)3,-4.2896,2.944,Semiconductor,Im-3m,229,40
ScInSn_id4343_E-4.29.cif,ScInSn,-4.2895,0.0,Metal,P4_2/mmc,131,6
GaS2_id397_E-4.29.cif,GaS2,-4.2889,2.043,Semiconductor,Pccm,49,6
ScTiBe2PCO_id1839_E-4.29.cif,ScTiBe2PCO,-4.2883,2.26,Semiconductor,I4_1md,109,28
Si3Se4_id4181_E-4.29.cif,Si3Se4,-4.2869,0.18,Semiconductor,I-43d,220,28
SbAs_id3991_E-4.29.cif,SbAs,-4.2861,0.0,Metal,Fm-3m,225,8
Sb2O5_id1692_E-4.28.cif,Sb2O5,-4.2844,1.398,Semiconductor,Pba2,32,14
ZnSiPC_id2401_E-4.28.cif,ZnSiPC,-4.2833,1.141,Semiconductor,C222_1,20,32
As2SeS_id3760_E-4.28.cif,As2SeS,-4.2821,0.832,Semiconductor,I4_1/amd,141,16
SbAs6PS5_id2163_E-4.28.cif,SbAs6PS5,-4.2797,0.097,Semiconductor,P2_12_12_1,19,52
Li2O_id951_E-4.28.cif,Li2O,-4.2789,2.63,Semiconductor,C222,21,24
AsP2SO17_id4135_E-4.28.cif,AsP2SO17,-4.2788,1.071,Semiconductor,P1,1,42
ZnGa2SiO2_id3461_E-4.28.cif,ZnGa2SiO2,-4.2785,0.0,Metal,P4_2/mmc,131,12
ZnSbAsS2O_id4957_E-4.28.cif,ZnSbAsS2O,-4.2775,1.329,Semiconductor,Pca2_1,29,24
NaLi3In3Ge3PO15_id524_E-4.27.cif,NaLi3In3Ge3PO15,-4.2743,1.921,Semiconductor,P-6,174,26
Si3Sb3TeP_id3422_E-4.27.cif,Si3Sb3TeP,-4.2738,1.009,Semiconductor,R-3c,167,48
Li2CdO4_id1616_E-4.27.cif,Li2CdO4,-4.2677,1.498,Semiconductor,Pban,50,14
BaMgCdIn2GaBPCNO8_id3715_E-4.27.cif,BaMgCdIn2GaBPCNO8,-4.2671,0.0,Metal,P3_2,145,54
NaLi2GaO4_id3701_E-4.27.cif,NaLi2GaO4,-4.2662,2.538,Semiconductor,I-42d,122,32
NaAl(SO2)2_id2010_E-4.27.cif,NaAl(SO2)2,-4.2653,2.923,Semiconductor,I-42m,121,32
Li11O16_id2982_E-4.26.cif,Li11O16,-4.2615,0.316,Semiconductor,Pnn2,34,54
Zn3O4_id4005_E-4.26.cif,Zn3O4,-4.2611,1.258,Semiconductor,C222,21,14
ZnGa3Te2O3_id4609_E-4.26.cif,ZnGa3Te2O3,-4.2611,0.461,Semiconductor,P-62m,189,9
GeAs_id270_E-4.26.cif,GeAs,-4.2601,0.0,Metal,P-1,2,12
O2_id493_E-4.26.cif,O2,-4.259,1.082,Semiconductor,Pba2,32,30
Si2GeAsP2CSeS5_id2950_E-4.26.cif,Si2GeAsP2CSeS5,-4.2582,0.156,Semiconductor,P2_1,4,26
Na3Li2In8Sn3Se2(S2O9)2_id3431_E-4.26.cif,Na3Li2In8Sn3Se2(S2O9)2,-4.2568,1.381,Semiconductor,P-1,2,40
Sr2N_id4416_E-4.25.cif,Sr2N,-4.2532,0.0,Metal,Pn-3m,224,6
TeAsO_id4822_E-4.25.cif,TeAsO,-4.2521,0.283,Semiconductor,P3_221,154,9
Ti3InGa3_id3781_E-4.25.cif,Ti3InGa3,-4.2513,0.0,Metal,Pm-3n,223,14
InO25_id1355_E-4.25.cif,InO25,-4.2512,0.873,Semiconductor,Pma2,28,52
GeSe_id3868_E-4.25.cif,GeSe,-4.2496,0.0,Metal,P6_522,179,12
LiScGaSi2_id2801_E-4.25.cif,LiScGaSi2,-4.2487,0.0,Metal,P6_1,169,30
Na(SiSe2)2_id4320_E-4.25.cif,Na(SiSe2)2,-4.2485,2.513,Semiconductor,P-42m,111,7
GaSiGeP_id3613_E-4.24.cif,GaSiGeP,-4.2444,0.0,Metal,I-4m2,119,8
Ge_id741_E-4.24.cif,Ge,-4.2444,0.0,Metal,Cmme,67,20
Sb2TeAs8_id286_E-4.24.cif,Sb2TeAs8,-4.2437,0.0,Metal,C2/c,15,44
GeO8_id311_E-4.24.cif,GeO8,-4.2436,3.047,Semiconductor,Fm-3m,225,36
ZnGa2SO13_id3925_E-4.24.cif,ZnGa2SO13,-4.2434,0.752,Semiconductor,P6_322,182,34
SrGeTe2S_id898_E-4.24.cif,SrGeTe2S,-4.2429,1.28,Semiconductor,Ibca,73,40
K2ScSn3(TeN)4_id1620_E-4.24.cif,K2ScSn3(TeN)4,-4.2429,1.558,Semiconductor,P6_3/mcm,193,28
Li2Si(AsP)2_id2828_E-4.24.cif,Li2Si(AsP)2,-4.2424,0.0,Metal,Pccm,49,14
Li2Sc13Zn_id1576_E-4.24.cif,Li2Sc13Zn,-4.2422,0.0,Metal,P6/mmm,191,16
SiGe_id4781_E-4.24.cif,SiGe,-4.2402,0.0,Metal,P4_222,93,16
Mg4O5_id2589_E-4.24.cif,Mg4O5,-4.238,3.96,Insulator,P-4c2,116,18
LiIn(SeO2)2_id4675_E-4.24.cif,LiIn(SeO2)2,-4.238,1.055,Semiconductor,Pban,50,16
As_id3744_E-4.24.cif,As,-4.2369,0.477,Semiconductor,P2_12_12_1,19,24
LiSc2Ti2Be3Ga4GeCNO2_id3127_E-4.24.cif,LiSc2Ti2Be3Ga4GeCNO2,-4.2351,0.003,Metal,P1,1,51
Ga(SiB2)2_id2256_E-4.23.cif,Ga(SiB2)2,-4.2343,0.0,Metal,I4_1/a,88,28
BaSiSn(SeS2)2_id1869_E-4.23.cif,BaSiSn(SeS2)2,-4.2334,1.866,Semiconductor,P-42_1m,113,18
SrGa6(B2N)3_id1467_E-4.23.cif,SrGa6(B2N)3,-4.2288,3.022,Semiconductor,Im-3,204,32
MgSc16_id43_E-4.23.cif,MgSc16,-4.2282,0.0,Metal,P6/mmm,191,17
SnSbAs2_id4111_E-4.23.cif,SnSbAs2,-4.2273,0.0,Metal,P3_221,154,12
KGaAsSO_id2983_E-4.23.cif,KGaAsSO,-4.2267,1.087,Semiconductor,Pcc2,27,20
Ge4As3_id6_E-4.23.cif,Ge4As3,-4.2266,0.52,Semiconductor,I-42d,122,28
SrCa3Ge3As4_id667_E-4.23.cif,SrCa3Ge3As4,-4.2256,0.0,Metal,Pm-3n,223,22
KBaIn4SbO4_id1257_E-4.23.cif,KBaIn4SbO4,-4.2256,0.0,Metal,I222,23,22
Ga(GeSe2)2_id2003_E-4.23.cif,Ga(GeSe2)2,-4.2253,0.675,Semiconductor,P-4n2,118,14
SrInSe2_id4200_E-4.22.cif,SrInSe2,-4.2249,0.0,Metal,R-3m,166,12
LiAl3Se4_id4975_E-4.22.cif,LiAl3Se4,-4.2241,0.937,Semiconductor,I-42d,122,32
Li4SnGeAsO4_id1952_E-4.22.cif,Li4SnGeAsO4,-4.2231,1.943,Semiconductor,Fmm2,42,44
Na2As(PO2)2_id3112_E-4.22.cif,Na2As(PO2)2,-4.2226,1.613,Semiconductor,Pban,50,18
AlInSiGe2AsSe2S13_id486_E-4.22.cif,AlInSiGe2AsSe2S13,-4.2212,1.951,Semiconductor,P2_1,4,42
Li2Ti2SiO21_id2058_E-4.22.cif,Li2Ti2SiO21,-4.2204,1.371,Semiconductor,C2,5,52
KScTiSn2SN_id4152_E-4.22.cif,KScTiSn2SN,-4.2194,0.0,Metal,P4/nmm,129,14
Li2ScTe3N_id130_E-4.22.cif,Li2ScTe3N,-4.2174,1.396,Semiconductor,P2_1/m,11,14
K3Li2CaCd2In2B2P4(SeO11)2_id4780_E-4.21.cif,K3Li2CaCd2In2B2P4(SeO11)2,-4.2148,1.211,Semiconductor,P1,1,40
LiGe(AsP)2_id4534_E-4.21.cif,LiGe(AsP)2,-4.2139,1.082,Semiconductor,I4_122,98,24
PSeS6_id863_E-4.21.cif,PSeS6,-4.2136,1.803,Semiconductor,Pba2,32,16
LiAsO2_id4455_E-4.21.cif,LiAsO2,-4.2131,1.538,Semiconductor,I4_122,98,16
BaZn4SbO4_id1448_E-4.21.cif,BaZn4SbO4,-4.2118,1.008,Semiconductor,I4_1/a,88,40
Se(SO)2_id169_E-4.21.cif,Se(SO)2,-4.2102,2.647,Semiconductor,P3_221,154,15
Be2GeAs3_id854_E-4.21.cif,Be2GeAs3,-4.21,0.0,Metal,Pn-3m,224,12
SnS_id3260_E-4.21.cif,SnS,-4.2096,0.0,Metal,P4/mmm,123,8
K4BaO18_id520_E-4.21.cif,K4BaO18,-4.2083,3.522,Insulator,P6/mmm,191,23
BaNaCaO9_id3836_E-4.21.cif,BaNaCaO9,-4.2082,1.659,Semiconductor,P2_1/m,11,24
Ti4Cd(GaSn)2_id614_E-4.21.cif,Ti4Cd(GaSn)2,-4.208,0.0,Metal,I222,23,18
BaScSi_id4771_E-4.21.cif,BaScSi,-4.2079,0.0,Metal,Cmcm,63,24
BaPO8_id170_E-4.21.cif,BaPO8,-4.2063,1.347,Semiconductor,P2,3,20
NaSbS2_id4904_E-4.21.cif,NaSbS2,-4.2062,0.083,Semiconductor,I4_122,98,16
AsSeS_id4750_E-4.20.cif,AsSeS,-4.2049,1.429,Semiconductor,Pcc2,27,12
MgZn2O8_id1460_E-4.20.cif,MgZn2O8,-4.2046,1.596,Semiconductor,I422,97,22
Ca3O8_id981_E-4.20.cif,Ca3O8,-4.2001,1.836,Semiconductor,Pm-3m,221,44
SiGe(TeSe)2_id3967_E-4.20.cif,SiGe(TeSe)2,-4.1973,1.129,Semiconductor,P-42_1m,113,12
SiAs5P3Se_id488_E-4.19.cif,SiAs5P3Se,-4.194,0.263,Semiconductor,Pca2_1,29,40
SbAs2_id3097_E-4.19.cif,SbAs2,-4.1936,0.0,Metal,Amm2,38,12
Si3Sn4_id38_E-4.19.cif,Si3Sn4,-4.1927,0.0,Metal,I-43d,220,28
PO_id3068_E-4.19.cif,PO,-4.1924,0.908,Semiconductor,P4_3,78,16
ZnGeAsPO_id2138_E-4.19.cif,ZnGeAsPO,-4.1918,0.0,Metal,Pca2_1,29,20
CaSb3P_id748_E-4.19.cif,CaSb3P,-4.1917,0.0,Metal,Pm-3m,221,5
KSr6(SeO2)3_id1293_E-4.19.cif,KSr6(SeO2)3,-4.1909,0.0,Metal,P31m,157,16
LiS4_id3898_E-4.19.cif,LiS4,-4.19,2.184,Semiconductor,P-1,2,10
ScTi2BeGa6_id805_E-4.19.cif,ScTi2BeGa6,-4.1896,0.0,Metal,P4/mmm,123,10
BaLiGaSi6Ge_id1905_E-4.19.cif,BaLiGaSi6Ge,-4.189,0.0,Metal,P312,149,10
BaGe2Sb_id4171_E-4.19.cif,BaGe2Sb,-4.188,0.0,Metal,Immm,71,8
SrLi(AsO4)2_id1625_E-4.19.cif,SrLi(AsO4)2,-4.1876,3.707,Insulator,P-3m1,164,12
CaBe4(GeO)3_id4820_E-4.19.cif,CaBe4(GeO)3,-4.1862,0.0,Metal,Pm-3n,223,22
O2_id2385_E-4.19.cif,O2,-4.1859,3.338,Semiconductor,C222_1,20,24
InO6_id4757_E-4.19.cif,InO6,-4.1856,0.63,Semiconductor,P6/mmm,191,7
BaSi3GeAs_id4503_E-4.18.cif,BaSi3GeAs,-4.182,0.0,Metal,P-4n2,118,12
Li4O3_id3746_E-4.18.cif,Li4O3,-4.1797,3.226,Semiconductor,Fm-3m,225,56
Li11(NO2)4_id2821_E-4.18.cif,Li11(NO2)4,-4.1786,3.186,Semiconductor,C222,21,46
K5In3(Se2O7)2_id895_E-4.18.cif,K5In3(Se2O7)2,-4.1775,0.919,Semiconductor,P-1,2,26
LiSiAs3PO_id564_E-4.18.cif,LiSiAs3PO,-4.1751,0.806,Semiconductor,P6_522,179,42
SiSn2TeAs2_id300_E-4.17.cif,SiSn2TeAs2,-4.1734,0.0,Metal,C2/m,12,12
Al2Zn2GeS4_id2266_E-4.17.cif,Al2Zn2GeS4,-4.173,1.51,Semiconductor,P-42m,111,9
ScTeSe2_id3982_E-4.17.cif,ScTeSe2,-4.1729,1.518,Semiconductor,Pca2_1,29,16
GaP2_id3094_E-4.17.cif,GaP2,-4.1723,1.465,Semiconductor,P4_122,91,12
GaS_id1511_E-4.17.cif,GaS,-4.169,0.0,Metal,P6_522,179,12
NaLi4Ca2(PO8)2_id3215_E-4.17.cif,NaLi4Ca2(PO8)2,-4.1676,2.309,Semiconductor,Pnn2,34,50
LiAs3(SeS)3_id2957_E-4.17.cif,LiAs3(SeS)3,-4.1676,1.237,Semiconductor,P31c,159,20
CaGe4As_id691_E-4.17.cif,CaGe4As,-4.165,0.0,Metal,P-4n2,118,12
Sn2AsSe2_id1988_E-4.16.cif,Sn2AsSe2,-4.1644,0.0,Metal,Pnnn,48,20
Be(AlS)2_id3976_E-4.16.cif,Be(AlS)2,-4.1641,0.0,Metal,P4_12_12,92,20
BaSnO20_id3118_E-4.16.cif,BaSnO20,-4.1623,0.876,Semiconductor,P-3,147,22
Ti2BeC_id2542_E-4.16.cif,Ti2BeC,-4.162,1.747,Semiconductor,P4_2bc,106,32
Sr2SbS2_id617_E-4.16.cif,Sr2SbS2,-4.1619,1.237,Semiconductor,R-3m,166,15
Ba2O13_id74_E-4.16.cif,Ba2O13,-4.1617,0.525,Semiconductor,Pn-3,201,30
Sb2As_id4726_E-4.16.cif,Sb2As,-4.1591,0.0,Metal,I4_1/a,88,24
SiSb_id2244_E-4.16.cif,SiSb,-4.1573,0.604,Semiconductor,P4_132,213,16
CaGe2_id4439_E-4.16.cif,CaGe2,-4.1563,0.0,Metal,P6/mmm,191,6
LiTiO8_id4307_E-4.15.cif,LiTiO8,-4.155,1.736,Semiconductor,Pnma,62,40
B(TeO3)2_id2838_E-4.15.cif,B(TeO3)2,-4.1539,0.196,Semiconductor,Aea2,41,36
CaGaSi3_id58_E-4.15.cif,CaGaSi3,-4.1515,0.0,Metal,P6_3/mmc,194,10
Si_id3579_E-4.15.cif,Si,-4.151,0.464,Semiconductor,Cmce,64,36
AlSiGe3Sb_id20_E-4.15.cif,AlSiGe3Sb,-4.1508,0.0,Metal,P-4n2,118,12
Ge2TeAs_id2298_E-4.15.cif,Ge2TeAs,-4.1503,0.0,Metal,P4/mmm,123,4
GeSbTe2AsO4_id3962_E-4.15.cif,GeSbTe2AsO4,-4.1484,0.0,Metal,P2/m,10,9
NaLi4GaAsO2_id1697_E-4.15.cif,NaLi4GaAsO2,-4.1483,1.909,Semiconductor,I222,23,18
Ba2SbTe_id3540_E-4.15.cif,Ba2SbTe,-4.148,0.0,Metal,P6_3/mmc,194,8
Ca5As9P4_id4533_E-4.15.cif,Ca5As9P4,-4.1462,0.0,Metal,I4,79,36
BaSbAs2P_id83_E-4.15.cif,BaSbAs2P,-4.1452,1.052,Semiconductor,P4_322,95,20
BaNa(AsO4)2_id3204_E-4.14.cif,BaNa(AsO4)2,-4.1439,3.009,Semiconductor,P-3m1,164,12
Sc_id1363_E-4.14.cif,Sc,-4.1438,0.0,Metal,Ia-3,206,48
Ba(SiGe)2_id4847_E-4.14.cif,Ba(SiGe)2,-4.1409,0.0,Metal,P-4n2,118,10
O2_id3311_E-4.14.cif,O2,-4.1405,0.169,Semiconductor,Pba2,32,36
BeGeAsP4_id1939_E-4.14.cif,BeGeAsP4,-4.1404,0.34,Semiconductor,Pca2_1,29,28
Zn(SiO9)2_id2869_E-4.14.cif,Zn(SiO9)2,-4.1396,1.456,Semiconductor,P2_1,4,42
CdO5_id1821_E-4.14.cif,CdO5,-4.1384,0.021,Metal,P4/nbm,125,12
SnSe2_id2248_E-4.14.cif,SnSe2,-4.1378,0.02,Metal,I4_1/amd,141,12
AlInSi8_id1733_E-4.14.cif,AlInSi8,-4.1371,0.565,Semiconductor,I422,97,20
NaGaO_id1011_E-4.14.cif,NaGaO,-4.1353,0.463,Semiconductor,Pca2_1,29,12
Al(GaSi2)2_id491_E-4.13.cif,Al(GaSi2)2,-4.1346,0.934,Semiconductor,I4/mmm,139,14
ScGa3_id1215_E-4.13.cif,ScGa3,-4.1331,0.0,Metal,P4/mmm,123,8
As3P_id1408_E-4.13.cif,As3P,-4.1275,0.0,Metal,Imma,74,16
Ge_id890_E-4.12.cif,Ge,-4.1234,0.0,Metal,P2_12_12,18,14
Si4BSe12_id1391_E-4.12.cif,Si4BSe12,-4.1217,0.178,Semiconductor,I432,211,34
LiAs3P_id4889_E-4.12.cif,LiAs3P,-4.1213,1.028,Semiconductor,Aea2,41,40
Mg8Ga4N9_id2302_E-4.12.cif,Mg8Ga4N9,-4.1213,1.851,Semiconductor,P-42_1c,114,42
GeTe3AsS8_id117_E-4.12.cif,GeTe3AsS8,-4.1212,0.278,Semiconductor,P-3m1,164,13
BaGe2As5_id2203_E-4.12.cif,BaGe2As5,-4.1211,0.794,Semiconductor,I-42d,122,32
NaO13_id4859_E-4.12.cif,NaO13,-4.1184,1.059,Semiconductor,Pm,6,28
ScInGaSnTe_id1949_E-4.12.cif,ScInGaSnTe,-4.1181,0.0,Metal,P4/nmm,129,10
Ba2P2Se_id1026_E-4.11.cif,Ba2P2Se,-4.1134,0.416,Semiconductor,P2/m,10,5
Sc7N_id4013_E-4.11.cif,Sc7N,-4.1119,0.0,Metal,I4/mmm,139,16
Sc4Al14Ga_id3312_E-4.11.cif,Sc4Al14Ga,-4.1118,0.0,Metal,Pm-3,200,19
K4Ti(SeO)2_id4403_E-4.11.cif,K4Ti(SeO)2,-4.1112,1.873,Semiconductor,R32,155,27
NaBP4_id4370_E-4.11.cif,NaBP4,-4.1101,0.0,Metal,P4/n,85,12
GaSiGe5_id2987_E-4.11.cif,GaSiGe5,-4.1094,0.0,Metal,P-42m,111,7
Li3Zn2O4_id401_E-4.11.cif,Li3Zn2O4,-4.1091,1.658,Semiconductor,P-42_1m,113,18
AlPS_id3689_E-4.11.cif,AlPS,-4.1081,0.229,Semiconductor,Pca2_1,29,12
LiS4_id2176_E-4.11.cif,LiS4,-4.108,2.543,Semiconductor,P4_22_12,94,20
Ge4Sb_id4401_E-4.11.cif,Ge4Sb,-4.1069,0.0,Metal,I4_1/a,88,20
As_id1194_E-4.11.cif,As,-4.1066,0.0,Metal,P4_2/mnm,136,10
KLiO19_id3814_E-4.10.cif,KLiO19,-4.1049,1.254,Semiconductor,Pc,7,42
Ba3Li2(SeS)2_id987_E-4.10.cif,Ba3Li2(SeS)2,-4.1004,1.809,Semiconductor,Cmc2_1,36,36
InSeO2_id1558_E-4.10.cif,InSeO2,-4.0983,2.054,Semiconductor,P4_2/ncm,138,16
ZnO_id370_E-4.10.cif,ZnO,-4.0982,1.262,Semiconductor,P6_522,179,12
In(GaSe2)2_id1261_E-4.10.cif,In(GaSe2)2,-4.0973,0.761,Semiconductor,P-42m,111,7
SnGe_id3681_E-4.10.cif,SnGe,-4.0973,0.0,Metal,P6_3/mmc,194,4
Sc4CdIn2_id2722_E-4.10.cif,Sc4CdIn2,-4.0964,0.0,Metal,Fd-3m,227,56
Li4MgZn6(SiO4)3_id2313_E-4.10.cif,Li4MgZn6(SiO4)3,-4.0961,2.916,Semiconductor,I432,211,52
BaMgO_id4127_E-4.09.cif,BaMgO,-4.0949,0.0,Metal,P4/nmm,129,6
Sn2Se9S15O4_id1106_E-4.09.cif,Sn2Se9S15O4,-4.0938,1.205,Semiconductor,C2,5,60
CaZn(P3O)2_id2792_E-4.09.cif,CaZn(P3O)2,-4.0929,0.838,Semiconductor,R-3,148,30
SbNO19_id4569_E-4.09.cif,SbNO19,-4.0928,0.123,Semiconductor,P2_1,4,42
K4O17_id1166_E-4.09.cif,K4O17,-4.0923,1.042,Semiconductor,Pc,7,42
TeS3O_id2382_E-4.09.cif,TeS3O,-4.0908,0.85,Semiconductor,P3_221,154,15
KZn3GeC6N3O14_id3219_E-4.09.cif,KZn3GeC6N3O14,-4.089,0.004,Metal,P321,150,28
LiSb(AsS2)2_id3136_E-4.09.cif,LiSb(AsS2)2,-4.0887,0.0,Metal,Pban,50,16
As2Se_id1274_E-4.09.cif,As2Se,-4.0882,0.0,Metal,I4/mmm,139,6
Ba5InGa(SiO2)4_id252_E-4.09.cif,Ba5InGa(SiO2)4,-4.0881,0.184,Semiconductor,I-4m2,119,38
GeSb3_id4129_E-4.09.cif,GeSb3,-4.0871,0.0,Metal,Pccm,49,8
NaGa2As(SO)2_id3915_E-4.09.cif,NaGa2As(SO)2,-4.0855,0.17,Semiconductor,I4_1/amd,141,32
InS2_id4861_E-4.08.cif,InS2,-4.0839,1.349,Semiconductor,Pban,50,12
Sr6N2O_id4387_E-4.08.cif,Sr6N2O,-4.0824,0.0,Metal,P321,150,9
KCaSb2O5_id3777_E-4.08.cif,KCaSb2O5,-4.0824,2.532,Semiconductor,P-3m1,164,9
MgCdO4_id3019_E-4.08.cif,MgCdO4,-4.0815,0.38,Semiconductor,I4_1/a,88,24
ZnGaSi(GeP2)2_id2719_E-4.08.cif,ZnGaSi(GeP2)2,-4.0812,0.027,Metal,Pccm,49,18
Ge3Sb_id2020_E-4.08.cif,Ge3Sb,-4.0797,0.0,Metal,P-62m,189,8
Sn2S_id526_E-4.08.cif,Sn2S,-4.0796,0.0,Metal,P4_2/nbc,133,24
TePSe_id1859_E-4.08.cif,TePSe,-4.0796,0.778,Semiconductor,P4/m,83,12
KCaO26_id1684_E-4.08.cif,KCaO26,-4.0786,0.787,Semiconductor,P4/n,85,56
Ba2SiP2O_id4151_E-4.08.cif,Ba2SiP2O,-4.0754,0.0,Metal,P2_1/m,11,12
MgAsP2_id4841_E-4.07.cif,MgAsP2,-4.0745,0.0,Metal,I4/mmm,139,8
S_id143_E-4.07.cif,S,-4.0735,2.014,Semiconductor,P4/m,83,8
Mg2Sc5(GeTe)2_id2963_E-4.07.cif,Mg2Sc5(GeTe)2,-4.0728,0.089,Semiconductor,P4_322,95,44
Ba2N_id3104_E-4.07.cif,Ba2N,-4.0725,0.0,Metal,Pbcn,60,12
Li2SiBN2_id1965_E-4.07.cif,Li2SiBN2,-4.0717,0.38,Semiconductor,Pca2_1,29,24
BaSi3_id4629_E-4.07.cif,BaSi3,-4.0711,0.0,Metal,P6_3/mmc,194,8
BeSe_id1727_E-4.07.cif,BeSe,-4.0706,0.734,Semiconductor,Pbca,61,16
S_id2989_E-4.07.cif,S,-4.0706,0.18,Semiconductor,Pbca,61,16
KSnSb3(CSe)3_id2040_E-4.07.cif,KSnSb3(CSe)3,-4.0673,0.0,Metal,P6_3,173,22
AlSi2Ge3_id3652_E-4.07.cif,AlSi2Ge3,-4.0661,0.0,Metal,I4_1md,109,24
AsSe2_id4236_E-4.07.cif,AsSe2,-4.0653,0.928,Semiconductor,Pn-3m,224,6
BaGaTeSO_id692_E-4.06.cif,BaGaTeSO,-4.0648,1.267,Semiconductor,Pnma,62,20
Ge_id1478_E-4.06.cif,Ge,-4.0618,0.0,Metal,I4_1,80,16
K2ScCd3(NO2)3_id3908_E-4.06.cif,K2ScCd3(NO2)3,-4.0615,1.564,Semiconductor,P-3c1,165,60
GaSnGe5As2_id3827_E-4.06.cif,GaSnGe5As2,-4.0611,0.0,Metal,Pccm,49,18
O2_id3023_E-4.06.cif,O2,-4.0564,2.829,Semiconductor,Pba2,32,26
Na2Zn2Ge2O5_id1479_E-4.06.cif,Na2Zn2Ge2O5,-4.0563,1.513,Semiconductor,Pbcn,60,44
Li3Ti2O21_id4487_E-4.06.cif,Li3Ti2O21,-4.0557,0.512,Semiconductor,P1,1,52
CaSnSe2_id3880_E-4.06.cif,CaSnSe2,-4.0557,0.0,Metal,P3_221,154,12
SrGe4As_id226_E-4.06.cif,SrGe4As,-4.0555,0.0,Metal,P-4n2,118,12
SbSe2S_id4182_E-4.05.cif,SbSe2S,-4.0516,0.048,Metal,P4/m,83,16
SiSb5(TeAs)2_id608_E-4.05.cif,SiSb5(TeAs)2,-4.0509,0.0,Metal,P2/m,10,10
CaGe4_id2918_E-4.05.cif,CaGe4,-4.0507,0.0,Metal,Ccce,68,20
GeO20_id1289_E-4.05.cif,GeO20,-4.0507,0.756,Semiconductor,P2_1,4,42
Li3As3SeS7_id4744_E-4.05.cif,Li3As3SeS7,-4.0503,1.569,Semiconductor,P3m1,156,14
BaSnGe_id1463_E-4.05.cif,BaSnGe,-4.0496,0.0,Metal,P6_3/mmc,194,6
AlSe_id347_E-4.05.cif,AlSe,-4.0487,0.0,Metal,P4_2/ncm,138,8
Sb2TeAs_id2036_E-4.05.cif,Sb2TeAs,-4.0481,0.733,Semiconductor,P4/mbm,127,16
KInS2_id4189_E-4.05.cif,KInS2,-4.0477,2.015,Semiconductor,I4_122,98,16
InS2_id2218_E-4.05.cif,InS2,-4.0467,1.996,Semiconductor,Cmc2_1,36,12
BaGe4As_id695_E-4.05.cif,BaGe4As,-4.0461,0.0,Metal,P-4n2,118,12
Si5Te4_id4468_E-4.05.cif,Si5Te4,-4.0455,1.395,Semiconductor,I4_1/a,88,36
KNa2(TeO)3_id1536_E-4.04.cif,KNa2(TeO)3,-4.0444,0.316,Semiconductor,P31m,157,9
AsSe2_id312_E-4.04.cif,AsSe2,-4.0437,0.0,Metal,P4bm,100,12
Li2Be4P7_id3398_E-4.04.cif,Li2Be4P7,-4.0429,1.426,Semiconductor,Ccc2,37,52
SrMgGa(AsP)2_id1641_E-4.04.cif,SrMgGa(AsP)2,-4.0425,0.001,Metal,Pca2_1,29,28
SbAsSe2_id2241_E-4.04.cif,SbAsSe2,-4.0412,0.553,Semiconductor,Cmcm,63,16
BeAl2B_id2772_E-4.04.cif,BeAl2B,-4.0409,0.0,Metal,Fm-3m,225,16
S_id4053_E-4.04.cif,S,-4.0406,0.713,Semiconductor,Pbca,61,16
In2AsS5_id1314_E-4.03.cif,In2AsS5,-4.033,1.711,Semiconductor,P6_4,172,24
NaS4_id3995_E-4.03.cif,NaS4,-4.033,3.244,Semiconductor,R-3m,166,15
LiAlSO_id2381_E-4.03.cif,LiAlSO,-4.0328,1.481,Semiconductor,Pca2_1,29,16
SrAlSi3Ge_id4770_E-4.03.cif,SrAlSi3Ge,-4.0308,0.0,Metal,P-4n2,118,12
In(AsS)2_id461_E-4.03.cif,In(AsS)2,-4.0295,0.015,Metal,P-6m2,187,5
SiO27_id2471_E-4.03.cif,SiO27,-4.029,1.021,Semiconductor,P2,3,28
S_id2733_E-4.03.cif,S,-4.029,0.595,Semiconductor,Pba2,32,14
Li2Mg3Ti3Zn2P2Se4(SO3)2_id3239_E-4.03.cif,Li2Mg3Ti3Zn2P2Se4(SO3)2,-4.0284,1.275,Semiconductor,P-1,2,24
Al5Se4_id3585_E-4.03.cif,Al5Se4,-4.0279,0.0,Metal,P-42m,111,9
GaSi2Ge_id3618_E-4.03.cif,GaSi2Ge,-4.0272,0.0,Metal,I2_12_12_1,24,16
ScAl2_id4453_E-4.03.cif,ScAl2,-4.0264,0.0,Metal,P6_122,178,18
Ge9As10_id1401_E-4.03.cif,Ge9As10,-4.0263,0.0,Metal,I422,97,38
S_id2411_E-4.03.cif,S,-4.0263,0.68,Semiconductor,Pbca,61,16
Ba2AsPS2_id4185_E-4.03.cif,Ba2AsPS2,-4.0262,0.799,Semiconductor,P2/m,10,6
Ca3Si4O_id2350_E-4.03.cif,Ca3Si4O,-4.0255,0.0,Metal,I-42d,122,32
Sn2Se_id427_E-4.03.cif,Sn2Se,-4.0251,0.0,Metal,Imm2,44,12
LiTeAsS3_id2920_E-4.02.cif,LiTeAsS3,-4.0242,1.279,Semiconductor,C222_1,20,48
SiSnSb_id4840_E-4.02.cif,SiSnSb,-4.0237,0.0,Metal,Pca2_1,29,12
Zn2Sn2O3_id2893_E-4.02.cif,Zn2Sn2O3,-4.0221,0.759,Semiconductor,Pbcn,60,28
Mg3AlZnTe4Se2(S2O)4_id3256_E-4.02.cif,Mg3AlZnTe4Se2(S2O)4,-4.0206,1.447,Semiconductor,Pnn2,34,46
LiZn3P3O4_id2560_E-4.02.cif,LiZn3P3O4,-4.0187,0.997,Semiconductor,Pm-3n,223,22
Ge(SeS2)2_id1270_E-4.02.cif,Ge(SeS2)2,-4.0176,1.675,Semiconductor,I-42d,122,28
Li3CaTe2(SeS2)3_id1543_E-4.02.cif,Li3CaTe2(SeS2)3,-4.0158,1.046,Semiconductor,R-3m,166,45
BaGa3Si4(As2P3)2_id1137_E-4.02.cif,BaGa3Si4(As2P3)2,-4.0155,0.0,Metal,P3_121,152,54
Sc3Ti7Zn6GeTe12_id768_E-4.02.cif,Sc3Ti7Zn6GeTe12,-4.0151,0.0,Metal,Pm-3,200,29
Be3O_id4879_E-4.01.cif,Be3O,-4.0128,4.163,Insulator,Pmna,53,32
Ba2LiIn(SnO2)2_id4045_E-4.01.cif,Ba2LiIn(SnO2)2,-4.0114,1.473,Semiconductor,Ibam,72,40
KBaO4_id4245_E-4.01.cif,KBaO4,-4.0107,1.83,Semiconductor,Pban,50,24
Ba3Sr2O6_id658_E-4.01.cif,Ba3Sr2O6,-4.0105,0.0,Metal,P-6,174,11
Ga3TeS3_id3867_E-4.01.cif,Ga3TeS3,-4.0102,1.518,Semiconductor,P6_3mc,186,14
Li3ZnSiS8_id4231_E-4.00.cif,Li3ZnSiS8,-4.0048,0.341,Semiconductor,P-43m,215,13
BAs24_id4262_E-4.00.cif,BAs24,-4.0046,0.006,Metal,I432,211,50
SnSb_id2505_E-4.00.cif,SnSb,-4.004,0.0,Metal,P6_3/mmc,194,4
NaO2_id4016_E-4.00.cif,NaO2,-4.0027,1.048,Semiconductor,I4_1/acd,142,48
NaSnP3_id3816_E-4.00.cif,NaSnP3,-4.0003,1.141,Semiconductor,Amm2,38,10
KScZnInTeSeS_id506_E-4.00.cif,KScZnInTeSeS,-3.9996,0.548,Semiconductor,P2_1/m,11,14
K4Ti4BeBN12_id725_E-4.00.cif,K4Ti4BeBN12,-3.9993,1.178,Semiconductor,P4/mcc,124,44
LiScAl2Ga2(TeO2)2_id1846_E-4.00.cif,LiScAl2Ga2(TeO2)2,-3.9991,0.0,Metal,I222,23,24
SbAs4_id928_E-4.00.cif,SbAs4,-3.9987,1.067,Semiconductor,Pca2_1,29,20
Ba2Ge3Sb2As_id3339_E-4.00.cif,Ba2Ge3Sb2As,-3.9975,0.0,Metal,Pbam,55,16
Na2MgAlZn2Se2(SO5)2_id4897_E-4.00.cif,Na2MgAlZn2Se2(SO5)2,-3.9965,2.729,Semiconductor,P3_121,152,60
GaSi2Ge_id940_E-4.00.cif,GaSi2Ge,-3.9954,0.035,Metal,I-42d,122,16
Ge_id1592_E-3.99.cif,Ge,-3.994,0.0,Metal,Cmm2,35,12
TiGa4_id4341_E-3.99.cif,TiGa4,-3.9938,0.0,Metal,Ccce,68,20
Si5Ge2_id2923_E-3.99.cif,Si5Ge2,-3.9928,0.0,Metal,Pnn2,34,28
S_id4047_E-3.99.cif,S,-3.9922,0.246,Semiconductor,Pbca,61,8
LiZnO5_id2607_E-3.99.cif,LiZnO5,-3.9921,2.447,Semiconductor,I4_1/a,88,56
SnSbAs2P2SeS5N_id2317_E-3.99.cif,SnSbAs2P2SeS5N,-3.9919,0.349,Semiconductor,P2/c,13,52
Li2Al(SbS2)2_id4258_E-3.99.cif,Li2Al(SbS2)2,-3.9914,0.688,Semiconductor,P4nc,104,36
Sb4TeS2_id4917_E-3.99.cif,Sb4TeS2,-3.9908,0.061,Semiconductor,I-42d,122,28
Ti7Al13_id1909_E-3.99.cif,Ti7Al13,-3.9904,0.0,Metal,P6,168,20
Li3Mg3CS3_id3460_E-3.99.cif,Li3Mg3CS3,-3.9894,2.599,Semiconductor,P6_3/m,176,20
Ba4(SnAs)3_id874_E-3.99.cif,Ba4(SnAs)3,-3.9884,0.0,Metal,I-43d,220,40
LiAlSi6O13_id2417_E-3.99.cif,LiAlSi6O13,-3.9852,2.845,Semiconductor,P1,1,42
SbAs21Se_id123_E-3.98.cif,SbAs21Se,-3.9827,0.0,Metal,P2/c,13,46
GaSiGe2_id429_E-3.98.cif,GaSiGe2,-3.9821,0.0,Metal,P3_121,152,12
Na4O3_id4395_E-3.98.cif,Na4O3,-3.9819,0.0,Metal,I-43d,220,28
S_id521_E-3.98.cif,S,-3.9809,0.0,Metal,Pbca,61,8
Ca3(NO3)2_id2697_E-3.98.cif,Ca3(NO3)2,-3.9804,0.561,Semiconductor,Cmce,64,44
K3Li2Cd2Ga3Sb6P6(SO2)6_id2784_E-3.98.cif,K3Li2Cd2Ga3Sb6P6(SO2)6,-3.9798,0.781,Semiconductor,P321,150,40
KCdPO18_id2587_E-3.98.cif,KCdPO18,-3.9787,0.005,Metal,P2_1,4,42
GaSe2_id2551_E-3.98.cif,GaSe2,-3.977,1.022,Semiconductor,P-42_1m,113,6
LiGeSbO18_id823_E-3.97.cif,LiGeSbO18,-3.9743,0.0,Metal,P1,1,42
SrMgAsP(SeS)2_id4293_E-3.97.cif,SrMgAsP(SeS)2,-3.9742,0.028,Metal,Pnma,62,32
NO20_id780_E-3.97.cif,NO20,-3.973,0.408,Semiconductor,Pc,7,42
BAs12_id1703_E-3.97.cif,BAs12,-3.9712,1.549,Semiconductor,I432,211,26
ZnN3_id1302_E-3.97.cif,ZnN3,-3.9711,0.22,Semiconductor,Fm-3m,225,16
NaAsO48_id1527_E-3.97.cif,NaAsO48,-3.9695,0.195,Semiconductor,P-3,147,50
SeN_id196_E-3.97.cif,SeN,-3.9682,0.035,Metal,Pn-3m,224,12
Sb_id1656_E-3.97.cif,Sb,-3.9678,0.171,Semiconductor,Ia-3,206,56
Na8GeP2S4(NO4)2_id2820_E-3.97.cif,Na8GeP2S4(NO4)2,-3.9672,2.439,Semiconductor,P1,1,50
K2CaSi4SnO4_id175_E-3.97.cif,K2CaSi4SnO4,-3.9662,0.0,Metal,I4_1/a,88,48
TeAs2_id1874_E-3.97.cif,TeAs2,-3.9659,0.273,Semiconductor,I4_1/a,88,24
Sc7Cd2_id4119_E-3.96.cif,Sc7Cd2,-3.9645,0.0,Metal,Pmna,53,18
LiAsP_id3926_E-3.96.cif,LiAsP,-3.9612,0.01,Metal,Pca2_1,29,12
Li3ZnSiSe4_id1809_E-3.96.cif,Li3ZnSiSe4,-3.9607,1.891,Semiconductor,P-43m,215,9
K2Ga2As(P3S)2_id4071_E-3.96.cif,K2Ga2As(P3S)2,-3.9589,0.0,Metal,P4_322,95,52
TeO20_id2491_E-3.96.cif,TeO20,-3.9586,0.475,Semiconductor,Pc,7,42
Sc2Cd_id4327_E-3.96.cif,Sc2Cd,-3.9572,0.0,Metal,P2_12_12_1,19,12
Sb2TeAs2P_id95_E-3.96.cif,Sb2TeAs2P,-3.9552,0.379,Semiconductor,P2/c,13,12
Sn_id2316_E-3.95.cif,Sn,-3.9537,0.0,Metal,I4/mmm,139,8
CaSb_id2018_E-3.95.cif,CaSb,-3.953,0.0,Metal,P6_3/mmc,194,4
MgAl4ZnSO10_id21_E-3.95.cif,MgAl4ZnSO10,-3.9504,2.657,Semiconductor,I4,79,34
Ti3Be2B_id1203_E-3.95.cif,Ti3Be2B,-3.9502,0.0,Metal,P6_422,181,18
Sn_id2624_E-3.95.cif,Sn,-3.9478,0.0,Metal,Aem2,39,8
CaZn3Si3P4_id407_E-3.95.cif,CaZn3Si3P4,-3.9456,0.16,Semiconductor,Pm-3n,223,22
K3ScN7_id4635_E-3.94.cif,K3ScN7,-3.9436,1.027,Semiconductor,Pm-3n,223,22
KZnSiO3_id3574_E-3.94.cif,KZnSiO3,-3.9426,2.024,Semiconductor,P3_221,154,18
GeSe_id1523_E-3.94.cif,GeSe,-3.9417,0.0,Metal,P4/m,83,8
Zn2O3_id1585_E-3.94.cif,Zn2O3,-3.9403,1.032,Semiconductor,Pbcn,60,20
Sc2O19_id677_E-3.94.cif,Sc2O19,-3.9396,1.539,Semiconductor,Pc,7,42
AlZn2GaBSbS3NO_id2030_E-3.94.cif,AlZn2GaBSbS3NO,-3.9381,1.206,Semiconductor,Cc,9,44
S_id1121_E-3.94.cif,S,-3.9378,1.992,Semiconductor,P23,195,12
CaMg2Se3S2_id1645_E-3.94.cif,CaMg2Se3S2,-3.9376,0.613,Semiconductor,C2,5,32
ZnGaN_id2885_E-3.94.cif,ZnGaN,-3.937,0.0,Metal,P6_222,180,9
AlSi_id3359_E-3.94.cif,AlSi,-3.9367,0.0,Metal,P2_1,4,8
KGe3S3N_id3420_E-3.94.cif,KGe3S3N,-3.9364,1.402,Semiconductor,P2_1/m,11,16
InSbTeS_id4006_E-3.93.cif,InSbTeS,-3.9336,0.0,Metal,P4_2/ncm,138,16
Sn3Te4_id2694_E-3.93.cif,Sn3Te4,-3.9333,0.598,Semiconductor,P-42m,111,7
SiAsP2S7_id1552_E-3.93.cif,SiAsP2S7,-3.9331,0.21,Semiconductor,P2/m,10,11
S_id1838_E-3.93.cif,S,-3.9303,1.868,Semiconductor,P6_3cm,185,30
SrGe2_id3515_E-3.93.cif,SrGe2,-3.9297,0.02,Metal,P4/mmm,123,12
NaSeS5_id1012_E-3.93.cif,NaSeS5,-3.9284,0.789,Semiconductor,Cmc2_1,36,56
Si_id1638_E-3.93.cif,Si,-3.9282,0.0,Metal,Ia-3d,230,32
NaBe3Zn6O6_id2389_E-3.93.cif,NaBe3Zn6O6,-3.9274,0.001,Metal,Im-3m,229,32
Na4SnSb4AsN4_id4620_E-3.93.cif,Na4SnSb4AsN4,-3.9274,0.528,Semiconductor,I4_1/a,88,56
TiAlZn_id4457_E-3.92.cif,TiAlZn,-3.9247,0.0,Metal,I-4m2,119,24
SrGaSi4_id1545_E-3.92.cif,SrGaSi4,-3.9219,0.044,Metal,P-4n2,118,12
SbTe2AsS3O_id2473_E-3.92.cif,SbTe2AsS3O,-3.9211,0.35,Semiconductor,Pnn2,34,32
Sn_id911_E-3.92.cif,Sn,-3.9202,0.0,Metal,P6/mmm,191,8
KAlGaS8_id3043_E-3.92.cif,KAlGaS8,-3.9196,0.0,Metal,Cmme,67,44
KNa3Si3S4_id3829_E-3.92.cif,KNa3Si3S4,-3.9174,3.12,Semiconductor,Pm-3n,223,22
Li3ScSiO16_id856_E-3.91.cif,Li3ScSiO16,-3.9149,2.606,Semiconductor,Pc,7,42
Ga3GeS8_id2035_E-3.91.cif,Ga3GeS8,-3.9144,0.855,Semiconductor,I-42m,121,24
KS3_id2915_E-3.91.cif,KS3,-3.9137,2.372,Semiconductor,Pnma,62,16
MgSeO_id1044_E-3.91.cif,MgSeO,-3.9109,2.316,Semiconductor,P4_2/ncm,138,12
Ba2S_id4282_E-3.91.cif,Ba2S,-3.9106,0.0,Metal,Pn-3m,224,6
Sb_id3061_E-3.91.cif,Sb,-3.9105,0.0,Metal,P4_32_12,96,8
LiMgTiGaO_id576_E-3.91.cif,LiMgTiGaO,-3.9105,0.507,Semiconductor,Cmme,67,20
In2SnSe4_id3637_E-3.91.cif,In2SnSe4,-3.9078,0.111,Semiconductor,P-42_1c,114,14
TeAsS_id3763_E-3.91.cif,TeAsS,-3.9073,0.707,Semiconductor,P-1,2,6
K5O4_id1740_E-3.91.cif,K5O4,-3.9056,1.628,Semiconductor,I4/m,87,18
SnAs2O11_id3293_E-3.90.cif,SnAs2O11,-3.9048,2.555,Semiconductor,P1,1,28
SnSb2Te2Se_id1142_E-3.90.cif,SnSb2Te2Se,-3.9045,0.0,Metal,I-4m2,119,24
Ge2Sb_id3885_E-3.90.cif,Ge2Sb,-3.9042,0.0,Metal,P4_12_12,92,12
NaS5_id3514_E-3.90.cif,NaS5,-3.9041,0.25,Semiconductor,P3_112,151,36
LiSn2Ge3_id3804_E-3.90.cif,LiSn2Ge3,-3.904,0.0,Metal,P-4m2,115,6
NaCdGeBTePS9_id2709_E-3.90.cif,NaCdGeBTePS9,-3.9036,0.0,Metal,P2_1,4,30
ScSe3_id1666_E-3.90.cif,ScSe3,-3.9024,1.771,Semiconductor,P4/mmm,123,16
Li4As2PS2_id67_E-3.90.cif,Li4As2PS2,-3.9012,1.301,Semiconductor,Pbcn,60,36
BeB30As_id647_E-3.90.cif,BeB30As,-3.9007,1.066,Semiconductor,P-6,174,32
As4Se4S3_id2247_E-3.90.cif,As4Se4S3,-3.899,0.0,Metal,Pmna,53,22
SiGe14_id965_E-3.90.cif,SiGe14,-3.898,0.0,Metal,I-42m,121,30
Li12Ti4SiO3_id1788_E-3.90.cif,Li12Ti4SiO3,-3.8979,0.945,Semiconductor,P4_2/mcm,132,40
Zn2C2NO2_id2086_E-3.90.cif,Zn2C2NO2,-3.8971,1.138,Semiconductor,Pbcn,60,28
ZnO3_id2422_E-3.90.cif,ZnO3,-3.8969,1.698,Semiconductor,I4_1/a,88,32
KBa2SnGe2SO2_id957_E-3.90.cif,KBa2SnGe2SO2,-3.8957,0.853,Semiconductor,I4cm,108,36
NaLi6Te3P3(SN)3_id4452_E-3.90.cif,NaLi6Te3P3(SN)3,-3.8951,1.327,Semiconductor,P31c,159,38
Ba2AsN_id3099_E-3.89.cif,Ba2AsN,-3.8947,0.023,Metal,P3_221,154,12
Sn_id1176_E-3.89.cif,Sn,-3.894,0.0,Metal,Pm-3n,223,8
Sb_id1531_E-3.89.cif,Sb,-3.8936,0.0,Metal,Pccm,49,4
Sn_id2337_E-3.89.cif,Sn,-3.8926,0.0,Metal,Pa-3,205,12
NaIn3Te3O4_id2004_E-3.89.cif,NaIn3Te3O4,-3.8922,0.065,Semiconductor,Pm-3n,223,22
NaS3_id3823_E-3.89.cif,NaS3,-3.8915,1.757,Semiconductor,Cmcm,63,16
Li4AsS6_id3360_E-3.89.cif,Li4AsS6,-3.8912,1.631,Semiconductor,P-4n2,118,22
AlGa(GeTe)2_id4068_E-3.89.cif,AlGa(GeTe)2,-3.8909,0.0,Metal,Ibam,72,24
Al4Sn3Se4_id1403_E-3.89.cif,Al4Sn3Se4,-3.8865,0.0,Metal,I-43d,220,44
LiSiGe3_id4359_E-3.88.cif,LiSiGe3,-3.8812,0.0,Metal,P6_3mc,186,10
Sn5Ge3(TeAs)2_id2873_E-3.88.cif,Sn5Ge3(TeAs)2,-3.8807,0.204,Semiconductor,P2_12_12,18,24
K2SnO8_id1362_E-3.88.cif,K2SnO8,-3.8807,0.915,Semiconductor,P-31m,162,22
GaSi2GeO4_id3095_E-3.88.cif,GaSi2GeO4,-3.8805,1.135,Semiconductor,P3_121,152,24
KS2_id2294_E-3.88.cif,KS2,-3.8802,2.84,Semiconductor,Pnnn,48,24
Sb5TeSe2_id229_E-3.88.cif,Sb5TeSe2,-3.8787,0.929,Semiconductor,I-42d,122,32
NaGe7_id746_E-3.88.cif,NaGe7,-3.8785,0.0,Metal,P-6,174,8
SbTe_id4229_E-3.88.cif,SbTe,-3.8784,0.0,Metal,P4/nmm,129,4
MgTiZnSn(TeS)2_id1331_E-3.88.cif,MgTiZnSn(TeS)2,-3.8783,0.63,Semiconductor,Pmmn,59,16
Sr3Ca5TiCNO10_id3640_E-3.88.cif,Sr3Ca5TiCNO10,-3.878,2.873,Semiconductor,P2_1,4,42
InSe2_id147_E-3.88.cif,InSe2,-3.8773,1.12,Semiconductor,P-42_1m,113,6
K2N4O13_id1629_E-3.88.cif,K2N4O13,-3.8756,0.066,Semiconductor,Pnnm,58,38
InSe2S3_id398_E-3.87.cif,InSe2S3,-3.8734,0.409,Semiconductor,Aea2,41,48
ScCdSe_id4319_E-3.87.cif,ScCdSe,-3.8731,0.0,Metal,P4/nmm,129,6
KLi2Te2(SeO)4_id3354_E-3.87.cif,KLi2Te2(SeO)4,-3.8725,1.532,Semiconductor,I222,23,26
GeTe2_id3280_E-3.87.cif,GeTe2,-3.8718,0.193,Semiconductor,P3_221,154,9
BaCa(PO)2_id4428_E-3.87.cif,BaCa(PO)2,-3.8713,1.969,Semiconductor,I4_1/amd,141,24
LiCaAlZn5O4_id761_E-3.87.cif,LiCaAlZn5O4,-3.8704,0.529,Semiconductor,I-4m2,119,24
Li6P3CS3N2_id3108_E-3.87.cif,Li6P3CS3N2,-3.87,0.0,Metal,R-3m,166,45
AlTe2_id4791_E-3.87.cif,AlTe2,-3.8699,1.234,Semiconductor,P-42_1m,113,6
KO2_id3289_E-3.87.cif,KO2,-3.8698,0.104,Semiconductor,P6_522,179,18
Na4LiO5_id2981_E-3.87.cif,Na4LiO5,-3.8686,1.842,Semiconductor,Pnn2,34,40
Ti7Ga_id967_E-3.87.cif,Ti7Ga,-3.8685,0.0,Metal,P4/mmm,123,8
In3(SeS)2_id515_E-3.87.cif,In3(SeS)2,-3.8667,1.926,Semiconductor,Cccm,66,28
LiCdS6_id2412_E-3.87.cif,LiCdS6,-3.8663,2.088,Semiconductor,P6_322,182,16
Li2Al2SiTe4_id2886_E-3.87.cif,Li2Al2SiTe4,-3.8651,1.099,Semiconductor,P-42m,111,9
Sr2Sc3N_id4066_E-3.86.cif,Sr2Sc3N,-3.8645,0.0,Metal,Pn-3m,224,12
Sr2Li4Ge2P5S_id2836_E-3.86.cif,Sr2Li4Ge2P5S,-3.8638,0.982,Semiconductor,Fmmm,69,56
Ga2SiGe2_id844_E-3.86.cif,Ga2SiGe2,-3.8633,0.0,Metal,Pbca,61,20
In(AsSe4)2_id2284_E-3.86.cif,In(AsSe4)2,-3.8628,1.201,Semiconductor,Cmm2,35,22
LiSiSb6_id4126_E-3.86.cif,LiSiSb6,-3.8625,0.0,Metal,P6_322,182,16
SnSb5As2Se_id3947_E-3.86.cif,SnSb5As2Se,-3.862,0.0,Metal,Pcc2,27,18
TeAs3Se_id1928_E-3.86.cif,TeAs3Se,-3.8605,0.917,Semiconductor,Imm2,44,10
S_id935_E-3.86.cif,S,-3.8596,0.809,Semiconductor,Pc,7,42
SnTe2_id3327_E-3.86.cif,SnTe2,-3.8593,0.0,Metal,Cmcm,63,12
Li6CaSe4_id682_E-3.86.cif,Li6CaSe4,-3.857,1.904,Semiconductor,Im-3m,229,22
Sn2Sb3_id1060_E-3.86.cif,Sn2Sb3,-3.8564,0.0,Metal,C2/m,12,10
Sn_id4331_E-3.86.cif,Sn,-3.8563,0.0,Metal,P6_3/mmc,194,4
Mg2O19_id3661_E-3.86.cif,Mg2O19,-3.8558,0.941,Semiconductor,Pc,7,42
Sn_id1315_E-3.85.cif,Sn,-3.8544,0.0,Metal,P6_3/mmc,194,4
K2ZnO2_id1318_E-3.85.cif,K2ZnO2,-3.8534,1.833,Semiconductor,I4_1,80,20
LiCa4S11_id3494_E-3.85.cif,LiCa4S11,-3.8532,0.293,Semiconductor,R-3m,166,48
S_id4048_E-3.85.cif,S,-3.8523,1.754,Semiconductor,Pbca,61,8
Al3Si8Te4(SeS2)2_id3331_E-3.85.cif,Al3Si8Te4(SeS2)2,-3.8516,0.267,Semiconductor,Pnn2,34,42
Ba3O13_id4344_E-3.85.cif,Ba3O13,-3.8511,1.808,Semiconductor,P6/mmm,191,16
ZnCd2O8_id2627_E-3.85.cif,ZnCd2O8,-3.8497,0.779,Semiconductor,P4/nbm,125,22
Al3(PS3)2_id332_E-3.85.cif,Al3(PS3)2,-3.8494,3.135,Semiconductor,Cccm,66,44
KBaO_id4558_E-3.85.cif,KBaO,-3.8491,0.056,Semiconductor,P4/nmm,129,6
SnAs2_id2476_E-3.85.cif,SnAs2,-3.8481,0.0,Metal,P4_12_12,92,12
MgGaPNO3_id153_E-3.85.cif,MgGaPNO3,-3.8475,0.024,Metal,C222_1,20,56
SeS_id1416_E-3.85.cif,SeS,-3.8464,1.36,Semiconductor,P4/m,83,8
LiMgGe6_id1803_E-3.85.cif,LiMgGe6,-3.8453,0.0,Metal,Fm-3m,225,32
Mg3In3SnO3_id3516_E-3.84.cif,Mg3In3SnO3,-3.8432,0.0,Metal,P6_3,173,20
Mg2Ti2Al_id1790_E-3.84.cif,Mg2Ti2Al,-3.8431,0.0,Metal,I4/mmm,139,20
BaIn2(GaO)4_id1226_E-3.84.cif,BaIn2(GaO)4,-3.8428,0.0,Metal,I-42d,122,44
O2_id2346_E-3.84.cif,O2,-3.8423,1.108,Semiconductor,P2_1,4,42
Mg3Sc13_id3183_E-3.84.cif,Mg3Sc13,-3.8418,0.0,Metal,P6/mmm,191,16
ZnGe3As2_id1784_E-3.84.cif,ZnGe3As2,-3.8401,0.0,Metal,P-4n2,118,12
Mg2AlO_id2031_E-3.84.cif,Mg2AlO,-3.8392,0.0,Metal,R-3m,166,24
Sr2Li2Sb2O3_id2703_E-3.84.cif,Sr2Li2Sb2O3,-3.8389,0.05,Semiconductor,Pbcn,60,36
MgGe4_id4645_E-3.84.cif,MgGe4,-3.8375,0.0,Metal,P42_12,90,10
BaIn2O_id2118_E-3.84.cif,BaIn2O,-3.8366,0.0,Metal,I4/mmm,139,8
BS12_id36_E-3.84.cif,BS12,-3.835,0.0,Metal,I432,211,26
Sn_id428_E-3.83.cif,Sn,-3.8345,0.0,Metal,P2_12_12_1,19,8
GeS20_id3264_E-3.83.cif,GeS20,-3.8332,1.846,Semiconductor,P2_1,4,42
BaLi2TiCdTeAsPS_id1063_E-3.83.cif,BaLi2TiCdTeAsPS,-3.8291,0.92,Semiconductor,P3_1,144,27
Ga2B_id841_E-3.83.cif,Ga2B,-3.8273,3.219,Semiconductor,P6_422,181,18
Li2SeS4_id635_E-3.83.cif,Li2SeS4,-3.827,0.157,Semiconductor,Cccm,66,28
K4LiAsO8_id4929_E-3.83.cif,K4LiAsO8,-3.8266,2.852,Semiconductor,I4_1/a,88,56
Ba6InGe(CO)2_id4022_E-3.83.cif,Ba6InGe(CO)2,-3.8262,0.104,Semiconductor,P321,150,12
BS12_id1927_E-3.83.cif,BS12,-3.826,1.849,Semiconductor,I432,211,26
CdGeO2_id4892_E-3.83.cif,CdGeO2,-3.8257,1.304,Semiconductor,I4_122,98,16
Sb2SeS8_id544_E-3.83.cif,Sb2SeS8,-3.8252,1.755,Semiconductor,P6_4,172,33
Li5Al2GaO4_id3949_E-3.83.cif,Li5Al2GaO4,-3.8252,0.1,Semiconductor,P4nc,104,48
Li2GeSb(AsP)2_id4698_E-3.83.cif,Li2GeSb(AsP)2,-3.8252,0.533,Semiconductor,Pccm,49,16
KZn2Ge2As2PO2_id1246_E-3.82.cif,KZn2Ge2As2PO2,-3.8238,1.047,Semiconductor,Pnn2,34,20
Sc13Cd2_id990_E-3.82.cif,Sc13Cd2,-3.8226,0.0,Metal,P6/mmm,191,15
Sr2SnB4_id1220_E-3.82.cif,Sr2SnB4,-3.8218,0.0,Metal,P4_2/mcm,132,14
Sr2S3_id4354_E-3.82.cif,Sr2S3,-3.8206,0.464,Semiconductor,P4/mnc,128,20
GeSe2_id4512_E-3.82.cif,GeSe2,-3.8195,0.0,Metal,P432,207,36
Sn_id2617_E-3.82.cif,Sn,-3.8173,0.0,Metal,Fm-3m,225,12
InGaGe2P_id186_E-3.82.cif,InGaGe2P,-3.8173,0.0,Metal,I-4m2,119,10
Zn(SiGe)2_id2871_E-3.82.cif,Zn(SiGe)2,-3.8171,0.0,Metal,Pbcn,60,20
SnSb4As3_id3269_E-3.82.cif,SnSb4As3,-3.8164,0.002,Metal,P4/mmm,123,8
KCdO4_id2308_E-3.82.cif,KCdO4,-3.8161,1.916,Semiconductor,Pban,50,12
Li2Be2O3_id4193_E-3.82.cif,Li2Be2O3,-3.816,1.728,Semiconductor,Pbcn,60,28
S_id4852_E-3.81.cif,S,-3.8142,1.893,Semiconductor,Pbca,61,8
ZnO7_id4624_E-3.81.cif,ZnO7,-3.8139,0.887,Semiconductor,P622,177,24
NaZn3Ga3O4_id4143_E-3.81.cif,NaZn3Ga3O4,-3.8136,0.94,Semiconductor,Pm-3n,223,22
SrSbSe_id1766_E-3.81.cif,SrSbSe,-3.8127,0.878,Semiconductor,P4/nmm,129,6
BeAlZnP2_id2320_E-3.81.cif,BeAlZnP2,-3.8125,1.408,Semiconductor,Pccm,49,10
K(GeTe2)2_id3067_E-3.81.cif,K(GeTe2)2,-3.811,0.746,Semiconductor,P-42m,111,7
CaTe4As_id649_E-3.81.cif,CaTe4As,-3.8106,0.0,Metal,P4/nbm,125,12
K2Li2O3_id1594_E-3.81.cif,K2Li2O3,-3.8102,0.0,Metal,C222,21,28
ScAlGa2_id2891_E-3.81.cif,ScAlGa2,-3.81,0.0,Metal,Pmmn,59,8
Sn_id3732_E-3.81.cif,Sn,-3.8085,0.0,Metal,P4_2/mmc,131,4
Ba2SnN_id2835_E-3.80.cif,Ba2SnN,-3.8023,0.0,Metal,P4/mbm,127,8
Ca2As_id419_E-3.80.cif,Ca2As,-3.8016,0.0,Metal,Pa-3,205,12
Ga2SiSn4_id1554_E-3.80.cif,Ga2SiSn4,-3.7998,0.0,Metal,Fd-3m,227,56
Sc8Cd2Te_id772_E-3.80.cif,Sc8Cd2Te,-3.799,0.0,Metal,P-62m,189,11
ZnSn3Se4_id3587_E-3.80.cif,ZnSn3Se4,-3.7986,0.0,Metal,P-42m,111,8
Si_id4224_E-3.80.cif,Si,-3.7978,0.604,Semiconductor,Pm-3n,223,12
GeSbSe2S_id848_E-3.80.cif,GeSbSe2S,-3.7954,0.0,Metal,I-4m2,119,20
BaLi2Ca2Ge2P2O11_id3318_E-3.79.cif,BaLi2Ca2Ge2P2O11,-3.7916,0.542,Semiconductor,P-3m1,164,20
TeS2_id1398_E-3.79.cif,TeS2,-3.7908,1.065,Semiconductor,P3_112,151,9
BeAl4Zn2(SiSe4)2_id2016_E-3.79.cif,BeAl4Zn2(SiSe4)2,-3.7908,1.152,Semiconductor,P-42m,111,17
NaLi8ZnTe4(SO)4_id4132_E-3.79.cif,NaLi8ZnTe4(SO)4,-3.7905,0.369,Semiconductor,I222,23,44
ZnGaGeS4_id1390_E-3.79.cif,ZnGaGeS4,-3.7903,0.0,Metal,Pnnn,48,14
Ba2Ca2GeBO2_id414_E-3.79.cif,Ba2Ca2GeBO2,-3.7897,0.0,Metal,P4_32_12,96,32
Ga3Ge4_id1802_E-3.79.cif,Ga3Ge4,-3.789,0.0,Metal,I-43d,220,28
Ge11Sb_id4142_E-3.79.cif,Ge11Sb,-3.7882,0.0,Metal,P6/m,175,12
KLi2Si(GeS2)2_id886_E-3.78.cif,KLi2Si(GeS2)2,-3.785,1.331,Semiconductor,P-4n2,118,20
LiBP5_id816_E-3.78.cif,LiBP5,-3.7849,0.394,Semiconductor,Pccm,49,14
NaAs3Se2_id2194_E-3.78.cif,NaAs3Se2,-3.7841,0.04,Metal,Pn-3m,224,12
NaCdO2_id1899_E-3.78.cif,NaCdO2,-3.7833,0.491,Semiconductor,I4_122,98,16
K2O23_id676_E-3.78.cif,K2O23,-3.7828,0.0,Metal,Pba2,32,50
BaLiAlSi3Sn3Ge2P3_id3496_E-3.78.cif,BaLiAlSi3Sn3Ge2P3,-3.7826,0.0,Metal,P3c1,158,28
O2_id1958_E-3.78.cif,O2,-3.7819,0.63,Semiconductor,Aem2,39,28
TeS2_id652_E-3.78.cif,TeS2,-3.7804,0.007,Metal,Pbca,61,24
SrCaSiB3_id4424_E-3.78.cif,SrCaSiB3,-3.7795,0.303,Semiconductor,C222_1,20,24
MgO8_id4475_E-3.78.cif,MgO8,-3.7794,3.42,Semiconductor,Fm-3m,225,36
Zn2O3_id1464_E-3.78.cif,Zn2O3,-3.7786,1.92,Semiconductor,Pbcn,60,20
GeS11_id1535_E-3.78.cif,GeS11,-3.7776,0.642,Semiconductor,P2/m,10,12
SnSe5_id4689_E-3.78.cif,SnSe5,-3.7767,0.0,Metal,Pbam,55,12
Ge_id2153_E-3.78.cif,Ge,-3.7756,0.0,Metal,P2/m,10,10
TeAs2_id2144_E-3.78.cif,TeAs2,-3.7755,0.821,Semiconductor,P4_122,91,12
LiAs2S_id4007_E-3.77.cif,LiAs2S,-3.7748,0.0,Metal,P4_122,91,16
K6BaMgO6_id1038_E-3.77.cif,K6BaMgO6,-3.7738,2.124,Semiconductor,P-31c,163,28
Sn_id2391_E-3.77.cif,Sn,-3.7736,0.0,Metal,Im-3m,229,10
AlGa2B_id3387_E-3.77.cif,AlGa2B,-3.7736,0.024,Metal,P6_222,180,12
LiCaSb4_id3858_E-3.77.cif,LiCaSb4,-3.7725,0.0,Metal,Pccm,49,12
Li4GaO16_id1556_E-3.77.cif,Li4GaO16,-3.7723,2.485,Semiconductor,P-43m,215,21
SeS_id1935_E-3.77.cif,SeS,-3.7716,1.366,Semiconductor,P4/m,83,8
CdS6_id571_E-3.77.cif,CdS6,-3.7708,1.67,Semiconductor,Pccm,49,14
ZnAsO_id2135_E-3.77.cif,ZnAsO,-3.7697,1.069,Semiconductor,P4_22_12,94,24
InSn11Sb_id739_E-3.77.cif,InSn11Sb,-3.7675,0.0,Metal,Pm-3m,221,13
S_id91_E-3.77.cif,S,-3.7658,2.586,Semiconductor,Pbca,61,8
K2Mg3Be2ZnBNO10_id1259_E-3.77.cif,K2Mg3Be2ZnBNO10,-3.7652,0.01,Metal,P3_2,145,60
KGeAs3P_id1174_E-3.76.cif,KGeAs3P,-3.7644,0.045,Metal,P2_12_12_1,19,24
CaSnO10_id380_E-3.76.cif,CaSnO10,-3.7639,3.155,Semiconductor,P4bm,100,24
Sn3Sb2(TeO)2_id2421_E-3.76.cif,Sn3Sb2(TeO)2,-3.7636,1.011,Semiconductor,P4_2mc,105,18
CaAs10_id4247_E-3.76.cif,CaAs10,-3.7634,0.0,Metal,I-42m,121,22
Ga(SeS)2_id3837_E-3.76.cif,Ga(SeS)2,-3.7634,0.593,Semiconductor,Pmna,53,10
Be3Si_id2969_E-3.76.cif,Be3Si,-3.7628,0.0,Metal,P4_132,213,32
Sn2Sb3As2_id2478_E-3.76.cif,Sn2Sb3As2,-3.762,0.0,Metal,P2_1,4,14
Sb2As7_id2023_E-3.76.cif,Sb2As7,-3.762,0.014,Metal,Cmm2,35,18
K(Te2O)3_id2682_E-3.76.cif,K(Te2O)3,-3.7608,0.488,Semiconductor,P6_3mc,186,20
LiZnO_id490_E-3.76.cif,LiZnO,-3.7597,1.235,Semiconductor,C222,21,12
Al2Sn4Ge_id3552_E-3.76.cif,Al2Sn4Ge,-3.7571,0.0,Metal,P-42m,111,7
Si4SnGe2_id4683_E-3.76.cif,Si4SnGe2,-3.7566,0.0,Metal,I-42d,122,28
Sc2(Te3Se)3_id404_E-3.75.cif,Sc2(Te3Se)3,-3.7549,0.249,Semiconductor,P6cc,184,28
AsN14_id2474_E-3.75.cif,AsN14,-3.754,0.0,Metal,Fm-3m,225,60
BaLi2SbTe4_id3403_E-3.75.cif,BaLi2SbTe4,-3.7537,0.0,Metal,P4_2/mcm,132,16
InSe_id443_E-3.75.cif,InSe,-3.753,0.0,Metal,P6_3/mmc,194,4
Ba2SbTe3(AsSe3)2_id3594_E-3.75.cif,Ba2SbTe3(AsSe3)2,-3.7526,0.014,Metal,Pnn2,34,28
Al2Ga2Si4SnGe3_id2154_E-3.75.cif,Al2Ga2Si4SnGe3,-3.7503,0.0,Metal,C222_1,20,48
Sb_id2406_E-3.75.cif,Sb,-3.7503,0.0,Metal,I2_12_12_1,24,12
SiSb12_id2479_E-3.75.cif,SiSb12,-3.7499,0.0,Metal,I432,211,26
Cd2PO3_id948_E-3.75.cif,Cd2PO3,-3.7477,0.086,Semiconductor,Cmme,67,24
Sn2Sb3_id1739_E-3.75.cif,Sn2Sb3,-3.7462,0.0,Metal,Ccc2,37,20
MgSc2AlGa2_id2511_E-3.75.cif,MgSc2AlGa2,-3.7456,0.0,Metal,P4/mmm,123,24
Sc2Zn3N_id4021_E-3.74.cif,Sc2Zn3N,-3.7439,0.0,Metal,Pn-3m,224,12
SnO3_id1231_E-3.74.cif,SnO3,-3.7425,0.0,Metal,Cmmm,65,16
K4BaO4_id468_E-3.74.cif,K4BaO4,-3.7418,1.772,Semiconductor,P4_2/n,86,18
NaAs2_id1251_E-3.74.cif,NaAs2,-3.7418,0.0,Metal,I4/mcm,140,12
LiMg2Sb4As(Se2S)4_id4894_E-3.74.cif,LiMg2Sb4As(Se2S)4,-3.7406,2.966,Semiconductor,I-42m,121,40
Sc4Zn3_id642_E-3.74.cif,Sc4Zn3,-3.7393,0.0,Metal,I-43d,220,28
Sn5Sb3_id1775_E-3.74.cif,Sn5Sb3,-3.7392,0.0,Metal,Pmmm,47,8
Li3(GeTe2)2_id3199_E-3.74.cif,Li3(GeTe2)2,-3.7369,1.038,Semiconductor,P-42m,111,9
Sn_id1465_E-3.74.cif,Sn,-3.7368,0.0,Metal,C2/c,15,28
Li2Al2Zn2Te2N2O5_id3389_E-3.74.cif,Li2Al2Zn2Te2N2O5,-3.7354,1.192,Semiconductor,P1,1,60
Al4SnP2N_id73_E-3.73.cif,Al4SnP2N,-3.7347,0.0,Metal,I4_1/a,88,32
Li3Zn(GaO3)2_id565_E-3.73.cif,Li3Zn(GaO3)2,-3.7342,2.781,Semiconductor,C222,21,24
K3Te4As(PO3)2_id778_E-3.73.cif,K3Te4As(PO3)2,-3.7324,1.093,Semiconductor,I222,23,32
Al3GaSi3Sn9(TeP)3_id1911_E-3.73.cif,Al3GaSi3Sn9(TeP)3,-3.7299,0.0,Metal,P6_3,173,44
ZnCd2O10_id3692_E-3.73.cif,ZnCd2O10,-3.7278,0.599,Semiconductor,Pnn2,34,26
LiMgInNO_id1372_E-3.73.cif,LiMgInNO,-3.7273,2.942,Semiconductor,Pca2_1,29,20
Zn2O9_id803_E-3.73.cif,Zn2O9,-3.7267,0.644,Semiconductor,P4/n,85,44
Li2Ga2SnS7_id2053_E-3.73.cif,Li2Ga2SnS7,-3.7266,0.008,Metal,Pbam,55,24
BaTe5S2_id2992_E-3.73.cif,BaTe5S2,-3.7252,0.021,Metal,P3_221,154,24
Al3SiSn3Ge(AsO)3_id2333_E-3.72.cif,Al3SiSn3Ge(AsO)3,-3.7241,0.913,Semiconductor,P6_3,173,28
Li3Ca6NO6_id3236_E-3.72.cif,Li3Ca6NO6,-3.724,2.038,Semiconductor,R-3m,166,48
ZnSn2Ge4Te3_id1366_E-3.72.cif,ZnSn2Ge4Te3,-3.7239,0.0,Metal,P3,143,10
Sb7As_id71_E-3.72.cif,Sb7As,-3.7222,0.0,Metal,C2,5,32
ZnGe2As3P_id2575_E-3.72.cif,ZnGe2As3P,-3.722,0.0,Metal,I4mm,107,14
Sn_id813_E-3.72.cif,Sn,-3.722,0.007,Metal,P4/mmm,123,6
NaLi4Al4Sn5O4_id459_E-3.72.cif,NaLi4Al4Sn5O4,-3.7219,0.205,Semiconductor,P4,75,18
Al2Zn6O7_id3057_E-3.72.cif,Al2Zn6O7,-3.7209,2.674,Semiconductor,P1,1,30
BaMgGeP_id4412_E-3.72.cif,BaMgGeP,-3.7206,1.082,Semiconductor,P4_2/mmc,131,8
NaCd3Sb3O4_id3747_E-3.72.cif,NaCd3Sb3O4,-3.7174,0.0,Metal,Pm-3n,223,22
SbTe_id1_E-3.71.cif,SbTe,-3.7134,0.005,Metal,F-43m,216,8
SnTeSeS2N_id2482_E-3.71.cif,SnTeSeS2N,-3.7131,1.285,Semiconductor,Cmc2_1,36,24
Be3GaSi3(SeO)3_id2321_E-3.71.cif,Be3GaSi3(SeO)3,-3.7129,0.822,Semiconductor,P6_3,173,26
InSnSb3_id3720_E-3.71.cif,InSnSb3,-3.7127,0.0,Metal,I2_12_12_1,24,20
TiZnGa_id1371_E-3.71.cif,TiZnGa,-3.7125,0.0,Metal,P4/mmm,123,12
TeS_id2120_E-3.71.cif,TeS,-3.7121,0.0,Metal,P4/m,83,8
NaCa3(SnAs2)3_id4733_E-3.71.cif,NaCa3(SnAs2)3,-3.7108,0.0,Metal,Pm-3n,223,26
As7P_id3187_E-3.71.cif,As7P,-3.7103,0.428,Semiconductor,Pm,6,16
Te2S9_id1569_E-3.71.cif,Te2S9,-3.7094,1.617,Semiconductor,Pnn2,34,22
Mg(AlSe4)2_id2749_E-3.71.cif,Mg(AlSe4)2,-3.7085,0.535,Semiconductor,P-42m,111,11
Mg3ScSn3N_id1388_E-3.71.cif,Mg3ScSn3N,-3.7081,0.0,Metal,Pm-3m,221,8
Al2InSiSn_id2056_E-3.71.cif,Al2InSiSn,-3.7079,0.0,Metal,I-4m2,119,10
ScTe2S3_id2026_E-3.71.cif,ScTe2S3,-3.7075,0.833,Semiconductor,P4mm,99,6
Ga4Sn7(SeS)6_id599_E-3.71.cif,Ga4Sn7(SeS)6,-3.7064,0.0,Metal,P-31c,163,46
CaGe4_id1348_E-3.71.cif,CaGe4,-3.7062,0.0,Metal,Im-3m,229,10
TeAsP_id423_E-3.71.cif,TeAsP,-3.7051,0.45,Semiconductor,P4_32_12,96,24
Ga2SiGe2_id4433_E-3.70.cif,Ga2SiGe2,-3.7039,0.0,Metal,Pccm,49,10
S_id4383_E-3.70.cif,S,-3.703,2.219,Semiconductor,Ia-3d,230,32
As3SeS2_id2047_E-3.70.cif,As3SeS2,-3.7019,1.275,Semiconductor,Pmmm,47,6
BeGaP_id2513_E-3.70.cif,BeGaP,-3.7016,0.0,Metal,Pca2_1,29,12
LiAl3Sb4_id4972_E-3.70.cif,LiAl3Sb4,-3.7004,0.0,Metal,Im-3m,229,16
K2O3_id2475_E-3.70.cif,K2O3,-3.6983,1.532,Semiconductor,Pbcn,60,20
CdSn3TeSe6_id4523_E-3.70.cif,CdSn3TeSe6,-3.6955,1.389,Semiconductor,P-31c,163,22
Li3Cd2O2_id364_E-3.69.cif,Li3Cd2O2,-3.6938,0.909,Semiconductor,C2/m,12,14
Sn3Ge_id1503_E-3.69.cif,Sn3Ge,-3.6931,0.0,Metal,P4_2/mcm,132,8
Be2ZnBP_id984_E-3.69.cif,Be2ZnBP,-3.6922,1.456,Semiconductor,Pnma,62,20
NaCa3BeP4Se3_id3427_E-3.69.cif,NaCa3BeP4Se3,-3.6913,1.976,Semiconductor,P-6m2,187,12
SnTe2Se3_id1918_E-3.69.cif,SnTe2Se3,-3.6905,0.053,Semiconductor,Pbam,55,12
BeSi2GeP2_id2038_E-3.69.cif,BeSi2GeP2,-3.6902,0.0,Metal,P4_32_12,96,24
Se4S3_id1904_E-3.69.cif,Se4S3,-3.6899,0.751,Semiconductor,Pnnn,48,28
KTi2BP2_id1890_E-3.69.cif,KTi2BP2,-3.6878,1.588,Semiconductor,Pccm,49,12
KNaO2_id1772_E-3.69.cif,KNaO2,-3.6851,0.611,Semiconductor,I4_122,98,16
CaAl2(SiO5)3_id2830_E-3.68.cif,CaAl2(SiO5)3,-3.6841,0.0,Metal,P2_1,4,42
K8AlZnCd4B4As4P4(Se2O3)2_id1085_E-3.68.cif,K8AlZnCd4B4As4P4(Se2O3)2,-3.6836,0.0,Metal,P4,75,36
SnTe2Se3_id1248_E-3.68.cif,SnTe2Se3,-3.683,0.661,Semiconductor,Pbam,55,12
Mg(InSe3)2_id4872_E-3.68.cif,Mg(InSe3)2,-3.6829,0.004,Metal,P-31c,163,18
Sn_id1715_E-3.68.cif,Sn,-3.6815,0.0,Metal,I4_1/amd,141,20
Ba2Li4N4O3_id1086_E-3.68.cif,Ba2Li4N4O3,-3.6815,3.046,Semiconductor,I4_1/a,88,52
Zn4GaSiS9_id697_E-3.68.cif,Zn4GaSiS9,-3.6814,0.0,Metal,I4,79,30
InSn2Sb_id3649_E-3.68.cif,InSn2Sb,-3.6814,0.0,Metal,F-43m,216,16
Li3Ca2Ti2O_id4179_E-3.68.cif,Li3Ca2Ti2O,-3.6804,0.0,Metal,Pn-3m,224,16
NaAl2(GeP)2_id1461_E-3.68.cif,NaAl2(GeP)2,-3.6788,0.0,Metal,P3_121,152,21
NaGe3_id3143_E-3.68.cif,NaGe3,-3.6787,0.0,Metal,Pm-3n,223,8
AlTeSNO17_id1493_E-3.68.cif,AlTeSNO17,-3.6786,1.296,Semiconductor,Pc,7,42
KNa2LiCd2O4_id979_E-3.68.cif,KNa2LiCd2O4,-3.6772,0.0,Metal,P4_22_12,94,20
Sn_id684_E-3.68.cif,Sn,-3.6772,0.0,Metal,P4/mmm,123,5
Sn_id1793_E-3.68.cif,Sn,-3.6771,0.0,Metal,P4/mmm,123,5
Mg3(PS2)2_id1982_E-3.68.cif,Mg3(PS2)2,-3.6771,2.463,Semiconductor,P2_12_12,18,18
Ti(GaSn)3_id2701_E-3.68.cif,Ti(GaSn)3,-3.677,0.0,Metal,Pmna,53,14
S_id192_E-3.68.cif,S,-3.6761,0.24,Semiconductor,Pba2,32,18
Na6In4SnO4_id4461_E-3.68.cif,Na6In4SnO4,-3.6755,3.113,Semiconductor,I-42m,121,30
Li2AlZn(SeS3)2_id1504_E-3.68.cif,Li2AlZn(SeS3)2,-3.6752,0.073,Semiconductor,P3_221,154,36
NaAlInTeSeS2_id4470_E-3.67.cif,NaAlInTeSeS2,-3.6739,1.356,Semiconductor,P2_1,4,14
Sn_id1668_E-3.67.cif,Sn,-3.6728,0.0,Metal,P4_132,213,20
Ca3InAs3_id4225_E-3.67.cif,Ca3InAs3,-3.6714,0.0,Metal,Pm-3n,223,14
Sn_id2993_E-3.67.cif,Sn,-3.6701,0.0,Metal,P-62m,189,12
Li(Se2O)2_id2170_E-3.67.cif,Li(Se2O)2,-3.6696,0.279,Semiconductor,P4/mnc,128,14
Ba(SnTe4)2_id4015_E-3.67.cif,Ba(SnTe4)2,-3.6682,0.01,Metal,I422,97,22
LiO9_id1427_E-3.67.cif,LiO9,-3.6677,0.335,Semiconductor,P1,1,40
NaLiSnSb(As2S)2_id2314_E-3.67.cif,NaLiSnSb(As2S)2,-3.6672,1.356,Semiconductor,Cccm,66,40
CaGe_id1179_E-3.66.cif,CaGe,-3.6649,0.0,Metal,Cmcm,63,8
Sn_id4299_E-3.66.cif,Sn,-3.662,0.0,Metal,P432,207,36
K6TiInO6_id1051_E-3.66.cif,K6TiInO6,-3.6619,1.23,Semiconductor,P-31c,163,28
KSnTe2_id4463_E-3.66.cif,KSnTe2,-3.6607,0.703,Semiconductor,R-3m,166,12
Li2MgTiZn2C(NO)2_id2397_E-3.66.cif,Li2MgTiZn2C(NO)2,-3.6596,1.473,Semiconductor,P4/mmm,123,11
K6BaSrO14_id4562_E-3.66.cif,K6BaSrO14,-3.6584,0.296,Semiconductor,P321,150,22
Li2As3S2_id2523_E-3.66.cif,Li2As3S2,-3.6584,1.557,Semiconductor,P4_2mc,105,14
GaSn3_id4659_E-3.66.cif,GaSn3,-3.6582,0.0,Metal,Pm-3n,223,8
Na3Sr2Li2MgGa2(N2O3)2_id2232_E-3.66.cif,Na3Sr2Li2MgGa2(N2O3)2,-3.6573,1.482,Semiconductor,P3_121,152,60
Li2CaGa2Te4O3_id1653_E-3.66.cif,Li2CaGa2Te4O3,-3.6556,0.562,Semiconductor,I4/m,87,24
CaTiP2O25_id818_E-3.66.cif,CaTiP2O25,-3.6552,1.568,Semiconductor,C2,5,58
Al_id4505_E-3.65.cif,Al,-3.6537,0.0,Metal,P4_132,213,20
S_id2863_E-3.65.cif,S,-3.6508,1.852,Semiconductor,Pbca,61,12
Sb_id1908_E-3.65.cif,Sb,-3.6487,0.0,Metal,Ia-3,206,48
Li3ScCd3S4_id880_E-3.64.cif,Li3ScCd3S4,-3.6448,0.738,Semiconductor,Pm-3n,223,22
Ga3S2_id786_E-3.64.cif,Ga3S2,-3.6444,0.05,Metal,Pnnn,48,20
Ga2Sn9_id1474_E-3.64.cif,Ga2Sn9,-3.6432,0.0,Metal,I-42m,121,22
Al_id4899_E-3.64.cif,Al,-3.643,0.0,Metal,P4_132,213,32
S_id3511_E-3.64.cif,S,-3.6429,1.066,Semiconductor,Pbca,61,8
Be2GaAsPO9_id3839_E-3.64.cif,Be2GaAsPO9,-3.6426,3.113,Semiconductor,P2_12_12_1,19,56
Sn_id4322_E-3.64.cif,Sn,-3.641,0.017,Metal,Pmmm,47,4
Si2Sb2AsS2_id2310_E-3.64.cif,Si2Sb2AsS2,-3.641,2.797,Semiconductor,Aea2,41,28
MgZn2Cd2O10_id2922_E-3.64.cif,MgZn2Cd2O10,-3.6409,0.07,Semiconductor,Pban,50,30
K2CaSe6_id851_E-3.64.cif,K2CaSe6,-3.6409,0.023,Metal,P-31c,163,18
Al2Ga3S2_id4637_E-3.64.cif,Al2Ga3S2,-3.6402,0.0,Metal,P-42_1m,113,14
Na2Zn3(SeO)4_id4197_E-3.64.cif,Na2Zn3(SeO)4,-3.6391,1.659,Semiconductor,Pban,50,26
TeSeO2_id991_E-3.64.cif,TeSeO2,-3.6391,0.541,Semiconductor,P4/mmm,123,8
TeSeS_id2123_E-3.64.cif,TeSeS,-3.6388,0.0,Metal,P4/m,83,12
NaS2_id2012_E-3.64.cif,NaS2,-3.6378,1.775,Semiconductor,P-42_1c,114,12
N2O17_id194_E-3.64.cif,N2O17,-3.6375,0.582,Semiconductor,Pm,6,38
Li4Si5P5O7_id1057_E-3.64.cif,Li4Si5P5O7,-3.6373,0.931,Semiconductor,P2_1,4,42
Sn_id3371_E-3.64.cif,Sn,-3.6366,0.009,Metal,Cmmm,65,4
Al3Se4_id1342_E-3.64.cif,Al3Se4,-3.6366,0.0,Metal,P-42_1m,113,14
TeS_id4976_E-3.64.cif,TeS,-3.6357,0.778,Semiconductor,Pbca,61,16
KCdInS4_id1208_E-3.64.cif,KCdInS4,-3.6353,0.0,Metal,P4/mmm,123,7
SnSe8_id1704_E-3.64.cif,SnSe8,-3.6353,0.0,Metal,P-43m,215,9
Sn_id3296_E-3.63.cif,Sn,-3.635,0.01,Metal,Cmmm,65,4
LiAs_id4025_E-3.63.cif,LiAs,-3.6336,0.705,Semiconductor,I4_1/acd,142,32
TeSeS2_id7_E-3.63.cif,TeSeS2,-3.6315,0.866,Semiconductor,P4/m,83,16
GaSn6Sb_id1033_E-3.63.cif,GaSn6Sb,-3.6298,0.0,Metal,P2/m,10,8
Te12S25_id1451_E-3.63.cif,Te12S25,-3.6289,1.592,Semiconductor,Pm-3m,221,37
GaAs4Se4S3_id3809_E-3.63.cif,GaAs4Se4S3,-3.6286,0.645,Semiconductor,I-42d,122,48
Se4S2NO2_id3599_E-3.63.cif,Se4S2NO2,-3.6284,1.608,Semiconductor,P-1,2,18
Li4Al2Cd(GeSe2)2_id2468_E-3.63.cif,Li4Al2Cd(GeSe2)2,-3.6283,0.139,Semiconductor,P-42m,111,13
K3Zn3GaGeO6_id54_E-3.63.cif,K3Zn3GaGeO6,-3.6278,0.0,Metal,P-6,174,14
Sn4Ge_id4828_E-3.63.cif,Sn4Ge,-3.6266,0.0,Metal,Imm2,44,10
K3In3O4_id1763_E-3.63.cif,K3In3O4,-3.6266,1.515,Semiconductor,P3c1,158,20
Ba4SbAs2_id2338_E-3.63.cif,Ba4SbAs2,-3.6263,0.249,Semiconductor,I4_1/a,88,28
ZnSi2_id1075_E-3.62.cif,ZnSi2,-3.6246,0.088,Semiconductor,Pa-3,205,12
Li2GaGe5_id121_E-3.62.cif,Li2GaGe5,-3.624,0.0,Metal,Amm2,38,16
Li4GeTe4_id2941_E-3.62.cif,Li4GeTe4,-3.6236,0.825,Semiconductor,P-42m,111,9
Se2SO8_id3615_E-3.62.cif,Se2SO8,-3.6236,2.37,Semiconductor,P4,75,11
NaZn2AsN2_id4843_E-3.62.cif,NaZn2AsN2,-3.6235,0.0,Metal,I4_122,98,24
GaSbTe_id480_E-3.62.cif,GaSbTe,-3.6232,0.0,Metal,Pbca,61,24
NaInO27_id3870_E-3.62.cif,NaInO27,-3.6232,0.0,Metal,P6_322,182,58
InSn3_id2702_E-3.62.cif,InSn3,-3.6213,0.0,Metal,P4/nmm,129,8
Ba4Sr4Ti2AlTe2O7_id1581_E-3.62.cif,Ba4Sr4Ti2AlTe2O7,-3.6199,0.211,Semiconductor,P1,1,60
TeSeS_id4269_E-3.62.cif,TeSeS,-3.6197,0.0,Metal,P4/m,83,12
Sc2Al4SeO_id3077_E-3.62.cif,Sc2Al4SeO,-3.6194,0.0,Metal,P4/nmm,129,16
LiSe_id4925_E-3.62.cif,LiSe,-3.6187,0.275,Semiconductor,P6_222,180,12
ScSi_id413_E-3.62.cif,ScSi,-3.6174,0.0,Metal,P4/mmm,123,16
SbAs3_id4246_E-3.62.cif,SbAs3,-3.6151,0.0,Metal,P4/mmm,123,4
NaSbS_id4469_E-3.61.cif,NaSbS,-3.6134,1.554,Semiconductor,P4_2/mmc,131,6
GaGe2_id4703_E-3.61.cif,GaGe2,-3.6119,0.005,Metal,P-62m,189,9
MgSi2Ge2As2PO13_id836_E-3.61.cif,MgSi2Ge2As2PO13,-3.6089,0.074,Semiconductor,P1,1,42
NaLiCdGeSbAsP2O_id703_E-3.61.cif,NaLiCdGeSbAsP2O,-3.6086,0.0,Metal,P6_5,170,54
Sn_id4724_E-3.61.cif,Sn,-3.6075,0.0,Metal,P432,207,36
K2SbO3_id3060_E-3.61.cif,K2SbO3,-3.6057,0.229,Semiconductor,C222,21,12
BaN_id2486_E-3.61.cif,BaN,-3.6051,0.039,Metal,P6_3/mmc,194,8
Mg3Zn2Te2(S5O3)2_id3791_E-3.61.cif,Mg3Zn2Te2(S5O3)2,-3.605,1.78,Semiconductor,Pnn2,34,46
Ge(Sb3Te)2_id1223_E-3.60.cif,Ge(Sb3Te)2,-3.6035,0.0,Metal,P2,3,18
NaLi3As2P9_id1722_E-3.60.cif,NaLi3As2P9,-3.6035,0.052,Semiconductor,P1,1,30
Ga2B_id2986_E-3.60.cif,Ga2B,-3.6031,0.0,Metal,P6_422,181,9
BS4_id4692_E-3.60.cif,BS4,-3.6026,2.068,Semiconductor,P3_112,151,15
CaSi_id1926_E-3.60.cif,CaSi,-3.6015,0.0,Metal,P6_3/mmc,194,8
BaIn3O_id1429_E-3.60.cif,BaIn3O,-3.6013,0.0,Metal,Pm-3m,221,5
In(SeS)2_id3375_E-3.60.cif,In(SeS)2,-3.6012,0.0,Metal,Cmmm,65,10
LiZn4NO4_id4277_E-3.60.cif,LiZn4NO4,-3.601,0.833,Semiconductor,I4_1/a,88,40
KCd2GeTe4(Se2S)4_id4321_E-3.60.cif,KCd2GeTe4(Se2S)4,-3.5993,0.0,Metal,P-42c,112,40
LiInSnSe2_id594_E-3.60.cif,LiInSnSe2,-3.5991,0.059,Semiconductor,P4/mmm,123,10
Ga2Sn2Ge3(SbSe5)2_id2223_E-3.60.cif,Ga2Sn2Ge3(SbSe5)2,-3.5987,0.0,Metal,P2_12_12,18,38
Mg2Sc3_id3644_E-3.60.cif,Mg2Sc3,-3.5985,0.0,Metal,P2/c,13,10
KZnSbS3_id4767_E-3.60.cif,KZnSbS3,-3.598,0.194,Semiconductor,Pm,6,6
CaGe4As_id1017_E-3.60.cif,CaGe4As,-3.5962,0.001,Metal,P-4n2,118,12
GaSiSe_id2051_E-3.59.cif,GaSiSe,-3.595,1.848,Semiconductor,P-42_1m,113,12
GaTe2_id4869_E-3.59.cif,GaTe2,-3.5924,0.9,Semiconductor,C222_1,20,12
MgSe4_id3505_E-3.59.cif,MgSe4,-3.5922,1.613,Semiconductor,P-42_1m,113,10
BaCa4Ge(AsP)4_id4497_E-3.59.cif,BaCa4Ge(AsP)4,-3.5912,3.069,Semiconductor,I4_1md,109,56
ZnAs4_id1187_E-3.59.cif,ZnAs4,-3.5902,0.0,Metal,Pccm,49,10
K4Ga(GeO3)4_id2687_E-3.59.cif,K4Ga(GeO3)4,-3.5896,0.133,Semiconductor,P1,1,21
K8InO6_id2767_E-3.59.cif,K8InO6,-3.5893,1.499,Semiconductor,P-31m,162,15
InSn5_id1652_E-3.59.cif,InSn5,-3.5887,0.0,Metal,P4/mmm,123,6
LiSn3_id3033_E-3.59.cif,LiSn3,-3.5884,0.0,Metal,Pm-3m,221,32
Na8LiCd4Se4(SO2)4_id1327_E-3.59.cif,Na8LiCd4Se4(SO2)4,-3.5866,0.545,Semiconductor,P4_2/n,86,58
AlIn3Te4_id4851_E-3.59.cif,AlIn3Te4,-3.5859,0.0,Metal,P-42m,111,8
KSb4_id698_E-3.59.cif,KSb4,-3.5856,1.146,Semiconductor,I2_12_12_1,24,20
LiTiBeGaSi_id2588_E-3.58.cif,LiTiBeGaSi,-3.5845,0.0,Metal,P4_122,91,20
NaCd2O8_id3153_E-3.58.cif,NaCd2O8,-3.5839,1.382,Semiconductor,Pbcm,57,44
K3O7_id3927_E-3.58.cif,K3O7,-3.5829,0.076,Semiconductor,I-43d,220,40
Li18Al8Zn6CdInC6(S3O4)2_id1957_E-3.58.cif,Li18Al8Zn6CdInC6(S3O4)2,-3.5825,1.3,Semiconductor,P1,1,54
Te3S2_id1447_E-3.58.cif,Te3S2,-3.5817,0.0,Metal,P6_2,171,15
Sr3Ca2N12_id2214_E-3.58.cif,Sr3Ca2N12,-3.5808,0.144,Semiconductor,Pn-3,201,34
ZnAs4P_id2272_E-3.58.cif,ZnAs4P,-3.5807,0.0,Metal,P-4m2,115,12
LiTePO18_id230_E-3.58.cif,LiTePO18,-3.5803,0.78,Semiconductor,Pc,7,42
Zn2InGaSe4_id2766_E-3.58.cif,Zn2InGaSe4,-3.5801,1.259,Semiconductor,I-42m,121,16
AlSe_id2874_E-3.58.cif,AlSe,-3.5786,1.386,Semiconductor,Aea2,41,32
InSn5_id463_E-3.58.cif,InSn5,-3.5784,0.0,Metal,Immm,71,12
Sn_id3457_E-3.58.cif,Sn,-3.5784,0.0,Metal,P-4m2,115,8
AlGaGe_id4903_E-3.58.cif,AlGaGe,-3.577,0.04,Metal,P4_32_12,96,12
Ca2Sb2C_id4338_E-3.57.cif,Ca2Sb2C,-3.575,0.0,Metal,I4/mmm,139,10
Li2Mg4ScSb12Se_id1238_E-3.57.cif,Li2Mg4ScSb12Se,-3.5747,0.0,Metal,P4/mnc,128,40
Ti2C7_id4108_E-3.57.cif,Ti2C7,-3.5741,0.0,Metal,P4_222,93,18
GaSb_id1107_E-3.57.cif,GaSb,-3.5725,0.0,Metal,Pmmn,59,4
SbAs5_id33_E-3.57.cif,SbAs5,-3.5724,0.09,Semiconductor,Pmmm,47,6
ScIn2_id4810_E-3.57.cif,ScIn2,-3.5721,0.0,Metal,P4_2cm,101,6
SeS_id2116_E-3.57.cif,SeS,-3.5719,1.427,Semiconductor,I4_1/amd,141,8
SbTe3_id1040_E-3.57.cif,SbTe3,-3.5705,0.003,Metal,Im-3m,229,8
LiSn3_id113_E-3.57.cif,LiSn3,-3.5703,0.0,Metal,Pm-3n,223,8
InSbTe_id1468_E-3.57.cif,InSbTe,-3.5693,0.0,Metal,Imma,74,12
KMg3Sc6TiCd_id1815_E-3.57.cif,KMg3Sc6TiCd,-3.5692,0.0,Metal,P-31c,163,24
Al_id3378_E-3.57.cif,Al,-3.569,0.0,Metal,I4_1/acd,142,16
K8Li4ZnGa8Te4P16Se4S2O3_id2720_E-3.57.cif,K8Li4ZnGa8Te4P16Se4S2O3,-3.5689,0.563,Semiconductor,P4,75,50
Ga3(SbAs)2_id1188_E-3.56.cif,Ga3(SbAs)2,-3.5635,0.0,Metal,Pccm,49,14
BaCdP3_id4971_E-3.56.cif,BaCdP3,-3.5618,0.0,Metal,R-3,148,30
Na2Li4GeSb2AsS4_id1922_E-3.56.cif,Na2Li4GeSb2AsS4,-3.5618,2.077,Semiconductor,P-1,2,14
BaLi2O_id329_E-3.56.cif,BaLi2O,-3.5613,0.0,Metal,P4_2/mmc,131,8
NaCd3O6_id1457_E-3.56.cif,NaCd3O6,-3.561,2.09,Semiconductor,Pm-3m,221,10
Li(SnTe)3_id996_E-3.56.cif,Li(SnTe)3,-3.5577,0.0,Metal,Pm-3n,223,14
Se3S10_id2237_E-3.56.cif,Se3S10,-3.5576,1.654,Semiconductor,Pmna,53,26
Ba2Ca3N2O_id2009_E-3.56.cif,Ba2Ca3N2O,-3.5576,0.382,Semiconductor,Pn-3m,224,16
Li4GaSn2GeSe4_id674_E-3.56.cif,Li4GaSn2GeSe4,-3.5573,0.88,Semiconductor,P-42c,112,24
K2NaLiTi3Zn3Ga3Si3Sb4As_id4881_E-3.56.cif,K2NaLiTi3Zn3Ga3Si3Sb4As,-3.5565,0.017,Metal,P3,143,21
Na2SbSe2_id2087_E-3.56.cif,Na2SbSe2,-3.5563,1.264,Semiconductor,Pn-3m,224,10
S_id4104_E-3.56.cif,S,-3.5559,2.072,Semiconductor,I4/mmm,139,20
CaAl2(SiGe)2_id3141_E-3.55.cif,CaAl2(SiGe)2,-3.5538,0.025,Metal,I4/mcm,140,28
NaGe2(SbTe)4_id3984_E-3.55.cif,NaGe2(SbTe)4,-3.5521,0.0,Metal,I-42m,121,22
K2O2_id627_E-3.55.cif,K2O2,-3.5521,0.0,Metal,C2/m,12,24
K3O7_id4884_E-3.55.cif,K3O7,-3.5521,0.04,Metal,P6_3,173,20
BeAl2Ga2Si_id2924_E-3.55.cif,BeAl2Ga2Si,-3.5493,0.0,Metal,Ibam,72,24
MgTiBeAlGaGe_id577_E-3.55.cif,MgTiBeAlGaGe,-3.5483,0.0,Metal,Pmc2_1,26,12
NaAl2(TeO)4_id2228_E-3.55.cif,NaAl2(TeO)4,-3.5478,0.0,Metal,P-42m,111,11
Ge_id4870_E-3.55.cif,Ge,-3.5473,0.0,Metal,P422,89,22
AlTe2SeS_id4228_E-3.55.cif,AlTe2SeS,-3.5473,0.0,Metal,P-42_1m,113,20
SbTe2_id4748_E-3.55.cif,SbTe2,-3.546,0.15,Semiconductor,Pbca,61,24
NaSe2S_id64_E-3.55.cif,NaSe2S,-3.5457,0.0,Metal,Pnn2,34,16
LiSn3_id2861_E-3.54.cif,LiSn3,-3.543,0.0,Metal,P4/mmm,123,4
Se_id1593_E-3.54.cif,Se,-3.5413,0.235,Semiconductor,P432,207,36
InSn6Sb_id2402_E-3.54.cif,InSn6Sb,-3.5402,0.0,Metal,P6_2,171,48
K2CaSb6_id3525_E-3.54.cif,K2CaSb6,-3.54,0.0,Metal,P312,149,9
Na2P2O_id1225_E-3.54.cif,Na2P2O,-3.5396,0.001,Metal,P4_32_12,96,20
LiInTe2(SeS)2_id1214_E-3.54.cif,LiInTe2(SeS)2,-3.539,0.0,Metal,P3_221,154,24
ScZnGa2_id4057_E-3.54.cif,ScZnGa2,-3.5389,0.0,Metal,I4/mmm,139,8
Li2Sb5TeAs_id845_E-3.54.cif,Li2Sb5TeAs,-3.5389,0.0,Metal,P6_1,169,54
Be2Ga2SiTe4_id1624_E-3.54.cif,Be2Ga2SiTe4,-3.5387,0.0,Metal,P-42m,111,9
Se_id4352_E-3.54.cif,Se,-3.5386,0.0,Metal,P4/m,83,12
Sb(TeSe2)2_id1551_E-3.54.cif,Sb(TeSe2)2,-3.5377,0.0,Metal,P2/m,10,7
Ge7As2_id4933_E-3.54.cif,Ge7As2,-3.5371,0.0,Metal,Pnn2,34,18
Si2S7_id282_E-3.54.cif,Si2S7,-3.5356,0.003,Metal,Fm-3m,225,36
Li2GaSnP4_id1177_E-3.54.cif,Li2GaSnP4,-3.5351,0.0,Metal,Pccm,49,16
Li2Cd(GeTe2)2_id1001_E-3.53.cif,Li2Cd(GeTe2)2,-3.5346,0.02,Metal,P-42m,111,9
Se2S_id1550_E-3.53.cif,Se2S,-3.5344,0.0,Metal,P4/m,83,12
MgSn8_id1714_E-3.53.cif,MgSn8,-3.5339,0.0,Metal,Pnnn,48,18
InGa2(TeSe)4_id76_E-3.53.cif,InGa2(TeSe)4,-3.5336,0.909,Semiconductor,P-42m,111,11
KIn2Sb6As_id1130_E-3.53.cif,KIn2Sb6As,-3.5333,0.0,Metal,P312,149,10
LiCaScTe4NO_id167_E-3.53.cif,LiCaScTe4NO,-3.5316,0.027,Metal,P4/nmm,129,18
InGaSe2_id3894_E-3.53.cif,InGaSe2,-3.5299,0.0,Metal,P4/mmm,123,8
Li2Cd2O3_id3828_E-3.53.cif,Li2Cd2O3,-3.5288,1.41,Semiconductor,Pbcn,60,28
In2TeSe5_id34_E-3.53.cif,In2TeSe5,-3.5266,0.822,Semiconductor,Cmmm,65,16
Li2Sc3Zn_id245_E-3.53.cif,Li2Sc3Zn,-3.5258,0.0,Metal,I-4m2,119,24
Sn2GeSe6_id1190_E-3.53.cif,Sn2GeSe6,-3.5251,0.0,Metal,Pcc2,27,18
BaGa2(SnGe)2_id2753_E-3.52.cif,BaGa2(SnGe)2,-3.5236,0.001,Metal,I4/mmm,139,14
AlSn6(TeSe)4_id3822_E-3.52.cif,AlSn6(TeSe)4,-3.5229,0.428,Semiconductor,I-42m,121,30
S_id2948_E-3.52.cif,S,-3.5223,1.269,Semiconductor,Pba2,32,34
Sn_id1800_E-3.52.cif,Sn,-3.5218,0.0,Metal,P23,195,12
CdN_id4275_E-3.52.cif,CdN,-3.5215,0.0,Metal,P4_2/ncm,138,8
Mg2Al3GeAs3(CO)3_id2115_E-3.52.cif,Mg2Al3GeAs3(CO)3,-3.5213,0.004,Metal,P6_3,173,30
NaGaO8_id3071_E-3.52.cif,NaGaO8,-3.5212,1.276,Semiconductor,I4/mmm,139,20
TeAs_id3157_E-3.52.cif,TeAs,-3.5208,0.635,Semiconductor,Pbca,61,16
CdIn3Ge3Se4_id4036_E-3.52.cif,CdIn3Ge3Se4,-3.5201,0.0,Metal,P-43m,215,11
Ba2Sn3P2S_id3272_E-3.52.cif,Ba2Sn3P2S,-3.5189,1.475,Semiconductor,C2/m,12,16
KMgTeO_id2390_E-3.52.cif,KMgTeO,-3.5188,0.931,Semiconductor,Aea2,41,32
Sc2In2Sn_id14_E-3.52.cif,Sc2In2Sn,-3.5188,2.283,Semiconductor,Pa-3,205,20
Zn2GaGeTe4(SeS)4_id4574_E-3.52.cif,Zn2GaGeTe4(SeS)4,-3.5183,0.821,Semiconductor,P-42c,112,32
BaSr4N2_id3172_E-3.52.cif,BaSr4N2,-3.5177,0.176,Semiconductor,I-4m2,119,28
LiSb2_id3279_E-3.52.cif,LiSb2,-3.5172,0.05,Metal,P4_12_12,92,12
Se_id4687_E-3.52.cif,Se,-3.5159,0.01,Metal,P4/m,83,4
KCdSnSb6As_id4871_E-3.52.cif,KCdSnSb6As,-3.5153,0.0,Metal,P312,149,10
TeSe4_id1501_E-3.51.cif,TeSe4,-3.5148,0.0,Metal,C2/c,15,20
ZnGeP_id2795_E-3.51.cif,ZnGeP,-3.5146,0.0,Metal,Pca2_1,29,12
Al_id3711_E-3.51.cif,Al,-3.5109,0.0,Metal,I4_1/acd,142,16
Sr2GeSb(TeO)2_id3107_E-3.51.cif,Sr2GeSb(TeO)2,-3.5093,0.054,Semiconductor,P3_221,154,24
Ca3ScGa4_id3382_E-3.51.cif,Ca3ScGa4,-3.5092,0.0,Metal,Im-3m,229,16
GaSiAs_id102_E-3.51.cif,GaSiAs,-3.5085,0.0,Metal,P4_32_12,96,12
Sb_id131_E-3.51.cif,Sb,-3.508,0.0,Metal,P2_12_12_1,19,4
MgInSnS8_id3282_E-3.51.cif,MgInSnS8,-3.5079,1.902,Semiconductor,Pmmn,59,22
LiSe7_id2707_E-3.51.cif,LiSe7,-3.5056,0.0,Metal,Pm-3m,221,8
Sn(PS4)4_id3911_E-3.50.cif,Sn(PS4)4,-3.5041,0.846,Semiconductor,Pc,7,42
Se_id3656_E-3.50.cif,Se,-3.5026,0.078,Semiconductor,I4/mcm,140,8
Li2MgTiZn2Ga3(SnO2)2_id3653_E-3.50.cif,Li2MgTiZn2Ga3(SnO2)2,-3.5003,0.0,Metal,P2,3,15
ZnGa2(Sn2Ge)2_id1111_E-3.50.cif,ZnGa2(Sn2Ge)2,-3.4976,0.0,Metal,P-42m,111,9
In2TeSeS2_id378_E-3.50.cif,In2TeSeS2,-3.4951,0.0,Metal,Pm,6,6
TiBe3_id223_E-3.49.cif,TiBe3,-3.4935,0.369,Semiconductor,P4_132,213,16
Ti8Be17Ga_id3119_E-3.49.cif,Ti8Be17Ga,-3.4921,0.0,Metal,P4/mcc,124,52
Sc4SbTe7_id814_E-3.49.cif,Sc4SbTe7,-3.4907,0.101,Semiconductor,P-43n,218,24
SrTi_id2865_E-3.49.cif,SrTi,-3.4883,0.0,Metal,P4_122,91,8
MgAl2(TeSe)2_id3942_E-3.49.cif,MgAl2(TeSe)2,-3.488,0.033,Metal,P-42_1m,113,14
InSe_id4763_E-3.49.cif,InSe,-3.4862,0.0,Metal,P4/m,83,8
LiGe_id3636_E-3.49.cif,LiGe,-3.486,0.0,Metal,Fd-3m,227,16
Sn_id1306_E-3.48.cif,Sn,-3.4846,0.0,Metal,Cmmm,65,12
KSn5_id208_E-3.48.cif,KSn5,-3.4845,0.029,Metal,P4/mmm,123,6
KTe4As_id1125_E-3.48.cif,KTe4As,-3.4841,0.681,Semiconductor,I222,23,12
In2Sb2As_id3317_E-3.48.cif,In2Sb2As,-3.4816,0.0,Metal,P4_32_12,96,20
LiZnGaSnS3_id104_E-3.48.cif,LiZnGaSnS3,-3.4811,0.067,Semiconductor,Imma,74,28
LiGaAs_id4214_E-3.48.cif,LiGaAs,-3.4789,0.0,Metal,P6_3/mmc,194,6
In2Ge2Te3_id4914_E-3.48.cif,In2Ge2Te3,-3.4785,0.0,Metal,P6,168,21
MgGe2_id4227_E-3.48.cif,MgGe2,-3.4772,0.0,Metal,Pbcn,60,12
Al_id2368_E-3.48.cif,Al,-3.4762,0.0,Metal,Amm2,38,8
Sb2Te_id3419_E-3.47.cif,Sb2Te,-3.4746,0.164,Semiconductor,I4_1/a,88,24
KSn2As_id2959_E-3.47.cif,KSn2As,-3.4727,0.0,Metal,Immm,71,8
S_id302_E-3.47.cif,S,-3.4722,1.978,Semiconductor,Pm-3m,221,8
Se_id2395_E-3.47.cif,Se,-3.4718,0.0,Metal,Pbca,61,16
LiAl30Ga_id563_E-3.47.cif,LiAl30Ga,-3.4694,0.0,Metal,Pm-3,200,32
BeGa12Si(BP)2_id4441_E-3.47.cif,BeGa12Si(BP)2,-3.4692,0.0,Metal,I422,97,36
BaSr6GeO7_id2765_E-3.47.cif,BaSr6GeO7,-3.4686,2.681,Semiconductor,P6_322,182,30
Li(Sb2Te)2_id3151_E-3.47.cif,Li(Sb2Te)2,-3.4676,0.063,Semiconductor,Ibam,72,28
Na4GaSiPNO12_id1679_E-3.47.cif,Na4GaSiPNO12,-3.4656,1.815,Semiconductor,P1,1,40
Li4SnAs3_id372_E-3.46.cif,Li4SnAs3,-3.4643,0.0,Metal,I-4m2,119,16
CdInC6_id983_E-3.46.cif,CdInC6,-3.4635,0.181,Semiconductor,R-3,148,24
Mg2InSe4_id4192_E-3.46.cif,Mg2InSe4,-3.463,0.892,Semiconductor,I-42d,122,28
O2_id745_E-3.46.cif,O2,-3.4627,1.068,Semiconductor,P4/n,85,34
LiSn2_id445_E-3.46.cif,LiSn2,-3.4625,0.0,Metal,P-6m2,187,3
AlCdInAsS2_id4716_E-3.46.cif,AlCdInAsS2,-3.462,0.0,Metal,P3_221,154,18
Sr2MgSi2As3_id1074_E-3.46.cif,Sr2MgSi2As3,-3.4619,0.685,Semiconductor,P4/mmm,123,16
LiGaSb2TeS4_id2373_E-3.46.cif,LiGaSb2TeS4,-3.4615,1.167,Semiconductor,Pmmm,47,9
Ba2N_id3604_E-3.46.cif,Ba2N,-3.4614,0.0,Metal,P4_32_12,96,12
LiInTe4_id546_E-3.46.cif,LiInTe4,-3.4612,0.498,Semiconductor,I4_1/a,88,24
BaZnGaTe4_id3177_E-3.46.cif,BaZnGaTe4,-3.4609,0.0,Metal,I222,23,14
Se_id3437_E-3.46.cif,Se,-3.4596,0.175,Semiconductor,Pbca,61,16
GaSn_id1906_E-3.46.cif,GaSn,-3.4575,0.0,Metal,Pm-3m,221,16
AlS_id3380_E-3.46.cif,AlS,-3.4557,0.0,Metal,P6_522,179,12
BaAl5Ga_id727_E-3.46.cif,BaAl5Ga,-3.4554,0.0,Metal,I-4m2,119,14
Ca2Ga2Ge_id2024_E-3.45.cif,Ca2Ga2Ge,-3.4544,0.0,Metal,Immm,71,10
Sr2Sc2Zn3O_id1588_E-3.45.cif,Sr2Sc2Zn3O,-3.4534,0.0,Metal,Pn-3m,224,16
BSe12_id1773_E-3.45.cif,BSe12,-3.4507,0.959,Semiconductor,I432,211,26
AlSbTeSeS17_id2496_E-3.45.cif,AlSbTeSeS17,-3.4498,1.204,Semiconductor,Pc,7,42
LiBe2Zn2(SiGe)4_id2327_E-3.45.cif,LiBe2Zn2(SiGe)4,-3.4483,0.0,Metal,I-4c2,120,52
Se_id3006_E-3.45.cif,Se,-3.448,0.0,Metal,Pba2,32,10
LiBe2GaSb2_id2585_E-3.45.cif,LiBe2GaSb2,-3.4466,0.163,Semiconductor,P-4m2,115,6
SbTe2Se3_id3713_E-3.45.cif,SbTe2Se3,-3.4461,0.0,Metal,C2/m,12,12
NaS_id3246_E-3.45.cif,NaS,-3.4456,1.321,Semiconductor,P6/mmm,191,12
NaLi4AlZnO3_id2716_E-3.45.cif,NaLi4AlZnO3,-3.445,2.931,Semiconductor,P-6c2,188,20
InSn5_id4216_E-3.44.cif,InSn5,-3.4447,0.0,Metal,Pmmm,47,6
Li4Si5P_id1402_E-3.44.cif,Li4Si5P,-3.4433,0.043,Metal,I2_12_12_1,24,40
TeSe_id2690_E-3.44.cif,TeSe,-3.443,0.0,Metal,Pbca,61,16
KBaSn4GeAs_id4511_E-3.44.cif,KBaSn4GeAs,-3.443,0.034,Metal,P3,143,8
InGaTe2_id513_E-3.44.cif,InGaTe2,-3.4424,0.336,Semiconductor,Aea2,41,16
Li2TiIn2_id4625_E-3.44.cif,Li2TiIn2,-3.4382,0.0,Metal,Ibca,73,40
CaAs_id1034_E-3.44.cif,CaAs,-3.4373,0.63,Semiconductor,P6_222,180,12
LiInP_id1595_E-3.44.cif,LiInP,-3.4356,0.0,Metal,P6_222,180,9
Se_id1153_E-3.44.cif,Se,-3.4355,0.0,Metal,P6_3/m,176,8
LiCdInTeO3_id4759_E-3.44.cif,LiCdInTeO3,-3.4352,0.797,Semiconductor,P4/nmm,129,14
Ba3Li2GeAs4_id3977_E-3.43.cif,Ba3Li2GeAs4,-3.4345,0.208,Semiconductor,I4/mcm,140,40
MgZn5(GaO4)2_id4329_E-3.43.cif,MgZn5(GaO4)2,-3.4328,1.346,Semiconductor,P-42c,112,32
Te3As_id1813_E-3.43.cif,Te3As,-3.4323,0.055,Semiconductor,P3_221,154,12
InTe2_id369_E-3.43.cif,InTe2,-3.4307,0.0,Metal,P4_2/mmc,131,6
TiGa10_id3190_E-3.43.cif,TiGa10,-3.4303,0.0,Metal,P4/mnc,128,22
Te4Se5_id258_E-3.43.cif,Te4Se5,-3.4296,0.0,Metal,P-42_1c,114,18
ScCdGe(TeSe)2_id125_E-3.43.cif,ScCdGe(TeSe)2,-3.4274,0.0,Metal,Pmmn,59,14
KBa6SnO2_id2529_E-3.43.cif,KBa6SnO2,-3.4269,0.0,Metal,P-3,147,10
NaInSn7Ge_id1875_E-3.43.cif,NaInSn7Ge,-3.4265,0.0,Metal,P312,149,10
K7O6_id3154_E-3.43.cif,K7O6,-3.4263,1.107,Semiconductor,Im-3m,229,26
Li2SiSn2Ge_id377_E-3.43.cif,Li2SiSn2Ge,-3.4254,0.0,Metal,P4_2/mnm,136,12
Se_id1481_E-3.42.cif,Se,-3.4241,0.0,Metal,I4/mcm,140,8
Li3Sb2Te8(AsP2)2_id706_E-3.42.cif,Li3Sb2Te8(AsP2)2,-3.4232,0.0,Metal,P2_12_12,18,38
LiSe2_id1197_E-3.42.cif,LiSe2,-3.4226,0.0,Metal,P4/m,83,12
BaGe5_id383_E-3.42.cif,BaGe5,-3.4225,0.0,Metal,I4_1/a,88,24
K6InGa(SnSe3)2_id4555_E-3.42.cif,K6InGa(SnSe3)2,-3.42,0.83,Semiconductor,P1,1,16
Ba3Al4Ge3Te6(SeS2)3_id3350_E-3.42.cif,Ba3Al4Ge3Te6(SeS2)3,-3.4192,1.587,Semiconductor,P31c,159,50
Ba3SrLi4S3_id4120_E-3.42.cif,Ba3SrLi4S3,-3.4186,2.247,Semiconductor,Pm-3n,223,22
Ca2Sb_id1735_E-3.42.cif,Ca2Sb,-3.417,0.0,Metal,Pa-3,205,12
SrLiAlSn4_id2097_E-3.42.cif,SrLiAlSn4,-3.4168,0.0,Metal,I-4m2,119,14
Sc2(ZnGa)3_id495_E-3.42.cif,Sc2(ZnGa)3,-3.4167,0.0,Metal,R-3c,167,48
MgSb2As_id129_E-3.42.cif,MgSb2As,-3.4163,0.0,Metal,Pca2_1,29,16
Ge_id1120_E-3.42.cif,Ge,-3.4154,0.0,Metal,I4/mmm,139,8
LiCaSn2_id4650_E-3.42.cif,LiCaSn2,-3.4151,0.0,Metal,Fm-3m,225,16
CaMgScGa_id4134_E-3.41.cif,CaMgScGa,-3.4126,0.0,Metal,F-43m,216,16
MgSc3B4_id1842_E-3.41.cif,MgSc3B4,-3.41,0.0,Metal,Immm,71,16
In4Ge3_id1587_E-3.41.cif,In4Ge3,-3.4093,0.0,Metal,I-43d,220,28
MgCd2(GaS)4_id4485_E-3.41.cif,MgCd2(GaS)4,-3.4079,0.0,Metal,I-42m,121,22
GaTe_id2670_E-3.41.cif,GaTe,-3.4061,0.0,Metal,Pccm,49,8
Ca7Sc8_id1230_E-3.40.cif,Ca7Sc8,-3.4044,0.0,Metal,P-31m,162,15
MgSn3_id3670_E-3.40.cif,MgSn3,-3.4035,0.0,Metal,Im-3m,229,8
MgSn3_id2179_E-3.40.cif,MgSn3,-3.3993,0.0,Metal,Pm-3m,221,32
Na4Ca2Sn5S4_id376_E-3.40.cif,Na4Ca2Sn5S4,-3.3993,0.01,Metal,Immm,71,30
ZnSiPO2_id3506_E-3.40.cif,ZnSiPO2,-3.3973,0.358,Semiconductor,P4_12_12,92,20
ScAlZn2_id2092_E-3.40.cif,ScAlZn2,-3.3959,0.0,Metal,P6_3/mmc,194,8
Ba2GaN_id4866_E-3.40.cif,Ba2GaN,-3.3953,0.0,Metal,I4_122,98,16
LiCdIn3Sb3Se4_id1072_E-3.40.cif,LiCdIn3Sb3Se4,-3.3951,0.0,Metal,P-43m,215,12
SbTe_id1420_E-3.39.cif,SbTe,-3.3944,0.0,Metal,P3_221,154,12
Ti5Zn8_id3342_E-3.39.cif,Ti5Zn8,-3.3944,0.0,Metal,Fmm2,42,52
LiTi(AlZn)2_id4301_E-3.39.cif,LiTi(AlZn)2,-3.3931,0.0,Metal,I4_1/amd,141,24
Zn2CdO2_id1207_E-3.39.cif,Zn2CdO2,-3.3926,0.446,Semiconductor,Cmme,67,20
K2NaLi12TiBe6Al6(PO4)6_id1213_E-3.39.cif,K2NaLi12TiBe6Al6(PO4)6,-3.3901,0.0,Metal,P321,150,58
GaAs_id619_E-3.39.cif,GaAs,-3.3879,0.0,Metal,Pccm,49,8
Zn2GeSe3_id1762_E-3.39.cif,Zn2GeSe3,-3.3873,0.959,Semiconductor,Pbam,55,12
Mg(AlTe)4_id3207_E-3.38.cif,Mg(AlTe)4,-3.3848,0.0,Metal,P-42m,111,9
AlS_id2777_E-3.38.cif,AlS,-3.3843,0.0,Metal,P4_232,208,24
Al2Ga_id861_E-3.38.cif,Al2Ga,-3.3834,0.0,Metal,F-43m,216,12
InSn2_id1350_E-3.38.cif,InSn2,-3.3807,0.0,Metal,P4_132,213,12
TeAsC(SeS8)2_id1618_E-3.38.cif,TeAsC(SeS8)2,-3.3806,2.72,Semiconductor,P1,1,21
Al_id4507_E-3.38.cif,Al,-3.3793,0.0,Metal,I4/mmm,139,20
Mg3Sc10_id1522_E-3.38.cif,Mg3Sc10,-3.3785,0.0,Metal,P6/mmm,191,13
KNa4Li2Ti(B2O)2_id3647_E-3.38.cif,KNa4Li2Ti(B2O)2,-3.3783,1.508,Semiconductor,C222,21,28
InGaSO_id2811_E-3.38.cif,InGaSO,-3.3779,0.0,Metal,P3m1,156,8
Mg2TiGe2_id3305_E-3.38.cif,Mg2TiGe2,-3.3778,0.0,Metal,P2/c,13,10
Al2Cd(TeSe2)4_id1882_E-3.38.cif,Al2Cd(TeSe2)4,-3.3772,0.0,Metal,P-42m,111,15
Mg4As3_id1964_E-3.38.cif,Mg4As3,-3.3767,0.0,Metal,I-43d,220,28
TeSe2_id69_E-3.38.cif,TeSe2,-3.3766,0.0,Metal,Pccm,49,6
Zn3GeS4_id2184_E-3.37.cif,Zn3GeS4,-3.3739,0.958,Semiconductor,I-42d,122,32
MgBeSiSb2_id3589_E-3.37.cif,MgBeSiSb2,-3.3731,0.0,Metal,Pccm,49,10
ZnCd2(GeO)2_id3651_E-3.37.cif,ZnCd2(GeO)2,-3.3718,0.0,Metal,Pm,6,7
BaMg4Al3O3_id152_E-3.37.cif,BaMg4Al3O3,-3.3711,0.0,Metal,Pm-3n,223,22
Se_id2912_E-3.37.cif,Se,-3.3698,1.289,Semiconductor,Ia-3,206,56
InSn_id3806_E-3.37.cif,InSn,-3.3697,0.0,Metal,P4/nmm,129,8
O2_id4070_E-3.37.cif,O2,-3.3695,1.218,Semiconductor,Pn-3m,224,48
SiGeBO18_id879_E-3.37.cif,SiGeBO18,-3.3685,2.877,Semiconductor,Pc,7,42
LiTe_id4398_E-3.37.cif,LiTe,-3.3666,1.215,Semiconductor,P-3m1,164,4
CaCdTe4_id2265_E-3.37.cif,CaCdTe4,-3.366,0.017,Metal,P4/nbm,125,12
SrIn2Sn9_id2649_E-3.37.cif,SrIn2Sn9,-3.3657,0.0,Metal,P6/mmm,191,12
CdSbS2_id1123_E-3.37.cif,CdSbS2,-3.3655,0.511,Semiconductor,P4/nmm,129,8
Ga2SnS_id1881_E-3.36.cif,Ga2SnS,-3.364,0.0,Metal,P4/mmm,123,8
Ge2SbAs7_id15_E-3.36.cif,Ge2SbAs7,-3.3624,0.0,Metal,P4mm,99,10
BaNa2In2SbTe4_id3237_E-3.36.cif,BaNa2In2SbTe4,-3.3623,0.013,Metal,I222,23,20
In4As3O2_id362_E-3.36.cif,In4As3O2,-3.3623,0.0,Metal,R32,155,27
ScCd_id751_E-3.36.cif,ScCd,-3.3622,0.0,Metal,I4/mmm,139,20
Sc_id1857_E-3.36.cif,Sc,-3.3622,0.0,Metal,P31m,157,33
BeAlIn2(SeS2)2_id1191_E-3.36.cif,BeAlIn2(SeS2)2,-3.3619,1.467,Semiconductor,P-42c,112,20
BO3_id2466_E-3.36.cif,BO3,-3.3607,3.231,Semiconductor,I432,211,32
BeAs_id4388_E-3.36.cif,BeAs,-3.3605,0.816,Semiconductor,Pcc2,27,8
Zn2SiGe3_id3261_E-3.36.cif,Zn2SiGe3,-3.3601,0.0,Metal,Ibam,72,24
Se_id2612_E-3.36.cif,Se,-3.3552,0.96,Semiconductor,Pbca,61,8
BeAl4Si_id3575_E-3.35.cif,BeAl4Si,-3.3546,0.0,Metal,P-42m,111,6
CdO_id4760_E-3.35.cif,CdO,-3.3527,2.787,Semiconductor,P4/mmm,123,8
Ba2BeP_id4561_E-3.35.cif,Ba2BeP,-3.3524,0.198,Semiconductor,Fm-3m,225,16
Ti2Zn2Sn_id4138_E-3.35.cif,Ti2Zn2Sn,-3.3517,0.0,Metal,P4bm,100,10
LiTiGaSb_id4824_E-3.35.cif,LiTiGaSb,-3.3511,2.043,Semiconductor,P2_1,4,32
SrCaSn26_id3083_E-3.35.cif,SrCaSn26,-3.3508,0.0,Metal,P6/mmm,191,28
Ba2Si_id390_E-3.35.cif,Ba2Si,-3.3479,0.0,Metal,P4_2/nmc,137,12
GaSn2Ge_id3133_E-3.35.cif,GaSn2Ge,-3.3471,0.0,Metal,P4/mmm,123,4
Ba4ZnIn3(SeO)6_id3684_E-3.35.cif,Ba4ZnIn3(SeO)6,-3.3459,1.802,Semiconductor,Im-3m,229,40
K3SnGe3Te9As2(SeS)3_id4426_E-3.35.cif,K3SnGe3Te9As2(SeS)3,-3.3459,0.001,Metal,P31m,157,24
In2Sn3_id2939_E-3.35.cif,In2Sn3,-3.3452,0.0,Metal,Pbam,55,20
Mg2SnSb3_id221_E-3.34.cif,Mg2SnSb3,-3.3432,0.0,Metal,Cmcm,63,24
CdSbTeO6_id3973_E-3.34.cif,CdSbTeO6,-3.3409,0.0,Metal,P6_322,182,18
MgBeCd2O16_id1046_E-3.34.cif,MgBeCd2O16,-3.3402,0.253,Semiconductor,P-42c,112,40
LiTe_id3367_E-3.34.cif,LiTe,-3.3389,0.0,Metal,Aea2,41,16
Li2Te_id3838_E-3.34.cif,Li2Te,-3.3379,0.159,Semiconductor,P4/mmm,123,12
KAs4_id1902_E-3.34.cif,KAs4,-3.3362,0.198,Semiconductor,Ccce,68,20
Li(GaTe4)2_id869_E-3.33.cif,Li(GaTe4)2,-3.3333,0.062,Semiconductor,P-42m,111,11
LiTe_id48_E-3.33.cif,LiTe,-3.3326,0.849,Semiconductor,P4/nmm,129,16
Ba4Sn4TePS2_id3677_E-3.33.cif,Ba4Sn4TePS2,-3.33,0.0,Metal,P3_221,154,36
InSn_id4211_E-3.33.cif,InSn,-3.33,0.0,Metal,I4_1/amd,141,8
CaIn3Sn8_id1787_E-3.33.cif,CaIn3Sn8,-3.3292,0.0,Metal,P6/mmm,191,12
LiZn(As2Se)2_id980_E-3.33.cif,LiZn(As2Se)2,-3.3285,1.5,Semiconductor,P-42_1m,113,16
LiTe_id3436_E-3.33.cif,LiTe,-3.3283,0.429,Semiconductor,P4_2/m,84,8
NaAlSnGe4SbSe_id466_E-3.33.cif,NaAlSnGe4SbSe,-3.3281,0.0,Metal,P6,168,54
Al3ZnCd2Sb2(TeS2)2_id276_E-3.33.cif,Al3ZnCd2Sb2(TeS2)2,-3.328,0.0,Metal,P3_121,152,42
SeS_id2608_E-3.33.cif,SeS,-3.328,1.317,Semiconductor,P4/m,83,8
Na2Li2Ti2Si2GeSb2(PO)2_id3675_E-3.33.cif,Na2Li2Ti2Si2GeSb2(PO)2,-3.3276,0.0,Metal,Pnn2,34,30
Se_id1914_E-3.33.cif,Se,-3.327,1.874,Semiconductor,P4/m,83,8
Sc3(Al3In2)2_id567_E-3.33.cif,Sc3(Al3In2)2,-3.3253,0.0,Metal,P4_232,208,26
CaCd6In3(SnO)6_id4940_E-3.32.cif,CaCd6In3(SnO)6,-3.3243,0.0,Metal,Im-3m,229,44
Ti2Ga2SiGe4_id4510_E-3.32.cif,Ti2Ga2SiGe4,-3.3242,0.0,Metal,Cmme,67,36
ScZnTeS_id1241_E-3.32.cif,ScZnTeS,-3.3232,6.406,Insulator,Cmc2_1,36,16
NaSe_id3801_E-3.32.cif,NaSe,-3.323,1.304,Semiconductor,I4_1/amd,141,8
ZnSbTe2(SeS)2_id2_E-3.32.cif,ZnSbTe2(SeS)2,-3.3226,0.284,Semiconductor,P3_221,154,24
Te4P_id589_E-3.32.cif,Te4P,-3.3224,0.0,Metal,I4_1/a,88,20
InTeS_id646_E-3.32.cif,InTeS,-3.3217,0.006,Metal,P4_2/ncm,138,12
K7NaO6_id2318_E-3.32.cif,K7NaO6,-3.3211,0.0,Metal,P-31c,163,28
Na3Te2(PS)2_id3821_E-3.32.cif,Na3Te2(PS)2,-3.3206,0.455,Semiconductor,P3_112,151,27
SrCa3O_id1672_E-3.32.cif,SrCa3O,-3.3199,0.013,Metal,Immm,71,10
ZnIn2Ga(TeS)4_id2207_E-3.32.cif,ZnIn2Ga(TeS)4,-3.3176,0.0,Metal,I-42m,121,24
Sb8Te_id4640_E-3.32.cif,Sb8Te,-3.3171,0.0,Metal,P2_12_12,18,36
Be2Al4ZnGe2_id1334_E-3.32.cif,Be2Al4ZnGe2,-3.3166,0.0,Metal,P-42m,111,9
Mg2Te2SeS6NO2_id3363_E-3.32.cif,Mg2Te2SeS6NO2,-3.3162,0.987,Semiconductor,P1,1,42
LiSe6_id525_E-3.32.cif,LiSe6,-3.3155,0.0,Metal,Fm-3m,225,28
Ga3As_id336_E-3.31.cif,Ga3As,-3.3145,0.0,Metal,Pm-3n,223,8
Ga4SiGe_id4217_E-3.31.cif,Ga4SiGe,-3.3142,0.0,Metal,P-42m,111,6
TeSe4_id2522_E-3.31.cif,TeSe4,-3.3134,0.993,Semiconductor,I-42d,122,20
NaLi2ZnGaS5_id3268_E-3.31.cif,NaLi2ZnGaS5,-3.313,1.668,Semiconductor,P2_1/m,11,20
Se_id3759_E-3.31.cif,Se,-3.3126,1.786,Semiconductor,I4/mmm,139,8
Se_id2807_E-3.31.cif,Se,-3.3115,1.473,Semiconductor,Pbca,61,16
Se_id2870_E-3.31.cif,Se,-3.3115,0.0,Metal,I2_12_12_1,24,24
TiBeGaSi3_id1873_E-3.31.cif,TiBeGaSi3,-3.3104,0.016,Metal,I4_1md,109,24
Se_id3705_E-3.31.cif,Se,-3.3095,0.481,Semiconductor,Pbca,61,8
Te4As_id1822_E-3.31.cif,Te4As,-3.309,0.047,Metal,P2/m,10,5
In8Ga3(As2S)2_id1540_E-3.31.cif,In8Ga3(As2S)2,-3.3085,0.0,Metal,I422,97,34
InSn5_id1160_E-3.31.cif,InSn5,-3.3082,0.0,Metal,P2_12_12_1,19,24
CaAl10_id2979_E-3.31.cif,CaAl10,-3.3075,0.0,Metal,I-42m,121,22
Ga3Ge_id4103_E-3.31.cif,Ga3Ge,-3.3056,0.0,Metal,Pm-3n,223,8
K2GeAs4_id3316_E-3.30.cif,K2GeAs4,-3.3048,0.228,Semiconductor,Fd-3m,227,56
SrO45_id3368_E-3.30.cif,SrO45,-3.3014,0.0,Metal,P-3,147,46
CaZn(InSi2)2_id2566_E-3.30.cif,CaZn(InSi2)2,-3.2996,0.0,Metal,I4/mcm,140,32
Li6TeSe2_id2937_E-3.30.cif,Li6TeSe2,-3.2982,2.24,Semiconductor,Fm-3m,225,36
Ca4N4O_id4294_E-3.30.cif,Ca4N4O,-3.2976,1.664,Semiconductor,Pn-3m,224,18
In2Ge_id740_E-3.30.cif,In2Ge,-3.2968,0.0,Metal,Pa-3,205,12
GaAsSe_id1206_E-3.30.cif,GaAsSe,-3.2959,0.033,Metal,P4_32_12,96,12
Li2Sn2SbAsSe_id3212_E-3.30.cif,Li2Sn2SbAsSe,-3.2954,0.0,Metal,P-4m2,115,14
Sr4Mg2N3_id3616_E-3.29.cif,Sr4Mg2N3,-3.2916,0.0,Metal,R3m,160,27
BeAl3_id931_E-3.29.cif,BeAl3,-3.2913,0.0,Metal,P4_132,213,32
SbTe2_id1049_E-3.29.cif,SbTe2,-3.2894,0.809,Semiconductor,Aea2,41,24
Al_id340_E-3.29.cif,Al,-3.2881,0.0,Metal,Ibca,73,40
MgGaTe2_id2644_E-3.29.cif,MgGaTe2,-3.2881,0.233,Semiconductor,Pmmn,59,8
InSn_id4286_E-3.29.cif,InSn,-3.2865,0.0,Metal,P6_3/mmc,194,4
K2Sc2GaO8_id934_E-3.29.cif,K2Sc2GaO8,-3.2856,2.632,Semiconductor,P4/mnc,128,52
Cd3O4_id2953_E-3.29.cif,Cd3O4,-3.285,1.495,Semiconductor,C222,21,14
KS_id476_E-3.28.cif,KS,-3.2839,1.295,Semiconductor,P4_2/m,84,16
Ba2Sr2LiSnP4_id357_E-3.28.cif,Ba2Sr2LiSnP4,-3.2837,0.465,Semiconductor,I4_1/a,88,40
KZnN_id2257_E-3.28.cif,KZnN,-3.283,0.0,Metal,Pbca,61,24
LiSnGe_id68_E-3.28.cif,LiSnGe,-3.2798,0.0,Metal,Ibam,72,24
LiTe_id3861_E-3.28.cif,LiTe,-3.2767,0.333,Semiconductor,P-42_1m,113,8
InGaSnO3_id3167_E-3.28.cif,InGaSnO3,-3.2763,0.054,Semiconductor,Pmmm,47,6
ZnGaSi2_id4337_E-3.27.cif,ZnGaSi2,-3.272,0.478,Semiconductor,P4_12_12,92,16
KScInSe2_id3002_E-3.27.cif,KScInSe2,-3.2702,1.824,Semiconductor,P3_221,154,15
Ca4SnSb_id1430_E-3.27.cif,Ca4SnSb,-3.2686,0.0,Metal,I4_1/a,88,24
LiSi4(GeO)2_id295_E-3.27.cif,LiSi4(GeO)2,-3.2665,0.225,Semiconductor,P4_32_12,96,36
NaMgZn3Ga2Si3Ge5As2P_id2361_E-3.27.cif,NaMgZn3Ga2Si3Ge5As2P,-3.2653,0.0,Metal,P3m1,156,18
In2Sn6Ge_id2319_E-3.27.cif,In2Sn6Ge,-3.2651,0.0,Metal,P-42m,111,9
Li2Ga2O_id3871_E-3.26.cif,Li2Ga2O,-3.2649,0.0,Metal,Pbcn,60,20
LiGaSb_id2917_E-3.26.cif,LiGaSb,-3.2633,0.0,Metal,P4_122,91,12
Sc2Te_id1604_E-3.26.cif,Sc2Te,-3.2623,0.668,Semiconductor,R3m,160,24
TeSe5_id2673_E-3.26.cif,TeSe5,-3.2618,0.0,Metal,P31m,157,6
Li4Mg2Zn2Ga2O5_id4056_E-3.26.cif,Li4Mg2Zn2Ga2O5,-3.2613,1.97,Semiconductor,Pccn,56,60
InSn_id901_E-3.26.cif,InSn,-3.2604,0.0,Metal,P3m1,156,4
MgAlZnSi2Te2(S2O)2_id1729_E-3.26.cif,MgAlZnSi2Te2(S2O)2,-3.2603,1.073,Semiconductor,P3_221,154,39
LiZnSnS_id4842_E-3.26.cif,LiZnSnS,-3.2598,0.0,Metal,Pca2_1,29,16
BSb_id3324_E-3.26.cif,BSb,-3.259,1.012,Semiconductor,I4_132,214,48
NaTeS_id4308_E-3.26.cif,NaTeS,-3.2574,0.424,Semiconductor,Pca2_1,29,12
InSn_id1088_E-3.26.cif,InSn,-3.2552,0.0,Metal,Pmmm,47,4
Li2Ca2SbN2_id3813_E-3.25.cif,Li2Ca2SbN2,-3.2537,1.772,Semiconductor,Pa-3,205,28
KTePS3_id4832_E-3.25.cif,KTePS3,-3.2536,2.029,Semiconductor,I2_12_12_1,24,24
Al2Sn2Sb_id1706_E-3.25.cif,Al2Sn2Sb,-3.253,0.0,Metal,P-3m1,164,5
MgZnSb4_id3513_E-3.25.cif,MgZnSb4,-3.2527,0.0,Metal,I422,97,12
Cd2Ga2SnSe4_id4981_E-3.25.cif,Cd2Ga2SnSe4,-3.2517,0.0,Metal,P-42m,111,9
Mg2Ti5Zn2_id507_E-3.25.cif,Mg2Ti5Zn2,-3.2507,0.0,Metal,P-42_1m,113,18
TiIn6_id3041_E-3.25.cif,TiIn6,-3.2491,0.0,Metal,I4mm,107,28
MgCd3In3O4_id4435_E-3.25.cif,MgCd3In3O4,-3.2491,0.0,Metal,Pm-3n,223,22
KInS_id1887_E-3.25.cif,KInS,-3.2461,0.949,Semiconductor,Ibca,73,24
Na7S3_id3384_E-3.25.cif,Na7S3,-3.2455,1.777,Semiconductor,I-43d,220,40
Sr(InGe)2_id2107_E-3.25.cif,Sr(InGe)2,-3.2452,0.0,Metal,P4_122,91,20
Li3Si3Ge2_id3831_E-3.24.cif,Li3Si3Ge2,-3.245,0.0,Metal,P4_132,213,32
KMg7Cd4O12_id3901_E-3.24.cif,KMg7Cd4O12,-3.2443,0.929,Semiconductor,P321,150,24
K6CaS4_id1941_E-3.24.cif,K6CaS4,-3.2436,1.782,Semiconductor,Im-3m,229,22
Ga5Ge2_id348_E-3.24.cif,Ga5Ge2,-3.2435,0.0,Metal,I-42d,122,28
AlZnP2_id465_E-3.24.cif,AlZnP2,-3.2417,1.677,Semiconductor,P3_221,154,12
BaCdSnSb_id110_E-3.24.cif,BaCdSnSb,-3.2387,0.472,Semiconductor,Pmmm,47,4
Be2Ge_id3919_E-3.24.cif,Be2Ge,-3.2378,0.0,Metal,Pbcn,60,12
InGeAs_id4529_E-3.24.cif,InGeAs,-3.2372,0.004,Metal,P4_132,213,24
Te3Se_id2374_E-3.23.cif,Te3Se,-3.2347,0.806,Semiconductor,I4/mmm,139,16
Al_id770_E-3.23.cif,Al,-3.2346,0.0,Metal,Pma2,28,14
K4Sr3S4_id60_E-3.23.cif,K4Sr3S4,-3.2346,2.61,Semiconductor,I-43m,217,22
Ba(LiGe)2_id4312_E-3.23.cif,Ba(LiGe)2,-3.2343,0.184,Semiconductor,I4/mcm,140,20
Ba2BeAs_id2453_E-3.23.cif,Ba2BeAs,-3.2342,0.0,Metal,Fm-3m,225,16
Ga2Sn_id2561_E-3.23.cif,Ga2Sn,-3.2342,0.0,Metal,C2/c,15,12
Li4Mg(TeS2)2_id1650_E-3.23.cif,Li4Mg(TeS2)2,-3.2335,0.999,Semiconductor,C222,21,22
AlInSn_id216_E-3.23.cif,AlInSn,-3.2331,0.0,Metal,P4/mmm,123,12
ZnSn3_id4547_E-3.23.cif,ZnSn3,-3.2329,0.0,Metal,R-3c,167,24
SrGa6Ge5O4_id4044_E-3.23.cif,SrGa6Ge5O4,-3.2323,0.227,Semiconductor,I-4m2,119,32
KMg2GaO4_id3159_E-3.23.cif,KMg2GaO4,-3.2309,3.082,Semiconductor,P-42c,112,16
Al_id3619_E-3.23.cif,Al,-3.2285,0.0,Metal,I4_1/amd,141,20
Ga2Te4S13_id1070_E-3.23.cif,Ga2Te4S13,-3.2284,1.919,Semiconductor,P-42_1m,113,38
LiMg6Sc12Al6Ga_id2925_E-3.23.cif,LiMg6Sc12Al6Ga,-3.2281,0.0,Metal,Pm-3,200,26
Al5Ga_id2258_E-3.23.cif,Al5Ga,-3.2269,0.0,Metal,I4_1/amd,141,24
Al2CdTe4_id3548_E-3.23.cif,Al2CdTe4,-3.2268,0.065,Semiconductor,P4/mmm,123,7
TeSe5_id709_E-3.23.cif,TeSe5,-3.2265,0.0,Metal,Pm-3m,221,18
Ba6AlO4_id2075_E-3.23.cif,Ba6AlO4,-3.2254,0.005,Metal,P-43m,215,11
LiTe6_id4295_E-3.23.cif,LiTe6,-3.2252,0.102,Semiconductor,P-42m,111,7
K2Sc2As_id4253_E-3.22.cif,K2Sc2As,-3.2238,1.39,Semiconductor,P6_122,178,30
CdGeSbTe_id1045_E-3.22.cif,CdGeSbTe,-3.2201,0.0,Metal,Aea2,41,32
BaNaSn7Ge_id3223_E-3.22.cif,BaNaSn7Ge,-3.2177,0.0,Metal,P312,149,10
In2Sb2As_id1818_E-3.22.cif,In2Sb2As,-3.2152,0.0,Metal,P6_122,178,30
BaCaScAl_id3205_E-3.22.cif,BaCaScAl,-3.2151,0.0,Metal,Amm2,38,8
InTe3_id4164_E-3.21.cif,InTe3,-3.2147,0.13,Semiconductor,P-6m2,187,4
Ba4LiSn3_id2111_E-3.21.cif,Ba4LiSn3,-3.2141,0.0,Metal,Im-3m,229,16
LiCaSnSb2_id1953_E-3.21.cif,LiCaSnSb2,-3.213,0.0,Metal,P3m1,156,5
LiInSb_id415_E-3.21.cif,LiInSb,-3.2115,0.0,Metal,P-3m1,164,6
AlGa2_id243_E-3.21.cif,AlGa2,-3.2111,0.0,Metal,I4/mmm,139,12
Li2Mg(GaO2)2_id4254_E-3.21.cif,Li2Mg(GaO2)2,-3.2111,0.0,Metal,P-42_1m,113,18
CdSn4_id4037_E-3.21.cif,CdSn4,-3.211,0.0,Metal,Pccm,49,10
ScBe2In_id4896_E-3.21.cif,ScBe2In,-3.2105,0.0,Metal,P6_222,180,24
Li3InAs4_id1058_E-3.21.cif,Li3InAs4,-3.2094,0.059,Semiconductor,P6_2,171,24
MgTe_id1848_E-3.21.cif,MgTe,-3.2092,0.0,Metal,P4_32_12,96,8
ZnSn3_id1547_E-3.21.cif,ZnSn3,-3.209,0.0,Metal,I4/mmm,139,8
Ca(GaSn2)2_id2976_E-3.21.cif,Ca(GaSn2)2,-3.2076,0.0,Metal,Pban,50,14
Zn3GeS16_id2340_E-3.21.cif,Zn3GeS16,-3.2071,1.901,Semiconductor,P-43m,215,20
MgCd3Sb4Te3Se4_id3114_E-3.21.cif,MgCd3Sb4Te3Se4,-3.2067,0.0,Metal,P-43m,215,15
Ca(ZnP)3_id1579_E-3.21.cif,Ca(ZnP)3,-3.2065,0.01,Metal,R-3c,167,42
In3Ga2O_id3773_E-3.21.cif,In3Ga2O,-3.2053,0.228,Semiconductor,Pn-3m,224,12
MgScCdTe3_id2143_E-3.21.cif,MgScCdTe3,-3.205,0.922,Semiconductor,P6_2,171,36
O2_id2757_E-3.20.cif,O2,-3.2037,0.814,Semiconductor,R-3c,167,24
LiGaSn2_id485_E-3.20.cif,LiGaSn2,-3.2027,0.0,Metal,P-6m2,187,4
SbS8_id2657_E-3.20.cif,SbS8,-3.2018,1.81,Semiconductor,Fm-3m,225,36
Sc2O19_id4281_E-3.20.cif,Sc2O19,-3.1997,1.058,Semiconductor,Pba2,32,42
MgIn2Sn2Ge_id1256_E-3.20.cif,MgIn2Sn2Ge,-3.1996,0.0,Metal,Fmmm,69,24
SrSn_id2070_E-3.20.cif,SrSn,-3.1987,0.0,Metal,Fm-3m,225,4
Ca2GaGe2_id2862_E-3.20.cif,Ca2GaGe2,-3.1987,0.0,Metal,Cmce,64,20
Sr4Ti(SnB)4_id596_E-3.20.cif,Sr4Ti(SnB)4,-3.1984,0.0,Metal,P4_2/n,86,26
NaLiCd2SnTe3AsSe12_id1810_E-3.20.cif,NaLiCd2SnTe3AsSe12,-3.1958,0.0,Metal,P2_1,4,42
ZnSn3_id3905_E-3.20.cif,ZnSn3,-3.1958,0.0,Metal,Fm-3m,225,16
BeZn2(Ga2N)2_id2403_E-3.20.cif,BeZn2(Ga2N)2,-3.1955,0.0,Metal,P-42m,111,9
Al6Zn(SiSe2)2_id334_E-3.19.cif,Al6Zn(SiSe2)2,-3.1949,0.0,Metal,P-42m,111,13
InGaSn_id4149_E-3.19.cif,InGaSn,-3.193,0.0,Metal,F-43m,216,12
Ge_id4977_E-3.19.cif,Ge,-3.1918,0.0,Metal,P4/mmm,123,13
Li7As3_id4739_E-3.19.cif,Li7As3,-3.1914,0.99,Semiconductor,Pm-3n,223,20
KZnS2_id4167_E-3.19.cif,KZnS2,-3.1895,1.947,Semiconductor,P3_221,154,12
K2Na2GeTe8_id1640_E-3.19.cif,K2Na2GeTe8,-3.1887,0.0,Metal,I222,23,26
Se_id3432_E-3.19.cif,Se,-3.1873,0.0,Metal,Pma2,28,10
Ba2InSn_id2771_E-3.18.cif,Ba2InSn,-3.1849,0.0,Metal,Fm-3m,225,16
Ba2InSn_id2330_E-3.18.cif,Ba2InSn,-3.1849,0.0,Metal,Fm-3m,225,16
Na2Li2InGaO2_id769_E-3.18.cif,Na2Li2InGaO2,-3.1846,0.027,Metal,P4_2/mcm,132,16
KLiSe4_id3795_E-3.18.cif,KLiSe4,-3.1837,1.641,Semiconductor,Pcca,54,24
Mg3BeSn3N_id1812_E-3.18.cif,Mg3BeSn3N,-3.1833,0.0,Metal,Pm-3m,221,8
KBa4Mg3O3_id1090_E-3.18.cif,KBa4Mg3O3,-3.1825,1.597,Semiconductor,Pm-3n,223,22
Ba2GeAsP2Se3S_id2354_E-3.18.cif,Ba2GeAsP2Se3S,-3.1825,0.0,Metal,P2/m,10,10
MgIn6GaSbTe6_id3425_E-3.18.cif,MgIn6GaSbTe6,-3.1804,0.0,Metal,P-31c,163,30
Li2CaTiAlZnSi_id2348_E-3.18.cif,Li2CaTiAlZnSi,-3.178,0.0,Metal,P4_3,78,28
Li8Sn(SeS)4_id977_E-3.18.cif,Li8Sn(SeS)4,-3.1774,0.811,Semiconductor,P-42m,111,17
CdGe2_id3735_E-3.18.cif,CdGe2,-3.1772,0.0,Metal,P4/mbm,127,6
CdSn5_id2470_E-3.17.cif,CdSn5,-3.173,0.0,Metal,P4_2/m,84,24
ZnAsSe_id1354_E-3.17.cif,ZnAsSe,-3.1712,0.932,Semiconductor,Pbca,61,24
SbTe4_id2091_E-3.17.cif,SbTe4,-3.1709,0.004,Metal,P3m1,156,5
In4Si2Sn_id4184_E-3.17.cif,In4Si2Sn,-3.1698,0.0,Metal,I-42d,122,28
Ca3CdInSn6_id1600_E-3.17.cif,Ca3CdInSn6,-3.1664,0.0,Metal,P-31c,163,22
BeCd2GaSn2Ge2(SbS)2_id3912_E-3.17.cif,BeCd2GaSn2Ge2(SbS)2,-3.166,0.0,Metal,Pm,6,12
Na2Sr3Ge10_id4519_E-3.16.cif,Na2Sr3Ge10,-3.1636,0.0,Metal,R-3,148,45
InTe_id2131_E-3.16.cif,InTe,-3.1622,0.061,Semiconductor,Pca2_1,29,8
In2Te4As_id2439_E-3.16.cif,In2Te4As,-3.1622,0.0,Metal,I-42d,122,28
BaNaSn2_id4525_E-3.16.cif,BaNaSn2,-3.1613,0.0,Metal,Fm-3m,225,16
ScIn6_id3629_E-3.16.cif,ScIn6,-3.1612,0.0,Metal,P4_2/nnm,134,14
MgBe3ZnS3N3O_id3340_E-3.16.cif,MgBe3ZnS3N3O,-3.1601,2.623,Semiconductor,P2_13,198,48
CdInSnSb2_id1985_E-3.16.cif,CdInSnSb2,-3.16,0.0,Metal,Cmme,67,20
Zn4GaSn2Ge(SeS)4_id603_E-3.16.cif,Zn4GaSn2Ge(SeS)4,-3.1597,0.0,Metal,P-42c,112,32
BaLi2Sb_id1096_E-3.16.cif,BaLi2Sb,-3.1582,0.221,Semiconductor,Immm,71,8
KLiGeAs2_id2577_E-3.16.cif,KLiGeAs2,-3.1576,0.169,Semiconductor,Immm,71,10
Li2Sn5_id4358_E-3.16.cif,Li2Sn5,-3.1567,0.0,Metal,Cmmm,65,14
LiCaGe_id4942_E-3.16.cif,LiCaGe,-3.156,2.976,Semiconductor,Cmcm,63,12
Te_id3990_E-3.16.cif,Te,-3.1557,0.517,Semiconductor,Pbca,61,8
CdInTe2Se5_id1573_E-3.16.cif,CdInTe2Se5,-3.1552,0.074,Semiconductor,I422,97,36
Ca(CdSn4)2_id1480_E-3.16.cif,Ca(CdSn4)2,-3.1551,0.0,Metal,P4_22_12,94,22
LiTe2_id2275_E-3.15.cif,LiTe2,-3.1547,0.0,Metal,P4_2/mmc,131,6
KSr12Li3(SO2)3_id693_E-3.15.cif,KSr12Li3(SO2)3,-3.1544,0.0,Metal,Pm-3n,223,50
Ba3ZnGe2_id4202_E-3.15.cif,Ba3ZnGe2,-3.1541,0.0,Metal,P6_3/mmc,194,12
Te_id2855_E-3.15.cif,Te,-3.1522,0.571,Semiconductor,P4_222,93,12
CdSn3_id1299_E-3.15.cif,CdSn3,-3.1518,0.0,Metal,Pm-3n,223,8
Te_id993_E-3.15.cif,Te,-3.1512,1.049,Semiconductor,Pbca,61,8
Te2AsSe4_id160_E-3.15.cif,Te2AsSe4,-3.151,1.29,Semiconductor,I-42d,122,28
NaCa4Zn3O3_id4154_E-3.15.cif,NaCa4Zn3O3,-3.1506,0.372,Semiconductor,Pm-3n,223,22
NaCa4Zn3O3_id399_E-3.15.cif,NaCa4Zn3O3,-3.1506,0.369,Semiconductor,Pm-3n,223,22
Ca2ZnAs_id4532_E-3.15.cif,Ca2ZnAs,-3.1499,0.472,Semiconductor,P6_3/mmc,194,8
Ba4SnSb_id3338_E-3.15.cif,Ba4SnSb,-3.1487,0.0,Metal,P-4n2,118,12
Ca3Sc2_id982_E-3.15.cif,Ca3Sc2,-3.147,0.0,Metal,I4/mmm,139,20
K(ScGe2)2_id3884_E-3.15.cif,K(ScGe2)2,-3.147,0.0,Metal,P4_122,91,28
Te_id1761_E-3.15.cif,Te,-3.1469,0.0,Metal,P4/m,83,8
Ba2InGa3O2_id555_E-3.15.cif,Ba2InGa3O2,-3.1467,1.112,Semiconductor,I4_122,98,32
LiTe_id1947_E-3.15.cif,LiTe,-3.1466,0.0,Metal,Pm-3m,221,8
ZnCdGeO18_id2429_E-3.15.cif,ZnCdGeO18,-3.1451,0.758,Semiconductor,Pc,7,42
Te_id1960_E-3.14.cif,Te,-3.1423,1.281,Semiconductor,P2_12_12_1,19,8
Te_id1847_E-3.14.cif,Te,-3.1419,0.0,Metal,P4_2/nnm,134,16
Te_id496_E-3.14.cif,Te,-3.1419,1.134,Semiconductor,Pbca,61,8
Ba4Na4Ga2SiGe8_id1269_E-3.14.cif,Ba4Na4Ga2SiGe8,-3.1406,0.0,Metal,P4cc,103,38
BaAl2In3_id2279_E-3.14.cif,BaAl2In3,-3.1404,0.0,Metal,P6/mmm,191,6
Te_id418_E-3.14.cif,Te,-3.1398,0.0,Metal,Pmmm,47,4
K3BaO2_id4720_E-3.14.cif,K3BaO2,-3.139,1.426,Semiconductor,P4_22_12,94,24
Li5(Ge2S)2_id3330_E-3.14.cif,Li5(Ge2S)2,-3.139,1.283,Semiconductor,P-4m2,115,11
LiBe2AlGaBN2_id3357_E-3.14.cif,LiBe2AlGaBN2,-3.1387,0.046,Metal,P6_5,170,48
Te_id1396_E-3.14.cif,Te,-3.1382,0.252,Semiconductor,Pbca,61,8
Te_id2847_E-3.14.cif,Te,-3.1381,0.066,Semiconductor,P23,195,12
NaSe_id2329_E-3.14.cif,NaSe,-3.1366,1.575,Semiconductor,P4_2/m,84,16
K4SnTe3_id1967_E-3.14.cif,K4SnTe3,-3.136,1.278,Semiconductor,I4_1/a,88,32
Zn(TeSe)2_id1361_E-3.14.cif,Zn(TeSe)2,-3.1358,0.903,Semiconductor,P2/m,10,5
Te_id4090_E-3.13.cif,Te,-3.1335,0.0,Metal,P4/mmm,123,4
Te_id1069_E-3.13.cif,Te,-3.1332,0.034,Metal,Ia-3,206,48
InSn2(Te3Se)2_id3028_E-3.13.cif,InSn2(Te3Se)2,-3.1331,0.844,Semiconductor,P1,1,22
Te_id2250_E-3.13.cif,Te,-3.1315,0.943,Semiconductor,P4/m,83,8
LiZn2Ga4Ge5_id3875_E-3.13.cif,LiZn2Ga4Ge5,-3.1292,0.0,Metal,P4_2/m,84,24
LiTi2Be2ZnBAs2S5_id2543_E-3.13.cif,LiTi2Be2ZnBAs2S5,-3.129,0.562,Semiconductor,P2_1/m,11,28
KNa2O2_id4564_E-3.13.cif,KNa2O2,-3.1274,2.16,Semiconductor,P4/mmm,123,20
Te5SeS_id184_E-3.13.cif,Te5SeS,-3.1264,0.0,Metal,P2_12_12,18,28
NaSi2(Te2Se)4_id530_E-3.13.cif,NaSi2(Te2Se)4,-3.1263,0.923,Semiconductor,P-42m,111,15
Al3Cd2(Ga2Si)3_id3185_E-3.13.cif,Al3Cd2(Ga2Si)3,-3.1256,0.0,Metal,P6_3cm,185,28
K3LiMg3Ti3Si3(BAs2)3_id2387_E-3.12.cif,K3LiMg3Ti3Si3(BAs2)3,-3.1245,0.733,Semiconductor,P3,143,22
Na2GeTe8_id2277_E-3.12.cif,Na2GeTe8,-3.1217,0.0,Metal,Cmce,64,44
In(GaGe)2_id3767_E-3.12.cif,In(GaGe)2,-3.1216,0.0,Metal,I422,97,20
Te_id4284_E-3.12.cif,Te,-3.1213,0.0,Metal,P23,195,12
Na2In2GaSe2_id3307_E-3.12.cif,Na2In2GaSe2,-3.121,0.0,Metal,P3_221,154,21
Te_id4316_E-3.12.cif,Te,-3.1209,0.064,Semiconductor,P6_222,180,6
LiTiGa3_id4999_E-3.12.cif,LiTiGa3,-3.1206,0.0,Metal,P2/c,13,10
Na2Li2Al2SiP_id3004_E-3.12.cif,Na2Li2Al2SiP,-3.1194,0.714,Semiconductor,P-4n2,118,16
Te_id593_E-3.12.cif,Te,-3.119,0.241,Semiconductor,P6_3/m,176,14
ZnInTe2SeS2_id4572_E-3.12.cif,ZnInTe2SeS2,-3.1183,0.0,Metal,P-42c,112,28
K8PC2(SeS2)2_id204_E-3.12.cif,K8PC2(SeS2)2,-3.1174,0.048,Metal,I4/m,87,34
LiSc2Zn_id4836_E-3.12.cif,LiSc2Zn,-3.1171,0.0,Metal,Pcc2,27,16
Li4Sc4In9_id2643_E-3.12.cif,Li4Sc4In9,-3.1166,0.0,Metal,C222,21,34
Li3Si2Ge_id1286_E-3.12.cif,Li3Si2Ge,-3.1163,0.0,Metal,Cmcm,63,24
NaCdInSn6Sb_id688_E-3.12.cif,NaCdInSn6Sb,-3.1161,0.089,Semiconductor,P312,149,10
MgZn2Cd4(GaO2)2_id1897_E-3.12.cif,MgZn2Cd4(GaO2)2,-3.1155,0.394,Semiconductor,Cmce,64,52
Li2Si5Ge(SbTe)8_id3124_E-3.11.cif,Li2Si5Ge(SbTe)8,-3.114,0.0,Metal,I422,97,48
KNaSnP_id4268_E-3.11.cif,KNaSnP,-3.1127,0.97,Semiconductor,P4_2/mmc,131,8
Te_id1288_E-3.11.cif,Te,-3.1126,0.362,Semiconductor,P2_12_12,18,8
Li2InBSbTe3Se5_id2850_E-3.11.cif,Li2InBSbTe3Se5,-3.112,0.0,Metal,P2_1,4,26
KLiO6_id4768_E-3.11.cif,KLiO6,-3.111,3.782,Insulator,P-31c,163,16
Te_id1277_E-3.11.cif,Te,-3.11,0.0,Metal,P2_12_12_1,19,8
SrInSn2_id889_E-3.11.cif,SrInSn2,-3.1091,0.0,Metal,Pcc2,27,16
Mg(Al2Ga)4_id2563_E-3.11.cif,Mg(Al2Ga)4,-3.1077,0.0,Metal,P-42m,111,13
MgSc2GaB_id2721_E-3.11.cif,MgSc2GaB,-3.107,0.0,Metal,P6_1,169,30
Be9GaSi4_id1307_E-3.11.cif,Be9GaSi4,-3.1063,0.0,Metal,I422,97,28
KLiAs3_id304_E-3.11.cif,KLiAs3,-3.1061,1.021,Semiconductor,Immm,71,10
LiAl6In4Ga4Si2P_id3957_E-3.11.cif,LiAl6In4Ga4Si2P,-3.1058,0.0,Metal,P6mm,183,18
Al_id1792_E-3.11.cif,Al,-3.1053,0.0,Metal,Pbcm,57,20
KSb4AsO2_id172_E-3.10.cif,KSb4AsO2,-3.1041,1.013,Semiconductor,Pmmm,47,8
K2Ba6Sr(CdN)6_id2388_E-3.10.cif,K2Ba6Sr(CdN)6,-3.1005,1.4,Semiconductor,P-3c1,165,42
LiTe_id2864_E-3.10.cif,LiTe,-3.0995,0.0,Metal,P4nc,104,16
KTe_id1041_E-3.10.cif,KTe,-3.099,0.009,Metal,I4_1/amd,141,8
InTe2_id3234_E-3.10.cif,InTe2,-3.0984,0.0,Metal,Pban,50,12
Se4S_id2718_E-3.10.cif,Se4S,-3.0979,1.573,Semiconductor,I4_1/a,88,20
Ca2Zn2Ga3O_id3803_E-3.10.cif,Ca2Zn2Ga3O,-3.0962,0.0,Metal,Pn-3m,224,16
NaCd6GaO6_id1273_E-3.10.cif,NaCd6GaO6,-3.0961,0.187,Semiconductor,P-31c,163,28
Te_id2328_E-3.09.cif,Te,-3.0947,0.0,Metal,P4_2/mmc,131,4
KSr3N_id264_E-3.09.cif,KSr3N,-3.0931,0.628,Semiconductor,Pm-3m,221,5
Mg2ZnTeS2_id3850_E-3.09.cif,Mg2ZnTeS2,-3.093,0.253,Semiconductor,Cmmm,65,12
Zn2GeB_id2900_E-3.09.cif,Zn2GeB,-3.0921,1.39,Semiconductor,P6_222,180,12
Al2CdSn2_id1533_E-3.09.cif,Al2CdSn2,-3.0917,0.0,Metal,Pbcn,60,20
LiIn4Ge(As4P)2_id1557_E-3.09.cif,LiIn4Ge(As4P)2,-3.0913,0.0,Metal,P4/n,85,32
Sr2InSn_id298_E-3.09.cif,Sr2InSn,-3.0912,0.0,Metal,Fm-3m,225,16
Sr2InSn_id920_E-3.09.cif,Sr2InSn,-3.0912,0.0,Metal,Fm-3m,225,16
SrLiSn_id1014_E-3.09.cif,SrLiSn,-3.09,0.0,Metal,P6_3/mmc,194,6
CdTeSe2_id1756_E-3.09.cif,CdTeSe2,-3.0896,0.0,Metal,P3_221,154,12
Zn4Ge3Se4_id625_E-3.09.cif,Zn4Ge3Se4,-3.0887,0.0,Metal,P-43m,215,11
Ca3Sn6B5_id1042_E-3.09.cif,Ca3Sn6B5,-3.0876,0.0,Metal,P4_132,213,56
Li2BeAl6_id3979_E-3.09.cif,Li2BeAl6,-3.0874,0.0,Metal,P-42m,111,9
In2Sn_id1015_E-3.09.cif,In2Sn,-3.0857,0.0,Metal,Pmmm,47,6
ScZn2_id500_E-3.08.cif,ScZn2,-3.0833,2.148,Semiconductor,Cmme,67,24
K2S5_id3709_E-3.08.cif,K2S5,-3.0814,2.677,Semiconductor,P1,1,21
MgIn2Sn3_id2946_E-3.08.cif,MgIn2Sn3,-3.08,0.0,Metal,P-4m2,115,6
SrLi8MgCd4In6(SeO)4_id1333_E-3.08.cif,SrLi8MgCd4In6(SeO)4,-3.0796,0.0,Metal,I222,23,56
Mg5Sc2Ga_id3688_E-3.08.cif,Mg5Sc2Ga,-3.079,0.0,Metal,I4/mmm,139,16
BaCaIn2SiSb2_id2879_E-3.08.cif,BaCaIn2SiSb2,-3.0775,0.0,Metal,P4/mmm,123,7
KTeS_id4100_E-3.08.cif,KTeS,-3.076,0.109,Semiconductor,Pcc2,27,12
GaTe_id3091_E-3.07.cif,GaTe,-3.073,3.908,Insulator,C2,5,6
Li3Sb_id3731_E-3.07.cif,Li3Sb,-3.0728,1.165,Semiconductor,Pa-3,205,16
Be2Ga8SnGe_id3455_E-3.07.cif,Be2Ga8SnGe,-3.0726,0.0,Metal,I422,97,24
Te_id2188_E-3.07.cif,Te,-3.071,0.0,Metal,Pba2,32,6
LiSnTe2_id22_E-3.07.cif,LiSnTe2,-3.0707,0.94,Semiconductor,I-42d,122,32
Te5Se2_id1767_E-3.07.cif,Te5Se2,-3.0698,0.864,Semiconductor,P3m1,156,7
In2GaSi4_id4345_E-3.07.cif,In2GaSi4,-3.0698,0.0,Metal,P4_2/mnm,136,14
Na2ZnP2_id2295_E-3.07.cif,Na2ZnP2,-3.0685,0.856,Semiconductor,P4/mnc,128,20
Li2Ga2Si_id4803_E-3.07.cif,Li2Ga2Si,-3.0684,0.0,Metal,Pbcn,60,20
Li5MgAlTe4_id4708_E-3.07.cif,Li5MgAlTe4,-3.0678,1.369,Semiconductor,P-42m,111,11
Li5Zn2Te2(SeS)2_id3214_E-3.07.cif,Li5Zn2Te2(SeS)2,-3.0653,1.217,Semiconductor,P4_2mc,105,26
Te7AsSe4_id3031_E-3.06.cif,Te7AsSe4,-3.0649,0.99,Semiconductor,P1,1,12
SnSb3_id4915_E-3.06.cif,SnSb3,-3.0641,0.0,Metal,P4/mmm,123,4
LiMg5Sc4_id3040_E-3.06.cif,LiMg5Sc4,-3.0627,0.0,Metal,P42_12,90,20
K3Sb4_id360_E-3.06.cif,K3Sb4,-3.0618,0.134,Semiconductor,P3c1,158,14
BaSr2Ca2Sn2Sb(AsO)2_id464_E-3.06.cif,BaSr2Ca2Sn2Sb(AsO)2,-3.0599,0.0,Metal,Pnnn,48,48
Li2AlSn_id1340_E-3.06.cif,Li2AlSn,-3.0589,0.0,Metal,Fm-3m,225,16
TiGaSi8_id648_E-3.06.cif,TiGaSi8,-3.0586,0.0,Metal,I422,97,20
Te_id4116_E-3.06.cif,Te,-3.0585,0.38,Semiconductor,Pbcn,60,12
Sb(Se2S)2_id2428_E-3.06.cif,Sb(Se2S)2,-3.0572,0.014,Metal,I-42d,122,28
In3As_id1709_E-3.06.cif,In3As,-3.0569,0.0,Metal,Pm-3n,223,8
Al2ZnCd5(TeSe3)4_id1173_E-3.06.cif,Al2ZnCd5(TeSe3)4,-3.0565,0.0,Metal,P-42c,112,48
In4Ge3_id2626_E-3.06.cif,In4Ge3,-3.0554,0.0,Metal,Pm-3m,221,14
Li2SiBO17_id644_E-3.05.cif,Li2SiBO17,-3.0548,1.443,Semiconductor,Pc,7,42
BaNa6AlZnSi6Sn7_id1728_E-3.05.cif,BaNa6AlZnSi6Sn7,-3.0526,0.412,Semiconductor,P312,149,22
KLi4MgTe4AsSe2_id791_E-3.05.cif,KLi4MgTe4AsSe2,-3.0518,0.0,Metal,I222,23,26
LiGa2Sn_id2667_E-3.05.cif,LiGa2Sn,-3.0496,0.0,Metal,I-42d,122,16
CdTeS_id497_E-3.05.cif,CdTeS,-3.0462,0.0,Metal,P4_2/ncm,138,12
Te_id2692_E-3.05.cif,Te,-3.0458,1.272,Semiconductor,P2_12_12_1,19,16
ZnS_id4328_E-3.05.cif,ZnS,-3.0456,1.951,Semiconductor,P4_32_12,96,16
LiAl(GaS)2_id4991_E-3.04.cif,LiAl(GaS)2,-3.0449,1.327,Semiconductor,P4_2/mmc,131,12
LiAlGa6_id896_E-3.04.cif,LiAlGa6,-3.0444,0.0,Metal,Fm-3m,225,32
AlAs2_id2856_E-3.04.cif,AlAs2,-3.044,0.033,Metal,P6/mcc,192,36
BaMgAlGa4_id205_E-3.04.cif,BaMgAlGa4,-3.0439,0.0,Metal,I-4m2,119,14
CaMg2In2(AsSe)2_id2919_E-3.04.cif,CaMg2In2(AsSe)2,-3.0437,0.053,Semiconductor,Pbcn,60,36
Li2Ge3_id1043_E-3.04.cif,Li2Ge3,-3.0427,0.0,Metal,Pcc2,27,40
BaAl(InSn)2_id2172_E-3.04.cif,BaAl(InSn)2,-3.0422,0.0,Metal,Pmma,51,12
LiAl2As_id4998_E-3.04.cif,LiAl2As,-3.0417,0.0,Metal,P422,89,16
Te_id3440_E-3.04.cif,Te,-3.0414,0.001,Metal,I2_12_12_1,24,20
Ge3Te4_id1567_E-3.04.cif,Ge3Te4,-3.0412,0.009,Metal,P4_12_12,92,28
Na(InSb2)2_id1415_E-3.04.cif,Na(InSb2)2,-3.0401,0.0,Metal,Fd-3m,227,56
KInSn2_id4752_E-3.04.cif,KInSn2,-3.0396,0.0,Metal,Imm2,44,8
Te_id616_E-3.04.cif,Te,-3.0386,0.0,Metal,P4/m,83,8
Sr2ScIn_id3904_E-3.04.cif,Sr2ScIn,-3.0381,0.0,Metal,Fm-3m,225,16
CaAl2In3_id2538_E-3.04.cif,CaAl2In3,-3.0374,0.0,Metal,P6/mmm,191,6
Ba2NaSb_id2458_E-3.04.cif,Ba2NaSb,-3.0364,0.017,Metal,Fm-3m,225,16
LiSe2_id4527_E-3.03.cif,LiSe2,-3.0336,1.113,Semiconductor,P4_2cm,101,24
Sc3Ga5_id1563_E-3.03.cif,Sc3Ga5,-3.0322,3.709,Insulator,P-3m1,164,16
Al5Zn_id618_E-3.03.cif,Al5Zn,-3.032,0.0,Metal,I-42d,122,24
In3(Ga2Sn)2_id897_E-3.03.cif,In3(Ga2Sn)2,-3.0296,0.0,Metal,P-62m,189,9
CaIn7Sb3Te_id1048_E-3.03.cif,CaIn7Sb3Te,-3.0275,0.0,Metal,P-31c,163,24
Ca2GaB_id4734_E-3.03.cif,Ca2GaB,-3.027,0.011,Metal,P6_422,181,12
Li3MgSc5Ge2_id3189_E-3.03.cif,Li3MgSc5Ge2,-3.0257,0.0,Metal,P6_3/mcm,193,44
Te3As3P_id1184_E-3.02.cif,Te3As3P,-3.0241,3.133,Semiconductor,P2_12_12_1,19,28
Al3Ga4_id4552_E-3.02.cif,Al3Ga4,-3.0239,0.0,Metal,I4/mcm,140,28
InGa3Sn_id888_E-3.02.cif,InGa3Sn,-3.0213,0.0,Metal,P3c1,158,10
O2_id355_E-3.02.cif,O2,-3.0201,0.871,Semiconductor,R-3c,167,24
Al3Ga_id1118_E-3.02.cif,Al3Ga,-3.0195,0.0,Metal,Pm-3m,221,16
KLi4In2Te4PO4_id2017_E-3.02.cif,KLi4In2Te4PO4,-3.0183,2.254,Semiconductor,I222,23,32
BaInGa_id1510_E-3.02.cif,BaInGa,-3.0181,0.0,Metal,P-6m2,187,3
K5Na13O12_id4447_E-3.02.cif,K5Na13O12,-3.0167,1.828,Semiconductor,P2,3,30
K7BaNa15O16_id4797_E-3.01.cif,K7BaNa15O16,-3.015,1.593,Semiconductor,P-1,2,39
Na2Li2GeO_id3491_E-3.01.cif,Na2Li2GeO,-3.0133,1.217,Semiconductor,P4_322,95,24
TiAlZnGa_id2130_E-3.01.cif,TiAlZnGa,-3.0124,0.0,Metal,Pmma,51,16
LiAl4(ZnGe)2_id2419_E-3.01.cif,LiAl4(ZnGe)2,-3.0094,0.0,Metal,P4_2/m,84,18
Te_id3438_E-3.01.cif,Te,-3.0083,0.0,Metal,P-43m,215,32
BaSrSnGe_id2872_E-3.01.cif,BaSrSnGe,-3.0064,0.0,Metal,Amm2,38,8
BaSr2O4_id2205_E-3.01.cif,BaSr2O4,-3.0052,0.0,Metal,Ima2,46,28
BeGa5_id305_E-3.01.cif,BeGa5,-3.0051,0.0,Metal,I422,97,12
Te_id4040_E-3.00.cif,Te,-3.0029,1.018,Semiconductor,Pbca,61,8
In3Sn_id4643_E-3.00.cif,In3Sn,-3.0024,0.0,Metal,Pm-3n,223,8
Ca2In4Sn_id1104_E-3.00.cif,Ca2In4Sn,-3.002,0.0,Metal,P-3m1,164,7
Al_id4563_E-3.00.cif,Al,-3.0018,0.0,Metal,P4_12_12,92,20
Li2Mg4Sn8Ge5_id1000_E-3.00.cif,Li2Mg4Sn8Ge5,-3.0013,0.0,Metal,P4/mnc,128,38
Na2Li3(SiSn)2_id4259_E-3.00.cif,Na2Li3(SiSn)2,-3.0002,0.005,Metal,P4_2nm,102,18
KNa4PS2_id1025_E-3.00.cif,KNa4PS2,-2.999,1.659,Semiconductor,I222,23,16
K(CdSe2)2_id3645_E-3.00.cif,K(CdSe2)2,-2.9981,0.0,Metal,P4/mmm,123,7
MgInSnSb_id2775_E-3.00.cif,MgInSnSb,-2.9954,0.0,Metal,P-6m2,187,4
Al2In3_id2495_E-2.99.cif,Al2In3,-2.9943,0.0,Metal,P4_132,213,20
K2In9Sb2Te2(NO4)2_id1654_E-2.99.cif,K2In9Sb2Te2(NO4)2,-2.9922,0.84,Semiconductor,P2/m,10,25
Zn2GeAs2_id683_E-2.99.cif,Zn2GeAs2,-2.992,0.0,Metal,Pccm,49,10
In6Ga2Sn6As_id4813_E-2.99.cif,In6Ga2Sn6As,-2.9911,0.0,Metal,P312,149,15
AsSe6_id4353_E-2.99.cif,AsSe6,-2.9908,1.143,Semiconductor,I-42d,122,28
Te_id2366_E-2.99.cif,Te,-2.9904,0.0,Metal,P6_3/mmc,194,4
ZnGa2Si_id4374_E-2.99.cif,ZnGa2Si,-2.9892,0.0,Metal,Pmmm,47,8
MgIn2GaTe2_id3725_E-2.99.cif,MgIn2GaTe2,-2.9878,0.0,Metal,P2_1/m,11,12
K2SiGe_id2407_E-2.99.cif,K2SiGe,-2.9873,1.154,Semiconductor,P4_32_12,96,16
Cd2InGaO2_id4651_E-2.98.cif,Cd2InGaO2,-2.9811,0.0,Metal,P3_221,154,18
SiGe5_id3244_E-2.98.cif,SiGe5,-2.9807,0.0,Metal,Pmm2,25,6
Al2In3_id2124_E-2.98.cif,Al2In3,-2.9793,0.0,Metal,P4_132,213,20
Sn(TeSe)4_id2929_E-2.98.cif,Sn(TeSe)4,-2.9791,0.1,Semiconductor,P-42_1c,114,18
LiMgTe_id2638_E-2.98.cif,LiMgTe,-2.9787,1.16,Semiconductor,F-43m,216,12
O2_id4222_E-2.98.cif,O2,-2.9774,2.61,Semiconductor,R-3c,167,24
O2_id395_E-2.98.cif,O2,-2.9765,1.055,Semiconductor,P4_2bc,106,28
KZn(SnGe)2_id3891_E-2.98.cif,KZn(SnGe)2,-2.9759,0.0,Metal,P-4n2,118,12
NaAlCdO4_id3415_E-2.97.cif,NaAlCdO4,-2.9749,0.0,Metal,P-42m,111,7
Ga_id2629_E-2.97.cif,Ga,-2.9744,0.0,Metal,P6_3/mmc,194,8
Na4Al3BO21_id1175_E-2.97.cif,Na4Al3BO21,-2.974,2.531,Semiconductor,P31c,159,58
BaIn2Ga_id1113_E-2.97.cif,BaIn2Ga,-2.9731,0.0,Metal,P6_3/mmc,194,8
Ga_id3874_E-2.97.cif,Ga,-2.9728,0.0,Metal,Ibam,72,12
Ga_id4030_E-2.97.cif,Ga,-2.9721,0.0,Metal,P6/mmm,191,12
Ga_id248_E-2.97.cif,Ga,-2.9714,0.0,Metal,P2_12_12_1,19,12
LiCa2Ti(CdSe)6_id760_E-2.97.cif,LiCa2Ti(CdSe)6,-2.9714,0.0,Metal,R-3,148,48
In15Sn13_id2243_E-2.97.cif,In15Sn13,-2.9698,0.0,Metal,Pm-3m,221,28
Ca3Ga2O_id10_E-2.97.cif,Ca3Ga2O,-2.9688,0.0,Metal,Pn-3m,224,12
Ba2SrO2_id2744_E-2.97.cif,Ba2SrO2,-2.9685,0.0,Metal,P6_3/mmc,194,10
In6SnSb_id3022_E-2.97.cif,In6SnSb,-2.9683,0.0,Metal,P312,149,8
TiIn(GaTe2)2_id3903_E-2.97.cif,TiIn(GaTe2)2,-2.9677,0.0,Metal,P3_221,154,24
In5Sb_id4546_E-2.97.cif,In5Sb,-2.9668,0.0,Metal,P4/nbm,125,12
K4Li2In5GaS4_id4725_E-2.97.cif,K4Li2In5GaS4,-2.9665,0.582,Semiconductor,I-42m,121,32
InGaSe_id2490_E-2.96.cif,InGaSe,-2.9635,0.0,Metal,Cmc2_1,36,12
LiTe_id1705_E-2.96.cif,LiTe,-2.9622,0.0,Metal,P4/m,83,8
ScIn_id4911_E-2.96.cif,ScIn,-2.9599,0.0,Metal,Ibca,73,32
Zn2Te7_id1940_E-2.96.cif,Zn2Te7,-2.958,0.0,Metal,Pban,50,18
LiAl2Zn4GaGe(TeS)4_id1596_E-2.96.cif,LiAl2Zn4GaGe(TeS)4,-2.9578,1.429,Semiconductor,I222,23,34
Zn2O_id2323_E-2.96.cif,Zn2O,-2.9562,0.481,Semiconductor,Cmc2_1,36,12
Sc3Cd4_id133_E-2.95.cif,Sc3Cd4,-2.9542,0.0,Metal,P4_232,208,14
Sc9TiAl4Zn2Cd4(InGa)4_id3131_E-2.95.cif,Sc9TiAl4Zn2Cd4(InGa)4,-2.9541,0.0,Metal,P-1,2,28
Ga_id2681_E-2.95.cif,Ga,-2.9538,0.0,Metal,Ibca,73,24
Al6ZnGa2_id3259_E-2.95.cif,Al6ZnGa2,-2.953,0.0,Metal,P-42m,111,9
BeZnB_id3896_E-2.95.cif,BeZnB,-2.9511,0.185,Semiconductor,P6_222,180,18
NaGa(TeS)2_id363_E-2.95.cif,NaGa(TeS)2,-2.951,0.0,Metal,P-42_1m,113,12
K2ZnSnO4_id2592_E-2.95.cif,K2ZnSnO4,-2.9501,0.012,Metal,P-42c,112,16
Na2LiCd3O6_id1279_E-2.95.cif,Na2LiCd3O6,-2.9494,5.4,Insulator,P1,1,48
Ba4Sr4Cd2GeAsSe2(SO)2_id3812_E-2.95.cif,Ba4Sr4Cd2GeAsSe2(SO)2,-2.9473,0.239,Semiconductor,P3_221,154,54
Mg4Sc3In2_id4582_E-2.95.cif,Mg4Sc3In2,-2.9466,0.0,Metal,P4_22_12,94,18
Mg3GaGe2_id2233_E-2.95.cif,Mg3GaGe2,-2.946,0.0,Metal,Pn-3m,224,12
Ba4Sb_id3196_E-2.95.cif,Ba4Sb,-2.9454,0.277,Semiconductor,Pban,50,10
Al(ZnGe2)3_id1077_E-2.94.cif,Al(ZnGe2)3,-2.945,0.0,Metal,I422,97,20
Li4InSb2Te4P_id4668_E-2.94.cif,Li4InSb2Te4P,-2.9439,0.0,Metal,P4_2/mcm,132,24
AlGa2_id3742_E-2.94.cif,AlGa2,-2.9436,0.0,Metal,P3_221,154,9
Na4Li4Al3ZnGa(B2C)2_id3202_E-2.94.cif,Na4Li4Al3ZnGa(B2C)2,-2.9436,1.242,Semiconductor,P4,75,19
Ga_id1823_E-2.94.cif,Ga,-2.9435,0.0,Metal,I4/mcm,140,8
KBaNa2Li2Zn6In6O6_id822_E-2.94.cif,KBaNa2Li2Zn6In6O6,-2.9412,0.0,Metal,P3,143,24
NaSr2Zn(SnSb)8_id4195_E-2.94.cif,NaSr2Zn(SnSb)8,-2.9376,0.0,Metal,P4/mnc,128,40
BaLiZn2(GaP2)2_id1082_E-2.94.cif,BaLiZn2(GaP2)2,-2.9365,0.0,Metal,I4/mcm,140,40
Ga_id2977_E-2.94.cif,Ga,-2.9359,0.0,Metal,P2_12_12_1,19,8
In4Sn5_id1919_E-2.94.cif,In4Sn5,-2.9354,0.0,Metal,P-42_1c,114,18
In7(Sn3Sb)2_id1981_E-2.93.cif,In7(Sn3Sb)2,-2.935,0.0,Metal,P-31m,162,15
TiZn4GaSi4_id318_E-2.93.cif,TiZn4GaSi4,-2.9324,0.0,Metal,I422,97,20
Al_id4061_E-2.93.cif,Al,-2.9298,0.0,Metal,P4/m,83,18
Ga_id2817_E-2.93.cif,Ga,-2.9276,0.0,Metal,I4_1/amd,141,16
Be2ZnGeTe4As_id2816_E-2.93.cif,Be2ZnGeTe4As,-2.9272,0.0,Metal,Pccm,49,18
Na(CdSe2)2_id792_E-2.93.cif,Na(CdSe2)2,-2.9263,1.429,Semiconductor,P-42m,111,7
Na(LiSe2)3_id701_E-2.92.cif,Na(LiSe2)3,-2.9247,0.211,Semiconductor,Im-3m,229,20
K6LiGaSi6_id974_E-2.92.cif,K6LiGaSi6,-2.9246,0.0,Metal,P6,168,14
Te_id2621_E-2.92.cif,Te,-2.9245,0.0,Metal,P4/mmm,123,8
Na3Sr4Ca6MgIn4(CN2)4_id2762_E-2.92.cif,Na3Sr4Ca6MgIn4(CN2)4,-2.9244,0.0,Metal,P-42_1c,114,60
Te_id892_E-2.92.cif,Te,-2.9233,0.0,Metal,P4/mmm,123,10
SrIn7Sn_id4653_E-2.92.cif,SrIn7Sn,-2.9222,0.0,Metal,P-31c,163,18
Na2In2Sn5_id1582_E-2.92.cif,Na2In2Sn5,-2.9214,0.0,Metal,Immm,71,18
Te_id556_E-2.92.cif,Te,-2.9203,0.0,Metal,P4/m,83,4
KInSn2_id206_E-2.92.cif,KInSn2,-2.9189,0.044,Metal,Fmm2,42,32
Na2TiB8As_id1328_E-2.92.cif,Na2TiB8As,-2.9189,4.445,Insulator,P4_2/mcm,132,24
Ba2In(SnAs)2_id4023_E-2.92.cif,Ba2In(SnAs)2,-2.9177,0.818,Semiconductor,P4_2/m,84,28
Zn(GaTe)2_id3412_E-2.92.cif,Zn(GaTe)2,-2.9152,0.85,Semiconductor,P-42_1m,113,10
Zn2Ga(SeS)2_id4722_E-2.92.cif,Zn2Ga(SeS)2,-2.9151,2.039,Semiconductor,Pnn2,34,14
BaNa3Li2O3_id3393_E-2.91.cif,BaNa3Li2O3,-2.9141,2.947,Semiconductor,P-6c2,188,18
Sr2Ca3GaS2_id2884_E-2.91.cif,Sr2Ca3GaS2,-2.9105,0.486,Semiconductor,P6_3/mmc,194,16
KLi2B4AsO2_id2813_E-2.91.cif,KLi2B4AsO2,-2.9104,0.025,Metal,I222,23,20
SrGa3_id891_E-2.91.cif,SrGa3,-2.9102,0.0,Metal,P4/mmm,123,16
KTe12As_id3545_E-2.91.cif,KTe12As,-2.9099,0.0,Metal,I222,23,28
InGa4_id477_E-2.91.cif,InGa4,-2.9053,0.0,Metal,P4_2/nmc,137,10
BaCa5Sn2O_id4670_E-2.90.cif,BaCa5Sn2O,-2.9013,0.0,Metal,P4/mmm,123,9
LiAl2In3_id1963_E-2.90.cif,LiAl2In3,-2.9008,0.0,Metal,Pn-3m,224,12
NaMg2Al3Te4_id2231_E-2.90.cif,NaMg2Al3Te4,-2.8999,0.689,Semiconductor,P4_2/m,84,20
LiCaSnSb4_id4589_E-2.90.cif,LiCaSnSb4,-2.8972,0.609,Semiconductor,Cmm2,35,14
CdSn6_id4963_E-2.89.cif,CdSn6,-2.8934,0.0,Metal,P3_112,151,21
Sc19In_id1112_E-2.89.cif,Sc19In,-2.8932,8.773,Insulator,P4mm,99,20
K3O_id4302_E-2.89.cif,K3O,-2.8932,0.85,Semiconductor,R-3c,167,24
ScIn3_id3750_E-2.89.cif,ScIn3,-2.8918,0.0,Metal,P6cc,184,16
Te_id2794_E-2.89.cif,Te,-2.8918,0.0,Metal,Fm-3m,225,28
InGa6_id1655_E-2.89.cif,InGa6,-2.8917,0.0,Metal,I-42d,122,28
KNaCaO6_id4085_E-2.89.cif,KNaCaO6,-2.8915,0.072,Semiconductor,P4_322,95,36
Mg(Al2In)2_id3160_E-2.89.cif,Mg(Al2In)2,-2.8894,0.017,Metal,Ccce,68,28
K(GaSn)2_id1858_E-2.89.cif,K(GaSn)2,-2.8875,0.572,Semiconductor,I4/mcm,140,20
K2In2GeO3_id1422_E-2.89.cif,K2In2GeO3,-2.8859,2.265,Semiconductor,P-6m2,187,8
Li3ZnSn2Sb_id35_E-2.88.cif,Li3ZnSn2Sb,-2.8849,0.0,Metal,I2_12_12_1,24,28
Ba2Al2Ge_id2518_E-2.88.cif,Ba2Al2Ge,-2.8846,0.0,Metal,P3_221,154,15
LiInSn_id767_E-2.88.cif,LiInSn,-2.8838,0.0,Metal,P4_2/mmc,131,6
KCaSn3_id4220_E-2.88.cif,KCaSn3,-2.8833,0.0,Metal,Pm-3m,221,5
Mg3(TeSe2)2_id4969_E-2.88.cif,Mg3(TeSe2)2,-2.8827,0.0,Metal,P-42_1m,113,18
Ga_id4161_E-2.88.cif,Ga,-2.8812,0.0,Metal,P4_32_12,96,8
K2ZnO2_id4267_E-2.88.cif,K2ZnO2,-2.8811,1.818,Semiconductor,P-42_1m,113,10
AlZnGa16_id3512_E-2.88.cif,AlZnGa16,-2.8768,0.0,Metal,I422,97,36
LiGa4_id403_E-2.88.cif,LiGa4,-2.8765,0.0,Metal,I4/m,87,10
Li6Ga12Sb7_id3198_E-2.88.cif,Li6Ga12Sb7,-2.8755,0.0,Metal,Im-3,204,50
Al13Ge_id1262_E-2.88.cif,Al13Ge,-2.875,0.0,Metal,I2_12_12_1,24,56
Ba(Mg2Sc)2_id1514_E-2.87.cif,Ba(Mg2Sc)2,-2.8746,0.0,Metal,I4/mmm,139,14
CdN_id2251_E-2.87.cif,CdN,-2.8733,0.0,Metal,Fd-3m,227,16
Cd3SnTe8_id1326_E-2.87.cif,Cd3SnTe8,-2.8727,0.0,Metal,P-42c,112,24
Ca2CdGe_id2168_E-2.87.cif,Ca2CdGe,-2.8726,0.0,Metal,Fm-3m,225,16
Al4Ga9_id560_E-2.87.cif,Al4Ga9,-2.8725,0.0,Metal,P-42_1c,114,26
MgAl4_id2062_E-2.87.cif,MgAl4,-2.8714,0.0,Metal,Ccce,68,20
In3Sn_id3693_E-2.87.cif,In3Sn,-2.8708,0.0,Metal,P4_132,213,32
Li2Mg2Ga2Sn3_id3168_E-2.87.cif,Li2Mg2Ga2Sn3,-2.8699,0.0,Metal,C2/m,12,18
Li2Zn4CdPS4_id3332_E-2.87.cif,Li2Zn4CdPS4,-2.8698,1.205,Semiconductor,P-42c,112,24
AlGa4_id8_E-2.87.cif,AlGa4,-2.8674,0.0,Metal,P-42_1c,114,10
Ba4Sn5_id4159_E-2.87.cif,Ba4Sn5,-2.8671,0.0,Metal,Ccce,68,36
Ga_id2593_E-2.87.cif,Ga,-2.8657,0.0,Metal,P-62m,189,12
Mg2Ga4B_id1708_E-2.86.cif,Mg2Ga4B,-2.8647,0.0,Metal,I4/mmm,139,14
CaGe_id3873_E-2.86.cif,CaGe,-2.864,0.0,Metal,P6_222,180,12
NaInGaSb2Te_id3134_E-2.86.cif,NaInGaSb2Te,-2.8634,0.0,Metal,P3_221,154,18
Li2CaSb_id119_E-2.86.cif,Li2CaSb,-2.8559,0.0,Metal,I-42d,122,16
Ba(CdTe)2_id2595_E-2.85.cif,Ba(CdTe)2,-2.853,0.181,Semiconductor,P4_2/nbc,133,40
Sn_id657_E-2.85.cif,Sn,-2.8521,0.0,Metal,P4_32_12,96,8
Na4MgCd2InSb4(SeS)4_id393_E-2.85.cif,Na4MgCd2InSb4(SeS)4,-2.8516,1.037,Semiconductor,I-42m,121,40
In4Sn_id4276_E-2.85.cif,In4Sn,-2.8514,0.0,Metal,Pmmm,47,5
Na2Li6Mg4Te15_id2715_E-2.85.cif,Na2Li6Mg4Te15,-2.8476,0.0,Metal,P2_12_12,18,54
Ca5Sn4Te_id2177_E-2.85.cif,Ca5Sn4Te,-2.8469,0.018,Metal,Immm,71,20
Li2ScCdGa5Sn_id4504_E-2.85.cif,Li2ScCdGa5Sn,-2.8457,0.0,Metal,P4bm,100,20
KAl2ZnO_id2219_E-2.84.cif,KAl2ZnO,-2.8426,0.0,Metal,Pca2_1,29,20
LiMg2CdTe3As_id4549_E-2.84.cif,LiMg2CdTe3As,-2.842,0.436,Semiconductor,P2_12_12,18,32
LiAlZn6(Te4Se)4_id3139_E-2.84.cif,LiAlZn6(Te4Se)4,-2.8411,0.0,Metal,P-42c,112,56
Ga_id865_E-2.84.cif,Ga,-2.841,0.0,Metal,Fm-3m,225,56
AlGa8_id4761_E-2.84.cif,AlGa8,-2.8405,0.0,Metal,Pmmn,59,18
LiMgTe2_id1473_E-2.84.cif,LiMgTe2,-2.8405,0.0,Metal,P4_2/m,84,16
LiIn6Sn_id4190_E-2.84.cif,LiIn6Sn,-2.8401,0.0,Metal,P-31c,163,16
AlIn_id2213_E-2.84.cif,AlIn,-2.8395,0.0,Metal,Amm2,38,8
In4Sn_id3116_E-2.84.cif,In4Sn,-2.8381,0.0,Metal,Aea2,41,20
Al2ZnGa2_id3643_E-2.84.cif,Al2ZnGa2,-2.8363,0.0,Metal,Cmce,64,20
SrCaGa2_id4912_E-2.84.cif,SrCaGa2,-2.8354,0.0,Metal,Fm-3m,225,16
Te_id4117_E-2.83.cif,Te,-2.8335,0.313,Semiconductor,Pba2,32,18
K3Li2Ga2O3_id98_E-2.83.cif,K3Li2Ga2O3,-2.833,0.0,Metal,C222,21,20
Ca(AlGa)2_id4641_E-2.83.cif,Ca(AlGa)2,-2.8305,0.0,Metal,P4_322,95,20
Li2Ga7Sn_id999_E-2.83.cif,Li2Ga7Sn,-2.8298,0.0,Metal,P-4m2,115,10
LiZnSn2_id433_E-2.83.cif,LiZnSn2,-2.8294,0.0,Metal,I-42d,122,16
Mg3ZnAs6_id2065_E-2.83.cif,Mg3ZnAs6,-2.8293,1.02,Semiconductor,Fm-3m,225,40
Li2Mg(Si2Sb)2_id1164_E-2.83.cif,Li2Mg(Si2Sb)2,-2.8264,0.0,Metal,Pccm,49,18
Ca2Ge_id173_E-2.83.cif,Ca2Ge,-2.8258,0.036,Metal,P4_2/nmc,137,12
NaCd4AsPS2_id662_E-2.83.cif,NaCd4AsPS2,-2.8254,0.0,Metal,Cm,8,18
Al5Zn2Ga_id4148_E-2.82.cif,Al5Zn2Ga,-2.8217,0.0,Metal,I4/mmm,139,16
LiZn8(InTe8)2_id425_E-2.82.cif,LiZn8(InTe8)2,-2.8192,0.0,Metal,I422,97,54
BaSrCaSiTeAsSe_id4540_E-2.82.cif,BaSrCaSiTeAsSe,-2.8191,0.471,Semiconductor,Pca2_1,29,28
Be(Ga2Sn)2_id518_E-2.82.cif,Be(Ga2Sn)2,-2.8188,0.0,Metal,P4_232,208,42
CaGaGe_id4798_E-2.82.cif,CaGaGe,-2.8187,0.0,Metal,P4/mmm,123,12
KNa3TeSe2_id3309_E-2.82.cif,KNa3TeSe2,-2.8178,1.538,Semiconductor,R-3m,166,21
ZnGa2B_id4627_E-2.82.cif,ZnGa2B,-2.8174,0.0,Metal,I4_1md,109,16
Na3(GaSe6)2_id3474_E-2.81.cif,Na3(GaSe6)2,-2.8138,0.0,Metal,P4_232,208,34
In3Sn_id972_E-2.81.cif,In3Sn,-2.8136,0.0,Metal,Pmmm,47,4
K3ScTe3_id4110_E-2.81.cif,K3ScTe3,-2.8109,0.307,Semiconductor,Pm-3n,223,14
Na2Li3(SnSb)2_id4837_E-2.81.cif,Na2Li3(SnSb)2,-2.8098,0.0,Metal,P222,16,18
LiAl2InGa_id2853_E-2.81.cif,LiAl2InGa,-2.8053,0.0,Metal,Cmme,67,20
NaCa3In2Te3(SeS)3_id391_E-2.80.cif,NaCa3In2Te3(SeS)3,-2.804,0.0,Metal,P31m,157,15
Be3Al37_id231_E-2.80.cif,Be3Al37,-2.8028,0.027,Metal,Pm-3m,221,40
In7Sn_id929_E-2.80.cif,In7Sn,-2.8014,0.0,Metal,P-4c2,116,16
Ge3As2Se_id1610_E-2.80.cif,Ge3As2Se,-2.7993,0.981,Semiconductor,P4/mmm,123,6
Mg2Ga2Si_id3655_E-2.79.cif,Mg2Ga2Si,-2.7937,0.0,Metal,Pbcn,60,20
Zn6AsO2_id3892_E-2.79.cif,Zn6AsO2,-2.7927,0.0,Metal,Pa-3,205,36
NaAlSi_id3783_E-2.79.cif,NaAlSi,-2.7885,0.0,Metal,F-43m,216,12
SrIn8As_id743_E-2.79.cif,SrIn8As,-2.7869,0.0,Metal,P312,149,10
Na4As3_id1032_E-2.79.cif,Na4As3,-2.7859,1.151,Semiconductor,I-43d,220,28
BaGa_id4695_E-2.79.cif,BaGa,-2.7859,0.0,Metal,Pm-3m,221,16
Na4Sb3_id4984_E-2.79.cif,Na4Sb3,-2.7859,0.858,Semiconductor,P4_22_12,94,14
ZnGe_id273_E-2.79.cif,ZnGe,-2.7855,0.0,Metal,I4_1/amd,141,8
Ga_id4079_E-2.78.cif,Ga,-2.7837,0.0,Metal,P4_2/mmc,131,6
ScCd3Ga4_id715_E-2.78.cif,ScCd3Ga4,-2.7819,0.0,Metal,Im-3m,229,16
Li3CdTe3_id4107_E-2.78.cif,Li3CdTe3,-2.7818,1.582,Semiconductor,Pm-3n,223,14
Li2AlZnTe4_id878_E-2.78.cif,Li2AlZnTe4,-2.7814,0.29,Semiconductor,I-42d,122,32
Li4Be(AlS2)2_id1089_E-2.78.cif,Li4Be(AlS2)2,-2.7798,0.0,Metal,Pbcn,60,44
In2Ga_id4456_E-2.78.cif,In2Ga,-2.7792,0.0,Metal,Pa-3,205,12
CdSn2_id4088_E-2.78.cif,CdSn2,-2.7782,0.0,Metal,C2/m,12,6
Li(MgSn2)3_id4943_E-2.78.cif,Li(MgSn2)3,-2.7777,0.0,Metal,Fm-3m,225,40
Ba2Cd(TeS)2_id795_E-2.78.cif,Ba2Cd(TeS)2,-2.777,0.265,Semiconductor,P2,3,28
Mg4TiAlZnSbTe3_id4460_E-2.78.cif,Mg4TiAlZnSbTe3,-2.7754,1.507,Semiconductor,R3,146,33
Li12Sb7_id2875_E-2.77.cif,Li12Sb7,-2.7749,0.041,Metal,Im-3,204,38
ZnTe2_id640_E-2.77.cif,ZnTe2,-2.7746,0.031,Metal,P2_12_12_1,19,12
In3Ga2_id4548_E-2.77.cif,In3Ga2,-2.7729,0.0,Metal,P4_132,213,20
Al(ZnGe)4_id1189_E-2.77.cif,Al(ZnGe)4,-2.7729,0.0,Metal,I422,97,18
Sn_id3366_E-2.77.cif,Sn,-2.7722,0.0,Metal,P4/mmm,123,8
Sr2LiGe_id320_E-2.77.cif,Sr2LiGe,-2.7721,0.0,Metal,Fm-3m,225,16
Zn2CdS2_id4139_E-2.77.cif,Zn2CdS2,-2.7715,1.373,Semiconductor,Pca2_1,29,20
Na3ScSn4_id3008_E-2.77.cif,Na3ScSn4,-2.7692,0.0,Metal,I4_1/a,88,32
Na8Sb7_id1349_E-2.77.cif,Na8Sb7,-2.7687,0.372,Semiconductor,Fm-3m,225,60
MgInSn_id3271_E-2.77.cif,MgInSn,-2.7684,0.0,Metal,F-43m,216,12
Sc3ZnCd3_id3842_E-2.77.cif,Sc3ZnCd3,-2.7677,0.0,Metal,Pbam,55,28
Ba2As5_id2274_E-2.77.cif,Ba2As5,-2.7673,0.091,Semiconductor,P6_3/mcm,193,14
KBa(GeB)2_id2605_E-2.77.cif,KBa(GeB)2,-2.7671,1.456,Semiconductor,P4_2/nnm,134,48
Ge2SbAs3_id1713_E-2.76.cif,Ge2SbAs3,-2.7628,0.0,Metal,P4/mmm,123,6
Na3N_id4333_E-2.76.cif,Na3N,-2.761,1.492,Semiconductor,C222_1,20,16
AlGa4_id1548_E-2.76.cif,AlGa4,-2.756,0.0,Metal,Pban,50,10
NaMgGa(Te2As)2_id45_E-2.76.cif,NaMgGa(Te2As)2,-2.7555,0.0,Metal,Pccm,49,18
KSn_id2533_E-2.75.cif,KSn,-2.7545,0.184,Semiconductor,Fd-3m,227,8
Li9GeAs4_id2167_E-2.75.cif,Li9GeAs4,-2.7543,0.487,Semiconductor,Im-3m,229,28
In3Te_id924_E-2.75.cif,In3Te,-2.7539,0.0,Metal,P4_322,95,16
LiTiCd_id2997_E-2.75.cif,LiTiCd,-2.7535,0.023,Metal,P4_122,91,12
InGa2Sn_id4413_E-2.75.cif,InGa2Sn,-2.7529,0.0,Metal,Pmmm,47,4
Ti2In3Te2_id4080_E-2.75.cif,Ti2In3Te2,-2.7527,0.0,Metal,P-3m1,164,7
K(SiGe9)2_id256_E-2.75.cif,K(SiGe9)2,-2.7524,0.0,Metal,P-6,174,21
Mg2Sc2AlZn2_id1249_E-2.75.cif,Mg2Sc2AlZn2,-2.7517,0.0,Metal,P4/mbm,127,14
Ba(CaAl3)4_id3727_E-2.75.cif,Ba(CaAl3)4,-2.7515,0.0,Metal,Im-3,204,34
AlZnGa4_id2842_E-2.75.cif,AlZnGa4,-2.7477,0.0,Metal,Cmcm,63,24
Sc(Ga2Si)2_id4699_E-2.75.cif,Sc(Ga2Si)2,-2.7463,0.559,Semiconductor,P4_322,95,28
Na4In9Sn3Te8_id2082_E-2.74.cif,Na4In9Sn3Te8,-2.7438,0.0,Metal,P2_12_12,18,48
In3Ga_id1495_E-2.74.cif,In3Ga,-2.7426,0.0,Metal,Pm-3m,221,32
SrCaIn2_id174_E-2.74.cif,SrCaIn2,-2.7409,0.0,Metal,Fm-3m,225,16
NaMg2Cd3O2_id1162_E-2.74.cif,NaMg2Cd3O2,-2.7407,0.0,Metal,C222,21,16
Cd4GaSn3Te4_id884_E-2.74.cif,Cd4GaSn3Te4,-2.7404,0.0,Metal,P-43m,215,12
MgIn2Sb_id875_E-2.74.cif,MgIn2Sb,-2.74,0.0,Metal,P-6m2,187,4
Ca2Sn_id2525_E-2.74.cif,Ca2Sn,-2.7353,0.034,Metal,P4_2/nmc,137,12
Ga_id3321_E-2.73.cif,Ga,-2.7336,0.0,Metal,P4/mmm,123,4
Ca3B_id2506_E-2.73.cif,Ca3B,-2.7314,0.086,Semiconductor,P6_222,180,12
ZnS_id1559_E-2.73.cif,ZnS,-2.7312,0.062,Semiconductor,P4_22_12,94,24
Ti3Cd3Ga_id2705_E-2.73.cif,Ti3Cd3Ga,-2.731,0.002,Metal,Pm-3n,223,14
Mg(ScIn5)3_id985_E-2.73.cif,Mg(ScIn5)3,-2.7281,0.0,Metal,P-43n,218,38
Ca2Te2Se_id94_E-2.73.cif,Ca2Te2Se,-2.7269,0.163,Semiconductor,P2_1/c,14,20
Ga_id4747_E-2.73.cif,Ga,-2.725,0.0,Metal,I-43d,220,28
In3Ga_id3181_E-2.72.cif,In3Ga,-2.7241,0.0,Metal,Pm-3n,223,8
Al2Zn2Ga5Sn_id291_E-2.72.cif,Al2Zn2Ga5Sn,-2.7238,0.0,Metal,P2/m,10,10
MgGe_id3487_E-2.72.cif,MgGe,-2.7231,0.0,Metal,I4_1/acd,142,32
TiBe2AlGa2_id1608_E-2.72.cif,TiBe2AlGa2,-2.7226,0.0,Metal,I4_1/amd,141,48
Li4MgScTe2_id2763_E-2.72.cif,Li4MgScTe2,-2.7212,0.0,Metal,I4/mcm,140,32
In_id2189_E-2.72.cif,In,-2.7202,0.0,Metal,I4_1/amd,141,32
In3Ga_id4069_E-2.72.cif,In3Ga,-2.7185,0.0,Metal,I-4m2,119,16
KGe_id3663_E-2.72.cif,KGe,-2.7168,0.0,Metal,I4_1/acd,142,32
In_id4707_E-2.71.cif,In,-2.7144,0.0,Metal,I4_1/amd,141,4
NaCa2(MgSc)2_id1564_E-2.71.cif,NaCa2(MgSc)2,-2.7141,0.0,Metal,Cmce,64,28
ScPNO5_id3130_E-2.71.cif,ScPNO5,-2.7116,1.635,Semiconductor,P2_1/c,14,32
Li3Zn3Sn4_id721_E-2.71.cif,Li3Zn3Sn4,-2.7115,0.0,Metal,I-43d,220,40
Zn2CdTe4_id77_E-2.71.cif,Zn2CdTe4,-2.7099,0.0,Metal,P-42m,111,7
Li8Mg4SiGeAs2_id2139_E-2.71.cif,Li8Mg4SiGeAs2,-2.7083,0.0,Metal,P4,75,16
In6Sb_id3120_E-2.71.cif,In6Sb,-2.7074,0.0,Metal,P2/m,10,14
Li8Be4Zn3GaSe12_id3627_E-2.71.cif,Li8Be4Zn3GaSe12,-2.7068,0.0,Metal,P-42c,112,56
LiGa3_id1321_E-2.71.cif,LiGa3,-2.7067,0.0,Metal,Cmcm,63,16
In2Ga_id797_E-2.71.cif,In2Ga,-2.7055,0.0,Metal,P4_2/nmc,137,12
AlInGa_id2300_E-2.71.cif,AlInGa,-2.7051,0.641,Semiconductor,P3_221,154,9
ZnGe_id1073_E-2.70.cif,ZnGe,-2.7026,0.0,Metal,P6_222,180,12
In3Ga4_id439_E-2.70.cif,In3Ga4,-2.7024,0.0,Metal,Fm-3m,225,56
In_id3301_E-2.70.cif,In,-2.701,0.0,Metal,Fm-3m,225,32
In_id3011_E-2.70.cif,In,-2.7002,0.0,Metal,P2_12_12_1,19,8
BaLiMgGa2Si_id4902_E-2.70.cif,BaLiMgGa2Si,-2.6998,0.0,Metal,P-6m2,187,6
AlGa20_id1316_E-2.70.cif,AlGa20,-2.6996,0.0,Metal,P2,3,21
In_id857_E-2.70.cif,In,-2.6993,0.0,Metal,I4/mmm,139,8
In_id37_E-2.70.cif,In,-2.6991,0.0,Metal,I-43m,217,8
In2Sn3_id4355_E-2.70.cif,In2Sn3,-2.6989,0.0,Metal,P4_132,213,20
K13In4O6_id4350_E-2.70.cif,K13In4O6,-2.6978,0.0,Metal,P-31c,163,46
BaNaSn3_id3766_E-2.70.cif,BaNaSn3,-2.6975,0.0,Metal,P3m1,156,5
In_id3328_E-2.70.cif,In,-2.6966,0.0,Metal,I4_1/acd,142,16
K2SrO2_id2180_E-2.70.cif,K2SrO2,-2.6959,0.0,Metal,P4bm,100,40
Ba2Ca4O_id2103_E-2.70.cif,Ba2Ca4O,-2.6955,0.0,Metal,P4_2/mnm,136,14
In_id3298_E-2.70.cif,In,-2.6952,0.0,Metal,Pbca,61,8
LiInSn_id2778_E-2.69.cif,LiInSn,-2.6938,0.0,Metal,Pmma,51,6
CaZnTe_id2740_E-2.69.cif,CaZnTe,-2.6935,1.104,Semiconductor,P6_3/mmc,194,6
LiCaIn2_id116_E-2.69.cif,LiCaIn2,-2.6929,0.0,Metal,Fm-3m,225,16
In_id1132_E-2.69.cif,In,-2.6929,0.0,Metal,Pbca,61,8
Sr2LiSi_id1991_E-2.69.cif,Sr2LiSi,-2.6926,0.0,Metal,P4/nmm,129,8
Ge2TeAsSe2_id4386_E-2.69.cif,Ge2TeAsSe2,-2.6924,1.927,Semiconductor,P4/mmm,123,6
AlZnAs_id3232_E-2.69.cif,AlZnAs,-2.6919,1.254,Semiconductor,Pca2_1,29,12
NaSrInSn_id724_E-2.69.cif,NaSrInSn,-2.6915,0.0,Metal,P4_2/mmc,131,8
KP(S2O5)4_id4718_E-2.69.cif,KP(S2O5)4,-2.6909,1.664,Semiconductor,P4/n,85,60
BaTi2BeO2_id4173_E-2.69.cif,BaTi2BeO2,-2.6905,1.06,Semiconductor,P6_3/mmc,194,12
Mg3InGe3_id610_E-2.69.cif,Mg3InGe3,-2.69,0.0,Metal,Pm-3n,223,14
LiMgSn2_id346_E-2.69.cif,LiMgSn2,-2.689,0.0,Metal,P4_2/m,84,16
In8Ge_id4128_E-2.69.cif,In8Ge,-2.6887,0.0,Metal,P-42_1c,114,18
MgIn3Sn_id970_E-2.69.cif,MgIn3Sn,-2.6881,0.0,Metal,P4_2/mmc,131,10
In_id483_E-2.69.cif,In,-2.6878,0.0,Metal,Pa-3,205,12
Ti2BeZn4GaSn2_id3014_E-2.69.cif,Ti2BeZn4GaSn2,-2.6874,0.239,Semiconductor,P1,1,30
In4Sn_id2895_E-2.69.cif,In4Sn,-2.6867,0.0,Metal,P6/mmm,191,10
KSn8_id3297_E-2.69.cif,KSn8,-2.6859,0.0,Metal,P-1,2,18
LiGa2_id1992_E-2.68.cif,LiGa2,-2.6847,0.0,Metal,Cmce,64,24
CdGe_id1440_E-2.68.cif,CdGe,-2.6845,0.0,Metal,P4_32_12,96,8
K5Cd4(SO)4_id2306_E-2.68.cif,K5Cd4(SO)4,-2.684,3.633,Insulator,P4_2/n,86,34
Li2Sn_id4850_E-2.68.cif,Li2Sn,-2.683,0.0,Metal,P4_222,93,12
KBaLiGaSb2_id1980_E-2.68.cif,KBaLiGaSb2,-2.6818,0.003,Metal,Pccm,49,12
Li2Ca2Zn2Sn2Sb3_id2995_E-2.68.cif,Li2Ca2Zn2Sn2Sb3,-2.6814,0.0,Metal,Ccc2,37,44
In_id4089_E-2.68.cif,In,-2.6814,0.0,Metal,Pm-3n,223,8
In_id4968_E-2.68.cif,In,-2.6804,0.0,Metal,I4/mmm,139,10
CaGe5_id2622_E-2.68.cif,CaGe5,-2.6802,0.0,Metal,P-4n2,118,12
K3Cd3SbO9_id4506_E-2.68.cif,K3Cd3SbO9,-2.6793,3.092,Semiconductor,P-6m2,187,16
BaO2_id2462_E-2.68.cif,BaO2,-2.6785,1.743,Semiconductor,P-6,174,9
Mg7Sc3_id244_E-2.68.cif,Mg7Sc3,-2.6785,0.0,Metal,I4mm,107,20
In6Ga_id473_E-2.68.cif,In6Ga,-2.6768,0.0,Metal,P6_3/m,176,14
InGa3_id847_E-2.68.cif,InGa3,-2.6764,0.0,Metal,Aem2,39,16
Li3Ga2SiGeSb_id785_E-2.67.cif,Li3Ga2SiGeSb,-2.6749,0.038,Metal,P-4n2,118,16
In_id176_E-2.67.cif,In,-2.6744,0.0,Metal,Im-3m,229,14
Sr4Ga2Sn8Sb_id1343_E-2.67.cif,Sr4Ga2Sn8Sb,-2.6743,0.0,Metal,P4/mnc,128,30
In_id132_E-2.67.cif,In,-2.673,0.0,Metal,Ibca,73,24
K2NaGa3Sn3Sb6As_id2996_E-2.67.cif,K2NaGa3Sn3Sb6As,-2.6729,0.0,Metal,P3,143,16
Mg5Te6_id84_E-2.67.cif,Mg5Te6,-2.6726,0.0,Metal,P-42_1m,113,22
Be4Zn_id1410_E-2.67.cif,Be4Zn,-2.6713,0.0,Metal,I-42d,122,20
BeCd2In4GaSe4_id1683_E-2.67.cif,BeCd2In4GaSe4,-2.6698,0.0,Metal,P-42c,112,24
In_id3500_E-2.67.cif,In,-2.6697,0.0,Metal,P4/mmm,123,6
In_id2802_E-2.67.cif,In,-2.6688,0.0,Metal,P-62m,189,9
In6Ga_id2882_E-2.67.cif,In6Ga,-2.6679,0.0,Metal,I4mm,107,14
ScAl4(ZnS)8_id4829_E-2.67.cif,ScAl4(ZnS)8,-2.6677,2.413,Semiconductor,P4_2/nmc,137,42
Be(ZnAs)3_id213_E-2.67.cif,Be(ZnAs)3,-2.6671,1.051,Semiconductor,Pm-3n,223,14
KSr(InGa2)3_id122_E-2.67.cif,KSr(InGa2)3,-2.6665,0.0,Metal,P-31c,163,22
SrGa2_id867_E-2.67.cif,SrGa2,-2.6658,0.0,Metal,P4/mmm,123,12
Li3CaTe6_id424_E-2.67.cif,Li3CaTe6,-2.6651,0.0,Metal,Im-3m,229,20
In4Sb_id2293_E-2.66.cif,In4Sb,-2.664,0.053,Semiconductor,Pm-3m,221,5
K3Na7SO4_id2006_E-2.66.cif,K3Na7SO4,-2.6635,0.27,Semiconductor,P6_322,182,30
K2O_id4389_E-2.66.cif,K2O,-2.6629,2.036,Semiconductor,P-4c2,116,24
MgZn3Ga3Sb4_id4802_E-2.66.cif,MgZn3Ga3Sb4,-2.6602,0.0,Metal,I4/mcm,140,44
CdIn4Ga2Ge_id197_E-2.66.cif,CdIn4Ga2Ge,-2.6601,0.0,Metal,P-42c,112,16
In_id3934_E-2.66.cif,In,-2.6595,0.0,Metal,Pm-3m,221,12
Mg2ZnGaGe(TeSe)2_id150_E-2.66.cif,Mg2ZnGaGe(TeSe)2,-2.6588,1.05,Semiconductor,Cmme,67,36
In_id78_E-2.66.cif,In,-2.6587,0.0,Metal,Fd-3m,227,32
In_id4565_E-2.66.cif,In,-2.6585,0.0,Metal,Immm,71,12
Ba5O8_id1016_E-2.66.cif,Ba5O8,-2.6576,2.037,Semiconductor,P4/mmm,123,13
NaIn3Sn_id3800_E-2.66.cif,NaIn3Sn,-2.6563,0.0,Metal,P6/mmm,191,10
K9Ba4Mg4SbO10_id2081_E-2.66.cif,K9Ba4Mg4SbO10,-2.6553,0.1,Semiconductor,I-42m,121,56
Zn2InO_id516_E-2.65.cif,Zn2InO,-2.6542,0.0,Metal,Cmcm,63,16
Be2ZnGe_id4033_E-2.65.cif,Be2ZnGe,-2.653,0.0,Metal,C2/c,15,16
LiMg5Ti2_id3170_E-2.65.cif,LiMg5Ti2,-2.6529,0.007,Metal,Cmmm,65,16
LiTe_id1170_E-2.65.cif,LiTe,-2.6493,0.0,Metal,Pbca,61,16
SrLi4CaGa2N_id4974_E-2.65.cif,SrLi4CaGa2N,-2.6487,0.0,Metal,P4/mmm,123,9
Na4(GaGe)3_id1854_E-2.65.cif,Na4(GaGe)3,-2.6469,0.0,Metal,I-43d,220,40
Al4Cd2In2GaTe3_id3240_E-2.65.cif,Al4Cd2In2GaTe3,-2.6463,0.0,Metal,I2_12_12_1,24,48
Na6SnSb4_id2546_E-2.64.cif,Na6SnSb4,-2.6445,0.408,Semiconductor,Im-3m,229,22
Be19AlS2_id2868_E-2.64.cif,Be19AlS2,-2.643,0.0,Metal,P2_12_12,18,44
Ca(InGa)4_id4793_E-2.64.cif,Ca(InGa)4,-2.6427,0.0,Metal,P4_2/nmc,137,18
Ca2Ga3_id1799_E-2.64.cif,Ca2Ga3,-2.6426,0.0,Metal,P-6c2,188,10
CdAs_id1719_E-2.64.cif,CdAs,-2.6414,0.0,Metal,Pca2_1,29,8
Be2Si3_id1584_E-2.64.cif,Be2Si3,-2.6413,2.85,Semiconductor,C222_1,20,20
ScCd2Sn_id4927_E-2.64.cif,ScCd2Sn,-2.6411,0.0,Metal,Cmcm,63,16
Al_id2259_E-2.64.cif,Al,-2.6406,0.0,Metal,P2_12_12,18,40
BaCdSn_id2292_E-2.64.cif,BaCdSn,-2.6404,0.0,Metal,I-4m2,119,6
In_id3964_E-2.64.cif,In,-2.64,0.0,Metal,P-1,2,6
NaTiGa_id4495_E-2.64.cif,NaTiGa,-2.6399,0.0,Metal,P4_122,91,12
NaLiSn2Sb_id214_E-2.64.cif,NaLiSn2Sb,-2.637,0.0,Metal,Cmme,67,20
LiIn7_id1597_E-2.64.cif,LiIn7,-2.6361,0.0,Metal,P-31c,163,16
Li8N3O4_id4988_E-2.63.cif,Li8N3O4,-2.6349,1.288,Semiconductor,Cmcm,63,60
Al_id1512_E-2.63.cif,Al,-2.6343,0.0,Metal,P3_221,154,9
CaIn_id1776_E-2.63.cif,CaIn,-2.6339,0.0,Metal,Fm-3m,225,8
In_id3087_E-2.63.cif,In,-2.6319,0.0,Metal,Ibca,73,32
NaMg2(SiSn)2_id190_E-2.63.cif,NaMg2(SiSn)2,-2.6312,0.0,Metal,I4/mcm,140,28
Li(ScSi2)2_id4741_E-2.63.cif,Li(ScSi2)2,-2.6309,2.8,Semiconductor,Ccce,68,28
InSn2Sb_id3433_E-2.63.cif,InSn2Sb,-2.6293,0.0,Metal,I4/mmm,139,8
In_id2083_E-2.63.cif,In,-2.6286,0.0,Metal,P6/mmm,191,12
Cd2AsS2_id2904_E-2.63.cif,Cd2AsS2,-2.6284,1.581,Semiconductor,I4/mmm,139,10
AlZn3Se2_id1871_E-2.63.cif,AlZn3Se2,-2.6279,0.0,Metal,I4/mmm,139,12
In_id1224_E-2.63.cif,In,-2.6274,0.0,Metal,Pmna,53,18
Sr4GaSn2_id1267_E-2.63.cif,Sr4GaSn2,-2.6256,0.0,Metal,Ccce,68,28
Ba2SiB2_id1490_E-2.63.cif,Ba2SiB2,-2.6255,0.0,Metal,Immm,71,10
In_id3229_E-2.62.cif,In,-2.6235,0.0,Metal,P4/m,83,8
In_id4137_E-2.62.cif,In,-2.6227,0.0,Metal,Ccce,68,20
TiZnCd2_id4072_E-2.62.cif,TiZnCd2,-2.6226,0.0,Metal,Fm-3m,225,16
BaTi3Zn6SnGe_id481_E-2.62.cif,BaTi3Zn6SnGe,-2.6204,0.0,Metal,P-6m2,187,12
KGe4As_id343_E-2.62.cif,KGe4As,-2.6198,2.49,Semiconductor,Amm2,38,12
K2ZnGa2SiGe4_id1024_E-2.62.cif,K2ZnGa2SiGe4,-2.6192,0.0,Metal,P1,1,20
LiZnGa3Sn_id1658_E-2.62.cif,LiZnGa3Sn,-2.619,0.0,Metal,Pmma,51,12
Li4Ti2Si_id1101_E-2.62.cif,Li4Ti2Si,-2.6186,0.0,Metal,I4_1/acd,142,56
In_id2851_E-2.62.cif,In,-2.6161,0.0,Metal,P4/mmm,123,6
AlZnCdGa6_id1662_E-2.61.cif,AlZnCdGa6,-2.6137,0.0,Metal,P-31c,163,18
In10Ga_id2418_E-2.61.cif,In10Ga,-2.6137,0.0,Metal,Im-3m,229,22
Li4Ga7_id2267_E-2.61.cif,Li4Ga7,-2.6134,0.0,Metal,I-43m,217,22
InGa6O_id4034_E-2.61.cif,InGa6O,-2.612,0.0,Metal,P6_322,182,16
Li4In3Ga_id239_E-2.61.cif,Li4In3Ga,-2.6111,0.0,Metal,Im-3m,229,16
KInGaO2_id1282_E-2.61.cif,KInGaO2,-2.61,1.416,Semiconductor,P3_221,154,15
Li(AlIn)3_id1521_E-2.61.cif,Li(AlIn)3,-2.6097,0.0,Metal,Pm-3n,223,14
Al2Ga5_id775_E-2.61.cif,Al2Ga5,-2.6085,0.0,Metal,Ibca,73,56
Li2MgBeZn2Ga2PS2_id4018_E-2.61.cif,Li2MgBeZn2Ga2PS2,-2.607,0.572,Semiconductor,P-1,2,22
ZnCd2In3PS3_id2211_E-2.61.cif,ZnCd2In3PS3,-2.6062,0.218,Semiconductor,Aem2,39,40
K3Na3S4_id3887_E-2.61.cif,K3Na3S4,-2.6059,2.633,Semiconductor,P4_2/m,84,20
Cd2In4Sn3_id988_E-2.61.cif,Cd2In4Sn3,-2.6059,0.0,Metal,C222,21,18
In_id1750_E-2.61.cif,In,-2.6051,0.0,Metal,Cmce,64,20
Li5AlGe_id2974_E-2.60.cif,Li5AlGe,-2.6041,0.055,Semiconductor,I4/mcm,140,28
Sb_id1294_E-2.60.cif,Sb,-2.6023,0.0,Metal,P4/mmm,123,6
KBe2CdSeO3_id3499_E-2.60.cif,KBe2CdSeO3,-2.6019,2.371,Semiconductor,Pmmn,59,16
Ga_id4330_E-2.60.cif,Ga,-2.6015,0.0,Metal,R-3c,167,48
K4Na4InTe4_id294_E-2.60.cif,K4Na4InTe4,-2.6005,0.141,Semiconductor,I4/m,87,26
Na4Mg4AlSi4_id1513_E-2.60.cif,Na4Mg4AlSi4,-2.6001,0.0,Metal,P4_2/n,86,26
LiZn3Ga3O_id1182_E-2.60.cif,LiZn3Ga3O,-2.5981,0.0,Metal,Pm-3m,221,8
BaIn_id4631_E-2.60.cif,BaIn,-2.5956,0.0,Metal,I-4m2,119,4
In_id4566_E-2.59.cif,In,-2.5939,0.0,Metal,Cmce,64,20
Mg2Si_id3712_E-2.59.cif,Mg2Si,-2.5896,0.0,Metal,P4_12_12,92,24
Ga_id1110_E-2.59.cif,Ga,-2.5895,0.0,Metal,P4/m,83,12
NaAlInGaSn_id3175_E-2.59.cif,NaAlInGaSn,-2.5882,0.0,Metal,Iba2,45,40
Li2Mg4Al(Sn2Te)2_id1720_E-2.59.cif,Li2Mg4Al(Sn2Te)2,-2.5871,0.0,Metal,Pbcn,60,52
Na2SrLi2In4(SnSb)2_id1156_E-2.59.cif,Na2SrLi2In4(SnSb)2,-2.5858,0.252,Semiconductor,Iba2,45,52
K2CaInSn2Sb3_id1670_E-2.59.cif,K2CaInSn2Sb3,-2.5855,0.761,Semiconductor,Pnnm,58,18
MgCdSn2_id3405_E-2.58.cif,MgCdSn2,-2.5849,0.0,Metal,P4/mmm,123,8
BaInSe2_id88_E-2.58.cif,BaInSe2,-2.5786,0.0,Metal,P3_221,154,12
ZnGaSiSb2Te_id4166_E-2.58.cif,ZnGaSiSb2Te,-2.5786,0.175,Semiconductor,P3_221,154,18
Mg2B_id4063_E-2.58.cif,Mg2B,-2.5784,0.0,Metal,P6_422,181,9
In_id827_E-2.58.cif,In,-2.5782,0.0,Metal,I4mm,107,16
BaSrBeSi_id2576_E-2.58.cif,BaSrBeSi,-2.5761,0.0,Metal,P-6m2,187,4
CaGaSn_id3633_E-2.58.cif,CaGaSn,-2.5758,0.0,Metal,P6_222,180,18
Mg4Al3Ga_id1900_E-2.58.cif,Mg4Al3Ga,-2.5757,0.0,Metal,Im-3m,229,16
ZnGaGe2Sb_id2057_E-2.57.cif,ZnGaGe2Sb,-2.5748,0.0,Metal,Pccm,49,10
Li4Ga3_id246_E-2.57.cif,Li4Ga3,-2.5746,0.0,Metal,I-43d,220,28
Na3In3Sn3Sb_id4598_E-2.57.cif,Na3In3Sn3Sb,-2.5737,0.0,Metal,P6_3/m,176,20
K4LiSb3_id2105_E-2.57.cif,K4LiSb3,-2.5735,0.795,Semiconductor,Im-3m,229,16
NaLi3In3O_id2547_E-2.57.cif,NaLi3In3O,-2.5732,0.0,Metal,Pm-3m,221,8
Na2Li8CaAs6_id1150_E-2.57.cif,Na2Li8CaAs6,-2.5719,0.821,Semiconductor,I-42m,121,34
Ba2NaGe3AsP_id3310_E-2.57.cif,Ba2NaGe3AsP,-2.5716,0.0,Metal,P-4n2,118,16
SrLiIn9_id1227_E-2.57.cif,SrLiIn9,-2.5709,0.0,Metal,P4/nbm,125,22
Zn2CdGaO2_id3944_E-2.57.cif,Zn2CdGaO2,-2.5702,0.002,Metal,P4_2/mmc,131,12
BeAl4Si_id2625_E-2.57.cif,BeAl4Si,-2.5694,0.015,Metal,P6_222,180,18
Sr(LiAl4)2_id773_E-2.57.cif,Sr(LiAl4)2,-2.5693,0.0,Metal,P4/nbm,125,22
LiCdSn4_id2125_E-2.57.cif,LiCdSn4,-2.5691,0.0,Metal,P2,3,6
Li4MgAl2Zn(GaS)4_id3772_E-2.57.cif,Li4MgAl2Zn(GaS)4,-2.5691,0.0,Metal,P-42c,112,32
ZnTe2_id2242_E-2.57.cif,ZnTe2,-2.5682,0.932,Semiconductor,Pn-3m,224,6
BaLiCaInSi_id978_E-2.57.cif,BaLiCaInSi,-2.5677,0.0,Metal,P6_5,170,30
In4Ga_id2289_E-2.57.cif,In4Ga,-2.5667,0.0,Metal,I4/mcm,140,20
In3Ga2_id2952_E-2.56.cif,In3Ga2,-2.5647,0.0,Metal,I4_1/amd,141,20
CaMgIn6_id2447_E-2.56.cif,CaMgIn6,-2.5646,0.0,Metal,P-31c,163,16
ZnGa3_id2460_E-2.56.cif,ZnGa3,-2.5625,0.0,Metal,P4/mmm,123,4
Ti(SbO)3_id4499_E-2.56.cif,Ti(SbO)3,-2.5619,1.264,Semiconductor,P6_3,173,14
LiMg4Ti_id2326_E-2.56.cif,LiMg4Ti,-2.5593,0.123,Semiconductor,I4_1/amd,141,24
Li6Ga13Ge6_id4901_E-2.56.cif,Li6Ga13Ge6,-2.5589,0.0,Metal,Im-3,204,50
Ba2Al_id1615_E-2.56.cif,Ba2Al,-2.5569,0.0,Metal,I4/mcm,140,12
Li2MgCdTe4_id1056_E-2.56.cif,Li2MgCdTe4,-2.5566,0.544,Semiconductor,I-42d,122,32
NaLi4Cd4(Te2S)4_id1916_E-2.56.cif,NaLi4Cd4(Te2S)4,-2.5566,0.0,Metal,P4_2/n,86,42
Cd2Sn2Te3_id1937_E-2.56.cif,Cd2Sn2Te3,-2.5559,0.007,Metal,I4_132,214,28
Mg2Ge_id3335_E-2.56.cif,Mg2Ge,-2.5554,0.0,Metal,Pa-3,205,12
In_id3768_E-2.55.cif,In,-2.554,0.0,Metal,I4_1/acd,142,16
CaZn3Ga3O_id1817_E-2.55.cif,CaZn3Ga3O,-2.5535,0.0,Metal,Pm-3m,221,8
SnSb2_id1102_E-2.55.cif,SnSb2,-2.5526,0.0,Metal,P4/m,83,12
KBa2Sn_id2222_E-2.55.cif,KBa2Sn,-2.5507,0.0,Metal,Fm-3m,225,16
Na2LiCd2Sn2P3_id2296_E-2.55.cif,Na2LiCd2Sn2P3,-2.55,0.419,Semiconductor,P4mm,99,20
Li2Ga3_id2459_E-2.55.cif,Li2Ga3,-2.5474,0.417,Semiconductor,Pm,6,10
KGa19_id3617_E-2.55.cif,KGa19,-2.5473,0.0,Metal,Im-3,204,40
K3Si2_id449_E-2.55.cif,K3Si2,-2.5453,0.0,Metal,P4_132,213,20
Na2Sb5(As3Se)4_id1489_E-2.54.cif,Na2Sb5(As3Se)4,-2.5449,0.0,Metal,Pc,7,46
LiSn_id1711_E-2.54.cif,LiSn,-2.5399,0.0,Metal,I4/mmm,139,16
Ca4Ga4B_id4987_E-2.54.cif,Ca4Ga4B,-2.5395,0.0,Metal,P4_2/nmc,137,18
MgSn_id4477_E-2.54.cif,MgSn,-2.5391,0.0,Metal,F-43m,216,8
BeAl2Zn3Ga3Te3Se_id3533_E-2.54.cif,BeAl2Zn3Ga3Te3Se,-2.5353,0.0,Metal,P2_1,4,26
Li4Ga4Sn_id1456_E-2.54.cif,Li4Ga4Sn,-2.5353,0.0,Metal,P4/mbm,127,18
KSi2PO17_id774_E-2.53.cif,KSi2PO17,-2.5316,0.377,Semiconductor,P2_1,4,42
LiCaIn2_id1275_E-2.53.cif,LiCaIn2,-2.5284,0.0,Metal,I-42d,122,16
CdSnSb_id3581_E-2.53.cif,CdSnSb,-2.5279,0.0,Metal,Aem2,39,12
In2Ga_id756_E-2.53.cif,In2Ga,-2.5265,0.0,Metal,Pnnn,48,18
In_id499_E-2.53.cif,In,-2.5263,0.0,Metal,I-42d,122,44
NaGa2_id1133_E-2.52.cif,NaGa2,-2.5242,0.061,Semiconductor,I4/mcm,140,12
Al3In2_id1037_E-2.52.cif,Al3In2,-2.524,0.0,Metal,P4/mmm,123,10
Li13(ZnGa6)2_id3344_E-2.52.cif,Li13(ZnGa6)2,-2.5226,0.0,Metal,P-31m,162,27
Ca2Zn2O_id2724_E-2.52.cif,Ca2Zn2O,-2.5226,0.0,Metal,Pbcn,60,20
In3Sb2_id1752_E-2.52.cif,In3Sb2,-2.5224,0.0,Metal,P3_212,153,15
K4Na2SbS2_id3623_E-2.52.cif,K4Na2SbS2,-2.5223,2.07,Semiconductor,Imm2,44,18
ZnSi_id2774_E-2.52.cif,ZnSi,-2.5214,0.0,Metal,P6_522,179,12
NaCd6Sn7Ge_id4717_E-2.52.cif,NaCd6Sn7Ge,-2.5212,0.0,Metal,P6_322,182,30
CdGeSb_id3377_E-2.52.cif,CdGeSb,-2.5212,0.0,Metal,P3_121,152,9
CaMg4GeO_id923_E-2.52.cif,CaMg4GeO,-2.5206,0.264,Semiconductor,P4/nbm,125,14
Ga_id1076_E-2.52.cif,Ga,-2.5196,0.0,Metal,P4_2/mmc,131,6
LiCa2Al_id4576_E-2.52.cif,LiCa2Al,-2.5184,0.0,Metal,Fm-3m,225,16
Li3(BeSn)2_id779_E-2.52.cif,Li3(BeSn)2,-2.5176,0.0,Metal,P6_5,170,42
In_id1444_E-2.52.cif,In,-2.5172,0.0,Metal,P-62m,189,9
Li8Al2Zn4Cd2Sn4B2Sb3(TeAs)2_id1139_E-2.52.cif,Li8Al2Zn4Cd2Sn4B2Sb3(TeAs)2,-2.517,0.0,Metal,P2/c,13,58
Ba8In3Sn2_id3564_E-2.51.cif,Ba8In3Sn2,-2.5146,0.0,Metal,Cmce,64,52
K4In2Ga2(SnSb3)3_id1145_E-2.51.cif,K4In2Ga2(SnSb3)3,-2.5135,0.002,Metal,P3,143,20
K4Sn2Sb_id4042_E-2.51.cif,K4Sn2Sb,-2.512,0.453,Semiconductor,P4_2/m,84,14
K3Ge4_id4664_E-2.51.cif,K3Ge4,-2.5104,0.231,Semiconductor,P6mm,183,7
BaSrCa3BAsNO2_id3445_E-2.51.cif,BaSrCa3BAsNO2,-2.5078,2.003,Semiconductor,Pm,6,20
Al5Zn4_id47_E-2.51.cif,Al5Zn4,-2.5059,0.0,Metal,P6/mmm,191,18
Cd(In3Sn)2_id2910_E-2.51.cif,Cd(In3Sn)2,-2.5052,0.0,Metal,Iba2,45,36
LiZnIn7_id299_E-2.50.cif,LiZnIn7,-2.5043,0.0,Metal,P-31c,163,18
Zn4CdGa(GeSe)2_id2487_E-2.50.cif,Zn4CdGa(GeSe)2,-2.5035,0.0,Metal,Cmme,67,40
CdGe_id1538_E-2.50.cif,CdGe,-2.5031,0.0,Metal,I4_1/acd,142,32
Na2MgSb2_id3025_E-2.50.cif,Na2MgSb2,-2.5019,0.27,Semiconductor,R-3,148,45
In_id4642_E-2.50.cif,In,-2.5004,0.0,Metal,P2_12_12_1,19,12
MgZnGe_id161_E-2.50.cif,MgZnGe,-2.4999,0.0,Metal,Pmmm,47,6
In_id4786_E-2.50.cif,In,-2.4997,0.0,Metal,P4/mmm,123,5
MgZnGe_id562_E-2.50.cif,MgZnGe,-2.4986,0.0,Metal,Pmmm,47,6
Li19Ga13_id2052_E-2.50.cif,Li19Ga13,-2.4967,0.0,Metal,Pm-3,200,32
K3Ga2O_id1751_E-2.50.cif,K3Ga2O,-2.4954,0.0,Metal,Cmme,67,24
Al2In4Sn_id2454_E-2.49.cif,Al2In4Sn,-2.4931,0.0,Metal,P4_2cm,101,14
CaAl_id592_E-2.49.cif,CaAl,-2.4931,0.0,Metal,P6_3/mcm,193,16
Ga6B_id1574_E-2.49.cif,Ga6B,-2.4928,0.0,Metal,P6_422,181,21
Mg2Zn2GaAs4_id4482_E-2.49.cif,Mg2Zn2GaAs4,-2.4927,0.0,Metal,Pccm,49,18
Al3Zn2_id796_E-2.49.cif,Al3Zn2,-2.4924,0.0,Metal,I4/mcm,140,20
K2NaBe3AlGa3TeSe3_id1418_E-2.49.cif,K2NaBe3AlGa3TeSe3,-2.4918,0.021,Metal,P4_3,78,56
MgGa4_id2379_E-2.49.cif,MgGa4,-2.4903,0.0,Metal,P4_2/n,86,10
NaCdAs_id1180_E-2.49.cif,NaCdAs,-2.4896,0.0,Metal,I-4m2,119,6
In_id3706_E-2.49.cif,In,-2.4884,0.0,Metal,Pmna,53,10
Na2LiAlZn5O4_id699_E-2.49.cif,Na2LiAlZn5O4,-2.4881,1.902,Semiconductor,P-42c,112,26
Li2InGa2_id4682_E-2.49.cif,Li2InGa2,-2.4874,0.0,Metal,P4/mmm,123,20
NaLi2MgAlInGaSn_id1736_E-2.49.cif,NaLi2MgAlInGaSn,-2.4872,0.0,Metal,P6_5,170,48
Li7Sn2(AsP)2_id166_E-2.49.cif,Li7Sn2(AsP)2,-2.487,0.0,Metal,P2_1/c,14,26
Li4Al12Zn6GaSi2_id3787_E-2.49.cif,Li4Al12Zn6GaSi2,-2.4865,0.0,Metal,P-6m2,187,25
MgIn4Sn_id3352_E-2.48.cif,MgIn4Sn,-2.4842,0.0,Metal,C2/m,12,12
K2Ba2Li4ScZnCd2Ga2Sn2Te2(SeO)2_id4038_E-2.48.cif,K2Ba2Li4ScZnCd2Ga2Sn2Te2(SeO)2,-2.4829,0.018,Metal,P4,75,44
Ba2LiAlCdSn2_id2571_E-2.48.cif,Ba2LiAlCdSn2,-2.4812,0.0,Metal,Iba2,45,28
Ge5Te_id3400_E-2.48.cif,Ge5Te,-2.4803,0.0,Metal,P4/mmm,123,6
Sr2AlGa2_id4652_E-2.48.cif,Sr2AlGa2,-2.4803,0.0,Metal,Pbca,61,20
K10Na3Li18Ti4In3Ge3Sb3(Te2As3)3_id4379_E-2.48.cif,K10Na3Li18Ti4In3Ge3Sb3(Te2As3)3,-2.48,0.0,Metal,P3,143,59
Mg3Sn2_id590_E-2.48.cif,Mg3Sn2,-2.4794,0.0,Metal,Cmce,64,20
Ba4Al3_id2249_E-2.48.cif,Ba4Al3,-2.4778,0.0,Metal,I-43d,220,28
SrAl3Cd3InSn3_id3129_E-2.48.cif,SrAl3Cd3InSn3,-2.4778,0.0,Metal,P3c1,158,22
NaIn3Ga_id2928_E-2.48.cif,NaIn3Ga,-2.4774,0.0,Metal,Pm-3m,221,5
In12Sn_id4249_E-2.48.cif,In12Sn,-2.4769,0.0,Metal,P-42_1c,114,26
Na4Ge3_id3361_E-2.48.cif,Na4Ge3,-2.4768,1.258,Semiconductor,I-43d,220,28
NaSrAlSbAs3_id1455_E-2.48.cif,NaSrAlSbAs3,-2.4762,0.428,Semiconductor,P3m1,156,7
SrLiSc_id2579_E-2.48.cif,SrLiSc,-2.475,0.0,Metal,I-4m2,119,6
Li4Ga4As_id3163_E-2.47.cif,Li4Ga4As,-2.4748,0.0,Metal,P-42_1c,114,18
In2Sn3_id2149_E-2.47.cif,In2Sn3,-2.4713,0.0,Metal,P4_2/mmc,131,10
BaSr3CaGaSn2_id2999_E-2.47.cif,BaSr3CaGaSn2,-2.4702,0.0,Metal,Amm2,38,16
Li2Ti4ZnCd_id1795_E-2.47.cif,Li2Ti4ZnCd,-2.4699,0.0,Metal,P6_2,171,48
Li2AlZn3Ga3Sn2_id4778_E-2.47.cif,Li2AlZn3Ga3Sn2,-2.4683,0.0,Metal,P2_1/m,11,22
KBeGaSb_id4608_E-2.47.cif,KBeGaSb,-2.4657,0.0,Metal,P4_2/mmc,131,8
K3Ga9Sb_id628_E-2.46.cif,K3Ga9Sb,-2.4647,0.0,Metal,Pm-3m,221,13
Be2Zn_id1312_E-2.46.cif,Be2Zn,-2.4642,0.0,Metal,P4_2/nmc,137,12
AlInGa3Si_id1827_E-2.46.cif,AlInGa3Si,-2.4639,0.0,Metal,Pmmn,59,12
TiZn2Si4Ge7_id2276_E-2.46.cif,TiZn2Si4Ge7,-2.4625,0.0,Metal,I422,97,28
Na2GaSn_id4043_E-2.46.cif,Na2GaSn,-2.462,0.0,Metal,Fm-3m,225,16
Li2CaAl_id4363_E-2.46.cif,Li2CaAl,-2.4592,0.0,Metal,Cmcm,63,16
Sr3ZnSi_id2178_E-2.46.cif,Sr3ZnSi,-2.4588,0.0,Metal,R-3c,167,30
MgAl4Zn2Ga_id4678_E-2.46.cif,MgAl4Zn2Ga,-2.4583,0.0,Metal,P-42c,112,16
Na2Te_id4419_E-2.46.cif,Na2Te,-2.4583,1.511,Semiconductor,P4_3,78,12
NaAlCdSi_id3841_E-2.46.cif,NaAlCdSi,-2.4575,0.0,Metal,P4_12_12,92,32
In6Ga7_id3385_E-2.46.cif,In6Ga7,-2.4575,0.0,Metal,Im-3m,229,26
LiIn2_id1265_E-2.46.cif,LiIn2,-2.4564,0.0,Metal,I4/mmm,139,6
GaSn5_id535_E-2.46.cif,GaSn5,-2.4559,0.0,Metal,P4/mmm,123,12
Li4Ca(AlIn)2_id3056_E-2.45.cif,Li4Ca(AlIn)2,-2.4527,0.0,Metal,P6_4,172,27
ZnGa2_id4846_E-2.45.cif,ZnGa2,-2.4518,0.0,Metal,P4_2/nmc,137,12
Na2Cd2Sn2Sb_id193_E-2.45.cif,Na2Cd2Sn2Sb,-2.4513,0.083,Semiconductor,Cccm,66,28
Mg2Ga3_id4400_E-2.45.cif,Mg2Ga3,-2.4512,0.0,Metal,I4/mmm,139,10
KGa2Se3_id2890_E-2.45.cif,KGa2Se3,-2.4508,0.0,Metal,Pmn2_1,31,12
KBaLi2Ge_id1602_E-2.45.cif,KBaLi2Ge,-2.4504,0.191,Semiconductor,I-4m2,119,10
LiIn2Ga_id4728_E-2.45.cif,LiIn2Ga,-2.4496,0.0,Metal,I-42d,122,16
Li2Mg2Sb_id3739_E-2.45.cif,Li2Mg2Sb,-2.4494,0.0,Metal,I-4m2,119,20
In_id2409_E-2.45.cif,In,-2.4481,0.0,Metal,Pmmm,47,4
AlIn2_id2883_E-2.45.cif,AlIn2,-2.4473,0.0,Metal,P6/mmm,191,18
KCdGaTeSe2_id1623_E-2.45.cif,KCdGaTeSe2,-2.4457,1.162,Semiconductor,Pca2_1,29,24
SrIn4_id1637_E-2.45.cif,SrIn4,-2.4457,0.0,Metal,P4_2/nmc,137,10
Mg2Sc3Cd_id4009_E-2.44.cif,Mg2Sc3Cd,-2.4432,0.0,Metal,P4_2bc,106,24
LiIn3_id3247_E-2.44.cif,LiIn3,-2.4431,0.0,Metal,Cmcm,63,16
In_id2810_E-2.44.cif,In,-2.442,0.0,Metal,P4/mmm,123,8
Ca2AlCd_id1917_E-2.44.cif,Ca2AlCd,-2.4416,0.0,Metal,Fm-3m,225,16
In_id3250_E-2.44.cif,In,-2.4401,0.0,Metal,P2_12_12_1,19,16
Mg5Sn4_id4373_E-2.44.cif,Mg5Sn4,-2.4397,0.0,Metal,P4_2/n,86,18
Na3Sn2_id1850_E-2.44.cif,Na3Sn2,-2.4385,0.174,Semiconductor,I-43m,217,20
MgInTe3_id838_E-2.44.cif,MgInTe3,-2.436,0.0,Metal,Pcca,54,40
Ba2Sr2Zn3Ga3(GeP2)3_id4270_E-2.43.cif,Ba2Sr2Zn3Ga3(GeP2)3,-2.435,0.0,Metal,P3_121,152,57
Mg2In2Te3_id1247_E-2.43.cif,Mg2In2Te3,-2.4346,0.304,Semiconductor,I4/mcm,140,28
BaCaTe2_id1471_E-2.43.cif,BaCaTe2,-2.434,0.918,Semiconductor,P4_2/m,84,16
Mg2Sc2In2Ga_id1575_E-2.43.cif,Mg2Sc2In2Ga,-2.4338,0.0,Metal,I4_1cd,110,56
MgSc4ZnGa_id1152_E-2.43.cif,MgSc4ZnGa,-2.4327,0.0,Metal,P4/mmm,123,14
LiMgBeCdIn2Se_id187_E-2.43.cif,LiMgBeCdIn2Se,-2.4326,0.0,Metal,P2_1/m,11,14
Sr5GaSn4_id4406_E-2.43.cif,Sr5GaSn4,-2.4322,0.0,Metal,F-43m,216,40
MgCdInGe_id763_E-2.43.cif,MgCdInGe,-2.4319,0.0,Metal,P4_2/mmc,131,8
BaLi4MgSn_id3078_E-2.43.cif,BaLi4MgSn,-2.429,0.0,Metal,I-4m2,119,14
NaSr4Al3_id4714_E-2.43.cif,NaSr4Al3,-2.4286,0.0,Metal,Im-3m,229,16
NaSr4Al3_id2768_E-2.43.cif,NaSr4Al3,-2.4286,0.0,Metal,Im-3m,229,16
Zn2CdGaGe2_id2034_E-2.43.cif,Zn2CdGaGe2,-2.4282,0.0,Metal,P-4n2,118,12
BaLi6GaSi2_id168_E-2.43.cif,BaLi6GaSi2,-2.4275,0.0,Metal,P321,150,10
KNa6InSn6As_id3917_E-2.43.cif,KNa6InSn6As,-2.426,0.0,Metal,P312,149,15
Li3Ge_id2029_E-2.42.cif,Li3Ge,-2.425,0.0,Metal,P6_1,169,24
ScBe3AlZn3_id1770_E-2.42.cif,ScBe3AlZn3,-2.4248,0.0,Metal,P6_1,169,48
Mg6ScGa8_id2435_E-2.42.cif,Mg6ScGa8,-2.4238,0.0,Metal,Immm,71,30
AlGa2_id2581_E-2.42.cif,AlGa2,-2.4229,0.0,Metal,P4_32_12,96,12
Na3Te_id2726_E-2.42.cif,Na3Te,-2.4227,2.009,Semiconductor,Cmme,67,16
Zn(InGa)3_id2414_E-2.42.cif,Zn(InGa)3,-2.4223,0.0,Metal,P6_3,173,14
GaGe4_id2610_E-2.42.cif,GaGe4,-2.4208,0.0,Metal,P4/mmm,123,5
Mg4Cd3SbTe4_id4325_E-2.42.cif,Mg4Cd3SbTe4,-2.4206,0.0,Metal,P-43m,215,12
Sn2Ge2TeAs_id3714_E-2.42.cif,Sn2Ge2TeAs,-2.4181,0.0,Metal,P4/mmm,123,6
Li(InGa)2_id2955_E-2.42.cif,Li(InGa)2,-2.4166,0.0,Metal,Cmce,64,20
Ba2CaZnInSi2_id4932_E-2.42.cif,Ba2CaZnInSi2,-2.4151,0.0,Metal,P-6m2,187,7
Al2Ga2Ge(NO2)2_id3451_E-2.41.cif,Al2Ga2Ge(NO2)2,-2.4144,1.981,Semiconductor,P4/mnc,128,44
Na3Sb4_id782_E-2.41.cif,Na3Sb4,-2.4138,0.05,Metal,R-3,148,42
Na2P_id2760_E-2.41.cif,Na2P,-2.4093,0.106,Semiconductor,P4_12_12,92,12
Sc2Zn6GaGe2_id2824_E-2.41.cif,Sc2Zn6GaGe2,-2.4085,0.0,Metal,Pmmn,59,22
KSr2Ge_id3248_E-2.41.cif,KSr2Ge,-2.408,0.0,Metal,Fm-3m,225,16
NaLiGa2Ge_id179_E-2.41.cif,NaLiGa2Ge,-2.408,0.0,Metal,P4_122,91,20
Na2LiSn2Te_id2881_E-2.41.cif,Na2LiSn2Te,-2.4068,0.072,Semiconductor,P2_1/m,11,12
Li7Ge_id39_E-2.41.cif,Li7Ge,-2.4062,0.308,Semiconductor,Im-3m,229,16
K2Ba4PO_id2345_E-2.41.cif,K2Ba4PO,-2.4059,0.063,Semiconductor,P3_221,154,24
Mg2Ga3_id4207_E-2.41.cif,Mg2Ga3,-2.4052,0.0,Metal,C222,21,10
MgIn10Sn_id2664_E-2.40.cif,MgIn10Sn,-2.4047,1.464,Semiconductor,P-6m2,187,12
Na2ScGa_id2434_E-2.40.cif,Na2ScGa,-2.4045,0.087,Semiconductor,P4_332,212,16
ZnCdSnAs2_id1392_E-2.40.cif,ZnCdSnAs2,-2.4019,0.0,Metal,Pccm,49,10
K2Cd3In3O2_id3257_E-2.40.cif,K2Cd3In3O2,-2.401,0.267,Semiconductor,Ibam,72,40
Ca(Ga2Si)2_id4672_E-2.40.cif,Ca(Ga2Si)2,-2.3996,0.0,Metal,P4/mmm,123,28
K4InSn4_id2193_E-2.40.cif,K4InSn4,-2.3995,0.144,Semiconductor,P3,143,9
Na2Sb_id4168_E-2.40.cif,Na2Sb,-2.3992,0.004,Metal,P4_12_12,92,12
ZnGa2_id406_E-2.40.cif,ZnGa2,-2.3974,0.0,Metal,P4_12_12,92,12
Ca2Al_id4317_E-2.40.cif,Ca2Al,-2.3965,0.0,Metal,Pa-3,205,12
Sc3ZnCd4_id581_E-2.40.cif,Sc3ZnCd4,-2.3964,0.0,Metal,P4/mmm,123,8
CdSn_id661_E-2.40.cif,CdSn,-2.3961,0.0,Metal,Fm-3m,225,8
Ca3Cd4Sn3_id1053_E-2.40.cif,Ca3Cd4Sn3,-2.396,0.0,Metal,I-43d,220,40
K2LiZn2Ga5O6_id2147_E-2.40.cif,K2LiZn2Ga5O6,-2.3952,0.0,Metal,P-4m2,115,16
Ga_id1324_E-2.39.cif,Ga,-2.392,0.0,Metal,Cmce,64,20
Ca2In3(GaGe)2_id4623_E-2.39.cif,Ca2In3(GaGe)2,-2.3919,0.0,Metal,Cmce,64,36
BaAl4_id2301_E-2.39.cif,BaAl4,-2.3915,0.0,Metal,P4_2/nmc,137,10
MgIn2_id4959_E-2.39.cif,MgIn2,-2.3904,0.0,Metal,P6/mmm,191,6
Ca4Mg4Sc3Zn2_id2516_E-2.39.cif,Ca4Mg4Sc3Zn2,-2.39,0.0,Metal,Cmce,64,52
ZnGa2_id3567_E-2.39.cif,ZnGa2,-2.3892,0.0,Metal,I4/mmm,139,12
ZnGa3_id3266_E-2.39.cif,ZnGa3,-2.389,0.0,Metal,I4/mmm,139,16
Mg3ZnGe2_id2426_E-2.39.cif,Mg3ZnGe2,-2.3889,0.0,Metal,P6_3/mmc,194,12
Cd2S_id4264_E-2.39.cif,Cd2S,-2.3886,0.0,Metal,Pn-3m,224,6
Li4GaGe_id538_E-2.39.cif,Li4GaGe,-2.3885,0.0,Metal,P42_12,90,12
NaMgZnCdTe12As2PSe2_id4516_E-2.39.cif,NaMgZnCdTe12As2PSe2,-2.3859,0.811,Semiconductor,P1,1,21
CdGe_id4010_E-2.39.cif,CdGe,-2.3854,0.0,Metal,P4_2/mmc,131,4
LiMg3(CdTe2)2_id333_E-2.39.cif,LiMg3(CdTe2)2,-2.3853,0.013,Metal,P4_2/m,84,20
BaMg2In10Sn7_id2254_E-2.39.cif,BaMg2In10Sn7,-2.3853,0.0,Metal,Pmna,53,40
Te2Se_id2674_E-2.39.cif,Te2Se,-2.385,0.011,Metal,P4/m,83,12
Mg4ScSn_id4146_E-2.38.cif,Mg4ScSn,-2.3816,0.0,Metal,C2/m,12,12
MgZnGe_id1438_E-2.38.cif,MgZnGe,-2.3815,0.0,Metal,F-43m,216,12
ScZnSnO_id1648_E-2.38.cif,ScZnSnO,-2.3796,0.085,Semiconductor,P6_522,179,24
SrLi4Al2In_id1837_E-2.38.cif,SrLi4Al2In,-2.3791,0.0,Metal,I4/mcm,140,32
AlZnO4_id1317_E-2.38.cif,AlZnO4,-2.3787,1.125,Semiconductor,P3_221,154,18
CaCd3C_id296_E-2.38.cif,CaCd3C,-2.3765,0.0,Metal,Pm-3m,221,5
AlSi_id354_E-2.37.cif,AlSi,-2.3747,0.0,Metal,P4_132,213,16
In12Ga_id4346_E-2.37.cif,In12Ga,-2.3739,0.0,Metal,Fm-3m,225,52
Na3In7(SnSe)6_id1840_E-2.37.cif,Na3In7(SnSe)6,-2.3734,1.265,Semiconductor,C2/m,12,44
KZnInGaSn2_id1308_E-2.37.cif,KZnInGaSn2,-2.3733,0.0,Metal,P4_3,78,24
In3GaSn_id138_E-2.37.cif,In3GaSn,-2.3728,0.0,Metal,P-31m,162,15
CaMg5In2N_id2899_E-2.37.cif,CaMg5In2N,-2.3696,0.0,Metal,P4/mmm,123,9
Li5Ga3_id3388_E-2.37.cif,Li5Ga3,-2.3667,0.0,Metal,P4_2/mbc,135,32
NaIn19_id1631_E-2.37.cif,NaIn19,-2.3666,0.0,Metal,Pm-3,200,20
Ba2LiGe6As_id4766_E-2.37.cif,Ba2LiGe6As,-2.3666,0.0,Metal,Fm-3m,225,40
ZnSe2_id322_E-2.37.cif,ZnSe2,-2.3665,1.056,Semiconductor,P6_522,179,18
KN6O13_id4287_E-2.37.cif,KN6O13,-2.3656,0.0,Metal,P4/n,85,40
Mg3Cd5Sn2Se5_id366_E-2.36.cif,Mg3Cd5Sn2Se5,-2.3635,0.0,Metal,Aea2,41,60
CaIn_id446_E-2.36.cif,CaIn,-2.3621,0.0,Metal,Cmcm,63,8
BaLiGa_id274_E-2.36.cif,BaLiGa,-2.3619,0.0,Metal,I-4m2,119,6
Li2AlZn2O8_id4792_E-2.36.cif,Li2AlZn2O8,-2.3613,3.601,Insulator,I-42d,122,52
TiZn4_id4795_E-2.36.cif,TiZn4,-2.3612,0.0,Metal,P-42_1c,114,10
Na3O_id4951_E-2.36.cif,Na3O,-2.3601,0.734,Semiconductor,Cmmm,65,16
Ga_id3529_E-2.36.cif,Ga,-2.3573,0.0,Metal,P4_2/mmc,131,6
Ca(ZnIn2)2_id4667_E-2.36.cif,Ca(ZnIn2)2,-2.3565,0.0,Metal,I4/mmm,139,14
ZnGa2_id4478_E-2.35.cif,ZnGa2,-2.3544,0.0,Metal,P6_222,180,9
Mg6Ga12Sb_id3197_E-2.35.cif,Mg6Ga12Sb,-2.3533,0.0,Metal,Im-3,204,38
CdInSn_id4123_E-2.35.cif,CdInSn,-2.3524,0.0,Metal,Cmme,67,12
Li2AlInGaSn_id1646_E-2.35.cif,Li2AlInGaSn,-2.3508,0.0,Metal,Imma,74,24
Li6ZnGa8_id3285_E-2.35.cif,Li6ZnGa8,-2.3505,0.0,Metal,P-31m,162,15
KNa3Li4Cd2O4_id1253_E-2.35.cif,KNa3Li4Cd2O4,-2.3497,4.485,Insulator,P4_2/m,84,28
MgIn4_id3082_E-2.35.cif,MgIn4,-2.3489,0.0,Metal,Ccce,68,20
ZnGa2Sn_id4560_E-2.35.cif,ZnGa2Sn,-2.3487,0.073,Semiconductor,Pmmm,47,4
NaMgIn4_id1901_E-2.35.cif,NaMgIn4,-2.3478,0.0,Metal,P4/nbm,125,12
Sn2Ge3Te_id655_E-2.35.cif,Sn2Ge3Te,-2.3475,0.0,Metal,P4/mmm,123,6
Ba6CaGaSn_id2080_E-2.35.cif,Ba6CaGaSn,-2.347,0.0,Metal,P312,149,9
BaCaSn_id3081_E-2.34.cif,BaCaSn,-2.3447,0.0,Metal,P6_4,172,18
Na3Mg3TiZnIn2As3_id375_E-2.34.cif,Na3Mg3TiZnIn2As3,-2.3446,0.0,Metal,P3,143,13
MgIn3Sn_id2526_E-2.34.cif,MgIn3Sn,-2.3443,0.0,Metal,Pma2,28,10
Cd4Sb3_id1023_E-2.34.cif,Cd4Sb3,-2.3439,0.0,Metal,I-43d,220,28
Na12InSn6_id2531_E-2.34.cif,Na12InSn6,-2.3434,0.015,Metal,Im-3,204,38
KSn4_id3999_E-2.34.cif,KSn4,-2.3433,0.0,Metal,P4_2/mmc,131,20
Li(Al2Ga)2_id3878_E-2.34.cif,Li(Al2Ga)2,-2.343,0.0,Metal,Immm,71,14
Ba3Sr4(TeO3)2_id4092_E-2.34.cif,Ba3Sr4(TeO3)2,-2.3428,2.984,Semiconductor,P2_1/c,14,30
Ba2CaAl_id4856_E-2.34.cif,Ba2CaAl,-2.3401,0.0,Metal,Fm-3m,225,16
Ba3SrLiAsP_id211_E-2.34.cif,Ba3SrLiAsP,-2.3384,0.0,Metal,Pnnm,58,28
In_id2549_E-2.34.cif,In,-2.3361,0.0,Metal,Pnn2,34,12
Li8AlZn2GaAs2_id4014_E-2.33.cif,Li8AlZn2GaAs2,-2.3343,0.0,Metal,I422,97,28
BaLiMgZnIn2Sb2Te9AsSe2S_id227_E-2.33.cif,BaLiMgZnIn2Sb2Te9AsSe2S,-2.333,0.068,Semiconductor,P2_1,4,42
BeZnGaTe_id2926_E-2.33.cif,BeZnGaTe,-2.3329,1.159,Semiconductor,P2_1/m,11,8
Ba2InSb_id1861_E-2.33.cif,Ba2InSb,-2.331,0.0,Metal,P4_32_12,96,16
Na7S10_id3217_E-2.33.cif,Na7S10,-2.3303,3.96,Insulator,Amm2,38,17
CdInSn_id2691_E-2.33.cif,CdInSn,-2.3264,0.0,Metal,P-6m2,187,3
MgGa6_id4112_E-2.33.cif,MgGa6,-2.3263,0.0,Metal,I-42m,121,14
Zn3Ga5_id1651_E-2.33.cif,Zn3Ga5,-2.3262,0.0,Metal,Im-3m,229,16
BaMg2In5_id4777_E-2.32.cif,BaMg2In5,-2.3234,0.0,Metal,P-3m1,164,8
BaLiIn_id3601_E-2.32.cif,BaLiIn,-2.321,0.0,Metal,I-4m2,119,6
Cd4O3_id2377_E-2.32.cif,Cd4O3,-2.321,0.914,Semiconductor,Pccn,56,28
Cd3Ge3Te_id3345_E-2.32.cif,Cd3Ge3Te,-2.3195,0.0,Metal,P6_3,173,14
LiZnGa2_id3411_E-2.32.cif,LiZnGa2,-2.3191,0.0,Metal,I-42d,122,16
Ba2MgAl_id1630_E-2.32.cif,Ba2MgAl,-2.3181,0.0,Metal,Fm-3m,225,16
Li3MgIn3_id927_E-2.32.cif,Li3MgIn3,-2.3177,0.0,Metal,P6_3/m,176,14
BaNa2ZnSn2Sb_id1944_E-2.32.cif,BaNa2ZnSn2Sb,-2.3174,0.0,Metal,Cmcm,63,28
BeAl6_id1843_E-2.32.cif,BeAl6,-2.3155,0.0,Metal,Aea2,41,28
Li2ZnGa6_id4458_E-2.32.cif,Li2ZnGa6,-2.3154,0.0,Metal,P6/mmm,191,9
MgIn2_id263_E-2.31.cif,MgIn2,-2.3147,0.0,Metal,Pbcn,60,12
K7Ga(TeO)4_id2527_E-2.31.cif,K7Ga(TeO)4,-2.3133,0.608,Semiconductor,P-43m,215,16
Na2Zn2GeTe_id4157_E-2.31.cif,Na2Zn2GeTe,-2.3129,1.047,Semiconductor,I-4m2,119,12
LiMg4Al7_id1066_E-2.31.cif,LiMg4Al7,-2.3117,0.0,Metal,P422,89,24
Na2Si_id4772_E-2.31.cif,Na2Si,-2.3116,0.081,Semiconductor,Pa-3,205,12
MgIn2_id1723_E-2.31.cif,MgIn2,-2.3107,0.0,Metal,Fd-3m,227,24
KMgIn7Sb4_id3062_E-2.31.cif,KMgIn7Sb4,-2.3101,0.435,Semiconductor,I-4m2,119,26
Ga_id2640_E-2.31.cif,Ga,-2.31,0.0,Metal,Pma2,28,46
In_id1365_E-2.31.cif,In,-2.3095,0.0,Metal,P4_2/mmc,131,8
Sr2Ga_id4948_E-2.31.cif,Sr2Ga,-2.3083,0.0,Metal,Pa-3,205,12
BaIn4_id2343_E-2.31.cif,BaIn4,-2.3077,0.0,Metal,Amm2,38,10
BaNaLiAs_id2210_E-2.31.cif,BaNaLiAs,-2.3075,0.85,Semiconductor,P4_2/mmc,131,8
BaZn4Te2P_id3909_E-2.31.cif,BaZn4Te2P,-2.307,0.0,Metal,I222,23,16
LiMg2CdSb2_id1387_E-2.31.cif,LiMg2CdSb2,-2.3066,0.0,Metal,Iba2,45,24
K3As_id925_E-2.30.cif,K3As,-2.3049,0.009,Metal,P6_3/mmc,194,8
Ba2CaS_id2714_E-2.30.cif,Ba2CaS,-2.3044,0.978,Semiconductor,I4/mmm,139,8
Ba6SrO_id4385_E-2.30.cif,Ba6SrO,-2.3034,0.0,Metal,Pm-3m,221,8
NaSr3Sb2_id3045_E-2.30.cif,NaSr3Sb2,-2.3028,0.67,Semiconductor,P6_5,170,36
Na2Li3Mg4In3Sn6Sb_id2226_E-2.30.cif,Na2Li3Mg4In3Sn6Sb,-2.3009,0.0,Metal,P6_3/mcm,193,38
Li2Al(ZnGa)2_id4000_E-2.30.cif,Li2Al(ZnGa)2,-2.3003,0.0,Metal,Cmce,64,28
In_id2416_E-2.30.cif,In,-2.2982,0.0,Metal,C2/c,15,52
BaSrMgIn3Te2_id3626_E-2.30.cif,BaSrMgIn3Te2,-2.2979,0.042,Metal,Pnma,62,32
SnGe5_id2145_E-2.29.cif,SnGe5,-2.2933,0.0,Metal,P4/mmm,123,6
BaZn4Cd4Ga8(SnO)4_id4618_E-2.29.cif,BaZn4Cd4Ga8(SnO)4,-2.2918,0.0,Metal,P4_2/n,86,50
Mg2BeGa2_id1476_E-2.29.cif,Mg2BeGa2,-2.2914,0.0,Metal,Pbca,61,20
Mg4Ga3_id808_E-2.29.cif,Mg4Ga3,-2.291,0.0,Metal,I-43d,220,28
K3SrInSn5_id2394_E-2.29.cif,K3SrInSn5,-2.29,0.07,Semiconductor,P3c1,158,20
BaNaScZn2Ga2Sb_id3443_E-2.29.cif,BaNaScZn2Ga2Sb,-2.2893,0.0,Metal,P4_322,95,32
K(NaSn)2_id1614_E-2.29.cif,K(NaSn)2,-2.2893,0.627,Semiconductor,C2/m,12,10
LiBe10Zn2Si_id1052_E-2.29.cif,LiBe10Zn2Si,-2.2889,5.062,Insulator,P2_12_12,18,28
K2InGa2_id342_E-2.29.cif,K2InGa2,-2.2871,0.462,Semiconductor,Ibca,73,40
Ba2MgIn_id1880_E-2.29.cif,Ba2MgIn,-2.2854,0.0,Metal,Fm-3m,225,16
Ba2MgIn_id1009_E-2.29.cif,Ba2MgIn,-2.2854,0.0,Metal,Fm-3m,225,16
CaAl5Zn4_id2876_E-2.29.cif,CaAl5Zn4,-2.2852,0.0,Metal,I-4m2,119,20
Li2Sn3_id3862_E-2.28.cif,Li2Sn3,-2.2831,0.0,Metal,Pm-3m,221,30
K2Al3(InSe2)2_id4701_E-2.28.cif,K2Al3(InSe2)2,-2.2816,0.649,Semiconductor,Pnnn,48,22
CaCd2Sn_id4530_E-2.28.cif,CaCd2Sn,-2.2808,0.0,Metal,F-43m,216,16
Na6Li4Sn4Sb_id631_E-2.28.cif,Na6Li4Sn4Sb,-2.2808,0.0,Metal,Cccm,66,60
K2ScAlZnGaGeS_id3263_E-2.28.cif,K2ScAlZnGaGeS,-2.2796,0.072,Semiconductor,P4_122,91,32
AlGa2Te2Se2(S3O)2_id2438_E-2.28.cif,AlGa2Te2Se2(S3O)2,-2.2778,2.25,Semiconductor,P-42_1m,113,30
SrCa2In_id2196_E-2.28.cif,SrCa2In,-2.2774,0.0,Metal,Fm-3m,225,16
KBa4Mg3Cd6In6O6_id3789_E-2.28.cif,KBa4Mg3Cd6In6O6,-2.2757,0.002,Metal,Im-3m,229,52
Li3CdIn4_id4234_E-2.27.cif,Li3CdIn4,-2.2726,0.0,Metal,Pm-3m,221,8
LiIn_id232_E-2.27.cif,LiIn,-2.2713,0.0,Metal,P6_3/mmc,194,4
Na3AlIn9Ga2_id266_E-2.27.cif,Na3AlIn9Ga2,-2.2704,0.0,Metal,P2/c,13,30
Ba3In_id471_E-2.27.cif,Ba3In,-2.2691,0.0,Metal,Fm-3m,225,16
K4ZnSn4Sb_id1271_E-2.27.cif,K4ZnSn4Sb,-2.2686,0.0,Metal,P4/nbm,125,20
Zn2In3Ga2_id2659_E-2.27.cif,Zn2In3Ga2,-2.2671,0.0,Metal,Pn-3m,224,14
Al2Cd3Te2_id1484_E-2.26.cif,Al2Cd3Te2,-2.263,0.0,Metal,Pnn2,34,14
Zn2GaGe_id1228_E-2.26.cif,Zn2GaGe,-2.2601,0.0,Metal,Pa-3,205,16
Na3In4As_id4314_E-2.26.cif,Na3In4As,-2.2577,0.0,Metal,I4/mmm,139,16
Na2In3_id349_E-2.26.cif,Na2In3,-2.2567,0.0,Metal,I-43d,220,40
Al2Zn3Te2_id2369_E-2.26.cif,Al2Zn3Te2,-2.2565,0.0,Metal,Aea2,41,28
Na7Li30Zn6Cd2In(GaO3)2_id1417_E-2.26.cif,Na7Li30Zn6Cd2In(GaO3)2,-2.2561,0.0,Metal,P-3,147,54
Ba3As2_id3939_E-2.25.cif,Ba3As2,-2.2534,0.0,Metal,P4_2/m,84,20
Li3Mg3Sc4Cd_id2515_E-2.25.cif,Li3Mg3Sc4Cd,-2.2533,0.0,Metal,P4_232,208,22
KLi2Zn2CdGaSbTeAs_id3722_E-2.25.cif,KLi2Zn2CdGaSbTeAs,-2.2525,0.0,Metal,P2_1/m,11,20
NaCd2Ga4Sn_id1959_E-2.25.cif,NaCd2Ga4Sn,-2.2521,0.0,Metal,Ibam,72,32
Mg5Al5Cd(GaSi)3_id1135_E-2.25.cif,Mg5Al5Cd(GaSi)3,-2.2499,0.0,Metal,P6mm,183,17
Mg2SbTe2_id1999_E-2.25.cif,Mg2SbTe2,-2.2485,0.417,Semiconductor,P4_2mc,105,10
In_id2221_E-2.25.cif,In,-2.2484,0.0,Metal,P4_2/nnm,134,14
InGa4_id1469_E-2.25.cif,InGa4,-2.2482,0.0,Metal,P4_2/nmc,137,10
Na6InSb2_id4380_E-2.25.cif,Na6InSb2,-2.2475,0.099,Semiconductor,P-3m1,164,18
LiAl4In_id4535_E-2.25.cif,LiAl4In,-2.2473,0.0,Metal,I4_1/a,88,24
InGa2_id1347_E-2.25.cif,InGa2,-2.2468,0.0,Metal,P4_2/mmc,131,6
CaZn4Si4(GeAs)4_id81_E-2.25.cif,CaZn4Si4(GeAs)4,-2.2456,0.197,Semiconductor,P4_2/n,86,34
Mg(CdGa2)6_id2736_E-2.24.cif,Mg(CdGa2)6,-2.2441,0.0,Metal,Im-3,204,38
LiMgIn3_id4554_E-2.24.cif,LiMgIn3,-2.2441,0.0,Metal,Ibca,73,40
Cd2Sn2Sb3_id2452_E-2.24.cif,Cd2Sn2Sb3,-2.2426,0.0,Metal,P-62m,189,14
K5Sr4Cd4O8_id4280_E-2.24.cif,K5Sr4Cd4O8,-2.2424,0.0,Metal,P4_2/n,86,42
Sr4Li3Sn_id410_E-2.24.cif,Sr4Li3Sn,-2.2394,0.001,Metal,Im-3m,229,16
Li4Mg5Sc2TiAlGa4_id4272_E-2.24.cif,Li4Mg5Sc2TiAlGa4,-2.239,0.0,Metal,I4mm,107,34
Li2Mg2Cd2In4Sn3_id730_E-2.24.cif,Li2Mg2Cd2In4Sn3,-2.2388,0.0,Metal,Ccc2,37,52
LiMgGa_id4918_E-2.24.cif,LiMgGa,-2.2381,0.0,Metal,F-43m,216,12
LiMg2Sc_id1240_E-2.24.cif,LiMg2Sc,-2.238,0.0,Metal,P4_322,95,16
Na(GaSe)2_id3799_E-2.24.cif,Na(GaSe)2,-2.2372,0.0,Metal,P4_2/nbc,133,40
Sr4Li3Ge_id1266_E-2.24.cif,Sr4Li3Ge,-2.2356,0.0,Metal,Im-3m,229,16
Ca4Ga_id3953_E-2.23.cif,Ca4Ga,-2.2347,0.0,Metal,I4_1/a,88,20
KNa2Cd(GaSi)2_id1807_E-2.23.cif,KNa2Cd(GaSi)2,-2.2329,0.806,Semiconductor,P6_1,169,48
MgIn2Sn_id1601_E-2.23.cif,MgIn2Sn,-2.2325,0.0,Metal,Pmmn,59,8
Ca3InGa3_id3374_E-2.23.cif,Ca3InGa3,-2.2318,0.0,Metal,Pm-3n,223,14
BaSi_id3252_E-2.23.cif,BaSi,-2.2316,0.0,Metal,P6/mmm,191,4
Li3Zn2Sn_id3843_E-2.23.cif,Li3Zn2Sn,-2.2315,0.0,Metal,C222,21,12
Al5Zn3_id4201_E-2.23.cif,Al5Zn3,-2.2311,0.0,Metal,P-42c,112,16
Ba3SrCaCd(In2Te3)2_id2303_E-2.23.cif,Ba3SrCaCd(In2Te3)2,-2.23,1.387,Semiconductor,P2_1/m,11,32
MgAl_id669_E-2.23.cif,MgAl,-2.2298,0.0,Metal,Amm2,38,24
In5Ga2_id3972_E-2.23.cif,In5Ga2,-2.2278,0.0,Metal,P-62m,189,14
Zn6In2Ga4Sn3_id325_E-2.22.cif,Zn6In2Ga4Sn3,-2.2243,0.0,Metal,P-3m1,164,15
Mg6Sc_id2971_E-2.22.cif,Mg6Sc,-2.2238,0.0,Metal,Fm-3m,225,28
Ga_id4248_E-2.22.cif,Ga,-2.2229,0.0,Metal,P4_2/mcm,132,8
Li2Al4ZnCd_id2970_E-2.22.cif,Li2Al4ZnCd,-2.2229,0.0,Metal,P-42c,112,16
Na3Sn2_id4223_E-2.22.cif,Na3Sn2,-2.2221,0.418,Semiconductor,P2_1/m,11,10
CdIn5_id3098_E-2.22.cif,CdIn5,-2.2209,0.0,Metal,Pbam,55,12
NaIn2_id2122_E-2.22.cif,NaIn2,-2.2188,0.433,Semiconductor,P4_32_12,96,12
Ba2CaIn5Sn2_id1122_E-2.22.cif,Ba2CaIn5Sn2,-2.2186,0.0,Metal,P4/mmm,123,10
Ca3S_id4196_E-2.22.cif,Ca3S,-2.2183,0.285,Semiconductor,I4/mmm,139,8
Sn_id2423_E-2.22.cif,Sn,-2.2181,0.0,Metal,P4/mmm,123,6
CdIn3_id2198_E-2.22.cif,CdIn3,-2.2176,0.0,Metal,Pm-3n,223,8
Na4GeSb_id3447_E-2.22.cif,Na4GeSb,-2.2173,0.077,Semiconductor,Cmcm,63,24
Ba2Ga3_id2967_E-2.22.cif,Ba2Ga3,-2.2171,0.0,Metal,R3m,160,15
Na(Mg3In4)4_id575_E-2.22.cif,Na(Mg3In4)4,-2.2153,0.0,Metal,Pm-3,200,29
Sn_id3557_E-2.21.cif,Sn,-2.2147,0.0,Metal,P4/mmm,123,6
LiScZn3SnSb_id268_E-2.21.cif,LiScZn3SnSb,-2.214,0.0,Metal,Pnma,62,28
MgZnGa2_id3728_E-2.21.cif,MgZnGa2,-2.2126,0.0,Metal,I4/mmm,139,8
MgZnGa2Se4(SO4)4_id1202_E-2.21.cif,MgZnGa2Se4(SO4)4,-2.2125,2.516,Semiconductor,P-42c,112,56
Na5Ti2In_id2456_E-2.21.cif,Na5Ti2In,-2.2112,0.833,Semiconductor,P2/c,13,16
K8NaSrSe4_id234_E-2.21.cif,K8NaSrSe4,-2.209,0.223,Semiconductor,I4_1/a,88,56
MgBe3AlZn_id1322_E-2.21.cif,MgBe3AlZn,-2.2089,0.0,Metal,P4_3,78,24
GaGe5_id4502_E-2.21.cif,GaGe5,-2.2089,0.0,Metal,P4/mmm,123,6
K4LiSi3_id2686_E-2.21.cif,K4LiSi3,-2.208,0.0,Metal,Im-3m,229,16
In3Sn_id1018_E-2.21.cif,In3Sn,-2.2052,0.0,Metal,P4/mmm,123,8
Ba4Ge_id517_E-2.20.cif,Ba4Ge,-2.2049,0.0,Metal,Ccce,68,20
KGa13Ge_id1830_E-2.20.cif,KGa13Ge,-2.2044,0.0,Metal,P312,149,15
MgGa_id1663_E-2.20.cif,MgGa,-2.2023,0.015,Metal,P4_132,213,16
Ba2NaGa_id3128_E-2.20.cif,Ba2NaGa,-2.2018,0.0,Metal,Fm-3m,225,16
LiZn3Ga4_id4147_E-2.20.cif,LiZn3Ga4,-2.2005,0.0,Metal,I4/mmm,139,16
NaLi2Cd2InSn2_id4399_E-2.20.cif,NaLi2Cd2InSn2,-2.1997,0.0,Metal,Cmcm,63,32
Se2S5_id1339_E-2.20.cif,Se2S5,-2.1964,0.0,Metal,P6mm,183,7
Ba2Ca3O_id877_E-2.20.cif,Ba2Ca3O,-2.1951,0.0,Metal,Pn-3m,224,12
K5S2_id338_E-2.19.cif,K5S2,-2.1928,2.423,Semiconductor,P6/mmm,191,7
MgIn2_id3755_E-2.19.cif,MgIn2,-2.1927,0.0,Metal,P4_2/nmc,137,12
KO3_id2288_E-2.19.cif,KO3,-2.1915,0.742,Semiconductor,P1,1,32
K10Na3Al3In6Sn6Ge(AsP)3_id4804_E-2.19.cif,K10Na3Al3In6Sn6Ge(AsP)3,-2.1911,0.15,Semiconductor,P3,143,35
NaIn2_id1021_E-2.19.cif,NaIn2,-2.1908,0.0,Metal,P4_2/mmc,131,6
Cd2In5Sn_id2399_E-2.19.cif,Cd2In5Sn,-2.1906,0.0,Metal,P4/mmm,123,8
Ba3SrLiBe2P_id4993_E-2.19.cif,Ba3SrLiBe2P,-2.1896,0.0,Metal,Cmcm,63,32
Sr2ZnGa_id4473_E-2.19.cif,Sr2ZnGa,-2.1895,0.0,Metal,Fm-3m,225,16
SrIn_id3859_E-2.19.cif,SrIn,-2.1888,0.0,Metal,P3_1,144,6
Na2Sn5_id954_E-2.19.cif,Na2Sn5,-2.1884,0.0,Metal,P6/mmm,191,14
Li25Sb4_id2857_E-2.19.cif,Li25Sb4,-2.1883,0.28,Semiconductor,P2,3,29
Na3Ge_id933_E-2.19.cif,Na3Ge,-2.1881,0.08,Semiconductor,Pm-3n,223,8
Ga_id3921_E-2.19.cif,Ga,-2.1876,0.0,Metal,P4_2/nnm,134,8
Li2Cd2In7_id3254_E-2.19.cif,Li2Cd2In7,-2.1874,0.0,Metal,P-1,2,11
Mg2Al_id4858_E-2.19.cif,Mg2Al,-2.1874,0.0,Metal,P4_12_12,92,12
Na2CaSb_id3832_E-2.19.cif,Na2CaSb,-2.1872,0.013,Metal,P-6m2,187,8
Zn3Ga6Ge_id3092_E-2.19.cif,Zn3Ga6Ge,-2.1867,0.0,Metal,Pbam,55,20
Ca4MgGa_id1860_E-2.19.cif,Ca4MgGa,-2.1862,0.0,Metal,P42_12,90,12
Sr2AlZn_id917_E-2.19.cif,Sr2AlZn,-2.1858,0.0,Metal,Fm-3m,225,16
MgAl(CdGa2)2_id2349_E-2.19.cif,MgAl(CdGa2)2,-2.1856,0.0,Metal,P-42c,112,16
Ba2Li2In5_id843_E-2.18.cif,Ba2Li2In5,-2.1826,3.222,Semiconductor,Iba2,45,36
Li2Mg6Sc2Al2Zn3_id776_E-2.18.cif,Li2Mg6Sc2Al2Zn3,-2.1788,0.0,Metal,C2/m,12,30
Mg4CdGa2O_id4459_E-2.18.cif,Mg4CdGa2O,-2.1783,0.0,Metal,I4/m,87,16
LiCa2In3_id3277_E-2.18.cif,LiCa2In3,-2.178,0.0,Metal,P4/mmm,123,6
Al8SnO2_id881_E-2.18.cif,Al8SnO2,-2.1777,0.0,Metal,Pa-3,205,44
KAl2Zn2In2SiO4_id1067_E-2.18.cif,KAl2Zn2In2SiO4,-2.1767,0.0,Metal,P-42_1c,114,24
Al6Zn13Ga12As_id1707_E-2.18.cif,Al6Zn13Ga12As,-2.1765,0.0,Metal,Pm-3,200,32
Mg2Ga_id1845_E-2.17.cif,Mg2Ga,-2.1743,0.0,Metal,I4/mcm,140,12
Mg3ScZn3Ga_id1381_E-2.17.cif,Mg3ScZn3Ga,-2.1739,0.0,Metal,Pm-3m,221,8
K2Li2Sb_id4203_E-2.17.cif,K2Li2Sb,-2.1731,1.145,Semiconductor,P4_322,95,20
Ge_id4980_E-2.17.cif,Ge,-2.1729,0.0,Metal,P4/mmm,123,5
K3NaTi6_id3745_E-2.17.cif,K3NaTi6,-2.1729,0.12,Semiconductor,Im-3m,229,20
Cd4GaSn4_id4522_E-2.17.cif,Cd4GaSn4,-2.1713,0.0,Metal,P-42_1c,114,18
Ba(ZnGa)4_id4041_E-2.17.cif,Ba(ZnGa)4,-2.1713,0.0,Metal,P4_2/nmc,137,18
BaMg2Al_id2229_E-2.17.cif,BaMg2Al,-2.1706,0.0,Metal,F-43m,216,16
AlCd3Te5Se2S3_id57_E-2.17.cif,AlCd3Te5Se2S3,-2.1654,0.52,Semiconductor,P2_1,4,56
LiMgIn_id700_E-2.16.cif,LiMgIn,-2.1646,0.0,Metal,Ibca,73,24
LiIn_id479_E-2.16.cif,LiIn,-2.1628,0.0,Metal,I4_1/acd,142,32
Li8Mg2Sn3_id4391_E-2.16.cif,Li8Mg2Sn3,-2.1603,0.0,Metal,Cccm,66,52
Cd3In4SnAs2_id2798_E-2.16.cif,Cd3In4SnAs2,-2.1582,0.0,Metal,P3,143,10
Ba2Sr2Sc_id3325_E-2.16.cif,Ba2Sr2Sc,-2.1571,0.0,Metal,I23,197,60
InSn5_id2503_E-2.16.cif,InSn5,-2.156,0.0,Metal,P4/mmm,123,6
Li2Cd2Sn_id2747_E-2.16.cif,Li2Cd2Sn,-2.1556,0.0,Metal,P4/mbm,127,10
Al_id1639_E-2.16.cif,Al,-2.1551,0.0,Metal,P4/m,83,18
Al2GaTe4_id389_E-2.15.cif,Al2GaTe4,-2.1543,0.14,Semiconductor,P-42m,111,7
Cd2SnAsSe4_id2200_E-2.15.cif,Cd2SnAsSe4,-2.1541,1.224,Semiconductor,P31c,159,16
K3N_id3493_E-2.15.cif,K3N,-2.1515,2.024,Semiconductor,Pm-3m,221,32
Al2ZnGa_id100_E-2.15.cif,Al2ZnGa,-2.1504,0.0,Metal,Cmmm,65,8
Ba(BeZn)4_id1193_E-2.15.cif,Ba(BeZn)4,-2.1501,0.0,Metal,P4_2/nmc,137,18
Li7Ga_id1984_E-2.15.cif,Li7Ga,-2.1487,0.0,Metal,Im-3m,229,16
BaIn_id966_E-2.15.cif,BaIn,-2.1472,0.0,Metal,P4/mmm,123,4
MgSc2SbTe_id359_E-2.15.cif,MgSc2SbTe,-2.147,0.0,Metal,P4/nmm,129,10
Mg4In3Sn_id3485_E-2.15.cif,Mg4In3Sn,-2.1458,0.0,Metal,P4_2/m,84,16
Mg3ZnIn4_id1605_E-2.15.cif,Mg3ZnIn4,-2.1458,0.0,Metal,Im-3m,229,16
Li2O7_id2938_E-2.15.cif,Li2O7,-2.1457,0.0,Metal,Pbcn,60,36
NaIn7_id3315_E-2.14.cif,NaIn7,-2.1436,0.0,Metal,I-42d,122,32
BaCa8O_id702_E-2.14.cif,BaCa8O,-2.1429,0.0,Metal,P4_2/mmc,131,20
Mg3GaS2_id894_E-2.14.cif,Mg3GaS2,-2.1413,0.0,Metal,Pnnn,48,24
Zn2Ga15_id326_E-2.14.cif,Zn2Ga15,-2.14,0.0,Metal,P4cc,103,34
NaGa_id4404_E-2.14.cif,NaGa,-2.1395,0.0,Metal,Ibam,72,16
MgIn2_id2599_E-2.14.cif,MgIn2,-2.1394,0.0,Metal,Pccm,49,6
Mg2Ga_id2837_E-2.14.cif,Mg2Ga,-2.1385,0.0,Metal,I4/mmm,139,12
Li2Mg7Sc2_id2945_E-2.14.cif,Li2Mg7Sc2,-2.1381,0.0,Metal,Imm2,44,22
Ba3SrCaSi_id2730_E-2.14.cif,Ba3SrCaSi,-2.1378,0.0,Metal,R-3,148,36
Ti(Zn4Ga9)3_id3708_E-2.14.cif,Ti(Zn4Ga9)3,-2.1374,0.0,Metal,P432,207,40
CdGa2_id4960_E-2.14.cif,CdGa2,-2.1364,0.0,Metal,I4_1/acd,142,24
NaAl(In2Ga)2_id2688_E-2.13.cif,NaAl(In2Ga)2,-2.1346,0.0,Metal,C2/m,12,16
NaMg5Sc_id2481_E-2.13.cif,NaMg5Sc,-2.1324,0.0,Metal,I-4m2,119,14
TePSe5_id665_E-2.13.cif,TePSe5,-2.1305,1.456,Semiconductor,P2/m,10,7
MgAl(ZnGa)2_id2921_E-2.13.cif,MgAl(ZnGa)2,-2.1294,0.0,Metal,Pmma,51,12
Li4Al2Cd_id3146_E-2.13.cif,Li4Al2Cd,-2.1282,0.0,Metal,I-42d,122,28
Ca7O4_id3278_E-2.13.cif,Ca7O4,-2.1254,0.0,Metal,P4_2mc,105,22
Mg2CdSn_id4907_E-2.13.cif,Mg2CdSn,-2.1253,0.0,Metal,Fm-3m,225,16
MgBeGaB4_id4985_E-2.12.cif,MgBeGaB4,-2.1248,0.0,Metal,P4/mmm,123,28
Sc(Zn2Si)2_id4606_E-2.12.cif,Sc(Zn2Si)2,-2.1245,0.0,Metal,P4_2/nbc,133,28
MgIn2_id4654_E-2.12.cif,MgIn2,-2.1233,0.0,Metal,I4/mmm,139,6
Zn2O_id107_E-2.12.cif,Zn2O,-2.1213,1.771,Semiconductor,Amm2,38,12
Mg4Zn3Ge3N_id1377_E-2.12.cif,Mg4Zn3Ge3N,-2.1208,0.0,Metal,Pm-3n,223,22
Ca4Ge_id1379_E-2.12.cif,Ca4Ge,-2.1204,0.0,Metal,Ccce,68,20
Na2AlGa_id3145_E-2.12.cif,Na2AlGa,-2.1195,0.0,Metal,Fm-3m,225,16
Na3LiCa3MgS_id4263_E-2.12.cif,Na3LiCa3MgS,-2.1188,0.0,Metal,R3m,160,27
Zn3Ga8_id3624_E-2.12.cif,Zn3Ga8,-2.1188,0.0,Metal,P2,3,11
CaCdGe_id3608_E-2.12.cif,CaCdGe,-2.1187,0.0,Metal,P4_12_12,92,24
Ga_id3322_E-2.12.cif,Ga,-2.1182,0.0,Metal,P2_12_12_1,19,24
BaSr2CdSn_id1335_E-2.12.cif,BaSr2CdSn,-2.1175,0.0,Metal,P4/mmm,123,20
MgCd3C_id1036_E-2.12.cif,MgCd3C,-2.117,0.0,Metal,Pm-3m,221,5
Cd4In3Sn4_id2451_E-2.12.cif,Cd4In3Sn4,-2.1165,0.0,Metal,I-43d,220,44
MgIn3_id1103_E-2.12.cif,MgIn3,-2.1156,0.0,Metal,Cmcm,63,16
Zn7Ga6(BO)6_id502_E-2.12.cif,Zn7Ga6(BO)6,-2.1155,0.0,Metal,P6_322,182,50
Mg2Zn5Ge2_id1284_E-2.12.cif,Mg2Zn5Ge2,-2.1153,0.0,Metal,P-42m,111,9
Mg2Ge_id3556_E-2.11.cif,Mg2Ge,-2.115,0.302,Semiconductor,Pcc2,27,12
KLi2Ti3Cd4_id1946_E-2.11.cif,KLi2Ti3Cd4,-2.1135,0.0,Metal,Amm2,38,20
CdInGa4Si_id137_E-2.11.cif,CdInGa4Si,-2.1127,0.0,Metal,P-42m,111,7
ZnIn3_id3468_E-2.11.cif,ZnIn3,-2.1125,0.0,Metal,Immm,71,16
Ba4Li3Ga_id2897_E-2.11.cif,Ba4Li3Ga,-2.1115,0.0,Metal,Im-3m,229,16
LiMg2In2Sn_id659_E-2.11.cif,LiMg2In2Sn,-2.1112,0.0,Metal,C2/m,12,12
BaSr2Ca3Be2Zn2(SbP)2_id1895_E-2.11.cif,BaSr2Ca3Be2Zn2(SbP)2,-2.11,0.0,Metal,P6_2,171,42
K4TiIn4_id4601_E-2.11.cif,K4TiIn4,-2.1088,0.518,Semiconductor,P-42_1c,114,18
Li2Mg5Sc2Ti2(CdTe)2_id82_E-2.11.cif,Li2Mg5Sc2Ti2(CdTe)2,-2.1087,0.304,Semiconductor,Fmm2,42,60
NaSr2Al_id1264_E-2.11.cif,NaSr2Al,-2.1073,0.0,Metal,Fm-3m,225,16
Li(MgGa)3_id2041_E-2.11.cif,Li(MgGa)3,-2.1069,0.0,Metal,P3c1,158,14
Li6TiZn2_id2978_E-2.11.cif,Li6TiZn2,-2.1062,0.995,Semiconductor,Fm-3m,225,36
Mg2B_id852_E-2.11.cif,Mg2B,-2.1058,0.0,Metal,P6_422,181,18
Li4AlZn4InGa4_id3395_E-2.10.cif,Li4AlZn4InGa4,-2.1043,0.0,Metal,P2/m,10,14
Li3CaMgZn4In2(SnB2)2_id3641_E-2.10.cif,Li3CaMgZn4In2(SnB2)2,-2.104,0.0,Metal,P42_12,90,34
ScCd3_id4239_E-2.10.cif,ScCd3,-2.1028,0.0,Metal,P3c1,158,8
MgZnSn_id2584_E-2.10.cif,MgZnSn,-2.1025,0.0,Metal,I4_1md,109,12
BaCa6As_id4368_E-2.10.cif,BaCa6As,-2.1023,0.0,Metal,Pm-3m,221,8
NaLi5Te_id926_E-2.10.cif,NaLi5Te,-2.1022,0.855,Semiconductor,Pnn2,34,28
Sr2Li2Al2Ga2Ge_id1309_E-2.10.cif,Sr2Li2Al2Ga2Ge,-2.102,0.0,Metal,Pnma,62,36
K2Na3P_id17_E-2.10.cif,K2Na3P,-2.1013,0.263,Semiconductor,P2_12_12,18,12
Cd2In5Ga_id4765_E-2.10.cif,Cd2In5Ga,-2.1004,0.0,Metal,C2/m,12,16
Be3CdP5_id72_E-2.10.cif,Be3CdP5,-2.0978,0.0,Metal,P3_112,151,27
Sc4Ti(ZnGa)4_id3075_E-2.10.cif,Sc4Ti(ZnGa)4,-2.0975,0.002,Metal,P2_12_12,18,26
Zn2GaSn_id32_E-2.10.cif,Zn2GaSn,-2.0972,0.0,Metal,Imma,74,16
Li16Al8Cd2Sb_id3404_E-2.10.cif,Li16Al8Cd2Sb,-2.0967,0.0,Metal,Pnnn,48,54
In_id1894_E-2.10.cif,In,-2.0961,0.0,Metal,Pccm,49,4
Cd2Ga3_id675_E-2.10.cif,Cd2Ga3,-2.0959,0.0,Metal,Cmce,64,20
Sr4Mg2Zn(SiN)2_id2113_E-2.09.cif,Sr4Mg2Zn(SiN)2,-2.0942,0.0,Metal,P4/mnc,128,44
Mg6Al23Ga3_id1138_E-2.09.cif,Mg6Al23Ga3,-2.093,0.0,Metal,P-6,174,32
Na3As_id4662_E-2.09.cif,Na3As,-2.0925,0.0,Metal,P6/mmm,191,8
Li2Mg2AlZnCdIn2(GaSn)2_id4732_E-2.09.cif,Li2Mg2AlZnCdIn2(GaSn)2,-2.0922,0.0,Metal,P3_1,144,39
K8Li12Ga9SnAs(P2O5)2_id344_E-2.09.cif,K8Li12Ga9SnAs(P2O5)2,-2.0918,0.034,Metal,P4,75,45
K6Na3In2Sn11_id4093_E-2.09.cif,K6Na3In2Sn11,-2.0917,0.0,Metal,P6_3cm,185,44
Ca6Ga_id3877_E-2.09.cif,Ca6Ga,-2.09,0.0,Metal,Fm-3m,225,28
K3(CdIn6)2_id4910_E-2.09.cif,K3(CdIn6)2,-2.0877,0.0,Metal,P6cc,184,34
Zn2Sn_id3818_E-2.09.cif,Zn2Sn,-2.0855,0.0,Metal,I4/mmm,139,6
Li4AlSi2_id3666_E-2.08.cif,Li4AlSi2,-2.083,0.585,Semiconductor,P4_12_12,92,28
Ca14Sc_id840_E-2.08.cif,Ca14Sc,-2.0822,0.0,Metal,I4mm,107,30
Li4ZnCd3Ga8_id2290_E-2.08.cif,Li4ZnCd3Ga8,-2.0819,0.0,Metal,P-42c,112,32
Li4Cd3Sn_id4823_E-2.08.cif,Li4Cd3Sn,-2.0818,0.0,Metal,Im-3m,229,16
CaZn2In_id1161_E-2.08.cif,CaZn2In,-2.0812,0.0,Metal,Immm,71,8
KCdSn_id2803_E-2.08.cif,KCdSn,-2.0811,0.0,Metal,P-6m2,187,3
AlCd2Ga3_id217_E-2.08.cif,AlCd2Ga3,-2.0811,0.0,Metal,P4/mbm,127,12
AlZn2_id1647_E-2.08.cif,AlZn2,-2.0811,0.0,Metal,Fd-3m,227,24
Li4Mg7Sn5_id4812_E-2.08.cif,Li4Mg7Sn5,-2.0807,0.0,Metal,P-62m,189,16
NaIn_id3003_E-2.08.cif,NaIn,-2.0796,0.411,Semiconductor,Cmcm,63,8
Zn2InGa14_id3593_E-2.08.cif,Zn2InGa14,-2.0796,0.0,Metal,Pmna,53,34
Te_id4064_E-2.08.cif,Te,-2.0791,0.0,Metal,P4/mmm,123,4
Li2CdGe_id4431_E-2.08.cif,Li2CdGe,-2.0787,0.0,Metal,Cmcm,63,16
NaCa4Sn_id2322_E-2.08.cif,NaCa4Sn,-2.0784,0.0,Metal,I4_1/a,88,24
Li9ZnO_id1611_E-2.08.cif,Li9ZnO,-2.0782,4.769,Insulator,P2_12_12,18,44
Mg6ScSn_id3920_E-2.08.cif,Mg6ScSn,-2.0776,0.0,Metal,P6_122,178,48
SrIn14_id673_E-2.07.cif,SrIn14,-2.074,0.0,Metal,P4_2/nnm,134,30
BeZn4Ga3_id3373_E-2.07.cif,BeZn4Ga3,-2.0725,0.0,Metal,P-42c,112,16
Mg4Al3_id1441_E-2.07.cif,Mg4Al3,-2.0716,0.0,Metal,Cmce,64,28
CdIn2Ga_id24_E-2.07.cif,CdIn2Ga,-2.071,0.0,Metal,P-6m2,187,4
MgBe2Al3Cd2_id3650_E-2.07.cif,MgBe2Al3Cd2,-2.0701,0.0,Metal,Ibam,72,32
K4BaNaLiCd3InSnGe2AsP2O_id1500_E-2.07.cif,K4BaNaLiCd3InSnGe2AsP2O,-2.069,0.246,Semiconductor,P3_1,144,54
Ca8As3_id758_E-2.07.cif,Ca8As3,-2.0673,0.0,Metal,I-43d,220,44
MgAlCd_id3230_E-2.07.cif,MgAlCd,-2.0672,0.0,Metal,P6_3/mmc,194,6
Cd7Ge6_id3372_E-2.07.cif,Cd7Ge6,-2.0653,0.0,Metal,Fm-3m,225,52
BaLiCdSn4_id1185_E-2.06.cif,BaLiCdSn4,-2.0645,0.0,Metal,P4/mmm,123,28
NaMgGa2_id2074_E-2.06.cif,NaMgGa2,-2.0618,0.0,Metal,I4_1/amd,141,16
ScZn6_id995_E-2.06.cif,ScZn6,-2.0607,0.0,Metal,Fm-3m,225,28
Cd2In2GaSb_id66_E-2.06.cif,Cd2In2GaSb,-2.0602,0.0,Metal,P4_12_12,92,24
LiMg2CdGaSiGe_id2839_E-2.06.cif,LiMg2CdGaSiGe,-2.0584,0.049,Metal,P6_1,169,42
Ba2Li(Mg2Sn)2_id4410_E-2.06.cif,Ba2Li(Mg2Sn)2,-2.0581,0.0,Metal,P6_2,171,27
Na2Cd2In3Sn_id1117_E-2.06.cif,Na2Cd2In3Sn,-2.0579,0.006,Metal,Cmmm,65,16
KMgCdIn7_id4250_E-2.06.cif,KMgCdIn7,-2.0577,0.0,Metal,P312,149,10
Li6CdSn_id523_E-2.06.cif,Li6CdSn,-2.0575,0.0,Metal,F-43m,216,32
NaTe3_id4065_E-2.06.cif,NaTe3,-2.0568,0.0,Metal,Immm,71,8
Li4AlCdSiAs2_id2988_E-2.06.cif,Li4AlCdSiAs2,-2.0568,0.0,Metal,P4_2/mmc,131,18
Ba(LiIn)2_id2371_E-2.06.cif,Ba(LiIn)2,-2.0552,0.0,Metal,P6/mmm,191,10
LiZn2Ga2Sn_id2734_E-2.05.cif,LiZn2Ga2Sn,-2.0546,0.0,Metal,P3_1,144,18
Mg(AlIn2)2_id607_E-2.05.cif,Mg(AlIn2)2,-2.0509,0.0,Metal,P4_2/nnm,134,14
Sr3Li4P_id2892_E-2.05.cif,Sr3Li4P,-2.0505,0.0,Metal,Pm-3m,221,8
Li5In2_id570_E-2.05.cif,Li5In2,-2.0497,0.0,Metal,P6/mmm,191,14
BaSr(Al3Ga)2_id2827_E-2.05.cif,BaSr(Al3Ga)2,-2.0497,0.0,Metal,Amm2,38,20
In_id4310_E-2.05.cif,In,-2.0496,0.0,Metal,P2_12_12_1,19,20
Be4Zn2Ga_id2068_E-2.05.cif,Be4Zn2Ga,-2.0493,0.0,Metal,I2_12_12_1,24,28
ZnGaGe2_id2500_E-2.05.cif,ZnGaGe2,-2.0492,0.0,Metal,P4/mmm,123,4
LiAl5(ZnGa)2_id2854_E-2.05.cif,LiAl5(ZnGa)2,-2.0461,0.0,Metal,Pc,7,20
LiMgIn2_id1186_E-2.05.cif,LiMgIn2,-2.0452,0.0,Metal,P4/mmm,123,8
Li4In_id1971_E-2.04.cif,Li4In,-2.045,0.0,Metal,Ccce,68,20
Mg2AlGa_id278_E-2.04.cif,Mg2AlGa,-2.0427,0.0,Metal,I4_122,98,16
Ba2Na2Li2Ca2Mg(In2Ga)2_id412_E-2.04.cif,Ba2Na2Li2Ca2Mg(In2Ga)2,-2.0425,0.0,Metal,P-1,2,15
NaMg3(AlIn2)2_id839_E-2.04.cif,NaMg3(AlIn2)2,-2.0423,0.003,Metal,Immm,71,20
Zn2Ga3_id3779_E-2.04.cif,Zn2Ga3,-2.0395,0.0,Metal,I4/mcm,140,20
LiAl2Zn5_id2666_E-2.04.cif,LiAl2Zn5,-2.0387,0.0,Metal,I4/mmm,139,16
LiZn5(Ga5Si)2_id4737_E-2.04.cif,LiZn5(Ga5Si)2,-2.036,0.003,Metal,I422,97,36
BaAl(ZnGa)4_id2307_E-2.04.cif,BaAl(ZnGa)4,-2.0356,0.0,Metal,I-4m2,119,20
CdIn2_id4444_E-2.03.cif,CdIn2,-2.0339,0.0,Metal,Cmcm,63,24
Li3(ZnGa4)2_id4821_E-2.03.cif,Li3(ZnGa4)2,-2.0333,0.0,Metal,P-1,2,13
KLi4(BeGa2)4_id4539_E-2.03.cif,KLi4(BeGa2)4,-2.033,0.0,Metal,P4_2/nmc,137,34
Ba6Sr8(LiCa2)3_id2699_E-2.03.cif,Ba6Sr8(LiCa2)3,-2.0323,0.0,Metal,P6/mmm,191,23
Zn4CdGe2_id3566_E-2.03.cif,Zn4CdGe2,-2.0313,0.0,Metal,P-42m,111,7
Li2Mg2Cd3In3Sn2_id4405_E-2.03.cif,Li2Mg2Cd3In3Sn2,-2.0309,0.0,Metal,Pbam,55,24
NaLiMg3TiAs_id4865_E-2.03.cif,NaLiMg3TiAs,-2.0289,0.0,Metal,P6_5,170,42
AlZn4In2Ga_id806_E-2.03.cif,AlZn4In2Ga,-2.0284,0.0,Metal,I4mm,107,16
Li3Ga_id3721_E-2.03.cif,Li3Ga,-2.0277,0.0,Metal,I-42d,122,16
Li3Cd4In(Ga2Ge)2_id4638_E-2.03.cif,Li3Cd4In(Ga2Ge)2,-2.0262,0.0,Metal,P3_112,151,42
Li2CaMg2CdIn3O_id4746_E-2.03.cif,Li2CaMg2CdIn3O,-2.0252,0.0,Metal,P6_5,170,60
Ba2BeZn3Ga2_id3986_E-2.02.cif,Ba2BeZn3Ga2,-2.0246,0.107,Semiconductor,P3_121,152,24
CdSnSbTeO_id475_E-2.02.cif,CdSnSbTeO,-2.0217,0.415,Semiconductor,Pcca,54,40
MgAlZn4Ga2(Sn2Sb)2_id3923_E-2.02.cif,MgAlZn4Ga2(Sn2Sb)2,-2.0216,0.0,Metal,I422,97,28
LiMgCdGaSn2_id2204_E-2.02.cif,LiMgCdGaSn2,-2.0207,0.0,Metal,P4_322,95,24
Na4SrLi2GaSi3Ge_id1717_E-2.02.cif,Na4SrLi2GaSi3Ge,-2.0201,0.0,Metal,P4_3,78,48
KLiAs_id4496_E-2.02.cif,KLiAs,-2.0188,0.866,Semiconductor,P4_32_12,96,12
AlZn4GaSi4Ge_id1094_E-2.02.cif,AlZn4GaSi4Ge,-2.017,0.0,Metal,I422,97,44
Li6CaSc3(CdGa2)2_id1421_E-2.02.cif,Li6CaSc3(CdGa2)2,-2.0166,0.0,Metal,C222,21,32
Na3Sn_id3144_E-2.02.cif,Na3Sn,-2.0156,0.265,Semiconductor,R-3,148,24
Li3Zn6GaSi2_id1718_E-2.01.cif,Li3Zn6GaSi2,-2.0149,0.0,Metal,Ibam,72,48
Ga3Sn_id4753_E-2.01.cif,Ga3Sn,-2.0145,0.0,Metal,I4/mmm,139,8
Mg3Zn2N_id2443_E-2.01.cif,Mg3Zn2N,-2.0137,0.0,Metal,Pn-3m,224,12
Ga_id532_E-2.01.cif,Ga,-2.0133,1.942,Semiconductor,Cmmm,65,22
Li4CaMgAlIn2_id4648_E-2.01.cif,Li4CaMgAlIn2,-2.0121,0.0,Metal,I4/mcm,140,36
LiAlZn2_id969_E-2.01.cif,LiAlZn2,-2.0117,0.0,Metal,Ibam,72,16
Na2Mg2Zn2O_id2751_E-2.01.cif,Na2Mg2Zn2O,-2.0107,0.0,Metal,C222,21,28
Li5Mg2Sn_id4422_E-2.01.cif,Li5Mg2Sn,-2.0101,0.0,Metal,Ibam,72,32
LiMgZnIn_id430_E-2.01.cif,LiMgZnIn,-2.0099,0.0,Metal,F-43m,216,16
K2CdIn4Sn_id2457_E-2.01.cif,K2CdIn4Sn,-2.0098,0.0,Metal,P-42c,112,16
ZnSb_id1797_E-2.01.cif,ZnSb,-2.0095,0.0,Metal,P4_32_12,96,8
KCd(GaGe)2_id4557_E-2.01.cif,KCd(GaGe)2,-2.0093,0.0,Metal,Cmme,67,24
CaZn2Cd2Ga3Ge_id4830_E-2.01.cif,CaZn2Cd2Ga3Ge,-2.0093,0.0,Metal,P2/m,10,9
Li4Zn3Ga2_id4965_E-2.01.cif,Li4Zn3Ga2,-2.0093,0.0,Metal,P2_1/m,11,18
Ba2Cd3In2_id2532_E-2.01.cif,Ba2Cd3In2,-2.0092,0.0,Metal,Pn-3m,224,14
K2In2Sb3_id1589_E-2.01.cif,K2In2Sb3,-2.009,0.053,Semiconductor,I2_12_12_1,24,28
LiAl2(Zn2Ge)3_id3137_E-2.01.cif,LiAl2(Zn2Ge)3,-2.009,0.0,Metal,C222_1,20,48
Zn3Si_id713_E-2.01.cif,Zn3Si,-2.0062,0.0,Metal,Im-3m,229,8
LiMgZn2GaSn2_id1936_E-2.01.cif,LiMgZn2GaSn2,-2.0057,0.0,Metal,I2_12_12_1,24,28
Li4Ga3_id4868_E-2.01.cif,Li4Ga3,-2.0056,0.0,Metal,I-43d,220,28
Li6CdGa3_id2304_E-2.01.cif,Li6CdGa3,-2.0053,0.0,Metal,R-3,148,30
K2Na4SnTe_id2489_E-2.00.cif,K2Na4SnTe,-2.0041,0.003,Metal,P4_2/mcm,132,16
ZnCdGa2_id3123_E-2.00.cif,ZnCdGa2,-2.0033,0.0,Metal,I4/mmm,139,8
K2Ba2Li2Te(PO2)2_id1553_E-2.00.cif,K2Ba2Li2Te(PO2)2,-2.0028,2.766,Semiconductor,Pccn,56,52
Zn2In2Ga3_id1236_E-2.00.cif,Zn2In2Ga3,-2.0027,0.0,Metal,Cccm,66,28
NaSrLiSb4_id3076_E-2.00.cif,NaSrLiSb4,-2.0023,0.0,Metal,P4/mmm,123,28
Na2CdSn_id4484_E-2.00.cif,Na2CdSn,-2.0019,0.0,Metal,Fm-3m,225,16
Na(AlZn)2_id1613_E-2.00.cif,Na(AlZn)2,-2.0019,0.626,Semiconductor,I4/mcm,140,20
Li4Ca7Mg4Zn4In2Ga4(SiGe)2_id3662_E-2.00.cif,Li4Ca7Mg4Zn4In2Ga4(SiGe)2,-1.9982,0.0,Metal,P-1,2,29
Zn2CdGaGe_id3845_E-2.00.cif,Zn2CdGaGe,-1.998,0.0,Metal,Cmme,67,20
Mg4In2Ga5_id2756_E-2.00.cif,Mg4In2Ga5,-1.9978,0.0,Metal,Ccce,68,44
ZnGa6_id1470_E-2.00.cif,ZnGa6,-1.9975,0.0,Metal,P2_12_12_1,19,28
LiAl4Zn4In2Sb_id2510_E-2.00.cif,LiAl4Zn4In2Sb,-1.9972,0.0,Metal,C222,21,24
K2Ge_id3383_E-2.00.cif,K2Ge,-1.9965,0.06,Semiconductor,Pa-3,205,12
KNaSr2TeS4_id2793_E-2.00.cif,KNaSr2TeS4,-1.9952,0.169,Semiconductor,P4/mmm,123,9
CaMg6Ga2Sn_id2647_E-1.99.cif,CaMg6Ga2Sn,-1.9929,0.0,Metal,P42_12,90,20
Li2Ca2InSn_id3638_E-1.99.cif,Li2Ca2InSn,-1.9927,0.0,Metal,Cmmm,65,12
BaBeGaO_id4844_E-1.99.cif,BaBeGaO,-1.9927,0.0,Metal,P3_212,153,12
Mg5SbTe5As_id937_E-1.99.cif,Mg5SbTe5As,-1.9925,0.956,Semiconductor,Cm,8,24
Li4Mg2Ga_id4390_E-1.99.cif,Li4Mg2Ga,-1.9915,0.0,Metal,C2/m,12,14
Na4Li4Ga4Ge_id4644_E-1.99.cif,Na4Li4Ga4Ge,-1.9907,0.0,Metal,P-42_1c,114,26
SrCd4In8SnGe_id2171_E-1.99.cif,SrCd4In8SnGe,-1.9905,0.0,Metal,P-4n2,118,30
CaMg2Zn3Si2_id4291_E-1.99.cif,CaMg2Zn3Si2,-1.9895,0.0,Metal,Cmcm,63,32
Mg2Ga_id793_E-1.99.cif,Mg2Ga,-1.9886,0.0,Metal,Pa-3,205,12
Zn3Se_id154_E-1.99.cif,Zn3Se,-1.9884,0.0,Metal,P3c1,158,8
KMgAlCd4Sn3Sb3Te_id3938_E-1.99.cif,KMgAlCd4Sn3Sb3Te,-1.9881,0.0,Metal,P4_3,78,56
Li(MgAl)2_id3353_E-1.99.cif,Li(MgAl)2,-1.9877,0.0,Metal,P2/c,13,20
LiCa4Ga3_id2090_E-1.99.cif,LiCa4Ga3,-1.9874,0.0,Metal,I4/mcm,140,32
KMg2Cd2InSb2_id1586_E-1.99.cif,KMg2Cd2InSb2,-1.9871,0.0,Metal,P-3m1,164,8
AlZn2_id3754_E-1.99.cif,AlZn2,-1.9854,0.0,Metal,Aem2,39,12
Li15In4(GaSn)2_id3402_E-1.99.cif,Li15In4(GaSn)2,-1.9852,0.0,Metal,P-1,2,23
Ba3LiIn_id2285_E-1.98.cif,Ba3LiIn,-1.9833,0.0,Metal,P4/mmm,123,5
CaZn2CdGa2_id3072_E-1.98.cif,CaZn2CdGa2,-1.983,0.0,Metal,Immm,71,12
KNaScIn18_id710_E-1.98.cif,KNaScIn18,-1.9793,0.0,Metal,P1,1,21
Na2LiIn2_id3476_E-1.98.cif,Na2LiIn2,-1.9783,0.0,Metal,Pn-3m,224,10
Li6CdIn5_id432_E-1.98.cif,Li6CdIn5,-1.9775,0.0,Metal,P-62m,189,12
Ca9Mg4(ScZn)4_id612_E-1.98.cif,Ca9Mg4(ScZn)4,-1.9772,0.0,Metal,P4cc,103,42
BaZnGa4Sn_id4084_E-1.98.cif,BaZnGa4Sn,-1.9757,0.0,Metal,P-6m2,187,7
BaNaIn_id3611_E-1.98.cif,BaNaIn,-1.975,0.0,Metal,Ibca,73,48
LiMg2TiZn3Cd2InGa3Ge2P_id207_E-1.97.cif,LiMg2TiZn3Cd2InGa3Ge2P,-1.9745,0.0,Metal,P3_1,144,48
Sr3LiCa3O_id314_E-1.97.cif,Sr3LiCa3O,-1.9729,0.0,Metal,Pm-3m,221,8
Li2Ga2Te3_id156_E-1.97.cif,Li2Ga2Te3,-1.9719,0.336,Semiconductor,I4_132,214,28
Ba2NaLi2Si_id4131_E-1.97.cif,Ba2NaLi2Si,-1.9718,0.0,Metal,Cmmm,65,12
Li2MgAl2Zn3_id1710_E-1.97.cif,Li2MgAl2Zn3,-1.9716,0.0,Metal,C222,21,16
Cd12In6Sb7_id4160_E-1.97.cif,Cd12In6Sb7,-1.971,0.0,Metal,I23,197,50
K12NaCa3InO6_id4691_E-1.97.cif,K12NaCa3InO6,-1.9703,0.099,Semiconductor,P-31c,163,46
CaCd2In3Ga14_id4306_E-1.97.cif,CaCd2In3Ga14,-1.9694,0.0,Metal,P6/mmm,191,20
Li2CdIn2_id1218_E-1.97.cif,Li2CdIn2,-1.9653,0.0,Metal,Imma,74,20
Mg3Zn2Ge_id1329_E-1.96.cif,Mg3Zn2Ge,-1.965,0.0,Metal,Pn-3m,224,12
Li9AlIn_id4230_E-1.96.cif,Li9AlIn,-1.9643,0.0,Metal,P4/mmm,123,11
Li2MgCdIn2_id1234_E-1.96.cif,Li2MgCdIn2,-1.9641,0.0,Metal,Pmmm,47,6
Na2LiAl6Zn_id2132_E-1.96.cif,Na2LiAl6Zn,-1.9635,0.0,Metal,Fm-3m,225,40
Li4Al2GaGe_id3156_E-1.96.cif,Li4Al2GaGe,-1.9623,0.0,Metal,Pnn2,34,16
NaMg7Al6Zn3O6_id2639_E-1.96.cif,NaMg7Al6Zn3O6,-1.9594,0.114,Semiconductor,Pm-3,200,23
Ba(Zn2Si)2_id1951_E-1.96.cif,Ba(Zn2Si)2,-1.9594,0.0,Metal,I-4c2,120,28
K2In4Ga8Sn_id3586_E-1.96.cif,K2In4Ga8Sn,-1.9592,0.03,Metal,P4_2/mcm,132,30
Na2In2Ge_id109_E-1.96.cif,Na2In2Ge,-1.9583,0.0,Metal,P4_2/mmc,131,10
Zn2CdIn2SbTe_id1748_E-1.96.cif,Zn2CdIn2SbTe,-1.9579,0.0,Metal,P6_5,170,42
Li2MgGa_id4075_E-1.96.cif,Li2MgGa,-1.9567,0.0,Metal,Ibca,73,32
LiGa3_id3550_E-1.96.cif,LiGa3,-1.9559,0.0,Metal,F-43m,216,32
Sn_id2680_E-1.95.cif,Sn,-1.9543,4.502,Insulator,P4/mbm,127,24
Li2In8Ga_id4356_E-1.95.cif,Li2In8Ga,-1.9526,0.0,Metal,Pmmm,47,11
Sr2MgAlIn2Ga_id1856_E-1.95.cif,Sr2MgAlIn2Ga,-1.9518,0.0,Metal,P4/mmm,123,7
KMg2Cd16SnO4_id1305_E-1.95.cif,KMg2Cd16SnO4,-1.9507,1.323,Semiconductor,I-42m,121,48
K2NaGaSnSb3As4_id3848_E-1.95.cif,K2NaGaSnSb3As4,-1.9485,0.0,Metal,P3,143,12
Mg3In4Sn_id337_E-1.95.cif,Mg3In4Sn,-1.9473,0.0,Metal,P-4c2,116,16
Ba4Mg4Al2(CdIn)3_id3888_E-1.95.cif,Ba4Mg4Al2(CdIn)3,-1.9467,0.0,Metal,P-1,2,16
Li4Zn4N_id2195_E-1.95.cif,Li4Zn4N,-1.946,0.0,Metal,P-42_1c,114,18
Li3CaMg2ScAl2Cd2GaSn2SbTe3SeS2_id2013_E-1.95.cif,Li3CaMg2ScAl2Cd2GaSn2SbTe3SeS2,-1.9459,0.768,Semiconductor,P1,1,42
NaMgIn6_id3233_E-1.95.cif,NaMgIn6,-1.9457,0.0,Metal,P-31c,163,16
Li2Mg8Sc3Cd4_id2574_E-1.94.cif,Li2Mg8Sc3Cd4,-1.9425,0.0,Metal,P-1,2,17
Li2Mg2InGe2_id3583_E-1.94.cif,Li2Mg2InGe2,-1.9419,0.858,Semiconductor,I4/mcm,140,28
In_id1836_E-1.94.cif,In,-1.9411,0.0,Metal,P4/mmm,123,10
LiMgIn4_id4091_E-1.94.cif,LiMgIn4,-1.9402,0.0,Metal,P-62m,189,18
LiCd2GaGe_id671_E-1.94.cif,LiCd2GaGe,-1.9399,0.0,Metal,P3_1,144,15
Sr3Al2(CdIn)3_id4324_E-1.94.cif,Sr3Al2(CdIn)3,-1.9395,0.0,Metal,P23,195,22
NaLi2Sc2Cd3Ga2_id4058_E-1.94.cif,NaLi2Sc2Cd3Ga2,-1.939,0.294,Semiconductor,Cccm,66,40
Sr2CdB_id866_E-1.94.cif,Sr2CdB,-1.939,0.07,Semiconductor,P6_422,181,12
Na4Mg(ZnSb)4_id1433_E-1.94.cif,Na4Mg(ZnSb)4,-1.9381,0.393,Semiconductor,I4_1/a,88,52
LiMg2(ZnGa)2_id2524_E-1.94.cif,LiMg2(ZnGa)2,-1.9379,0.0,Metal,P-3m1,164,7
NaCd4As2(NO4)4_id1047_E-1.94.cif,NaCd4As2(NO4)4,-1.9353,2.337,Semiconductor,I222,23,54
Li4Te3_id188_E-1.93.cif,Li4Te3,-1.9337,1.049,Semiconductor,I4_132,214,28
CdGa_id873_E-1.93.cif,CdGa,-1.9334,0.0,Metal,Fd-3m,227,32
MgAl3SiTe2_id3186_E-1.93.cif,MgAl3SiTe2,-1.9327,2.34,Semiconductor,P2_1,4,14
Mg(Cd2S)2_id1677_E-1.93.cif,Mg(Cd2S)2,-1.9318,0.0,Metal,C222_1,20,28
LiZn2Ga_id718_E-1.93.cif,LiZn2Ga,-1.9315,0.0,Metal,Cmme,67,32
In6Ga2Sn_id2704_E-1.93.cif,In6Ga2Sn,-1.931,0.0,Metal,Pmna,53,18
K3Sn_id61_E-1.93.cif,K3Sn,-1.9296,0.0,Metal,Fm-3m,225,16
Mg2In_id3464_E-1.93.cif,Mg2In,-1.9293,0.0,Metal,Fm-3m,225,12
K3Ba6CaInTe_id2174_E-1.93.cif,K3Ba6CaInTe,-1.929,0.0,Metal,P-31c,163,24
Na2SrCdIn2Sb_id1211_E-1.93.cif,Na2SrCdIn2Sb,-1.9262,0.0,Metal,P-6m2,187,7
Zn2Cd3InSn2_id1541_E-1.93.cif,Zn2Cd3InSn2,-1.9261,0.0,Metal,P4_2/nmc,137,16
Ca(ZnGa)4_id2141_E-1.93.cif,Ca(ZnGa)4,-1.9251,0.0,Metal,P4_2/nmc,137,18
Sc4Ti(SeS10)2_id1777_E-1.92.cif,Sc4Ti(SeS10)2,-1.9232,1.746,Semiconductor,P-1,2,27
NaCdIn4_id2737_E-1.92.cif,NaCdIn4,-1.9228,0.0,Metal,P-1,2,12
Cd2InSn4_id681_E-1.92.cif,Cd2InSn4,-1.9225,0.0,Metal,Cmm2,35,14
KNa9Se2_id4494_E-1.92.cif,KNa9Se2,-1.9216,0.0,Metal,C2/c,15,48
K2ZnAs_id4878_E-1.92.cif,K2ZnAs,-1.9211,0.006,Metal,P3_221,154,12
Mg2In_id2240_E-1.92.cif,Mg2In,-1.9204,0.0,Metal,I4/mcm,140,12
Ca2Zn2In_id3320_E-1.92.cif,Ca2Zn2In,-1.9186,0.0,Metal,Pn-3m,224,10
Li4Al2Cd_id489_E-1.92.cif,Li4Al2Cd,-1.9178,0.0,Metal,I-42d,122,28
Ba12CdIn6_id4313_E-1.92.cif,Ba12CdIn6,-1.9176,0.0,Metal,P-43n,218,38
Na8Be12Zn6S5O6_id3555_E-1.92.cif,Na8Be12Zn6S5O6,-1.9157,0.253,Semiconductor,P1,1,37
Mg4BeAl2Zn_id3547_E-1.92.cif,Mg4BeAl2Zn,-1.9156,0.0,Metal,I4/mmm,139,16
Na2LiAl4_id436_E-1.92.cif,Na2LiAl4,-1.9153,0.0,Metal,Fd-3m,227,56
Mg2Cd2In6Ga2Sn6Ge_id1178_E-1.91.cif,Mg2Cd2In6Ga2Sn6Ge,-1.9126,0.06,Semiconductor,P6_4,172,57
Li(InGa)2_id4542_E-1.91.cif,Li(InGa)2,-1.9119,0.0,Metal,P4_2cm,101,40
NaIn_id4581_E-1.91.cif,NaIn,-1.9116,0.0,Metal,C222,21,16
Li2Mg4Sc3Cd_id1685_E-1.91.cif,Li2Mg4Sc3Cd,-1.9106,0.0,Metal,P4_2/mmc,131,20
LiCd2Sb_id3462_E-1.91.cif,LiCd2Sb,-1.9098,0.0,Metal,P-6m2,187,4
LiMg2TiZn_id605_E-1.91.cif,LiMg2TiZn,-1.9072,0.0,Metal,Pmmm,47,10
Al4Sn_id4621_E-1.90.cif,Al4Sn,-1.9048,0.0,Metal,P4_2/nmc,137,10
Ca_id494_E-1.90.cif,Ca,-1.9046,0.0,Metal,P2_12_12_1,19,8
Li2AlGa2Sn_id1209_E-1.90.cif,Li2AlGa2Sn,-1.9033,0.0,Metal,Pmc2_1,26,12
BaSr3ZnIn3Sn2_id3694_E-1.90.cif,BaSr3ZnIn3Sn2,-1.9022,0.0,Metal,P6_122,178,60
KNa7Sb2_id29_E-1.90.cif,KNa7Sb2,-1.9012,0.119,Semiconductor,P312,149,10
Li4Mg2AlGa2_id128_E-1.90.cif,Li4Mg2AlGa2,-1.9011,0.0,Metal,Cmce,64,36
Ba5Ge3_id2483_E-1.90.cif,Ba5Ge3,-1.9008,0.0,Metal,P-4n2,118,16
Be4AlZn2SiGe_id3672_E-1.90.cif,Be4AlZn2SiGe,-1.9003,0.0,Metal,Cmcm,63,36
Cd2InGeP_id2480_E-1.90.cif,Cd2InGeP,-1.8979,0.0,Metal,P4_2/mmc,131,10
NaZn6GaSnSb_id561_E-1.90.cif,NaZn6GaSnSb,-1.8978,0.0,Metal,P312,149,10
Na4Mg3(In2Sn)2_id672_E-1.90.cif,Na4Mg3(In2Sn)2,-1.8967,0.393,Semiconductor,P4_232,208,26
LiCa2Mg(CdSn)2_id2960_E-1.90.cif,LiCa2Mg(CdSn)2,-1.8964,0.0,Metal,Pbam,55,16
CaMg9Sn2_id3945_E-1.90.cif,CaMg9Sn2,-1.8952,0.01,Metal,P4_2bc,106,48
Na6ScAl_id2158_E-1.89.cif,Na6ScAl,-1.8941,0.0,Metal,Fm-3m,225,32
LiMg7Sn2_id4367_E-1.89.cif,LiMg7Sn2,-1.894,0.0,Metal,Fm-3m,225,40
BeZnSi_id384_E-1.89.cif,BeZnSi,-1.8935,0.247,Semiconductor,P4_132,213,24
K3Ba(Li3Ga)4_id2535_E-1.89.cif,K3Ba(Li3Ga)4,-1.8934,0.078,Semiconductor,Im-3,204,40
Ca4Mg7Sc3_id1199_E-1.89.cif,Ca4Mg7Sc3,-1.8927,0.0,Metal,Im-3m,229,28
Li4Al2Zn2In2Ga7_id4430_E-1.89.cif,Li4Al2Zn2In2Ga7,-1.8921,0.0,Metal,P-1,2,17
Mg2In_id3950_E-1.89.cif,Mg2In,-1.8906,0.0,Metal,Cmcm,63,24
Mg2Sn_id1794_E-1.89.cif,Mg2Sn,-1.8896,0.0,Metal,Iba2,45,12
BaNa3SrLi6(CdIn2)6_id4677_E-1.89.cif,BaNa3SrLi6(CdIn2)6,-1.8893,0.0,Metal,Pm-3,200,29
Na2Li4Mg3TiIn2_id4393_E-1.89.cif,Na2Li4Mg3TiIn2,-1.889,0.0,Metal,P-4m2,115,12
Mg9(Ga6C)2_id31_E-1.89.cif,Mg9(Ga6C)2,-1.8874,0.888,Semiconductor,P6/mcc,192,46
Li6ZnGa_id678_E-1.89.cif,Li6ZnGa,-1.8856,0.0,Metal,P-1,2,32
KTe9_id3346_E-1.89.cif,KTe9,-1.8852,0.458,Semiconductor,C2,5,20
K5NaLiGaGe3_id3956_E-1.88.cif,K5NaLiGaGe3,-1.8848,0.0,Metal,P3,143,11
ScBeZn4Ga2Si_id4208_E-1.88.cif,ScBeZn4Ga2Si,-1.8848,0.0,Metal,Amm2,38,18
ZnIn_id3206_E-1.88.cif,ZnIn,-1.8843,0.0,Metal,P4/mmm,123,8
Ga_id670_E-1.88.cif,Ga,-1.8842,0.0,Metal,P2_12_12_1,19,20
Ba_id3051_E-1.88.cif,Ba,-1.883,0.0,Metal,Im-3m,229,16
BeZn3Ga_id1910_E-1.88.cif,BeZn3Ga,-1.8815,0.0,Metal,P4mm,99,10
K4Sn3_id994_E-1.88.cif,K4Sn3,-1.8799,0.0,Metal,F-43m,216,56
Ba2CaCdIn2Ga_id3983_E-1.88.cif,Ba2CaCdIn2Ga,-1.8796,0.0,Metal,P4/mmm,123,7
Ca2ZnCdGaGe2_id902_E-1.88.cif,Ca2ZnCdGaGe2,-1.8793,0.0,Metal,P4nc,104,56
Ba4Sn2B_id679_E-1.88.cif,Ba4Sn2B,-1.8792,0.0,Metal,P4/mnc,128,14
LiIn4_id379_E-1.88.cif,LiIn4,-1.8781,0.0,Metal,P4_2/n,86,10
Na2InGa_id2550_E-1.88.cif,Na2InGa,-1.8777,0.048,Metal,P2/c,13,16
Ba2SiSn4Ge2Sb_id1099_E-1.88.cif,Ba2SiSn4Ge2Sb,-1.877,0.002,Metal,P6_122,178,60
MgZn4Ga3_id504_E-1.87.cif,MgZn4Ga3,-1.8747,0.0,Metal,P-4c2,116,16
Li2Mg2CdIn6_id3200_E-1.87.cif,Li2Mg2CdIn6,-1.8746,0.0,Metal,Fmmm,69,44
LiMg3Cd3Sn2_id639_E-1.87.cif,LiMg3Cd3Sn2,-1.8739,0.0,Metal,P-6m2,187,9
Li3(CdSn)2_id3273_E-1.87.cif,Li3(CdSn)2,-1.8725,0.0,Metal,P6/mmm,191,21
BaLi_id4288_E-1.87.cif,BaLi,-1.8708,0.0,Metal,Pm-3m,221,16
Zn4InGa2_id3584_E-1.87.cif,Zn4InGa2,-1.8707,0.0,Metal,I4/mcm,140,28
ScAl2Zn_id3053_E-1.87.cif,ScAl2Zn,-1.8705,0.0,Metal,P4_2cm,101,8
Cd2In2Ga_id1868_E-1.87.cif,Cd2In2Ga,-1.8699,0.0,Metal,Ccc2,37,40
Na3Mg4Ga3_id2956_E-1.87.cif,Na3Mg4Ga3,-1.8672,0.0,Metal,I-43d,220,40
LiMgZn2(CdGa2)2_id3492_E-1.87.cif,LiMgZn2(CdGa2)2,-1.8671,0.0,Metal,Immm,71,20
Mg3Ga_id2206_E-1.87.cif,Mg3Ga,-1.8667,0.0,Metal,P6_3/mmc,194,8
LiCa4Cd3_id2098_E-1.87.cif,LiCa4Cd3,-1.8661,0.0,Metal,Im-3m,229,16
Ca2Zn3Cd3Ga4_id1093_E-1.87.cif,Ca2Zn3Cd3Ga4,-1.8659,0.0,Metal,I4mm,107,48
Na6CaSi_id4544_E-1.87.cif,Na6CaSi,-1.8655,0.0,Metal,R-3,148,48
KLiZnCd2In12GaSnTeSe_id4590_E-1.86.cif,KLiZnCd2In12GaSnTeSe,-1.8646,0.0,Metal,P2_1,4,42
Zn5(Ga2Sn)2_id1607_E-1.86.cif,Zn5(Ga2Sn)2,-1.8643,0.0,Metal,Pcc2,27,22
In10Sn3Sb_id3241_E-1.86.cif,In10Sn3Sb,-1.8642,0.0,Metal,Pm-3,200,14
Li6CaIn16_id626_E-1.86.cif,Li6CaIn16,-1.8642,0.0,Metal,I23,197,46
KNa4Sn2Sb_id3480_E-1.86.cif,KNa4Sn2Sb,-1.8614,0.0,Metal,P4_2/m,84,16
Al3Ga11Si3_id4020_E-1.86.cif,Al3Ga11Si3,-1.8613,2.78,Semiconductor,P31m,157,17
Ga_id2630_E-1.86.cif,Ga,-1.8604,0.0,Metal,Pm-3n,223,12
LiZn2Cd4(GaSn)2_id4806_E-1.86.cif,LiZn2Cd4(GaSn)2,-1.8575,0.0,Metal,Pban,50,22
Mg5GaSn_id754_E-1.86.cif,Mg5GaSn,-1.857,0.0,Metal,I4mm,107,14
LiSiTe_id3807_E-1.86.cif,LiSiTe,-1.8566,0.589,Semiconductor,P4cc,103,24
SrGa15_id2799_E-1.86.cif,SrGa15,-1.8553,0.0,Metal,Imm2,44,32
MgIn_id2042_E-1.85.cif,MgIn,-1.854,0.0,Metal,P4_3,78,8
Zn3In11_id1688_E-1.85.cif,Zn3In11,-1.8537,0.0,Metal,P6_3cm,185,28
Li3TiZn12(InGa4)3_id1435_E-1.85.cif,Li3TiZn12(InGa4)3,-1.8527,0.0,Metal,Pm-3m,221,31
Ba2NaCa2Ti_id1534_E-1.85.cif,Ba2NaCa2Ti,-1.8523,0.0,Metal,P4/mbm,127,12
Al6ZnGa4_id2367_E-1.85.cif,Al6ZnGa4,-1.8516,0.0,Metal,P-62m,189,11
CdGa_id4578_E-1.85.cif,CdGa,-1.8514,0.0,Metal,P6_222,180,6
BaLi5Sn_id4877_E-1.85.cif,BaLi5Sn,-1.8502,0.0,Metal,P4/mmm,123,28
NaIn5_id2655_E-1.85.cif,NaIn5,-1.8496,0.0,Metal,I4_1/a,88,24
Sc3Zn9O2_id2634_E-1.85.cif,Sc3Zn9O2,-1.8459,0.0,Metal,Pm-3m,221,14
LiCdSn_id3856_E-1.85.cif,LiCdSn,-1.8458,0.0,Metal,P4_122,91,12
KNa2Ga2O_id1509_E-1.84.cif,KNa2Ga2O,-1.845,0.005,Metal,I4/mmm,139,12
Li4Zn4Ga_id4304_E-1.84.cif,Li4Zn4Ga,-1.8425,0.0,Metal,P-42_1c,114,18
AlZn2_id536_E-1.84.cif,AlZn2,-1.8405,0.0,Metal,Cmmm,65,12
Sr4Ga_id4125_E-1.84.cif,Sr4Ga,-1.8395,0.023,Metal,Ccce,68,20
K3Ba2O_id2469_E-1.84.cif,K3Ba2O,-1.8375,0.0,Metal,Pn-3m,224,12
Li12Ga8SiGe_id148_E-1.84.cif,Li12Ga8SiGe,-1.8371,0.0,Metal,P4/mcc,124,44
BaMg5Al_id1483_E-1.84.cif,BaMg5Al,-1.8366,0.0,Metal,I-4m2,119,14
K4Mg2InO2_id1741_E-1.84.cif,K4Mg2InO2,-1.8352,0.0,Metal,P4bm,100,18
Cd2Sn_id1449_E-1.84.cif,Cd2Sn,-1.835,0.0,Metal,P4/mmm,123,12
KLi2(CdSn)4_id2819_E-1.83.cif,KLi2(CdSn)4,-1.8344,0.0,Metal,I-4c2,120,44
LiMg2Cd2Sn_id4610_E-1.83.cif,LiMg2Cd2Sn,-1.8339,0.0,Metal,P2/m,10,6
ZnGa_id1136_E-1.83.cif,ZnGa,-1.833,0.0,Metal,P6_1,169,36
KSrMgZn2BO_id249_E-1.83.cif,KSrMgZn2BO,-1.8329,0.0,Metal,P6_5,170,42
BaLi6CaSc_id4955_E-1.83.cif,BaLi6CaSc,-1.8326,0.0,Metal,P-31c,163,18
Al2Zn4Cd(InGa)2_id1758_E-1.83.cif,Al2Zn4Cd(InGa)2,-1.8326,0.0,Metal,P2,3,11
Ca4MgCd3_id4300_E-1.83.cif,Ca4MgCd3,-1.8323,0.0,Metal,Im-3m,229,16
MgAlZn2O_id3341_E-1.83.cif,MgAlZn2O,-1.832,0.0,Metal,Cmc2_1,36,20
Mg2Te_id1244_E-1.83.cif,Mg2Te,-1.832,0.0,Metal,P4/m,83,12
Li4Be2NO12_id3288_E-1.83.cif,Li4Be2NO12,-1.8317,0.0,Metal,P4/mcc,124,38
KIn_id3356_E-1.83.cif,KIn,-1.8313,0.214,Semiconductor,Cmmm,65,16
ZnInGa_id3110_E-1.83.cif,ZnInGa,-1.8296,0.0,Metal,P4_2bc,106,24
K7CdSn3_id2246_E-1.83.cif,K7CdSn3,-1.8278,0.018,Metal,P-31c,163,22
Zn2As_id3319_E-1.83.cif,Zn2As,-1.8266,0.0,Metal,Pmmm,47,6
MgCd2In5_id3844_E-1.82.cif,MgCd2In5,-1.8246,0.0,Metal,C2/m,12,16
BaLi12(Cd2N)3_id1445_E-1.82.cif,BaLi12(Cd2N)3,-1.8235,0.0,Metal,Im-3,204,44
Li4ZnIn_id2126_E-1.82.cif,Li4ZnIn,-1.8226,0.0,Metal,Aem2,39,24
Li2Mg2Zn2In5Sn2_id1281_E-1.82.cif,Li2Mg2Zn2In5Sn2,-1.8217,0.0,Metal,P2_1/c,14,26
Ba2Mg_id2843_E-1.82.cif,Ba2Mg,-1.82,0.0,Metal,I4/mcm,140,12
Li19MgTiAl2Ga_id1385_E-1.82.cif,Li19MgTiAl2Ga,-1.8198,0.0,Metal,P2,3,24
Mg2TiZnCd2_id99_E-1.82.cif,Mg2TiZnCd2,-1.8196,0.0,Metal,Pmmm,47,6
Zn2Ga_id2916_E-1.82.cif,Zn2Ga,-1.8192,0.0,Metal,Ibam,72,24
Mg3Sc5_id1466_E-1.82.cif,Mg3Sc5,-1.8188,0.0,Metal,P-4c2,116,16
K2Ba3Sn_id3610_E-1.82.cif,K2Ba3Sn,-1.8183,0.0,Metal,Cmmm,65,12
Ca_id2616_E-1.82.cif,Ca,-1.8183,0.0,Metal,I4_1/acd,142,16
Al4Zn5_id4372_E-1.81.cif,Al4Zn5,-1.8139,0.0,Metal,P4_232,208,54
Ba2Sb3As2_id2007_E-1.81.cif,Ba2Sb3As2,-1.8129,1.962,Semiconductor,Pm,6,28
Li_id4681_E-1.81.cif,Li,-1.8125,0.0,Metal,I4_1/acd,142,48
Zn2Ga5_id1664_E-1.81.cif,Zn2Ga5,-1.812,0.0,Metal,P4_2/nnm,134,14
Zn3Sb_id3275_E-1.81.cif,Zn3Sb,-1.8108,0.0,Metal,P3_121,152,12
Mg2Cd3In2Sn_id2637_E-1.81.cif,Mg2Cd3In2Sn,-1.8106,0.0,Metal,Pbam,55,16
LiIn3_id4614_E-1.81.cif,LiIn3,-1.8096,0.0,Metal,Pm-3m,221,12
NaSr2CdSn_id1746_E-1.81.cif,NaSr2CdSn,-1.8095,0.0,Metal,Pnnn,48,20
Li2Be3Zn2GaSiSn_id3351_E-1.81.cif,Li2Be3Zn2GaSiSn,-1.8093,0.0,Metal,P4_3,78,40
Ga_id1128_E-1.81.cif,Ga,-1.8081,0.0,Metal,P3_212,153,3
In11Ga_id3981_E-1.81.cif,In11Ga,-1.807,0.607,Semiconductor,P6/mmm,191,12
KMg2Sn_id3484_E-1.81.cif,KMg2Sn,-1.8068,0.0,Metal,P4_122,91,16
Ga_id4655_E-1.80.cif,Ga,-1.8035,0.0,Metal,I4/mmm,139,8
Li(MgGa)4_id4536_E-1.80.cif,Li(MgGa)4,-1.8022,0.0,Metal,Ccce,68,36
Zn4GaB_id4361_E-1.80.cif,Zn4GaB,-1.8007,0.0,Metal,I2_12_12_1,24,48
SrCa5_id3007_E-1.80.cif,SrCa5,-1.8,0.0,Metal,P6/mmm,191,6
Cd4In3Ga2SnGe2_id4520_E-1.80.cif,Cd4In3Ga2SnGe2,-1.7993,0.0,Metal,Fmm2,42,48
ZnCdInGa_id3138_E-1.80.cif,ZnCdInGa,-1.7992,0.0,Metal,Cmme,67,16
LiCdIn2_id1424_E-1.80.cif,LiCdIn2,-1.7985,0.0,Metal,Pmma,51,8
Ba4(CaMg)3_id2761_E-1.80.cif,Ba4(CaMg)3,-1.797,0.0,Metal,I-43d,220,40
Li5Mg4In2Ga_id537_E-1.80.cif,Li5Mg4In2Ga,-1.7968,0.0,Metal,P-42_1c,114,24
BaMg_id4221_E-1.80.cif,BaMg,-1.7965,0.0,Metal,Pm-3m,221,16
Zn2B_id1680_E-1.80.cif,Zn2B,-1.796,0.387,Semiconductor,P6_422,181,9
Ca8Sc2GeP_id3038_E-1.80.cif,Ca8Sc2GeP,-1.7959,0.0,Metal,P1,1,24
K2Ga2Si_id3059_E-1.80.cif,K2Ga2Si,-1.7958,0.419,Semiconductor,I4/mmm,139,10
In8Sn_id1867_E-1.79.cif,In8Sn,-1.7948,0.0,Metal,P4_222,93,18
Li2Mg3ZnIn2_id3086_E-1.79.cif,Li2Mg3ZnIn2,-1.7914,0.0,Metal,Pbam,55,16
BaCa2_id3454_E-1.79.cif,BaCa2,-1.7887,0.0,Metal,P6/mmm,191,6
BaCa2_id2465_E-1.79.cif,BaCa2,-1.7887,0.0,Metal,P6/mmm,191,6
AlZn5(InGa)2_id3290_E-1.79.cif,AlZn5(InGa)2,-1.7878,0.0,Metal,I422,97,20
In_id2464_E-1.79.cif,In,-1.787,0.239,Semiconductor,P222,16,24
NaLi12Mg2Al2(In3Sn)2_id4122_E-1.79.cif,NaLi12Mg2Al2(In3Sn)2,-1.7865,0.0,Metal,P2,3,25
Ga3Si2GeSbTe_id2236_E-1.78.cif,Ga3Si2GeSbTe,-1.7846,1.06,Semiconductor,P4_32_12,96,32
MgIn_id2965_E-1.78.cif,MgIn,-1.7806,0.0,Metal,I-43d,220,24
Ba2SrAsP_id1778_E-1.78.cif,Ba2SrAsP,-1.7805,0.0,Metal,P4_2mc,105,20
NaLi4Mg3In_id4597_E-1.78.cif,NaLi4Mg3In,-1.7802,0.0,Metal,I-4m2,119,18
Al2Zn2InGe_id3534_E-1.78.cif,Al2Zn2InGe,-1.7795,0.0,Metal,P6_222,180,18
AlZn6Ga_id145_E-1.78.cif,AlZn6Ga,-1.7793,0.0,Metal,Pm-3,200,8
SrAl(Zn2Ga)4_id1169_E-1.78.cif,SrAl(Zn2Ga)4,-1.7792,0.0,Metal,I-4m2,119,28
Ba12Ca(ZnTe)4_id3348_E-1.78.cif,Ba12Ca(ZnTe)4,-1.7772,0.0,Metal,P4_2/n,86,42
Li5Zn3Ga_id1496_E-1.78.cif,Li5Zn3Ga,-1.7764,0.0,Metal,I4/mcm,140,36
ZnCd2Sb_id2072_E-1.78.cif,ZnCd2Sb,-1.7757,0.0,Metal,I4/mmm,139,8
Na2CaIn3_id2611_E-1.78.cif,Na2CaIn3,-1.7757,0.0,Metal,P4/mmm,123,6
NaIn4_id2512_E-1.78.cif,NaIn4,-1.7752,0.0,Metal,P4_2/n,86,10
Mg(ZnGa)4_id3963_E-1.78.cif,Mg(ZnGa)4,-1.775,0.0,Metal,P4_2/nmc,137,18
Ba2BeB_id876_E-1.77.cif,Ba2BeB,-1.7747,0.0,Metal,P6_422,181,12
Sr2Ca3In_id3562_E-1.77.cif,Sr2Ca3In,-1.7744,0.039,Metal,Pbam,55,12
CdIn_id3416_E-1.77.cif,CdIn,-1.7741,0.0,Metal,P4/nmm,129,8
LiAlZn4_id3784_E-1.77.cif,LiAlZn4,-1.7737,0.0,Metal,I422,97,12
Li3Cd2_id4639_E-1.77.cif,Li3Cd2,-1.7735,0.083,Semiconductor,F-43m,216,40
CdGa_id2590_E-1.77.cif,CdGa,-1.7734,0.0,Metal,Cmcm,63,24
CdIn_id1143_E-1.77.cif,CdIn,-1.7731,0.0,Metal,P4/nmm,129,8
GeSb6Te_id3037_E-1.77.cif,GeSb6Te,-1.773,0.0,Metal,I4/mmm,139,16
Na2SnSb2Se3_id2261_E-1.77.cif,Na2SnSb2Se3,-1.7723,3.891,Insulator,P4/mmm,123,8
MgGa_id3070_E-1.77.cif,MgGa,-1.772,0.0,Metal,P4_32_12,96,8
Ba3Sr5Ca3_id2485_E-1.77.cif,Ba3Sr5Ca3,-1.7717,0.0,Metal,P-6m2,187,11
Mg7In_id1915_E-1.77.cif,Mg7In,-1.7711,0.0,Metal,Fm-3m,225,32
LiCd3In5_id913_E-1.77.cif,LiCd3In5,-1.7708,0.0,Metal,Pmna,53,18
Ti3Zn7_id3115_E-1.77.cif,Ti3Zn7,-1.7696,0.137,Semiconductor,Pm-3,200,10
Mg4(ZnGa)3_id1486_E-1.77.cif,Mg4(ZnGa)3,-1.7691,0.0,Metal,Pbam,55,20
Ba4Mg3Zn_id3213_E-1.77.cif,Ba4Mg3Zn,-1.769,0.0,Metal,Im-3m,229,16
Ba2MgCd_id1996_E-1.77.cif,Ba2MgCd,-1.7689,0.0,Metal,Fm-3m,225,16
Al2Zn9Ga7S2_id1907_E-1.77.cif,Al2Zn9Ga7S2,-1.7688,0.0,Metal,P-1,2,20
LiAl5InSb_id2137_E-1.77.cif,LiAl5InSb,-1.7685,0.0,Metal,P2_1/m,11,16
Na7CaInSb_id1791_E-1.77.cif,Na7CaInSb,-1.7684,0.024,Metal,P312,149,10
Mg4Sc3ZnGa4_id233_E-1.77.cif,Mg4Sc3ZnGa4,-1.768,0.0,Metal,F-43m,216,48
Al(Zn2Ga)2_id1233_E-1.77.cif,Al(Zn2Ga)2,-1.7677,0.0,Metal,Pnnn,48,28
ZnGa_id2951_E-1.77.cif,ZnGa,-1.7676,0.0,Metal,Immm,71,8
CdIn_id4690_E-1.77.cif,CdIn,-1.7676,0.0,Metal,I4_1/acd,142,32
Ba_id1098_E-1.77.cif,Ba,-1.7671,0.0,Metal,P-31m,162,12
Li2CaZn2_id3228_E-1.77.cif,Li2CaZn2,-1.7661,0.0,Metal,I4/mcm,140,20
Mg3AlZn4_id4966_E-1.77.cif,Mg3AlZn4,-1.766,0.0,Metal,Im-3m,229,16
MgCdAs2_id4101_E-1.76.cif,MgCdAs2,-1.7649,0.0,Metal,Pccm,49,8
Ca11Mg_id3798_E-1.76.cif,Ca11Mg,-1.7643,0.0,Metal,P-31m,162,12
Ba2Sr2Ca4Mg_id4946_E-1.76.cif,Ba2Sr2Ca4Mg,-1.7643,0.0,Metal,P4/mmm,123,9
Sr2Li5Mg5(In2Sn)2_id2980_E-1.76.cif,Sr2Li5Mg5(In2Sn)2,-1.7643,0.082,Semiconductor,P-1,2,18
ZnGa2Sn_id3951_E-1.76.cif,ZnGa2Sn,-1.764,0.0,Metal,P4_2/mcm,132,8
Mg2In_id79_E-1.76.cif,Mg2In,-1.7639,0.0,Metal,I4_1/acd,142,24
Mg7InSn_id3597_E-1.76.cif,Mg7InSn,-1.7637,0.0,Metal,P-6m2,187,9
Zn3GaSb_id3864_E-1.76.cif,Zn3GaSb,-1.7637,0.0,Metal,Pccm,49,10
In4Sn_id3343_E-1.76.cif,In4Sn,-1.7635,0.0,Metal,P-43m,215,5
K6Na7ZnGa2GeSbAs3_id1148_E-1.76.cif,K6Na7ZnGa2GeSbAs3,-1.7624,0.798,Semiconductor,P1,1,21
K4Ti2Si_id921_E-1.76.cif,K4Ti2Si,-1.7622,0.453,Semiconductor,P4/mcc,124,28
Li6Zn5Cd2(GaTe2)2_id4097_E-1.76.cif,Li6Zn5Cd2(GaTe2)2,-1.7617,0.0,Metal,Immm,71,38
Na2Be2AlGaGe_id3606_E-1.76.cif,Na2Be2AlGaGe,-1.7614,0.95,Semiconductor,P3_112,151,21
K(Zn3Ga7)2_id868_E-1.76.cif,K(Zn3Ga7)2,-1.7602,0.0,Metal,Pmna,53,42
MgCd3GaSn_id3216_E-1.76.cif,MgCd3GaSn,-1.7583,0.0,Metal,P-1,2,12
ZnCd2Ga5_id1682_E-1.76.cif,ZnCd2Ga5,-1.7581,0.0,Metal,Cmcm,63,32
Zn2B_id235_E-1.76.cif,Zn2B,-1.7572,0.111,Semiconductor,P6_422,181,9
Mg5(Zn2Ge)4_id4199_E-1.76.cif,Mg5(Zn2Ge)4,-1.7568,0.0,Metal,I422,97,34
Cd2InSn_id550_E-1.76.cif,Cd2InSn,-1.7565,0.0,Metal,P6_3/mmc,194,8
Mg3Zn4Sn_id4051_E-1.76.cif,Mg3Zn4Sn,-1.7556,0.0,Metal,Im-3m,229,16
Cd2Sn_id4995_E-1.75.cif,Cd2Sn,-1.7548,0.0,Metal,I4/mmm,139,6
K3Na6(LiAs)2_id1642_E-1.75.cif,K3Na6(LiAs)2,-1.7539,0.869,Semiconductor,R-3,148,39
Mg4In7_id2253_E-1.75.cif,Mg4In7,-1.7531,0.0,Metal,P4_22_12,94,22
MgZnIn_id1149_E-1.75.cif,MgZnIn,-1.7528,0.0,Metal,F-43m,216,12
Li(MgIn)2_id4657_E-1.75.cif,Li(MgIn)2,-1.7527,0.0,Metal,Imm2,44,10
BaNa2(CdIn)2_id2786_E-1.75.cif,BaNa2(CdIn)2,-1.7527,0.0,Metal,I4/mmm,139,14
BaCd_id3308_E-1.75.cif,BaCd,-1.7524,0.0,Metal,Pm-3m,221,16
Li2MgZnSn_id950_E-1.75.cif,Li2MgZnSn,-1.7516,0.0,Metal,P4_2/mmc,131,10
Na7In3_id716_E-1.75.cif,Na7In3,-1.751,0.453,Semiconductor,I-43d,220,40
Ca4Zn_id4140_E-1.75.cif,Ca4Zn,-1.7509,0.0,Metal,I4_1/a,88,20
Zn3Ga2_id1695_E-1.75.cif,Zn3Ga2,-1.7499,0.0,Metal,P4/mmm,123,5
Ba2Cd_id4046_E-1.75.cif,Ba2Cd,-1.7496,0.0,Metal,Fm-3m,225,12
Mg4ScAl_id281_E-1.75.cif,Mg4ScAl,-1.7485,0.0,Metal,P2_12_12_1,19,24
K4Na3Sn2_id1459_E-1.75.cif,K4Na3Sn2,-1.7479,0.943,Semiconductor,P4/ncc,130,36
Na12Li8Zn4Cd12In4Si5Te4SO_id1628_E-1.75.cif,Na12Li8Zn4Cd12In4Si5Te4SO,-1.7478,1.858,Semiconductor,P4,75,51
Li3ZnCdGa2_id55_E-1.75.cif,Li3ZnCdGa2,-1.7471,0.0,Metal,Pmna,53,14
LiMg(Cd2In3)2_id3218_E-1.75.cif,LiMg(Cd2In3)2,-1.7465,0.0,Metal,I4/mmm,139,48
Na7In3_id2973_E-1.75.cif,Na7In3,-1.7461,0.599,Semiconductor,I-43d,220,40
SrMg8Al_id2376_E-1.74.cif,SrMg8Al,-1.7446,0.0,Metal,P-6m2,187,10
Ba2SrMg_id1568_E-1.74.cif,Ba2SrMg,-1.7442,0.0,Metal,Fm-3m,225,16
Li4Cd_id3786_E-1.74.cif,Li4Cd,-1.7441,0.0,Metal,P2/c,13,10
Mg3Ga_id1131_E-1.74.cif,Mg3Ga,-1.7429,0.0,Metal,P6/mcc,192,32
Ba6SrMg_id1745_E-1.74.cif,Ba6SrMg,-1.7412,0.0,Metal,P-31c,163,16
Li3Zn2Cd2Ga_id757_E-1.74.cif,Li3Zn2Cd2Ga,-1.7403,0.0,Metal,Ibam,72,32
SrCa2Zn4InSe4_id3370_E-1.74.cif,SrCa2Zn4InSe4,-1.7396,0.986,Semiconductor,I4/mcm,140,48
Ba_id2341_E-1.74.cif,Ba,-1.739,0.0,Metal,P-31m,162,12
Ba4Zn3Cd_id159_E-1.74.cif,Ba4Zn3Cd,-1.7382,0.0,Metal,Im-3m,229,16
Li2Mg10Sc5Cd12(In4Sn)2_id1921_E-1.74.cif,Li2Mg10Sc5Cd12(In4Sn)2,-1.7357,0.0,Metal,P-1,2,39
KLiGaSn2_id2048_E-1.74.cif,KLiGaSn2,-1.7353,0.0,Metal,I2_12_12_1,24,20
LiAlZn6_id529_E-1.74.cif,LiAlZn6,-1.7352,0.0,Metal,Fm-3m,225,32
Ba2NaLi_id1824_E-1.73.cif,Ba2NaLi,-1.7326,0.0,Metal,Fm-3m,225,16
BaLi8Cd_id3164_E-1.73.cif,BaLi8Cd,-1.7323,0.0,Metal,P4/nbm,125,20
Ba3Li4_id1404_E-1.73.cif,Ba3Li4,-1.7323,0.0,Metal,P4/nbm,125,14
Ba2CaZn_id1079_E-1.73.cif,Ba2CaZn,-1.7322,0.0,Metal,Fm-3m,225,16
Ca2Mg3_id2396_E-1.73.cif,Ca2Mg3,-1.7298,0.0,Metal,I-4m2,119,20
Cd2As_id309_E-1.73.cif,Cd2As,-1.7287,0.0,Metal,Pca2_1,29,12
Ca3(SiGe)2_id2994_E-1.73.cif,Ca3(SiGe)2,-1.7284,0.182,Semiconductor,Pm,6,7
Li2Cd_id4155_E-1.73.cif,Li2Cd,-1.7282,0.0,Metal,I4/mcm,140,12
Li2Zn2Ga_id656_E-1.73.cif,Li2Zn2Ga,-1.7265,0.0,Metal,I4/mcm,140,20
CdTe_id80_E-1.73.cif,CdTe,-1.7265,0.452,Semiconductor,P4_2/mmc,131,8
Sr4Li3Cd_id938_E-1.73.cif,Sr4Li3Cd,-1.7253,0.0,Metal,Im-3m,229,16
Mg4Cd3Sn_id553_E-1.73.cif,Mg4Cd3Sn,-1.7252,0.0,Metal,Im-3m,229,16
Zn4Ge_id1007_E-1.72.cif,Zn4Ge,-1.7232,0.0,Metal,Pbam,55,20
KBaNaCdIn2_id3399_E-1.72.cif,KBaNaCdIn2,-1.7223,0.0,Metal,P4_3,78,24
LiAl3Zn8_id2127_E-1.72.cif,LiAl3Zn8,-1.7219,0.0,Metal,I422,97,24
Ca_id2077_E-1.72.cif,Ca,-1.7217,0.0,Metal,Cccm,66,52
Na4Cd4In16Ga_id1345_E-1.72.cif,Na4Cd4In16Ga,-1.721,0.0,Metal,P2_1/c,14,50
BaMg4(CdIn)2_id2499_E-1.72.cif,BaMg4(CdIn)2,-1.7183,0.0,Metal,I4/mcm,140,36
BaLi4_id4849_E-1.72.cif,BaLi4,-1.717,0.0,Metal,P4_2/nmc,137,10
ScZnCdIn3Ga5Sn_id3519_E-1.72.cif,ScZnCdIn3Ga5Sn,-1.7169,0.0,Metal,P4_3,78,48
NaLi4In2SnSb_id2907_E-1.72.cif,NaLi4In2SnSb,-1.7164,0.0,Metal,Pmna,53,18
LiCaCd2_id4029_E-1.71.cif,LiCaCd2,-1.7148,0.005,Metal,P4/mmm,123,4
LiCaMg_id4377_E-1.71.cif,LiCaMg,-1.7147,0.0,Metal,Ibca,73,24
Mg3Ga_id2066_E-1.71.cif,Mg3Ga,-1.7145,0.0,Metal,P6_322,182,16
SrCa3TiAs_id1786_E-1.71.cif,SrCa3TiAs,-1.7129,0.0,Metal,P6_3/mmc,194,24
LiZn10(Ga2Si)2_id3362_E-1.71.cif,LiZn10(Ga2Si)2,-1.7126,0.0,Metal,I422,97,34
Ba_id3770_E-1.71.cif,Ba,-1.7122,0.0,Metal,Fm-3m,225,12
Li2Mg5Sn_id2748_E-1.71.cif,Li2Mg5Sn,-1.7118,0.0,Metal,Cmmm,65,16
Ba_id4213_E-1.71.cif,Ba,-1.7116,0.0,Metal,P-31m,162,12
MgCdIn_id1019_E-1.71.cif,MgCdIn,-1.7111,0.0,Metal,Ibca,73,24
K3AlZn6(InGa)2_id111_E-1.71.cif,K3AlZn6(InGa)2,-1.7101,0.0,Metal,P321,150,14
Li3Zn2CdGa2_id4686_E-1.71.cif,Li3Zn2CdGa2,-1.7093,0.0,Metal,P-4m2,115,8
Sc5CdIn_id527_E-1.71.cif,Sc5CdIn,-1.709,0.155,Semiconductor,P4/mmm,123,7
NaLiCa3_id4787_E-1.71.cif,NaLiCa3,-1.7068,0.0,Metal,I4_132,214,40
BaCa2Zn_id3195_E-1.71.cif,BaCa2Zn,-1.7065,0.0,Metal,Fm-3m,225,16
Li4Ca_id3716_E-1.71.cif,Li4Ca,-1.7057,0.0,Metal,R-3m,166,15
KNaCd3In3Sn_id3890_E-1.71.cif,KNaCd3In3Sn,-1.705,0.0,Metal,P6_1,169,54
K2Na2BeCdGaTe_id975_E-1.70.cif,K2Na2BeCdGaTe,-1.7048,0.933,Semiconductor,P6,168,48
K6BaZn2(InTe)2_id1183_E-1.70.cif,K6BaZn2(InTe)2,-1.7044,3.878,Insulator,Cmc2_1,36,52
LiAl4Zn4Cd4InGa5_id467_E-1.70.cif,LiAl4Zn4Cd4InGa5,-1.7042,0.0,Metal,I-4,82,38
Sr3CdIn_id4735_E-1.70.cif,Sr3CdIn,-1.702,0.0,Metal,Pm-3m,221,5
Li17Mg2Al2(Zn2In3)2_id4067_E-1.70.cif,Li17Mg2Al2(Zn2In3)2,-1.7014,0.0,Metal,P-1,2,31
Mg7Al2_id1255_E-1.70.cif,Mg7Al2,-1.7012,0.0,Metal,Fmm2,42,36
SrCa2Cd_id4696_E-1.70.cif,SrCa2Cd,-1.7009,0.0,Metal,Fm-3m,225,16
Al3Zn6Ga23Sn3_id809_E-1.70.cif,Al3Zn6Ga23Sn3,-1.6999,0.0,Metal,P6,168,35
LiIn4_id136_E-1.70.cif,LiIn4,-1.6993,0.0,Metal,P4_332,212,20
KZnIn2_id566_E-1.70.cif,KZnIn2,-1.6983,0.024,Metal,P4/mmm,123,4
NaLiGa_id118_E-1.70.cif,NaLiGa,-1.6971,0.0,Metal,P4_122,91,12
Sr2Ca5_id288_E-1.69.cif,Sr2Ca5,-1.6938,0.0,Metal,P2/m,10,7
LiAlZn4_id687_E-1.69.cif,LiAlZn4,-1.6935,0.0,Metal,Ibam,72,24
KCdIn_id4937_E-1.69.cif,KCdIn,-1.6932,0.0,Metal,P-6m2,187,3
Ba2Mg2Cd3(InGa)2_id1851_E-1.69.cif,Ba2Mg2Cd3(InGa)2,-1.6928,0.0,Metal,Fmmm,69,44
KMg4Cd4(In4Ga)2_id3413_E-1.69.cif,KMg4Cd4(In4Ga)2,-1.6928,0.0,Metal,I-4m2,119,38
LiBe3(AlZn2)2_id1660_E-1.69.cif,LiBe3(AlZn2)2,-1.6923,2.883,Semiconductor,P-1,2,20
LiCaGa_id2548_E-1.69.cif,LiCaGa,-1.6909,0.0,Metal,P4_2/nnm,134,24
Li4Zn12InSn3_id2710_E-1.69.cif,Li4Zn12InSn3,-1.6894,0.0,Metal,Im-3m,229,40
Na2MgIn2_id164_E-1.69.cif,Na2MgIn2,-1.6885,0.508,Semiconductor,Cmce,64,20
BaNaCd(TeS)2_id1811_E-1.69.cif,BaNaCd(TeS)2,-1.6885,0.269,Semiconductor,P2_1/m,11,14
NaSr7Li4CdGa3_id4145_E-1.69.cif,NaSr7Li4CdGa3,-1.6884,4.784,Insulator,P-6m2,187,16
Li6TiAl_id4559_E-1.68.cif,Li6TiAl,-1.6844,0.006,Metal,Fm-3m,225,32
Li19Cd9Sn2_id3978_E-1.68.cif,Li19Cd9Sn2,-1.6834,0.0,Metal,P-31m,162,30
Be3Cd3P_id385_E-1.68.cif,Be3Cd3P,-1.6829,0.281,Semiconductor,Pm-3n,223,14
P4C_id1004_E-1.68.cif,P4C,-1.6828,0.643,Semiconductor,I4_1/amd,141,20
NaCa6AsN2_id2800_E-1.68.cif,NaCa6AsN2,-1.6828,0.0,Metal,P1,1,20
Ba_id2858_E-1.68.cif,Ba,-1.6825,0.0,Metal,C2/m,12,10
K3In2_id1341_E-1.68.cif,K3In2,-1.6802,0.279,Semiconductor,I4/mmm,139,20
Ba_id3866_E-1.68.cif,Ba,-1.6794,0.0,Metal,P4_132,213,20
Zn2Sn_id1005_E-1.68.cif,Zn2Sn,-1.6793,0.0,Metal,Pn-3m,224,6
Mg(ZnGa)2_id2620_E-1.68.cif,Mg(ZnGa)2,-1.679,0.0,Metal,P2/c,13,20
Li8Zn5Ga4_id728_E-1.68.cif,Li8Zn5Ga4,-1.6781,0.0,Metal,P-1,2,17
Ba2Sr2Ca4Mg(CdSi)2_id1083_E-1.68.cif,Ba2Sr2Ca4Mg(CdSi)2,-1.678,0.0,Metal,P4/mnc,128,52
Li6Zn3B_id1649_E-1.68.cif,Li6Zn3B,-1.6774,1.663,Semiconductor,P6_3/m,176,20
Li_id623_E-1.68.cif,Li,-1.6773,0.0,Metal,I4_1/acd,142,48
SrMg_id2672_E-1.68.cif,SrMg,-1.6763,0.0,Metal,Pm-3m,221,16
BaNa4Ge_id421_E-1.68.cif,BaNa4Ge,-1.6752,0.811,Semiconductor,Pnn2,34,12
Mg4TiZn5Te4_id620_E-1.67.cif,Mg4TiZn5Te4,-1.6741,0.0,Metal,P4_2/n,86,28
BaSr2Mg_id4595_E-1.67.cif,BaSr2Mg,-1.674,0.0,Metal,Fm-3m,225,16
LiMg3CdGa_id4694_E-1.67.cif,LiMg3CdGa,-1.6728,0.0,Metal,I4mm,107,12
K4Li4Zn4Ga4Sn_id3369_E-1.67.cif,K4Li4Zn4Ga4Sn,-1.6722,0.0,Metal,Pban,50,34
Na2TiZn4Te_id352_E-1.67.cif,Na2TiZn4Te,-1.6719,0.0,Metal,P4_2/mcm,132,16
BaLi3_id2305_E-1.67.cif,BaLi3,-1.671,0.0,Metal,P-6c2,188,16
Li3Cd2_id328_E-1.67.cif,Li3Cd2,-1.6678,0.004,Metal,Cmce,64,20
BaCa3_id4467_E-1.67.cif,BaCa3,-1.6672,0.0,Metal,P6/mmm,191,12
Na3In2_id4785_E-1.67.cif,Na3In2,-1.6671,0.0,Metal,P6/mmm,191,10
CdIn6_id2287_E-1.67.cif,CdIn6,-1.6669,0.0,Metal,Pmma,51,14
Na4Li(ZnSn)2_id1657_E-1.67.cif,Na4Li(ZnSn)2,-1.6656,0.0,Metal,P4_2/mcm,132,18
CaZnCd_id2442_E-1.66.cif,CaZnCd,-1.6627,0.058,Semiconductor,P6_3/mmc,194,6
Ca4Mg3Zn3Ga4_id3794_E-1.66.cif,Ca4Mg3Zn3Ga4,-1.6616,0.0,Metal,I-43d,220,56
Sr_id3632_E-1.66.cif,Sr,-1.6608,0.0,Metal,Imma,74,8
Cd2In5_id3918_E-1.66.cif,Cd2In5,-1.6607,0.0,Metal,Fmmm,69,28
Sr4Zn4Ga_id283_E-1.66.cif,Sr4Zn4Ga,-1.6601,0.0,Metal,P-42_1c,114,18
Na11(InSn)2_id4073_E-1.66.cif,Na11(InSn)2,-1.6598,0.071,Semiconductor,P3_112,151,45
K19Cd6Sn7Sb3_id4026_E-1.66.cif,K19Cd6Sn7Sb3,-1.6589,0.241,Semiconductor,P6,168,35
KGa_id3148_E-1.66.cif,KGa,-1.6552,0.001,Metal,P4_2/mbc,135,32
Li12CaMg6In_id1384_E-1.65.cif,Li12CaMg6In,-1.6548,0.0,Metal,Pm-3,200,20
In_id2758_E-1.65.cif,In,-1.6544,0.0,Metal,Pm-3n,223,12
Na2Sr2Cd2Sn_id30_E-1.65.cif,Na2Sr2Cd2Sn,-1.6541,0.0,Metal,P4_22_12,94,28
CaAlZnCd4_id1730_E-1.65.cif,CaAlZnCd4,-1.6522,0.0,Metal,I-4m2,119,14
BaSrIn2Ga_id3561_E-1.65.cif,BaSrIn2Ga,-1.6519,0.0,Metal,Pcc2,27,20
Li8Mg_id3852_E-1.65.cif,Li8Mg,-1.6518,0.0,Metal,P6/mcc,192,36
Mg3Zn2Ga_id1549_E-1.65.cif,Mg3Zn2Ga,-1.6511,0.0,Metal,Immm,71,12
Mg(ZnIn)3_id759_E-1.65.cif,Mg(ZnIn)3,-1.6487,0.0,Metal,Pm-3n,223,14
K4Ti2SnGe2_id1359_E-1.65.cif,K4Ti2SnGe2,-1.6482,0.0,Metal,Ccce,68,36
Zn2In3Ga5_id3886_E-1.65.cif,Zn2In3Ga5,-1.6481,0.0,Metal,Cmm2,35,20
Cd3Sn_id1617_E-1.65.cif,Cd3Sn,-1.6474,0.0,Metal,Pm-3n,223,8
Mg4Al_id1242_E-1.65.cif,Mg4Al,-1.6473,0.0,Metal,Ccce,68,20
Zn5Ga3_id1204_E-1.65.cif,Zn5Ga3,-1.6472,0.0,Metal,P-4m2,115,8
Ba4AlZn4_id930_E-1.65.cif,Ba4AlZn4,-1.6468,0.0,Metal,P4_2/nmc,137,18
Na2Al(Zn2Ga)2_id1599_E-1.65.cif,Na2Al(Zn2Ga)2,-1.6463,0.0,Metal,Ibam,72,36
AlZn5Sn_id2675_E-1.65.cif,AlZn5Sn,-1.6458,0.0,Metal,I422,97,28
K4NaGa3_id3682_E-1.65.cif,K4NaGa3,-1.6457,0.0,Metal,Im-3m,229,16
LiTi2Zn8Cd5(In2Ga)2_id2985_E-1.65.cif,LiTi2Zn8Cd5(In2Ga)2,-1.6453,0.0,Metal,P2_12_12,18,44
Cd4Si_id2695_E-1.64.cif,Cd4Si,-1.6447,0.0,Metal,P-42_1c,114,10
Mg7In2_id2731_E-1.64.cif,Mg7In2,-1.6441,0.0,Metal,Amm2,38,18
SrCd_id2936_E-1.64.cif,SrCd,-1.644,0.0,Metal,Pm-3m,221,16
CaAlCd2In3_id2044_E-1.64.cif,CaAlCd2In3,-1.6438,0.0,Metal,P2/m,10,7
Al(ZnGa)2_id3646_E-1.64.cif,Al(ZnGa)2,-1.6435,0.0,Metal,Pmmn,59,10
Li6Zn2Si3_id2069_E-1.64.cif,Li6Zn2Si3,-1.6416,0.0,Metal,P6_3/mcm,193,22
In7TeS4_id3064_E-1.64.cif,In7TeS4,-1.6377,1.196,Semiconductor,F-43m,216,48
Na2Al_id4816_E-1.64.cif,Na2Al,-1.6373,0.0,Metal,Pa-3,205,12
BaSr2CdGa4_id1855_E-1.64.cif,BaSr2CdGa4,-1.6372,0.0,Metal,I4/mcm,140,32
Cd2Sn_id3052_E-1.64.cif,Cd2Sn,-1.6363,0.0,Metal,P4/mmm,123,12
Li2Mg2BeZn_id1829_E-1.64.cif,Li2Mg2BeZn,-1.6351,0.0,Metal,Pnnm,58,12
Zn2In_id771_E-1.63.cif,Zn2In,-1.6344,0.0,Metal,Pbam,55,12
Ba2Na2Sr2ZnSn_id615_E-1.63.cif,Ba2Na2Sr2ZnSn,-1.6324,0.0,Metal,Cmcm,63,32
LiMg2Cd_id1853_E-1.63.cif,LiMg2Cd,-1.6322,0.0,Metal,Fm-3m,225,16
K2Na6Li2GaAs_id885_E-1.63.cif,K2Na6Li2GaAs,-1.6321,0.498,Semiconductor,P3_112,151,36
BaNaIn_id1990_E-1.63.cif,BaNaIn,-1.6319,0.0,Metal,C222,21,12
Ba2SrCa7_id1062_E-1.63.cif,Ba2SrCa7,-1.6318,0.0,Metal,C2/m,12,20
NaAl2(ZnGa2)2_id2713_E-1.63.cif,NaAl2(ZnGa2)2,-1.6311,0.0,Metal,P3_212,153,27
Li5Ca(ZnSn)2_id3182_E-1.63.cif,Li5Ca(ZnSn)2,-1.6307,0.0,Metal,I4/mcm,140,40
Mg3Cd3In6Ga_id3313_E-1.63.cif,Mg3Cd3In6Ga,-1.6305,0.0,Metal,P31c,159,26
BaSr2_id228_E-1.63.cif,BaSr2,-1.6295,0.0,Metal,I4/mcm,140,12
K3(NaTe)2_id4666_E-1.63.cif,K3(NaTe)2,-1.6293,0.066,Semiconductor,P4bm,100,14
Ba2Na4Mg3Sb_id3463_E-1.63.cif,Ba2Na4Mg3Sb,-1.6293,0.0,Metal,Cmmm,65,20
NaLi2MgCdGa_id2696_E-1.63.cif,NaLi2MgCdGa,-1.6293,0.0,Metal,P4mm,99,6
BaNa(AlCd3)2_id3472_E-1.63.cif,BaNa(AlCd3)2,-1.6291,0.0,Metal,P321,150,10
Ca_id4556_E-1.63.cif,Ca,-1.6289,0.0,Metal,Fm-3m,225,12
LiSc3Zn8Ga3_id2668_E-1.63.cif,LiSc3Zn8Ga3,-1.627,0.0,Metal,Pm,6,15
Cd2Sn_id2914_E-1.63.cif,Cd2Sn,-1.6265,0.016,Metal,Pn-3m,224,6
AlCd4In_id3281_E-1.62.cif,AlCd4In,-1.6243,0.0,Metal,P4/nbm,125,12
MgGa_id858_E-1.62.cif,MgGa,-1.623,0.0,Metal,P4_232,208,24
Ba(AlZn)2_id4922_E-1.62.cif,Ba(AlZn)2,-1.6213,0.0,Metal,I-4c2,120,20
Li3Mg6In_id3736_E-1.62.cif,Li3Mg6In,-1.6209,0.0,Metal,Pm-3m,221,30
K2Ba2Na4LiCa(InGa)2_id3835_E-1.62.cif,K2Ba2Na4LiCa(InGa)2,-1.6196,0.238,Semiconductor,P6_2,171,42
Ba2Sr3Ca_id1252_E-1.62.cif,Ba2Sr3Ca,-1.6187,0.0,Metal,P6/mmm,191,6
Ca2Mg2Sn_id2019_E-1.62.cif,Ca2Mg2Sn,-1.618,0.0,Metal,Imma,74,20
Mg2In_id907_E-1.62.cif,Mg2In,-1.6174,0.0,Metal,P4_2/nmc,137,12
Li3Cd2Sn_id2954_E-1.62.cif,Li3Cd2Sn,-1.6173,0.0,Metal,Pmmm,47,6
LiMg2Cd2In_id2565_E-1.62.cif,LiMg2Cd2In,-1.6172,0.0,Metal,Cmmm,65,12
LiZn_id339_E-1.62.cif,LiZn,-1.617,0.0,Metal,P6/mmm,191,8
Li3Zn4_id2553_E-1.62.cif,Li3Zn4,-1.6158,0.0,Metal,I-43d,220,28
Na2LiIn12_id4526_E-1.62.cif,Na2LiIn12,-1.6156,0.0,Metal,P4_232,208,30
BaIn2_id1674_E-1.61.cif,BaIn2,-1.6138,0.0,Metal,P6/mcc,192,36
Mg3Zn4In4Ga_id1506_E-1.61.cif,Mg3Zn4In4Ga,-1.6134,0.0,Metal,P4_2/m,84,24
Na2As_id3469_E-1.61.cif,Na2As,-1.6125,0.029,Metal,P4/mmm,123,12
K2Li2ScZn2_id1406_E-1.61.cif,K2Li2ScZn2,-1.6124,0.001,Metal,P4/ncc,130,56
MgCd2Ga_id3960_E-1.61.cif,MgCd2Ga,-1.6117,0.0,Metal,P4_2/mmc,131,8
K4Ba5(CdIn2)4_id2045_E-1.61.cif,K4Ba5(CdIn2)4,-1.6106,0.0,Metal,P4_2/n,86,42
Li3Mg4Cd2(Ga2Sn)2_id4978_E-1.61.cif,Li3Mg4Cd2(Ga2Sn)2,-1.6101,0.0,Metal,Cmce,64,60
Zn2InGa2_id472_E-1.61.cif,Zn2InGa2,-1.6091,0.0,Metal,P4_2/mmc,131,10
NaCa2Mg6In_id3262_E-1.61.cif,NaCa2Mg6In,-1.6089,0.0,Metal,Immm,71,20
MgAlCd2_id4489_E-1.61.cif,MgAlCd2,-1.6087,0.0,Metal,I4/mmm,139,8
K2Na4Li2ZnO2_id3980_E-1.61.cif,K2Na4Li2ZnO2,-1.6086,3.044,Semiconductor,P1,1,22
BaCa2_id1883_E-1.61.cif,BaCa2,-1.6069,0.729,Semiconductor,P1,1,36
Ca2Cd_id3762_E-1.61.cif,Ca2Cd,-1.6061,0.0,Metal,Ibca,73,24
K4NaCd(GaSn)2_id2906_E-1.61.cif,K4NaCd(GaSn)2,-1.6057,0.007,Metal,Ibam,72,40
Sr2Mg2In_id1796_E-1.61.cif,Sr2Mg2In,-1.6057,0.0,Metal,P4/mmm,123,5
ZnCdGa_id801_E-1.60.cif,ZnCdGa,-1.603,0.0,Metal,Pmmn,59,6
K3Sc3Cd_id4454_E-1.60.cif,K3Sc3Cd,-1.6025,0.0,Metal,Pm-3n,223,14
Ba6SrLiTi_id4136_E-1.60.cif,Ba6SrLiTi,-1.6023,0.0,Metal,P-31c,163,18
Mg4Al_id4630_E-1.60.cif,Mg4Al,-1.6007,0.0,Metal,Ccce,68,20
Mg7(AlIn)2_id2502_E-1.60.cif,Mg7(AlIn)2,-1.5993,0.0,Metal,Fmm2,42,44
Na(CdGa)2_id1724_E-1.60.cif,Na(CdGa)2,-1.5984,0.0,Metal,P6_3/mmc,194,10
Li4MgCd4In5Ga4_id4177_E-1.60.cif,Li4MgCd4In5Ga4,-1.5963,0.0,Metal,C222,21,36
Na4Cd3Sn_id829_E-1.60.cif,Na4Cd3Sn,-1.5957,0.0,Metal,Im-3m,229,16
BaCa5Mg2_id3881_E-1.59.cif,BaCa5Mg2,-1.5948,0.0,Metal,I4/mmm,139,16
AlZn5_id1243_E-1.59.cif,AlZn5,-1.5944,0.0,Metal,I422,97,12
Zn4Cd2Ga3_id2142_E-1.59.cif,Zn4Cd2Ga3,-1.5943,0.0,Metal,C222,21,18
Li3Cd2_id2108_E-1.59.cif,Li3Cd2,-1.5942,0.0,Metal,R-3m,166,15
KBaSrCa2Be2Zn4CdSbTeAs2_id4592_E-1.59.cif,KBaSrCa2Be2Zn4CdSbTeAs2,-1.5938,0.452,Semiconductor,P3_1,144,48
Zn3Te_id4256_E-1.59.cif,Zn3Te,-1.5934,0.0,Metal,P4_2/m,84,16
K3Zn2O_id2025_E-1.59.cif,K3Zn2O,-1.5934,0.275,Semiconductor,Pn-3m,224,12
BaZn4CdGa_id3314_E-1.59.cif,BaZn4CdGa,-1.5934,0.0,Metal,I-4m2,119,14
Na2Li4Zn_id4997_E-1.59.cif,Na2Li4Zn,-1.5932,0.0,Metal,I4/mcm,140,28
LiMg2_id2202_E-1.59.cif,LiMg2,-1.5903,0.0,Metal,Ibca,73,24
Mg2ZnCd4(In3Sn)2_id2114_E-1.59.cif,Mg2ZnCd4(In3Sn)2,-1.5902,0.0,Metal,Cmce,64,60
Ba5Na5Sr4Ca6As5_id1020_E-1.59.cif,Ba5Na5Sr4Ca6As5,-1.5902,0.0,Metal,P1,1,50
Sr(LiGa)4_id3897_E-1.59.cif,Sr(LiGa)4,-1.5899,0.119,Semiconductor,P4_2/nmc,137,18
AlZn4_id3660_E-1.59.cif,AlZn4,-1.5897,0.0,Metal,I4_1/a,88,20
Mg6AlIn14_id2084_E-1.59.cif,Mg6AlIn14,-1.5897,0.0,Metal,P-31m,162,21
KLi(Cd2Ga)4_id1212_E-1.59.cif,KLi(Cd2Ga)4,-1.5862,0.0,Metal,I422,97,28
K2NaLi3Zn2Ga_id1835_E-1.59.cif,K2NaLi3Zn2Ga,-1.586,0.013,Metal,C222,21,36
Zn5Ga3_id3900_E-1.59.cif,Zn5Ga3,-1.5856,0.0,Metal,P-4m2,115,8
NaSrLiCd3InSn2_id4483_E-1.59.cif,NaSrLiCd3InSn2,-1.5855,0.0,Metal,P-1,2,18
BeAl3Zn3InGa5Ge_id431_E-1.58.cif,BeAl3Zn3InGa5Ge,-1.5842,0.0,Metal,Pm,6,56
NaSr2Mg_id2806_E-1.58.cif,NaSr2Mg,-1.5838,0.0,Metal,Fm-3m,225,16
Ba4Li7Zn3_id487_E-1.58.cif,Ba4Li7Zn3,-1.5828,0.0,Metal,I-43m,217,28
Al2Zn2N3_id762_E-1.58.cif,Al2Zn2N3,-1.5816,2.076,Semiconductor,P4_32_12,96,28
Mg_id1738_E-1.58.cif,Mg,-1.5803,5.05,Insulator,I4/mmm,139,20
LiIn2Sn_id3622_E-1.58.cif,LiIn2Sn,-1.5801,0.0,Metal,Pnnn,48,16
Cd3In2_id3101_E-1.58.cif,Cd3In2,-1.5798,0.0,Metal,Cccm,66,20
LiCaMgInAs7_id1975_E-1.58.cif,LiCaMgInAs7,-1.5798,0.386,Semiconductor,R3,146,33
Li4MgZn4_id1278_E-1.58.cif,Li4MgZn4,-1.5793,0.0,Metal,P4_2/nmc,137,18
Na2Cd2Te_id3100_E-1.58.cif,Na2Cd2Te,-1.5787,1.016,Semiconductor,P1,1,5
Na3Ca2Mg6Sc_id1304_E-1.58.cif,Na3Ca2Mg6Sc,-1.5782,0.0,Metal,P2/c,13,24
CdGa_id3796_E-1.58.cif,CdGa,-1.5776,0.0,Metal,F-43m,216,8
MgZn8Ga3Ge2_id356_E-1.58.cif,MgZn8Ga3Ge2,-1.5753,0.0,Metal,I422,97,28
Zn4Ga_id59_E-1.57.cif,Zn4Ga,-1.5744,0.0,Metal,Ccce,68,20
Sr2LiMgSi3SnGe_id4709_E-1.57.cif,Sr2LiMgSi3SnGe,-1.5718,3.023,Semiconductor,Pm,6,18
Li6MgZn2_id4591_E-1.57.cif,Li6MgZn2,-1.5691,0.021,Metal,Fm-3m,225,36
SrCa2_id1235_E-1.57.cif,SrCa2,-1.5679,0.0,Metal,I4/mcm,140,12
ZnP_id2562_E-1.57.cif,ZnP,-1.5677,1.586,Semiconductor,F-43m,216,32
Cd2Ga_id2604_E-1.57.cif,Cd2Ga,-1.5674,0.0,Metal,I4/mmm,139,12
BaMg(InTe)2_id3996_E-1.57.cif,BaMg(InTe)2,-1.5667,0.0,Metal,R-3m,166,18
Li2Zn5Sn_id1826_E-1.57.cif,Li2Zn5Sn,-1.5664,0.0,Metal,P2/c,13,16
Ca_id182_E-1.57.cif,Ca,-1.5664,0.0,Metal,Aea2,41,16
K2MgZn2In5_id2520_E-1.57.cif,K2MgZn2In5,-1.5661,0.0,Metal,P4/mbm,127,20
Li6MgSc6(CdIn2)6_id1147_E-1.57.cif,Li6MgSc6(CdIn2)6,-1.5653,0.0,Metal,P23,195,31
NaLiZnCdSn_id3242_E-1.56.cif,NaLiZnCdSn,-1.5634,3.087,Semiconductor,Pcc2,27,20
K2Na5B2Sb_id2898_E-1.56.cif,K2Na5B2Sb,-1.5631,0.122,Semiconductor,I222,23,20
Cd9(InGa2)2_id2424_E-1.56.cif,Cd9(InGa2)2,-1.5623,0.0,Metal,P-31m,162,15
AlZn4_id12_E-1.56.cif,AlZn4,-1.5609,0.0,Metal,Fddd,70,40
Li4MgSc(Cd4Sn)2_id1643_E-1.56.cif,Li4MgSc(Cd4Sn)2,-1.5584,0.0,Metal,P422,89,16
Zn2InGa_id3946_E-1.56.cif,Zn2InGa,-1.5574,0.0,Metal,P4/ncc,130,32
CdIn_id3444_E-1.56.cif,CdIn,-1.5572,0.0,Metal,Pbca,61,16
KNa3Li2(Be2Ga)2_id3034_E-1.56.cif,KNa3Li2(Be2Ga)2,-1.5569,0.0,Metal,C222,21,48
Ba4Na_id3830_E-1.56.cif,Ba4Na,-1.5568,0.0,Metal,Im-3m,229,10
TiZn7_id2844_E-1.56.cif,TiZn7,-1.5566,0.0,Metal,P6_322,182,16
In_id3718_E-1.56.cif,In,-1.5566,0.0,Metal,P4/m,83,18
Ba2SrZnCd_id4876_E-1.55.cif,Ba2SrZnCd,-1.5546,0.034,Metal,P6_5,170,30
Zn4Ga_id1721_E-1.55.cif,Zn4Ga,-1.5536,0.0,Metal,Cmmm,65,10
Li2MgZn2Ga_id3174_E-1.55.cif,Li2MgZn2Ga,-1.5521,0.0,Metal,P6_4,172,18
Na2CaCd6Sb_id2654_E-1.55.cif,Na2CaCd6Sb,-1.5508,0.0,Metal,P312,149,10
LiMgZnGaSi_id417_E-1.55.cif,LiMgZnGaSi,-1.5501,0.0,Metal,Iba2,45,40
TiZn7Sn3_id613_E-1.55.cif,TiZn7Sn3,-1.5499,0.0,Metal,Pm-3,200,11
LiMg2Cd2In_id1346_E-1.55.cif,LiMg2Cd2In,-1.5483,0.0,Metal,Cmmm,65,12
LiZn3_id789_E-1.55.cif,LiZn3,-1.546,0.0,Metal,Pm-3,200,8
Li2Zn_id2896_E-1.55.cif,Li2Zn,-1.5459,0.0,Metal,C222,21,12
Li3Ca2Mg4ZnCd6In6GaSn2_id3943_E-1.54.cif,Li3Ca2Mg4ZnCd6In6GaSn2,-1.545,0.0,Metal,Pcc2,27,50
Na4In_id505_E-1.54.cif,Na4In,-1.5443,0.0,Metal,I4_1/a,88,20
Li3Mg4_id2088_E-1.54.cif,Li3Mg4,-1.5441,0.0,Metal,P4_2/nnm,134,28
Mg4ZnGa4_id2738_E-1.54.cif,Mg4ZnGa4,-1.5438,2.882,Semiconductor,P4_2/nmc,137,18
CdIn_id2032_E-1.54.cif,CdIn,-1.5436,0.0,Metal,F-43m,216,8
BaLiMg_id3194_E-1.54.cif,BaLiMg,-1.5432,0.0,Metal,I-4m2,119,6
BaCa3_id4169_E-1.54.cif,BaCa3,-1.5415,0.0,Metal,P2/m,10,4
Li2Mg4Sc_id4186_E-1.54.cif,Li2Mg4Sc,-1.5412,0.0,Metal,P4_322,95,28
Ca6Zn6Ga_id3418_E-1.54.cif,Ca6Zn6Ga,-1.5397,0.0,Metal,R-3,148,39
LiMg2AlCd_id514_E-1.54.cif,LiMg2AlCd,-1.5395,0.0,Metal,Cmme,67,20
K2Al11Zn10Ga17_id1127_E-1.54.cif,K2Al11Zn10Ga17,-1.5393,0.0,Metal,P-1,2,40
Li15In2_id1755_E-1.54.cif,Li15In2,-1.5382,0.0,Metal,Pn-3,201,34
KNa2Zn2As_id250_E-1.54.cif,KNa2Zn2As,-1.5377,0.034,Metal,P-6m2,187,6
Li6Mg6Cd_id1689_E-1.54.cif,Li6Mg6Cd,-1.5376,0.0,Metal,Fm-3m,225,52
Na4LiMgIn2_id4446_E-1.54.cif,Na4LiMgIn2,-1.5368,0.0,Metal,P6_5,170,48
AlZn3_id4095_E-1.54.cif,AlZn3,-1.5366,0.0,Metal,Pa-3,205,16
GeSbTe11As2P2(SeS)2_id3749_E-1.54.cif,GeSbTe11As2P2(SeS)2,-1.5363,1.496,Semiconductor,P1,1,21
Na3Ca2Sc2As_id474_E-1.54.cif,Na3Ca2Sc2As,-1.5362,0.0,Metal,P4/mbm,127,16
KAl2Cd2In2(GaSn)2_id4571_E-1.54.cif,KAl2Cd2In2(GaSn)2,-1.5358,0.0,Metal,P4_12_12,92,44
Zn5Ga_id598_E-1.53.cif,Zn5Ga,-1.5348,0.0,Metal,P-4m2,115,6
Ca2ScAlCd4In_id2477_E-1.53.cif,Ca2ScAlCd4In,-1.5347,0.0,Metal,Amm2,38,18
LiMgZn5Ga2Si_id4402_E-1.53.cif,LiMgZn5Ga2Si,-1.5343,0.0,Metal,P-1,2,20
Na2Mg4Zn2In5_id1140_E-1.53.cif,Na2Mg4Zn2In5,-1.5338,0.0,Metal,C222,21,26
Mg3Ga_id3761_E-1.53.cif,Mg3Ga,-1.5325,0.0,Metal,P4/mbm,127,8
LiMg2_id3147_E-1.53.cif,LiMg2,-1.532,0.0,Metal,P6/mmm,191,24
Li2MgAl6Cd4Ge_id2190_E-1.53.cif,Li2MgAl6Cd4Ge,-1.5316,0.0,Metal,I422,97,28
Mg3Cd3In2_id1885_E-1.53.cif,Mg3Cd3In2,-1.531,0.0,Metal,P4/mmm,123,8
Na3Li3Be2Zn_id1201_E-1.53.cif,Na3Li3Be2Zn,-1.5308,0.0,Metal,P-6c2,188,18
Al2Zn5Sb2_id3987_E-1.53.cif,Al2Zn5Sb2,-1.5302,0.0,Metal,P4_322,95,36
Li7Zn_id3381_E-1.53.cif,Li7Zn,-1.5301,0.0,Metal,P4_12_12,92,32
Li5Mg2Cd_id1986_E-1.53.cif,Li5Mg2Cd,-1.529,0.0,Metal,P2/c,13,16
ZnGeS_id120_E-1.53.cif,ZnGeS,-1.5283,0.0,Metal,P6_522,179,18
LiZn_id2809_E-1.53.cif,LiZn,-1.528,0.0,Metal,I4_1/acd,142,32
Ca4Cd3_id4705_E-1.53.cif,Ca4Cd3,-1.5278,0.0,Metal,I-43d,220,28
KBe2Cd_id3992_E-1.53.cif,KBe2Cd,-1.5256,0.0,Metal,I-42d,122,16
Li2AlZn10CdIn2_id1432_E-1.53.cif,Li2AlZn10CdIn2,-1.5255,0.0,Metal,P4/mmm,123,16
SrLi2Zn_id899_E-1.52.cif,SrLi2Zn,-1.5239,0.0,Metal,P4_2/m,84,16
Mg2Zn_id157_E-1.52.cif,Mg2Zn,-1.5237,0.0,Metal,I4/mmm,139,12
Zn12In4Ga_id3520_E-1.52.cif,Zn12In4Ga,-1.5237,0.0,Metal,Im-3m,229,34
SrCa2_id2378_E-1.52.cif,SrCa2,-1.5234,0.0,Metal,Fm-3m,225,12
Li2Mg2CdIn2Ga_id388_E-1.52.cif,Li2Mg2CdIn2Ga,-1.5231,0.0,Metal,P6_5,170,48
LiZn2_id4198_E-1.52.cif,LiZn2,-1.5223,0.0,Metal,I4/mcm,140,12
Cd3Sn_id2060_E-1.52.cif,Cd3Sn,-1.522,0.0,Metal,Ia-3,206,32
MgBe4Al(CdGa6)2_id1419_E-1.52.cif,MgBe4Al(CdGa6)2,-1.5211,0.005,Metal,P4/mnc,128,40
Li2CaMgGa2_id828_E-1.52.cif,Li2CaMgGa2,-1.5168,0.022,Metal,P1,1,36
NaCa2Mg_id708_E-1.52.cif,NaCa2Mg,-1.5165,0.0,Metal,I-42d,122,16
K23In9(GaAs)6_id1141_E-1.52.cif,K23In9(GaAs)6,-1.5152,0.0,Metal,P6,168,44
KMg12Sn_id2461_E-1.51.cif,KMg12Sn,-1.5148,0.0,Metal,I422,97,28
Li4ZnCd4_id2339_E-1.51.cif,Li4ZnCd4,-1.5139,0.0,Metal,P-6m2,187,9
NaCdGaSe_id2028_E-1.51.cif,NaCdGaSe,-1.5137,0.0,Metal,I4mm,107,8
Na6In_id441_E-1.51.cif,Na6In,-1.5111,0.0,Metal,Fm-3m,225,28
BeAl2Zn9_id1319_E-1.51.cif,BeAl2Zn9,-1.5105,0.0,Metal,I422,97,24
Li4Al_id842_E-1.51.cif,Li4Al,-1.5104,0.0,Metal,Ccce,68,20
BeZn3Ga_id860_E-1.51.cif,BeZn3Ga,-1.5103,0.0,Metal,P-42_1m,113,20
Na4PO2_id345_E-1.51.cif,Na4PO2,-1.5072,4.203,Insulator,P42_12,90,14
NaCd2In_id4755_E-1.51.cif,NaCd2In,-1.5071,0.0,Metal,C2/m,12,8
Sr6LiMg4_id2769_E-1.51.cif,Sr6LiMg4,-1.5066,0.0,Metal,P-31c,163,22
K24Ti12As_id551_E-1.51.cif,K24Ti12As,-1.5053,0.508,Semiconductor,Pm-3,200,37
Li3Zn4(CdIn)2_id1375_E-1.51.cif,Li3Zn4(CdIn)2,-1.5053,1.284,Semiconductor,Ibam,72,44
Ba12Na6LiMgSc_id387_E-1.50.cif,Ba12Na6LiMgSc,-1.504,1.174,Semiconductor,P-31c,163,42
Na2GeNO3_id1893_E-1.50.cif,Na2GeNO3,-1.5036,0.115,Semiconductor,P3_212,153,21
Li7Mg12_id3819_E-1.50.cif,Li7Mg12,-1.5028,0.0,Metal,Im-3,204,38
Sc(CdIn)2_id272_E-1.50.cif,Sc(CdIn)2,-1.5012,0.0,Metal,P4_322,95,20
NaCaCd2_id87_E-1.50.cif,NaCaCd2,-1.5011,0.004,Metal,Fm-3m,225,16
Mg2Zn2Ga_id1676_E-1.50.cif,Mg2Zn2Ga,-1.501,0.0,Metal,Cmce,64,20
Li4MgAl4(ZnGa2)4_id3050_E-1.50.cif,Li4MgAl4(ZnGa2)4,-1.5001,0.0,Metal,Pm,6,42
BaIn5(GaSn4)2_id394_E-1.50.cif,BaIn5(GaSn4)2,-1.4977,4.931,Insulator,Pm,6,16
Ba6CdSn3_id3691_E-1.50.cif,Ba6CdSn3,-1.4977,0.0,Metal,Pm-3m,221,10
BaMgZn2(CdIn)2_id1399_E-1.50.cif,BaMgZn2(CdIn)2,-1.4967,2.654,Semiconductor,Immm,71,16
K(NaLi6)3_id932_E-1.50.cif,K(NaLi6)3,-1.4959,0.0,Metal,Im-3,204,44
NaLi6Cd_id3582_E-1.49.cif,NaLi6Cd,-1.4935,0.0,Metal,P2_1/m,11,16
LiMg4Cd3In_id4283_E-1.49.cif,LiMg4Cd3In,-1.493,0.0,Metal,P-6m2,187,9
Li2Mg3Cd2_id4465_E-1.49.cif,Li2Mg3Cd2,-1.4929,0.0,Metal,C222_1,20,28
LiMg3In_id1831_E-1.49.cif,LiMg3In,-1.4929,0.0,Metal,Cmm2,35,20
Na2Li3ScZnCd2Ga_id3524_E-1.49.cif,Na2Li3ScZnCd2Ga,-1.4916,0.0,Metal,P3_112,151,30
MgCd8In5Ge_id447_E-1.49.cif,MgCd8In5Ge,-1.4914,0.0,Metal,Pnnn,48,30
CaAlCd6_id1619_E-1.49.cif,CaAlCd6,-1.4912,0.0,Metal,Fm-3m,225,32
Mg4ScZn3_id2001_E-1.49.cif,Mg4ScZn3,-1.4902,0.0,Metal,Cmmm,65,16
Ba4Li3Ca_id3058_E-1.49.cif,Ba4Li3Ca,-1.4879,0.0,Metal,P-4b2,117,16
Mg6In10Sn_id1633_E-1.49.cif,Mg6In10Sn,-1.4875,0.0,Metal,Pm-3,200,17
Zn4Ga5_id3283_E-1.49.cif,Zn4Ga5,-1.4861,0.0,Metal,P-43m,215,9
CdGaGe_id588_E-1.49.cif,CdGaGe,-1.4861,0.0,Metal,Aem2,39,12
Li4ZnCd5Ga2_id3757_E-1.48.cif,Li4ZnCd5Ga2,-1.4849,0.0,Metal,P-42_1c,114,24
Sr(Cd2In3)2_id3486_E-1.48.cif,Sr(Cd2In3)2,-1.4846,0.0,Metal,I4/mcm,140,44
Na4Li9_id3329_E-1.48.cif,Na4Li9,-1.4841,0.0,Metal,P-42_1c,114,26
LiCd_id1028_E-1.48.cif,LiCd,-1.4837,0.0,Metal,I4_1/acd,142,32
Mg8In3_id1443_E-1.48.cif,Mg8In3,-1.4836,0.0,Metal,Immm,71,22
NaLiMg_id435_E-1.48.cif,NaLiMg,-1.4833,0.0,Metal,Ibca,73,24
Cd2In_id949_E-1.48.cif,Cd2In,-1.4822,0.0,Metal,P3m1,156,6
Mg_id2269_E-1.48.cif,Mg,-1.4816,0.0,Metal,I4_1/acd,142,32
Li3Cd4Sn_id2455_E-1.48.cif,Li3Cd4Sn,-1.4811,0.0,Metal,Immm,71,16
Ba2Mg2Al2Zn_id2501_E-1.48.cif,Ba2Mg2Al2Zn,-1.4805,0.0,Metal,Ibam,72,28
LiZn3_id1146_E-1.48.cif,LiZn3,-1.4796,0.0,Metal,C222,21,16
BaMg3Cd2_id2281_E-1.48.cif,BaMg3Cd2,-1.4781,0.0,Metal,P-3m1,164,6
Mg3Cd_id2440_E-1.48.cif,Mg3Cd,-1.4763,0.0,Metal,Fm-3m,225,16
MgCd2Ga_id2398_E-1.48.cif,MgCd2Ga,-1.4754,0.0,Metal,Cmme,67,16
Ba2SrZn4In_id1687_E-1.48.cif,Ba2SrZn4In,-1.4752,0.0,Metal,I4/mcm,140,32
MgSn2_id3849_E-1.48.cif,MgSn2,-1.4751,0.0,Metal,P-62m,189,9
CaAlZn3Cd_id3535_E-1.47.cif,CaAlZn3Cd,-1.4748,0.0,Metal,Cmm2,35,12
K4MgCd6In5_id2902_E-1.47.cif,K4MgCd6In5,-1.4742,0.1,Semiconductor,I-42m,121,32
Na6Ca(MgGa)2_id960_E-1.47.cif,Na6Ca(MgGa)2,-1.474,0.0,Metal,Cmce,64,44
Na2Li4Ga_id4994_E-1.47.cif,Na2Li4Ga,-1.473,0.198,Semiconductor,Fd-3m,227,56
NaSr2In4GaSn_id4588_E-1.47.cif,NaSr2In4GaSn,-1.4726,0.0,Metal,P4/mmm,123,9
KNaCdGa_id4237_E-1.47.cif,KNaCdGa,-1.4724,0.237,Semiconductor,P4_122,91,16
Zn3(Cd2Sn)2_id3883_E-1.47.cif,Zn3(Cd2Sn)2,-1.4721,0.0,Metal,Pbcn,60,36
In2Ga_id3565_E-1.47.cif,In2Ga,-1.4716,0.0,Metal,P3_212,153,9
SrLi_id215_E-1.47.cif,SrLi,-1.4703,0.0,Metal,P4/nmm,129,8
ScCd2_id4857_E-1.47.cif,ScCd2,-1.4696,0.0,Metal,P4/mmm,123,12
CaMgZn6_id3074_E-1.47.cif,CaMgZn6,-1.4696,0.0,Metal,Fm-3m,225,32
BaZnInGa5_id269_E-1.47.cif,BaZnInGa5,-1.4687,0.0,Metal,Pm,6,8
Ba3NaAlIn_id2212_E-1.47.cif,Ba3NaAlIn,-1.467,0.0,Metal,Pmm2,25,6
Zn4CdGaSn_id964_E-1.47.cif,Zn4CdGaSn,-1.4652,0.0,Metal,P-42m,111,7
Mg8Al5Zn9_id1035_E-1.46.cif,Mg8Al5Zn9,-1.4648,0.0,Metal,P4/mcc,124,44
Zn6CdGa2_id1923_E-1.46.cif,Zn6CdGa2,-1.4644,0.0,Metal,P-42m,111,9
Ca3Cd4Sn_id946_E-1.46.cif,Ca3Cd4Sn,-1.4637,0.0,Metal,Pma2,28,16
Cd4In4Sn_id2094_E-1.46.cif,Cd4In4Sn,-1.4634,0.0,Metal,Pnnn,48,18
Ba2CaCd2_id141_E-1.46.cif,Ba2CaCd2,-1.4615,0.0,Metal,P4/mmm,123,10
Mg5(In2Sn)2_id2484_E-1.46.cif,Mg5(In2Sn)2,-1.4594,0.0,Metal,P4_22_12,94,22
Li2BeZn2_id1475_E-1.46.cif,Li2BeZn2,-1.4572,0.0,Metal,P-42c,112,20
Ca8Mg9_id2342_E-1.46.cif,Ca8Mg9,-1.4563,0.0,Metal,P6cc,184,34
Li5Zn_id3407_E-1.46.cif,Li5Zn,-1.4559,0.001,Metal,P2_12_12_1,19,24
NaAl8(Zn4Cd)2_id4676_E-1.46.cif,NaAl8(Zn4Cd)2,-1.4553,0.0,Metal,I422,97,38
AlGa5_id2224_E-1.46.cif,AlGa5,-1.455,0.0,Metal,P4/mmm,123,24
K3(NaGa3)2_id1276_E-1.45.cif,K3(NaGa3)2,-1.453,0.0,Metal,P6/mmm,191,11
Li4Mg2Cd_id1065_E-1.45.cif,Li4Mg2Cd,-1.4528,0.0,Metal,Pmma,51,14
Ba2In_id3679_E-1.45.cif,Ba2In,-1.4523,0.0,Metal,P3_121,152,18
CaMg8In3_id3030_E-1.45.cif,CaMg8In3,-1.4512,0.0,Metal,P6/mmm,191,12
Ba2Na_id601_E-1.45.cif,Ba2Na,-1.4502,0.0,Metal,P4/mmm,123,6
Cd2In_id2569_E-1.45.cif,Cd2In,-1.4493,0.0,Metal,Ibca,73,24
Ca3Mg2Zn_id2410_E-1.45.cif,Ca3Mg2Zn,-1.4486,0.0,Metal,P6_3/mmc,194,12
Na3Ga2_id4509_E-1.45.cif,Na3Ga2,-1.4476,0.0,Metal,P4/nnc,126,40
LiMgZn_id3349_E-1.45.cif,LiMgZn,-1.4465,0.0,Metal,Ibca,73,24
Mg_id3558_E-1.45.cif,Mg,-1.4461,0.0,Metal,Ibca,73,16
Ba3LiCaMgGe_id4712_E-1.45.cif,Ba3LiCaMgGe,-1.4457,0.023,Metal,P-6m2,187,7
Sr4Zn_id3135_E-1.45.cif,Sr4Zn,-1.4456,0.0,Metal,Ibam,72,20
Li2Zn7Ga2_id1694_E-1.44.cif,Li2Zn7Ga2,-1.444,0.0,Metal,I-4m2,119,22
Mg_id893_E-1.44.cif,Mg,-1.4427,0.0,Metal,I4/mmm,139,20
Ca2Mg3_id3421_E-1.44.cif,Ca2Mg3,-1.4425,0.0,Metal,P4/mbm,127,20
Li5CaZnSi_id2360_E-1.44.cif,Li5CaZnSi,-1.442,0.0,Metal,P4/mmm,123,32
Li12Mg7_id4848_E-1.44.cif,Li12Mg7,-1.4414,0.0,Metal,Im-3,204,38
Li(Mg3Zn)2_id3498_E-1.44.cif,Li(Mg3Zn)2,-1.4409,0.0,Metal,Fm-3m,225,36
Na3Zn4Sb_id2037_E-1.44.cif,Na3Zn4Sb,-1.4391,0.0,Metal,P4_2/m,84,16
SrCa_id643_E-1.44.cif,SrCa,-1.4376,0.0,Metal,P4/mmm,123,8
Ca2Mg4Cd3In_id587_E-1.44.cif,Ca2Mg4Cd3In,-1.4366,0.0,Metal,P6_3/mcm,193,20
Cd5Ga2_id3481_E-1.44.cif,Cd5Ga2,-1.4357,0.0,Metal,I-42m,121,14
Zn6GaGe3_id3857_E-1.43.cif,Zn6GaGe3,-1.4345,0.0,Metal,Pm-3m,221,10
LiCa2Mg9_id3756_E-1.43.cif,LiCa2Mg9,-1.4342,0.0,Metal,P-31m,162,12
AlGa5_id4831_E-1.43.cif,AlGa5,-1.4337,0.0,Metal,P4/mmm,123,6
Zn4Sb_id3764_E-1.43.cif,Zn4Sb,-1.4332,0.0,Metal,Pccm,49,10
K4NaIn3Ge_id630_E-1.43.cif,K4NaIn3Ge,-1.4331,0.0,Metal,P4/mmm,123,9
BaLiCa_id3102_E-1.43.cif,BaLiCa,-1.4326,0.0,Metal,Immm,71,6
Li(Zn5Ga2)2_id4334_E-1.43.cif,Li(Zn5Ga2)2,-1.4325,0.0,Metal,P2,3,30
Zn5Ga2_id3607_E-1.43.cif,Zn5Ga2,-1.4293,0.0,Metal,Aem2,39,28
Zn5In_id1158_E-1.43.cif,Zn5In,-1.4283,0.0,Metal,Pn-3m,224,12
Li3MgZn2CdGa2_id1520_E-1.43.cif,Li3MgZn2CdGa2,-1.428,0.0,Metal,P6_5,170,54
Mg(CdIn)2_id3249_E-1.43.cif,Mg(CdIn)2,-1.4273,0.0,Metal,I4/mcm,140,20
Li4Cd2Ga4SnGe_id3084_E-1.43.cif,Li4Cd2Ga4SnGe,-1.4269,0.0,Metal,P4_2/m,84,24
K2Ga_id3698_E-1.43.cif,K2Ga,-1.4266,0.664,Semiconductor,Pa-3,205,12
Na14In5_id4488_E-1.43.cif,Na14In5,-1.4265,0.0,Metal,C222,21,38
Li3Mg6ScIn5_id3580_E-1.43.cif,Li3Mg6ScIn5,-1.4255,0.0,Metal,P6/mmm,191,15
Li4Mg2Cd9In_id1078_E-1.42.cif,Li4Mg2Cd9In,-1.4245,0.0,Metal,Pbam,55,32
Mg9In(TeSe2)2_id4954_E-1.42.cif,Mg9In(TeSe2)2,-1.4244,0.069,Semiconductor,P2_12_12,18,32
KNa6Zn12CdIn6_id2825_E-1.42.cif,KNa6Zn12CdIn6,-1.4238,0.0,Metal,Pm-3,200,26
K2Li2Al10Zn7In2Ga5_id1200_E-1.42.cif,K2Li2Al10Zn7In2Ga5,-1.4232,0.0,Metal,P1,1,28
Na4(LiZn)3_id2618_E-1.42.cif,Na4(LiZn)3,-1.4225,0.0,Metal,I-43d,220,40
Na2Li2Cd3Te_id4941_E-1.42.cif,Na2Li2Cd3Te,-1.4206,2.266,Semiconductor,C2/m,12,16
BaZn2_id1250_E-1.42.cif,BaZn2,-1.4205,0.0,Metal,C2/m,12,6
LiZn4_id3386_E-1.42.cif,LiZn4,-1.4204,0.0,Metal,P4_2/nmc,137,10
KNa2Ga_id3005_E-1.42.cif,KNa2Ga,-1.4202,0.126,Semiconductor,Cmmm,65,16
Na2Li2MgZnGa_id440_E-1.42.cif,Na2Li2MgZnGa,-1.4195,0.04,Metal,C222,21,28
Li5Zn_id3243_E-1.42.cif,Li5Zn,-1.4189,4.134,Insulator,P4_12_12,92,24
BaLi24Mg9GaGe_id2780_E-1.42.cif,BaLi24Mg9GaGe,-1.4186,0.0,Metal,P4,75,36
Li6Mg2TiAlZnSi_id1771_E-1.42.cif,Li6Mg2TiAlZnSi,-1.4177,2.871,Semiconductor,P1,1,36
K2Ga_id1097_E-1.42.cif,K2Ga,-1.417,0.0,Metal,P4_2/mmc,131,6
BaNa2Ca_id1488_E-1.42.cif,BaNa2Ca,-1.4157,0.0,Metal,P4/mmm,123,8
NaAl4Cd8Sn_id448_E-1.42.cif,NaAl4Cd8Sn,-1.4156,0.0,Metal,Immm,71,28
LiMg4_id1525_E-1.41.cif,LiMg4,-1.4135,4.033,Insulator,I4_1/amd,141,20
Li3Zn2_id2545_E-1.41.cif,Li3Zn2,-1.4135,0.0,Metal,Ibca,73,40
In_id4209_E-1.41.cif,In,-1.4135,0.0,Metal,Amm2,38,8
SrLi4Al2CdGa2_id2660_E-1.41.cif,SrLi4Al2CdGa2,-1.4126,0.0,Metal,I4/mcm,140,40
Sr6Cd8In2N_id4783_E-1.41.cif,Sr6Cd8In2N,-1.4122,0.0,Metal,P4/mmm,123,17
Cd2In_id1760_E-1.41.cif,Cd2In,-1.412,0.0,Metal,Cmmm,65,12
ScAl2Zn8In_id4049_E-1.41.cif,ScAl2Zn8In,-1.4104,0.0,Metal,P4/mbm,127,24
Cd2Ga_id573_E-1.41.cif,Cd2Ga,-1.4101,0.0,Metal,P4/m,83,12
LiMgZn6_id4962_E-1.41.cif,LiMgZn6,-1.4089,0.0,Metal,Pm-3,200,8
Mg_id3488_E-1.41.cif,Mg,-1.408,0.0,Metal,I4_1/acd,142,16
Na(LiZn)2_id4888_E-1.41.cif,Na(LiZn)2,-1.4069,0.0,Metal,Ccce,68,20
K3Na3Li2(ZnGa)4_id3998_E-1.41.cif,K3Na3Li2(ZnGa)4,-1.4064,0.405,Semiconductor,C222,21,32
Li4MgCd_id1659_E-1.41.cif,Li4MgCd,-1.4057,0.0,Metal,Ccc2,37,24
BaZnCd6Te_id1578_E-1.40.cif,BaZnCd6Te,-1.4046,0.0,Metal,P312,149,9
BaAl2Zn5Ga_id3805_E-1.40.cif,BaAl2Zn5Ga,-1.4043,0.0,Metal,Aea2,41,36
Li6MgZnCd4_id4323_E-1.40.cif,Li6MgZnCd4,-1.4035,0.018,Metal,P4_22_12,94,24
Na3Li4Cd3_id1364_E-1.40.cif,Na3Li4Cd3,-1.4018,0.032,Metal,I-43d,220,40
Ba2SrMg2_id1562_E-1.40.cif,Ba2SrMg2,-1.4011,0.0,Metal,P4/mmm,123,5
Cd3Ga_id3093_E-1.40.cif,Cd3Ga,-1.4011,0.0,Metal,Pm-3n,223,8
Li2MgZn2_id3968_E-1.40.cif,Li2MgZn2,-1.3996,0.0,Metal,Cmce,64,20
Ba(Mg2Cd)2_id749_E-1.40.cif,Ba(Mg2Cd)2,-1.3986,0.0,Metal,I4/mmm,139,14
Ba6Sr6MgZn_id611_E-1.40.cif,Ba6Sr6MgZn,-1.3967,0.0,Metal,P-31c,163,28
Ca3Mg_id3103_E-1.40.cif,Ca3Mg,-1.3963,0.0,Metal,Cccm,66,32
Ba2SrLi2Ca_id1336_E-1.39.cif,Ba2SrLi2Ca,-1.3945,0.0,Metal,P4_2/mbc,135,24
Na3In_id2011_E-1.39.cif,Na3In,-1.3945,0.0,Metal,P4/mbm,127,16
LiZn4_id3089_E-1.39.cif,LiZn4,-1.3935,0.007,Metal,P4_2/nmc,137,10
Be2Cd4In_id2129_E-1.39.cif,Be2Cd4In,-1.3935,0.0,Metal,P4_2/mcm,132,14
Ca_id2689_E-1.39.cif,Ca,-1.393,0.0,Metal,P4_2mc,105,16
NaInGa4SbTe2P2Se4(SO2)4_id3782_E-1.39.cif,NaInGa4SbTe2P2Se4(SO2)4,-1.3926,1.425,Semiconductor,P-4,81,27
Ba12Li19Mg14Sn3_id4669_E-1.39.cif,Ba12Li19Mg14Sn3,-1.3918,0.098,Semiconductor,P622,177,48
Sr2MgP2_id2632_E-1.39.cif,Sr2MgP2,-1.3916,1.098,Semiconductor,P4_132,213,20
BaCa4MgCd4_id3741_E-1.39.cif,BaCa4MgCd4,-1.3909,0.0,Metal,I-4m2,119,20
NaCd6Sn_id1195_E-1.39.cif,NaCd6Sn,-1.3906,0.0,Metal,Fm-3m,225,32
Ba4SrZn5_id572_E-1.39.cif,Ba4SrZn5,-1.3904,0.0,Metal,P6/mmm,191,10
Ba4(NaLi)3_id2027_E-1.39.cif,Ba4(NaLi)3,-1.3896,0.0,Metal,P4_2/nnm,134,20
Li4Zn4Cd4Sn2S_id4740_E-1.39.cif,Li4Zn4Cd4Sn2S,-1.3851,0.0,Metal,Pbcn,60,60
LiCa(MgIn)2_id1239_E-1.38.cif,LiCa(MgIn)2,-1.3841,0.0,Metal,P6_5,170,36
Na2ZnGa3Ge3(BO2)3_id2557_E-1.38.cif,Na2ZnGa3Ge3(BO2)3,-1.3834,0.248,Semiconductor,P-6c2,188,36
Li40Sn_id4188_E-1.38.cif,Li40Sn,-1.3823,0.0,Metal,P622,177,41
Ca_id3376_E-1.38.cif,Ca,-1.3818,0.0,Metal,P4/mmm,123,12
Na2Li4Mg4Zn4Cd4Sn4Sb_id4706_E-1.38.cif,Na2Li4Mg4Zn4Cd4Sn4Sb,-1.3814,0.0,Metal,P1,1,23
Li3Mg3In_id2101_E-1.38.cif,Li3Mg3In,-1.3812,0.0,Metal,Pm-3n,223,14
MgSi_id3969_E-1.38.cif,MgSi,-1.381,0.0,Metal,I4_1/acd,142,32
K2NaBe2Al3Zn(InGa)2_id1753_E-1.38.cif,K2NaBe2Al3Zn(InGa)2,-1.3804,0.0,Metal,P6_4,172,39
Li11MgIn4_id3184_E-1.38.cif,Li11MgIn4,-1.3801,0.0,Metal,P4/mmm,123,16
Ba2LiCaAlZn_id3673_E-1.38.cif,Ba2LiCaAlZn,-1.3779,0.0,Metal,Pnma,62,24
Li6Mg2Al(ZnCd)2_id3642_E-1.38.cif,Li6Mg2Al(ZnCd)2,-1.3774,0.0,Metal,Pnnm,58,26
Li2CaZn4CdGaGe_id837_E-1.38.cif,Li2CaZn4CdGaGe,-1.3769,0.0,Metal,Pcc2,27,40
K2Cd2Ga_id1864_E-1.38.cif,K2Cd2Ga,-1.3757,0.451,Semiconductor,P2_12_12,18,10
LiZn7Ga2_id783_E-1.38.cif,LiZn7Ga2,-1.3757,0.0,Metal,I4/mmm,139,20
Li2Zn3_id4920_E-1.37.cif,Li2Zn3,-1.3745,0.0,Metal,Cmme,67,20
KNa6Mg2In2GaSn2_id3932_E-1.37.cif,KNa6Mg2In2GaSn2,-1.3741,0.0,Metal,P4_2nm,102,28
CaMg2Cd_id3965_E-1.37.cif,CaMg2Cd,-1.3739,0.0,Metal,P4/mmm,123,16
Mg7Sc2_id4339_E-1.37.cif,Mg7Sc2,-1.3725,0.0,Metal,P4_22_12,94,18
Sr3Li4Ca3_id1439_E-1.37.cif,Sr3Li4Ca3,-1.3723,0.0,Metal,P6_3/m,176,20
Li8Mg8Cd_id2347_E-1.37.cif,Li8Mg8Cd,-1.3722,0.0,Metal,P4_2/n,86,34
K2CdInSn_id3044_E-1.37.cif,K2CdInSn,-1.3718,0.532,Semiconductor,Pmmn,59,10
NaLi4Mg2CdIn2_id1405_E-1.37.cif,NaLi4Mg2CdIn2,-1.3715,2.962,Semiconductor,C222,21,20
BaCa2ZnCd2_id2431_E-1.37.cif,BaCa2ZnCd2,-1.3714,0.0,Metal,Pmmm,47,6
Sr_id849_E-1.37.cif,Sr,-1.371,0.0,Metal,C2/m,12,14
Ba2TiP2O_id392_E-1.37.cif,Ba2TiP2O,-1.3698,0.132,Semiconductor,P1,1,18
Ca7Zn12_id3295_E-1.37.cif,Ca7Zn12,-1.3691,0.0,Metal,Im-3,204,38
Li32Ca_id2067_E-1.37.cif,Li32Ca,-1.3686,0.0,Metal,P-31m,162,33
Mg2Zn3_id4605_E-1.37.cif,Mg2Zn3,-1.3658,0.0,Metal,C222,21,10
Li8ScZn8(CdIn)4_id1942_E-1.37.cif,Li8ScZn8(CdIn)4,-1.3651,0.0,Metal,P4_2/n,86,50
Cd9Sn4_id1477_E-1.36.cif,Cd9Sn4,-1.3637,0.0,Metal,P4_2/nnm,134,52
Mg3Zn2Cd_id3971_E-1.36.cif,Mg3Zn2Cd,-1.3636,0.0,Metal,Pn-3m,224,12
Na2Zn2Sn_id2930_E-1.36.cif,Na2Zn2Sn,-1.3629,0.0,Metal,I4/mcm,140,20
KCd2In_id558_E-1.36.cif,KCd2In,-1.3607,0.0,Metal,I4/mmm,139,8
Ca_id2159_E-1.36.cif,Ca,-1.3601,0.0,Metal,P-31m,162,15
Li3Zn3Cd3In_id177_E-1.36.cif,Li3Zn3Cd3In,-1.3587,0.0,Metal,P6_3/m,176,20
LiMg10_id2628_E-1.36.cif,LiMg10,-1.3578,0.0,Metal,P3_112,151,33
Mg4Cd3_id3113_E-1.36.cif,Mg4Cd3,-1.357,0.0,Metal,Im-3m,229,14
MgCd3Sn_id4855_E-1.36.cif,MgCd3Sn,-1.3565,0.0,Metal,P4/mmm,123,10
LiMgAlZn2In_id1454_E-1.36.cif,LiMgAlZn2In,-1.3552,0.0,Metal,P6_1,169,36
Be3Al2Zn2Ga_id212_E-1.35.cif,Be3Al2Zn2Ga,-1.3537,0.0,Metal,P6_122,178,48
Zn4Ga_id2049_E-1.35.cif,Zn4Ga,-1.3526,0.0,Metal,Ccce,68,20
Li6Mg5_id2335_E-1.35.cif,Li6Mg5,-1.3524,0.0,Metal,C222,21,22
LiZn4Cd2In_id781_E-1.35.cif,LiZn4Cd2In,-1.3524,0.0,Metal,I4/mmm,139,16
Li2Mg3ScZn3Ga_id3538_E-1.35.cif,Li2Mg3ScZn3Ga,-1.3524,0.0,Metal,P4/mmm,123,10
NaCaMgIn2_id1031_E-1.35.cif,NaCaMgIn2,-1.3521,0.0,Metal,Imma,74,20
CaMg4_id3985_E-1.35.cif,CaMg4,-1.3519,0.0,Metal,I4cm,108,20
Li2Ca2Mg4Cd_id4001_E-1.35.cif,Li2Ca2Mg4Cd,-1.3516,0.0,Metal,Immm,71,18
Mg(CdIn)2_id2746_E-1.35.cif,Mg(CdIn)2,-1.3514,0.0,Metal,Cmce,64,20
MgCd_id4235_E-1.35.cif,MgCd,-1.35,0.0,Metal,Pm-3m,221,16
MgCd_id2558_E-1.35.cif,MgCd,-1.35,0.0,Metal,Pm-3m,221,16
LiCa2Mg2Sc(In2Sn)2_id3142_E-1.35.cif,LiCa2Mg2Sc(In2Sn)2,-1.35,0.0,Metal,P4/mmm,123,12
Zn7Ga_id2679_E-1.35.cif,Zn7Ga,-1.3499,0.0,Metal,Pbam,55,16
Ba2Sr2Li3Si2_id1116_E-1.35.cif,Ba2Sr2Li3Si2,-1.3492,0.0,Metal,P-43m,215,18
Na2Li9_id3401_E-1.35.cif,Na2Li9,-1.3491,0.015,Metal,Im-3m,229,44
Li3ScZn6(InGa2)3_id4738_E-1.35.cif,Li3ScZn6(InGa2)3,-1.3484,0.01,Metal,Pm-3m,221,19
K2NaLiIn_id4141_E-1.35.cif,K2NaLiIn,-1.3458,0.0,Metal,P42_12,90,10
Ca_id3479_E-1.34.cif,Ca,-1.3445,0.0,Metal,P6/mmm,191,12
BaNa4Sr3Li_id4429_E-1.34.cif,BaNa4Sr3Li,-1.3442,0.0,Metal,P2/m,10,9
K2Be4Sn_id766_E-1.34.cif,K2Be4Sn,-1.3439,0.0,Metal,P4_2/mcm,132,14
KMgZn3Ga2_id4242_E-1.34.cif,KMgZn3Ga2,-1.3428,0.0,Metal,P-62m,189,21
Ba6Na6SrScIn_id1039_E-1.34.cif,Ba6Na6SrScIn,-1.3425,0.0,Metal,P-31c,163,30
BeZn3_id2492_E-1.34.cif,BeZn3,-1.3423,0.0,Metal,P4_132,213,32
SrCd2In_id44_E-1.34.cif,SrCd2In,-1.3416,0.0,Metal,C222,21,16
LiCd2_id52_E-1.34.cif,LiCd2,-1.3379,0.0,Metal,R-3m,166,18
Na2BeZn_id2425_E-1.34.cif,Na2BeZn,-1.3378,0.0,Metal,Fm-3m,225,16
Li4Mg5Al4In_id1726_E-1.34.cif,Li4Mg5Al4In,-1.3373,0.0,Metal,I2_12_12_1,24,56
K6Ba2Na2LiIn3(SnO)2_id4762_E-1.34.cif,K6Ba2Na2LiIn3(SnO)2,-1.3372,11.241,Insulator,P6_2,171,54
K(Na2In)2_id871_E-1.34.cif,K(Na2In)2,-1.3361,0.0,Metal,Pnnn,48,14
Mg_id1030_E-1.34.cif,Mg,-1.3356,0.0,Metal,I4/mmm,139,20
Al2Ga4Ge4O5_id4351_E-1.34.cif,Al2Ga4Ge4O5,-1.3354,0.321,Semiconductor,P4/mmm,123,15
Na10Li8Sn3_id2586_E-1.34.cif,Na10Li8Sn3,-1.3353,0.0,Metal,I-43m,217,42
NaMg2Cd2Ga_id3235_E-1.34.cif,NaMg2Cd2Ga,-1.335,0.0,Metal,Cmcm,63,24
Mg2Al(In6Ga)2_id3105_E-1.33.cif,Mg2Al(In6Ga)2,-1.3338,0.0,Metal,P4_232,208,34
LiCd3_id3527_E-1.33.cif,LiCd3,-1.3337,0.0,Metal,Pm-3m,221,32
Na8Li8Mg2Ga_id1973_E-1.33.cif,Na8Li8Mg2Ga,-1.3334,0.091,Semiconductor,P4/mnc,128,38
SrCa5_id1367_E-1.33.cif,SrCa5,-1.3333,0.002,Metal,Pm,6,24
KLi2MgZn2_id200_E-1.33.cif,KLi2MgZn2,-1.3331,0.0,Metal,Immm,71,12
Li4MgCd2_id265_E-1.33.cif,Li4MgCd2,-1.333,0.0,Metal,Ibca,73,56
AlZn_id4054_E-1.33.cif,AlZn,-1.3321,0.0,Metal,I4_1/acd,142,32
SrCa3_id381_E-1.33.cif,SrCa3,-1.3319,0.0,Metal,Ibca,73,32
BaCd6In_id1414_E-1.33.cif,BaCd6In,-1.3309,0.0,Metal,I4/mcm,140,32
MgZn_id2966_E-1.33.cif,MgZn,-1.3305,0.002,Metal,P6_3/mmc,194,8
MgZn_id4050_E-1.33.cif,MgZn,-1.3303,0.0,Metal,Fm-3m,225,8
K4Te_id4688_E-1.33.cif,K4Te,-1.3296,0.0,Metal,Pn-3n,222,60
LiZn2Ge_id3620_E-1.33.cif,LiZn2Ge,-1.3289,0.0,Metal,P6_222,180,12
Na2Ca4MgCd2_id735_E-1.33.cif,Na2Ca4MgCd2,-1.3287,0.0,Metal,Cmce,64,36
Cd3In_id1084_E-1.33.cif,Cd3In,-1.3275,0.0,Metal,Pm-3n,223,8
Li3ZnO8_id3171_E-1.33.cif,Li3ZnO8,-1.3268,0.238,Semiconductor,P3_121,152,36
Zn6InGa3_id4628_E-1.33.cif,Zn6InGa3,-1.3251,0.0,Metal,Pmmm,47,10
Na3Li4Zn3_id4106_E-1.32.cif,Na3Li4Zn3,-1.3243,0.0,Metal,I-43d,220,40
Mg_id2093_E-1.32.cif,Mg,-1.3242,0.0,Metal,I4_1/a,88,20
NaLi2Zn2Sn_id53_E-1.32.cif,NaLi2Zn2Sn,-1.3242,0.0,Metal,Iba2,45,48
KNa2LiCdSb_id3568_E-1.32.cif,KNa2LiCdSb,-1.3238,0.118,Semiconductor,C222_1,20,24
Na3Mg_id4178_E-1.32.cif,Na3Mg,-1.3237,0.0,Metal,Pm-3m,221,32
NaMgAlZn3In_id4808_E-1.32.cif,NaMgAlZn3In,-1.3233,2.966,Semiconductor,P4_3,78,28
Mg4In5_id4062_E-1.32.cif,Mg4In5,-1.3219,0.0,Metal,Pm-3m,221,27
Na6Ca2Cd_id2315_E-1.32.cif,Na6Ca2Cd,-1.3211,0.078,Semiconductor,I4mm,107,18
NaLi29(MgZn)2_id3872_E-1.32.cif,NaLi29(MgZn)2,-1.3209,0.0,Metal,P-1,2,34
Ba2Li3(Ca3Sc)2_id1888_E-1.32.cif,Ba2Li3(Ca3Sc)2,-1.3203,0.001,Metal,R-3,148,39
Li3ZnCd2_id218_E-1.32.cif,Li3ZnCd2,-1.3185,0.0,Metal,Cmcm,63,24
Ca5Mg_id2498_E-1.32.cif,Ca5Mg,-1.3179,0.0,Metal,P4/mbm,127,24
Ba2SrLiMgZnSn_id2128_E-1.32.cif,Ba2SrLiMgZnSn,-1.3158,0.0,Metal,Cmcm,63,28
KBaCd3In3GaSn_id426_E-1.32.cif,KBaCd3In3GaSn,-1.3155,0.0,Metal,P-6m2,187,10
K8Al2ZnSi_id821_E-1.31.cif,K8Al2ZnSi,-1.3133,0.124,Semiconductor,I422,97,24
Li2Mg(BeCd)2_id942_E-1.31.cif,Li2Mg(BeCd)2,-1.3125,0.0,Metal,C2/m,12,14
SrLiCa2_id4684_E-1.31.cif,SrLiCa2,-1.3125,0.0,Metal,Ibca,73,32
Zn9Ga_id1134_E-1.31.cif,Zn9Ga,-1.3115,0.0,Metal,P-4m2,115,10
CaBe4(Zn2Ga)4_id2665_E-1.31.cif,CaBe4(Zn2Ga)4,-1.3113,0.0,Metal,P4_2/nmc,137,34
SrLi2Cd_id1458_E-1.31.cif,SrLi2Cd,-1.3112,0.0,Metal,Cmmm,65,16
Na2Li2Be2Ge_id4700_E-1.31.cif,Na2Li2Be2Ge,-1.3107,1.018,Semiconductor,P1,1,28
LiCdIn2_id1171_E-1.31.cif,LiCdIn2,-1.3104,0.0,Metal,P4_122,91,16
Ba6NaLi_id149_E-1.31.cif,Ba6NaLi,-1.3103,0.013,Metal,F-43m,216,32
BaSr2Zn_id1785_E-1.31.cif,BaSr2Zn,-1.3102,0.0,Metal,Ibca,73,32
Na(Cd2In)6_id4052_E-1.31.cif,Na(Cd2In)6,-1.3096,0.0,Metal,I23,197,38
Sr_id219_E-1.31.cif,Sr,-1.3093,0.0,Metal,Pmna,53,36
NaCd3Sn_id2964_E-1.31.cif,NaCd3Sn,-1.3093,0.0,Metal,Imm2,44,10
Na6Ca3In4_id1621_E-1.31.cif,Na6Ca3In4,-1.3075,0.19,Semiconductor,P432,207,52
Na6LiCa3_id2797_E-1.31.cif,Na6LiCa3,-1.3073,0.0,Metal,Ibam,72,40
Te2As_id3430_E-1.31.cif,Te2As,-1.3071,0.756,Semiconductor,Cmmm,65,12
KLi4MgZn2_id1263_E-1.31.cif,KLi4MgZn2,-1.3065,0.0,Metal,P-42c,112,16
MgZn5_id63_E-1.31.cif,MgZn5,-1.3062,0.0,Metal,Cmcm,63,24
K5CdIn3Ga_id1632_E-1.31.cif,K5CdIn3Ga,-1.3062,0.319,Semiconductor,P4_3,78,40
Ba2Li14CaZnCd2_id4347_E-1.30.cif,Ba2Li14CaZnCd2,-1.3015,0.0,Metal,P2/m,10,20
Ba2Sr2Cd_id4875_E-1.30.cif,Ba2Sr2Cd,-1.3013,0.0,Metal,I4/mcm,140,20
BaNa4Cd4Ge_id4796_E-1.30.cif,BaNa4Cd4Ge,-1.3012,0.531,Semiconductor,I4_1/a,88,40
Na3Mg3Cd2_id89_E-1.30.cif,Na3Mg3Cd2,-1.3005,0.0,Metal,R-3,148,48
Ba2CaCd6Ga_id3026_E-1.30.cif,Ba2CaCd6Ga,-1.2999,0.0,Metal,Pbam,55,20
Ca_id158_E-1.30.cif,Ca,-1.298,0.277,Semiconductor,Pmna,53,30
NaCdIn_id1675_E-1.30.cif,NaCdIn,-1.2976,0.159,Semiconductor,P4/mmm,123,12
K2Cd5Sn_id50_E-1.30.cif,K2Cd5Sn,-1.297,0.0,Metal,Pbam,55,16
Na2Li4Mg3_id3595_E-1.30.cif,Na2Li4Mg3,-1.2962,0.0,Metal,Cmce,64,36
MgZn6_id420_E-1.29.cif,MgZn6,-1.294,0.0,Metal,Fm-3m,225,28
K2Ba4Sr_id1977_E-1.29.cif,K2Ba4Sr,-1.2932,0.0,Metal,Cmce,64,28
K7CdSnSb_id2735_E-1.29.cif,K7CdSnSb,-1.2929,0.106,Semiconductor,P312,149,10
K2Ba_id2325_E-1.29.cif,K2Ba,-1.2925,0.0,Metal,P-3c1,165,12
Mg2Cd4In_id4364_E-1.29.cif,Mg2Cd4In,-1.2916,0.0,Metal,Cmce,64,28
CaCd4_id2185_E-1.29.cif,CaCd4,-1.291,0.0,Metal,I4/mmm,139,10
Mg2ZnCd(InTe)2_id2262_E-1.29.cif,Mg2ZnCd(InTe)2,-1.2908,0.026,Metal,P4mm,99,8
KBaSr_id2271_E-1.29.cif,KBaSr,-1.2904,0.0,Metal,I-4m2,119,6
Li4Mg6Al3Zn7(Cd3Ga4)2_id2152_E-1.29.cif,Li4Mg6Al3Zn7(Cd3Ga4)2,-1.2894,0.0,Metal,P-1,2,34
Mg2Zn3_id2151_E-1.29.cif,Mg2Zn3,-1.2887,0.0,Metal,Cmmm,65,10
Mg3ZnIn_id2804_E-1.29.cif,Mg3ZnIn,-1.2885,0.0,Metal,Pm-3m,221,5
In4Ga_id4599_E-1.29.cif,In4Ga,-1.2885,0.0,Metal,P6/mmm,191,5
Mg4Cd_id4769_E-1.29.cif,Mg4Cd,-1.2884,0.0,Metal,Im-3m,229,10
AlZnCd2_id1129_E-1.29.cif,AlZnCd2,-1.2873,0.0,Metal,Iba2,45,16
Zn2Cd6(InGa)3_id4194_E-1.29.cif,Zn2Cd6(InGa)3,-1.287,0.0,Metal,P6cc,184,28
Na4ScCd4_id2742_E-1.29.cif,Na4ScCd4,-1.2869,0.0,Metal,P-42_1c,114,18
Li2Zn8Ga_id645_E-1.29.cif,Li2Zn8Ga,-1.2867,0.0,Metal,Aea2,41,44
Li8Mg9ScIn3_id2291_E-1.28.cif,Li8Mg9ScIn3,-1.2845,0.033,Metal,P6/mmm,191,21
Sr_id49_E-1.28.cif,Sr,-1.2844,0.0,Metal,P4_2mc,105,10
K_id2650_E-1.28.cif,K,-1.2835,1.627,Semiconductor,P6_3/mcm,193,18
Na9(Li2Mg)2_id4947_E-1.28.cif,Na9(Li2Mg)2,-1.2821,0.0,Metal,P2_1/c,14,30
KNa10Mg4ZnCd8In4Sn4Ge4Te4AsSe2_id512_E-1.28.cif,KNa10Mg4ZnCd8In4Sn4Ge4Te4AsSe2,-1.2821,0.111,Semiconductor,P4,75,43
LiZn_id277_E-1.28.cif,LiZn,-1.2819,0.0,Metal,I4_1/acd,142,32
InGa3_id1462_E-1.28.cif,InGa3,-1.2814,0.0,Metal,P4/mmm,123,8
K7Zn6GaSb_id1863_E-1.28.cif,K7Zn6GaSb,-1.2813,0.111,Semiconductor,P312,149,15
MgCd_id1866_E-1.28.cif,MgCd,-1.2811,0.0,Metal,P4_32_12,96,8
Li2Cd_id478_E-1.28.cif,Li2Cd,-1.2787,0.0,Metal,Pn-3m,224,6
KNaCd6Sn_id622_E-1.28.cif,KNaCd6Sn,-1.2784,0.0,Metal,P-6m2,187,9
K7CdSn_id2521_E-1.28.cif,K7CdSn,-1.2777,0.0,Metal,P-31c,163,18
K2Ba_id1091_E-1.28.cif,K2Ba,-1.2768,0.0,Metal,P4/mmm,123,12
BaNa4LiZn2As_id1816_E-1.28.cif,BaNa4LiZn2As,-1.2757,0.0,Metal,I4/mcm,140,36
K(Na7In3)2_id3209_E-1.27.cif,K(Na7In3)2,-1.2747,0.0,Metal,P-6m2,187,21
LiTeP2Se2S9_id254_E-1.27.cif,LiTeP2Se2S9,-1.2737,1.548,Semiconductor,P2_1/c,14,60
ScZn2_id1431_E-1.27.cif,ScZn2,-1.2737,2.366,Semiconductor,Amm2,38,6
Li2Cd5In7_id2046_E-1.27.cif,Li2Cd5In7,-1.2733,0.0,Metal,P2_1/c,14,28
Cd4Ga_id3572_E-1.27.cif,Cd4Ga,-1.2727,0.0,Metal,P-42_1c,114,10
KCaMg12_id3027_E-1.27.cif,KCaMg12,-1.2708,0.0,Metal,I-4m2,119,28
Na2LiMg2_id306_E-1.27.cif,Na2LiMg2,-1.2696,0.0,Metal,I23,197,60
MgZn_id549_E-1.27.cif,MgZn,-1.269,0.0,Metal,P4/nmm,129,8
Zn4In_id1313_E-1.27.cif,Zn4In,-1.2687,0.0,Metal,I4/mcm,140,20
Li4Mg2BeZnIn2SiGe_id3609_E-1.27.cif,Li4Mg2BeZnIn2SiGe,-1.268,0.181,Semiconductor,Amm2,38,24
LiZn_id4928_E-1.27.cif,LiZn,-1.2678,0.004,Metal,F-43m,216,8
Mg3Cd2In_id3719_E-1.27.cif,Mg3Cd2In,-1.267,0.0,Metal,Pmmm,47,6
Ca7(Mg2Cd)2_id4486_E-1.27.cif,Ca7(Mg2Cd)2,-1.2664,0.0,Metal,Cmce,64,52
Li8Zn7_id2161_E-1.27.cif,Li8Zn7,-1.2663,0.01,Metal,P1,1,60
Li3(MgCd)4_id968_E-1.26.cif,Li3(MgCd)4,-1.2632,0.0,Metal,P-43n,218,22
Ba4Te3O10_id330_E-1.26.cif,Ba4Te3O10,-1.2617,4.648,Insulator,I23,197,34
Be4Al4Zn2Ga3O2_id1323_E-1.26.cif,Be4Al4Zn2Ga3O2,-1.2604,0.817,Semiconductor,C222,21,30
ScCd8_id2445_E-1.26.cif,ScCd8,-1.2598,0.0,Metal,Pn-3,201,18
Mg_id1499_E-1.26.cif,Mg,-1.2596,0.0,Metal,Cmce,64,20
Na3Cd_id4580_E-1.26.cif,Na3Cd,-1.2574,0.0,Metal,Pm-3m,221,32
Na13Ge2_id501_E-1.26.cif,Na13Ge2,-1.2573,1.305,Semiconductor,C2/c,15,60
Sr2Li3Ca4P_id2602_E-1.26.cif,Sr2Li3Ca4P,-1.2566,0.0,Metal,P42_12,90,20
Ba5Ca2_id271_E-1.26.cif,Ba5Ca2,-1.2559,0.0,Metal,P4/nbm,125,14
MgZn3_id1742_E-1.25.cif,MgZn3,-1.2536,0.0,Metal,Pm-3,200,8
KNaIn2_id1555_E-1.25.cif,KNaIn2,-1.2529,0.023,Metal,P4/mbm,127,8
Li3Ca3(MgZn)4_id2568_E-1.25.cif,Li3Ca3(MgZn)4,-1.2528,0.0,Metal,P6_3mc,186,28
Mg4Ti(BeZn4)4_id492_E-1.25.cif,Mg4Ti(BeZn4)4,-1.2521,0.0,Metal,P-42_1c,114,50
NaLiCd4_id2002_E-1.25.cif,NaLiCd4,-1.2465,0.0,Metal,R3m,160,18
Mg4Al3Zn4InSn_id1383_E-1.25.cif,Mg4Al3Zn4InSn,-1.2462,0.0,Metal,Pc,7,26
Ba3Na3LiCd_id4742_E-1.24.cif,Ba3Na3LiCd,-1.2449,0.0,Metal,P6_5,170,48
KBa2Mg7_id3178_E-1.24.cif,KBa2Mg7,-1.2437,0.0,Metal,Fm-3m,225,40
BaCa7_id2559_E-1.24.cif,BaCa7,-1.2432,0.0,Metal,P6/mmm,191,8
Li3Ca4Zn2In3_id3140_E-1.24.cif,Li3Ca4Zn2In3,-1.2429,0.0,Metal,Pn-3,201,48
KNa6Ca_id2432_E-1.24.cif,KNa6Ca,-1.2426,0.0,Metal,P-31c,163,16
SrCd_id736_E-1.24.cif,SrCd,-1.2419,0.0,Metal,P4/mmm,123,8
K2Li_id1351_E-1.24.cif,K2Li,-1.2415,0.0,Metal,I4/mcm,140,12
Sr(Zn4In)2_id4833_E-1.24.cif,Sr(Zn4In)2,-1.2404,0.0,Metal,I422,97,22
K2LiMg_id4924_E-1.24.cif,K2LiMg,-1.2377,0.0,Metal,Fm-3m,225,16
K4SrSc_id2133_E-1.24.cif,K4SrSc,-1.2373,0.0,Metal,P4/mmm,123,12
Na2CdIn2_id1862_E-1.24.cif,Na2CdIn2,-1.2364,0.176,Semiconductor,P4_222,93,20
Li12Mg15Zn_id4671_E-1.24.cif,Li12Mg15Zn,-1.2357,0.0,Metal,Pm-3m,221,28
Na(SrCa2)2_id944_E-1.24.cif,Na(SrCa2)2,-1.2355,0.0,Metal,P2/c,13,14
Li2Mg2(ZnCd)3_id3231_E-1.24.cif,Li2Mg2(ZnCd)3,-1.2354,0.0,Metal,P4mm,99,10
Li5Cd9In4_id4260_E-1.24.cif,Li5Cd9In4,-1.2351,0.116,Semiconductor,P4_2/n,86,36
BaMgZn_id2220_E-1.23.cif,BaMgZn,-1.2349,0.0,Metal,F-43m,216,12
Mg4Cd_id3817_E-1.23.cif,Mg4Cd,-1.2349,0.0,Metal,P4_2/m,84,20
KCaCdIn2Sn3_id3013_E-1.23.cif,KCaCdIn2Sn3,-1.2327,0.0,Metal,P6_5,170,48
Na2Li4BeGa3O2_id1054_E-1.23.cif,Na2Li4BeGa3O2,-1.2326,2.648,Semiconductor,P6_422,181,36
KNa2LiCd2_id2217_E-1.23.cif,KNa2LiCd2,-1.23,0.617,Semiconductor,C2/m,12,12
KLi2MgZn2_id1700_E-1.23.cif,KLi2MgZn2,-1.2289,0.0,Metal,P-6m2,187,12
Ba2Sr6CaCdIn_id1358_E-1.23.cif,Ba2Sr6CaCdIn,-1.228,0.0,Metal,P6,168,11
Mg7ScIn4_id114_E-1.23.cif,Mg7ScIn4,-1.2271,0.219,Semiconductor,P-42_1c,114,24
Cd2InGa_id361_E-1.23.cif,Cd2InGa,-1.2266,0.0,Metal,P4_2/mbc,135,32
Li2Al(ZnGa)2_id3790_E-1.23.cif,Li2Al(ZnGa)2,-1.2266,0.0,Metal,Cccm,66,28
MgCd_id2848_E-1.23.cif,MgCd,-1.2265,0.0,Metal,Pn-3m,224,12
Na7Zn_id3001_E-1.23.cif,Na7Zn,-1.2261,0.0,Metal,P-31c,163,16
K2B_id3392_E-1.23.cif,K2B,-1.2258,0.0,Metal,P6_422,181,18
KCa_id4749_E-1.22.cif,KCa,-1.2244,0.0,Metal,Ibca,73,32
Ba2LiZnCd8_id2119_E-1.22.cif,Ba2LiZnCd8,-1.2233,0.0,Metal,R-3,148,36
LiMgCd4InGe_id1731_E-1.22.cif,LiMgCd4InGe,-1.2232,0.0,Metal,P4_322,95,32
Na3Mg2Cd2In_id2859_E-1.22.cif,Na3Mg2Cd2In,-1.2232,0.114,Semiconductor,P-3m1,164,8
Na4Li8ZnIn_id3180_E-1.22.cif,Na4Li8ZnIn,-1.2224,0.0,Metal,P4_2nm,102,28
K6AlZn_id1989_E-1.22.cif,K6AlZn,-1.2212,0.0,Metal,Pm-3,200,8
Ca3Cd_id2712_E-1.22.cif,Ca3Cd,-1.2211,0.16,Semiconductor,P6_5,170,24
Sr2Li2Ca3Mg3(ZnCd)2_id51_E-1.22.cif,Sr2Li2Ca3Mg3(ZnCd)2,-1.221,0.0,Metal,C2/m,12,28
Li6Zn13_id3203_E-1.22.cif,Li6Zn13,-1.2187,0.003,Metal,Im-3,204,38
LiCd4Sn_id4790_E-1.22.cif,LiCd4Sn,-1.2176,0.0,Metal,P4cc,103,12
AlZn11_id1157_E-1.22.cif,AlZn11,-1.2158,0.0,Metal,I422,97,24
LiZn2_id3220_E-1.22.cif,LiZn2,-1.2152,0.0,Metal,I4_1/acd,142,48
Li4Mg2CdIn_id4394_E-1.21.cif,Li4Mg2CdIn,-1.2132,0.0,Metal,I4/mcm,140,32
NaSrLi_id18_E-1.21.cif,NaSrLi,-1.2132,0.0,Metal,P-6m2,187,6
Li2Ca2Mg7_id382_E-1.21.cif,Li2Ca2Mg7,-1.2129,0.0,Metal,Cmce,64,44
ZnGa_id191_E-1.21.cif,ZnGa,-1.2112,0.0,Metal,P4_122,91,8
Na3Li_id4055_E-1.21.cif,Na3Li,-1.2105,0.0,Metal,Aem2,39,16
BaNa4LiAl2_id4729_E-1.21.cif,BaNa4LiAl2,-1.2099,0.0,Metal,I4/mcm,140,32
Ba2Sr2Li3Mg3Ga2_id2263_E-1.21.cif,Ba2Sr2Li3Mg3Ga2,-1.2095,0.0,Metal,Fmmm,69,48
ZnGa_id2909_E-1.21.cif,ZnGa,-1.2094,0.0,Metal,I4_1/acd,142,32
K2Na2Cd2Ga_id2658_E-1.21.cif,K2Na2Cd2Ga,-1.2079,0.583,Semiconductor,Cmce,64,28
Li6AlCd_id2823_E-1.21.cif,Li6AlCd,-1.2078,0.0,Metal,F-43m,216,32
LiCd2_id1290_E-1.21.cif,LiCd2,-1.2071,0.0,Metal,Cmce,64,36
K4Ba(Na3Ca2)2_id1095_E-1.21.cif,K4Ba(Na3Ca2)2,-1.2061,0.0,Metal,P4_22_12,94,30
NaSr2Li(ZnCd2)2_id1330_E-1.21.cif,NaSr2Li(ZnCd2)2,-1.2059,0.0,Metal,Ibam,72,40
ZnCd2GaSn_id2166_E-1.21.cif,ZnCd2GaSn,-1.2057,0.0,Metal,C222_1,20,40
BaNa2ZnCd4_id1008_E-1.21.cif,BaNa2ZnCd4,-1.2054,0.039,Metal,I4/mcm,140,32
Zn_id2015_E-1.20.cif,Zn,-1.204,0.0,Metal,I4_1/acd,142,16
Ba_id2192_E-1.20.cif,Ba,-1.2039,0.0,Metal,Im-3m,229,6
Ba_id3465_E-1.20.cif,Ba,-1.2037,0.0,Metal,P4/mmm,123,4
Zn_id2497_E-1.20.cif,Zn,-1.2035,0.0,Metal,P4/nmm,129,6
Li21Mg12ScCd3In_id2312_E-1.20.cif,Li21Mg12ScCd3In,-1.203,0.017,Metal,Pm-3m,221,38
Zn_id308_E-1.20.cif,Zn,-1.202,0.0,Metal,I4_1/acd,142,16
KAl2_id1505_E-1.20.cif,KAl2,-1.2014,0.0,Metal,I4_1cd,110,48
Ba4Ca3_id2355_E-1.20.cif,Ba4Ca3,-1.2009,0.0,Metal,Fd-3m,227,56
Sr6Ca2MgSi_id4887_E-1.20.cif,Sr6Ca2MgSi,-1.1999,0.0,Metal,P42_12,90,20
Mg2Cd_id185_E-1.20.cif,Mg2Cd,-1.1996,0.0,Metal,Pa-3,205,12
Li(ZnCd)2_id689_E-1.20.cif,Li(ZnCd)2,-1.1996,0.0,Metal,Pn-3m,224,10
Zn_id825_E-1.20.cif,Zn,-1.1965,0.0,Metal,I4_1/acd,142,16
NaMg2Cd_id3284_E-1.20.cif,NaMg2Cd,-1.1955,0.0,Metal,I-42d,122,16
LiMgZn_id162_E-1.20.cif,LiMgZn,-1.1952,0.0,Metal,Ibca,73,48
LiCa2_id2537_E-1.19.cif,LiCa2,-1.1946,0.0,Metal,Fd-3m,227,48
Zn_id4596_E-1.19.cif,Zn,-1.1944,0.0,Metal,I4_1/acd,142,16
Na_id3255_E-1.19.cif,Na,-1.1908,0.0,Metal,P4_2mc,105,12
ScTiZn12_id2944_E-1.19.cif,ScTiZn12,-1.1907,0.0,Metal,Pm-3,200,14
Na3CaCd2_id1783_E-1.19.cif,Na3CaCd2,-1.1906,0.0,Metal,Pmmm,47,6
Na9Cd2Sn_id2642_E-1.19.cif,Na9Cd2Sn,-1.1904,3.834,Insulator,P-4c2,116,24
AlZnGa2_id4340_E-1.19.cif,AlZnGa2,-1.1902,0.0,Metal,Pmc2_1,26,8
Na4Sr2In_id1285_E-1.19.cif,Na4Sr2In,-1.1899,0.0,Metal,P-6c2,188,14
Zn_id4411_E-1.19.cif,Zn,-1.1893,0.0,Metal,P-4c2,116,16
Zn_id3988_E-1.19.cif,Zn,-1.1882,0.0,Metal,I4/mmm,139,20
MgZn_id3654_E-1.19.cif,MgZn,-1.1874,0.0,Metal,I4_1/acd,142,32
K2Li_id2106_E-1.19.cif,K2Li,-1.1862,0.0,Metal,Pbcn,60,12
LiCd2_id3294_E-1.19.cif,LiCd2,-1.1858,0.0,Metal,I4/mmm,139,6
K3NaLi12Ga8(C3O13)2_id46_E-1.19.cif,K3NaLi12Ga8(C3O13)2,-1.1851,0.825,Semiconductor,P-3,147,56
Na4Cd_id411_E-1.18.cif,Na4Cd,-1.1825,0.0,Metal,Im-3m,229,10
Li2Zn5Ga_id552_E-1.18.cif,Li2Zn5Ga,-1.1824,0.0,Metal,Cmmm,65,16
AlZnGa8_id2104_E-1.18.cif,AlZnGa8,-1.182,3.35,Semiconductor,Pmmm,47,10
Zn4Cd3In2Ga_id2507_E-1.18.cif,Zn4Cd3In2Ga,-1.182,0.0,Metal,P4_2/m,84,20
LiZn3_id4819_E-1.18.cif,LiZn3,-1.1816,0.0,Metal,P4_132,213,16
Zn_id4462_E-1.18.cif,Zn,-1.1796,0.0,Metal,P6/mmm,191,12
K4Ca4TiAlZn4_id247_E-1.18.cif,K4Ca4TiAlZn4,-1.1793,0.159,Semiconductor,P42_12,90,28
BaMgZn2_id331_E-1.18.cif,BaMgZn2,-1.1785,0.047,Metal,Cmmm,65,16
NaZn4_id3161_E-1.18.cif,NaZn4,-1.1763,0.0,Metal,P4_2/nmc,137,10
CaMg10In3Ga2_id317_E-1.18.cif,CaMg10In3Ga2,-1.1762,0.0,Metal,P6/mmm,191,16
LiZn5_id4466_E-1.18.cif,LiZn5,-1.1758,0.0,Metal,Immm,71,12
Li6CaAlZn2Ga3_id3648_E-1.18.cif,Li6CaAlZn2Ga3,-1.1755,2.252,Semiconductor,P1,1,52
BaCd6_id3024_E-1.17.cif,BaCd6,-1.1746,0.0,Metal,Cmmm,65,14
Mg10Cd3InSn_id2708_E-1.17.cif,Mg10Cd3InSn,-1.1732,0.0,Metal,P2/c,13,60
Cd4In_id3769_E-1.17.cif,Cd4In,-1.173,2.811,Semiconductor,P4/nbm,125,20
Zn_id4612_E-1.17.cif,Zn,-1.1715,0.0,Metal,Cmcm,63,16
Li9ZnCd5_id1934_E-1.17.cif,Li9ZnCd5,-1.1714,0.0,Metal,P-31m,162,15
Na_id4923_E-1.17.cif,Na,-1.1713,0.0,Metal,Aem2,39,20
NaZn3_id633_E-1.17.cif,NaZn3,-1.1709,0.0,Metal,P-31c,163,16
Ba2Sr9Ca_id2146_E-1.17.cif,Ba2Sr9Ca,-1.1706,0.0,Metal,P6/mmm,191,12
Na2Zn4Cd4Sn_id3080_E-1.17.cif,Na2Zn4Cd4Sn,-1.1703,0.0,Metal,P4_2/mcm,132,22
Ba4Zn_id606_E-1.17.cif,Ba4Zn,-1.168,0.0,Metal,Ccce,68,20
NaLiMgAlZnCd3_id3132_E-1.16.cif,NaLiMgAlZnCd3,-1.1649,0.0,Metal,P4_3,78,32
ScCd2_id2831_E-1.16.cif,ScCd2,-1.1639,0.0,Metal,I4/mmm,139,6
Mg_id1296_E-1.16.cif,Mg,-1.1633,0.0,Metal,P-42_1m,113,14
Li2Mg7_id3851_E-1.16.cif,Li2Mg7,-1.1622,0.006,Metal,Pccn,56,36
Zn3Ga5_id2717_E-1.16.cif,Zn3Ga5,-1.1616,0.0,Metal,P4/m,83,32
BaSrCa_id4611_E-1.16.cif,BaSrCa,-1.1609,0.0,Metal,P6_2,171,18
Mg_id4172_E-1.16.cif,Mg,-1.1602,0.0,Metal,P2_12_12_1,19,32
Ba2Li7Ca4_id4794_E-1.16.cif,Ba2Li7Ca4,-1.1597,0.0,Metal,P6/mmm,191,13
CaCd7In3Ga_id4442_E-1.16.cif,CaCd7In3Ga,-1.1594,0.0,Metal,Pmm2,25,12
Na2Be2Ge2B2As2O_id1298_E-1.16.cif,Na2Be2Ge2B2As2O,-1.1588,0.07,Semiconductor,P4_32_12,96,44
Mg8ScZn4In_id261_E-1.16.cif,Mg8ScZn4In,-1.1574,0.0,Metal,P4cc,103,28
Li2Ca5Mg2ScZn2_id961_E-1.16.cif,Li2Ca5Mg2ScZn2,-1.1569,2.992,Semiconductor,Pmmm,47,12
K3LiCa_id462_E-1.16.cif,K3LiCa,-1.1566,0.004,Metal,P-6m2,187,10
K2Sr_id3173_E-1.16.cif,K2Sr,-1.156,0.0,Metal,P-3c1,165,12
K6Ga3Sn_id3902_E-1.15.cif,K6Ga3Sn,-1.1549,0.0,Metal,Pm-3,200,10
BaCa_id3931_E-1.15.cif,BaCa,-1.1528,0.0,Metal,P4/mmm,123,4
K6BaMg2Cd5Sn3_id1151_E-1.15.cif,K6BaMg2Cd5Sn3,-1.1506,0.033,Metal,P4bm,100,34
Mg8Zn9Si2Ge_id2413_E-1.15.cif,Mg8Zn9Si2Ge,-1.1501,0.0,Metal,I422,97,40
Na2Zn_id3808_E-1.15.cif,Na2Zn,-1.1469,0.001,Metal,Pa-3,205,12
Mg_id3922_E-1.15.cif,Mg,-1.1463,0.0,Metal,I-4m2,119,16
Zn_id3162_E-1.15.cif,Zn,-1.1459,0.0,Metal,P4/nmm,129,8
SrCa2Zn6Cd_id2063_E-1.14.cif,SrCa2Zn6Cd,-1.1449,2.624,Semiconductor,I4/mcm,140,40
KNa8Mg_id1801_E-1.14.cif,KNa8Mg,-1.1448,0.0,Metal,P4/nbm,125,20
Zn_id4423_E-1.14.cif,Zn,-1.1446,0.0,Metal,Pm-3m,221,8
Zn_id906_E-1.14.cif,Zn,-1.1446,0.0,Metal,Pm-3m,221,8
NaZn12Ga_id3775_E-1.14.cif,NaZn12Ga,-1.1432,0.0,Metal,I422,97,28
K7CaCd6Sn_id4958_E-1.14.cif,K7CaCd6Sn,-1.1431,0.015,Metal,P-31c,163,30
Zn_id1360_E-1.14.cif,Zn,-1.143,0.0,Metal,Ccce,68,20
NaZnCd5Sn_id4800_E-1.14.cif,NaZnCd5Sn,-1.143,0.0,Metal,P4mm,99,8
Zn5(Cd2Ga)2_id1376_E-1.14.cif,Zn5(Cd2Ga)2,-1.1427,0.0,Metal,P2_12_12,18,22
AlCdIn_id482_E-1.14.cif,AlCdIn,-1.1411,0.0,Metal,P4mm,99,3
KCd8In4Sn_id522_E-1.14.cif,KCd8In4Sn,-1.1409,0.0,Metal,P4/nbm,125,28
SrZn8Ga_id3929_E-1.14.cif,SrZn8Ga,-1.1407,0.0,Metal,I-4m2,119,20
Mg15Cd_id3658_E-1.14.cif,Mg15Cd,-1.1396,0.0,Metal,Pm-3,200,16
BaCd4_id3678_E-1.14.cif,BaCd4,-1.1364,0.0,Metal,P4_2/n,86,10
Cd4In_id4982_E-1.13.cif,Cd4In,-1.1349,0.0,Metal,Ccce,68,20
LiMg6ZnIn3_id4362_E-1.13.cif,LiMg6ZnIn3,-1.1344,0.0,Metal,P-6m2,187,11
Mg2Cd3In2Sn_id733_E-1.13.cif,Mg2Cd3In2Sn,-1.1325,0.0,Metal,Pmmm,47,8
Na3CaZn4_id4931_E-1.13.cif,Na3CaZn4,-1.1325,0.168,Semiconductor,P4_2/m,84,16
Al2Zn6Cd2Ga_id4524_E-1.13.cif,Al2Zn6Cd2Ga,-1.1323,2.238,Semiconductor,C222,21,22
KSr3(Li2Cd)6_id3_E-1.13.cif,KSr3(Li2Cd)6,-1.1323,0.0,Metal,Im-3m,229,44
Mg4AlIn4_id3793_E-1.13.cif,Mg4AlIn4,-1.1313,0.0,Metal,P4_22_12,94,18
K4Li2Ga_id70_E-1.13.cif,K4Li2Ga,-1.1311,0.0,Metal,Fd-3m,227,56
Sr2CaMg13_id742_E-1.13.cif,Sr2CaMg13,-1.1311,0.0,Metal,P422,89,16
K3ZnCd2In3_id1825_E-1.13.cif,K3ZnCd2In3,-1.1302,0.0,Metal,P6_5,170,54
Zn3Cd_id4191_E-1.13.cif,Zn3Cd,-1.1301,0.0,Metal,Pm-3n,223,8
Na2Zn_id2182_E-1.13.cif,Na2Zn,-1.1298,0.069,Semiconductor,Pbcn,60,12
KBa5_id2494_E-1.13.cif,KBa5,-1.1294,0.0,Metal,P4/ncc,130,24
Li9Mg3InSn_id559_E-1.13.cif,Li9Mg3InSn,-1.1288,0.868,Semiconductor,Pm-3m,221,14
K8As_id56_E-1.13.cif,K8As,-1.1283,0.0,Metal,Cmm2,35,18
Mg_id3286_E-1.13.cif,Mg,-1.1277,0.0,Metal,I4_1/acd,142,16
Mg7Cd6_id3553_E-1.13.cif,Mg7Cd6,-1.1276,0.0,Metal,Fm-3m,225,52
KZn8(CdSn)4_id720_E-1.13.cif,KZn8(CdSn)4,-1.1275,0.0,Metal,P4_2/nmc,137,34
Zn3In_id209_E-1.13.cif,Zn3In,-1.1273,0.063,Semiconductor,Pmmm,47,4
Li4Ca2MgZn4_id1970_E-1.13.cif,Li4Ca2MgZn4,-1.1272,0.0,Metal,Pban,50,22
Mg_id62_E-1.13.cif,Mg,-1.1271,0.0,Metal,Pba2,32,16
Mg4Cd5In_id1913_E-1.13.cif,Mg4Cd5In,-1.1268,0.0,Metal,P6_3/mcm,193,20
KBaIn2Ga4Sb_id2779_E-1.13.cif,KBaIn2Ga4Sb,-1.1261,0.0,Metal,I4/mcm,140,36
Li9Cd2_id4715_E-1.12.cif,Li9Cd2,-1.124,0.099,Semiconductor,Pmna,53,44
KLi(BeZn4)2_id4443_E-1.12.cif,KLi(BeZn4)2,-1.1225,0.0,Metal,I422,97,24
Ba2SrMg(Cd3In)2_id4944_E-1.12.cif,Ba2SrMg(Cd3In)2,-1.1221,0.0,Metal,I4/mmm,139,24
K2Na3Se_id1357_E-1.12.cif,K2Na3Se,-1.1203,0.0,Metal,P6_122,178,36
Na31In3_id582_E-1.12.cif,Na31In3,-1.1202,0.0,Metal,Pm-3m,221,34
Na2Zn_id2297_E-1.12.cif,Na2Zn,-1.1192,0.055,Semiconductor,Pa-3,205,12
Mg2CdIn_id4004_E-1.12.cif,Mg2CdIn,-1.1179,0.0,Metal,Pmma,51,8
Li10CaAl2Zn_id1774_E-1.12.cif,Li10CaAl2Zn,-1.1177,4.886,Insulator,P1,1,28
Na4Li7(MgCd)2_id3522_E-1.12.cif,Na4Li7(MgCd)2,-1.1172,0.0,Metal,Pcc2,27,30
Ba2LiMg2(Zn4Ga)3_id690_E-1.12.cif,Ba2LiMg2(Zn4Ga)3,-1.1161,2.379,Semiconductor,Cm,8,20
MgZn_id1061_E-1.11.cif,MgZn,-1.1136,0.0,Metal,P4_2/mmc,131,8
Cd3In_id2508_E-1.11.cif,Cd3In,-1.1128,0.0,Metal,Cmmm,65,16
Cd13Ga6_id569_E-1.11.cif,Cd13Ga6,-1.1122,0.0,Metal,I23,197,38
Na3Sr2Ca3_id2678_E-1.11.cif,Na3Sr2Ca3,-1.1107,0.132,Semiconductor,Cmmm,65,16
BaIn4_id4634_E-1.11.cif,BaIn4,-1.1106,0.0,Metal,P3m1,156,5
Na2LiAl_id4415_E-1.11.cif,Na2LiAl,-1.1103,0.19,Semiconductor,I23,197,48
Mg_id4613_E-1.11.cif,Mg,-1.1103,0.459,Semiconductor,Pm,6,22
Na8Ca2Sn_id2745_E-1.11.cif,Na8Ca2Sn,-1.1099,3.581,Insulator,P4_2bc,106,44
AlCd4_id4909_E-1.11.cif,AlCd4,-1.1089,0.0,Metal,P3_112,151,15
Na3Cd6In_id3227_E-1.11.cif,Na3Cd6In,-1.1089,0.004,Metal,P6/mmm,191,10
Mg_id850_E-1.11.cif,Mg,-1.108,0.0,Metal,P2_12_12_1,19,24
SrLi(Ca2Zn)2_id1272_E-1.11.cif,SrLi(Ca2Zn)2,-1.1075,0.0,Metal,I4/mcm,140,32
MgZn4_id1450_E-1.11.cif,MgZn4,-1.1066,0.0,Metal,P6/mmm,191,10
MgCd_id3554_E-1.11.cif,MgCd,-1.1062,0.0,Metal,I4_1/acd,142,32
NaLi(CdIn)5_id3907_E-1.11.cif,NaLi(CdIn)5,-1.1061,0.0,Metal,I4mm,107,24
Ca4Mg_id4518_E-1.11.cif,Ca4Mg,-1.106,1.185,Semiconductor,Ccce,68,20
NaCa(MgCd2)2_id4471_E-1.11.cif,NaCa(MgCd2)2,-1.1051,0.0,Metal,P4_2/m,84,16
BaNaSr_id203_E-1.10.cif,BaNaSr,-1.1042,0.0,Metal,P4/mmm,123,6
LiZn3_id85_E-1.10.cif,LiZn3,-1.1037,0.0,Metal,I2_12_12_1,24,32
NaMg2Cd_id2785_E-1.10.cif,NaMg2Cd,-1.1029,0.0,Metal,Pnnn,48,16
Na2Cd_id2635_E-1.10.cif,Na2Cd,-1.1011,0.0,Metal,I4_1/acd,142,24
Zn_id1353_E-1.10.cif,Zn,-1.0992,0.0,Metal,Pm-3m,221,12
Li3Mg3Cd4_id3055_E-1.10.cif,Li3Mg3Cd4,-1.0992,0.0,Metal,P6_3/m,176,20
Li2Zn3_id3840_E-1.10.cif,Li2Zn3,-1.098,0.0,Metal,P2/c,13,10
NaMg(CdIn)4_id609_E-1.10.cif,NaMg(CdIn)4,-1.0974,0.0,Metal,I-4m2,119,20
Ca(Mg8In)3_id3591_E-1.10.cif,Ca(Mg8In)3,-1.0974,0.0,Metal,Pm-3m,221,28
K12SnGe_id1841_E-1.10.cif,K12SnGe,-1.0967,0.0,Metal,R-3,148,42
K4Zn6In_id1311_E-1.10.cif,K4Zn6In,-1.0962,0.576,Semiconductor,Im-3m,229,22
Li5(Mg4Ti)3_id3267_E-1.09.cif,Li5(Mg4Ti)3,-1.0938,0.0,Metal,P4_232,208,40
LiMgAlCd_id2609_E-1.09.cif,LiMgAlCd,-1.0913,0.04,Metal,Pcc2,27,16
NaZn4_id4513_E-1.09.cif,NaZn4,-1.0903,0.0,Metal,P4_2/nmc,137,10
TiZn(SO)2_id400_E-1.09.cif,TiZn(SO)2,-1.0902,0.287,Semiconductor,Cmmm,65,12
ScZn6_id4584_E-1.09.cif,ScZn6,-1.0902,0.0,Metal,Cmce,64,28
Sr3Li3In_id4417_E-1.09.cif,Sr3Li3In,-1.0892,0.0,Metal,P6_3/m,176,14
Li2Ga_id4476_E-1.09.cif,Li2Ga,-1.089,0.0,Metal,Pa-3,205,12
LiZn5_id604_E-1.09.cif,LiZn5,-1.0889,0.0,Metal,P4/m,83,12
Na6CaMg12Sc4In3_id2519_E-1.09.cif,Na6CaMg12Sc4In3,-1.0882,0.0,Metal,P4_232,208,52
KSr2Ca3Si_id807_E-1.09.cif,KSr2Ca3Si,-1.0877,0.0,Metal,Amm2,38,14
Li4CaMg6_id1434_E-1.09.cif,Li4CaMg6,-1.0871,0.0,Metal,I-4m2,119,22
Zn4Ga_id454_E-1.09.cif,Zn4Ga,-1.0869,0.0,Metal,Pma2,28,10
K_id4964_E-1.09.cif,K,-1.0868,0.0,Metal,Im-3m,229,8
CaMg5_id97_E-1.09.cif,CaMg5,-1.0851,0.0,Metal,Pnnn,48,24
NaLiMg4Cd8In3(SnSb)2_id1808_E-1.09.cif,NaLiMg4Cd8In3(SnSb)2,-1.0851,0.0,Metal,P1,1,21
K7Ba2_id3704_E-1.08.cif,K7Ba2,-1.0843,0.387,Semiconductor,P-3c1,165,18
K12Li6Mg_id4764_E-1.08.cif,K12Li6Mg,-1.0841,0.0,Metal,Im-3,204,38
Mg3Cd_id1221_E-1.08.cif,Mg3Cd,-1.084,0.0,Metal,P-4m2,115,12
K6MgScZnSn_id4102_E-1.08.cif,K6MgScZnSn,-1.084,0.302,Semiconductor,P312,149,10
K(BaNa)12_id2754_E-1.08.cif,K(BaNa)12,-1.0809,0.0,Metal,I23,197,50
KCd8Sn_id3810_E-1.08.cif,KCd8Sn,-1.0795,0.0,Metal,I-4m2,119,20
Na12MgCd6_id1698_E-1.08.cif,Na12MgCd6,-1.0779,0.0,Metal,Im-3,204,38
Sr2MgGa2_id2493_E-1.08.cif,Sr2MgGa2,-1.0776,0.0,Metal,P3_212,153,15
BaSrMg3_id4382_E-1.08.cif,BaSrMg3,-1.0774,0.0,Metal,R3m,160,15
Na3LiZn_id253_E-1.08.cif,Na3LiZn,-1.0763,0.0,Metal,P4/mbm,127,20
Na3Mg2In2Sn_id2840_E-1.08.cif,Na3Mg2In2Sn,-1.0756,0.608,Semiconductor,P4_2/nmc,137,16
SrMg4Zn2In3_id3258_E-1.07.cif,SrMg4Zn2In3,-1.075,0.0,Metal,Ccc2,37,40
ZnSn_id3952_E-1.07.cif,ZnSn,-1.0749,0.0,Metal,P4/mmm,123,16
Ca2Cd_id4758_E-1.07.cif,Ca2Cd,-1.0731,0.0,Metal,P4_122,91,12
Zn_id4450_E-1.07.cif,Zn,-1.0728,0.0,Metal,Ibca,73,24
LiCaZn2Cd_id2927_E-1.07.cif,LiCaZn2Cd,-1.0716,0.0,Metal,I4/mmm,139,20
Li2Mg4BeB_id1229_E-1.07.cif,Li2Mg4BeB,-1.07,0.0,Metal,P6_422,181,24
Zn7Ga_id2164_E-1.07.cif,Zn7Ga,-1.0694,0.0,Metal,P4/mmm,123,8
Mg4Zn_id315_E-1.07.cif,Mg4Zn,-1.0691,0.0,Metal,Ccce,68,20
Li2Mg(Cd4In)2_id1961_E-1.07.cif,Li2Mg(Cd4In)2,-1.0684,0.0,Metal,Ccc2,37,52
NaMg4Cd_id3724_E-1.07.cif,NaMg4Cd,-1.0678,0.0,Metal,P-6m2,187,12
MgCd_id4099_E-1.07.cif,MgCd,-1.0673,0.006,Metal,C222_1,20,16
Li5Cd6Sn_id3578_E-1.07.cif,Li5Cd6Sn,-1.0651,0.0,Metal,P4/mmm,123,12
LiMg2Cd_id2109_E-1.06.cif,LiMg2Cd,-1.0635,0.006,Metal,P4/m,83,8
Li4Cd_id301_E-1.06.cif,Li4Cd,-1.0633,0.007,Metal,P4_2/nnm,134,10
Na13Li24(CaGa)3_id4163_E-1.06.cif,Na13Li24(CaGa)3,-1.0621,0.0,Metal,Pm-3m,221,43
Mg2Cd3_id2372_E-1.06.cif,Mg2Cd3,-1.0612,0.0,Metal,I4/mmm,139,20
Li4Zn9_id238_E-1.06.cif,Li4Zn9,-1.0607,0.0,Metal,P4_2/nnm,134,26
Zn2Cd4Ga3_id4076_E-1.06.cif,Zn2Cd4Ga3,-1.0604,0.0,Metal,Cmm2,35,18
K4Na4Sr4Li5Zn8Cd4Ge(B2O)2_id705_E-1.06.cif,K4Na4Sr4Li5Zn8Cd4Ge(B2O)2,-1.0602,0.0,Metal,P4,75,36
SrMgGa_id2134_E-1.06.cif,SrMgGa,-1.0602,0.0,Metal,P6_222,180,18
K_id2580_E-1.06.cif,K,-1.0597,0.0,Metal,Fm-3m,225,28
K2Na13In2_id353_E-1.06.cif,K2Na13In2,-1.0595,0.011,Metal,Amm2,38,34
Mg9Cd4_id3882_E-1.06.cif,Mg9Cd4,-1.0586,0.0,Metal,P4_222,93,26
Na3Li11_id2175_E-1.06.cif,Na3Li11,-1.0585,0.0,Metal,P-43n,218,56
Na4LiCd3_id2336_E-1.06.cif,Na4LiCd3,-1.0579,0.006,Metal,C222,21,16
K7In2_id4788_E-1.05.cif,K7In2,-1.0517,0.0,Metal,P2/c,13,18
Na(MgCd3)2_id945_E-1.05.cif,Na(MgCd3)2,-1.0515,0.0,Metal,Fm-3m,225,36
Li3Mg4Ga_id3702_E-1.05.cif,Li3Mg4Ga,-1.0514,0.0,Metal,I-4m2,119,16
Zn_id4949_E-1.05.cif,Zn,-1.0503,0.0,Metal,Pm-3m,221,12
ZnGa_id5000_E-1.05.cif,ZnGa,-1.0497,0.0,Metal,P2_12_12,18,16
LiMg5Cd2_id3079_E-1.05.cif,LiMg5Cd2,-1.0494,0.0,Metal,P4/mmm,123,16
Mg2Cd_id2384_E-1.05.cif,Mg2Cd,-1.0488,0.0,Metal,P4_2/nmc,137,12
K12Mg6Sn_id1196_E-1.05.cif,K12Mg6Sn,-1.048,0.0,Metal,Im-3,204,38
MgCd2_id2420_E-1.05.cif,MgCd2,-1.0479,0.0,Metal,Cmcm,63,12
Cd5In_id1002_E-1.05.cif,Cd5In,-1.0478,0.0,Metal,Immm,71,12
Li2Zn5_id2404_E-1.05.cif,Li2Zn5,-1.0471,0.0,Metal,P4_232,208,42
CaCd3_id2449_E-1.05.cif,CaCd3,-1.0459,0.0,Metal,Fmm2,42,32
NaMg4Cd3_id910_E-1.04.cif,NaMg4Cd3,-1.0446,0.0,Metal,P-1,2,8
KZnCd5_id3253_E-1.04.cif,KZnCd5,-1.0427,0.0,Metal,I-4m2,119,14
K4BaCdIn3Sn2_id3531_E-1.04.cif,K4BaCdIn3Sn2,-1.0403,0.0,Metal,P1,1,22
KMg2Zn3Cd6(InGa)2_id257_E-1.04.cif,KMg2Zn3Cd6(InGa)2,-1.0394,0.0,Metal,P-1,2,16
Ba6Sr13Mg_id2940_E-1.04.cif,Ba6Sr13Mg,-1.0374,0.0,Metal,P-31c,163,40
Zn_id976_E-1.04.cif,Zn,-1.0362,0.0,Metal,P-62m,189,9
Zn2Sn_id3417_E-1.04.cif,Zn2Sn,-1.0358,0.0,Metal,Pmm2,25,6
Li12Al_id4170_E-1.04.cif,Li12Al,-1.035,0.0,Metal,Fm-3m,225,52
BaSr_id3577_E-1.03.cif,BaSr,-1.0341,0.0,Metal,F-43m,216,8
Mg7Al_id4326_E-1.03.cif,Mg7Al,-1.0341,0.0,Metal,Pbcn,60,32
KZnCd2In_id3959_E-1.03.cif,KZnCd2In,-1.033,0.0,Metal,Ibca,73,40
BaNa8Li_id1003_E-1.03.cif,BaNa8Li,-1.0323,0.0,Metal,Cmm2,35,20
Mg3Zn2_id4906_E-1.03.cif,Mg3Zn2,-1.0315,0.0,Metal,P6_322,182,20
CaCd4_id1955_E-1.03.cif,CaCd4,-1.0309,0.0,Metal,Pmna,53,10
Li2Mg3Zn_id4919_E-1.03.cif,Li2Mg3Zn,-1.0309,0.0,Metal,P4_222,93,12
K5Na2_id3394_E-1.03.cif,K5Na2,-1.0308,0.0,Metal,Ccce,68,28
MgCd6_id755_E-1.03.cif,MgCd6,-1.0305,0.0,Metal,Fm-3m,225,28
K7Na4Sr_id4274_E-1.03.cif,K7Na4Sr,-1.0299,0.0,Metal,P6/mmm,191,12
BaMg2Ga_id1962_E-1.03.cif,BaMg2Ga,-1.0297,0.019,Metal,Imma,74,16
Ba2Na5_id4153_E-1.03.cif,Ba2Na5,-1.0292,0.0,Metal,Ibca,73,56
NaCd4_id134_E-1.03.cif,NaCd4,-1.0285,0.0,Metal,P4_2/nmc,137,10
ZnCd_id3612_E-1.03.cif,ZnCd,-1.0281,0.0,Metal,Pm-3m,221,16
K_id437_E-1.03.cif,K,-1.028,0.0,Metal,I4/mcm,140,12
SrMg_id919_E-1.03.cif,SrMg,-1.0279,0.0,Metal,Pmmm,47,8
Li19Mg5_id2834_E-1.03.cif,Li19Mg5,-1.0269,0.0,Metal,P622,177,24
Ca3MgCd2_id2947_E-1.03.cif,Ca3MgCd2,-1.0261,0.0,Metal,Pbam,55,12
K4Cd8Si_id2556_E-1.03.cif,K4Cd8Si,-1.0253,0.215,Semiconductor,P-42_1c,114,26
KCd2_id541_E-1.02.cif,KCd2,-1.0248,0.0,Metal,C2/m,12,6
K4Zn5Ga_id3686_E-1.02.cif,K4Zn5Ga,-1.0248,0.0,Metal,P6/mmm,191,10
BaSr2LiCa3MgZn2InSb_id1583_E-1.02.cif,BaSr2LiCa3MgZn2InSb,-1.0232,6.329,Insulator,Pm,6,24
Sr6LiMg_id422_E-1.02.cif,Sr6LiMg,-1.0231,0.0,Metal,P-31c,163,16
LiZn4_id1337_E-1.02.cif,LiZn4,-1.0221,0.0,Metal,P-6,174,15
NaSr6Li6Ca_id1163_E-1.02.cif,NaSr6Li6Ca,-1.0215,0.0,Metal,Pm-3,200,14
K9Ba3Cd4Ge_id458_E-1.02.cif,K9Ba3Cd4Ge,-1.0211,0.0,Metal,P-6,174,17
Cd6GaSn_id4219_E-1.02.cif,Cd6GaSn,-1.0198,0.0,Metal,P-42c,112,16
Zn_id1852_E-1.02.cif,Zn,-1.0179,0.034,Metal,I4/mmm,139,12
Ba_id651_E-1.02.cif,Ba,-1.0156,0.0,Metal,P2_12_12_1,19,20
Al7Zn_id1930_E-1.02.cif,Al7Zn,-1.0156,0.0,Metal,I4/mmm,139,16
K4NaInGa2Ge_id2818_E-1.02.cif,K4NaInGa2Ge,-1.0153,0.0,Metal,P1,1,54
Ca4InGa4_id4109_E-1.01.cif,Ca4InGa4,-1.0136,0.0,Metal,I4_1/a,88,36
Mg6Zn_id753_E-1.01.cif,Mg6Zn,-1.0133,0.0,Metal,P6_3cm,185,14
MgZnCd2_id4953_E-1.01.cif,MgZnCd2,-1.009,0.0,Metal,Cmme,67,16
K5Mg2Ti_id1627_E-1.01.cif,K5Mg2Ti,-1.0072,0.085,Semiconductor,I4_1/a,88,32
KCd_id1997_E-1.01.cif,KCd,-1.0071,0.0,Metal,C222_1,20,16
Na22Sr2Li_id3543_E-1.01.cif,Na22Sr2Li,-1.0071,0.001,Metal,P6/m,175,25
Sr2Zn_id4118_E-1.01.cif,Sr2Zn,-1.0069,0.0,Metal,P622,177,18
K_id704_E-1.01.cif,K,-1.0052,0.0,Metal,I4_1/acd,142,16
Zn_id4031_E-1.00.cif,Zn,-1.0039,0.0,Metal,I4/mmm,139,14
Zn8CdIn4_id3788_E-1.00.cif,Zn8CdIn4,-1.0028,0.0,Metal,P4_2/nmc,137,26
K2Zn4CdGa2_id3176_E-1.00.cif,K2Zn4CdGa2,-1.0027,0.006,Metal,Cmme,67,36
Li3Zn13Ge3_id3541_E-1.00.cif,Li3Zn13Ge3,-1.0026,0.0,Metal,P6_3/mcm,193,38
Ca_id287_E-1.00.cif,Ca,-1.0014,0.0,Metal,P-31m,162,15
Ca_id3482_E-1.00.cif,Ca,-1.0009,0.0,Metal,P6/m,175,9
K2Na9_id1081_E-1.00.cif,K2Na9,-0.9997,0.0,Metal,P2_12_12_1,19,44
Li5MgCd4(GaSn)4_id1144_E-1.00.cif,Li5MgCd4(GaSn)4,-0.9992,5.32,Insulator,P1,1,36
MgZn_id1644_E-1.00.cif,MgZn,-0.9967,0.0,Metal,F-43m,216,8
Li4Mg(Al2Cd)2_id1972_E-1.00.cif,Li4Mg(Al2Cd)2,-0.9959,0.0,Metal,Imm2,44,22
Na2Sr3Ca10_id1749_E-1.00.cif,Na2Sr3Ca10,-0.9955,13.687,Insulator,P1,1,30
CaZn10_id2564_E-1.00.cif,CaZn10,-0.9954,0.0,Metal,I422,97,22
K4Ga_id2358_E-0.99.cif,K4Ga,-0.9932,0.0,Metal,Ccce,68,20
K3MgZn2_id2162_E-0.99.cif,K3MgZn2,-0.9924,0.425,Semiconductor,Pn-3m,224,12
Li5MgInSn_id4986_E-0.99.cif,Li5MgInSn,-0.9922,0.0,Metal,F-43m,216,32
KNa3GeO27_id2000_E-0.99.cif,KNa3GeO27,-0.9922,0.73,Semiconductor,P-6,174,32
KLi4Cd2InSn2_id4604_E-0.99.cif,KLi4Cd2InSn2,-0.9882,0.0,Metal,P-3m1,164,10
Zn_id105_E-0.99.cif,Zn,-0.985,0.0,Metal,I4_1/acd,142,16
Mg7Cd2_id2488_E-0.98.cif,Mg7Cd2,-0.9847,0.0,Metal,Imm2,44,18
K9Li2_id3426_E-0.98.cif,K9Li2,-0.9832,0.0,Metal,P-31c,163,22
KNa_id3596_E-0.98.cif,KNa,-0.9832,0.0,Metal,I-42d,122,16
SrLiMgCd8In_id4632_E-0.98.cif,SrLiMgCd8In,-0.9822,0.094,Semiconductor,P4mm,99,12
LiCd5_id455_E-0.98.cif,LiCd5,-0.9814,0.0,Metal,C2/c,15,24
Sr3(Li2Ca)4_id1332_E-0.98.cif,Sr3(Li2Ca)4,-0.9802,0.0,Metal,P6/mmm,191,15
LiCd3_id1268_E-0.98.cif,LiCd3,-0.977,0.0,Metal,Imma,74,16
LiCd2_id2911_E-0.98.cif,LiCd2,-0.9757,0.0,Metal,P4_3,78,12
Zn3Ga2_id3109_E-0.98.cif,Zn3Ga2,-0.9752,0.077,Semiconductor,Pnnn,48,20
K11Sr_id1006_E-0.97.cif,K11Sr,-0.9749,0.0,Metal,P-31m,162,12
Ca7Zn_id1356_E-0.97.cif,Ca7Zn,-0.9744,1.257,Semiconductor,Cmc2_1,36,32
Mg3Al_id1409_E-0.97.cif,Mg3Al,-0.9743,0.0,Metal,Cc,9,16
K8Na2Li_id2815_E-0.97.cif,K8Na2Li,-0.9741,0.001,Metal,Pn-3,201,22
K7NaCd6_id3600_E-0.97.cif,K7NaCd6,-0.9731,0.464,Semiconductor,R-3,148,42
MgZnCd2_id2743_E-0.97.cif,MgZnCd2,-0.9728,0.0,Metal,P4mm,99,4
Na_id2365_E-0.97.cif,Na,-0.9723,0.021,Metal,P2_12_12_1,19,24
Zn4Sn_id4215_E-0.97.cif,Zn4Sn,-0.9716,0.0,Metal,P4_2/nmc,137,10
ZnGa_id1872_E-0.97.cif,ZnGa,-0.9706,0.0,Metal,P-1,2,8
K2Li4Zn4InGa(S2N)4_id4854_E-0.97.cif,K2Li4Zn4InGa(S2N)4,-0.9705,2.12,Semiconductor,I-42m,121,48
MgCd7Sb_id3226_E-0.97.cif,MgCd7Sb,-0.9704,0.0,Metal,Pm,6,9
Zn_id870_E-0.97.cif,Zn,-0.9701,0.0,Metal,P4/nmm,129,12
Zn13Ga2_id1765_E-0.97.cif,Zn13Ga2,-0.9699,0.0,Metal,Pmna,53,30
Na_id2150_E-0.97.cif,Na,-0.9692,0.0,Metal,P2_12_12_1,19,32
SrCd2_id3948_E-0.97.cif,SrCd2,-0.9692,0.0,Metal,P4/mmm,123,12
Na2Li3Cd2In_id2958_E-0.97.cif,Na2Li3Cd2In,-0.969,0.0,Metal,Imma,74,32
Cd3In_id297_E-0.97.cif,Cd3In,-0.9688,0.0,Metal,P6_122,178,24
Mg2Al_id3503_E-0.97.cif,Mg2Al,-0.9686,0.0,Metal,I4_1/acd,142,48
Cd12In17_id292_E-0.97.cif,Cd12In17,-0.9678,0.0,Metal,Im-3m,229,58
KBaAs4(SeS)6_id1833_E-0.97.cif,KBaAs4(SeS)6,-0.9669,0.203,Semiconductor,P6_2,171,54
Li2Zn3Cd_id2463_E-0.97.cif,Li2Zn3Cd,-0.9655,0.0,Metal,P4_2/mcm,132,24
LiMg2Cd3_id2245_E-0.96.cif,LiMg2Cd3,-0.9643,0.0,Metal,P4/mmm,123,12
Li7MgSiO6_id1661_E-0.96.cif,Li7MgSiO6,-0.9641,3.529,Insulator,Pnn2,34,30
Cd11InSn_id303_E-0.96.cif,Cd11InSn,-0.9615,0.0,Metal,Imm2,44,26
LiCd4_id4303_E-0.96.cif,LiCd4,-0.9605,0.0,Metal,C222,21,20
Mg10Zn3Ga2_id3507_E-0.96.cif,Mg10Zn3Ga2,-0.96,0.0,Metal,P4_22_12,94,60
Mg7Sc_id4553_E-0.96.cif,Mg7Sc,-0.9598,0.0,Metal,P-4c2,116,16
Sr7Ca9_id2181_E-0.96.cif,Sr7Ca9,-0.9593,0.0,Metal,P6/mmm,191,16
Na4Zn4Cd5_id4019_E-0.96.cif,Na4Zn4Cd5,-0.9589,0.0,Metal,P4_2/nmc,137,26
Zn_id1436_E-0.96.cif,Zn,-0.9584,0.0,Metal,Pmmm,47,10
LiMg4_id887_E-0.96.cif,LiMg4,-0.9581,0.0,Metal,P4_232,208,30
K3Na_id4212_E-0.96.cif,K3Na,-0.956,0.002,Metal,Im-3m,229,8
K18Sn_id3021_E-0.96.cif,K18Sn,-0.9556,0.0,Metal,R-3,148,57
K7Ca_id2364_E-0.96.cif,K7Ca,-0.9552,0.005,Metal,P-31c,163,16
Li2BeZn3Ga_id2148_E-0.95.cif,Li2BeZn3Ga,-0.9542,0.0,Metal,Ibca,73,56
Li2Zn3Cd_id2085_E-0.95.cif,Li2Zn3Cd,-0.9536,0.0,Metal,P6_5,170,36
Ba6Na12Sr_id3017_E-0.95.cif,Ba6Na12Sr,-0.9524,0.272,Semiconductor,I23,197,38
SrCdGa_id804_E-0.95.cif,SrCdGa,-0.9516,0.0,Metal,I4/mcm,140,24
Na2CdInSn_id1924_E-0.95.cif,Na2CdInSn,-0.9498,0.0,Metal,P4mm,99,5
LiMg2Cd16Sn_id4273_E-0.95.cif,LiMg2Cd16Sn,-0.9492,0.0,Metal,I4/mmm,139,40
K5Na12_id2539_E-0.95.cif,K5Na12,-0.9471,0.0,Metal,Im-3,204,34
Li_id2359_E-0.95.cif,Li,-0.947,0.0,Metal,Pn-3n,222,48
Li2Zn8In2Ga3_id1386_E-0.95.cif,Li2Zn8In2Ga3,-0.9459,0.0,Metal,Cccm,66,60
Mg9Te2_id3723_E-0.95.cif,Mg9Te2,-0.9452,0.176,Semiconductor,P-42_1m,113,22
ZnCd4Ga_id989_E-0.94.cif,ZnCd4Ga,-0.9445,0.0,Metal,P4mm,99,6
KCd2_id2887_E-0.94.cif,KCd2,-0.9418,0.0,Metal,P4/mmm,123,12
K7Sn_id765_E-0.94.cif,K7Sn,-0.9386,0.0,Metal,P-31c,163,16
K_id2723_E-0.94.cif,K,-0.9383,0.0,Metal,P2_12_12_1,19,16
NaCdIn2_id358_E-0.94.cif,NaCdIn2,-0.9379,0.0,Metal,I4/mmm,139,8
Ba_id2619_E-0.94.cif,Ba,-0.9378,0.38,Semiconductor,Pcc2,27,14
Mg_id744_E-0.94.cif,Mg,-0.9377,0.019,Metal,Pm,6,26
Zn2Cd_id2615_E-0.94.cif,Zn2Cd,-0.9369,0.0,Metal,C222_1,20,24
BaCa8_id3336_E-0.94.cif,BaCa8,-0.9365,0.0,Metal,P4_232,208,54
BaZn_id2039_E-0.94.cif,BaZn,-0.9363,0.0,Metal,Pm-3m,221,24
MgAl3Ge_id201_E-0.94.cif,MgAl3Ge,-0.9362,0.196,Semiconductor,P4_3,78,20
Zn3Cd2_id2186_E-0.94.cif,Zn3Cd2,-0.9359,0.0,Metal,Cmce,64,20
CaCd4_id1260_E-0.94.cif,CaCd4,-0.9355,0.0,Metal,Im-3m,229,10
Li4Mg12CdIn4_id916_E-0.93.cif,Li4Mg12CdIn4,-0.935,0.0,Metal,P1,1,21
NaCd6(InSn)2_id3169_E-0.93.cif,NaCd6(InSn)2,-0.9349,0.0,Metal,Pmm2,25,11
BaCa3_id2110_E-0.93.cif,BaCa3,-0.9333,0.121,Semiconductor,P1,1,48
K6CdO_id3738_E-0.93.cif,K6CdO,-0.9322,0.0,Metal,P6_322,182,16
K3Mg3Al5_id956_E-0.93.cif,K3Mg3Al5,-0.9317,0.0,Metal,P23,195,22
K2Cd8Ge_id2889_E-0.93.cif,K2Cd8Ge,-0.9285,0.0,Metal,P4_2/mcm,132,22
KCd4In_id1109_E-0.93.cif,KCd4In,-0.9275,0.0,Metal,P-3m1,164,6
CaZn4_id1759_E-0.93.cif,CaZn4,-0.9264,0.0,Metal,P42_12,90,10
Na2Mg3Zn_id442_E-0.93.cif,Na2Mg3Zn,-0.9253,0.0,Metal,Pa-3,205,24
K5Cd4_id3303_E-0.92.cif,K5Cd4,-0.9237,0.0,Metal,P4_2/n,86,18
Na3Li36ZnIn12_id1526_E-0.92.cif,Na3Li36ZnIn12,-0.9232,0.0,Metal,P432,207,52
ZnCd2_id4425_E-0.92.cif,ZnCd2,-0.9219,0.0,Metal,I4/mmm,139,12
KLiMgZn_id719_E-0.92.cif,KLiMgZn,-0.9219,0.0,Metal,P6_122,178,48
Na4Ca_id11_E-0.92.cif,Na4Ca,-0.9208,0.0,Metal,Pbcn,60,20
Ba3Sr_id3453_E-0.92.cif,Ba3Sr,-0.9198,0.0,Metal,P4_2/m,84,24
Zn_id3846_E-0.92.cif,Zn,-0.9171,0.006,Metal,P4/nbm,125,18
KBa_id1064_E-0.92.cif,KBa,-0.9162,0.0,Metal,P4/mmm,123,4
Sr2MgCd6_id3974_E-0.92.cif,Sr2MgCd6,-0.9162,0.0,Metal,P6/mmm,191,9
Mg11Al_id2467_E-0.91.cif,Mg11Al,-0.9149,0.0,Metal,Cmm2,35,24
Li7ZnGa6_id542_E-0.91.cif,Li7ZnGa6,-0.9144,0.0,Metal,Pm-3,200,14
Zn4Ga_id2613_E-0.91.cif,Zn4Ga,-0.9132,0.0,Metal,P4_2/nnm,134,10
Zn2InGa_id142_E-0.91.cif,Zn2InGa,-0.9132,0.0,Metal,P6_3/mmc,194,8
Ba(Zn5Cd4)2_id4853_E-0.91.cif,Ba(Zn5Cd4)2,-0.9131,0.0,Metal,I422,97,38
Na37Cd15_id1954_E-0.91.cif,Na37Cd15,-0.9131,0.001,Metal,P432,207,52
Na9Ca_id4827_E-0.91.cif,Na9Ca,-0.9105,0.012,Metal,P2_12_12_1,19,40
SrZn12_id1626_E-0.91.cif,SrZn12,-0.9101,0.0,Metal,P4_2/nmc,137,26
Na2Li7In_id2215_E-0.91.cif,Na2Li7In,-0.9072,0.039,Metal,P-6c2,188,20
Mg4Cd3_id3628_E-0.91.cif,Mg4Cd3,-0.9051,0.0,Metal,Pm-3n,223,14
Zn_id1966_E-0.90.cif,Zn,-0.904,0.0,Metal,P4/ncc,130,24
Cd2In_id3063_E-0.90.cif,Cd2In,-0.9037,0.0,Metal,Cmme,67,24
Zn_id4514_E-0.90.cif,Zn,-0.9013,0.0,Metal,Pmma,51,18
Li6Sc2SeS7_id3526_E-0.90.cif,Li6Sc2SeS7,-0.8997,2.874,Semiconductor,R-3m,166,48
Ba_id2061_E-0.90.cif,Ba,-0.8983,0.0,Metal,P4/m,83,12
Mg(ZnCd)3_id872_E-0.90.cif,Mg(ZnCd)3,-0.8964,0.0,Metal,P3_1,144,21
Li12CaZn2Cd9_id4704_E-0.89.cif,Li12CaZn2Cd9,-0.8926,0.0,Metal,P6/mmm,191,24
ZnCd3_id4438_E-0.89.cif,ZnCd3,-0.8925,0.0,Metal,Im-3m,229,8
BaLi2SnSb_id3191_E-0.89.cif,BaLi2SnSb,-0.89,2.448,Semiconductor,P2_1/m,11,10
Ba_id2363_E-0.89.cif,Ba,-0.8894,0.0,Metal,Ia-3d,230,32
K_id1528_E-0.89.cif,K,-0.8875,0.0,Metal,I4/mcm,140,24
ZnCd2_id1280_E-0.89.cif,ZnCd2,-0.8875,0.0,Metal,Ibca,73,24
Cd2Ga_id3989_E-0.89.cif,Cd2Ga,-0.8875,0.0,Metal,P4/mmm,123,12
Cd_id2528_E-0.89.cif,Cd,-0.8858,0.0,Metal,Fd-3m,227,32
Ba4Na9Li4_id958_E-0.89.cif,Ba4Na9Li4,-0.8857,0.0,Metal,P4_2/n,86,34
KBaZn2Cd3Ga_id1325_E-0.88.cif,KBaZn2Cd3Ga,-0.8847,0.0,Metal,Cmme,67,32
SrCa23_id3559_E-0.88.cif,SrCa23,-0.8844,0.0,Metal,Pm-3m,221,24
Li(ZnCd)4_id163_E-0.88.cif,Li(ZnCd)4,-0.884,0.0,Metal,P4/ncc,130,36
K13Na12Mg_id1508_E-0.88.cif,K13Na12Mg,-0.8821,0.022,Metal,P-31c,163,52
Cd_id3211_E-0.88.cif,Cd,-0.879,0.0,Metal,Cmcm,63,16
K4Na2Mg4Cd4In2Sn_id373_E-0.88.cif,K4Na2Mg4Cd4In2Sn,-0.8768,0.0,Metal,P4_22_12,94,34
Na4In_id3122_E-0.88.cif,Na4In,-0.8755,0.0,Metal,P4_2/mmc,131,10
Ba4SrLiMg4InGa2_id4661_E-0.88.cif,Ba4SrLiMg4InGa2,-0.875,0.0,Metal,I-4m2,119,26
Na3(Li4Sn)2_id4418_E-0.87.cif,Na3(Li4Sn)2,-0.8746,0.018,Metal,Pm,6,52
KNaZnCd4In_id4298_E-0.87.cif,KNaZnCd4In,-0.872,0.049,Metal,P2_1/c,14,32
Li(CdGa)3_id4633_E-0.87.cif,Li(CdGa)3,-0.8716,0.0,Metal,Pm-3n,223,14
Mg19Sc2_id2201_E-0.87.cif,Mg19Sc2,-0.8715,0.0,Metal,P4mm,99,21
Mg7In4_id4782_E-0.87.cif,Mg7In4,-0.8713,0.0,Metal,P-31m,162,22
BaSr9Li8Ca3_id1819_E-0.87.cif,BaSr9Li8Ca3,-0.8693,0.0,Metal,P6/mmm,191,21
Na(MgCd)2_id289_E-0.87.cif,Na(MgCd)2,-0.869,0.0,Metal,Pmmm,47,5
K(NaCd)2_id2583_E-0.87.cif,K(NaCd)2,-0.8679,0.378,Semiconductor,Pn-3m,224,10
Zn_id4961_E-0.87.cif,Zn,-0.8659,0.0,Metal,I4/mmm,139,24
K_id3470_E-0.87.cif,K,-0.8657,0.0,Metal,P4/mmm,123,12
MgZn2Cd_id1237_E-0.86.cif,MgZn2Cd,-0.8642,0.0,Metal,Cmcm,63,16
Na(Li2Ca)6_id1635_E-0.86.cif,Na(Li2Ca)6,-0.8638,0.0,Metal,P6/mcc,192,38
NaCd_id862_E-0.86.cif,NaCd,-0.8623,0.0,Metal,F-43m,216,8
NaCd_id4408_E-0.86.cif,NaCd,-0.8607,0.0,Metal,P4_2/mmc,131,4
K2Na_id2117_E-0.86.cif,K2Na,-0.8587,0.0,Metal,Cmce,64,36
K4Na_id1368_E-0.86.cif,K4Na,-0.8582,0.048,Metal,I4/mcm,140,20
K12Sr_id3018_E-0.86.cif,K12Sr,-0.8577,0.0,Metal,Pmna,53,26
K3Cd4_id3699_E-0.86.cif,K3Cd4,-0.8559,0.416,Semiconductor,I-4c2,120,28
Cd2In_id4586_E-0.86.cif,Cd2In,-0.8557,0.0,Metal,Cmmm,65,12
Na5LiCd_id4594_E-0.86.cif,Na5LiCd,-0.8556,0.0,Metal,P2/c,13,14
MgAlZn2In_id2370_E-0.86.cif,MgAlZn2In,-0.8552,0.0,Metal,P4_2/m,84,20
MgZn2O_id2829_E-0.85.cif,MgZn2O,-0.8541,0.0,Metal,P4_2/ncm,138,16
LiMg23_id3048_E-0.85.cif,LiMg23,-0.8537,0.005,Metal,P2/c,13,48
Cd_id3429_E-0.85.cif,Cd,-0.8527,0.0,Metal,I4_1/acd,142,16
MgZn6Ge_id1010_E-0.85.cif,MgZn6Ge,-0.8509,0.0,Metal,P6_322,182,16
Ca_id3935_E-0.85.cif,Ca,-0.8508,2.563,Semiconductor,C2,5,12
Zn2Cd_id3473_E-0.85.cif,Zn2Cd,-0.8498,0.0,Metal,Cmme,67,24
Mg4Cd3_id178_E-0.85.cif,Mg4Cd3,-0.8482,0.0,Metal,P4/mnc,128,14
AlZn2Ga_id438_E-0.85.cif,AlZn2Ga,-0.8473,0.0,Metal,P4/mmm,123,16
K_id2603_E-0.85.cif,K,-0.8472,0.0,Metal,Pmna,53,18
Ca_id4585_E-0.85.cif,Ca,-0.8459,0.0,Metal,P-4c2,116,16
Cd_id2808_E-0.84.cif,Cd,-0.845,0.0,Metal,Pm-3m,221,8
LiMg3(AlCd)2_id1258_E-0.84.cif,LiMg3(AlCd)2,-0.8429,0.0,Metal,Pmmm,47,8
KZn_id4658_E-0.84.cif,KZn,-0.8408,0.0,Metal,P3_221,154,6
BaLi(CdIn)2_id1297_E-0.84.cif,BaLi(CdIn)2,-0.8407,0.035,Metal,R-3m,166,18
Mg2Zn3Cd7_id2299_E-0.84.cif,Mg2Zn3Cd7,-0.8405,0.0,Metal,P31m,157,12
Li6Ga_id3490_E-0.84.cif,Li6Ga,-0.8395,0.0,Metal,Pa-3,205,28
MgAl3Zn4_id3090_E-0.84.cif,MgAl3Zn4,-0.8387,0.0,Metal,P4_2/m,84,16
KZnCd_id1769_E-0.84.cif,KZnCd,-0.8385,0.0,Metal,Aea2,41,24
K_id997_E-0.84.cif,K,-0.8375,0.0,Metal,I4_1/acd,142,16
LiTiZnCd6Ge_id3396_E-0.84.cif,LiTiZnCd6Ge,-0.8364,0.0,Metal,P312,149,10
NaZn8_id2260_E-0.83.cif,NaZn8,-0.8311,0.0,Metal,I4/m,87,18
Ba_id3010_E-0.83.cif,Ba,-0.8307,0.0,Metal,I4/mmm,139,4
Cd11Sn_id820_E-0.83.cif,Cd11Sn,-0.8304,0.0,Metal,I4/mmm,139,24
Ca_id1370_E-0.83.cif,Ca,-0.8298,0.771,Semiconductor,Pmna,53,34
Cd_id826_E-0.83.cif,Cd,-0.8294,0.0,Metal,Cmcm,63,8
Zn2Cd5_id2663_E-0.83.cif,Zn2Cd5,-0.8293,0.0,Metal,I4/mmm,139,14
NaCd4_id4121_E-0.83.cif,NaCd4,-0.8287,0.0,Metal,Ccce,68,20
K_id2071_E-0.83.cif,K,-0.8284,0.001,Metal,Pmna,53,36
Ba3Li3Ca7Cd2_id3930_E-0.83.cif,Ba3Li3Ca7Cd2,-0.827,0.0,Metal,P6/mmm,191,15
Mg_id3683_E-0.83.cif,Mg,-0.8251,0.06,Semiconductor,P1,1,32
ZnCd4_id3833_E-0.82.cif,ZnCd4,-0.8244,0.0,Metal,P4_2/n,86,10
NaCd6_id1560_E-0.82.cif,NaCd6,-0.822,0.0,Metal,Pmma,51,14
Sr6Li4Mg9Sc_id2073_E-0.82.cif,Sr6Li4Mg9Sc,-0.8217,0.0,Metal,P4_232,208,40
K4Sr(LiCd4)3_id367_E-0.82.cif,K4Sr(LiCd4)3,-0.8204,0.0,Metal,Im-3,204,40
NaLiCd3_id267_E-0.82.cif,NaLiCd3,-0.8184,0.007,Metal,C222,21,20
B(TeSe)12_id2661_E-0.82.cif,B(TeSe)12,-0.8174,0.791,Semiconductor,I432,211,50
LiAlSb13As6_id2155_E-0.82.cif,LiAlSb13As6,-0.8171,0.0,Metal,P1,1,21
K2LiMg2Zn3_id2776_E-0.82.cif,K2LiMg2Zn3,-0.8165,0.0,Metal,Pbam,55,16
SrCa2Zn_id680_E-0.82.cif,SrCa2Zn,-0.816,0.0,Metal,I4/mcm,140,16
K7Cd_id2962_E-0.82.cif,K7Cd,-0.8155,0.0,Metal,P-31c,163,16
Ba5Mg2_id2653_E-0.81.cif,Ba5Mg2,-0.8137,0.0,Metal,I4/mmm,139,14
Li3(Mg2Cd3)2_id236_E-0.81.cif,Li3(Mg2Cd3)2,-0.8128,0.0,Metal,P6_3/m,176,26
KNaCd_id947_E-0.81.cif,KNaCd,-0.8123,0.0,Metal,P4_2cm,101,24
SrLi5Mg3Cd_id4017_E-0.81.cif,SrLi5Mg3Cd,-0.8119,0.0,Metal,P1,1,30
ZnCd_id543_E-0.81.cif,ZnCd,-0.8117,0.0,Metal,Immm,71,12
LiBeZn3_id1502_E-0.81.cif,LiBeZn3,-0.8112,0.0,Metal,I4/mcm,140,20
Mg6Zn12In_id4883_E-0.81.cif,Mg6Zn12In,-0.8112,0.0,Metal,Im-3,204,38
Cd13In4_id3088_E-0.81.cif,Cd13In4,-0.8111,0.0,Metal,Pmna,53,34
Li10Zn4Cd(InP)4_id2990_E-0.81.cif,Li10Zn4Cd(InP)4,-0.8102,0.0,Metal,I-43m,217,46
Ca2Al3Ga2_id3751_E-0.81.cif,Ca2Al3Ga2,-0.8098,0.0,Metal,P4/mmm,123,14
Zn2Cd3_id171_E-0.80.cif,Zn2Cd3,-0.8029,0.0,Metal,P2/m,10,5
LiCaZnCd4_id3355_E-0.80.cif,LiCaZnCd4,-0.8024,0.0,Metal,I-4m2,119,14
K7Na2_id2208_E-0.80.cif,K7Na2,-0.8017,0.0,Metal,Cmcm,63,36
MgZn4In2Sb_id595_E-0.80.cif,MgZn4In2Sb,-0.8015,0.0,Metal,P4bm,100,16
Na11Ca4_id3710_E-0.80.cif,Na11Ca4,-0.7993,0.0,Metal,P-31m,162,15
KBa4Na4Mg2(SeO2)4_id4130_E-0.80.cif,KBa4Na4Mg2(SeO2)4,-0.799,1.418,Semiconductor,P4_2/n,86,46
Sr3Ca_id4921_E-0.80.cif,Sr3Ca,-0.7984,0.002,Metal,C2/m,12,16
Mg2Cd_id1671_E-0.80.cif,Mg2Cd,-0.797,0.0,Metal,P4_122,91,12
Zn4InGa2_id4989_E-0.80.cif,Zn4InGa2,-0.7962,0.017,Metal,P4_2cm,101,56
Cd8Sb_id2408_E-0.80.cif,Cd8Sb,-0.7953,0.0,Metal,P4_2/nnm,134,18
Na5(LiCd2)2_id3542_E-0.79.cif,Na5(LiCd2)2,-0.7947,0.558,Semiconductor,Cmmm,65,22
Mg_id2183_E-0.79.cif,Mg,-0.7937,0.0,Metal,Iba2,45,28
Mg_id1382_E-0.79.cif,Mg,-0.7927,0.0,Metal,Pmna,53,42
ZnCd2_id4059_E-0.79.cif,ZnCd2,-0.7905,0.0,Metal,P4/mmm,123,12
ZnCd2_id1665_E-0.79.cif,ZnCd2,-0.7905,0.0,Metal,P4/mmm,123,12
K4Sn_id3785_E-0.79.cif,K4Sn,-0.79,0.0,Metal,Pban,50,10
Ca_id2552_E-0.79.cif,Ca,-0.7898,0.0,Metal,P31m,157,8
Cd_id1979_E-0.79.cif,Cd,-0.7896,0.0,Metal,I23,197,38
Cd_id4531_E-0.79.cif,Cd,-0.7872,0.0,Metal,P6/mmm,191,12
ZnCd_id3291_E-0.79.cif,ZnCd,-0.7869,0.0,Metal,Pbca,61,16
Sr7Ca_id4583_E-0.78.cif,Sr7Ca,-0.7842,0.0,Metal,Amm2,38,16
Cd_id3924_E-0.78.cif,Cd,-0.7832,0.0,Metal,Ccce,68,20
Mg2ScCd11_id3573_E-0.78.cif,Mg2ScCd11,-0.7831,0.0,Metal,P6/mmm,191,14
Cd_id1696_E-0.78.cif,Cd,-0.7828,0.0,Metal,I4/mmm,139,24
NaCd3Sn_id4414_E-0.78.cif,NaCd3Sn,-0.782,0.0,Metal,P-1,2,10
Zn13Ga_id4369_E-0.78.cif,Zn13Ga,-0.7813,0.0,Metal,Pc,7,28
Mg7Cd4_id3458_E-0.78.cif,Mg7Cd4,-0.7813,0.0,Metal,P4/m,83,22
Cd_id2099_E-0.78.cif,Cd,-0.781,0.0,Metal,I4_1/acd,142,32
K8Na8Li4Ti4In4Sn4Te6SO4_id3914_E-0.78.cif,K8Na8Li4Ti4In4Sn4Te6SO4,-0.7799,0.0,Metal,P2,3,43
KZn6Cd3In2_id452_E-0.78.cif,KZn6Cd3In2,-0.777,0.0,Metal,P321,150,12
Cd_id2683_E-0.78.cif,Cd,-0.7754,0.0,Metal,P2_12_12_1,19,8
ZnCd4_id3824_E-0.77.cif,ZnCd4,-0.7737,0.0,Metal,P4_2/n,86,10
Na11Ca16_id3509_E-0.77.cif,Na11Ca16,-0.7736,0.0,Metal,P-31m,162,27
Mg12Ga_id4150_E-0.77.cif,Mg12Ga,-0.772,0.0,Metal,P-6m2,187,13
BaLi4(AlZn2)8_id3517_E-0.77.cif,BaLi4(AlZn2)8,-0.7719,0.0,Metal,P4_2/nmc,137,58
Ca_id3435_E-0.77.cif,Ca,-0.771,0.0,Metal,P23,195,12
KCd_id4003_E-0.77.cif,KCd,-0.7697,0.791,Semiconductor,P6/mmm,191,12
BaLi4Ca4Si_id408_E-0.77.cif,BaLi4Ca4Si,-0.7689,0.0,Metal,I4/mcm,140,40
Na2ZnCd8_id4905_E-0.77.cif,Na2ZnCd8,-0.7684,0.0,Metal,P4/nbm,125,22
NaLiCd_id4880_E-0.77.cif,NaLiCd,-0.7681,0.154,Semiconductor,P4_2/mmc,131,6
Zn_id2841_E-0.77.cif,Zn,-0.7674,0.0,Metal,Cmm2,35,16
BaTiAlGa2As2CNO6_id1022_E-0.77.cif,BaTiAlGa2As2CNO6,-0.7672,2.626,Semiconductor,P3_221,154,45
ZnCd5_id1507_E-0.76.cif,ZnCd5,-0.7643,0.0,Metal,Pbam,55,12
Cd_id242_E-0.76.cif,Cd,-0.7627,0.0,Metal,Pm-3m,221,12
Zn_id1292_E-0.76.cif,Zn,-0.7619,0.0,Metal,P4cc,103,18
K_id1254_E-0.76.cif,K,-0.7617,0.004,Metal,P2_12_12_1,19,24
Mg2Cd7_id1804_E-0.76.cif,Mg2Cd7,-0.7583,0.0,Metal,Cmm2,35,18
ZnCd_id3659_E-0.76.cif,ZnCd,-0.7577,0.0,Metal,P4_2/ncm,138,8
KCd4P_id579_E-0.76.cif,KCd4P,-0.7577,0.0,Metal,P4/mmm,123,12
CaMg4(ZnIn)4_id1529_E-0.76.cif,CaMg4(ZnIn)4,-0.7558,0.0,Metal,P42_12,90,26
NaMg4Cd2In2Ga_id1029_E-0.76.cif,NaMg4Cd2In2Ga,-0.7557,0.0,Metal,P-42_1c,114,20
K4Na6Li_id3036_E-0.76.cif,K4Na6Li,-0.7552,0.004,Metal,P2/m,10,11
Mg5Cd3Ga_id4421_E-0.75.cif,Mg5Cd3Ga,-0.7526,1.7,Semiconductor,P4_2cm,101,18
BaSrCa48_id2822_E-0.75.cif,BaSrCa48,-0.7515,0.0,Metal,P622,177,50
Na2ZnCd4_id3546_E-0.75.cif,Na2ZnCd4,-0.7515,0.0,Metal,P4_22_12,94,28
Li4Mg13Ga_id126_E-0.75.cif,Li4Mg13Ga,-0.7493,0.0,Metal,C2/m,12,36
ZnCd6_id790_E-0.75.cif,ZnCd6,-0.7493,0.0,Metal,P4_2/m,84,14
Li9In2_id4081_E-0.75.cif,Li9In2,-0.7476,0.041,Metal,Pm-3,200,11
Cd_id4144_E-0.75.cif,Cd,-0.7475,0.0,Metal,I4_1/acd,142,16
K_id1487_E-0.75.cif,K,-0.7474,0.0,Metal,Ibca,73,48
MgCd3_id1814_E-0.75.cif,MgCd3,-0.7473,0.0,Metal,Pbam,55,32
NaCa4ZnCd5In4_id2790_E-0.75.cif,NaCa4ZnCd5In4,-0.7472,3.659,Insulator,Pc,7,30
BaLi3(Cd3In)4_id4165_E-0.75.cif,BaLi3(Cd3In)4,-0.7468,0.0,Metal,Im-3,204,40
LiMg12Al_id3937_E-0.75.cif,LiMg12Al,-0.7464,0.0,Metal,I4/mmm,139,28
ZnCd2_id1516_E-0.74.cif,ZnCd2,-0.7444,0.0,Metal,Pccn,56,12
Ba3(Ca2Mg)2_id3428_E-0.74.cif,Ba3(Ca2Mg)2,-0.7441,0.02,Metal,P6/mmm,191,9
MgZn2Ga3_id1544_E-0.74.cif,MgZn2Ga3,-0.7441,0.0,Metal,P4/mmm,123,12
Sr6Ca18Cd12In_id1747_E-0.74.cif,Sr6Ca18Cd12In,-0.7437,0.0,Metal,P23,195,37
Na4Li_id1725_E-0.74.cif,Na4Li,-0.7422,0.735,Semiconductor,P1,1,20
K11Ba4_id1891_E-0.74.cif,K11Ba4,-0.7392,0.0,Metal,Pm-3m,221,30
LiAl(Zn3Cd2)2_id2021_E-0.74.cif,LiAl(Zn3Cd2)2,-0.7383,0.0,Metal,I-4m2,119,24
Ca_id1686_E-0.74.cif,Ca,-0.7374,0.0,Metal,Fd-3m,227,32
Mg_id1210_E-0.74.cif,Mg,-0.7374,0.0,Metal,Pma2,28,42
KSr4_id3085_E-0.74.cif,KSr4,-0.7374,0.0,Metal,P-6m2,187,5
Zn_id4680_E-0.74.cif,Zn,-0.7371,0.0,Metal,I4_1/a,88,20
MgZn4B_id409_E-0.74.cif,MgZn4B,-0.7353,0.0,Metal,P4/mbm,127,12
MgZn_id4779_E-0.73.cif,MgZn,-0.7319,0.0,Metal,I4_1/acd,142,32
Ba2SrGa2_id2846_E-0.73.cif,Ba2SrGa2,-0.7318,0.0,Metal,Pmmm,47,5
Mg3Cd11_id1603_E-0.73.cif,Mg3Cd11,-0.7292,0.0,Metal,P-62m,189,14
NaMgIn2_id585_E-0.73.cif,NaMgIn2,-0.726,2.08,Semiconductor,I4/mmm,139,16
Cd_id1995_E-0.72.cif,Cd,-0.7233,0.0,Metal,Pmmm,47,5
Mg14In_id4693_E-0.72.cif,Mg14In,-0.7231,0.018,Metal,Cmce,64,60
Zn4InGaP2_id2014_E-0.72.cif,Zn4InGaP2,-0.722,1.475,Semiconductor,P432,207,48
K_id2393_E-0.72.cif,K,-0.7191,0.0,Metal,P-3c1,165,18
K2NaCd3In2_id3955_E-0.71.cif,K2NaCd3In2,-0.7136,0.227,Semiconductor,P-3c1,165,16
Na4Li2Ca4Mg_id1287_E-0.71.cif,Na4Li2Ca4Mg,-0.7131,0.602,Semiconductor,P4_22_12,94,22
Na2Cd5_id2572_E-0.71.cif,Na2Cd5,-0.7128,0.0,Metal,Pn-3,201,28
Cd_id4818_E-0.71.cif,Cd,-0.7111,0.0,Metal,Pmna,53,10
K4Ba4Sn3_id4105_E-0.71.cif,K4Ba4Sn3,-0.71,0.0,Metal,Pm-3m,221,22
Na3Li11_id2833_E-0.71.cif,Na3Li11,-0.7096,0.008,Metal,P2/c,13,28
Ca2CdSb_id3700_E-0.71.cif,Ca2CdSb,-0.7091,3.236,Semiconductor,P4_2/mmc,131,8
Ba5Sr17_id1168_E-0.71.cif,Ba5Sr17,-0.709,0.0,Metal,P-31m,162,22
Al2Cd4In_id2949_E-0.71.cif,Al2Cd4In,-0.7085,0.0,Metal,P3_212,153,21
Cd_id2646_E-0.71.cif,Cd,-0.7057,0.0,Metal,Pnnn,48,16
Ba(LiCd)2_id4238_E-0.70.cif,Ba(LiCd)2,-0.7028,0.0,Metal,P42_12,90,10
Sr4Ca3_id4615_E-0.70.cif,Sr4Ca3,-0.7014,0.0,Metal,P4/nbm,125,14
BaSr4(CaIn2)2_id2826_E-0.70.cif,BaSr4(CaIn2)2,-0.7008,0.0,Metal,P4/nbm,125,22
K8Na(ZnCd3)2_id1757_E-0.70.cif,K8Na(ZnCd3)2,-0.7007,0.088,Semiconductor,P6/mmm,191,17
BaNaSrLiCaMg2(CdIn)2_id1693_E-0.70.cif,BaNaSrLiCaMg2(CdIn)2,-0.6998,0.0,Metal,P2_1/m,11,22
Ca7Mg4_id341_E-0.70.cif,Ca7Mg4,-0.6965,0.0,Metal,P6/mmm,191,22
Cd_id4660_E-0.70.cif,Cd,-0.6962,0.0,Metal,I4/mmm,139,28
MgAlCd2_id637_E-0.70.cif,MgAlCd2,-0.6957,0.0,Metal,P4_322,95,16
Li6MgZn6Cd3Ga2_id1482_E-0.69.cif,Li6MgZn6Cd3Ga2,-0.6943,0.0,Metal,P6/mmm,191,18
LiAl2Cd11_id2383_E-0.69.cif,LiAl2Cd11,-0.6942,0.0,Metal,P4mm,99,14
K13Zn3Cd4_id510_E-0.69.cif,K13Zn3Cd4,-0.6927,1.905,Semiconductor,Im-3m,229,40
NaCd2_id3680_E-0.69.cif,NaCd2,-0.6904,0.0,Metal,P4_2/mmc,131,6
CaMgCd10In_id3635_E-0.69.cif,CaMgCd10In,-0.6856,0.0,Metal,Pmmm,47,13
KZn16Cd3InSn_id3158_E-0.69.cif,KZn16Cd3InSn,-0.6853,0.0,Metal,P-6m2,187,22
Li2Cd4Ga_id1124_E-0.68.cif,Li2Cd4Ga,-0.6846,0.0,Metal,P4/mmm,123,14
KNa5_id4938_E-0.68.cif,KNa5,-0.6826,0.0,Metal,Pmna,53,24
K2Na3_id2392_E-0.68.cif,K2Na3,-0.682,0.0,Metal,Pnnn,48,20
KLiZnCd3In_id4723_E-0.68.cif,KLiZnCd3In,-0.682,0.0,Metal,P3_121,152,21
SrLiCd6InSn_id4908_E-0.68.cif,SrLiCd6InSn,-0.6804,0.0,Metal,P1,1,40
KCd4_id451_E-0.68.cif,KCd4,-0.6792,0.0,Metal,P4_2/n,86,10
Zn_id2933_E-0.68.cif,Zn,-0.6764,0.0,Metal,Cmme,67,20
MgTiIn(SeO)6_id3847_E-0.68.cif,MgTiIn(SeO)6,-0.6759,1.477,Semiconductor,P-31c,163,30
MgZn4In3O8_id1956_E-0.67.cif,MgZn4In3O8,-0.6742,3.053,Semiconductor,P-42c,112,32
Na2Cd3_id503_E-0.67.cif,Na2Cd3,-0.6698,0.0,Metal,P422,89,20
Cd_id2270_E-0.67.cif,Cd,-0.6685,0.0,Metal,P-31m,162,15
Mg6ZnIn_id189_E-0.67.cif,Mg6ZnIn,-0.6674,0.0,Metal,Pm-3m,221,8
MgBe_id1969_E-0.67.cif,MgBe,-0.6655,0.0,Metal,I4_1/acd,142,32
Na_id1519_E-0.66.cif,Na,-0.6636,0.0,Metal,P2_12_12_1,19,16
Ca_id2727_E-0.66.cif,Ca,-0.6627,0.0,Metal,P6_2,171,24
Cd_id4115_E-0.66.cif,Cd,-0.6615,0.0,Metal,P4_2/ncm,138,16
K2Zn3B_id1570_E-0.66.cif,K2Zn3B,-0.6611,0.0,Metal,Ibam,72,48
Na8Li7(AlZn4)3_id1912_E-0.66.cif,Na8Li7(AlZn4)3,-0.6597,0.909,Semiconductor,P-1,2,60
K6BaNa_id764_E-0.66.cif,K6BaNa,-0.6595,0.0,Metal,P3_112,151,24
K_id2913_E-0.66.cif,K,-0.6569,0.0,Metal,Pnnn,48,16
Cd_id1699_E-0.66.cif,Cd,-0.6563,0.0,Metal,P4_2/mmc,131,4
Mg5Cd5In_id1437_E-0.66.cif,Mg5Cd5In,-0.6556,0.0,Metal,Pmmm,47,11
LiCd4_id3625_E-0.65.cif,LiCd4,-0.6533,0.0,Metal,Ccce,68,20
K_id4811_E-0.65.cif,K,-0.6531,0.199,Semiconductor,P1,1,32
Na6Li3CaCd28_id835_E-0.65.cif,Na6Li3CaCd28,-0.6495,0.0,Metal,P31m,157,38
BaNa15_id3467_E-0.65.cif,BaNa15,-0.6482,0.0,Metal,Pm-3m,221,16
Na2CaMg9_id65_E-0.65.cif,Na2CaMg9,-0.6455,0.426,Semiconductor,P2_12_12,18,24
K2Na_id290_E-0.64.cif,K2Na,-0.645,0.0,Metal,P1,1,60
KNaSn(S2O)8_id3970_E-0.64.cif,KNaSn(S2O)8,-0.6448,2.976,Semiconductor,P1,1,54
Li3Mg(ZnCd)3_id3452_E-0.64.cif,Li3Mg(ZnCd)3,-0.6429,0.0,Metal,P31m,157,20
Na6Zn3Cd12In3Sn_id1781_E-0.64.cif,Na6Zn3Cd12In3Sn,-0.6421,0.0,Metal,P-43n,218,50
Zn_id900_E-0.64.cif,Zn,-0.6408,0.0,Metal,I4_1/acd,142,16
MgZn2_id4480_E-0.64.cif,MgZn2,-0.6402,0.0,Metal,Pn-3m,224,6
K10Cd_id285_E-0.64.cif,K10Cd,-0.6394,0.0,Metal,P-6,174,11
BaCdIn_id3598_E-0.64.cif,BaCdIn,-0.6372,0.0,Metal,P-6m2,187,3
NaIn2Sn3_id600_E-0.64.cif,NaIn2Sn3,-0.6366,0.0,Metal,P2,3,48
Cd_id1517_E-0.64.cif,Cd,-0.6356,0.0,Metal,I4_1/acd,142,16
NaZn3_id3406_E-0.63.cif,NaZn3,-0.6308,0.0,Metal,P4_2/mcm,132,16
Cd_id1126_E-0.63.cif,Cd,-0.6305,0.0,Metal,I4_1/acd,142,16
Mg4In_id2600_E-0.63.cif,Mg4In,-0.6286,0.0,Metal,Ibca,73,40
BaCd7_id4292_E-0.63.cif,BaCd7,-0.6256,0.0,Metal,I4/mcm,140,32
CdIn_id554_E-0.62.cif,CdIn,-0.6225,0.0,Metal,P4/mmm,123,4
Na_id2450_E-0.62.cif,Na,-0.6223,0.0,Metal,Pm-3n,223,12
K(Na10Li)3_id220_E-0.62.cif,K(Na10Li)3,-0.6222,0.0,Metal,Pm-3m,221,34
Li2CaMg2Cd_id1938_E-0.62.cif,Li2CaMg2Cd,-0.6219,0.0,Metal,P4_3,78,24
Na5Cd8_id316_E-0.62.cif,Na5Cd8,-0.6197,0.024,Metal,Pn-3,201,52
MgSc4Zn3_id4261_E-0.62.cif,MgSc4Zn3,-0.6188,0.0,Metal,I4/mmm,139,16
BaCdInSiTe_id2331_E-0.61.cif,BaCdInSiTe,-0.6097,24.391,Insulator,P3c1,158,30
Ba4MgGe2_id1352_E-0.61.cif,Ba4MgGe2,-0.6093,0.0,Metal,I4_1/a,88,28
K10Ba9_id624_E-0.61.cif,K10Ba9,-0.6079,1.309,Semiconductor,P4_232,208,38
LiZn5Ga_id3450_E-0.61.cif,LiZn5Ga,-0.6075,0.0,Metal,Pma2,28,14
KZn4_id2380_E-0.60.cif,KZn4,-0.6035,0.0,Metal,P4_2/nmc,137,10
Na_id3895_E-0.60.cif,Na,-0.5985,0.0,Metal,P-31m,162,24
K3Ba2Cd4In_id3771_E-0.60.cif,K3Ba2Cd4In,-0.598,0.203,Semiconductor,P2/m,10,10
K4(CdIn)3_id4945_E-0.60.cif,K4(CdIn)3,-0.5975,0.0,Metal,P6_3/m,176,20
BaMg2Zn3Cd7In6GaSn_id908_E-0.59.cif,BaMg2Zn3Cd7In6GaSn,-0.5928,0.0,Metal,P-1,2,42
Ga_id3121_E-0.59.cif,Ga,-0.5913,0.302,Semiconductor,P6/mmm,191,11
LiMgCd_id3854_E-0.59.cif,LiMgCd,-0.5906,0.0,Metal,Im-3,204,36
Na2Cd3In_id1702_E-0.59.cif,Na2Cd3In,-0.5887,0.0,Metal,P4_2/mmc,131,12
NaMg11Cd3_id1452_E-0.59.cif,NaMg11Cd3,-0.5885,0.0,Metal,Pmna,53,30
Cd_id787_E-0.59.cif,Cd,-0.5883,0.0,Metal,C2/c,15,20
NaSr4Ca2Zn5_id3221_E-0.59.cif,NaSr4Ca2Zn5,-0.5878,0.033,Metal,P42_12,90,24
MgCd2_id2741_E-0.59.cif,MgCd2,-0.5857,0.0,Metal,Cmcm,63,24
Mg_id402_E-0.58.cif,Mg,-0.5846,0.0,Metal,P6cc,184,18
Zn_id139_E-0.58.cif,Zn,-0.5827,0.491,Semiconductor,P4/mmm,123,4
Zn3Cd4_id3477_E-0.58.cif,Zn3Cd4,-0.5814,0.0,Metal,Cmce,64,28
MgZn3InSi_id2598_E-0.57.cif,MgZn3InSi,-0.5701,0.003,Metal,Imma,74,24
NaLi6AlS4_id2264_E-0.57.cif,NaLi6AlS4,-0.5689,2.797,Semiconductor,I-4m2,119,24
Zn_id3466_E-0.57.cif,Zn,-0.5659,0.0,Metal,Pmn2_1,31,8
NaSrLiO4_id4318_E-0.56.cif,NaSrLiO4,-0.5624,0.347,Semiconductor,C2/m,12,28
Cd_id941_E-0.56.cif,Cd,-0.5609,0.0,Metal,Pm-3m,221,12
Zn_id127_E-0.56.cif,Zn,-0.5604,0.078,Semiconductor,P432,207,36
Cd_id557_E-0.56.cif,Cd,-0.5576,0.0,Metal,P-1,2,23
LiZn9_id4538_E-0.56.cif,LiZn9,-0.5576,0.0,Metal,Im-3m,229,20
KZn3Cd4_id2812_E-0.56.cif,KZn3Cd4,-0.5576,0.0,Metal,P-4m2,115,16
AlZn5Cd_id3997_E-0.56.cif,AlZn5Cd,-0.5573,0.0,Metal,P-42m,111,7
Ca2Cd6Sn_id3863_E-0.55.cif,Ca2Cd6Sn,-0.5501,0.0,Metal,I4/mmm,139,18
Ca5Mg24_id2544_E-0.54.cif,Ca5Mg24,-0.5438,4.785,Insulator,P1,1,29
Zn_id368_E-0.54.cif,Zn,-0.5435,0.0,Metal,P4_32_12,96,8
Sr3Ca2_id568_E-0.54.cif,Sr3Ca2,-0.5428,0.0,Metal,P4_2mc,105,10
KBaSr3_id3544_E-0.54.cif,KBaSr3,-0.5404,0.0,Metal,P6/mmm,191,15
K2LiZn4SbO6_id4027_E-0.54.cif,K2LiZn4SbO6,-0.5383,0.01,Metal,P4bm,100,28
Li2ScCd4_id1577_E-0.54.cif,Li2ScCd4,-0.5363,0.585,Semiconductor,P4_2cm,101,14
Sr2LiCa2_id641_E-0.54.cif,Sr2LiCa2,-0.5359,0.0,Metal,I4/mmm,139,10
LiCa(Mg10Cd)2_id1896_E-0.53.cif,LiCa(Mg10Cd)2,-0.5313,0.0,Metal,P6/mmm,191,24
Mg4Zn4Cd8Sb_id2943_E-0.53.cif,Mg4Zn4Cd8Sb,-0.5304,0.0,Metal,I422,97,34
Zn12Cd7In3_id2591_E-0.53.cif,Zn12Cd7In3,-0.529,0.0,Metal,Im-3,204,44
Na_id3676_E-0.53.cif,Na,-0.5267,2.68,Semiconductor,P2_12_12_1,19,20
Cd_id4603_E-0.53.cif,Cd,-0.5252,0.0,Metal,Pmna,53,26
BaSr2_id4440_E-0.52.cif,BaSr2,-0.5231,0.0,Metal,I4/mmm,139,6
LiMgZn6_id4472_E-0.52.cif,LiMgZn6,-0.5229,0.0,Metal,P-4c2,116,16
KBa(LiSb)2_id1442_E-0.52.cif,KBa(LiSb)2,-0.52,0.0,Metal,Pm,6,12
Cd_id4078_E-0.52.cif,Cd,-0.5182,0.0,Metal,Aem2,39,16
SrCa3_id4825_E-0.52.cif,SrCa3,-0.5167,0.0,Metal,P4_2mc,105,16
NaCaCd2_id3954_E-0.51.cif,NaCaCd2,-0.5147,0.0,Metal,P4_3,78,16
Li4CaMgCd14In_id1344_E-0.51.cif,Li4CaMgCd14In,-0.5147,0.0,Metal,P1,1,21
KCd_id1013_E-0.51.cif,KCd,-0.5145,0.219,Semiconductor,P4/nmm,129,16
SrCd2_id959_E-0.51.cif,SrCd2,-0.5114,0.0,Metal,Pn-3m,224,6
Ba6Na2Sr2Cd7_id3592_E-0.51.cif,Ba6Na2Sr2Cd7,-0.5105,0.0,Metal,Pmmm,47,17
BaSr2Ca3_id1295_E-0.51.cif,BaSr2Ca3,-0.5101,0.0,Metal,P31m,157,18
KMgZnCd4GaSn_id3274_E-0.51.cif,KMgZnCd4GaSn,-0.5097,0.0,Metal,P4mm,99,9
KMgCd3_id1087_E-0.51.cif,KMgCd3,-0.5095,0.0,Metal,Pm-3m,221,5
Cd_id1943_E-0.51.cif,Cd,-0.5082,0.0,Metal,P2_12_12_1,19,8
Li2Ca5Mg10ScCd4_id4568_E-0.50.cif,Li2Ca5Mg10ScCd4,-0.5046,3.92,Insulator,P1,1,22
NaCd8In_id1100_E-0.50.cif,NaCd8In,-0.5044,0.0,Metal,C222_1,20,40
Zn9In_id4498_E-0.50.cif,Zn9In,-0.5025,0.0,Metal,P4,75,10
Mg3AlZnCd2SnTe2_id943_E-0.50.cif,Mg3AlZnCd2SnTe2,-0.5009,0.902,Semiconductor,P6_2,171,60
MgZn6_id2283_E-0.50.cif,MgZn6,-0.4975,0.0,Metal,Fm-3m,225,28
CaZn12(Cd6Ga)2_id27_E-0.50.cif,CaZn12(Cd6Ga)2,-0.497,0.0,Metal,P6/mmm,191,27
Cd_id4521_E-0.49.cif,Cd,-0.492,0.0,Metal,P6,168,38
NaLi2Mg4(ZnCd6)2_id2197_E-0.49.cif,NaLi2Mg4(ZnCd6)2,-0.4898,0.0,Metal,P1,1,21
SrCaZn4_id3054_E-0.49.cif,SrCaZn4,-0.489,0.0,Metal,I4_1/a,88,24
K3NaCd4In_id202_E-0.49.cif,K3NaCd4In,-0.488,0.149,Semiconductor,I-4m2,119,18
Cd_id1491_E-0.49.cif,Cd,-0.4865,0.732,Semiconductor,P4_2/nbc,133,24
K3Zn6Cd4InGa7_id4577_E-0.49.cif,K3Zn6Cd4InGa7,-0.4862,0.0,Metal,Pm,6,42
K4Mg3Cd5_id1929_E-0.49.cif,K4Mg3Cd5,-0.4853,0.776,Semiconductor,P4_2/m,84,24
KSr5Ca5Zn_id1606_E-0.48.cif,KSr5Ca5Zn,-0.4796,0.0,Metal,P4_3,78,48
CaMg12Zn2In3_id2888_E-0.48.cif,CaMg12Zn2In3,-0.4788,0.0,Metal,P6/mmm,191,18
Na3Cd3Ge2_id2570_E-0.48.cif,Na3Cd3Ge2,-0.4777,0.143,Semiconductor,P1,1,16
Na3Cd2_id788_E-0.48.cif,Na3Cd2,-0.4775,0.0,Metal,I4/mmm,139,10
Sr2MgZn2In_id2677_E-0.48.cif,Sr2MgZn2In,-0.4757,0.0,Metal,P4/mbm,127,12
K19Na9_id2230_E-0.47.cif,K19Na9,-0.4739,0.654,Semiconductor,Pm-3,200,28
KCd2_id2968_E-0.47.cif,KCd2,-0.4705,0.0,Metal,Imm2,44,12
Ba3Ca2Mg(CdIn)2_id4240_E-0.47.cif,Ba3Ca2Mg(CdIn)2,-0.4687,2.823,Semiconductor,P1,1,10
NaCd8_id23_E-0.47.cif,NaCd8,-0.4686,0.0,Metal,P6/mcc,192,36
LiZn9_id1743_E-0.47.cif,LiZn9,-0.4654,0.0,Metal,Pmma,51,20
Ca(ZnCd)4_id4545_E-0.45.cif,Ca(ZnCd)4,-0.4525,3.861,Insulator,P4_2/nmc,137,18
Ba3(CaCd2)4_id4799_E-0.45.cif,Ba3(CaCd2)4,-0.4483,0.039,Metal,P6/mmm,191,15
K2Zn_id2446_E-0.45.cif,K2Zn,-0.4468,0.0,Metal,P4_122,91,12
Zn_id4012_E-0.44.cif,Zn,-0.4407,0.0,Metal,Pcc2,27,12
K(Zn2Ga)2_id1530_E-0.44.cif,K(Zn2Ga)2,-0.4396,0.0,Metal,I-4,82,14
AlSiSnTeAsSe3SN2_id4551_E-0.44.cif,AlSiSnTeAsSe3SN2,-0.4373,0.621,Semiconductor,Pca2_1,29,44
Cd_id1598_E-0.43.cif,Cd,-0.4349,0.0,Metal,P4nc,104,16
MgCd_id2972_E-0.43.cif,MgCd,-0.4349,3.665,Insulator,Pm,6,12
Mg10Cd_id3707_E-0.43.cif,Mg10Cd,-0.4349,0.0,Metal,Pmma,51,22
LiZn5_id4493_E-0.43.cif,LiZn5,-0.4329,0.0,Metal,P4/m,83,12
Mg_id1878_E-0.43.cif,Mg,-0.4328,0.032,Metal,I4_1/acd,142,16
MgCd3_id784_E-0.43.cif,MgCd3,-0.43,0.0,Metal,P4_2/m,84,16
Cd_id2441_E-0.43.cif,Cd,-0.4285,0.978,Semiconductor,Pn-3m,224,16
Na3Li7Ca3Mg6(ZnCd)6_id3364_E-0.42.cif,Na3Li7Ca3Mg6(ZnCd)6,-0.4242,4.093,Insulator,P31m,157,31
Ba3Mg14_id732_E-0.42.cif,Ba3Mg14,-0.4174,0.0,Metal,P3m1,156,17
Li2(MgCd)3_id597_E-0.41.cif,Li2(MgCd)3,-0.4145,0.0,Metal,Pm-3,200,16
Cd_id4492_E-0.41.cif,Cd,-0.4123,0.0,Metal,Pmna,53,18
Ba_id3933_E-0.41.cif,Ba,-0.4119,0.0,Metal,P-6m2,187,5
Zn3(CdGa)2_id3685_E-0.41.cif,Zn3(CdGa)2,-0.4097,0.0,Metal,Pmmm,47,7
Li2MgZn15_id469_E-0.41.cif,Li2MgZn15,-0.4096,0.0,Metal,P222,16,18
Li(MgZn)2_id2173_E-0.41.cif,Li(MgZn)2,-0.4096,0.0,Metal,R-3m,166,15
BaSr3Ca_id42_E-0.41.cif,BaSr3Ca,-0.4079,0.0,Metal,P6_4,172,15
Mg5Zn(Cd2In)2_id534_E-0.41.cif,Mg5Zn(Cd2In)2,-0.4054,0.0,Metal,P4/mmm,123,12
Li5Mg6Cd10In3_id3802_E-0.40.cif,Li5Mg6Cd10In3,-0.4043,4.484,Insulator,P6,168,24
LiMg6Zn4Cd_id4713_E-0.40.cif,LiMg6Zn4Cd,-0.4031,0.0,Metal,Immm,71,24
Cd_id1050_E-0.40.cif,Cd,-0.4007,0.0,Metal,Pn-3m,224,20
Ca7Mg6_id9_E-0.40.cif,Ca7Mg6,-0.3995,0.016,Metal,P1,1,26
KZn7Sn_id195_E-0.40.cif,KZn7Sn,-0.3967,0.0,Metal,P312,149,9
KNa3Cd_id1105_E-0.40.cif,KNa3Cd,-0.3961,0.968,Semiconductor,C222,21,20
BaCd3_id1154_E-0.39.cif,BaCd3,-0.3939,0.0,Metal,Pmm2,25,4
SrCd_id4474_E-0.39.cif,SrCd,-0.3933,0.0,Metal,Pmmm,47,8
LiZn11_id450_E-0.39.cif,LiZn11,-0.3893,0.0,Metal,P4/m,83,24
InGaPCSe3SN3_id3049_E-0.39.cif,InGaPCSe3SN3,-0.3868,1.715,Semiconductor,Pna2_1,33,44
Cd_id2238_E-0.39.cif,Cd,-0.3859,0.0,Metal,P2,3,18
ZnCd_id1338_E-0.39.cif,ZnCd,-0.3857,0.0,Metal,Immm,71,12
Li2Cd2Ge_id4011_E-0.38.cif,Li2Cd2Ge,-0.3845,0.0,Metal,Cmcm,63,20
Mg4Cd8Ga3_id973_E-0.38.cif,Mg4Cd8Ga3,-0.3841,0.0,Metal,I-43d,220,60
Zn_id3975_E-0.38.cif,Zn,-0.3836,0.0,Metal,Pm-3m,221,28
Mg4Zn4Cd_id660_E-0.38.cif,Mg4Zn4Cd,-0.3833,0.0,Metal,P4_2/nmc,137,18
Zn4Cd_id4930_E-0.38.cif,Zn4Cd,-0.3824,0.0,Metal,I4_1/a,88,20
KCd2_id1879_E-0.38.cif,KCd2,-0.379,0.0,Metal,I4/mmm,139,12
Na2Ca2In_id3674_E-0.38.cif,Na2Ca2In,-0.376,0.922,Semiconductor,Immm,71,10
Sr_id4420_E-0.37.cif,Sr,-0.3715,0.0,Metal,Aem2,39,20
Mg_id2732_E-0.37.cif,Mg,-0.3707,0.0,Metal,P4_2mc,105,22
Cd_id540_E-0.36.cif,Cd,-0.3649,0.0,Metal,P23,195,12
LiAl3Cd2_id3424_E-0.36.cif,LiAl3Cd2,-0.3633,0.0,Metal,P4_332,212,24
Mg_id4077_E-0.35.cif,Mg,-0.3476,0.007,Metal,P-43n,218,48
Sr2CaZn2_id2140_E-0.35.cif,Sr2CaZn2,-0.3467,0.0,Metal,Pm,6,5
SnGe6Se_id3834_E-0.34.cif,SnGe6Se,-0.3436,0.0,Metal,P1,1,32
Cd_id2351_E-0.34.cif,Cd,-0.3389,0.0,Metal,Ia-3d,230,32
LiCa16_id4113_E-0.34.cif,LiCa16,-0.3358,0.0,Metal,P-31m,162,17
Ca25Mg9_id4579_E-0.34.cif,Ca25Mg9,-0.3356,0.0,Metal,Pm-3m,221,34
K7GaSn2_id666_E-0.34.cif,K7GaSn2,-0.3355,2.307,Semiconductor,Pcc2,27,20
Cd5In_id1219_E-0.34.cif,Cd5In,-0.3355,0.0,Metal,P4/mmm,123,6
Cd_id144_E-0.33.cif,Cd,-0.33,0.0,Metal,Pban,50,18
NaLi4(Ca2Mg)3_id3621_E-0.33.cif,NaLi4(Ca2Mg)3,-0.3265,0.0,Metal,Im-3m,229,28
Sr5Ca_id3106_E-0.31.cif,Sr5Ca,-0.3107,0.0,Metal,P4/mmm,123,12
MgCd4_id1779_E-0.31.cif,MgCd4,-0.3097,0.0,Metal,P4_2/n,86,10
Zn_id4882_E-0.31.cif,Zn,-0.306,0.0,Metal,C222_1,20,12
Ca2Mg2Al_id4257_E-0.31.cif,Ca2Mg2Al,-0.305,0.0,Metal,P4_232,208,30
Ca5Mg_id3530_E-0.30.cif,Ca5Mg,-0.2981,0.0,Metal,P4/mmm,123,12
Sr_id1925_E-0.30.cif,Sr,-0.2979,0.0,Metal,P6/mmm,191,19
Li2MgZn4Ga_id545_E-0.30.cif,Li2MgZn4Ga,-0.2962,0.288,Semiconductor,P1,1,24
Li5Zn13Cd12InGa6Sn_id817_E-0.29.cif,Li5Zn13Cd12InGa6Sn,-0.2896,1.846,Semiconductor,P31m,157,38
Na23Ca_id1080_E-0.28.cif,Na23Ca,-0.2829,1.126,Semiconductor,P2/c,13,48
NaMg2AlCd2TeP2N2O3_id26_E-0.28.cif,NaMg2AlCd2TeP2N2O3,-0.2794,0.786,Semiconductor,P1,1,56
Mg2Cd_id2356_E-0.28.cif,Mg2Cd,-0.2771,0.0,Metal,Iba2,45,36
K5Cd4Te4(SO)4_id1092_E-0.27.cif,K5Cd4Te4(SO)4,-0.2748,4.372,Insulator,P4_2/n,86,42
Ba(ZnS)6_id405_E-0.27.cif,Ba(ZnS)6,-0.2701,1.716,Semiconductor,P4_332,212,52
LiGa_id1198_E-0.27.cif,LiGa,-0.2664,0.0,Metal,P4/mmm,123,16
Sr(MgZn)3_id4934_E-0.27.cif,Sr(MgZn)3,-0.2664,0.0,Metal,P6_3/m,176,14
Li(MgZn)3_id2852_E-0.26.cif,Li(MgZn)3,-0.2569,0.033,Metal,Pm-3,200,14
LiCaMg2_id963_E-0.26.cif,LiCaMg2,-0.2558,2.181,Semiconductor,C2,5,32
Mg_id4895_E-0.26.cif,Mg,-0.2557,0.817,Semiconductor,Iba2,45,32
Ba2Zn15_id1993_E-0.25.cif,Ba2Zn15,-0.2477,0.0,Metal,P6/mmm,191,17
NaTiSiGe_id737_E-0.25.cif,NaTiSiGe,-0.2473,1.009,Semiconductor,P3_1,144,12
Mg7Zn_id4252_E-0.25.cif,Mg7Zn,-0.2453,0.0,Metal,P-6m2,187,8
Zn_id101_E-0.24.cif,Zn,-0.2413,0.0,Metal,P3_112,151,18
SrN_id1172_E-0.23.cif,SrN,-0.2334,0.936,Semiconductor,P4_2/nnm,134,16
CaCd_id3726_E-0.23.cif,CaCd,-0.2299,0.0,Metal,Cmcm,63,8
InGe2SO4_id1768_E-0.21.cif,InGe2SO4,-0.2119,0.0,Metal,P4_2mc,105,32
NaSrCa4_id1844_E-0.21.cif,NaSrCa4,-0.208,0.0,Metal,I-4m2,119,12
Zn(SnS2)2_id90_E-0.20.cif,Zn(SnS2)2,-0.1969,3.176,Semiconductor,Aem2,39,28
SrCa3_id586_E-0.18.cif,SrCa3,-0.1761,0.0,Metal,I4/mmm,139,16
LiMgZn5Cd_id4445_E-0.17.cif,LiMgZn5Cd,-0.1688,0.0,Metal,I-4m2,119,16
Zn_id2268_E-0.15.cif,Zn,-0.1546,0.0,Metal,Pbca,61,16
CaMg3Zn2CdIn3_id1108_E-0.15.cif,CaMg3Zn2CdIn3,-0.146,0.114,Semiconductor,Cm,8,10
Li(Mg3Cd)2_id280_E-0.15.cif,Li(Mg3Cd)2,-0.1453,0.0,Metal,Pn-3m,224,18
BaLi2Mg6Cd2In2Ga_id2789_E-0.13.cif,BaLi2Mg6Cd2In2Ga,-0.1281,0.446,Semiconductor,I4/mcm,140,56
Na2Mg5Cd9_id3358_E-0.12.cif,Na2Mg5Cd9,-0.1158,3.704,Insulator,P6mm,183,16
Si3Ge2(Se2S)2_id4008_E-0.11.cif,Si3Ge2(Se2S)2,-0.1128,0.483,Semiconductor,P-42_1m,113,22
Ba5Sr2_id3449_E-0.11.cif,Ba5Sr2,-0.1076,3.701,Insulator,Cm,8,14
Ba2NaSnTe3Se5(SO)4_id4646_E-0.10.cif,Ba2NaSnTe3Se5(SO)4,-0.1005,1.377,Semiconductor,P1,1,40
Zn3Cd2_id2752_E-0.09.cif,Zn3Cd2,-0.0923,0.0,Metal,P4_332,212,20
Na4Li7Zn3Sb4Te6As4P3_id4243_E-0.09.cif,Na4Li7Zn3Sb4Te6As4P3,-0.09,2.022,Semiconductor,P3,143,31
K13Sn3_id3634_E-0.08.cif,K13Sn3,-0.0834,0.0,Metal,P-31m,162,16
CaSn_id4500_E-0.08.cif,CaSn,-0.0795,0.0,Metal,P4/nmm,129,16
Mg2In14GaTe4(Se3S)2_id3179_E-0.06.cif,Mg2In14GaTe4(Se3S)2,-0.0573,0.021,Metal,C2,5,58
Li7Sb_id1216_E-0.05.cif,Li7Sb,-0.0537,0.22,Semiconductor,P2_12_12_1,19,32
Sr2Ca3Mg_id3410_E-0.03.cif,Sr2Ca3Mg,-0.0317,1.844,Semiconductor,Pbam,55,12
Se_id4607_E-0.03.cif,Se,-0.0284,1.96,Semiconductor,P1,1,42
Li(Mg5Zn4)3_id936_E-0.03.cif,Li(Mg5Zn4)3,-0.0258,0.0,Metal,I23,197,56
Li3Mg10Al3In2_id1667_E-0.02.cif,Li3Mg10Al3In2,-0.0242,0.226,Semiconductor,Imm2,44,36
Li2Si(GeP)2_id4305_E-0.02.cif,Li2Si(GeP)2,-0.0239,3.82,Insulator,I4_1,80,28
Ba2Ca3Mg_id712_E-0.01.cif,Ba2Ca3Mg,-0.0138,0.648,Semiconductor,Ibca,73,48
Sr5Ca9_id4279_E-0.00.cif,Sr5Ca9,-0.0047,0.017,Metal,Pmma,51,28
