file_name,original_file,formula,energy,bandgap,type,space_group_symbol,space_group_number,num_atoms
TiO2_id1620_Final_E-9.32.cif,TiO2_id1620_E-6.69.cif,TiO2,-9.3198,1.666,Semiconductor,Pcca,54,24
Ti6O7_id1624_Final_E-9.09.cif,Ti6O7_id1624_E-7.77.cif,Ti6O7,-9.0917,0.0,Metal,P-1,2,26
Ti2C3_id2550_Final_E-8.85.cif,Ti2C3_id2550_E-7.92.cif,Ti2C3,-8.8526,0.0,Metal,P4_22_12,94,20
Ti2N2O3_id1284_Final_E-8.74.cif,Ti2N2O3_id1284_E-7.62.cif,Ti2N2O3,-8.7379,1.391,Semiconductor,P1,1,21
TiN3_id4774_Final_E-8.71.cif,TiN3_id4774_E-7.35.cif,TiN3,-8.7137,0.741,Semiconductor,Cc,9,32
Ti3SO3_id1431_Final_E-8.70.cif,Ti3SO3_id1431_E-8.37.cif,Ti3SO3,-8.7041,0.0,Metal,R-3c,167,42
Ti6GeO12_id3181_Final_E-8.65.cif,Ti6GeO12_id3181_E-7.42.cif,Ti6GeO12,-8.6507,2.056,Semiconductor,Im-3,204,38
Ti2N15_id4140_Final_E-8.52.cif,Ti2N15_id4140_E-7.64.cif,Ti2N15,-8.5221,0.881,Semiconductor,P-1,2,34
BaTiO3_id3706_Final_E-8.40.cif,BaTiO3_id3706_E-8.38.cif,BaTiO3,-8.4034,0.01,Metal,Pm-3m,221,40
C_id1257_Final_E-8.34.cif,C_id1257_E-7.29.cif,C,-8.3424,0.29,Semiconductor,C2/c,15,60
Sc4N5_id3478_Final_E-8.19.cif,Sc4N5_id3478_E-7.56.cif,Sc4N5,-8.1898,0.0,Metal,F-43m,216,36
ScN4_id2605_Final_E-8.18.cif,ScN4_id2605_E-7.84.cif,ScN4,-8.1817,2.838,Semiconductor,C2/c,15,20
Sc2BC4_id1080_Final_E-8.15.cif,Sc2BC4_id1080_E-7.31.cif,Sc2BC4,-8.1464,0.0,Metal,P-1,2,14
CaC2NO2_id686_Final_E-8.00.cif,CaC2NO2_id686_E-7.54.cif,CaC2NO2,-7.9951,2.366,Semiconductor,Pnma,62,24
Ti9GaO6_id4084_Final_E-7.92.cif,Ti9GaO6_id4084_E-7.92.cif,Ti9GaO6,-7.9225,0.0,Metal,Pm-3,200,16
LiTiN2O_id3427_Final_E-7.87.cif,LiTiN2O_id3427_E-6.82.cif,LiTiN2O,-7.8673,1.774,Semiconductor,P1,1,20
TiPO2_id228_Final_E-7.86.cif,TiPO2_id228_E-7.72.cif,TiPO2,-7.8618,0.631,Semiconductor,Pbca,61,32
Sc3ZnO4_id4739_Final_E-7.81.cif,Sc3ZnO4_id4739_E-7.81.cif,Sc3ZnO4,-7.8129,1.191,Semiconductor,Pm-3m,221,8
C2N3O5_id3634_Final_E-7.80.cif,C2N3O5_id3634_E-6.88.cif,C2N3O5,-7.8011,4.147,Insulator,C222_1,20,40
ScPN_id2157_Final_E-7.80.cif,ScPN_id2157_E-6.24.cif,ScPN,-7.8001,0.0,Metal,Pc,7,12
Ca(SiO2)4_id3268_Final_E-7.77.cif,Ca(SiO2)4_id3268_E-6.29.cif,Ca(SiO2)4,-7.7711,0.363,Semiconductor,P-42_1c,114,26
ScAlO2_id587_Final_E-7.72.cif,ScAlO2_id587_E-5.57.cif,ScAlO2,-7.7183,4.213,Insulator,P3_221,154,12
Ti3Zn(GeO4)3_id1034_Final_E-7.59.cif,Ti3Zn(GeO4)3_id1034_E-4.43.cif,Ti3Zn(GeO4)3,-7.5921,1.441,Semiconductor,P1,1,19
ZnN8_id49_Final_E-7.57.cif,ZnN8_id49_E-6.91.cif,ZnN8,-7.5702,0.0,Metal,Ccce,68,36
C2N5_id372_Final_E-7.46.cif,C2N5_id372_E-7.14.cif,C2N5,-7.464,1.07,Semiconductor,Pbcn,60,28
KSc3O7_id4652_Final_E-7.44.cif,KSc3O7_id4652_E-7.44.cif,KSc3O7,-7.4444,0.456,Semiconductor,Pm-3n,223,22
Ti5Sn2O5_id272_Final_E-7.43.cif,Ti5Sn2O5_id272_E-7.34.cif,Ti5Sn2O5,-7.4255,0.789,Semiconductor,P-1,2,24
Sc3AlGa3N8_id2978_Final_E-7.42.cif,Sc3AlGa3N8_id2978_E-6.85.cif,Sc3AlGa3N8,-7.4236,0.261,Semiconductor,P-1,2,15
Sc2Ti2Ga2O5_id3_Final_E-7.33.cif,Sc2Ti2Ga2O5_id3_E-6.86.cif,Sc2Ti2Ga2O5,-7.3319,0.036,Metal,P321,150,33
Ti3O10_id3682_Final_E-7.31.cif,Ti3O10_id3682_E-6.99.cif,Ti3O10,-7.3148,0.384,Semiconductor,P31c,159,26
C2SeO4_id305_Final_E-7.31.cif,C2SeO4_id305_E-4.75.cif,C2SeO4,-7.3054,0.301,Semiconductor,P1,1,14
Ca2Si2C17S2(N2O)2_id3958_Final_E-7.26.cif,Ca2Si2C17S2(N2O)2_id3958_E-6.06.cif,Ca2Si2C17S2(N2O)2,-7.2574,0.374,Semiconductor,P2/c,13,58
Sc5O4_id403_Final_E-7.22.cif,Sc5O4_id403_E-7.17.cif,Sc5O4,-7.2176,0.498,Semiconductor,P4_2/n,86,18
Al2C7_id4879_Final_E-7.20.cif,Al2C7_id4879_E-6.59.cif,Al2C7,-7.203,0.0,Metal,P1,1,36
Sc5C2_id345_Final_E-7.19.cif,Sc5C2_id345_E-6.60.cif,Sc5C2,-7.1901,0.716,Semiconductor,P4_22_12,94,28
Si4O11_id565_Final_E-7.14.cif,Si4O11_id565_E-5.60.cif,Si4O11,-7.1371,1.767,Semiconductor,Pba2,32,30
Sc2P_id1371_Final_E-7.07.cif,Sc2P_id1371_E-6.86.cif,Sc2P,-7.0686,0.784,Semiconductor,Pa-3,205,12
BaLiCa8B12(NO2)6_id3556_Final_E-7.06.cif,BaLiCa8B12(NO2)6_id3556_E-5.59.cif,BaLiCa8B12(NO2)6,-7.0552,0.185,Semiconductor,P321,150,40
BN24_id2321_Final_E-7.05.cif,BN24_id2321_E-5.54.cif,BN24,-7.0525,1.682,Semiconductor,I432,211,50
Ca2Ti(NO)2_id624_Final_E-7.03.cif,Ca2Ti(NO)2_id624_E-6.40.cif,Ca2Ti(NO)2,-7.0295,1.22,Semiconductor,Cmce,64,28
KTi4Te3O4_id4010_Final_E-7.02.cif,KTi4Te3O4_id4010_E-6.37.cif,KTi4Te3O4,-7.0183,0.724,Semiconductor,C2/c,15,48
Ti4O15_id1212_Final_E-7.01.cif,Ti4O15_id1212_E-5.78.cif,Ti4O15,-7.0105,0.0,Metal,P1,1,38
KSc3N7_id4195_Final_E-7.01.cif,KSc3N7_id4195_E-7.01.cif,KSc3N7,-7.0102,0.482,Semiconductor,Pm-3n,223,22
Be2AsN8_id2490_Final_E-6.99.cif,Be2AsN8_id2490_E-5.55.cif,Be2AsN8,-6.9933,1.52,Semiconductor,Immm,71,22
K2Ti3O6_id1770_Final_E-6.95.cif,K2Ti3O6_id1770_E-6.20.cif,K2Ti3O6,-6.9458,1.096,Semiconductor,P-1,2,44
AsPCNO2_id3195_Final_E-6.90.cif,AsPCNO2_id3195_E-6.43.cif,AsPCNO2,-6.9009,1.414,Semiconductor,C222_1,20,48
MgTi3O5_id3516_Final_E-6.87.cif,MgTi3O5_id3516_E-6.76.cif,MgTi3O5,-6.8726,1.578,Semiconductor,C2/c,15,36
InN4_id1482_Final_E-6.87.cif,InN4_id1482_E-6.69.cif,InN4,-6.865,0.226,Semiconductor,Ccce,68,20
SrBN2_id1247_Final_E-6.86.cif,SrBN2_id1247_E-6.64.cif,SrBN2,-6.862,2.941,Semiconductor,P6_222,180,12
Al2SnB2O5_id1937_Final_E-6.82.cif,Al2SnB2O5_id1937_E-5.79.cif,Al2SnB2O5,-6.8202,2.035,Semiconductor,P2_1/c,14,40
Li2Be(N3O)2_id2105_Final_E-6.78.cif,Li2Be(N3O)2_id2105_E-6.01.cif,Li2Be(N3O)2,-6.7806,2.58,Semiconductor,P2_1/c,14,44
TiSeSN_id3126_Final_E-6.77.cif,TiSeSN_id3126_E-5.78.cif,TiSeSN,-6.7704,1.26,Semiconductor,P1,1,24
Sc2NO5_id3840_Final_E-6.75.cif,Sc2NO5_id3840_E-6.68.cif,Sc2NO5,-6.755,0.0,Metal,I4_122,98,32
AlTeN4_id1380_Final_E-6.75.cif,AlTeN4_id1380_E-4.55.cif,AlTeN4,-6.7482,2.546,Semiconductor,Pccn,56,24
BaPN2_id736_Final_E-6.74.cif,BaPN2_id736_E-6.12.cif,BaPN2,-6.741,1.415,Semiconductor,I4_122,98,16
Sc2GaN_id2232_Final_E-6.73.cif,Sc2GaN_id2232_E-6.23.cif,Sc2GaN,-6.7311,0.0,Metal,I4_122,98,16
ScAs(PO)4_id2767_Final_E-6.69.cif,ScAs(PO)4_id2767_E-5.59.cif,ScAs(PO)4,-6.6929,0.0,Metal,P-1,2,40
Sr2TiPO2_id3092_Final_E-6.69.cif,Sr2TiPO2_id3092_E-6.22.cif,Sr2TiPO2,-6.6909,1.169,Semiconductor,P3_221,154,18
Ca4N9_id166_Final_E-6.67.cif,Ca4N9_id166_E-6.26.cif,Ca4N9,-6.6718,1.479,Semiconductor,I4/m,87,26
GaSiO2_id4361_Final_E-6.64.cif,GaSiO2_id4361_E-5.79.cif,GaSiO2,-6.6415,1.578,Semiconductor,I4_122,98,16
As2SeN4_id4118_Final_E-6.63.cif,As2SeN4_id4118_E-5.92.cif,As2SeN4,-6.6311,1.528,Semiconductor,P2_1/c,14,28
Ba(NO)6_id2724_Final_E-6.60.cif,Ba(NO)6_id2724_E-4.79.cif,Ba(NO)6,-6.6048,0.875,Semiconductor,P1,1,13
ScGa3O4_id1667_Final_E-6.60.cif,ScGa3O4_id1667_E-6.28.cif,ScGa3O4,-6.6022,1.84,Semiconductor,P-6,174,8
ScZnO3_id310_Final_E-6.60.cif,ScZnO3_id310_E-5.32.cif,ScZnO3,-6.5998,2.625,Semiconductor,Cmcm,63,20
BaBN2_id2382_Final_E-6.59.cif,BaBN2_id2382_E-6.04.cif,BaBN2,-6.5868,2.379,Semiconductor,P6_222,180,12
BaGe3O8_id2290_Final_E-6.59.cif,BaGe3O8_id2290_E-5.73.cif,BaGe3O8,-6.5867,2.499,Semiconductor,C2,5,24
NaTiO4_id817_Final_E-6.55.cif,NaTiO4_id817_E-5.71.cif,NaTiO4,-6.5458,0.47,Semiconductor,I-42m,121,24
SrCS2(NO)2_id342_Final_E-6.53.cif,SrCS2(NO)2_id342_E-5.37.cif,SrCS2(NO)2,-6.5266,2.449,Semiconductor,Cmc2_1,36,48
Si2GeN2_id3062_Final_E-6.52.cif,Si2GeN2_id3062_E-5.55.cif,Si2GeN2,-6.5226,0.0,Metal,P4_12_12,92,20
BPCS3NO2_id1616_Final_E-6.49.cif,BPCS3NO2_id1616_E-5.23.cif,BPCS3NO2,-6.4889,3.093,Semiconductor,P2/c,13,36
ScInPSO2_id4698_Final_E-6.47.cif,ScInPSO2_id4698_E-5.59.cif,ScInPSO2,-6.4727,0.0,Metal,P-1,2,12
Be2O3_id1457_Final_E-6.45.cif,Be2O3_id1457_E-5.28.cif,Be2O3,-6.4477,4.224,Insulator,Pbcn,60,20
TiCdO4_id3902_Final_E-6.42.cif,TiCdO4_id3902_E-6.42.cif,TiCdO4,-6.4228,0.81,Semiconductor,P4/nbm,125,12
SN12_id262_Final_E-6.40.cif,SN12_id262_E-4.91.cif,SN12,-6.4024,0.0,Metal,P1,1,52
Ca4GaO6_id1810_Final_E-6.40.cif,Ca4GaO6_id1810_E-6.40.cif,Ca4GaO6,-6.4,0.0,Metal,Im-3m,229,22
SrC2_id3176_Final_E-6.39.cif,SrC2_id3176_E-4.64.cif,SrC2,-6.3865,0.0,Metal,Ibam,72,12
MgTi2CdGaO6_id1852_Final_E-6.38.cif,MgTi2CdGaO6_id1852_E-4.66.cif,MgTi2CdGaO6,-6.3788,1.19,Semiconductor,P1,1,33
Ca2TiO6_id401_Final_E-6.38.cif,Ca2TiO6_id401_E-5.93.cif,Ca2TiO6,-6.376,2.588,Semiconductor,Cmce,64,36
Sc5N2O_id1302_Final_E-6.37.cif,Sc5N2O_id1302_E-6.37.cif,Sc5N2O,-6.3731,0.537,Semiconductor,Pn-3m,224,16
Al3ZnO4_id556_Final_E-6.35.cif,Al3ZnO4_id556_E-2.40.cif,Al3ZnO4,-6.3482,0.0,Metal,P1,1,16
TiP6N_id1868_Final_E-6.33.cif,TiP6N_id1868_E-5.90.cif,TiP6N,-6.3298,0.382,Semiconductor,P1,1,48
BaCaTi2(PO)2_id288_Final_E-6.33.cif,BaCaTi2(PO)2_id288_E-6.14.cif,BaCaTi2(PO)2,-6.3251,0.019,Metal,P-3m1,164,8
LiGa(BO4)2_id4917_Final_E-6.32.cif,LiGa(BO4)2_id4917_E-4.09.cif,LiGa(BO4)2,-6.3213,3.007,Semiconductor,P-42_1c,114,24
GeO_id913_Final_E-6.31.cif,GeO_id913_E-5.51.cif,GeO,-6.3102,1.735,Semiconductor,Pbca,61,16
LiSiGeO6_id3197_Final_E-6.28.cif,LiSiGeO6_id3197_E-5.22.cif,LiSiGeO6,-6.2827,4.659,Insulator,P2_12_12_1,19,36
MgTiO6_id3948_Final_E-6.28.cif,MgTiO6_id3948_E-6.23.cif,MgTiO6,-6.2813,2.638,Semiconductor,P-31c,163,16
ZnIn(N4O3)3_id484_Final_E-6.28.cif,ZnIn(N4O3)3_id484_E-6.02.cif,ZnIn(N4O3)3,-6.2804,0.0,Metal,P6_322,182,46
Li12C43_id1088_Final_E-6.27.cif,Li12C43_id1088_E-4.47.cif,Li12C43,-6.2745,1.034,Semiconductor,P1,1,55
S(NO2)2_id4335_Final_E-6.25.cif,S(NO2)2_id4335_E-3.67.cif,S(NO2)2,-6.2534,2.102,Semiconductor,P1,1,56
Zn(CO4)2_id2287_Final_E-6.25.cif,Zn(CO4)2_id2287_E-4.46.cif,Zn(CO4)2,-6.2526,1.184,Semiconductor,P-42_1m,113,22
ScBeGa2SnPO9_id883_Final_E-6.23.cif,ScBeGa2SnPO9_id883_E-5.40.cif,ScBeGa2SnPO9,-6.227,1.408,Semiconductor,Cc,9,60
B(PO)12_id763_Final_E-6.22.cif,B(PO)12_id763_E-5.27.cif,B(PO)12,-6.225,2.035,Semiconductor,I432,211,50
Li3TiNO8_id3246_Final_E-6.22.cif,Li3TiNO8_id3246_E-4.59.cif,Li3TiNO8,-6.224,2.488,Semiconductor,P1,1,52
KAl6Zn(BO12)2_id215_Final_E-6.20.cif,KAl6Zn(BO12)2_id215_E-4.65.cif,KAl6Zn(BO12)2,-6.1998,2.976,Semiconductor,P321,150,34
P3S2N4O11_id4333_Final_E-6.19.cif,P3S2N4O11_id4333_E-5.54.cif,P3S2N4O11,-6.1949,0.154,Semiconductor,P1,1,40
SrAs(P2O3)2_id820_Final_E-6.19.cif,SrAs(P2O3)2_id820_E-4.55.cif,SrAs(P2O3)2,-6.1889,0.035,Metal,I222,23,24
Ca2N3_id3640_Final_E-6.18.cif,Ca2N3_id3640_E-4.51.cif,Ca2N3,-6.178,0.703,Semiconductor,P1,1,30
Ge3N3O_id1218_Final_E-6.16.cif,Ge3N3O_id1218_E-5.96.cif,Ge3N3O,-6.1569,0.801,Semiconductor,P6_3mc,186,14
SrCa2O4_id2386_Final_E-6.16.cif,SrCa2O4_id2386_E-5.75.cif,SrCa2O4,-6.1554,0.073,Semiconductor,P-1,2,14
K(PN)4_id3335_Final_E-6.15.cif,K(PN)4_id3335_E-5.42.cif,K(PN)4,-6.1529,0.294,Semiconductor,Fmmm,69,36
ScCdO4_id1141_Final_E-6.14.cif,ScCdO4_id1141_E-6.14.cif,ScCdO4,-6.1417,0.123,Semiconductor,P4/nbm,125,12
Be6Sn4O9_id3383_Final_E-6.14.cif,Be6Sn4O9_id3383_E-5.34.cif,Be6Sn4O9,-6.1385,1.817,Semiconductor,P1,1,38
CaAl(Si3O2)2_id1118_Final_E-6.13.cif,CaAl(Si3O2)2_id1118_E-5.65.cif,CaAl(Si3O2)2,-6.1291,1.144,Semiconductor,I222,23,24
SrNO3_id4156_Final_E-6.13.cif,SrNO3_id4156_E-4.94.cif,SrNO3,-6.1271,0.448,Semiconductor,P1,1,20
KMgScO6_id3869_Final_E-6.10.cif,KMgScO6_id3869_E-5.81.cif,KMgScO6,-6.104,2.028,Semiconductor,P-31c,163,18
TiO6_id2073_Final_E-6.06.cif,TiO6_id2073_E-4.85.cif,TiO6,-6.0566,1.312,Semiconductor,P4/n,85,14
KCaB6Sb(TeO2)3_id3007_Final_E-6.04.cif,KCaB6Sb(TeO2)3_id3007_E-5.58.cif,KCaB6Sb(TeO2)3,-6.0445,2.956,Semiconductor,P1,1,36
BeO2_id37_Final_E-6.04.cif,BeO2_id37_E-5.72.cif,BeO2,-6.0414,3.741,Insulator,Pbca,61,24
SrNO5_id2426_Final_E-6.03.cif,SrNO5_id2426_E-5.28.cif,SrNO5,-6.0295,0.0,Metal,P1,1,14
SeN_id173_Final_E-6.03.cif,SeN_id173_E-5.90.cif,SeN,-6.0255,0.589,Semiconductor,P4/m,83,8
NaGaTe(NO4)3_id3194_Final_E-6.02.cif,NaGaTe(NO4)3_id3194_E-5.09.cif,NaGaTe(NO4)3,-6.0222,2.723,Semiconductor,P1,1,36
Ti2Si7_id1510_Final_E-6.00.cif,Ti2Si7_id1510_E-5.92.cif,Ti2Si7,-6.0023,0.0,Metal,Immm,71,18
TiO8_id2596_Final_E-6.00.cif,TiO8_id2596_E-5.24.cif,TiO8,-5.9969,0.04,Metal,Aea2,41,36
AsO3_id2126_Final_E-6.00.cif,AsO3_id2126_E-5.78.cif,AsO3,-5.9968,2.724,Semiconductor,R-3c,167,24
BaAl2SnGe2(SO)4_id4393_Final_E-5.99.cif,BaAl2SnGe2(SO)4_id4393_E-4.84.cif,BaAl2SnGe2(SO)4,-5.9948,1.001,Semiconductor,P1,1,28
KScGaO6_id3451_Final_E-5.99.cif,KScGaO6_id3451_E-5.97.cif,KScGaO6,-5.9893,3.697,Insulator,P-31c,163,18
LiMg(PN)4_id4177_Final_E-5.98.cif,LiMg(PN)4_id4177_E-5.43.cif,LiMg(PN)4,-5.9773,1.067,Semiconductor,C2/c,15,40
Ba3Sn2(BO10)2_id1547_Final_E-5.97.cif,Ba3Sn2(BO10)2_id1547_E-4.71.cif,Ba3Sn2(BO10)2,-5.9727,3.337,Semiconductor,P-1,2,27
BaSbO4_id1182_Final_E-5.97.cif,BaSbO4_id1182_E-5.85.cif,BaSbO4,-5.9682,1.122,Semiconductor,P4/nbm,125,12
LiPO2_id2453_Final_E-5.97.cif,LiPO2_id2453_E-5.33.cif,LiPO2,-5.9659,2.45,Semiconductor,I4_122,98,16
LiSe2N5O3_id2196_Final_E-5.96.cif,LiSe2N5O3_id2196_E-3.10.cif,LiSe2N5O3,-5.9585,2.344,Semiconductor,P-1,2,22
Ba2NaTi2O3_id843_Final_E-5.94.cif,Ba2NaTi2O3_id843_E-5.72.cif,Ba2NaTi2O3,-5.9392,0.256,Semiconductor,I4_122,98,32
Ba4AlO4_id2830_Final_E-5.93.cif,Ba4AlO4_id2830_E-5.27.cif,Ba4AlO4,-5.9337,2.277,Semiconductor,I4_1/a,88,36
Ca3TeO3_id2357_Final_E-5.92.cif,Ca3TeO3_id2357_E-1.18.cif,Ca3TeO3,-5.92,0.118,Semiconductor,P-1,2,42
Ba2Ca2AsSeO8_id2087_Final_E-5.92.cif,Ba2Ca2AsSeO8_id2087_E-3.91.cif,Ba2Ca2AsSeO8,-5.9165,2.879,Semiconductor,P3_221,154,42
Ba3P(SeO2)4_id4079_Final_E-5.92.cif,Ba3P(SeO2)4_id4079_E-4.14.cif,Ba3P(SeO2)4,-5.9156,1.413,Semiconductor,P1,1,32
Ti(GaO)4_id4003_Final_E-5.91.cif,Ti(GaO)4_id4003_E-5.82.cif,Ti(GaO)4,-5.9139,0.248,Semiconductor,P-43m,215,9
KLi3(SnO3)4_id670_Final_E-5.91.cif,KLi3(SnO3)4_id670_E-5.66.cif,KLi3(SnO3)4,-5.9132,0.0,Metal,Im-3,204,40
Mg4Be4B2P4NO9_id3969_Final_E-5.91.cif,Mg4Be4B2P4NO9_id3969_E-4.07.cif,Mg4Be4B2P4NO9,-5.9109,2.37,Semiconductor,P4bm,100,48
LiGeO2_id258_Final_E-5.90.cif,LiGeO2_id258_E-5.75.cif,LiGeO2,-5.8968,2.978,Semiconductor,I4_122,98,16
LiGeO2_id3932_Final_E-5.90.cif,LiGeO2_id3932_E-5.88.cif,LiGeO2,-5.8968,2.959,Semiconductor,I4_122,98,16
LiGeO2_id3436_Final_E-5.90.cif,LiGeO2_id3436_E-5.83.cif,LiGeO2,-5.8967,2.909,Semiconductor,I4_122,98,16
NaSiBSb4As2N5O6_id2749_Final_E-5.87.cif,NaSiBSb4As2N5O6_id2749_E-5.17.cif,NaSiBSb4As2N5O6,-5.8722,1.881,Semiconductor,P1,1,60
SrCaO4_id3030_Final_E-5.87.cif,SrCaO4_id3030_E-5.59.cif,SrCaO4,-5.8705,1.95,Semiconductor,Pban,50,12
SrCaO4_id163_Final_E-5.87.cif,SrCaO4_id163_E-5.66.cif,SrCaO4,-5.8701,1.961,Semiconductor,Pban,50,12
BaSr2O6_id1417_Final_E-5.86.cif,BaSr2O6_id1417_E-4.73.cif,BaSr2O6,-5.8621,0.0,Metal,P1,1,18
TiInO8_id2862_Final_E-5.85.cif,TiInO8_id2862_E-5.21.cif,TiInO8,-5.8536,1.019,Semiconductor,P4/nbm,125,20
Ba2NaSnP2(SO4)2_id4624_Final_E-5.85.cif,Ba2NaSnP2(SO4)2_id4624_E-4.40.cif,Ba2NaSnP2(SO4)2,-5.848,0.0,Metal,P3_121,152,48
KNa2C2NO2_id738_Final_E-5.84.cif,KNa2C2NO2_id738_E-5.65.cif,KNa2C2NO2,-5.8377,1.156,Semiconductor,Aea2,41,32
KSn(PO10)2_id2583_Final_E-5.83.cif,KSn(PO10)2_id2583_E-4.12.cif,KSn(PO10)2,-5.8258,2.356,Semiconductor,P-1,2,24
BaN4O5_id3473_Final_E-5.83.cif,BaN4O5_id3473_E-5.06.cif,BaN4O5,-5.8253,1.123,Semiconductor,P1,1,20
Sr2P4O3_id1556_Final_E-5.82.cif,Sr2P4O3_id1556_E-5.15.cif,Sr2P4O3,-5.8208,0.982,Semiconductor,P4_32_12,96,36
KTi2Si6SbO50_id4235_Final_E-5.82.cif,KTi2Si6SbO50_id4235_E-4.93.cif,KTi2Si6SbO50,-5.8158,1.179,Semiconductor,P-3,147,60
MgSbO2_id2354_Final_E-5.81.cif,MgSbO2_id2354_E-5.46.cif,MgSbO2,-5.8136,0.073,Semiconductor,P3_221,154,12
SrSnGeO3_id2810_Final_E-5.81.cif,SrSnGeO3_id2810_E-5.73.cif,SrSnGeO3,-5.8055,2.822,Semiconductor,P-6m2,187,6
LiAlGeO8_id1008_Final_E-5.80.cif,LiAlGeO8_id1008_E-4.90.cif,LiAlGeO8,-5.7989,3.52,Insulator,P1,1,22
BAs3P12N5_id1527_Final_E-5.79.cif,BAs3P12N5_id1527_E-5.20.cif,BAs3P12N5,-5.7927,0.807,Semiconductor,P2_1,4,42
Ga2Si2P2N2O_id4936_Final_E-5.79.cif,Ga2Si2P2N2O_id4936_E-5.40.cif,Ga2Si2P2N2O,-5.7909,0.0,Metal,Pbcn,60,36
NaMgScO6_id706_Final_E-5.79.cif,NaMgScO6_id706_E-5.76.cif,NaMgScO6,-5.7875,3.586,Insulator,P-31c,163,18
SrAs4PO4_id1613_Final_E-5.78.cif,SrAs4PO4_id1613_E-5.11.cif,SrAs4PO4,-5.7756,1.144,Semiconductor,P1,1,20
SnSb7O8_id4511_Final_E-5.77.cif,SnSb7O8_id4511_E-4.96.cif,SnSb7O8,-5.7703,0.657,Semiconductor,P2_12_12,18,32
P2S2N_id3847_Final_E-5.75.cif,P2S2N_id3847_E-4.45.cif,P2S2N,-5.751,1.847,Semiconductor,Aea2,41,20
NaPO2_id4919_Final_E-5.74.cif,NaPO2_id4919_E-5.23.cif,NaPO2,-5.743,3.192,Semiconductor,I4_122,98,16
TeN_id4620_Final_E-5.74.cif,TeN_id4620_E-5.00.cif,TeN,-5.7428,0.952,Semiconductor,C222_1,20,16
Li(GeO)2_id3295_Final_E-5.74.cif,Li(GeO)2_id3295_E-4.98.cif,Li(GeO)2,-5.7397,1.72,Semiconductor,Ibam,72,40
BaSrO6_id948_Final_E-5.74.cif,BaSrO6_id948_E-4.88.cif,BaSrO6,-5.7362,2.923,Semiconductor,P-1,2,24
Ca6Mg2(NO)3_id1976_Final_E-5.73.cif,Ca6Mg2(NO)3_id1976_E-5.31.cif,Ca6Mg2(NO)3,-5.7337,0.0,Metal,P321,150,14
Ca3CNO3_id1304_Final_E-5.72.cif,Ca3CNO3_id1304_E-5.71.cif,Ca3CNO3,-5.7246,3.725,Insulator,R32,155,24
Ba3GeO3_id2784_Final_E-5.71.cif,Ba3GeO3_id2784_E-4.63.cif,Ba3GeO3,-5.7127,0.059,Semiconductor,P6_3,173,14
Sb3(TeO3)2_id1295_Final_E-5.71.cif,Sb3(TeO3)2_id1295_E-4.95.cif,Sb3(TeO3)2,-5.7116,1.527,Semiconductor,P1,1,11
LiAsO2_id4071_Final_E-5.71.cif,LiAsO2_id4071_E-5.69.cif,LiAsO2,-5.7097,2.294,Semiconductor,I4_122,98,16
Li2Si2S2N3_id2446_Final_E-5.71.cif,Li2Si2S2N3_id2446_E-4.90.cif,Li2Si2S2N3,-5.7084,2.694,Semiconductor,P1,1,27
MgAlZn2O4_id2210_Final_E-5.71.cif,MgAlZn2O4_id2210_E-4.05.cif,MgAlZn2O4,-5.7084,2.338,Semiconductor,P-42c,112,16
SbO_id52_Final_E-5.70.cif,SbO_id52_E-4.30.cif,SbO,-5.7026,1.623,Semiconductor,P2,3,12
AsPO9_id4549_Final_E-5.70.cif,AsPO9_id4549_E-4.88.cif,AsPO9,-5.699,2.644,Semiconductor,P1,1,11
Ba4CaTeO4_id2066_Final_E-5.69.cif,Ba4CaTeO4_id2066_E-3.77.cif,Ba4CaTeO4,-5.6911,0.0,Metal,P42_12,90,20
BaIn3GaB2O5_id370_Final_E-5.69.cif,BaIn3GaB2O5_id370_E-4.96.cif,BaIn3GaB2O5,-5.6897,0.0,Metal,P1,1,36
In2SnO6_id3382_Final_E-5.69.cif,In2SnO6_id3382_E-4.78.cif,In2SnO6,-5.688,0.0,Metal,P-3c1,165,18
BaSnO6_id4044_Final_E-5.68.cif,BaSnO6_id4044_E-5.31.cif,BaSnO6,-5.6795,1.201,Semiconductor,P6_322,182,16
NaLiMgPCNO2_id772_Final_E-5.67.cif,NaLiMgPCNO2_id772_E-4.91.cif,NaLiMgPCNO2,-5.6749,1.5,Semiconductor,Pc,7,32
MgGaSi2SO16_id538_Final_E-5.66.cif,MgGaSi2SO16_id538_E-4.43.cif,MgGaSi2SO16,-5.664,3.012,Semiconductor,P1,1,42
BaCaAs2O11_id270_Final_E-5.65.cif,BaCaAs2O11_id270_E-3.73.cif,BaCaAs2O11,-5.655,1.831,Semiconductor,P1,1,15
SrCaO4_id2752_Final_E-5.65.cif,SrCaO4_id2752_E-5.65.cif,SrCaO4,-5.652,1.878,Semiconductor,P4/nbm,125,12
Mg3InO4_id252_Final_E-5.64.cif,Mg3InO4_id252_E-5.64.cif,Mg3InO4,-5.6386,0.075,Semiconductor,Pm-3n,223,16
Ca2ScS4_id2233_Final_E-5.64.cif,Ca2ScS4_id2233_E-4.49.cif,Ca2ScS4,-5.6366,2.142,Semiconductor,P-1,2,28
BaO2_id3006_Final_E-5.63.cif,BaO2_id3006_E-5.48.cif,BaO2,-5.6347,3.013,Semiconductor,P4_2/mmc,131,12
BaSn4GeO4_id644_Final_E-5.62.cif,BaSn4GeO4_id644_E-5.17.cif,BaSn4GeO4,-5.6182,0.601,Semiconductor,I4/m,87,20
Sb2Te2O5_id798_Final_E-5.62.cif,Sb2Te2O5_id798_E-4.37.cif,Sb2Te2O5,-5.6162,1.523,Semiconductor,P2_1,4,18
BeZn2SiO8_id4514_Final_E-5.61.cif,BeZn2SiO8_id4514_E-3.57.cif,BeZn2SiO8,-5.6113,3.452,Semiconductor,Ccc2,37,24
SrLiIn2Ga2(SO2)6_id652_Final_E-5.61.cif,SrLiIn2Ga2(SO2)6_id652_E-4.90.cif,SrLiIn2Ga2(SO2)6,-5.6105,3.025,Semiconductor,P321,150,24
Sb3O7_id3584_Final_E-5.61.cif,Sb3O7_id3584_E-4.66.cif,Sb3O7,-5.6102,0.507,Semiconductor,P1,1,10
Al2Zn2InO10_id990_Final_E-5.61.cif,Al2Zn2InO10_id990_E-4.02.cif,Al2Zn2InO10,-5.6086,1.492,Semiconductor,P-1,2,60
AsPO_id399_Final_E-5.61.cif,AsPO_id399_E-5.25.cif,AsPO,-5.6081,1.623,Semiconductor,Pbca,61,24
Ga6NO6_id4448_Final_E-5.60.cif,Ga6NO6_id4448_E-4.22.cif,Ga6NO6,-5.6045,1.485,Semiconductor,P1,1,26
LiSbO2_id919_Final_E-5.60.cif,LiSbO2_id919_E-4.63.cif,LiSbO2,-5.5987,1.133,Semiconductor,P1,1,16
Li4Mg2As2P2CO8_id1139_Final_E-5.60.cif,Li4Mg2As2P2CO8_id1139_E-4.39.cif,Li4Mg2As2P2CO8,-5.597,0.0,Metal,P1,1,38
Li3TiO8_id1100_Final_E-5.59.cif,Li3TiO8_id1100_E-4.95.cif,Li3TiO8,-5.5904,2.823,Semiconductor,C2,5,48
Ge2N_id2_Final_E-5.58.cif,Ge2N_id2_E-5.39.cif,Ge2N,-5.5826,0.063,Semiconductor,Pbcn,60,12
BaNO7_id1706_Final_E-5.58.cif,BaNO7_id1706_E-5.19.cif,BaNO7,-5.5767,0.0,Metal,Pba2,32,36
GaO2_id2892_Final_E-5.58.cif,GaO2_id2892_E-5.57.cif,GaO2,-5.576,1.806,Semiconductor,I4_122,98,12
Ba12SrO32_id3079_Final_E-5.57.cif,Ba12SrO32_id3079_E-4.90.cif,Ba12SrO32,-5.5691,0.246,Semiconductor,P-3,147,45
Na3Be4BN12_id521_Final_E-5.57.cif,Na3Be4BN12_id521_E-4.49.cif,Na3Be4BN12,-5.5662,2.115,Semiconductor,I432,211,40
GaO_id3674_Final_E-5.57.cif,GaO_id3674_E-5.49.cif,GaO,-5.566,2.052,Semiconductor,Aea2,41,16
ZnInC2SN2_id1982_Final_E-5.56.cif,ZnInC2SN2_id1982_E-5.00.cif,ZnInC2SN2,-5.5632,0.147,Semiconductor,P3_1,144,21
Mg4InO4_id1060_Final_E-5.56.cif,Mg4InO4_id1060_E-5.01.cif,Mg4InO4,-5.5614,2.183,Semiconductor,P4_2/n,86,18
SrLiSiSbO2_id460_Final_E-5.56.cif,SrLiSiSbO2_id460_E-4.93.cif,SrLiSiSbO2,-5.557,0.0,Metal,P-1,2,12
Al2CdGa2SnO12_id3057_Final_E-5.55.cif,Al2CdGa2SnO12_id3057_E-4.59.cif,Al2CdGa2SnO12,-5.5528,0.803,Semiconductor,Pnn2,34,36
BaSbO6_id4342_Final_E-5.55.cif,BaSbO6_id4342_E-4.79.cif,BaSbO6,-5.5527,3.374,Semiconductor,P1,1,16
BaCdSnO4_id2334_Final_E-5.55.cif,BaCdSnO4_id2334_E-4.74.cif,BaCdSnO4,-5.5468,1.836,Semiconductor,P1,1,14
Ge3S2(NO)2_id3626_Final_E-5.55.cif,Ge3S2(NO)2_id3626_E-5.21.cif,Ge3S2(NO)2,-5.5455,1.385,Semiconductor,Pnn2,34,18
KSe6(SN3)3_id2757_Final_E-5.54.cif,KSe6(SN3)3_id2757_E-5.07.cif,KSe6(SN3)3,-5.5413,0.887,Semiconductor,P6_3,173,38
BaSrO4_id4881_Final_E-5.54.cif,BaSrO4_id4881_E-5.54.cif,BaSrO4,-5.5393,0.258,Semiconductor,P4/nbm,125,12
BaO4_id4405_Final_E-5.54.cif,BaO4_id4405_E-4.84.cif,BaO4,-5.537,0.015,Metal,P-1,2,10
PSeSN2O_id969_Final_E-5.53.cif,PSeSN2O_id969_E-4.54.cif,PSeSN2O,-5.5319,0.739,Semiconductor,P4_12_12,92,24
K3TiO6_id3627_Final_E-5.53.cif,K3TiO6_id3627_E-4.33.cif,K3TiO6,-5.527,0.074,Semiconductor,P6_3/m,176,20
K3Ga2(BO2)6_id2776_Final_E-5.52.cif,K3Ga2(BO2)6_id2776_E-5.34.cif,K3Ga2(BO2)6,-5.5192,3.436,Semiconductor,P1,1,46
LiSc3TeS3_id4932_Final_E-5.52.cif,LiSc3TeS3_id4932_E-5.52.cif,LiSc3TeS3,-5.5179,0.173,Semiconductor,Pm-3m,221,8
SrO4_id559_Final_E-5.52.cif,SrO4_id559_E-4.79.cif,SrO4,-5.5165,0.024,Metal,P4/nbm,125,30
Be2InPN4_id535_Final_E-5.52.cif,Be2InPN4_id535_E-5.37.cif,Be2InPN4,-5.5151,0.759,Semiconductor,P4bm,100,32
Li3SO6_id2006_Final_E-5.51.cif,Li3SO6_id2006_E-4.92.cif,Li3SO6,-5.5149,2.91,Semiconductor,Pc,7,40
BaAsS2NO_id3692_Final_E-5.50.cif,BaAsS2NO_id3692_E-3.94.cif,BaAsS2NO,-5.4996,1.793,Semiconductor,P1,1,36
Li4AsO4_id1753_Final_E-5.50.cif,Li4AsO4_id1753_E-5.43.cif,Li4AsO4,-5.4982,3.877,Insulator,P-42_1c,114,18
Sc2BTe2_id4844_Final_E-5.50.cif,Sc2BTe2_id4844_E-5.32.cif,Sc2BTe2,-5.4967,0.0,Metal,I4/mmm,139,10
K2(GeO2)3_id676_Final_E-5.50.cif,K2(GeO2)3_id676_E-4.81.cif,K2(GeO2)3,-5.4961,1.46,Semiconductor,P1,1,33
P2O_id1773_Final_E-5.49.cif,P2O_id1773_E-5.40.cif,P2O,-5.4868,0.422,Semiconductor,Aea2,41,12
NaAsO2_id4507_Final_E-5.48.cif,NaAsO2_id4507_E-5.11.cif,NaAsO2,-5.4847,2.271,Semiconductor,I4_122,98,16
NaAsO2_id3307_Final_E-5.48.cif,NaAsO2_id3307_E-5.23.cif,NaAsO2,-5.4846,2.261,Semiconductor,I4_122,98,16
BAs3PN_id2758_Final_E-5.47.cif,BAs3PN_id2758_E-5.04.cif,BAs3PN,-5.4693,0.623,Semiconductor,Pca2_1,29,24
KBa4SnO8_id1719_Final_E-5.44.cif,KBa4SnO8_id1719_E-5.32.cif,KBa4SnO8,-5.4441,0.0,Metal,P4/mcc,124,28
K2Sr(NO2)3_id1995_Final_E-5.43.cif,K2Sr(NO2)3_id1995_E-5.19.cif,K2Sr(NO2)3,-5.4328,2.488,Semiconductor,C2/c,15,48
SrZn2(SbO3)2_id483_Final_E-5.42.cif,SrZn2(SbO3)2_id483_E-4.12.cif,SrZn2(SbO3)2,-5.4202,0.765,Semiconductor,P6_3/mmc,194,22
Li(CdN2)2_id41_Final_E-5.42.cif,Li(CdN2)2_id41_E-5.04.cif,Li(CdN2)2,-5.4175,2.178,Semiconductor,P1,1,28
Mg7ZnNO6_id1121_Final_E-5.41.cif,Mg7ZnNO6_id1121_E-3.37.cif,Mg7ZnNO6,-5.4073,1.105,Semiconductor,P6_322,182,30
ScTeO2_id79_Final_E-5.40.cif,ScTeO2_id79_E-5.30.cif,ScTeO2,-5.3997,0.0,Metal,P-6m2,187,8
Zn2As2P2O5_id777_Final_E-5.40.cif,Zn2As2P2O5_id777_E-4.82.cif,Zn2As2P2O5,-5.3979,1.086,Semiconductor,Pbcn,60,44
Ba2SeO10_id4390_Final_E-5.39.cif,Ba2SeO10_id4390_E-4.38.cif,Ba2SeO10,-5.3937,0.261,Semiconductor,P3_2,145,39
Na2Li2MgGa2(NO4)2_id949_Final_E-5.39.cif,Na2Li2MgGa2(NO4)2_id949_E-4.58.cif,Na2Li2MgGa2(NO4)2,-5.3937,3.325,Semiconductor,P4_2,77,34
K7As5(PO3)4_id2432_Final_E-5.39.cif,K7As5(PO3)4_id2432_E-3.29.cif,K7As5(PO3)4,-5.3904,0.0,Metal,P1,1,56
MgTi2Cd3O3_id3463_Final_E-5.39.cif,MgTi2Cd3O3_id3463_E-5.07.cif,MgTi2Cd3O3,-5.3855,0.404,Semiconductor,P222_1,17,36
KSrLiSb2Te4(AsO6)2_id902_Final_E-5.38.cif,KSrLiSb2Te4(AsO6)2_id902_E-5.18.cif,KSrLiSb2Te4(AsO6)2,-5.3842,1.432,Semiconductor,I222,23,46
Na4Ti(Si2O3)2_id1984_Final_E-5.38.cif,Na4Ti(Si2O3)2_id1984_E-4.85.cif,Na4Ti(Si2O3)2,-5.3798,0.717,Semiconductor,P-1,2,30
NaSn(N2O)2_id2056_Final_E-5.38.cif,NaSn(N2O)2_id2056_E-5.38.cif,NaSn(N2O)2,-5.3794,0.893,Semiconductor,I4_1/a,88,32
BaCdSb2O11_id585_Final_E-5.38.cif,BaCdSb2O11_id585_E-4.67.cif,BaCdSb2O11,-5.3756,0.287,Semiconductor,P3m1,156,15
PO10_id434_Final_E-5.37.cif,PO10_id434_E-5.20.cif,PO10,-5.3685,1.119,Semiconductor,Pcca,54,44
GaPO_id3339_Final_E-5.37.cif,GaPO_id3339_E-5.15.cif,GaPO,-5.3654,0.0,Metal,P3_212,153,9
Ti2(GaO)3_id4412_Final_E-5.36.cif,Ti2(GaO)3_id4412_E-5.36.cif,Ti2(GaO)3,-5.3562,0.061,Semiconductor,Pn-3m,224,16
Li3CaO4_id2636_Final_E-5.35.cif,Li3CaO4_id2636_E-4.79.cif,Li3CaO4,-5.3506,3.232,Semiconductor,P1,1,32
SiS_id1321_Final_E-5.35.cif,SiS_id1321_E-3.81.cif,SiS,-5.3485,1.132,Semiconductor,P6_522,179,12
Na3Sc6CdTeS5_id690_Final_E-5.35.cif,Na3Sc6CdTeS5_id690_E-4.31.cif,Na3Sc6CdTeS5,-5.3458,0.0,Metal,R-3m,166,48
Si3P_id4260_Final_E-5.34.cif,Si3P_id4260_E-4.92.cif,Si3P,-5.3369,1.445,Semiconductor,P2_1,4,16
BPSeO18_id4585_Final_E-5.34.cif,BPSeO18_id4585_E-4.69.cif,BPSeO18,-5.3367,3.202,Semiconductor,P2_1,4,42
SrCaO8_id3713_Final_E-5.32.cif,SrCaO8_id3713_E-5.32.cif,SrCaO8,-5.3236,1.554,Semiconductor,P4/nbm,125,20
SrSnO8_id934_Final_E-5.32.cif,SrSnO8_id934_E-5.21.cif,SrSnO8,-5.3219,2.787,Semiconductor,P4/nbm,125,20
GaTeO2_id1286_Final_E-5.32.cif,GaTeO2_id1286_E-4.97.cif,GaTeO2,-5.3182,1.8,Semiconductor,P1,1,8
SNO_id2112_Final_E-5.30.cif,SNO_id2112_E-5.15.cif,SNO,-5.3029,2.407,Semiconductor,P6_522,179,18
Mg2CdIn4GaO8_id2171_Final_E-5.30.cif,Mg2CdIn4GaO8_id2171_E-4.00.cif,Mg2CdIn4GaO8,-5.3009,0.597,Semiconductor,Cc,9,32
SrAl3O16_id2569_Final_E-5.30.cif,SrAl3O16_id2569_E-3.74.cif,SrAl3O16,-5.2973,1.422,Semiconductor,Im-3,204,40
Ba4Mg3GaO6_id1464_Final_E-5.29.cif,Ba4Mg3GaO6_id1464_E-5.26.cif,Ba4Mg3GaO6,-5.2897,0.23,Semiconductor,Im-3m,229,28
Ba5(AsO)6_id1943_Final_E-5.28.cif,Ba5(AsO)6_id1943_E-5.06.cif,Ba5(AsO)6,-5.279,2.283,Semiconductor,P6/mmm,191,17
MgZnO2_id4207_Final_E-5.28.cif,MgZnO2_id4207_E-5.28.cif,MgZnO2,-5.2776,1.135,Semiconductor,I4_122,98,16
P_id2114_Final_E-5.26.cif,P_id2114_E-4.89.cif,P,-5.2629,1.472,Semiconductor,P2_12_12_1,19,12
ZnSNO_id2920_Final_E-5.26.cif,ZnSNO_id2920_E-5.17.cif,ZnSNO,-5.2618,2.005,Semiconductor,Pca2_1,29,16
P_id4190_Final_E-5.26.cif,P_id4190_E-4.59.cif,P,-5.2557,0.877,Semiconductor,I2_12_12_1,24,32
ScGa4S4O_id109_Final_E-5.25.cif,ScGa4S4O_id109_E-4.48.cif,ScGa4S4O,-5.2531,0.0,Metal,P1,1,20
Na2Li3Mg2(SbO4)3_id4636_Final_E-5.25.cif,Na2Li3Mg2(SbO4)3_id4636_E-4.63.cif,Na2Li3Mg2(SbO4)3,-5.2524,2.834,Semiconductor,P31c,159,44
BaO3_id2802_Final_E-5.25.cif,BaO3_id2802_E-5.25.cif,BaO3,-5.2482,1.336,Semiconductor,P6_522,179,24
SO5_id1752_Final_E-5.25.cif,SO5_id1752_E-4.64.cif,SO5,-5.2463,0.163,Semiconductor,P1,1,36
Si3S4_id3490_Final_E-5.24.cif,Si3S4_id3490_E-4.42.cif,Si3S4,-5.2445,0.236,Semiconductor,Cc,9,28
BaLi2CaMg2Cd6(PN2)6_id619_Final_E-5.24.cif,BaLi2CaMg2Cd6(PN2)6_id619_E-3.75.cif,BaLi2CaMg2Cd6(PN2)6,-5.2391,0.054,Semiconductor,P1,1,30
K2PN2_id4509_Final_E-5.23.cif,K2PN2_id4509_E-5.22.cif,K2PN2,-5.2308,0.717,Semiconductor,Iba2,45,20
In2SnO9_id1776_Final_E-5.22.cif,In2SnO9_id1776_E-4.57.cif,In2SnO9,-5.2153,0.0,Metal,P31m,157,12
KTe(PO)2_id3370_Final_E-5.21.cif,KTe(PO)2_id3370_E-3.81.cif,KTe(PO)2,-5.2124,1.532,Semiconductor,P1,1,18
NaCa(BS)6_id2191_Final_E-5.21.cif,NaCa(BS)6_id2191_E-5.04.cif,NaCa(BS)6,-5.2082,1.597,Semiconductor,R-3,148,42
TiIn2(S3N2)3_id1901_Final_E-5.20.cif,TiIn2(S3N2)3_id1901_E-5.20.cif,TiIn2(S3N2)3,-5.2018,1.891,Semiconductor,P6/mmm,191,18
Na2SbO5_id795_Final_E-5.20.cif,Na2SbO5_id795_E-4.10.cif,Na2SbO5,-5.2005,3.152,Semiconductor,P1,1,16
AsO5_id3885_Final_E-5.20.cif,AsO5_id3885_E-4.24.cif,AsO5,-5.2,0.394,Semiconductor,P2_12_12_1,19,24
BaCa2SbO10_id930_Final_E-5.20.cif,BaCa2SbO10_id930_E-5.11.cif,BaCa2SbO10,-5.1974,2.991,Semiconductor,P1,1,56
BaNaO2_id1541_Final_E-5.20.cif,BaNaO2_id1541_E-4.78.cif,BaNaO2,-5.1951,0.827,Semiconductor,Pca2_1,29,16
NaSrGa2As2O13_id419_Final_E-5.19.cif,NaSrGa2As2O13_id419_E-4.43.cif,NaSrGa2As2O13,-5.1905,2.865,Semiconductor,Pba2,32,38
CdAsN2_id4675_Final_E-5.19.cif,CdAsN2_id4675_E-5.18.cif,CdAsN2,-5.1863,0.786,Semiconductor,I4_122,98,16
CaGaO10_id4441_Final_E-5.18.cif,CaGaO10_id4441_E-4.90.cif,CaGaO10,-5.1832,0.0,Metal,P1,1,36
TiBe2BP_id2276_Final_E-5.18.cif,TiBe2BP_id2276_E-4.71.cif,TiBe2BP,-5.1812,0.0,Metal,P3_112,151,15
Ba2InO2_id4573_Final_E-5.18.cif,Ba2InO2_id4573_E-4.86.cif,Ba2InO2,-5.1802,0.197,Semiconductor,Ibca,73,40
CaAlTeO4_id4111_Final_E-5.18.cif,CaAlTeO4_id4111_E-5.15.cif,CaAlTeO4,-5.1765,2.832,Semiconductor,P4/mmm,123,28
Na4Zn2SnGeO8_id767_Final_E-5.16.cif,Na4Zn2SnGeO8_id767_E-4.58.cif,Na4Zn2SnGeO8,-5.1586,2.051,Semiconductor,I-42m,121,32
Na2Cd(NO)6_id1641_Final_E-5.16.cif,Na2Cd(NO)6_id1641_E-4.77.cif,Na2Cd(NO)6,-5.157,0.0,Metal,Pm,6,15
GaO3_id4288_Final_E-5.15.cif,GaO3_id4288_E-5.15.cif,GaO3,-5.1536,1.466,Semiconductor,Im-3m,229,8
Mg3O8_id1348_Final_E-5.15.cif,Mg3O8_id1348_E-4.74.cif,Mg3O8,-5.152,0.92,Semiconductor,Pc,7,22
BaO7_id2074_Final_E-5.15.cif,BaO7_id2074_E-4.11.cif,BaO7,-5.1491,0.036,Metal,P6_322,182,16
Li5As4(PO7)2_id4763_Final_E-5.15.cif,Li5As4(PO7)2_id4763_E-4.27.cif,Li5As4(PO7)2,-5.1472,0.141,Semiconductor,P1,1,50
Sn2O_id3962_Final_E-5.13.cif,Sn2O_id3962_E-5.06.cif,Sn2O,-5.1348,0.598,Semiconductor,Immm,71,12
CaCdO4_id2030_Final_E-5.13.cif,CaCdO4_id2030_E-4.36.cif,CaCdO4,-5.134,0.069,Semiconductor,P-1,2,24
KAlGeB5As4(SO)4_id3592_Final_E-5.13.cif,KAlGeB5As4(SO)4_id3592_E-4.56.cif,KAlGeB5As4(SO)4,-5.1303,0.53,Semiconductor,P1,1,20
KIn3(GaO3)2_id2198_Final_E-5.12.cif,KIn3(GaO3)2_id2198_E-4.73.cif,KIn3(GaO3)2,-5.1226,0.0,Metal,P-3c1,165,24
BaCd4(BO)4_id3606_Final_E-5.11.cif,BaCd4(BO)4_id3606_E-4.38.cif,BaCd4(BO)4,-5.1135,0.193,Semiconductor,P4_2/n,86,26
Mg2NO_id1703_Final_E-5.11.cif,Mg2NO_id1703_E-4.19.cif,Mg2NO,-5.1134,0.901,Semiconductor,P4_2/mcm,132,32
BaIn3N7_id2516_Final_E-5.11.cif,BaIn3N7_id2516_E-5.11.cif,BaIn3N7,-5.1093,0.815,Semiconductor,Pm-3n,223,22
SrGe(CO)2_id4181_Final_E-5.10.cif,SrGe(CO)2_id4181_E-4.29.cif,SrGe(CO)2,-5.1022,0.311,Semiconductor,Immm,71,12
Na2BSe4(SO3)2_id1623_Final_E-5.10.cif,Na2BSe4(SO3)2_id1623_E-4.67.cif,Na2BSe4(SO3)2,-5.1022,2.289,Semiconductor,Pcca,54,60
AlTeSeS3O4_id4115_Final_E-5.10.cif,AlTeSeS3O4_id4115_E-4.54.cif,AlTeSeS3O4,-5.1012,2.306,Semiconductor,P-1,2,40
Si_id311_Final_E-5.10.cif,Si_id311_E-4.96.cif,Si,-5.0977,0.943,Semiconductor,Ccce,68,20
NaCa3Mg3Zn2O6_id994_Final_E-5.10.cif,NaCa3Mg3Zn2O6_id994_E-3.35.cif,NaCa3Mg3Zn2O6,-5.0956,0.039,Metal,P-3c1,165,30
Li3TiS3_id1230_Final_E-5.09.cif,Li3TiS3_id1230_E-4.83.cif,Li3TiS3,-5.0934,1.922,Semiconductor,P1,1,42
AlZn5Ga2(S3O7)2_id2265_Final_E-5.09.cif,AlZn5Ga2(S3O7)2_id2265_E-3.69.cif,AlZn5Ga2(S3O7)2,-5.087,2.794,Semiconductor,Pnn2,34,56
NaCaO6_id4462_Final_E-5.08.cif,NaCaO6_id4462_E-4.73.cif,NaCaO6,-5.083,0.0,Metal,P6_3/mmc,194,16
NaSrO6_id4401_Final_E-5.08.cif,NaSrO6_id4401_E-5.04.cif,NaSrO6,-5.0827,0.0,Metal,P-31c,163,16
Sr(S3O2)2_id2540_Final_E-5.08.cif,Sr(S3O2)2_id2540_E-4.75.cif,Sr(S3O2)2,-5.0809,2.052,Semiconductor,P4_22_12,94,44
Mg3NO_id1016_Final_E-5.08.cif,Mg3NO_id1016_E-5.00.cif,Mg3NO,-5.0784,1.336,Semiconductor,R-3c,167,30
NaGeO4_id3882_Final_E-5.08.cif,NaGeO4_id3882_E-4.98.cif,NaGeO4,-5.0782,3.066,Semiconductor,I4_122,98,24
Li10GaO10_id1278_Final_E-5.08.cif,Li10GaO10_id1278_E-4.44.cif,Li10GaO10,-5.0781,3.406,Semiconductor,P1,1,21
BaNaLi8Mg6Be6Zn6Si6(NO2)6_id853_Final_E-5.08.cif,BaNaLi8Mg6Be6Zn6Si6(NO2)6_id853_E-3.99.cif,BaNaLi8Mg6Be6Zn6Si6(NO2)6,-5.0771,0.0,Metal,P321,150,52
Na3Sr2O6_id4965_Final_E-5.07.cif,Na3Sr2O6_id4965_E-3.17.cif,Na3Sr2O6,-5.0729,0.0,Metal,P1,1,11
KSrO6_id2075_Final_E-5.06.cif,KSrO6_id2075_E-4.99.cif,KSrO6,-5.0568,0.76,Semiconductor,P-31c,163,16
Ca3AsS3_id1384_Final_E-5.06.cif,Ca3AsS3_id1384_E-4.17.cif,Ca3AsS3,-5.0554,0.238,Semiconductor,P2_1,4,14
CaO4_id3224_Final_E-5.06.cif,CaO4_id3224_E-5.01.cif,CaO4,-5.055,1.167,Semiconductor,I4_1/a,88,20
KScO8_id2926_Final_E-5.05.cif,KScO8_id2926_E-4.39.cif,KScO8,-5.0549,3.339,Semiconductor,Pmmm,47,20
BaO16_id2140_Final_E-5.05.cif,BaO16_id2140_E-3.76.cif,BaO16,-5.0528,1.111,Semiconductor,P-1,2,17
K3MgB2(NO)4_id2789_Final_E-5.05.cif,K3MgB2(NO)4_id2789_E-4.22.cif,K3MgB2(NO)4,-5.0513,2.811,Semiconductor,P1,1,28
LiScS7_id579_Final_E-5.05.cif,LiScS7_id579_E-4.71.cif,LiScS7,-5.051,1.925,Semiconductor,P2_1/c,14,36
LiZn(GaO3)2_id3560_Final_E-5.05.cif,LiZn(GaO3)2_id3560_E-4.45.cif,LiZn(GaO3)2,-5.0506,1.974,Semiconductor,C222,21,20
ScSe_id3525_Final_E-5.04.cif,ScSe_id3525_E-4.05.cif,ScSe,-5.0442,0.0,Metal,P4_232,208,24
Si_id727_Final_E-5.04.cif,Si_id727_E-4.92.cif,Si,-5.0438,0.0,Metal,I-42d,122,28
Si_id3173_Final_E-5.04.cif,Si_id3173_E-4.95.cif,Si,-5.0357,1.039,Semiconductor,Ccce,68,20
ZnSiBAsP7S_id4523_Final_E-5.03.cif,ZnSiBAsP7S_id4523_E-4.14.cif,ZnSiBAsP7S,-5.0321,1.141,Semiconductor,P1,1,24
SO13_id4934_Final_E-5.03.cif,SO13_id4934_E-3.71.cif,SO13,-5.0299,0.9,Semiconductor,Pc,7,28
KCaO6_id3077_Final_E-5.03.cif,KCaO6_id3077_E-4.28.cif,KCaO6,-5.0281,0.0,Metal,P-1,2,16
Li4CaO6_id508_Final_E-5.02.cif,Li4CaO6_id508_E-5.00.cif,Li4CaO6,-5.0214,2.447,Semiconductor,Im-3m,229,22
Ba2Sr2In2TeAsP2Se2S8O7_id2419_Final_E-5.02.cif,Ba2Sr2In2TeAsP2Se2S8O7_id2419_E-4.45.cif,Ba2Sr2In2TeAsP2Se2S8O7,-5.0163,0.99,Semiconductor,Pnn2,34,54
GaGeBAsSe2S2N2O_id2481_Final_E-5.01.cif,GaGeBAsSe2S2N2O_id2481_E-4.52.cif,GaGeBAsSe2S2N2O,-5.0135,1.79,Semiconductor,P-1,2,44
ScSi4Sn_id2393_Final_E-5.01.cif,ScSi4Sn_id2393_E-4.98.cif,ScSi4Sn,-5.0085,0.0,Metal,P-4n2,118,12
KSn(SO2)4_id4134_Final_E-5.01.cif,KSn(SO2)4_id4134_E-4.01.cif,KSn(SO2)4,-5.0083,0.319,Semiconductor,P4/nbm,125,28
BaO9_id4600_Final_E-5.00.cif,BaO9_id4600_E-4.05.cif,BaO9,-5.0015,0.88,Semiconductor,C2/c,15,40
Li2As3O2_id398_Final_E-5.00.cif,Li2As3O2_id398_E-4.92.cif,Li2As3O2,-5.0003,0.0,Metal,P4,75,14
BaO15_id2786_Final_E-5.00.cif,BaO15_id2786_E-4.05.cif,BaO15,-4.9977,2.392,Semiconductor,P1,1,16
Na3Sr3O8_id4344_Final_E-5.00.cif,Na3Sr3O8_id4344_E-4.95.cif,Na3Sr3O8,-4.9965,2.329,Semiconductor,I-43d,220,56
SrSO6_id4159_Final_E-4.99.cif,SrSO6_id4159_E-4.67.cif,SrSO6,-4.9922,2.399,Semiconductor,P6_322,182,16
NaSnO8_id2869_Final_E-4.99.cif,NaSnO8_id2869_E-4.31.cif,NaSnO8,-4.992,0.519,Semiconductor,P-1,2,40
KLi2GaO4_id2245_Final_E-4.98.cif,KLi2GaO4_id2245_E-4.00.cif,KLi2GaO4,-4.9799,2.7,Semiconductor,P2_1,4,32
Ca2GaS3_id3391_Final_E-4.97.cif,Ca2GaS3_id3391_E-4.62.cif,Ca2GaS3,-4.9672,2.221,Semiconductor,P2_1/m,11,12
Li4AlGa4As2O5_id4269_Final_E-4.96.cif,Li4AlGa4As2O5_id4269_E-4.38.cif,Li4AlGa4As2O5,-4.9644,0.011,Metal,P1,1,32
SrO12_id1010_Final_E-4.96.cif,SrO12_id1010_E-4.29.cif,SrO12,-4.9636,0.282,Semiconductor,P1,1,13
Be2Cd2O3_id4913_Final_E-4.96.cif,Be2Cd2O3_id4913_E-4.90.cif,Be2Cd2O3,-4.9623,3.052,Semiconductor,P4_2cm,101,14
B2NO_id3919_Final_E-4.94.cif,B2NO_id3919_E-4.94.cif,B2NO,-4.9448,2.789,Semiconductor,Fm-3m,225,16
LiMgZnGeO17_id3987_Final_E-4.94.cif,LiMgZnGeO17_id3987_E-4.13.cif,LiMgZnGeO17,-4.9443,0.456,Semiconductor,Pc,7,42
Li5O8_id477_Final_E-4.94.cif,Li5O8_id477_E-4.87.cif,Li5O8,-4.9438,3.471,Semiconductor,Ccce,68,52
KNa2Ca(AsO)4_id4910_Final_E-4.94.cif,KNa2Ca(AsO)4_id4910_E-4.05.cif,KNa2Ca(AsO)4,-4.9436,1.267,Semiconductor,Cc,9,48
NaLi2GaGeB4(TeO)4_id4110_Final_E-4.94.cif,NaLi2GaGeB4(TeO)4_id4110_E-4.82.cif,NaLi2GaGeB4(TeO)4,-4.9399,0.0,Metal,P2_1,4,34
Cd2GaAsO17_id838_Final_E-4.94.cif,Cd2GaAsO17_id838_E-4.29.cif,Cd2GaAsO17,-4.9395,2.045,Semiconductor,P2_1,4,42
KNaLi(TeO2)2_id1754_Final_E-4.94.cif,KNaLi(TeO2)2_id1754_E-4.60.cif,KNaLi(TeO2)2,-4.936,2.096,Semiconductor,I222,23,18
Li2AlAs3SO3_id2861_Final_E-4.93.cif,Li2AlAs3SO3_id2861_E-4.39.cif,Li2AlAs3SO3,-4.9313,0.722,Semiconductor,P1,1,20
Na(CO2)3_id2546_Final_E-4.93.cif,Na(CO2)3_id2546_E-4.88.cif,Na(CO2)3,-4.9255,2.423,Semiconductor,R-3c,167,60
SrS2_id3821_Final_E-4.92.cif,SrS2_id3821_E-4.34.cif,SrS2,-4.9211,1.083,Semiconductor,P1,1,6
Li4GeB7_id292_Final_E-4.92.cif,Li4GeB7_id292_E-4.00.cif,Li4GeB7,-4.9205,1.442,Semiconductor,P1,1,24
AsP2_id2742_Final_E-4.92.cif,AsP2_id2742_E-4.89.cif,AsP2,-4.9196,0.004,Metal,Pbcn,60,12
BeS3O_id2835_Final_E-4.91.cif,BeS3O_id2835_E-4.60.cif,BeS3O,-4.9119,1.574,Semiconductor,Pna2_1,33,20
CaZn4O6_id1355_Final_E-4.91.cif,CaZn4O6_id1355_E-3.88.cif,CaZn4O6,-4.9111,1.046,Semiconductor,P1,1,22
KBa(GaO24)2_id4090_Final_E-4.91.cif,KBa(GaO24)2_id4090_E-4.74.cif,KBa(GaO24)2,-4.9088,0.838,Semiconductor,P-3,147,52
O2_id1236_Final_E-4.91.cif,O2_id1236_E-4.90.cif,O2,-4.9067,2.247,Semiconductor,Pbca,61,16
K3NaScO18_id2189_Final_E-4.91.cif,K3NaScO18_id2189_E-4.04.cif,K3NaScO18,-4.9066,3.187,Semiconductor,P1,1,46
MgSO_id1452_Final_E-4.91.cif,MgSO_id1452_E-4.60.cif,MgSO,-4.905,2.391,Semiconductor,P4_2/ncm,138,12
CaInO12_id65_Final_E-4.90.cif,CaInO12_id65_E-4.45.cif,CaInO12,-4.9048,0.0,Metal,P1,1,28
Te2O15_id3188_Final_E-4.90.cif,Te2O15_id3188_E-4.24.cif,Te2O15,-4.9035,0.226,Semiconductor,Pba2,32,34
KSb(SO13)2_id2874_Final_E-4.90.cif,KSb(SO13)2_id2874_E-3.83.cif,KSb(SO13)2,-4.9023,0.0,Metal,P-1,2,30
Si4Sb_id1132_Final_E-4.90.cif,Si4Sb_id1132_E-4.75.cif,Si4Sb,-4.9023,0.789,Semiconductor,P3_121,152,15
LiP5_id3214_Final_E-4.90.cif,LiP5_id3214_E-3.86.cif,LiP5,-4.9015,0.556,Semiconductor,C2,5,24
LiO8_id879_Final_E-4.90.cif,LiO8_id879_E-4.86.cif,LiO8,-4.9013,0.111,Semiconductor,Ccce,68,36
Si2As4PS_id1334_Final_E-4.90.cif,Si2As4PS_id1334_E-4.48.cif,Si2As4PS,-4.9006,1.304,Semiconductor,P1,1,16
NaSnO8_id1941_Final_E-4.90.cif,NaSnO8_id1941_E-4.62.cif,NaSnO8,-4.9003,2.281,Semiconductor,P4/nbm,125,20
O2_id3167_Final_E-4.90.cif,O2_id3167_E-4.00.cif,O2,-4.8999,0.959,Semiconductor,P1,1,24
NaCaCdO4_id3367_Final_E-4.90.cif,NaCaCdO4_id3367_E-4.69.cif,NaCaCdO4,-4.8992,0.0,Metal,P4/nbm,125,14
P3S4_id4872_Final_E-4.89.cif,P3S4_id4872_E-4.88.cif,P3S4,-4.89,1.801,Semiconductor,Fm-3m,225,56
O2_id4334_Final_E-4.88.cif,O2_id4334_E-4.53.cif,O2,-4.8847,1.25,Semiconductor,Pc,7,24
SrO12_id2267_Final_E-4.88.cif,SrO12_id2267_E-4.33.cif,SrO12,-4.8818,0.0,Metal,P1,1,13
Ca3As4N3_id2746_Final_E-4.88.cif,Ca3As4N3_id2746_E-4.73.cif,Ca3As4N3,-4.8816,1.185,Semiconductor,P6_3mc,186,20
Li6AsP(SO2)2_id2065_Final_E-4.88.cif,Li6AsP(SO2)2_id2065_E-4.07.cif,Li6AsP(SO2)2,-4.8797,1.584,Semiconductor,Pnn2,34,56
SrIn4(SnO2)2_id4237_Final_E-4.88.cif,SrIn4(SnO2)2_id4237_E-4.37.cif,SrIn4(SnO2)2,-4.8784,0.341,Semiconductor,Imm2,44,22
Sc(SbTe)2_id1898_Final_E-4.88.cif,Sc(SbTe)2_id1898_E-4.66.cif,Sc(SbTe)2,-4.8754,0.012,Metal,P-1,2,20
BaAl4O6_id1405_Final_E-4.88.cif,BaAl4O6_id1405_E-4.88.cif,BaAl4O6,-4.8753,2.931,Semiconductor,Im-3m,229,22
SiAsS2_id2682_Final_E-4.87.cif,SiAsS2_id2682_E-4.86.cif,SiAsS2,-4.8746,0.045,Metal,I-42d,122,16
MgZn2SiO12_id4147_Final_E-4.87.cif,MgZn2SiO12_id4147_E-4.19.cif,MgZn2SiO12,-4.8721,2.148,Semiconductor,I-42m,121,32
NaLiTe2AsO4_id452_Final_E-4.87.cif,NaLiTe2AsO4_id452_E-4.74.cif,NaLiTe2AsO4,-4.8712,1.531,Semiconductor,I222,23,18
MgSiP2_id827_Final_E-4.87.cif,MgSiP2_id827_E-4.84.cif,MgSiP2,-4.8696,1.36,Semiconductor,I-42d,122,16
AsP2_id45_Final_E-4.87.cif,AsP2_id45_E-4.66.cif,AsP2,-4.8691,1.295,Semiconductor,I4_1cd,110,48
LiBO19_id3536_Final_E-4.87.cif,LiBO19_id3536_E-4.69.cif,LiBO19,-4.8652,1.229,Semiconductor,P2_1,4,42
Li4O5_id2268_Final_E-4.86.cif,Li4O5_id2268_E-4.43.cif,Li4O5,-4.8645,1.089,Semiconductor,Pbcn,60,36
TiZn4GaO4_id4544_Final_E-4.86.cif,TiZn4GaO4_id4544_E-3.64.cif,TiZn4GaO4,-4.8585,0.03,Metal,P-1,2,20
MgBe3(AlB3)2_id2625_Final_E-4.85.cif,MgBe3(AlB3)2_id2625_E-3.19.cif,MgBe3(AlB3)2,-4.851,0.0,Metal,P4_3,78,48
Na2Sn2Sb(SeO)4_id3562_Final_E-4.85.cif,Na2Sn2Sb(SeO)4_id3562_E-4.34.cif,Na2Sn2Sb(SeO)4,-4.8484,0.481,Semiconductor,Cm,8,52
GaSi10_id1222_Final_E-4.85.cif,GaSi10_id1222_E-4.59.cif,GaSi10,-4.8473,1.031,Semiconductor,I2_12_12_1,24,44
SrLi4O11_id1740_Final_E-4.85.cif,SrLi4O11_id1740_E-4.10.cif,SrLi4O11,-4.8462,2.484,Semiconductor,Pc,7,32
MgO9_id917_Final_E-4.84.cif,MgO9_id917_E-4.41.cif,MgO9,-4.8436,0.841,Semiconductor,Pba2,32,40
Sc2InTe6_id1313_Final_E-4.84.cif,Sc2InTe6_id1313_E-4.71.cif,Sc2InTe6,-4.8374,0.343,Semiconductor,P-31m,162,18
KBeO4_id1306_Final_E-4.84.cif,KBeO4_id1306_E-4.84.cif,KBeO4,-4.8372,4.825,Insulator,I4_1/a,88,24
KNaAs2(SO)4_id2918_Final_E-4.83.cif,KNaAs2(SO)4_id2918_E-4.66.cif,KNaAs2(SO)4,-4.8275,1.998,Semiconductor,I222,23,24
Ca2S9N_id2738_Final_E-4.83.cif,Ca2S9N_id2738_E-4.45.cif,Ca2S9N,-4.8269,0.793,Semiconductor,P-1,2,24
TiGa2Sb_id3966_Final_E-4.83.cif,TiGa2Sb_id3966_E-3.35.cif,TiGa2Sb,-4.8268,0.0,Metal,P-1,2,8
Te3PN2_id4880_Final_E-4.83.cif,Te3PN2_id4880_E-4.37.cif,Te3PN2,-4.826,0.791,Semiconductor,C2/m,12,12
Li2O7_id4635_Final_E-4.82.cif,Li2O7_id4635_E-4.33.cif,Li2O7,-4.822,0.0,Metal,P2_1/c,14,36
Al(AsP)3_id4618_Final_E-4.82.cif,Al(AsP)3_id4618_E-4.52.cif,Al(AsP)3,-4.8219,1.038,Semiconductor,P1,1,14
Ba2P(SeS)3_id2272_Final_E-4.81.cif,Ba2P(SeS)3_id2272_E-4.44.cif,Ba2P(SeS)3,-4.8079,1.644,Semiconductor,P1,1,9
BP12_id2102_Final_E-4.81.cif,BP12_id2102_E-4.77.cif,BP12,-4.8066,0.889,Semiconductor,I432,211,26
CaSe_id956_Final_E-4.80.cif,CaSe_id956_E-4.80.cif,CaSe,-4.804,0.194,Semiconductor,Pm-3m,221,12
P2O15_id3743_Final_E-4.80.cif,P2O15_id3743_E-4.46.cif,P2O15,-4.8029,0.32,Semiconductor,Pba2,32,34
LiO5_id1856_Final_E-4.80.cif,LiO5_id1856_E-4.37.cif,LiO5,-4.8021,0.0,Metal,P-1,2,24
KNaCdInGaSeO5_id1892_Final_E-4.80.cif,KNaCdInGaSeO5_id1892_E-4.40.cif,KNaCdInGaSeO5,-4.8001,1.41,Semiconductor,P2_1,4,22
GaO6_id2804_Final_E-4.80.cif,GaO6_id2804_E-3.64.cif,GaO6,-4.7983,0.077,Semiconductor,P6_3/m,176,14
K2SO2_id360_Final_E-4.79.cif,K2SO2_id360_E-3.29.cif,K2SO2,-4.7918,2.925,Semiconductor,P-1,2,20
KSnO14_id1007_Final_E-4.79.cif,KSnO14_id1007_E-3.83.cif,KSnO14,-4.7909,2.402,Semiconductor,P1,1,16
LiO2_id2451_Final_E-4.79.cif,LiO2_id2451_E-4.49.cif,LiO2,-4.7871,0.672,Semiconductor,P4_12_12,92,24
Ti2Zn3O_id1356_Final_E-4.78.cif,Ti2Zn3O_id1356_E-3.49.cif,Ti2Zn3O,-4.7838,0.0,Metal,P3_221,154,18
SeO_id2792_Final_E-4.78.cif,SeO_id2792_E-3.68.cif,SeO,-4.7836,1.151,Semiconductor,P4_12_12,92,16
Na4Li2Zn(SbO6)2_id2993_Final_E-4.78.cif,Na4Li2Zn(SbO6)2_id2993_E-3.68.cif,Na4Li2Zn(SbO6)2,-4.7799,0.821,Semiconductor,C2,5,42
SnSe(SO)2_id1894_Final_E-4.78.cif,SnSe(SO)2_id1894_E-4.50.cif,SnSe(SO)2,-4.779,0.51,Semiconductor,P1,1,18
Li2MgZn4GaO8_id3198_Final_E-4.77.cif,Li2MgZn4GaO8_id3198_E-4.38.cif,Li2MgZn4GaO8,-4.7726,2.286,Semiconductor,C2,5,32
LiO4_id783_Final_E-4.77.cif,LiO4_id783_E-4.72.cif,LiO4,-4.7708,3.17,Semiconductor,Ccce,68,20
NaSiP2SeS2_id1112_Final_E-4.77.cif,NaSiP2SeS2_id1112_E-4.37.cif,NaSiP2SeS2,-4.7658,0.0,Metal,Pca2_1,29,28
Na2SrO2_id4125_Final_E-4.76.cif,Na2SrO2_id4125_E-4.38.cif,Na2SrO2,-4.7615,0.0,Metal,Pca2_1,29,20
SrCaSe2_id275_Final_E-4.76.cif,SrCaSe2_id275_E-4.76.cif,SrCaSe2,-4.7611,0.254,Semiconductor,R-3m,166,12
O2_id102_Final_E-4.75.cif,O2_id102_E-3.86.cif,O2,-4.7522,1.398,Semiconductor,Pba2,32,22
Ga2Sb(SeO)6_id4130_Final_E-4.75.cif,Ga2Sb(SeO)6_id4130_E-4.16.cif,Ga2Sb(SeO)6,-4.7491,2.034,Semiconductor,P1,1,45
K2Na7Ga2TeO28_id2708_Final_E-4.75.cif,K2Na7Ga2TeO28_id2708_E-3.53.cif,K2Na7Ga2TeO28,-4.7469,2.252,Semiconductor,P1,1,40
BaSr(SeO15)2_id423_Final_E-4.75.cif,BaSr(SeO15)2_id423_E-4.40.cif,BaSr(SeO15)2,-4.7468,1.858,Semiconductor,P-3,147,34
KInO50_id1458_Final_E-4.75.cif,KInO50_id1458_E-3.53.cif,KInO50,-4.7456,0.0,Metal,P-1,2,52
KIn4O8_id2336_Final_E-4.74.cif,KIn4O8_id2336_E-3.91.cif,KIn4O8,-4.7404,2.179,Semiconductor,P2/c,13,26
BP12_id1052_Final_E-4.74.cif,BP12_id1052_E-4.74.cif,BP12,-4.7396,0.454,Semiconductor,I432,211,26
K(SeO12)2_id1127_Final_E-4.74.cif,K(SeO12)2_id1127_E-4.65.cif,K(SeO12)2,-4.7382,0.056,Semiconductor,P-1,2,27
SrC2O_id3023_Final_E-4.74.cif,SrC2O_id3023_E-4.73.cif,SrC2O,-4.737,0.696,Semiconductor,I4/mmm,139,8
LiZnGaP2(SeO)2_id1742_Final_E-4.74.cif,LiZnGaP2(SeO)2_id1742_E-4.29.cif,LiZnGaP2(SeO)2,-4.7368,1.382,Semiconductor,P3_221,154,27
KLiIn4O4_id3270_Final_E-4.73.cif,KLiIn4O4_id3270_E-4.43.cif,KLiIn4O4,-4.7315,0.766,Semiconductor,P1,1,20
Ba4N3_id910_Final_E-4.73.cif,Ba4N3_id910_E-4.57.cif,Ba4N3,-4.7272,0.019,Metal,P31c,159,14
BaCaGa2(SO27)2_id4645_Final_E-4.73.cif,BaCaGa2(SO27)2_id4645_E-4.62.cif,BaCaGa2(SO27)2,-4.7255,3.019,Semiconductor,P-3,147,60
Ca3Se4N3_id2713_Final_E-4.72.cif,Ca3Se4N3_id2713_E-4.72.cif,Ca3Se4N3,-4.7247,0.248,Semiconductor,I-43d,220,40
ZnO_id4296_Final_E-4.72.cif,ZnO_id4296_E-4.06.cif,ZnO,-4.7237,0.0,Metal,Fm-3m,225,16
SbAs2PS4_id1971_Final_E-4.72.cif,SbAs2PS4_id1971_E-4.30.cif,SbAs2PS4,-4.7175,1.56,Semiconductor,P1,1,8
KS3O2_id1186_Final_E-4.72.cif,KS3O2_id1186_E-4.38.cif,KS3O2,-4.7159,2.005,Semiconductor,Cmmm,65,12
NaTeSO2_id4559_Final_E-4.72.cif,NaTeSO2_id4559_E-4.51.cif,NaTeSO2,-4.7157,2.592,Semiconductor,Aea2,41,40
Li2ZnO6_id218_Final_E-4.71.cif,Li2ZnO6_id218_E-4.17.cif,Li2ZnO6,-4.7107,0.0,Metal,P-1,2,18
K2ScCd6O12_id716_Final_E-4.71.cif,K2ScCd6O12_id716_E-3.43.cif,K2ScCd6O12,-4.7087,0.143,Semiconductor,P-3c1,165,42
GeAsP_id635_Final_E-4.71.cif,GeAsP_id635_E-4.59.cif,GeAsP,-4.7087,0.0,Metal,Cmc2_1,36,12
Ba(AsS2)2_id1311_Final_E-4.71.cif,Ba(AsS2)2_id1311_E-4.41.cif,Ba(AsS2)2,-4.7081,1.59,Semiconductor,C2,5,28
O2_id1911_Final_E-4.71.cif,O2_id1911_E-4.60.cif,O2,-4.7078,0.962,Semiconductor,Pba2,32,18
GeP_id3032_Final_E-4.70.cif,GeP_id3032_E-4.21.cif,GeP,-4.7049,1.067,Semiconductor,P4_32_12,96,8
BP24_id386_Final_E-4.70.cif,BP24_id386_E-4.53.cif,BP24,-4.7033,0.941,Semiconductor,I432,211,50
O2_id1126_Final_E-4.70.cif,O2_id1126_E-4.65.cif,O2,-4.7027,2.558,Semiconductor,Pba2,32,30
MgO13_id2643_Final_E-4.70.cif,MgO13_id2643_E-4.59.cif,MgO13,-4.7024,0.704,Semiconductor,P2_1,4,28
O2_id1086_Final_E-4.70.cif,O2_id1086_E-4.48.cif,O2,-4.7022,1.138,Semiconductor,C2,5,28
CaSeS_id3465_Final_E-4.70.cif,CaSeS_id3465_E-3.97.cif,CaSeS,-4.7006,1.956,Semiconductor,Pbca,61,24
CaSeO_id2019_Final_E-4.70.cif,CaSeO_id2019_E-4.65.cif,CaSeO,-4.699,2.276,Semiconductor,P4_2/mmc,131,12
SiAsSe3N_id2048_Final_E-4.70.cif,SiAsSe3N_id2048_E-4.59.cif,SiAsSe3N,-4.6987,1.574,Semiconductor,P2_1/m,11,12
KGa4TeO4_id330_Final_E-4.70.cif,KGa4TeO4_id330_E-4.64.cif,KGa4TeO4,-4.6954,0.0,Metal,I222,23,20
K2TeO4_id3941_Final_E-4.69.cif,K2TeO4_id3941_E-4.29.cif,K2TeO4,-4.6929,1.396,Semiconductor,P2/c,13,28
K2TiIn(SeS5)2_id478_Final_E-4.69.cif,K2TiIn(SeS5)2_id478_E-4.34.cif,K2TiIn(SeS5)2,-4.6881,0.809,Semiconductor,P1,1,16
Na2LiO8_id1964_Final_E-4.69.cif,Na2LiO8_id1964_E-4.53.cif,Na2LiO8,-4.6872,0.0,Metal,Pcca,54,44
BO12_id3486_Final_E-4.68.cif,BO12_id3486_E-3.31.cif,BO12,-4.6849,0.0,Metal,I432,211,26
Ga2O_id3304_Final_E-4.67.cif,Ga2O_id3304_E-4.64.cif,Ga2O,-4.6746,0.0,Metal,Pbcn,60,12
In6Sn7O12_id1601_Final_E-4.67.cif,In6Sn7O12_id1601_E-3.65.cif,In6Sn7O12,-4.6688,0.0,Metal,P1,1,50
GeS2_id1226_Final_E-4.67.cif,GeS2_id1226_E-4.26.cif,GeS2,-4.6667,1.701,Semiconductor,I4_1/amd,141,12
SiAs_id1657_Final_E-4.66.cif,SiAs_id1657_E-4.21.cif,SiAs,-4.6613,0.0,Metal,P4_32_12,96,8
ScTe4_id4639_Final_E-4.65.cif,ScTe4_id4639_E-4.54.cif,ScTe4,-4.6526,0.941,Semiconductor,P3_112,151,15
K2BaZn2CdO20_id1886_Final_E-4.65.cif,K2BaZn2CdO20_id1886_E-3.50.cif,K2BaZn2CdO20,-4.6521,0.208,Semiconductor,P1,1,26
MgScIn(SiS2)3_id1955_Final_E-4.65.cif,MgScIn(SiS2)3_id1955_E-3.63.cif,MgScIn(SiS2)3,-4.6511,0.029,Metal,P-31c,163,24
Si2O5_id794_Final_E-4.65.cif,Si2O5_id794_E-3.51.cif,Si2O5,-4.6498,3.831,Insulator,C222_1,20,42
MgAl3(SeS2)2_id2159_Final_E-4.65.cif,MgAl3(SeS2)2_id2159_E-3.65.cif,MgAl3(SeS2)2,-4.647,1.369,Semiconductor,P1,1,20
Li5O4_id3834_Final_E-4.64.cif,Li5O4_id3834_E-4.20.cif,Li5O4,-4.6435,3.739,Insulator,P4/mnc,128,36
KSrCdO9_id242_Final_E-4.64.cif,KSrCdO9_id242_E-3.96.cif,KSrCdO9,-4.6413,1.338,Semiconductor,P1,1,24
Se3N2_id3045_Final_E-4.64.cif,Se3N2_id3045_E-4.35.cif,Se3N2,-4.6407,3.168,Semiconductor,R-3m,166,15
B2Sb3P2_id3904_Final_E-4.64.cif,B2Sb3P2_id3904_E-4.17.cif,B2Sb3P2,-4.6383,0.073,Semiconductor,P4_12_12,92,28
K6MgTiAsO12_id4210_Final_E-4.64.cif,K6MgTiAsO12_id4210_E-4.45.cif,K6MgTiAsO12,-4.6376,1.023,Semiconductor,P6_322,182,42
SnAs5P2Se_id2785_Final_E-4.63.cif,SnAs5P2Se_id2785_E-3.07.cif,SnAs5P2Se,-4.6343,0.493,Semiconductor,Pm,6,9
Na4Li4GeO20_id3171_Final_E-4.62.cif,Na4Li4GeO20_id3171_E-3.92.cif,Na4Li4GeO20,-4.6209,3.487,Semiconductor,P2,3,29
NaMg2Si2Te2AsO4_id4_Final_E-4.61.cif,NaMg2Si2Te2AsO4_id4_E-4.23.cif,NaMg2Si2Te2AsO4,-4.6132,0.01,Metal,P1,1,24
Zn2Si3O2_id4737_Final_E-4.61.cif,Zn2Si3O2_id4737_E-3.78.cif,Zn2Si3O2,-4.6111,0.0,Metal,P1,1,56
K4BeAl(AsO)4_id2763_Final_E-4.60.cif,K4BeAl(AsO)4_id2763_E-3.84.cif,K4BeAl(AsO)4,-4.6047,1.361,Semiconductor,C2/c,15,28
CaGeS6_id4295_Final_E-4.60.cif,CaGeS6_id4295_E-4.59.cif,CaGeS6,-4.6024,1.947,Semiconductor,P-31c,163,16
TeAs3SO_id2987_Final_E-4.60.cif,TeAs3SO_id2987_E-3.73.cif,TeAs3SO,-4.6001,0.0,Metal,Cmc2_1,36,24
LiO20_id534_Final_E-4.60.cif,LiO20_id534_E-4.19.cif,LiO20,-4.5972,0.0,Metal,Pc,7,42
BaGe(AsO)2_id778_Final_E-4.59.cif,BaGe(AsO)2_id778_E-4.59.cif,BaGe(AsO)2,-4.5927,0.819,Semiconductor,Immm,71,12
GeSb(AsP2)2_id2420_Final_E-4.59.cif,GeSb(AsP2)2_id2420_E-3.88.cif,GeSb(AsP2)2,-4.5913,0.0,Metal,Pccm,49,16
Sr2SeN_id355_Final_E-4.59.cif,Sr2SeN_id355_E-4.58.cif,Sr2SeN,-4.5904,1.459,Semiconductor,P6_3/mmc,194,8
KSbO20_id4488_Final_E-4.59.cif,KSbO20_id4488_E-4.38.cif,KSbO20,-4.59,1.84,Semiconductor,P1,1,22
ZnO3_id4725_Final_E-4.59.cif,ZnO3_id4725_E-3.70.cif,ZnO3,-4.59,0.371,Semiconductor,P-42_1m,113,16
TeO_id3565_Final_E-4.58.cif,TeO_id3565_E-4.58.cif,TeO,-4.5838,0.878,Semiconductor,P6/mmm,191,12
AsS2_id149_Final_E-4.58.cif,AsS2_id149_E-4.57.cif,AsS2,-4.579,1.565,Semiconductor,I-42d,122,12
Ca(GaN)3_id1413_Final_E-4.58.cif,Ca(GaN)3_id1413_E-3.50.cif,Ca(GaN)3,-4.5764,0.0,Metal,P6_3/m,176,14
Na2Li2Zn2GeO18_id4574_Final_E-4.58.cif,Na2Li2Zn2GeO18_id4574_E-4.04.cif,Na2Li2Zn2GeO18,-4.5753,3.695,Insulator,Pnn2,34,50
BaNa4(SnO)4_id1083_Final_E-4.57.cif,BaNa4(SnO)4_id1083_E-3.15.cif,BaNa4(SnO)4,-4.5657,1.185,Semiconductor,P2/c,13,26
BeZnSn2As2(SeO)2_id681_Final_E-4.56.cif,BeZnSn2As2(SeO)2_id681_E-3.78.cif,BeZnSn2As2(SeO)2,-4.5619,0.125,Semiconductor,P2_1,4,20
Ga2Si6P_id1513_Final_E-4.56.cif,Ga2Si6P_id1513_E-4.25.cif,Ga2Si6P,-4.5609,0.343,Semiconductor,Pnn2,34,18
Mg4Te4S5O4_id2563_Final_E-4.56.cif,Mg4Te4S5O4_id2563_E-3.90.cif,Mg4Te4S5O4,-4.559,1.485,Semiconductor,P-42_1c,114,34
KO20_id497_Final_E-4.55.cif,KO20_id497_E-4.39.cif,KO20,-4.5498,2.417,Semiconductor,Pc,7,42
Ba2Be2SeS6_id643_Final_E-4.55.cif,Ba2Be2SeS6_id643_E-4.48.cif,Ba2Be2SeS6,-4.5497,0.094,Semiconductor,P2/m,10,11
KC3N4O3_id2671_Final_E-4.55.cif,KC3N4O3_id2671_E-4.55.cif,KC3N4O3,-4.5479,0.906,Semiconductor,Pm-3n,223,22
LiCaS6_id1317_Final_E-4.55.cif,LiCaS6_id1317_E-4.26.cif,LiCaS6,-4.5464,1.659,Semiconductor,P1,1,32
BePSe_id1377_Final_E-4.55.cif,BePSe_id1377_E-4.10.cif,BePSe,-4.5454,1.844,Semiconductor,Pc,7,12
LiSbO_id4801_Final_E-4.54.cif,LiSbO_id4801_E-4.08.cif,LiSbO,-4.5435,0.441,Semiconductor,P2_12_12,18,12
BeGaSi3SnGeS14_id406_Final_E-4.54.cif,BeGaSi3SnGeS14_id406_E-4.23.cif,BeGaSi3SnGeS14,-4.5423,1.125,Semiconductor,Pc,7,42
NaO5_id2435_Final_E-4.54.cif,NaO5_id2435_E-3.90.cif,NaO5,-4.5422,2.622,Semiconductor,I4_1/a,88,24
As2P_id2906_Final_E-4.54.cif,As2P_id2906_E-4.54.cif,As2P,-4.5406,1.346,Semiconductor,Cmmm,65,6
MgInAsP6_id1293_Final_E-4.54.cif,MgInAsP6_id1293_E-4.34.cif,MgInAsP6,-4.5371,0.0,Metal,P222,16,18
LiSeO_id4072_Final_E-4.53.cif,LiSeO_id4072_E-4.19.cif,LiSeO,-4.5269,2.175,Semiconductor,P4_2/ncm,138,12
KNa2SnSb(SO)4_id3286_Final_E-4.53.cif,KNa2SnSb(SO)4_id3286_E-4.45.cif,KNa2SnSb(SO)4,-4.526,1.16,Semiconductor,I222,23,26
Sn5S6_id2617_Final_E-4.52.cif,Sn5S6_id2617_E-4.38.cif,Sn5S6,-4.5247,0.931,Semiconductor,P-1,2,22
Na4MgSiSnO4_id2445_Final_E-4.52.cif,Na4MgSiSnO4_id2445_E-4.41.cif,Na4MgSiSnO4,-4.5247,2.017,Semiconductor,I222,23,22
ScS15_id1180_Final_E-4.52.cif,ScS15_id1180_E-4.02.cif,ScS15,-4.5199,1.967,Semiconductor,P2_1,4,32
PSe2_id64_Final_E-4.52.cif,PSe2_id64_E-4.25.cif,PSe2,-4.5167,0.91,Semiconductor,P2/c,13,12
AlSiGePSe_id4731_Final_E-4.52.cif,AlSiGePSe_id4731_E-3.58.cif,AlSiGePSe,-4.5161,0.0,Metal,P1,1,30
BaLiSe4(S4O)2_id2371_Final_E-4.51.cif,BaLiSe4(S4O)2_id2371_E-3.91.cif,BaLiSe4(S4O)2,-4.513,1.465,Semiconductor,P-1,2,32
In2SiGe2SbAs2P2SeS10_id3816_Final_E-4.51.cif,In2SiGe2SbAs2P2SeS10_id3816_E-3.92.cif,In2SiGe2SbAs2P2SeS10,-4.5118,0.0,Metal,P1,1,21
As3SeS4_id2955_Final_E-4.51.cif,As3SeS4_id2955_E-4.32.cif,As3SeS4,-4.509,1.257,Semiconductor,P1,1,16
Ba4Ca4ScO4_id3716_Final_E-4.51.cif,Ba4Ca4ScO4_id3716_E-3.53.cif,Ba4Ca4ScO4,-4.5055,0.0,Metal,P-42_1c,114,26
BaCd2O9_id3779_Final_E-4.50.cif,BaCd2O9_id3779_E-4.47.cif,BaCd2O9,-4.4992,1.648,Semiconductor,I-42d,122,48
NaCdO6_id2379_Final_E-4.50.cif,NaCdO6_id2379_E-4.33.cif,NaCdO6,-4.4981,1.644,Semiconductor,P6_322,182,16
SbS3_id514_Final_E-4.50.cif,SbS3_id514_E-4.21.cif,SbS3,-4.4978,1.758,Semiconductor,P-1,2,8
InS3O_id3415_Final_E-4.50.cif,InS3O_id3415_E-3.83.cif,InS3O,-4.4965,1.701,Semiconductor,Cm,8,10
CaBeSiAs_id654_Final_E-4.49.cif,CaBeSiAs_id654_E-4.46.cif,CaBeSiAs,-4.4936,1.004,Semiconductor,Pmmn,59,8
Li4Sn2Sb2O3_id2027_Final_E-4.49.cif,Li4Sn2Sb2O3_id2027_E-3.60.cif,Li4Sn2Sb2O3,-4.493,0.55,Semiconductor,P2_1/c,14,44
Mg2Zn2CdIn2Ga2(SN3)2_id3872_Final_E-4.49.cif,Mg2Zn2CdIn2Ga2(SN3)2_id3872_E-3.51.cif,Mg2Zn2CdIn2Ga2(SN3)2,-4.4926,0.144,Semiconductor,P3_121,152,51
AsS8N_id3209_Final_E-4.49.cif,AsS8N_id3209_E-4.44.cif,AsS8N,-4.4916,1.62,Semiconductor,P2/c,13,20
NaO2_id4418_Final_E-4.49.cif,NaO2_id4418_E-3.31.cif,NaO2,-4.4878,0.0,Metal,P-1,2,24
As_id1598_Final_E-4.49.cif,As_id1598_E-4.47.cif,As,-4.4861,0.411,Semiconductor,Pccm,49,10
CaIn4GaS8_id2340_Final_E-4.48.cif,CaIn4GaS8_id2340_E-3.90.cif,CaIn4GaS8,-4.4849,1.613,Semiconductor,P1,1,28
Sn(BS5)2_id3526_Final_E-4.48.cif,Sn(BS5)2_id3526_E-3.56.cif,Sn(BS5)2,-4.4815,1.201,Semiconductor,C2/c,15,52
NaSnO_id1229_Final_E-4.48.cif,NaSnO_id1229_E-4.42.cif,NaSnO,-4.4796,0.012,Metal,P6_522,179,18
K2Na3O8_id2368_Final_E-4.48.cif,K2Na3O8_id2368_E-4.12.cif,K2Na3O8,-4.4783,0.0,Metal,P2_1/c,14,26
MgAlPS_id3826_Final_E-4.48.cif,MgAlPS_id3826_E-3.51.cif,MgAlPS,-4.478,0.721,Semiconductor,P1,1,24
MgS_id1153_Final_E-4.48.cif,MgS_id1153_E-4.18.cif,MgS,-4.4762,2.497,Semiconductor,Aea2,41,16
CaAs4_id2244_Final_E-4.47.cif,CaAs4_id2244_E-4.01.cif,CaAs4,-4.4727,0.0,Metal,C2/c,15,20
As_id4789_Final_E-4.47.cif,As_id4789_E-4.31.cif,As,-4.4662,0.0,Metal,P-1,2,24
Na5Cd(PO)4_id1727_Final_E-4.46.cif,Na5Cd(PO)4_id1727_E-2.26.cif,Na5Cd(PO)4,-4.4647,1.621,Semiconductor,P-1,2,56
LiSiSnGeAsP2(Se3S4)2_id4717_Final_E-4.45.cif,LiSiSnGeAsP2(Se3S4)2_id4717_E-3.64.cif,LiSiSnGeAsP2(Se3S4)2,-4.4528,1.226,Semiconductor,P2_1,4,42
SbPSeS6_id1630_Final_E-4.45.cif,SbPSeS6_id1630_E-3.87.cif,SbPSeS6,-4.4526,0.839,Semiconductor,P1,1,9
As_id3954_Final_E-4.45.cif,As_id3954_E-4.09.cif,As,-4.4464,0.0,Metal,P2_12_12,18,8
SrO4_id1399_Final_E-4.44.cif,SrO4_id1399_E-4.44.cif,SrO4,-4.4443,2.899,Semiconductor,Im-3m,229,10
GeSeS2_id3373_Final_E-4.44.cif,GeSeS2_id3373_E-3.99.cif,GeSeS2,-4.4405,0.616,Semiconductor,P1,1,16
PSe_id1206_Final_E-4.44.cif,PSe_id1206_E-4.32.cif,PSe,-4.4401,1.545,Semiconductor,P6_522,179,12
SiAs2PSeS16_id786_Final_E-4.44.cif,SiAs2PSeS16_id786_E-3.74.cif,SiAs2PSeS16,-4.4377,1.127,Semiconductor,P2_1,4,42
KNaCdSbAs2PSNO_id3789_Final_E-4.44.cif,KNaCdSbAs2PSNO_id3789_E-4.01.cif,KNaCdSbAs2PSNO,-4.4372,1.06,Semiconductor,Cc,9,40
As_id1788_Final_E-4.43.cif,As_id1788_E-4.34.cif,As,-4.4307,0.835,Semiconductor,Ia-3,206,56
GeAs6Se_id1064_Final_E-4.43.cif,GeAs6Se_id1064_E-3.84.cif,GeAs6Se,-4.4288,0.647,Semiconductor,P1,1,32
KLiO2_id4541_Final_E-4.43.cif,KLiO2_id4541_E-4.31.cif,KLiO2,-4.4259,0.937,Semiconductor,I4_122,98,16
SrLiP2(SeS)4_id4336_Final_E-4.42.cif,SrLiP2(SeS)4_id4336_E-4.17.cif,SrLiP2(SeS)4,-4.4212,0.541,Semiconductor,I-42d,122,48
LiCdO6_id4942_Final_E-4.42.cif,LiCdO6_id4942_E-3.14.cif,LiCdO6,-4.4191,0.678,Semiconductor,P1,1,16
As_id2318_Final_E-4.42.cif,As_id2318_E-4.37.cif,As,-4.4177,0.022,Metal,C2/c,15,16
KLi(SnS2)2_id1455_Final_E-4.42.cif,KLi(SnS2)2_id1455_E-4.24.cif,KLi(SnS2)2,-4.4175,0.062,Semiconductor,I2_12_12_1,24,32
GeAs7Se4_id2499_Final_E-4.42.cif,GeAs7Se4_id2499_E-4.11.cif,GeAs7Se4,-4.4174,0.964,Semiconductor,P1,1,48
O2_id4011_Final_E-4.41.cif,O2_id4011_E-4.27.cif,O2,-4.4122,1.511,Semiconductor,Pba2,32,22
O2_id3917_Final_E-4.41.cif,O2_id3917_E-3.87.cif,O2,-4.411,1.745,Semiconductor,Pc,7,42
Ba2As2PSe5_id1854_Final_E-4.41.cif,Ba2As2PSe5_id1854_E-3.76.cif,Ba2As2PSe5,-4.411,1.277,Semiconductor,P-1,2,20
LiAl2Si(TeS)2_id3041_Final_E-4.41.cif,LiAl2Si(TeS)2_id3041_E-4.17.cif,LiAl2Si(TeS)2,-4.4105,1.386,Semiconductor,Pcca,54,32
K(GaS2)2_id3921_Final_E-4.41.cif,K(GaS2)2_id3921_E-4.33.cif,K(GaS2)2,-4.4088,0.0,Metal,I4_122,98,28
KO4_id172_Final_E-4.41.cif,KO4_id172_E-3.72.cif,KO4,-4.4071,2.202,Semiconductor,P4nc,104,40
Zn2Cd(GaO2)2_id2312_Final_E-4.40.cif,Zn2Cd(GaO2)2_id2312_E-2.57.cif,Zn2Cd(GaO2)2,-4.4034,0.731,Semiconductor,P4_2/m,84,18
SrO20_id677_Final_E-4.40.cif,SrO20_id677_E-3.81.cif,SrO20,-4.399,0.0,Metal,P-1,2,42
LiSi2As_id3798_Final_E-4.40.cif,LiSi2As_id3798_E-4.03.cif,LiSi2As,-4.3986,1.082,Semiconductor,P4_32_12,96,16
In3P5S19_id4847_Final_E-4.39.cif,In3P5S19_id4847_E-2.91.cif,In3P5S19,-4.3944,1.295,Semiconductor,P1,1,27
GeAs2S_id1388_Final_E-4.39.cif,GeAs2S_id1388_E-4.15.cif,GeAs2S,-4.394,0.0,Metal,Pm,6,4
Li3Ca2Sn2(GeO)2_id3186_Final_E-4.39.cif,Li3Ca2Sn2(GeO)2_id3186_E-3.70.cif,Li3Ca2Sn2(GeO)2,-4.3919,0.1,Semiconductor,P-1,2,44
PS9_id3430_Final_E-4.39.cif,PS9_id3430_E-4.06.cif,PS9,-4.3918,0.481,Semiconductor,Pcc2,27,40
KCdO6_id3208_Final_E-4.39.cif,KCdO6_id3208_E-2.86.cif,KCdO6,-4.3864,2.011,Semiconductor,P1,1,16
CdP4_id3619_Final_E-4.39.cif,CdP4_id3619_E-3.12.cif,CdP4,-4.3855,0.0,Metal,P1,1,10
KGaPS2_id3589_Final_E-4.38.cif,KGaPS2_id3589_E-4.07.cif,KGaPS2,-4.384,2.317,Semiconductor,P1,1,15
Na3Li3S4O3_id3375_Final_E-4.38.cif,Na3Li3S4O3_id3375_E-3.03.cif,Na3Li3S4O3,-4.3839,2.156,Semiconductor,P-1,2,26
NaMgSc3InSn2Te_id4015_Final_E-4.38.cif,NaMgSc3InSn2Te_id4015_E-3.67.cif,NaMgSc3InSn2Te,-4.3786,0.0,Metal,P2_1/m,11,18
CSe5S2_id2454_Final_E-4.38.cif,CSe5S2_id2454_E-3.42.cif,CSe5S2,-4.3771,0.958,Semiconductor,P-1,2,16
Sb3S2_id2690_Final_E-4.37.cif,Sb3S2_id2690_E-4.20.cif,Sb3S2,-4.3741,0.376,Semiconductor,P1,1,10
CaZnO2_id329_Final_E-4.37.cif,CaZnO2_id329_E-4.06.cif,CaZnO2,-4.3733,2.818,Semiconductor,I4/mcm,140,16
NaLi2AlGeP2O_id4719_Final_E-4.37.cif,NaLi2AlGeP2O_id4719_E-3.91.cif,NaLi2AlGeP2O,-4.3707,1.442,Semiconductor,P4_322,95,32
NaZnO2_id1290_Final_E-4.37.cif,NaZnO2_id1290_E-3.09.cif,NaZnO2,-4.3696,0.34,Semiconductor,P1,1,16
AlSe_id4734_Final_E-4.37.cif,AlSe_id4734_E-4.15.cif,AlSe,-4.3691,1.858,Semiconductor,Pca2_1,29,8
BeAs_id1897_Final_E-4.37.cif,BeAs_id1897_E-3.89.cif,BeAs,-4.3661,1.332,Semiconductor,C222_1,20,16
SbAsS18O_id2721_Final_E-4.36.cif,SbAsS18O_id2721_E-4.06.cif,SbAsS18O,-4.3592,0.455,Semiconductor,P1,1,21
Li2Zn2Sb2O3_id2390_Final_E-4.36.cif,Li2Zn2Sb2O3_id2390_E-3.32.cif,Li2Zn2Sb2O3,-4.3561,0.855,Semiconductor,P2_1/c,14,36
KLi2(TeO)4_id412_Final_E-4.36.cif,KLi2(TeO)4_id412_E-4.21.cif,KLi2(TeO)4,-4.356,0.946,Semiconductor,C2,5,22
Ca2Sn3(Te2S)2_id3587_Final_E-4.36.cif,Ca2Sn3(Te2S)2_id3587_E-3.44.cif,Ca2Sn3(Te2S)2,-4.3555,0.98,Semiconductor,P1,1,22
As2PS8_id2071_Final_E-4.35.cif,As2PS8_id2071_E-4.07.cif,As2PS8,-4.3548,1.604,Semiconductor,Pmn2_1,31,22
Li4BP10(NO)4_id4404_Final_E-4.35.cif,Li4BP10(NO)4_id4404_E-3.18.cif,Li4BP10(NO)4,-4.3505,0.796,Semiconductor,P1,1,46
O2_id2775_Final_E-4.35.cif,O2_id2775_E-3.38.cif,O2,-4.3496,0.26,Semiconductor,Pba2,32,22
Li4Mg3(S4N)2_id4309_Final_E-4.35.cif,Li4Mg3(S4N)2_id4309_E-2.61.cif,Li4Mg3(S4N)2,-4.3464,2.085,Semiconductor,P2_1,4,34
O2_id2146_Final_E-4.34.cif,O2_id2146_E-4.17.cif,O2,-4.3439,1.114,Semiconductor,Pba2,32,28
Cd(SiSe2)2_id835_Final_E-4.33.cif,Cd(SiSe2)2_id835_E-4.30.cif,Cd(SiSe2)2,-4.3341,1.664,Semiconductor,P-42m,111,7
ZnSiGe(SeS2)2_id392_Final_E-4.33.cif,ZnSiGe(SeS2)2_id392_E-3.81.cif,ZnSiGe(SeS2)2,-4.331,0.814,Semiconductor,P-42_1m,113,18
KSbS12_id1668_Final_E-4.33.cif,KSbS12_id1668_E-4.19.cif,KSbS12,-4.3304,0.706,Semiconductor,C2/c,15,56
TeAs3PSe_id4744_Final_E-4.32.cif,TeAs3PSe_id4744_E-4.18.cif,TeAs3PSe,-4.3226,0.924,Semiconductor,Pca2_1,29,24
CdN_id433_Final_E-4.32.cif,CdN_id433_E-2.36.cif,CdN,-4.3169,1.386,Semiconductor,P2/m,10,8
Sb(AsSe)2_id2914_Final_E-4.31.cif,Sb(AsSe)2_id2914_E-4.30.cif,Sb(AsSe)2,-4.3137,0.78,Semiconductor,Pcca,54,20
KNa2Se3(SO)3_id4409_Final_E-4.31.cif,KNa2Se3(SO)3_id4409_E-4.22.cif,KNa2Se3(SO)3,-4.3063,1.144,Semiconductor,P1,1,12
BAs12_id2362_Final_E-4.31.cif,BAs12_id2362_E-4.08.cif,BAs12,-4.3057,0.0,Metal,I422,97,26
K3NaO6_id4503_Final_E-4.31.cif,K3NaO6_id4503_E-3.18.cif,K3NaO6,-4.3052,0.0,Metal,P1,1,40
KBe2BAs2_id1119_Final_E-4.30.cif,KBe2BAs2_id1119_E-1.90.cif,KBe2BAs2,-4.3022,0.667,Semiconductor,P1,1,18
LiMg(InS2)2_id2685_Final_E-4.30.cif,LiMg(InS2)2_id2685_E-4.16.cif,LiMg(InS2)2,-4.2994,1.984,Semiconductor,I-42m,121,16
LiMgS4_id1655_Final_E-4.29.cif,LiMgS4_id1655_E-2.17.cif,LiMgS4,-4.2917,2.496,Semiconductor,P-1,2,48
KSnS3_id2981_Final_E-4.29.cif,KSnS3_id2981_E-3.45.cif,KSnS3,-4.2915,0.0,Metal,Cmc2_1,36,20
GeS6_id2263_Final_E-4.29.cif,GeS6_id2263_E-4.05.cif,GeS6,-4.29,0.666,Semiconductor,Fdd2,43,28
KMg(GaS2)2_id3845_Final_E-4.28.cif,KMg(GaS2)2_id3845_E-4.03.cif,KMg(GaS2)2,-4.2825,2.356,Semiconductor,Fdd2,43,32
Ba(PO5)4_id1224_Final_E-4.28.cif,Ba(PO5)4_id1224_E-3.79.cif,Ba(PO5)4,-4.2806,0.0,Metal,P1,1,25
GeAs3Se4_id2495_Final_E-4.28.cif,GeAs3Se4_id2495_E-4.00.cif,GeAs3Se4,-4.2799,0.0,Metal,P1,1,8
SbAsS13_id3628_Final_E-4.28.cif,SbAsS13_id3628_E-3.71.cif,SbAsS13,-4.2772,1.041,Semiconductor,P1,1,15
K3O4_id3771_Final_E-4.28.cif,K3O4_id3771_E-3.23.cif,K3O4,-4.276,0.0,Metal,P1,1,21
KLi4Ga6AsPO8_id3658_Final_E-4.27.cif,KLi4Ga6AsPO8_id3658_E-4.00.cif,KLi4Ga6AsPO8,-4.2667,1.713,Semiconductor,P1,1,42
Al2ZnAs8(PS2)2_id1569_Final_E-4.26.cif,Al2ZnAs8(PS2)2_id1569_E-4.05.cif,Al2ZnAs8(PS2)2,-4.2637,0.0,Metal,P1,1,17
GaSnAsSe2S_id2016_Final_E-4.26.cif,GaSnAsSe2S_id2016_E-3.19.cif,GaSnAsSe2S,-4.2554,1.154,Semiconductor,P1,1,12
SrTe_id349_Final_E-4.25.cif,SrTe_id349_E-3.11.cif,SrTe,-4.2541,1.227,Semiconductor,P4/m,83,8
NaZnO2_id914_Final_E-4.25.cif,NaZnO2_id914_E-4.25.cif,NaZnO2,-4.2518,1.268,Semiconductor,I4_122,98,16
Na2CdSe3(S4O)3_id4385_Final_E-4.25.cif,Na2CdSe3(S4O)3_id4385_E-3.94.cif,Na2CdSe3(S4O)3,-4.2512,1.757,Semiconductor,P31m,157,21
InAs6_id28_Final_E-4.25.cif,InAs6_id28_E-4.15.cif,InAs6,-4.251,0.0,Metal,P-42m,111,7
Sb2TeSeS3_id631_Final_E-4.25.cif,Sb2TeSeS3_id631_E-3.70.cif,Sb2TeSeS3,-4.2464,1.293,Semiconductor,P2_1/c,14,28
Li2As(PSe)2_id1942_Final_E-4.24.cif,Li2As(PSe)2_id1942_E-3.60.cif,Li2As(PSe)2,-4.2388,1.7,Semiconductor,P1,1,14
CaGe2Sb2AsSe_id2549_Final_E-4.24.cif,CaGe2Sb2AsSe_id2549_E-4.10.cif,CaGe2Sb2AsSe,-4.2382,0.0,Metal,Cmcm,63,28
AlZnP4_id24_Final_E-4.23.cif,AlZnP4_id24_E-4.02.cif,AlZnP4,-4.2299,0.0,Metal,I4_1/a,88,24
Li2AsP2_id3764_Final_E-4.23.cif,Li2AsP2_id3764_E-3.97.cif,Li2AsP2,-4.2281,1.204,Semiconductor,Cc,9,20
Na3Li4Cd4O12_id366_Final_E-4.22.cif,Na3Li4Cd4O12_id366_E-2.98.cif,Na3Li4Cd4O12,-4.2227,0.0,Metal,P1,1,46
MgS4_id614_Final_E-4.22.cif,MgS4_id614_E-4.12.cif,MgS4,-4.2202,1.863,Semiconductor,P3_221,154,15
InS5_id875_Final_E-4.22.cif,InS5_id875_E-3.83.cif,InS5,-4.2188,2.014,Semiconductor,Aea2,41,24
Li10Ga(PO2)2_id3508_Final_E-4.22.cif,Li10Ga(PO2)2_id3508_E-3.65.cif,Li10Ga(PO2)2,-4.2168,0.489,Semiconductor,P2/c,13,34
In6Sn(TeO)4_id2506_Final_E-4.21.cif,In6Sn(TeO)4_id2506_E-4.13.cif,In6Sn(TeO)4,-4.2136,0.004,Metal,I-42m,121,30
As_id4814_Final_E-4.21.cif,As_id4814_E-3.93.cif,As,-4.2096,0.0,Metal,P4_2/mmc,131,6
K2Te2AsP3S2_id2206_Final_E-4.21.cif,K2Te2AsP3S2_id2206_E-3.60.cif,K2Te2AsP3S2,-4.2084,0.96,Semiconductor,Pcca,54,40
MgGa4Si2(GeS2)2_id2211_Final_E-4.21.cif,MgGa4Si2(GeS2)2_id2211_E-3.48.cif,MgGa4Si2(GeS2)2,-4.2082,0.0,Metal,P-42m,111,13
Sb(SeS)2_id1209_Final_E-4.21.cif,Sb(SeS)2_id1209_E-3.14.cif,Sb(SeS)2,-4.206,0.547,Semiconductor,P-1,2,10
MgGeTeS2_id3129_Final_E-4.20.cif,MgGeTeS2_id3129_E-3.66.cif,MgGeTeS2,-4.1981,0.447,Semiconductor,Aea2,41,40
TeAs6Se_id2010_Final_E-4.20.cif,TeAs6Se_id2010_E-4.00.cif,TeAs6Se,-4.1968,0.133,Semiconductor,P-1,2,16
LiSb5As3P_id4506_Final_E-4.19.cif,LiSb5As3P_id4506_E-3.81.cif,LiSb5As3P,-4.1943,0.551,Semiconductor,P2_1,4,20
K4Na(GeO)3_id1249_Final_E-4.19.cif,K4Na(GeO)3_id1249_E-3.90.cif,K4Na(GeO)3,-4.1919,0.0,Metal,P31c,159,22
KZn3O7_id2798_Final_E-4.19.cif,KZn3O7_id2798_E-4.19.cif,KZn3O7,-4.1911,1.897,Semiconductor,Pm-3n,223,22
BaLi2PO_id2166_Final_E-4.19.cif,BaLi2PO_id2166_E-2.23.cif,BaLi2PO,-4.1903,2.498,Semiconductor,P-1,2,20
AsSe2_id418_Final_E-4.19.cif,AsSe2_id418_E-3.68.cif,AsSe2,-4.1861,1.086,Semiconductor,P1,1,6
Ti12B_id4664_Final_E-4.18.cif,Ti12B_id4664_E-4.18.cif,Ti12B,-4.182,2.468,Semiconductor,I432,211,26
ZnN_id1045_Final_E-4.18.cif,ZnN_id1045_E-3.73.cif,ZnN,-4.1815,0.651,Semiconductor,Pbca,61,16
ZnSiAs6_id1231_Final_E-4.18.cif,ZnSiAs6_id1231_E-3.77.cif,ZnSiAs6,-4.1806,0.005,Metal,Fdd2,43,32
MgS8_id932_Final_E-4.18.cif,MgS8_id932_E-3.72.cif,MgS8,-4.1767,1.372,Semiconductor,P-42_1m,113,18
SbTeAs3_id923_Final_E-4.18.cif,SbTeAs3_id923_E-4.04.cif,SbTeAs3,-4.1765,0.801,Semiconductor,Pnn2,34,10
LiMg3Se3O4_id1379_Final_E-4.17.cif,LiMg3Se3O4_id1379_E-4.17.cif,LiMg3Se3O4,-4.1697,1.235,Semiconductor,Pm-3n,223,22
Al2ZnSiSe4_id830_Final_E-4.17.cif,Al2ZnSiSe4_id830_E-4.17.cif,Al2ZnSiSe4,-4.1697,1.986,Semiconductor,I-42m,121,16
CaZn3C4O3_id4317_Final_E-4.17.cif,CaZn3C4O3_id4317_E-4.17.cif,CaZn3C4O3,-4.1674,0.672,Semiconductor,Pm-3n,223,22
S_id2518_Final_E-4.16.cif,S_id2518_E-4.07.cif,S,-4.1647,1.315,Semiconductor,Pbca,61,16
LiBP2Se14S3_id663_Final_E-4.16.cif,LiBP2Se14S3_id663_E-3.49.cif,LiBP2Se14S3,-4.1645,1.209,Semiconductor,P1,1,21
AlCd2Ge(AsS)4_id4909_Final_E-4.16.cif,AlCd2Ge(AsS)4_id4909_E-3.66.cif,AlCd2Ge(AsS)4,-4.164,1.29,Semiconductor,P1,1,24
Li(MgP2)2_id541_Final_E-4.16.cif,Li(MgP2)2_id541_E-4.12.cif,Li(MgP2)2,-4.1613,0.509,Semiconductor,I4_1/a,88,28
Cd2(SO)3_id1761_Final_E-4.16.cif,Cd2(SO)3_id1761_E-4.16.cif,Cd2(SO)3,-4.1612,1.218,Semiconductor,P6_3/mcm,193,16
GeSb2Se7_id2205_Final_E-4.16.cif,GeSb2Se7_id2205_E-3.84.cif,GeSb2Se7,-4.161,0.565,Semiconductor,P1,1,20
BAs12_id2172_Final_E-4.16.cif,BAs12_id2172_E-4.15.cif,BAs12,-4.157,0.793,Semiconductor,I432,211,26
BAs12_id2285_Final_E-4.16.cif,BAs12_id2285_E-4.05.cif,BAs12,-4.1565,0.921,Semiconductor,I432,211,26
S_id3890_Final_E-4.15.cif,S_id3890_E-3.61.cif,S,-4.1543,2.257,Semiconductor,Pccn,56,12
S_id454_Final_E-4.15.cif,S_id454_E-4.11.cif,S,-4.1538,1.421,Semiconductor,Pbca,61,16
LiInGeSe4_id1472_Final_E-4.15.cif,LiInGeSe4_id1472_E-4.09.cif,LiInGeSe4,-4.1535,1.254,Semiconductor,P-42m,111,7
Na4Li3TeO4_id4657_Final_E-4.15.cif,Na4Li3TeO4_id4657_E-3.54.cif,Na4Li3TeO4,-4.153,1.932,Semiconductor,P-1,2,24
K2NaS10_id4043_Final_E-4.15.cif,K2NaS10_id4043_E-3.72.cif,K2NaS10,-4.151,0.852,Semiconductor,P-1,2,26
S_id71_Final_E-4.15.cif,S_id71_E-4.03.cif,S,-4.1502,1.139,Semiconductor,Cc,9,12
S_id4176_Final_E-4.15.cif,S_id4176_E-4.06.cif,S,-4.1485,0.972,Semiconductor,Pbca,61,24
Ga2SiS2_id1089_Final_E-4.15.cif,Ga2SiS2_id1089_E-4.03.cif,Ga2SiS2,-4.1472,1.399,Semiconductor,Pa-3,205,20
Li2AlInSe4_id2801_Final_E-4.15.cif,Li2AlInSe4_id2801_E-4.04.cif,Li2AlInSe4,-4.1463,1.713,Semiconductor,I2_12_12_1,24,32
S_id4313_Final_E-4.14.cif,S_id4313_E-3.89.cif,S,-4.1409,0.865,Semiconductor,Pc,7,20
Li2Zn3O8_id1738_Final_E-4.14.cif,Li2Zn3O8_id1738_E-3.66.cif,Li2Zn3O8,-4.1401,1.887,Semiconductor,C2/c,15,52
K2Na3O6_id3943_Final_E-4.14.cif,K2Na3O6_id3943_E-3.72.cif,K2Na3O6,-4.1361,0.0,Metal,Cmce,64,44
CdO_id2494_Final_E-4.14.cif,CdO_id2494_E-3.98.cif,CdO,-4.1356,0.0,Metal,P4_2/ncm,138,8
KS7_id751_Final_E-4.13.cif,KS7_id751_E-3.97.cif,KS7,-4.1346,0.516,Semiconductor,R32,155,24
GeSe3_id97_Final_E-4.13.cif,GeSe3_id97_E-3.95.cif,GeSe3,-4.1331,0.946,Semiconductor,Pna2_1,33,16
GaSn2Te3S4_id4066_Final_E-4.13.cif,GaSn2Te3S4_id4066_E-3.33.cif,GaSn2Te3S4,-4.1329,0.003,Metal,P-1,2,20
CdO_id3739_Final_E-4.13.cif,CdO_id3739_E-2.49.cif,CdO,-4.1329,0.33,Semiconductor,P1,1,16
NaGeS24_id3401_Final_E-4.13.cif,NaGeS24_id3401_E-4.04.cif,NaGeS24,-4.1315,1.066,Semiconductor,P4/n,85,52
SnSe3_id4123_Final_E-4.13.cif,SnSe3_id4123_E-3.47.cif,SnSe3,-4.1292,0.776,Semiconductor,P1,1,16
KLi4SbAsS4_id1496_Final_E-4.13.cif,KLi4SbAsS4_id1496_E-3.64.cif,KLi4SbAsS4,-4.1271,2.116,Semiconductor,C2,5,22
S_id1029_Final_E-4.12.cif,S_id1029_E-4.11.cif,S,-4.1239,2.668,Semiconductor,Pm-3m,221,12
O2_id4162_Final_E-4.12.cif,O2_id4162_E-4.03.cif,O2,-4.123,1.023,Semiconductor,Pba2,32,28
Li4Ti4AsO2_id3081_Final_E-4.12.cif,Li4Ti4AsO2_id3081_E-4.08.cif,Li4Ti4AsO2,-4.1228,1.503,Semiconductor,Cm,8,11
S_id586_Final_E-4.12.cif,S_id586_E-4.00.cif,S,-4.1212,1.613,Semiconductor,Pbca,61,16
KGaO_id3292_Final_E-4.12.cif,KGaO_id3292_E-4.05.cif,KGaO,-4.12,0.0,Metal,Cmme,67,12
O2_id2207_Final_E-4.12.cif,O2_id2207_E-4.04.cif,O2,-4.1195,1.073,Semiconductor,Pba2,32,26
S_id4042_Final_E-4.11.cif,S_id4042_E-4.08.cif,S,-4.1143,1.25,Semiconductor,Pbca,61,32
S_id1821_Final_E-4.11.cif,S_id1821_E-4.11.cif,S,-4.1141,1.208,Semiconductor,P6/mmm,191,12
S_id3059_Final_E-4.11.cif,S_id3059_E-3.69.cif,S,-4.114,0.772,Semiconductor,Pc,7,42
K4Sn2GeO3_id1871_Final_E-4.11.cif,K4Sn2GeO3_id1871_E-3.99.cif,K4Sn2GeO3,-4.1128,1.234,Semiconductor,Cm,8,20
S_id1215_Final_E-4.11.cif,S_id1215_E-3.84.cif,S,-4.1113,1.039,Semiconductor,P-1,2,24
S_id3646_Final_E-4.11.cif,S_id3646_E-3.93.cif,S,-4.111,0.634,Semiconductor,P6_4,172,30
Na5O4_id4716_Final_E-4.11.cif,Na5O4_id4716_E-3.78.cif,Na5O4,-4.1075,1.793,Semiconductor,P2_1/c,14,36
K2TiTe4_id157_Final_E-4.10.cif,K2TiTe4_id157_E-4.05.cif,K2TiTe4,-4.1039,0.34,Semiconductor,P4_2/mcm,132,14
LiAs3_id839_Final_E-4.10.cif,LiAs3_id839_E-4.06.cif,LiAs3,-4.1033,0.567,Semiconductor,P-4n2,118,8
CdGa2(SO)2_id4899_Final_E-4.10.cif,CdGa2(SO)2_id4899_E-2.97.cif,CdGa2(SO)2,-4.1022,0.926,Semiconductor,P1,1,28
Na2Si7Ge_id2629_Final_E-4.10.cif,Na2Si7Ge_id2629_E-3.33.cif,Na2Si7Ge,-4.1018,0.558,Semiconductor,P1,1,10
S_id1676_Final_E-4.10.cif,S_id1676_E-4.10.cif,S,-4.099,0.658,Semiconductor,Pbca,61,16
BeZn(SeO)2_id251_Final_E-4.10.cif,BeZn(SeO)2_id251_E-3.68.cif,BeZn(SeO)2,-4.0963,2.08,Semiconductor,P3_221,154,18
BaSi2_id3363_Final_E-4.10.cif,BaSi2_id3363_E-3.88.cif,BaSi2,-4.0962,0.301,Semiconductor,Ibam,72,24
AsS8_id3245_Final_E-4.09.cif,AsS8_id3245_E-3.41.cif,AsS8,-4.0862,1.457,Semiconductor,P1,1,36
K6SrGa6AsO6_id438_Final_E-4.09.cif,K6SrGa6AsO6_id438_E-3.96.cif,K6SrGa6AsO6,-4.0854,1.781,Semiconductor,R-3,148,60
GeSe4_id1157_Final_E-4.08.cif,GeSe4_id1157_E-3.56.cif,GeSe4,-4.082,0.979,Semiconductor,P2_1,4,10
TeP2(Se2S)4_id2674_Final_E-4.08.cif,TeP2(Se2S)4_id2674_E-3.81.cif,TeP2(Se2S)4,-4.081,1.237,Semiconductor,I2_12_12_1,24,60
KCdO4_id2148_Final_E-4.08.cif,KCdO4_id2148_E-4.08.cif,KCdO4,-4.0802,2.531,Semiconductor,P4/mmm,123,12
InS2_id2050_Final_E-4.08.cif,InS2_id2050_E-3.91.cif,InS2,-4.0794,1.254,Semiconductor,Aea2,41,24
GeS4_id3257_Final_E-4.08.cif,GeS4_id3257_E-3.88.cif,GeS4,-4.0793,1.42,Semiconductor,Pn-3,201,30
Li4MgAl2Ga2(TeS)4_id3299_Final_E-4.08.cif,Li4MgAl2Ga2(TeS)4_id3299_E-3.52.cif,Li4MgAl2Ga2(TeS)4,-4.0766,1.11,Semiconductor,P222,16,17
KLi2CdO2_id4815_Final_E-4.07.cif,KLi2CdO2_id4815_E-3.11.cif,KLi2CdO2,-4.069,0.0,Metal,P1,1,24
K2NaSbS6_id4081_Final_E-4.07.cif,K2NaSbS6_id4081_E-3.77.cif,K2NaSbS6,-4.0683,0.372,Semiconductor,P1,1,30
Ga3Se2S5_id1031_Final_E-4.07.cif,Ga3Se2S5_id1031_E-3.77.cif,Ga3Se2S5,-4.0666,0.0,Metal,P2_1,4,20
Cd(GeSe2)2_id4422_Final_E-4.06.cif,Cd(GeSe2)2_id4422_E-4.06.cif,Cd(GeSe2)2,-4.0643,0.961,Semiconductor,P-42m,111,7
Li3InS4_id1270_Final_E-4.06.cif,Li3InS4_id1270_E-3.93.cif,Li3InS4,-4.0642,1.477,Semiconductor,I-42d,122,32
Al(TeS3)2_id811_Final_E-4.06.cif,Al(TeS3)2_id811_E-4.00.cif,Al(TeS3)2,-4.0641,0.452,Semiconductor,P321,150,9
AsSe_id926_Final_E-4.06.cif,AsSe_id926_E-4.06.cif,AsSe,-4.0639,1.194,Semiconductor,I-42d,122,16
S_id451_Final_E-4.06.cif,S_id451_E-4.05.cif,S,-4.0606,1.587,Semiconductor,Pbca,61,24
Ba(LiS)4_id3225_Final_E-4.06.cif,Ba(LiS)4_id3225_E-3.61.cif,Ba(LiS)4,-4.0602,2.044,Semiconductor,I-4c2,120,36
LiSn2BSb4Te4As5SeS_id642_Final_E-4.06.cif,LiSn2BSb4Te4As5SeS_id642_E-3.69.cif,LiSn2BSb4Te4As5SeS,-4.0578,0.303,Semiconductor,P2_1,4,38
S_id3501_Final_E-4.06.cif,S_id3501_E-4.00.cif,S,-4.056,0.286,Semiconductor,Pbca,61,16
K2InNO2_id4568_Final_E-4.06.cif,K2InNO2_id4568_E-3.98.cif,K2InNO2,-4.0555,2.121,Semiconductor,Pa-3,205,24
S_id2979_Final_E-4.05.cif,S_id2979_E-4.00.cif,S,-4.0547,0.603,Semiconductor,Pbca,61,16
KSn(AsS)2_id944_Final_E-4.05.cif,KSn(AsS)2_id944_E-2.51.cif,KSn(AsS)2,-4.0502,1.374,Semiconductor,Pmmn,59,12
Na2LiCd5In4(SnO4)2_id4777_Final_E-4.05.cif,Na2LiCd5In4(SnO4)2_id4777_E-3.46.cif,Na2LiCd5In4(SnO4)2,-4.0484,0.327,Semiconductor,P2_1,4,44
PS4_id1947_Final_E-4.05.cif,PS4_id1947_E-4.02.cif,PS4,-4.046,2.661,Semiconductor,R-3m,166,15
Ca3PSe2_id922_Final_E-4.04.cif,Ca3PSe2_id922_E-4.04.cif,Ca3PSe2,-4.0383,0.936,Semiconductor,Pn-3m,224,12
S_id1593_Final_E-4.03.cif,S_id1593_E-4.03.cif,S,-4.0336,1.607,Semiconductor,Pbca,61,8
SeS8_id146_Final_E-4.03.cif,SeS8_id146_E-2.98.cif,SeS8,-4.0279,0.231,Semiconductor,P1,1,36
GeSbTeAsSe_id1688_Final_E-4.03.cif,GeSbTeAsSe_id1688_E-4.03.cif,GeSbTeAsSe,-4.0262,0.815,Semiconductor,Pmmm,47,5
LiTeAsS_id246_Final_E-4.02.cif,LiTeAsS_id246_E-3.71.cif,LiTeAsS,-4.0248,1.336,Semiconductor,P1,1,16
S_id3084_Final_E-4.02.cif,S_id3084_E-4.01.cif,S,-4.0223,0.177,Semiconductor,Pbca,61,8
SrLiCaSn2Te4As_id703_Final_E-4.02.cif,SrLiCaSn2Te4As_id703_E-3.66.cif,SrLiCaSn2Te4As,-4.0158,1.398,Semiconductor,I222,23,20
CaIn3(Se2S)2_id4197_Final_E-4.01.cif,CaIn3(Se2S)2_id4197_E-3.36.cif,CaIn3(Se2S)2,-4.0142,1.01,Semiconductor,P1,1,40
S_id2913_Final_E-4.01.cif,S_id2913_E-3.99.cif,S,-4.0124,0.41,Semiconductor,Pbca,61,16
Se2S19_id1246_Final_E-4.01.cif,Se2S19_id1246_E-3.70.cif,Se2S19,-4.0102,1.143,Semiconductor,Pc,7,42
BaO12_id1873_Final_E-4.01.cif,BaO12_id1873_E-3.44.cif,BaO12,-4.0087,1.758,Semiconductor,Im-3,204,26
Na2Li4SbO2_id3024_Final_E-4.01.cif,Na2Li4SbO2_id3024_E-3.34.cif,Na2Li4SbO2,-4.005,1.952,Semiconductor,C2,5,18
TeS5_id3231_Final_E-4.00.cif,TeS5_id3231_E-3.95.cif,TeS5,-4.0049,1.12,Semiconductor,C2/m,12,12
CaTe_id3086_Final_E-3.99.cif,CaTe_id3086_E-3.94.cif,CaTe,-3.9916,1.385,Semiconductor,P3_221,154,6
KAs3O2_id4359_Final_E-3.99.cif,KAs3O2_id4359_E-3.61.cif,KAs3O2,-3.9893,0.158,Semiconductor,I4_1/amd,141,24
KAs3_id2567_Final_E-3.98.cif,KAs3_id2567_E-3.87.cif,KAs3,-3.9846,0.567,Semiconductor,Immm,71,8
KAs3_id4141_Final_E-3.98.cif,KAs3_id4141_E-3.91.cif,KAs3,-3.9845,0.558,Semiconductor,Immm,71,8
K(GaSe2)2_id2588_Final_E-3.98.cif,K(GaSe2)2_id2588_E-3.97.cif,K(GaSe2)2,-3.982,0.73,Semiconductor,P-42m,111,7
MgSeS_id3249_Final_E-3.97.cif,MgSeS_id3249_E-3.73.cif,MgSeS,-3.9722,0.361,Semiconductor,Pca2_1,29,12
NaLiTiZnO4_id3783_Final_E-3.97.cif,NaLiTiZnO4_id3783_E-3.78.cif,NaLiTiZnO4,-3.9677,0.391,Semiconductor,P4_322,95,32
Al2Zn2Sn(SeS)4_id4753_Final_E-3.96.cif,Al2Zn2Sn(SeS)4_id4753_E-3.51.cif,Al2Zn2Sn(SeS)4,-3.9642,1.477,Semiconductor,P-42m,111,13
ZnPS_id2930_Final_E-3.96.cif,ZnPS_id2930_E-3.26.cif,ZnPS,-3.9618,1.842,Semiconductor,P4_32_12,96,24
K2Ge(Se3S)4_id223_Final_E-3.96.cif,K2Ge(Se3S)4_id223_E-3.65.cif,K2Ge(Se3S)4,-3.9599,1.082,Semiconductor,P1,1,19
AlGa3Te4(Se5S2)2_id4211_Final_E-3.96.cif,AlGa3Te4(Se5S2)2_id4211_E-3.66.cif,AlGa3Te4(Se5S2)2,-3.959,0.465,Semiconductor,C2,5,44
K(GeSe2)2_id3177_Final_E-3.95.cif,K(GeSe2)2_id3177_E-3.90.cif,K(GeSe2)2,-3.9549,0.0,Metal,P4/mmm,123,7
Li15(TeO2)2_id2020_Final_E-3.95.cif,Li15(TeO2)2_id2020_E-3.31.cif,Li15(TeO2)2,-3.952,2.327,Semiconductor,Pnn2,34,42
KNa4Te2As(SO)4_id2389_Final_E-3.95.cif,KNa4Te2As(SO)4_id2389_E-2.92.cif,KNa4Te2As(SO)4,-3.9512,1.635,Semiconductor,P2_12_12,18,32
S_id3579_Final_E-3.95.cif,S_id3579_E-3.79.cif,S,-3.946,2.203,Semiconductor,Pbam,55,16
LiSe2S_id233_Final_E-3.94.cif,LiSe2S_id233_E-2.96.cif,LiSe2S,-3.9434,0.989,Semiconductor,P1,1,24
ZnTeSe3S16_id2633_Final_E-3.94.cif,ZnTeSe3S16_id2633_E-3.48.cif,ZnTeSe3S16,-3.9412,1.01,Semiconductor,Pc,7,42
Li3(TeS2)2_id2497_Final_E-3.93.cif,Li3(TeS2)2_id2497_E-3.76.cif,Li3(TeS2)2,-3.9348,1.213,Semiconductor,Pnn2,34,18
Cd(AsSe2)2_id2350_Final_E-3.93.cif,Cd(AsSe2)2_id2350_E-3.67.cif,Cd(AsSe2)2,-3.9323,0.958,Semiconductor,P1,1,7
Na(SeS)2_id2188_Final_E-3.93.cif,Na(SeS)2_id2188_E-3.92.cif,Na(SeS)2,-3.9299,1.81,Semiconductor,Cccm,66,20
ZnAs2(SeS)8_id898_Final_E-3.93.cif,ZnAs2(SeS)8_id898_E-3.08.cif,ZnAs2(SeS)8,-3.9251,1.411,Semiconductor,P1,1,38
K4SrCd5(S3O)4_id1763_Final_E-3.92.cif,K4SrCd5(S3O)4_id1763_E-3.38.cif,K4SrCd5(S3O)4,-3.9222,1.963,Semiconductor,P4_2/n,86,52
K2InSnSe4_id4438_Final_E-3.92.cif,K2InSnSe4_id4438_E-3.71.cif,K2InSnSe4,-3.9195,1.158,Semiconductor,I-42d,122,32
Na5LiIn(Te2O)4_id1575_Final_E-3.92.cif,Na5LiIn(Te2O)4_id1575_E-3.66.cif,Na5LiIn(Te2O)4,-3.9181,1.789,Semiconductor,I222,23,38
Ga3N_id394_Final_E-3.92.cif,Ga3N_id394_E-3.92.cif,Ga3N,-3.9163,0.153,Semiconductor,Im-3m,229,8
K2NaB6_id7_Final_E-3.92.cif,K2NaB6_id7_E-3.59.cif,K2NaB6,-3.9161,0.379,Semiconductor,P-1,2,36
Al2GaGeTe6_id647_Final_E-3.92.cif,Al2GaGeTe6_id647_E-3.72.cif,Al2GaGeTe6,-3.9156,0.612,Semiconductor,P2_12_12,18,20
NaS2_id3998_Final_E-3.91.cif,NaS2_id3998_E-3.66.cif,NaS2,-3.9145,1.11,Semiconductor,P6/mcc,192,36
GaSbTeSe7S2_id1538_Final_E-3.91.cif,GaSbTeSe7S2_id1538_E-3.60.cif,GaSbTeSe7S2,-3.9135,0.607,Semiconductor,P2_1,4,24
K2P3_id3529_Final_E-3.91.cif,K2P3_id3529_E-3.91.cif,K2P3,-3.9129,1.479,Semiconductor,I4mm,107,20
K(GaS2)2_id440_Final_E-3.91.cif,K(GaS2)2_id440_E-3.91.cif,K(GaS2)2,-3.9116,2.815,Semiconductor,P4/nbm,125,14
Sr2SnTe2_id2925_Final_E-3.91.cif,Sr2SnTe2_id2925_E-3.20.cif,Sr2SnTe2,-3.9095,0.731,Semiconductor,P-1,2,45
KCaZnS2_id4893_Final_E-3.90.cif,KCaZnS2_id4893_E-2.39.cif,KCaZnS2,-3.903,1.474,Semiconductor,P1,1,10
TeAsSe_id4497_Final_E-3.90.cif,TeAsSe_id4497_E-3.84.cif,TeAsSe,-3.9007,0.0,Metal,Pca2_1,29,12
LiS6_id1689_Final_E-3.90.cif,LiS6_id1689_E-3.79.cif,LiS6,-3.8973,0.002,Metal,Cmmm,65,14
GeAs5_id4751_Final_E-3.89.cif,GeAs5_id4751_E-3.85.cif,GeAs5,-3.8938,0.856,Semiconductor,Pmmm,47,6
KMg4Sb2As4(Se2S)2_id1486_Final_E-3.89.cif,KMg4Sb2As4(Se2S)2_id1486_E-3.41.cif,KMg4Sb2As4(Se2S)2,-3.8933,0.0,Metal,P1,1,17
KSrGe(Te2Se)2_id2759_Final_E-3.89.cif,KSrGe(Te2Se)2_id2759_E-3.36.cif,KSrGe(Te2Se)2,-3.8927,0.484,Semiconductor,P1,1,18
NaSnS_id1225_Final_E-3.89.cif,NaSnS_id1225_E-3.83.cif,NaSnS,-3.89,1.962,Semiconductor,P4_32_12,96,12
AlSbTe2_id954_Final_E-3.88.cif,AlSbTe2_id954_E-3.55.cif,AlSbTe2,-3.8834,1.059,Semiconductor,Aea2,41,32
AlZnSi2Ge_id1711_Final_E-3.88.cif,AlZnSi2Ge_id1711_E-3.57.cif,AlZnSi2Ge,-3.8823,0.487,Semiconductor,Cm,8,15
In2O_id2762_Final_E-3.88.cif,In2O_id2762_E-3.81.cif,In2O,-3.8814,0.511,Semiconductor,Cmmm,65,12
K2O2_id3908_Final_E-3.88.cif,K2O2_id3908_E-3.88.cif,K2O2,-3.8768,1.803,Semiconductor,I-43d,220,24
Ga4GeO16_id4604_Final_E-3.88.cif,Ga4GeO16_id4604_E-3.87.cif,Ga4GeO16,-3.8762,0.729,Semiconductor,P-43m,215,21
BeSe_id4570_Final_E-3.87.cif,BeSe_id4570_E-3.36.cif,BeSe,-3.8749,1.804,Semiconductor,P6_522,179,12
Ba(SbTe)4_id1967_Final_E-3.87.cif,Ba(SbTe)4_id1967_E-3.87.cif,Ba(SbTe)4,-3.8748,0.233,Semiconductor,I4/m,87,18
LiInSe2_id291_Final_E-3.87.cif,LiInSe2_id291_E-3.37.cif,LiInSe2,-3.8743,1.115,Semiconductor,I-42d,122,32
CdO2_id870_Final_E-3.87.cif,CdO2_id870_E-3.86.cif,CdO2,-3.8727,1.065,Semiconductor,I4_122,98,12
SeS_id221_Final_E-3.86.cif,SeS_id221_E-3.74.cif,SeS,-3.8644,1.667,Semiconductor,Pbca,61,16
In2SnTe2Se5_id3870_Final_E-3.86.cif,In2SnTe2Se5_id3870_E-3.74.cif,In2SnTe2Se5,-3.8642,0.021,Metal,Pbam,55,20
Se2S3_id2768_Final_E-3.86.cif,Se2S3_id2768_E-3.77.cif,Se2S3,-3.8632,0.832,Semiconductor,P2_12_12_1,19,20
LiZnS2_id4948_Final_E-3.86.cif,LiZnS2_id4948_E-3.61.cif,LiZnS2,-3.8627,2.357,Semiconductor,P1,1,12
Sn(SbTe)3_id974_Final_E-3.86.cif,Sn(SbTe)3_id974_E-3.36.cif,Sn(SbTe)3,-3.856,0.0,Metal,P-1,2,7
LiSnSbAs3_id3735_Final_E-3.85.cif,LiSnSbAs3_id3735_E-3.85.cif,LiSnSbAs3,-3.8546,0.053,Semiconductor,Pmmm,47,6
ZnGeO_id203_Final_E-3.85.cif,ZnGeO_id203_E-3.46.cif,ZnGeO,-3.8467,0.747,Semiconductor,P4_2/mmc,131,12
SeS_id2998_Final_E-3.85.cif,SeS_id2998_E-3.84.cif,SeS,-3.8456,1.11,Semiconductor,P4/m,83,8
SeS_id4927_Final_E-3.85.cif,SeS_id4927_E-3.84.cif,SeS,-3.845,0.785,Semiconductor,P4/m,83,8
Te3S4_id4609_Final_E-3.84.cif,Te3S4_id4609_E-3.76.cif,Te3S4,-3.8425,0.218,Semiconductor,P6_3/m,176,14
CaCd2Ga4Si(GeSe2)4_id3624_Final_E-3.84.cif,CaCd2Ga4Si(GeSe2)4_id3624_E-2.56.cif,CaCd2Ga4Si(GeSe2)4,-3.8424,0.141,Semiconductor,I222,23,40
Cd(GeSe4)2_id2270_Final_E-3.84.cif,Cd(GeSe4)2_id2270_E-3.71.cif,Cd(GeSe4)2,-3.8423,1.038,Semiconductor,P-42m,111,11
KBe(InS)2_id1148_Final_E-3.84.cif,KBe(InS)2_id1148_E-2.78.cif,KBe(InS)2,-3.8373,1.249,Semiconductor,P1,1,18
Li2CdGeSe4_id389_Final_E-3.84.cif,Li2CdGeSe4_id389_E-3.69.cif,Li2CdGeSe4,-3.8362,0.678,Semiconductor,I-42d,122,32
BS12_id2011_Final_E-3.83.cif,BS12_id2011_E-3.83.cif,BS12,-3.8345,0.06,Semiconductor,I432,211,26
InSn2(TeSe2)3_id1422_Final_E-3.83.cif,InSn2(TeSe2)3_id1422_E-3.56.cif,InSn2(TeSe2)3,-3.8309,0.217,Semiconductor,P6mm,183,12
TiZn4SnS8_id1908_Final_E-3.83.cif,TiZn4SnS8_id1908_E-3.82.cif,TiZn4SnS8,-3.8305,1.39,Semiconductor,P4/mmm,123,28
Li4SnTeSe2_id4773_Final_E-3.82.cif,Li4SnTeSe2_id4773_E-3.45.cif,Li4SnTeSe2,-3.8234,1.505,Semiconductor,Cmcm,63,32
In4S7_id3982_Final_E-3.82.cif,In4S7_id3982_E-3.82.cif,In4S7,-3.8214,0.233,Semiconductor,Im-3m,229,22
Ge(Te3S4)2_id1330_Final_E-3.82.cif,Ge(Te3S4)2_id1330_E-3.82.cif,Ge(Te3S4)2,-3.8211,0.064,Semiconductor,P6_3/mcm,193,30
CdS4_id2123_Final_E-3.82.cif,CdS4_id2123_E-3.82.cif,CdS4,-3.8206,1.49,Semiconductor,I4_1/a,88,20
BO12_id3854_Final_E-3.82.cif,BO12_id3854_E-3.78.cif,BO12,-3.818,1.567,Semiconductor,I432,211,26
SrLiSb4_id1691_Final_E-3.82.cif,SrLiSb4_id1691_E-3.67.cif,SrLiSb4,-3.8167,0.413,Semiconductor,I4_1/a,88,24
K2BaLiTeO_id3567_Final_E-3.81.cif,K2BaLiTeO_id3567_E-2.98.cif,K2BaLiTeO,-3.8115,1.609,Semiconductor,P1,1,12
KNa4GeS4_id2533_Final_E-3.81.cif,KNa4GeS4_id2533_E-2.24.cif,KNa4GeS4,-3.8103,2.077,Semiconductor,P1,1,20
K2Na2Ga3O8_id4055_Final_E-3.81.cif,K2Na2Ga3O8_id4055_E-2.97.cif,K2Na2Ga3O8,-3.8093,1.994,Semiconductor,P1,1,30
K2Te4SeS4_id4748_Final_E-3.81.cif,K2Te4SeS4_id4748_E-3.73.cif,K2Te4SeS4,-3.8056,0.946,Semiconductor,C2/c,15,44
BaNa2Cd2SiTeO3_id1781_Final_E-3.80.cif,BaNa2Cd2SiTeO3_id1781_E-3.78.cif,BaNa2Cd2SiTeO3,-3.8013,1.658,Semiconductor,P-6m2,187,10
ZnTePS_id785_Final_E-3.80.cif,ZnTePS_id785_E-3.64.cif,ZnTePS,-3.8008,1.38,Semiconductor,P6_4,172,24
Na(GeTe2)2_id2790_Final_E-3.80.cif,Na(GeTe2)2_id2790_E-3.77.cif,Na(GeTe2)2,-3.7962,0.883,Semiconductor,P-42m,111,7
Ga4Si3_id294_Final_E-3.79.cif,Ga4Si3_id294_E-3.79.cif,Ga4Si3,-3.7929,0.102,Semiconductor,I-43d,220,28
KSn3O2_id1591_Final_E-3.79.cif,KSn3O2_id1591_E-3.09.cif,KSn3O2,-3.7922,0.136,Semiconductor,Pmmm,47,6
KCa4GeAs4_id2448_Final_E-3.79.cif,KCa4GeAs4_id2448_E-2.66.cif,KCa4GeAs4,-3.7897,0.0,Metal,I4_1/a,88,40
ZnSiTe2(SeS)2_id185_Final_E-3.79.cif,ZnSiTe2(SeS)2_id185_E-3.50.cif,ZnSiTe2(SeS)2,-3.7855,0.0,Metal,Pnn2,34,16
KBa2O_id1463_Final_E-3.78.cif,KBa2O_id1463_E-2.81.cif,KBa2O,-3.784,0.0,Metal,P-1,2,16
K2Ba4NaLi8B4Sb4PO5_id1634_Final_E-3.78.cif,K2Ba4NaLi8B4Sb4PO5_id1634_E-2.68.cif,K2Ba4NaLi8B4Sb4PO5,-3.7776,0.161,Semiconductor,P4,75,29
Al2Cd(GaSe2)2_id1825_Final_E-3.78.cif,Al2Cd(GaSe2)2_id1825_E-3.60.cif,Al2Cd(GaSe2)2,-3.776,0.365,Semiconductor,P-42m,111,9
Li(TeAs)2_id1435_Final_E-3.77.cif,Li(TeAs)2_id1435_E-3.72.cif,Li(TeAs)2,-3.7738,1.044,Semiconductor,C2/c,15,20
Ga2SnTe4_id2342_Final_E-3.77.cif,Ga2SnTe4_id2342_E-3.61.cif,Ga2SnTe4,-3.7729,0.354,Semiconductor,P-42m,111,7
TeSe2S_id1394_Final_E-3.77.cif,TeSe2S_id1394_E-3.61.cif,TeSe2S,-3.7702,0.0,Metal,P-1,2,16
Li3(Te3S2)2_id1651_Final_E-3.76.cif,Li3(Te3S2)2_id1651_E-3.44.cif,Li3(Te3S2)2,-3.7591,0.092,Semiconductor,P1,1,13
TeS_id3762_Final_E-3.75.cif,TeS_id3762_E-3.65.cif,TeS,-3.753,0.0,Metal,Pbca,61,16
Be(GaSi)2_id3901_Final_E-3.75.cif,Be(GaSi)2_id3901_E-3.29.cif,Be(GaSi)2,-3.7526,0.035,Metal,Cmme,67,20
K4O3_id4859_Final_E-3.75.cif,K4O3_id4859_E-3.27.cif,K4O3,-3.7513,2.019,Semiconductor,P6_3/mmc,194,28
Al2ZnTe4_id3920_Final_E-3.75.cif,Al2ZnTe4_id3920_E-3.50.cif,Al2ZnTe4,-3.7511,1.102,Semiconductor,P-42m,111,7
LiZnGeAs4_id2795_Final_E-3.75.cif,LiZnGeAs4_id2795_E-3.43.cif,LiZnGeAs4,-3.7499,0.0,Metal,P1,1,14
GaSb2_id2072_Final_E-3.75.cif,GaSb2_id2072_E-2.73.cif,GaSb2,-3.7491,0.0,Metal,Pnn2,34,6
NaAs2_id297_Final_E-3.75.cif,NaAs2_id297_E-3.56.cif,NaAs2,-3.7491,0.694,Semiconductor,P4_2/m,84,18
Li(AlTe)4_id1681_Final_E-3.75.cif,Li(AlTe)4_id1681_E-3.74.cif,Li(AlTe)4,-3.7456,0.375,Semiconductor,P-42m,111,9
NaZn(AsS)2_id659_Final_E-3.75.cif,NaZn(AsS)2_id659_E-3.63.cif,NaZn(AsS)2,-3.7453,1.485,Semiconductor,I4_122,98,24
Sb5Te7_id2469_Final_E-3.74.cif,Sb5Te7_id2469_E-2.91.cif,Sb5Te7,-3.7438,0.0,Metal,P222,16,24
SeS_id1874_Final_E-3.74.cif,SeS_id1874_E-3.74.cif,SeS,-3.7414,1.85,Semiconductor,Pbca,61,16
LiGaTe4PS2_id4542_Final_E-3.74.cif,LiGaTe4PS2_id4542_E-3.66.cif,LiGaTe4PS2,-3.7397,1.431,Semiconductor,Pcca,54,36
Mg2CdS4_id400_Final_E-3.74.cif,Mg2CdS4_id400_E-3.06.cif,Mg2CdS4,-3.737,2.306,Semiconductor,P-1,2,28
TeS_id1869_Final_E-3.73.cif,TeS_id1869_E-3.66.cif,TeS,-3.7337,0.73,Semiconductor,Pbca,61,16
KMg(TiIn)2_id1877_Final_E-3.73.cif,KMg(TiIn)2_id1877_E-2.92.cif,KMg(TiIn)2,-3.7313,0.0,Metal,P4_122,91,24
Sn2Se19S2_id1305_Final_E-3.73.cif,Sn2Se19S2_id1305_E-3.55.cif,Sn2Se19S2,-3.731,0.654,Semiconductor,Pba2,32,46
LiSe_id3860_Final_E-3.73.cif,LiSe_id3860_E-3.31.cif,LiSe,-3.7295,0.49,Semiconductor,P4_32_12,96,8
LiSe_id1243_Final_E-3.73.cif,LiSe_id1243_E-3.72.cif,LiSe,-3.7281,0.739,Semiconductor,I-42d,122,16
CdSbSeS_id391_Final_E-3.73.cif,CdSbSeS_id391_E-3.72.cif,CdSbSeS,-3.7279,0.0,Metal,P4/nmm,129,8
Li4TeSeS_id4588_Final_E-3.72.cif,Li4TeSeS_id4588_E-3.56.cif,Li4TeSeS,-3.723,0.648,Semiconductor,Aea2,41,56
KS_id1087_Final_E-3.72.cif,KS_id1087_E-3.54.cif,KS,-3.7219,1.621,Semiconductor,Pnma,62,24
Be4Sb3_id4500_Final_E-3.72.cif,Be4Sb3_id4500_E-3.56.cif,Be4Sb3,-3.7194,0.296,Semiconductor,I-43d,220,28
Mg3Zn4In2GaTe4(S4N)2_id3685_Final_E-3.72.cif,Mg3Zn4In2GaTe4(S4N)2_id3685_E-3.45.cif,Mg3Zn4In2GaTe4(S4N)2,-3.716,1.45,Semiconductor,C2,5,48
CaSi_id3851_Final_E-3.72.cif,CaSi_id3851_E-3.72.cif,CaSi,-3.716,0.469,Semiconductor,P6_3/mmc,194,8
K4Li3O4_id2903_Final_E-3.71.cif,K4Li3O4_id2903_E-3.71.cif,K4Li3O4,-3.7083,1.827,Semiconductor,Pm-3n,223,22
MgInSn(TeSe)4_id4192_Final_E-3.71.cif,MgInSn(TeSe)4_id4192_E-3.56.cif,MgInSn(TeSe)4,-3.707,0.39,Semiconductor,C2,5,22
Al4InTe4_id4628_Final_E-3.71.cif,Al4InTe4_id4628_E-3.70.cif,Al4InTe4,-3.7054,0.066,Semiconductor,P-42m,111,9
KZnSnO_id1926_Final_E-3.70.cif,KZnSnO_id1926_E-3.21.cif,KZnSnO,-3.7036,0.0,Metal,Pc,7,16
TiAlZnGaGeTe16_id4318_Final_E-3.70.cif,TiAlZnGaGeTe16_id4318_E-3.08.cif,TiAlZnGaGeTe16,-3.7029,0.0,Metal,Pc,7,42
Se13S4_id2224_Final_E-3.70.cif,Se13S4_id2224_E-3.34.cif,Se13S4,-3.6994,0.0,Metal,P1,1,34
KSe8_id2163_Final_E-3.70.cif,KSe8_id2163_E-3.49.cif,KSe8,-3.6967,0.026,Metal,Cccm,66,36
Ga2Te2As_id2641_Final_E-3.69.cif,Ga2Te2As_id2641_E-3.67.cif,Ga2Te2As,-3.6853,1.134,Semiconductor,P3_221,154,15
CaZnCd2O2_id4378_Final_E-3.68.cif,CaZnCd2O2_id4378_E-3.68.cif,CaZnCd2O2,-3.6845,1.206,Semiconductor,P4_2/mmc,131,12
TeSeS_id135_Final_E-3.68.cif,TeSeS_id135_E-2.71.cif,TeSeS,-3.6837,0.0,Metal,P2/m,10,12
K3NaLi4Zn4P(S2O)2_id4754_Final_E-3.68.cif,K3NaLi4Zn4P(S2O)2_id4754_E-2.79.cif,K3NaLi4Zn4P(S2O)2,-3.6787,2.219,Semiconductor,C2,5,38
Na2AsSe2_id485_Final_E-3.68.cif,Na2AsSe2_id485_E-3.48.cif,Na2AsSe2,-3.6765,0.0,Metal,Cmmm,65,10
KIn2(TeSe2)4_id3025_Final_E-3.68.cif,KIn2(TeSe2)4_id3025_E-3.37.cif,KIn2(TeSe2)4,-3.6751,0.0,Metal,I222,23,30
SrLi2(GaSi2)2_id4388_Final_E-3.67.cif,SrLi2(GaSi2)2_id4388_E-3.29.cif,SrLi2(GaSi2)2,-3.672,0.616,Semiconductor,Amm2,38,18
LiSbTe_id705_Final_E-3.67.cif,LiSbTe_id705_E-3.56.cif,LiSbTe,-3.6711,0.003,Metal,Ibca,73,24
KZn2InS4_id4648_Final_E-3.67.cif,KZn2InS4_id4648_E-3.32.cif,KZn2InS4,-3.6661,1.976,Semiconductor,I-42d,122,32
SrLiMg7AlSiTePS3O_id4565_Final_E-3.67.cif,SrLiMg7AlSiTePS3O_id4565_E-2.68.cif,SrLiMg7AlSiTePS3O,-3.6654,1.495,Semiconductor,P2_1,4,34
SbSe20_id2199_Final_E-3.66.cif,SbSe20_id2199_E-3.32.cif,SbSe20,-3.6597,0.0,Metal,P2_1,4,42
SrLi2PO_id1483_Final_E-3.66.cif,SrLi2PO_id1483_E-3.64.cif,SrLi2PO,-3.6579,0.84,Semiconductor,P4_2/mmc,131,10
Mg2SeS2_id4108_Final_E-3.65.cif,Mg2SeS2_id4108_E-3.65.cif,Mg2SeS2,-3.6541,2.256,Semiconductor,Pn-3m,224,10
KNaO_id4708_Final_E-3.65.cif,KNaO_id4708_E-3.17.cif,KNaO,-3.6531,1.361,Semiconductor,C2,5,12
KLiZnInGaSN_id4444_Final_E-3.65.cif,KLiZnInGaSN_id4444_E-3.03.cif,KLiZnInGaSN,-3.6528,0.0,Metal,P-1,2,14
Sn(Te2Se)2_id3160_Final_E-3.65.cif,Sn(Te2Se)2_id3160_E-3.63.cif,Sn(Te2Se)2,-3.6528,0.814,Semiconductor,I-42d,122,28
AlCd(GeTe2)2_id4994_Final_E-3.64.cif,AlCd(GeTe2)2_id4994_E-3.11.cif,AlCd(GeTe2)2,-3.6359,0.842,Semiconductor,P1,1,32
K2ZnSi2TeAs4_id1839_Final_E-3.64.cif,K2ZnSi2TeAs4_id1839_E-3.62.cif,K2ZnSi2TeAs4,-3.6353,0.084,Semiconductor,I4_1/a,88,40
Sr4(CaS)3_id379_Final_E-3.63.cif,Sr4(CaS)3_id379_E-3.33.cif,Sr4(CaS)3,-3.6327,1.435,Semiconductor,I-43d,220,40
Be2Sb_id1658_Final_E-3.62.cif,Be2Sb_id1658_E-3.49.cif,Be2Sb,-3.6194,0.595,Semiconductor,Pbcn,60,12
Se2S_id1830_Final_E-3.61.cif,Se2S_id1830_E-3.40.cif,Se2S,-3.6106,1.347,Semiconductor,Pbcn,60,12
K6Li6PO6_id442_Final_E-3.60.cif,K6Li6PO6_id442_E-3.54.cif,K6Li6PO6,-3.6027,1.491,Semiconductor,Pm-3,200,19
TeSe3_id4537_Final_E-3.59.cif,TeSe3_id4537_E-3.46.cif,TeSe3,-3.587,0.0,Metal,Pc,7,16
Na2Mg3In7Te2(Se3S)2_id35_Final_E-3.58.cif,Na2Mg3In7Te2(Se3S)2_id35_E-2.87.cif,Na2Mg3In7Te2(Se3S)2,-3.582,0.0,Metal,C2,5,44
Ca4Al4O_id3976_Final_E-3.57.cif,Ca4Al4O_id3976_E-3.32.cif,Ca4Al4O,-3.5739,0.0,Metal,I4/m,87,18
CdTeSeS2_id3913_Final_E-3.57.cif,CdTeSeS2_id3913_E-3.34.cif,CdTeSeS2,-3.572,1.431,Semiconductor,P622,177,30
Be2ZnTe4_id3972_Final_E-3.57.cif,Be2ZnTe4_id3972_E-3.52.cif,Be2ZnTe4,-3.5707,1.604,Semiconductor,P-42m,111,7
K3Na2Li2O3_id4160_Final_E-3.57.cif,K3Na2Li2O3_id4160_E-2.86.cif,K3Na2Li2O3,-3.5682,2.848,Semiconductor,P1,1,40
NaTeSe3_id1530_Final_E-3.57.cif,NaTeSe3_id1530_E-3.00.cif,NaTeSe3,-3.5656,0.916,Semiconductor,Cc,9,20
Li2ZnSe4_id2608_Final_E-3.56.cif,Li2ZnSe4_id2608_E-3.16.cif,Li2ZnSe4,-3.5557,0.29,Semiconductor,Pnma,62,28
Cd3Ga4Sn(TeS)4_id3222_Final_E-3.56.cif,Cd3Ga4Sn(TeS)4_id3222_E-3.26.cif,Cd3Ga4Sn(TeS)4,-3.5552,0.522,Semiconductor,C2,5,32
KSnSbTe_id4966_Final_E-3.55.cif,KSnSbTe_id4966_E-3.43.cif,KSnSbTe,-3.5545,0.057,Semiconductor,Pcc2,27,16
K2ZnS5O2_id4400_Final_E-3.55.cif,K2ZnS5O2_id4400_E-3.08.cif,K2ZnS5O2,-3.5544,0.348,Semiconductor,Pc,7,20
KNaCaTe6_id2033_Final_E-3.55.cif,KNaCaTe6_id2033_E-3.46.cif,KNaCaTe6,-3.5494,0.0,Metal,P312,149,9
Se_id2574_Final_E-3.54.cif,Se_id2574_E-3.48.cif,Se,-3.5401,1.249,Semiconductor,C2,5,8
Se_id2999_Final_E-3.54.cif,Se_id2999_E-3.46.cif,Se,-3.5387,0.591,Semiconductor,Pbca,61,16
MgCdTeSe6_id3880_Final_E-3.54.cif,MgCdTeSe6_id3880_E-3.42.cif,MgCdTeSe6,-3.5357,0.411,Semiconductor,P-31c,163,18
Te4PSe_id3125_Final_E-3.53.cif,Te4PSe_id3125_E-2.81.cif,Te4PSe,-3.5344,0.682,Semiconductor,Pm,6,6
K6NaGaO6_id3276_Final_E-3.53.cif,K6NaGaO6_id3276_E-3.33.cif,K6NaGaO6,-3.5296,0.0,Metal,P-31c,163,28
KLi7B6Sb_id3352_Final_E-3.53.cif,KLi7B6Sb_id3352_E-3.39.cif,KLi7B6Sb,-3.5286,2.023,Semiconductor,P312,149,15
ZnGa2SiTe4_id4533_Final_E-3.53.cif,ZnGa2SiTe4_id4533_E-3.45.cif,ZnGa2SiTe4,-3.5284,0.982,Semiconductor,I-42m,121,16
Se_id3136_Final_E-3.52.cif,Se_id3136_E-3.31.cif,Se,-3.5237,0.0,Metal,Pba2,32,26
K2O_id1577_Final_E-3.52.cif,K2O_id1577_E-3.32.cif,K2O,-3.5179,1.065,Semiconductor,P-1,2,12
LiSn5_id4331_Final_E-3.52.cif,LiSn5_id4331_E-3.52.cif,LiSn5,-3.5173,0.071,Semiconductor,P4/mmm,123,6
Te4AsSe2_id2598_Final_E-3.52.cif,Te4AsSe2_id2598_E-3.38.cif,Te4AsSe2,-3.5172,0.761,Semiconductor,I-42d,122,28
GaTe_id3748_Final_E-3.52.cif,GaTe_id3748_E-3.47.cif,GaTe,-3.5156,0.0,Metal,Aea2,41,16
Li5(ZnN)2_id3147_Final_E-3.51.cif,Li5(ZnN)2_id3147_E-3.05.cif,Li5(ZnN)2,-3.5144,0.722,Semiconductor,Pbcn,60,36
Zn2InSe4_id1628_Final_E-3.51.cif,Zn2InSe4_id1628_E-3.44.cif,Zn2InSe4,-3.5107,1.254,Semiconductor,P-42m,111,7
As_id608_Final_E-3.51.cif,As_id608_E-3.51.cif,As,-3.5095,1.928,Semiconductor,I4/mmm,139,4
Li7Mg2Cd(TeSe3)2_id4799_Final_E-3.51.cif,Li7Mg2Cd(TeSe3)2_id4799_E-2.68.cif,Li7Mg2Cd(TeSe3)2,-3.5065,0.694,Semiconductor,P2_1,4,36
Li2Ti_id2725_Final_E-3.50.cif,Li2Ti_id2725_E-2.47.cif,Li2Ti,-3.4956,0.956,Semiconductor,P-1,2,24
NaAl4Zn2(GaTe4)2_id2741_Final_E-3.49.cif,NaAl4Zn2(GaTe4)2_id2741_E-3.07.cif,NaAl4Zn2(GaTe4)2,-3.4908,1.272,Semiconductor,P1,1,34
InGaSe_id542_Final_E-3.48.cif,InGaSe_id542_E-2.98.cif,InGaSe,-3.4848,0.01,Metal,Pbca,61,24
Li2Zn2Sn3S2_id4058_Final_E-3.48.cif,Li2Zn2Sn3S2_id4058_E-3.31.cif,Li2Zn2Sn3S2,-3.4835,0.0,Metal,C222,21,18
K2Ba3O3_id3849_Final_E-3.48.cif,K2Ba3O3_id3849_E-3.48.cif,K2Ba3O3,-3.4799,0.261,Semiconductor,Pn-3m,224,16
ZnN_id4087_Final_E-3.48.cif,ZnN_id4087_E-3.47.cif,ZnN,-3.4768,0.053,Semiconductor,P6_222,180,12
Li2GaTe4_id2079_Final_E-3.48.cif,Li2GaTe4_id2079_E-3.17.cif,Li2GaTe4,-3.4764,0.074,Semiconductor,P2_1/c,14,28
K4MgP4_id4930_Final_E-3.47.cif,K4MgP4_id4930_E-2.41.cif,K4MgP4,-3.4703,1.447,Semiconductor,P-1,2,36
K4Sb3(Te3Se2)2_id637_Final_E-3.46.cif,K4Sb3(Te3Se2)2_id637_E-1.85.cif,K4Sb3(Te3Se2)2,-3.4631,0.0,Metal,P1,1,34
Al9InGaTe3_id4492_Final_E-3.46.cif,Al9InGaTe3_id4492_E-2.38.cif,Al9InGaTe3,-3.4616,0.0,Metal,P2_12_12,18,56
Na(TeSe)2_id841_Final_E-3.46.cif,Na(TeSe)2_id841_E-3.27.cif,Na(TeSe)2,-3.4614,1.345,Semiconductor,Cc,9,20
BSe12_id3732_Final_E-3.45.cif,BSe12_id3732_E-3.38.cif,BSe12,-3.4497,0.703,Semiconductor,I432,211,26
KIn2GaTe8_id1382_Final_E-3.45.cif,KIn2GaTe8_id1382_E-3.06.cif,KIn2GaTe8,-3.4477,0.019,Metal,I222,23,24
K4Li8Cd4In4GeAs(SeO)4_id3288_Final_E-3.45.cif,K4Li8Cd4In4GeAs(SeO)4_id3288_E-2.26.cif,K4Li8Cd4In4GeAs(SeO)4,-3.4463,0.018,Metal,P1,1,30
Li2S_id3912_Final_E-3.44.cif,Li2S_id3912_E-3.02.cif,Li2S,-3.4367,3.094,Semiconductor,P1,1,18
Li5Mg2GeO12_id177_Final_E-3.43.cif,Li5Mg2GeO12_id177_E-1.46.cif,Li5Mg2GeO12,-3.4295,0.336,Semiconductor,I-42m,121,40
LiAs_id3899_Final_E-3.43.cif,LiAs_id3899_E-3.38.cif,LiAs,-3.429,0.801,Semiconductor,P4_222,93,16
Li5(GaTe2)2_id2373_Final_E-3.43.cif,Li5(GaTe2)2_id2373_E-2.77.cif,Li5(GaTe2)2,-3.429,0.99,Semiconductor,P-42m,111,11
Li2Zn2Ga3Se4_id4323_Final_E-3.41.cif,Li2Zn2Ga3Se4_id4323_E-2.72.cif,Li2Zn2Ga3Se4,-3.4138,0.0,Metal,P1,1,11
Li3Te2_id1416_Final_E-3.41.cif,Li3Te2_id1416_E-2.91.cif,Li3Te2,-3.4098,0.194,Semiconductor,P1,1,10
K2Ba2Na2Sr2GaAs2Se3_id3686_Final_E-3.41.cif,K2Ba2Na2Sr2GaAs2Se3_id3686_E-2.24.cif,K2Ba2Na2Sr2GaAs2Se3,-3.4079,1.123,Semiconductor,P2_1/c,14,28
Ga2Sb_id417_Final_E-3.41.cif,Ga2Sb_id417_E-3.33.cif,Ga2Sb,-3.4075,0.0,Metal,P4_2/nmc,137,12
ZnSb(TeSe)2_id2324_Final_E-3.40.cif,ZnSb(TeSe)2_id2324_E-2.76.cif,ZnSb(TeSe)2,-3.4048,0.0,Metal,P3_221,154,18
BaLi2CaSi2_id4267_Final_E-3.40.cif,BaLi2CaSi2_id4267_E-3.33.cif,BaLi2CaSi2,-3.4019,0.0,Metal,P-3m1,164,6
BeZn2(GeTe2)2_id1287_Final_E-3.40.cif,BeZn2(GeTe2)2_id1287_E-2.98.cif,BeZn2(GeTe2)2,-3.3984,0.736,Semiconductor,P222,16,9
K2BaLi2InO2_id2750_Final_E-3.40.cif,K2BaLi2InO2_id2750_E-3.35.cif,K2BaLi2InO2,-3.3982,0.523,Semiconductor,P-3m1,164,8
Be2GaTe2_id2714_Final_E-3.40.cif,Be2GaTe2_id2714_E-3.27.cif,Be2GaTe2,-3.3954,1.514,Semiconductor,C2/c,15,20
KIn2(GaTe2)2_id1514_Final_E-3.39.cif,KIn2(GaTe2)2_id1514_E-2.67.cif,KIn2(GaTe2)2,-3.3901,0.003,Metal,P1,1,18
KLiInTe4_id3970_Final_E-3.38.cif,KLiInTe4_id3970_E-3.14.cif,KLiInTe4,-3.3804,0.268,Semiconductor,I222,23,14
K2Te7_id1025_Final_E-3.38.cif,K2Te7_id1025_E-3.08.cif,K2Te7,-3.3762,0.118,Semiconductor,C2/c,15,36
Ba7P3_id3883_Final_E-3.37.cif,Ba7P3_id3883_E-2.74.cif,Ba7P3,-3.3719,0.0,Metal,R-3,148,60
Zn4Si(SO)2_id882_Final_E-3.36.cif,Zn4Si(SO)2_id882_E-2.80.cif,Zn4Si(SO)2,-3.3567,1.61,Semiconductor,Ccc2,37,18
KCd4Ga(SnO2)2_id402_Final_E-3.35.cif,KCd4Ga(SnO2)2_id402_E-3.11.cif,KCd4Ga(SnO2)2,-3.3533,0.401,Semiconductor,P2,3,24
LiTe2_id3988_Final_E-3.35.cif,LiTe2_id3988_E-3.11.cif,LiTe2,-3.3512,0.177,Semiconductor,P4/m,83,12
BSe12_id1192_Final_E-3.35.cif,BSe12_id1192_E-3.26.cif,BSe12,-3.3495,0.01,Metal,I432,211,26
Mg7N2_id202_Final_E-3.34.cif,Mg7N2_id202_E-2.84.cif,Mg7N2,-3.3404,0.0,Metal,Pcc2,27,18
Li2SnSb_id4556_Final_E-3.33.cif,Li2SnSb_id4556_E-2.93.cif,Li2SnSb,-3.3323,0.0,Metal,P-1,2,16
ZnSe2_id1470_Final_E-3.33.cif,ZnSe2_id1470_E-3.26.cif,ZnSe2,-3.3285,1.115,Semiconductor,Pccn,56,12
LiSi_id2611_Final_E-3.31.cif,LiSi_id2611_E-3.06.cif,LiSi,-3.3123,0.0,Metal,C2/c,15,32
NaSbTe_id889_Final_E-3.31.cif,NaSbTe_id889_E-2.79.cif,NaSbTe,-3.3086,0.187,Semiconductor,P3_221,154,18
MgTe4_id2378_Final_E-3.31.cif,MgTe4_id2378_E-3.29.cif,MgTe4,-3.3086,1.214,Semiconductor,Pccm,49,10
In2(SeS)3_id4638_Final_E-3.31.cif,In2(SeS)3_id4638_E-3.31.cif,In2(SeS)3,-3.3073,1.651,Semiconductor,P6/mmm,191,16
Na2Li2Zn2Ga2Ge2Sb2AsSe2_id237_Final_E-3.30.cif,Na2Li2Zn2Ga2Ge2Sb2AsSe2_id237_E-3.12.cif,Na2Li2Zn2Ga2Ge2Sb2AsSe2,-3.3042,0.0,Metal,Cc,9,60
LiGaTe_id4398_Final_E-3.30.cif,LiGaTe_id4398_E-3.30.cif,LiGaTe,-3.296,0.987,Semiconductor,P6_3/mmc,194,6
KInTe2_id2317_Final_E-3.29.cif,KInTe2_id2317_E-2.80.cif,KInTe2,-3.2926,0.02,Metal,Pcc2,27,32
Li2Ga4B_id3991_Final_E-3.29.cif,Li2Ga4B_id3991_E-2.12.cif,Li2Ga4B,-3.2868,0.0,Metal,P1,1,21
GeTeAsSeS4_id4021_Final_E-3.29.cif,GeTeAsSeS4_id4021_E-3.28.cif,GeTeAsSeS4,-3.2854,0.108,Semiconductor,I-4m2,119,16
LiZnGeP_id2314_Final_E-3.28.cif,LiZnGeP_id2314_E-2.10.cif,LiZnGeP,-3.2848,0.0,Metal,P1,1,24
Li3ZnAsP2_id1075_Final_E-3.28.cif,Li3ZnAsP2_id1075_E-3.28.cif,Li3ZnAsP2,-3.2829,0.162,Semiconductor,Pccm,49,14
BaLi6TeO_id4100_Final_E-3.26.cif,BaLi6TeO_id4100_E-2.80.cif,BaLi6TeO,-3.2625,0.0,Metal,P1,1,9
CdS_id1113_Final_E-3.26.cif,CdS_id1113_E-3.15.cif,CdS,-3.2606,0.258,Semiconductor,P4_2/ncm,138,8
Li8Te4As_id3389_Final_E-3.26.cif,Li8Te4As_id3389_E-2.66.cif,Li8Te4As,-3.2557,0.114,Semiconductor,Ccc2,37,52
Mg2P_id2656_Final_E-3.25.cif,Mg2P_id2656_E-2.90.cif,Mg2P,-3.2539,1.47,Semiconductor,I4_1/acd,142,48
KNa6SnAs7_id987_Final_E-3.24.cif,KNa6SnAs7_id987_E-3.20.cif,KNa6SnAs7,-3.238,0.805,Semiconductor,P312,149,15
Ca2Sn_id699_Final_E-3.23.cif,Ca2Sn_id699_E-3.23.cif,Ca2Sn,-3.2271,0.072,Semiconductor,P4/mmm,123,12
LiAlCd2In4(TeSe)4_id504_Final_E-3.23.cif,LiAlCd2In4(TeSe)4_id504_E-2.96.cif,LiAlCd2In4(TeSe)4,-3.2254,0.0,Metal,P-42c,112,32
KNa2AlZn2AsS2_id3787_Final_E-3.22.cif,KNa2AlZn2AsS2_id3787_E-2.34.cif,KNa2AlZn2AsS2,-3.2249,1.391,Semiconductor,Cm,8,18
LiZn2GaO_id3521_Final_E-3.22.cif,LiZn2GaO_id3521_E-2.95.cif,LiZn2GaO,-3.2219,0.0,Metal,P1,1,40
K3CaScZn3O6_id3124_Final_E-3.22.cif,K3CaScZn3O6_id3124_E-1.52.cif,K3CaScZn3O6,-3.2217,0.0,Metal,P6_3cm,185,56
LiZnS_id668_Final_E-3.22.cif,LiZnS_id668_E-3.22.cif,LiZnS,-3.2205,2.173,Semiconductor,P4_2/ncm,138,12
K3(Se3S)2_id225_Final_E-3.22.cif,K3(Se3S)2_id225_E-3.19.cif,K3(Se3S)2,-3.2183,1.463,Semiconductor,P6/mmm,191,11
Al3CdTe3_id592_Final_E-3.21.cif,Al3CdTe3_id592_E-3.21.cif,Al3CdTe3,-3.2097,1.182,Semiconductor,Pm-3n,223,14
In3Ga2O_id2184_Final_E-3.21.cif,In3Ga2O_id2184_E-3.21.cif,In3Ga2O,-3.2055,0.215,Semiconductor,Pn-3m,224,12
O2_id4174_Final_E-3.20.cif,O2_id4174_E-3.06.cif,O2,-3.1989,0.448,Semiconductor,Pm-3n,223,24
K2GeAs_id3016_Final_E-3.19.cif,K2GeAs_id3016_E-2.70.cif,K2GeAs,-3.187,1.076,Semiconductor,P1,1,16
ZnGaS_id1965_Final_E-3.18.cif,ZnGaS_id1965_E-2.62.cif,ZnGaS,-3.1849,0.017,Metal,P6_522,179,18
Te_id1835_Final_E-3.18.cif,Te_id1835_E-3.16.cif,Te,-3.1829,0.759,Semiconductor,Pbca,61,8
Te_id4765_Final_E-3.16.cif,Te_id4765_E-3.16.cif,Te,-3.1603,1.268,Semiconductor,P4/m,83,8
Ba3Sb_id2727_Final_E-3.16.cif,Ba3Sb_id2727_E-2.99.cif,Ba3Sb,-3.1595,0.0,Metal,R-3,148,24
Li2CaZnTe2_id2229_Final_E-3.15.cif,Li2CaZnTe2_id2229_E-2.89.cif,Li2CaZnTe2,-3.1478,0.977,Semiconductor,P-3m1,164,6
Te_id4413_Final_E-3.15.cif,Te_id4413_E-3.03.cif,Te,-3.1477,0.027,Metal,P2_12_12_1,19,12
Te_id3219_Final_E-3.14.cif,Te_id3219_E-3.13.cif,Te,-3.1448,0.119,Semiconductor,Pccn,56,12
Te_id3937_Final_E-3.14.cif,Te_id3937_E-3.08.cif,Te,-3.1447,0.069,Semiconductor,P2_12_12_1,19,32
Te_id2358_Final_E-3.14.cif,Te_id2358_E-3.13.cif,Te,-3.1436,0.478,Semiconductor,P6/mmm,191,18
K4Ba3Na4Sr2ZnO4_id2349_Final_E-3.14.cif,K4Ba3Na4Sr2ZnO4_id2349_E-2.74.cif,K4Ba3Na4Sr2ZnO4,-3.1408,0.103,Semiconductor,P2_1/c,14,36
Li(InTe)3_id3997_Final_E-3.14.cif,Li(InTe)3_id3997_E-3.14.cif,Li(InTe)3,-3.1381,0.063,Semiconductor,Pm-3n,223,14
Te_id4581_Final_E-3.13.cif,Te_id4581_E-3.03.cif,Te,-3.1338,0.035,Metal,P3_2,145,6
Te_id3843_Final_E-3.13.cif,Te_id3843_E-2.83.cif,Te,-3.1289,0.021,Metal,Pba2,32,14
K4Na6Si2SbS4_id704_Final_E-3.13.cif,K4Na6Si2SbS4_id704_E-2.71.cif,K4Na6Si2SbS4,-3.1283,2.881,Semiconductor,I222,23,34
SeS9_id4257_Final_E-3.11.cif,SeS9_id4257_E-2.99.cif,SeS9,-3.1146,0.437,Semiconductor,Pm-3m,221,10
Na3Mg3SbTe4_id531_Final_E-3.11.cif,Na3Mg3SbTe4_id531_E-3.11.cif,Na3Mg3SbTe4,-3.1131,1.824,Semiconductor,P-43m,215,11
Na6Sn2Ge2AsSe_id1292_Final_E-3.11.cif,Na6Sn2Ge2AsSe_id1292_E-2.48.cif,Na6Sn2Ge2AsSe,-3.1077,0.675,Semiconductor,P1,1,12
Li6CdTe4_id4004_Final_E-3.09.cif,Li6CdTe4_id4004_E-3.09.cif,Li6CdTe4,-3.0929,0.062,Semiconductor,Im-3m,229,22
KNa2O_id2217_Final_E-3.07.cif,KNa2O_id2217_E-2.92.cif,KNa2O,-3.0735,1.372,Semiconductor,P-4m2,115,16
AlZn2GaAs2_id656_Final_E-3.07.cif,AlZn2GaAs2_id656_E-3.01.cif,AlZn2GaAs2,-3.0684,0.129,Semiconductor,Ama2,40,12
K5(LiTe2)2_id3477_Final_E-3.06.cif,K5(LiTe2)2_id3477_E-2.61.cif,K5(LiTe2)2,-3.0594,1.728,Semiconductor,I222,23,22
K3GaO_id861_Final_E-3.06.cif,K3GaO_id861_E-2.86.cif,K3GaO,-3.056,0.3,Semiconductor,Cc,9,20
Mg(ZnTe2)2_id4778_Final_E-3.05.cif,Mg(ZnTe2)2_id4778_E-3.01.cif,Mg(ZnTe2)2,-3.0472,1.262,Semiconductor,P-42m,111,7
KLi2SiSbAs_id4557_Final_E-3.04.cif,KLi2SiSbAs_id4557_E-3.04.cif,KLi2SiSbAs,-3.0442,0.913,Semiconductor,P-4n2,118,12
Zn(Ga2Te)2_id3564_Final_E-3.04.cif,Zn(Ga2Te)2_id3564_E-2.25.cif,Zn(Ga2Te)2,-3.0442,0.0,Metal,P3_221,154,21
KBaNaSb2_id844_Final_E-3.04.cif,KBaNaSb2_id844_E-2.62.cif,KBaNaSb2,-3.0411,0.485,Semiconductor,Pcc2,27,20
Cd4SbTe8Se_id3113_Final_E-3.02.cif,Cd4SbTe8Se_id3113_E-2.61.cif,Cd4SbTe8Se,-3.0208,0.0,Metal,P1,1,28
CdSiTe2_id4106_Final_E-3.01.cif,CdSiTe2_id4106_E-2.95.cif,CdSiTe2,-3.012,0.679,Semiconductor,I4_122,98,16
Na2MgInSnGe2_id3075_Final_E-3.00.cif,Na2MgInSnGe2_id3075_E-2.30.cif,Na2MgInSnGe2,-2.9995,0.0,Metal,C2,5,7
MgAl2ZnTe8_id2843_Final_E-2.98.cif,MgAl2ZnTe8_id2843_E-2.89.cif,MgAl2ZnTe8,-2.9825,0.0,Metal,P-42c,112,24
Mg2B_id2164_Final_E-2.97.cif,Mg2B_id2164_E-2.12.cif,Mg2B,-2.9668,0.019,Metal,Pcc2,27,24
Na3As2_id2519_Final_E-2.96.cif,Na3As2_id2519_E-2.78.cif,Na3As2,-2.9615,0.794,Semiconductor,C2/c,15,20
ZnTe2_id1768_Final_E-2.95.cif,ZnTe2_id1768_E-2.72.cif,ZnTe2,-2.9525,0.083,Semiconductor,P3_221,154,9
Na5Li2Cd2(TeS)2_id1205_Final_E-2.94.cif,Na5Li2Cd2(TeS)2_id1205_E-2.45.cif,Na5Li2Cd2(TeS)2,-2.9412,1.48,Semiconductor,P4_22_12,94,52
CaCdSbTe_id600_Final_E-2.94.cif,CaCdSbTe_id600_E-2.80.cif,CaCdSbTe,-2.9404,0.935,Semiconductor,P4_122,91,16
LiZn2Cd4Ga(SeS)4_id850_Final_E-2.93.cif,LiZn2Cd4Ga(SeS)4_id850_E-2.70.cif,LiZn2Cd4Ga(SeS)4,-2.9269,0.0,Metal,P1,1,32
K2BO_id3426_Final_E-2.92.cif,K2BO_id3426_E-2.90.cif,K2BO,-2.9244,1.125,Semiconductor,P6_422,181,12
Li(MgSb)3_id3360_Final_E-2.92.cif,Li(MgSb)3_id3360_E-2.92.cif,Li(MgSb)3,-2.9224,1.109,Semiconductor,Pm-3n,223,14
Na4SbO2_id4213_Final_E-2.92.cif,Na4SbO2_id4213_E-2.88.cif,Na4SbO2,-2.9194,1.963,Semiconductor,P4,75,7
K2Na2Si3_id4169_Final_E-2.92.cif,K2Na2Si3_id4169_E-2.88.cif,K2Na2Si3,-2.9177,1.019,Semiconductor,Cccm,66,28
K3SrTe6_id3216_Final_E-2.91.cif,K3SrTe6_id3216_E-2.91.cif,K3SrTe6,-2.9069,1.323,Semiconductor,Fm-3m,225,40
Cd4InO2_id2374_Final_E-2.90.cif,Cd4InO2_id2374_E-2.73.cif,Cd4InO2,-2.9033,0.0,Metal,P4_2/mnm,136,14
KNa2Cd2Te4As_id4811_Final_E-2.90.cif,KNa2Cd2Te4As_id4811_E-2.77.cif,KNa2Cd2Te4As,-2.9023,0.031,Metal,I222,23,20
KNaS_id238_Final_E-2.90.cif,KNaS_id238_E-2.88.cif,KNaS,-2.8962,2.198,Semiconductor,C222,21,12
Na3Li10Ca2SnGeTe4(SO)4_id4094_Final_E-2.88.cif,Na3Li10Ca2SnGeTe4(SO)4_id4094_E-0.32.cif,Na3Li10Ca2SnGeTe4(SO)4,-2.8839,1.261,Semiconductor,P-4,81,29
CdTe2_id1280_Final_E-2.87.cif,CdTe2_id1280_E-2.59.cif,CdTe2,-2.8686,0.1,Semiconductor,Pca2_1,29,12
KBa2NaSn3Sb_id4843_Final_E-2.85.cif,KBa2NaSn3Sb_id4843_E-2.80.cif,KBa2NaSn3Sb,-2.851,0.41,Semiconductor,P3,143,8
LiMg2As_id105_Final_E-2.84.cif,LiMg2As_id105_E-2.41.cif,LiMg2As,-2.8432,1.409,Semiconductor,P3_121,152,12
ZnTe_id1747_Final_E-2.84.cif,ZnTe_id1747_E-2.44.cif,ZnTe,-2.8378,0.803,Semiconductor,Pca2_1,29,8
K4TeSe2_id3019_Final_E-2.84.cif,K4TeSe2_id3019_E-2.65.cif,K4TeSe2,-2.8362,0.873,Semiconductor,P-42_1m,113,14
Li4Ca4MgCd2O4_id3330_Final_E-2.83.cif,Li4Ca4MgCd2O4_id3330_E-1.33.cif,Li4Ca4MgCd2O4,-2.8261,0.048,Metal,P4_2/n,86,30
BaLi2ZnSi2_id3061_Final_E-2.82.cif,BaLi2ZnSi2_id3061_E-2.82.cif,BaLi2ZnSi2,-2.8168,0.587,Semiconductor,P4/mmm,123,24
LiTe_id106_Final_E-2.80.cif,LiTe_id106_E-2.80.cif,LiTe,-2.7988,0.426,Semiconductor,I4_132,214,16
Li14AlCd4GeAs4_id3931_Final_E-2.77.cif,Li14AlCd4GeAs4_id3931_E-2.20.cif,Li14AlCd4GeAs4,-2.7698,0.213,Semiconductor,C2,5,48
Ba2SrLi4Ga4Ge_id2422_Final_E-2.75.cif,Ba2SrLi4Ga4Ge_id2422_E-2.47.cif,Ba2SrLi4Ga4Ge,-2.7528,0.0,Metal,C222,21,24
Zn3GaSi2_id937_Final_E-2.75.cif,Zn3GaSi2_id937_E-2.45.cif,Zn3GaSi2,-2.7503,0.0,Metal,I4_1,80,24
K4NaAs4_id3548_Final_E-2.74.cif,K4NaAs4_id3548_E-2.21.cif,K4NaAs4,-2.7449,0.053,Semiconductor,P3,143,9
Na2GaSb_id4924_Final_E-2.74.cif,Na2GaSb_id4924_E-2.19.cif,Na2GaSb,-2.7384,0.0,Metal,P4_32_12,96,16
K6NaLiAlCd3In9Ga3SnTe(AsSe)3_id3326_Final_E-2.73.cif,K6NaLiAlCd3In9Ga3SnTe(AsSe)3_id3326_E-1.49.cif,K6NaLiAlCd3In9Ga3SnTe(AsSe)3,-2.7311,0.006,Metal,P1,1,32
K2Ba2ZnO_id2480_Final_E-2.73.cif,K2Ba2ZnO_id2480_E-2.35.cif,K2Ba2ZnO,-2.7269,0.0,Metal,P1,1,24
Li2ZnSb_id2100_Final_E-2.72.cif,Li2ZnSb_id2100_E-2.35.cif,Li2ZnSb,-2.7216,0.161,Semiconductor,Cc,9,32
KNa6Li7(GaO2)3_id3466_Final_E-2.72.cif,KNa6Li7(GaO2)3_id3466_E-2.47.cif,KNa6Li7(GaO2)3,-2.7212,0.528,Semiconductor,P-31c,163,46
Ge2TeAsSe2_id860_Final_E-2.69.cif,Ge2TeAsSe2_id860_E-2.69.cif,Ge2TeAsSe2,-2.6925,0.743,Semiconductor,P4/mmm,123,6
K(ZnTe)2_id1444_Final_E-2.68.cif,K(ZnTe)2_id1444_E-2.11.cif,K(ZnTe)2,-2.6782,0.819,Semiconductor,P1,1,20
KNa2Ge2As_id4807_Final_E-2.67.cif,KNa2Ge2As_id4807_E-2.67.cif,KNa2Ge2As,-2.6693,0.384,Semiconductor,P-4n2,118,12
K2P_id1175_Final_E-2.66.cif,K2P_id1175_E-2.63.cif,K2P,-2.6617,0.092,Semiconductor,Pa-3,205,12
Na2As_id4993_Final_E-2.66.cif,Na2As_id4993_E-2.63.cif,Na2As,-2.6569,0.128,Semiconductor,Pa-3,205,12
Al3Te_id4961_Final_E-2.66.cif,Al3Te_id4961_E-2.46.cif,Al3Te,-2.6556,0.0,Metal,Cc,9,8
Na4LiO_id3211_Final_E-2.64.cif,Na4LiO_id3211_E-2.39.cif,Na4LiO,-2.641,0.075,Semiconductor,C2/c,15,48
AlZn3Se2_id2809_Final_E-2.63.cif,AlZn3Se2_id2809_E-2.02.cif,AlZn3Se2,-2.6294,0.0,Metal,I4/mmm,139,12
TiSbTe10Se8S_id4382_Final_E-2.63.cif,TiSbTe10Se8S_id4382_E-1.29.cif,TiSbTe10Se8S,-2.6284,0.0,Metal,P2_1,4,42
Li3Ga2_id1517_Final_E-2.62.cif,Li3Ga2_id1517_E-2.45.cif,Li3Ga2,-2.6237,0.0,Metal,P2_1/c,14,20
K11GaPO2_id2428_Final_E-2.60.cif,K11GaPO2_id2428_E-1.58.cif,K11GaPO2,-2.5982,0.549,Semiconductor,P1,1,15
Na7Li2GeSe2_id2313_Final_E-2.59.cif,Na7Li2GeSe2_id2313_E-2.16.cif,Na7Li2GeSe2,-2.5905,0.952,Semiconductor,P2,3,24
K3Ba2LiO2_id1774_Final_E-2.58.cif,K3Ba2LiO2_id1774_E-2.57.cif,K3Ba2LiO2,-2.5787,0.0,Metal,P2/m,10,8
MgZnSe_id3492_Final_E-2.58.cif,MgZnSe_id3492_E-2.51.cif,MgZnSe,-2.5787,1.683,Semiconductor,Aea2,41,24
Na3CdSn4_id2997_Final_E-2.57.cif,Na3CdSn4_id2997_E-2.49.cif,Na3CdSn4,-2.5712,0.0,Metal,P4/mmm,123,8
K4Na3GaSb3AsP3_id3850_Final_E-2.56.cif,K4Na3GaSb3AsP3_id3850_E-2.44.cif,K4Na3GaSb3AsP3,-2.5587,0.013,Metal,P3,143,15
K4NaZn3O3_id3342_Final_E-2.52.cif,K4NaZn3O3_id3342_E-2.52.cif,K4NaZn3O3,-2.5175,1.065,Semiconductor,Pm-3n,223,22
ZnCdS2O_id2227_Final_E-2.50.cif,ZnCdS2O_id2227_E-2.50.cif,ZnCdS2O,-2.5045,0.0,Metal,P4mm,99,5
KSn_id4591_Final_E-2.50.cif,KSn_id4591_E-2.50.cif,KSn,-2.502,0.446,Semiconductor,P3m1,156,4
Na6SbAs_id1152_Final_E-2.49.cif,Na6SbAs_id1152_E-2.21.cif,Na6SbAs,-2.4917,0.346,Semiconductor,R-3,148,24
KZn2In2P_id3320_Final_E-2.49.cif,KZn2In2P_id3320_E-1.36.cif,KZn2In2P,-2.4914,0.0,Metal,P2_12_12_1,19,24
Li(MgSn)2_id4440_Final_E-2.49.cif,Li(MgSn)2_id4440_E-1.76.cif,Li(MgSn)2,-2.4872,0.0,Metal,C2,5,15
KZn7O3_id609_Final_E-2.48.cif,KZn7O3_id609_E-2.48.cif,KZn7O3,-2.4787,0.355,Semiconductor,Pm-3n,223,22
Na3Te_id2259_Final_E-2.47.cif,Na3Te_id2259_E-2.41.cif,Na3Te,-2.4679,0.0,Metal,R-3,148,24
Ba3Se4_id3416_Final_E-2.46.cif,Ba3Se4_id3416_E-2.46.cif,Ba3Se4,-2.4604,0.0,Metal,P6_3/m,176,14
Cd2In3O_id116_Final_E-2.45.cif,Cd2In3O_id116_E-2.45.cif,Cd2In3O,-2.445,0.225,Semiconductor,Pn-3m,224,12
KCdSb_id3054_Final_E-2.44.cif,KCdSb_id3054_E-2.44.cif,KCdSb,-2.4438,0.281,Semiconductor,Pmmm,47,6
Li3Cd7O2_id1077_Final_E-2.44.cif,Li3Cd7O2_id1077_E-2.20.cif,Li3Cd7O2,-2.4417,0.15,Semiconductor,C2,5,24
KLiGe_id968_Final_E-2.44.cif,KLiGe_id968_E-2.00.cif,KLiGe,-2.4396,0.52,Semiconductor,P6_1,169,18
BeAlZnGa_id1882_Final_E-2.44.cif,BeAlZnGa_id1882_E-2.24.cif,BeAlZnGa,-2.4375,0.0,Metal,P6_222,180,24
K9CaIn6GaSbSe6_id773_Final_E-2.43.cif,K9CaIn6GaSbSe6_id773_E-2.39.cif,K9CaIn6GaSbSe6,-2.4326,0.665,Semiconductor,P-31c,163,48
Ca3(MgIn3)2_id3414_Final_E-2.43.cif,Ca3(MgIn3)2_id3414_E-2.04.cif,Ca3(MgIn3)2,-2.4279,0.0,Metal,Cmce,64,44
NaMgIn6_id1603_Final_E-2.43.cif,NaMgIn6_id1603_E-2.20.cif,NaMgIn6,-2.4254,0.261,Semiconductor,P-31c,163,16
K3Na4In7Ga9_id2803_Final_E-2.42.cif,K3Na4In7Ga9_id2803_E-1.57.cif,K3Na4In7Ga9,-2.4176,0.319,Semiconductor,P1,1,23
Te_id3575_Final_E-2.41.cif,Te_id3575_E-2.41.cif,Te,-2.405,0.583,Semiconductor,P6_3/m,176,8
Na(Li2Ga)6_id3829_Final_E-2.40.cif,Na(Li2Ga)6_id3829_E-2.31.cif,Na(Li2Ga)6,-2.3958,0.0,Metal,Im-3,204,38
BaNaZnSn_id3215_Final_E-2.39.cif,BaNaZnSn_id3215_E-2.33.cif,BaNaZnSn,-2.3938,0.0,Metal,P4/nmm,129,8
K2Ba2NaSr(CdAs)2_id138_Final_E-2.39.cif,K2Ba2NaSr(CdAs)2_id138_E-2.06.cif,K2Ba2NaSr(CdAs)2,-2.3893,0.156,Semiconductor,Pm,6,10
Li2Si2Ge2As_id2730_Final_E-2.38.cif,Li2Si2Ge2As_id2730_E-2.38.cif,Li2Si2Ge2As,-2.3803,1.065,Semiconductor,P-4n2,118,14
SbAs13Se(SO3)2_id3817_Final_E-2.37.cif,SbAs13Se(SO3)2_id3817_E-1.67.cif,SbAs13Se(SO3)2,-2.3696,0.534,Semiconductor,P2,3,23
Ba2NaSrIn2_id3380_Final_E-2.36.cif,Ba2NaSrIn2_id3380_E-2.26.cif,Ba2NaSrIn2,-2.3638,0.0,Metal,P-1,2,6
NaIn2_id1948_Final_E-2.36.cif,NaIn2_id1948_E-2.35.cif,NaIn2,-2.3619,0.198,Semiconductor,Pmma,51,6
AlZn11S4_id3063_Final_E-2.35.cif,AlZn11S4_id3063_E-1.96.cif,AlZn11S4,-2.35,0.111,Semiconductor,P-42c,112,32
K2Ga3_id4951_Final_E-2.30.cif,K2Ga3_id4951_E-1.38.cif,K2Ga3,-2.2993,0.742,Semiconductor,P2/c,13,40
K2NaAs_id1631_Final_E-2.30.cif,K2NaAs_id1631_E-2.30.cif,K2NaAs,-2.2951,0.349,Semiconductor,Fm-3m,225,16
Ba3Ti6Sb2Te3As6(SO)3_id1389_Final_E-2.29.cif,Ba3Ti6Sb2Te3As6(SO)3_id1389_E-1.35.cif,Ba3Ti6Sb2Te3As6(SO)3,-2.2869,0.0,Metal,P2,3,26
NaIn2_id1017_Final_E-2.25.cif,NaIn2_id1017_E-1.96.cif,NaIn2,-2.2518,0.015,Metal,Cmm2,35,24
K4NaIn4Ge_id4355_Final_E-2.24.cif,K4NaIn4Ge_id4355_E-2.09.cif,K4NaIn4Ge,-2.2444,0.369,Semiconductor,P4nc,104,20
Ba4Sr3(ZnP2)3_id96_Final_E-2.23.cif,Ba4Sr3(ZnP2)3_id96_E-2.23.cif,Ba4Sr3(ZnP2)3,-2.2319,2.116,Semiconductor,P31m,157,16
KZn(CdTe)2_id1055_Final_E-2.20.cif,KZn(CdTe)2_id1055_E-2.18.cif,KZn(CdTe)2,-2.1982,0.0,Metal,P4_2/mmc,131,12
K7PO_id4781_Final_E-2.19.cif,K7PO_id4781_E-2.16.cif,K7PO,-2.1913,0.114,Semiconductor,P6_322,182,18
Na5Cd2(InTe)2_id3285_Final_E-2.19.cif,Na5Cd2(InTe)2_id3285_E-1.92.cif,Na5Cd2(InTe)2,-2.1861,0.211,Semiconductor,P3_112,151,33
K2GaGe_id1478_Final_E-2.15.cif,K2GaGe_id1478_E-2.15.cif,K2GaGe,-2.1465,0.897,Semiconductor,Fm-3m,225,16
Li4Ga_id3144_Final_E-2.14.cif,Li4Ga_id3144_E-1.91.cif,Li4Ga,-2.1425,0.727,Semiconductor,Pn-3n,222,60
NaIn_id4762_Final_E-2.14.cif,NaIn_id4762_E-2.14.cif,NaIn,-2.1423,0.458,Semiconductor,Fd-3m,227,8
K11O2_id4538_Final_E-2.14.cif,K11O2_id4538_E-1.68.cif,K11O2,-2.1397,1.224,Semiconductor,P-1,2,13
K4Ba4Sr4LiMg4CdSn4_id1555_Final_E-2.13.cif,K4Ba4Sr4LiMg4CdSn4_id1555_E-1.22.cif,K4Ba4Sr4LiMg4CdSn4,-2.1298,0.061,Semiconductor,P1,1,44
KGa_id3918_Final_E-2.12.cif,KGa_id3918_E-1.81.cif,KGa,-2.1198,0.14,Semiconductor,Pcc2,27,8
K4Ba4P3_id47_Final_E-2.12.cif,K4Ba4P3_id47_E-1.98.cif,K4Ba4P3,-2.1154,0.932,Semiconductor,I-43d,220,44
Ba4Na4ZnSb_id4590_Final_E-2.09.cif,Ba4Na4ZnSb_id4590_E-2.02.cif,Ba4Na4ZnSb,-2.0872,0.155,Semiconductor,P4/mcc,124,20
KNa6ZnSbAs_id3819_Final_E-2.06.cif,KNa6ZnSbAs_id3819_E-2.06.cif,KNa6ZnSbAs,-2.0642,0.107,Semiconductor,P312,149,10
NaGa_id4720_Final_E-2.06.cif,NaGa_id4720_E-1.70.cif,NaGa,-2.0624,0.0,Metal,P4_122,91,8
KNa6LiGa6_id2894_Final_E-2.06.cif,KNa6LiGa6_id2894_E-0.91.cif,KNa6LiGa6,-2.056,0.0,Metal,P-1,2,28
Sr3Zn2O_id4065_Final_E-2.04.cif,Sr3Zn2O_id4065_E-2.04.cif,Sr3Zn2O,-2.0407,0.517,Semiconductor,Pn-3m,224,12
K8Ge2Sb_id3212_Final_E-2.04.cif,K8Ge2Sb_id3212_E-1.63.cif,K8Ge2Sb,-2.0375,1.166,Semiconductor,Cm,8,22
AlSi3SnTe5S4_id2646_Final_E-2.04.cif,AlSi3SnTe5S4_id2646_E-0.83.cif,AlSi3SnTe5S4,-2.037,1.493,Semiconductor,P2_12_12_1,19,56
Na6Ga2Ge_id1790_Final_E-2.03.cif,Na6Ga2Ge_id1790_E-1.35.cif,Na6Ga2Ge,-2.034,0.0,Metal,Cccm,66,36
CaMg4Te_id876_Final_E-2.03.cif,CaMg4Te_id876_E-1.92.cif,CaMg4Te,-2.0276,1.529,Semiconductor,C2/c,15,24
K6LiMgAl6(Te4O15)2_id2439_Final_E-2.00.cif,K6LiMgAl6(Te4O15)2_id2439_E-0.79.cif,K6LiMgAl6(Te4O15)2,-2.0038,0.053,Semiconductor,P1,1,52
K2Ge_id1951_Final_E-2.00.cif,K2Ge_id1951_E-1.99.cif,K2Ge,-1.9965,0.059,Semiconductor,Pa-3,205,12
Ca_id388_Final_E-1.96.cif,Ca_id388_E-0.34.cif,Ca,-1.957,0.0,Metal,Pm,6,16
Na7Mg3Cd2SnGeAs_id3034_Final_E-1.95.cif,Na7Mg3Cd2SnGeAs_id3034_E-1.75.cif,Na7Mg3Cd2SnGeAs,-1.9501,0.0,Metal,P2_12_12_1,19,60
Cd2Te_id1475_Final_E-1.94.cif,Cd2Te_id1475_E-1.89.cif,Cd2Te,-1.9394,0.0,Metal,P2_12_12_1,19,12
Na2Li2Te3_id4945_Final_E-1.91.cif,Na2Li2Te3_id4945_E-1.91.cif,Na2Li2Te3,-1.9117,0.052,Semiconductor,I4_132,214,28
Li5AlSn_id2084_Final_E-1.88.cif,Li5AlSn_id2084_E-1.59.cif,Li5AlSn,-1.8802,0.0,Metal,I4_1md,109,28
Na2CaSc2InGa_id2193_Final_E-1.84.cif,Na2CaSc2InGa_id2193_E-1.84.cif,Na2CaSc2InGa,-1.835,0.4,Semiconductor,P4/nmm,129,14
Li6Zn_id103_Final_E-1.83.cif,Li6Zn_id103_E-1.83.cif,Li6Zn,-1.8332,0.065,Semiconductor,Fm-3m,225,28
KZn4Si_id4983_Final_E-1.83.cif,KZn4Si_id4983_E-1.50.cif,KZn4Si,-1.8302,0.0,Metal,C2/c,15,24
K3LiGa3_id4630_Final_E-1.80.cif,K3LiGa3_id4630_E-1.52.cif,K3LiGa3,-1.7998,0.0,Metal,Pm-3,200,14
Cd(In3Sn)3_id491_Final_E-1.79.cif,Cd(In3Sn)3_id491_E-1.79.cif,Cd(In3Sn)3,-1.7921,0.043,Metal,P-6m2,187,13
K2(NaIn)3_id1675_Final_E-1.76.cif,K2(NaIn)3_id1675_E-1.64.cif,K2(NaIn)3,-1.7587,0.073,Semiconductor,P-3c1,165,32
K3Na2O_id1409_Final_E-1.73.cif,K3Na2O_id1409_E-1.66.cif,K3Na2O,-1.7331,0.009,Metal,C2,5,12
Na2In_id156_Final_E-1.68.cif,Na2In_id156_E-1.66.cif,Na2In,-1.6825,0.485,Semiconductor,P6mm,183,9
Ba_id80_Final_E-1.68.cif,Ba_id80_E-1.41.cif,Ba,-1.6755,0.0,Metal,P-4c2,116,16
K7ScAlSi_id2323_Final_E-1.66.cif,K7ScAlSi_id2323_E-1.60.cif,K7ScAlSi,-1.6609,0.37,Semiconductor,P312,149,10
K2In_id2058_Final_E-1.66.cif,K2In_id2058_E-1.55.cif,K2In,-1.6587,0.0,Metal,P-1,2,24
KCdGa_id2621_Final_E-1.66.cif,KCdGa_id2621_E-1.61.cif,KCdGa,-1.6564,0.386,Semiconductor,P4_2/mmc,131,12
Na4In3_id3984_Final_E-1.64.cif,Na4In3_id3984_E-1.63.cif,Na4In3,-1.6351,0.236,Semiconductor,P4/mmm,123,7
Ba_id2948_Final_E-1.63.cif,Ba_id2948_E-1.57.cif,Ba,-1.6345,0.0,Metal,P-6m2,187,5
K4Sn_id1240_Final_E-1.63.cif,K4Sn_id1240_E-1.62.cif,K4Sn,-1.634,0.231,Semiconductor,P6/mmm,191,20
KNa6LiGa2_id1275_Final_E-1.62.cif,KNa6LiGa2_id1275_E-1.19.cif,KNa6LiGa2,-1.6238,0.0,Metal,P321,150,10
K6BaNaIn3_id395_Final_E-1.62.cif,K6BaNaIn3_id395_E-1.31.cif,K6BaNaIn3,-1.6154,0.0,Metal,P-1,2,22
AlIn4O16_id3471_Final_E-1.59.cif,AlIn4O16_id3471_E-1.55.cif,AlIn4O16,-1.5905,0.0,Metal,P-43m,215,21
K3Sb_id4676_Final_E-1.57.cif,K3Sb_id4676_E-1.56.cif,K3Sb,-1.5667,1.189,Semiconductor,P4_132,213,16
K2ZnGa_id3772_Final_E-1.56.cif,K2ZnGa_id3772_E-1.12.cif,K2ZnGa,-1.5625,0.089,Semiconductor,P4_2/m,84,16
Ca4Si_id2684_Final_E-1.48.cif,Ca4Si_id2684_E-1.05.cif,Ca4Si,-1.4833,0.024,Metal,Ccce,68,20
BaNa6SrMgTi_id3237_Final_E-1.48.cif,BaNa6SrMgTi_id3237_E-1.28.cif,BaNa6SrMgTi,-1.4752,0.0,Metal,P312,149,10
K5(NaGa)2_id3509_Final_E-1.46.cif,K5(NaGa)2_id3509_E-0.94.cif,K5(NaGa)2,-1.4638,0.065,Semiconductor,Pcc2,27,36
BaSrGaGe2_id2755_Final_E-1.45.cif,BaSrGaGe2_id2755_E-1.25.cif,BaSrGaGe2,-1.4526,0.0,Metal,P3_221,154,15
NaMg2Cd4Ga_id2415_Final_E-1.41.cif,NaMg2Cd4Ga_id2415_E-1.30.cif,NaMg2Cd4Ga,-1.4052,0.0,Metal,C2/m,12,16
K5Sb_id1187_Final_E-1.39.cif,K5Sb_id1187_E-1.39.cif,K5Sb,-1.3858,0.022,Metal,P3m1,156,6
K2AlCd4_id881_Final_E-1.38.cif,K2AlCd4_id881_E-1.37.cif,K2AlCd4,-1.3817,0.089,Semiconductor,I4_1/a,88,28
K4Li3Mg(CdIn)2_id335_Final_E-1.37.cif,K4Li3Mg(CdIn)2_id335_E-1.36.cif,K4Li3Mg(CdIn)2,-1.3655,0.967,Semiconductor,P-42_1c,114,24
K4NaCd2In_id2240_Final_E-1.35.cif,K4NaCd2In_id2240_E-0.92.cif,K4NaCd2In,-1.3483,0.151,Semiconductor,Pbam,55,16
K2CdGa_id1461_Final_E-1.34.cif,K2CdGa_id1461_E-1.31.cif,K2CdGa,-1.3351,0.231,Semiconductor,P4/mmm,123,8
LiMg4Sb_id4718_Final_E-1.33.cif,LiMg4Sb_id4718_E-1.23.cif,LiMg4Sb,-1.3292,0.0,Metal,I4_1/amd,141,24
Na4SrZn2_id3175_Final_E-1.32.cif,Na4SrZn2_id3175_E-1.22.cif,Na4SrZn2,-1.3217,0.0,Metal,Pban,50,14
K5NaZnIn_id407_Final_E-1.30.cif,K5NaZnIn_id407_E-0.97.cif,K5NaZnIn,-1.2993,0.0,Metal,Pcc2,27,32
KNa6(CaCd3)2_id4307_Final_E-1.29.cif,KNa6(CaCd3)2_id4307_E-0.90.cif,KNa6(CaCd3)2,-1.2924,0.213,Semiconductor,P-3c1,165,30
Ba3NaZn_id1526_Final_E-1.23.cif,Ba3NaZn_id1526_E-1.23.cif,Ba3NaZn,-1.232,0.476,Semiconductor,Pm-3m,221,5
Na2SrCa4GaSiO_id2554_Final_E-1.23.cif,Na2SrCa4GaSiO_id2554_E-1.22.cif,Na2SrCa4GaSiO,-1.2311,1.117,Semiconductor,Pmm2,25,20
Na2MgCd3_id3459_Final_E-1.22.cif,Na2MgCd3_id3459_E-0.93.cif,Na2MgCd3,-1.2213,0.0,Metal,P2/m,10,12
NaZn_id3085_Final_E-1.21.cif,NaZn_id3085_E-1.20.cif,NaZn,-1.2101,0.023,Metal,I4_1/acd,142,32
BaSr2Ca15_id3720_Final_E-1.20.cif,BaSr2Ca15_id3720_E-0.07.cif,BaSr2Ca15,-1.203,0.0,Metal,P1,1,18
Na7Zn3_id1250_Final_E-1.20.cif,Na7Zn3_id1250_E-1.15.cif,Na7Zn3,-1.1981,0.0,Metal,I-43d,220,40
Na3Cd_id3887_Final_E-1.16.cif,Na3Cd_id3887_E-1.16.cif,Na3Cd,-1.1566,0.616,Semiconductor,Im-3m,229,8
KLiSiSn2Sb2TeP2Se5S6_id3688_Final_E-1.15.cif,KLiSiSn2Sb2TeP2Se5S6_id3688_E-0.09.cif,KLiSiSn2Sb2TeP2Se5S6,-1.1527,0.383,Semiconductor,P1,1,42
Mg6Cd_id1273_Final_E-1.15.cif,Mg6Cd_id1273_E-0.64.cif,Mg6Cd,-1.1501,0.082,Semiconductor,P4_2/nnm,134,14
Na4Zn3_id1269_Final_E-1.13.cif,Na4Zn3_id1269_E-1.10.cif,Na4Zn3,-1.1316,0.391,Semiconductor,I-43d,220,28
KZnCd_id1440_Final_E-1.12.cif,KZnCd_id1440_E-1.10.cif,KZnCd,-1.123,0.0,Metal,Cmcm,63,12
Na_id4146_Final_E-1.10.cif,Na_id4146_E-0.90.cif,Na,-1.1048,0.0,Metal,Im-3m,229,26
KCd4In_id557_Final_E-1.05.cif,KCd4In_id557_E-1.03.cif,KCd4In,-1.0529,0.031,Metal,P-4c2,116,12
Na_id222_Final_E-1.05.cif,Na_id222_E-1.05.cif,Na,-1.0522,0.196,Semiconductor,I4/mmm,139,10
KIn2GaSn6Se4(S2O3)2_id154_Final_E-1.05.cif,KIn2GaSn6Se4(S2O3)2_id154_E-0.65.cif,KIn2GaSn6Se4(S2O3)2,-1.0503,1.329,Semiconductor,P-1,2,24
NaSr2_id662_Final_E-1.02.cif,NaSr2_id662_E-0.84.cif,NaSr2,-1.0217,0.0,Metal,P-3c1,165,24
K2NaCd_id1570_Final_E-1.01.cif,K2NaCd_id1570_E-0.68.cif,K2NaCd,-1.0121,0.0,Metal,P-1,2,16
K5(SeS)4_id1659_Final_E-1.00.cif,K5(SeS)4_id1659_E-0.53.cif,K5(SeS)4,-1.0019,1.884,Semiconductor,P4_2/m,84,52
K5Zn2Cd3_id130_Final_E-1.00.cif,K5Zn2Cd3_id130_E-0.59.cif,K5Zn2Cd3,-0.9966,0.394,Semiconductor,P1,1,20
KCd2_id4203_Final_E-0.98.cif,KCd2_id4203_E-0.92.cif,KCd2,-0.9774,0.421,Semiconductor,P-4c2,116,18
K(NaCd2)2_id1907_Final_E-0.96.cif,K(NaCd2)2_id1907_E-0.91.cif,K(NaCd2)2,-0.9643,0.024,Metal,P4_22_12,94,28
KGa3SiSn_id83_Final_E-0.92.cif,KGa3SiSn_id83_E-0.92.cif,KGa3SiSn,-0.9204,0.177,Semiconductor,P-6m2,187,6
KCd_id2673_Final_E-0.92.cif,KCd_id2673_E-0.91.cif,KCd,-0.9152,0.239,Semiconductor,P4/mmm,123,8
LiZn2_id3185_Final_E-0.91.cif,LiZn2_id3185_E-0.91.cif,LiZn2,-0.9058,0.088,Semiconductor,Pn-3m,224,6
Ca4Mg11_id1832_Final_E-0.83.cif,Ca4Mg11_id1832_E-0.83.cif,Ca4Mg11,-0.8298,0.0,Metal,P-6m2,187,15
Ba2Na3Ca4_id4009_Final_E-0.80.cif,Ba2Na3Ca4_id4009_E-0.80.cif,Ba2Na3Ca4,-0.8024,0.756,Semiconductor,P6/mmm,191,9
K4Na_id3405_Final_E-0.78.cif,K4Na_id3405_E-0.78.cif,K4Na,-0.7802,0.271,Semiconductor,P-31m,162,15
K4BaNa4_id90_Final_E-0.74.cif,K4BaNa4_id90_E-0.65.cif,K4BaNa4,-0.7361,0.193,Semiconductor,P4_2/n,86,18
K3AlCd_id408_Final_E-0.64.cif,K3AlCd_id408_E-0.64.cif,K3AlCd,-0.6449,1.019,Semiconductor,P4_2mc,105,10
Li24Mg12ZnCd3_id4179_Final_E-0.64.cif,Li24Mg12ZnCd3_id4179_E-0.55.cif,Li24Mg12ZnCd3,-0.6365,0.0,Metal,Pm-3m,221,40
K3Zn2_id2883_Final_E-0.57.cif,K3Zn2_id2883_E-0.56.cif,K3Zn2,-0.5651,0.179,Semiconductor,I4/mcm,140,20
Na2Sr2Ca4Cd_id4865_Final_E-0.39.cif,Na2Sr2Ca4Cd_id4865_E-0.39.cif,Na2Sr2Ca4Cd,-0.3889,0.039,Metal,P422,89,18
