file_name,formula,energy,bandgap,Application_Class,Origin_Campaign,type,space_group_symbol,space_group_number,num_atoms
Ti3O7_id1090_Final_E-8.49.cif,Ti3O7,-8.4865,0.45,IR / Narrow-Gap,SOLAR,Semiconductor,P1,1,20
CaN30_id761_Final_E-8.25.cif,CaN30,-8.2541,0.929,IR / Narrow-Gap,SOLAR,Semiconductor,P3,143,93
Ti2C7_id2655_Final_E-8.24.cif,Ti2C7,-8.2416,1.719,Solar / Visible,SOLAR,Semiconductor,C2,5,36
Li2Ti2O5_id2311_Final_E-7.93.cif,Li2Ti2O5,-7.933,2.906,Wide-Gap Power/LED,SOLAR,Semiconductor,Pbcn,60,36
MgN14_id1582_Final_E-7.87.cif,MgN14,-7.8743,1.341,Solar / Visible,SOLAR,Semiconductor,Cc,9,60
SrN10_id1581_Final_E-7.86.cif,SrN10,-7.8577,2.23,Wide-Gap Power/LED,SOLAR,Semiconductor,Fdd2,43,44
Sc3GeN_id866_Final_E-7.75.cif,Sc3GeN,-7.7524,0.252,IR / Narrow-Gap,SOLAR,Semiconductor,Pm-3m,221,5
Sc2GaSiO4_id2705_Final_E-7.71.cif,Sc2GaSiO4,-7.7082,3.459,Wide-Gap Power/LED,SOLAR,Semiconductor,Ccc2,37,16
Ba(N4O)3_id2670_Final_E-7.66.cif,Ba(N4O)3,-7.6625,2.964,Wide-Gap Power/LED,SOLAR,Semiconductor,P-1,2,32
Ti3(SnO)2_id3279_Final_E-7.40.cif,Ti3(SnO)2,-7.403,0.343,IR / Narrow-Gap,SOLAR,Semiconductor,P4/mnc,128,28
SrGa(SiO3)2_id1687_Final_E-7.31.cif,SrGa(SiO3)2,-7.3095,2.774,Wide-Gap Power/LED,SOLAR,Semiconductor,P1,1,10
NaCaSc2O6_id741_Final_E-7.28.cif,NaCaSc2O6,-7.2819,3.108,Wide-Gap Power/LED,SOLAR,Semiconductor,P1,1,10
AlN_id2713_Final_E-7.22.cif,AlN,-7.2236,3.087,Wide-Gap Power/LED,SOLAR,Semiconductor,Fmm2,42,16
N2O_id759_Final_E-7.19.cif,N2O,-7.1944,0.987,IR / Narrow-Gap,SOLAR,Semiconductor,P2_1,4,12
Ti2B7_id3116_Final_E-7.14.cif,Ti2B7,-7.1411,1.448,Solar / Visible,SOLAR,Semiconductor,C222_1,20,36
LiTiN_id1437_Final_E-7.13.cif,LiTiN,-7.1331,1.48,Solar / Visible,SOLAR,Semiconductor,P2_12_12_1,19,12
TiSeO3_id842_Final_E-7.12.cif,TiSeO3,-7.1246,1.793,Solar / Visible,SOLAR,Semiconductor,P6_3mc,186,10
TiGaO_id2817_Final_E-7.08.cif,TiGaO,-7.082,0.893,IR / Narrow-Gap,SOLAR,Semiconductor,P2_1/c,14,24
Al2C2O3_id359_Final_E-7.05.cif,Al2C2O3,-7.0459,0.295,IR / Narrow-Gap,SOLAR,Semiconductor,Pbcn,60,28
Ca2N5_id2630_Final_E-7.03.cif,Ca2N5,-7.0287,0.453,IR / Narrow-Gap,SOLAR,Semiconductor,Pccn,56,28
B2PC8_id2556_Final_E-6.99.cif,B2PC8,-6.9866,2.41,Wide-Gap Power/LED,SOLAR,Semiconductor,C2,5,22
TiS_id3172_Final_E-6.94.cif,TiS,-6.9365,2.151,Wide-Gap Power/LED,SOLAR,Semiconductor,Pm-3m,221,24
InCO4_id1566_Final_E-6.71.cif,InCO4,-6.7136,3.02,Wide-Gap Power/LED,SOLAR,Semiconductor,I4_1/a,88,24
Ge2O3_id247_Final_E-6.61.cif,Ge2O3,-6.6057,0.556,IR / Narrow-Gap,SOLAR,Semiconductor,P2_1/c,14,20
NO_id3379_Final_E-6.61.cif,NO,-6.6051,2.183,Wide-Gap Power/LED,SOLAR,Semiconductor,Pbca,61,16
Mg5N12_id2310_Final_E-6.60.cif,Mg5N12,-6.6024,1.504,Solar / Visible,SOLAR,Semiconductor,P-42_1c,114,34
Ti7GaO6_id1510_Final_E-6.59.cif,Ti7GaO6,-6.5927,1.491,Solar / Visible,SOLAR,Semiconductor,P1,1,56
Ca2Si2C15_id2917_Final_E-6.57.cif,Ca2Si2C15,-6.5678,0.903,IR / Narrow-Gap,SOLAR,Semiconductor,P1,1,57
MgN2_id2298_Final_E-6.51.cif,MgN2,-6.5083,2.782,Wide-Gap Power/LED,SOLAR,Semiconductor,P-6m2,187,3
TiB5C14N_id3134_Final_E-6.49.cif,TiB5C14N,-6.4936,0.673,IR / Narrow-Gap,SOLAR,Semiconductor,P2_12_12_1,19,84
AlB3PO16_id1635_Final_E-6.48.cif,AlB3PO16,-6.4836,0.569,IR / Narrow-Gap,SOLAR,Semiconductor,P2_1,4,42
NaLi2TiO4_id1572_Final_E-6.42.cif,NaLi2TiO4,-6.4222,2.594,Wide-Gap Power/LED,SOLAR,Semiconductor,Pnn2,34,16
Sc3Se4_id2748_Final_E-6.38.cif,Sc3Se4,-6.3804,0.546,IR / Narrow-Gap,SOLAR,Semiconductor,I-43d,220,28
GeO2_id345_Final_E-6.30.cif,GeO2,-6.2981,1.04,Solar / Visible,SOLAR,Semiconductor,P4/nnc,126,24
Ca3MgNO3_id893_Final_E-6.24.cif,Ca3MgNO3,-6.2438,2.222,Wide-Gap Power/LED,SOLAR,Semiconductor,Pm-3m,221,8
BeC_id763_Final_E-6.18.cif,BeC,-6.1842,0.57,IR / Narrow-Gap,SOLAR,Semiconductor,Pbca,61,16
Ti2Be2B_id2089_Final_E-6.14.cif,Ti2Be2B,-6.1396,2.011,Wide-Gap Power/LED,SOLAR,Semiconductor,P6_422,181,15
Ti11Zn2_id361_Final_E-6.09.cif,Ti11Zn2,-6.0924,0.318,IR / Narrow-Gap,SOLAR,Semiconductor,P1,1,26
Sc4GeSe3_id383_Final_E-6.09.cif,Sc4GeSe3,-6.0888,0.421,IR / Narrow-Gap,SOLAR,Semiconductor,P2_1/c,14,16
BeSbCN_id2793_Final_E-6.09.cif,BeSbCN,-6.0877,0.373,IR / Narrow-Gap,SOLAR,Semiconductor,Pca2_1,29,16
ZnCd(S2N3)4_id2737_Final_E-6.07.cif,ZnCd(S2N3)4,-6.0712,0.362,IR / Narrow-Gap,SOLAR,Semiconductor,P-1,2,66
Sc3B4_id629_Final_E-6.07.cif,Sc3B4,-6.0666,0.051,IR / Narrow-Gap,SOLAR,Semiconductor,P4_2/nnm,134,28
TiO6_id2542_Final_E-6.05.cif,TiO6,-6.0537,1.695,Solar / Visible,SOLAR,Semiconductor,P-1,2,7
Ba2LiPO5_id3151_Final_E-6.02.cif,Ba2LiPO5,-6.0169,1.997,Solar / Visible,SOLAR,Semiconductor,Cmcm,63,36
CaSn2(GeO2)2_id2709_Final_E-6.01.cif,CaSn2(GeO2)2,-6.0109,0.905,IR / Narrow-Gap,SOLAR,Semiconductor,P4_2/m,84,18
AlNO_id3146_Final_E-6.00.cif,AlNO,-6.0043,2.574,Wide-Gap Power/LED,SOLAR,Semiconductor,Pca2_1,29,12
GeSbNO2_id2378_Final_E-5.99.cif,GeSbNO2,-5.9914,0.885,IR / Narrow-Gap,SOLAR,Semiconductor,Pca2_1,29,20
CaInP2O9_id2574_Final_E-5.98.cif,CaInP2O9,-5.9754,1.662,Solar / Visible,SOLAR,Semiconductor,P1,1,52
SrO_id2868_Final_E-5.97.cif,SrO,-5.9724,0.052,IR / Narrow-Gap,SOLAR,Semiconductor,P4_2/mmc,131,4
BaInGaO3_id3354_Final_E-5.93.cif,BaInGaO3,-5.9262,1.095,Solar / Visible,SOLAR,Semiconductor,Pcc2,27,24
ZnBO4_id1311_Final_E-5.93.cif,ZnBO4,-5.9257,3.094,Wide-Gap Power/LED,SOLAR,Semiconductor,Ccc2,37,24
N2O5_id2950_Final_E-5.88.cif,N2O5,-5.8807,0.897,IR / Narrow-Gap,SOLAR,Semiconductor,P1,1,56
BaCaO4_id1287_Final_E-5.83.cif,BaCaO4,-5.8283,2.169,Wide-Gap Power/LED,SOLAR,Semiconductor,Pban,50,12
Ga(GeO2)2_id1277_Final_E-5.83.cif,Ga(GeO2)2,-5.8283,0.49,IR / Narrow-Gap,SOLAR,Semiconductor,P1,1,28
N2O3_id2019_Final_E-5.81.cif,N2O3,-5.8143,0.729,IR / Narrow-Gap,SOLAR,Semiconductor,Pccn,56,20
K3Ti2(Ga3O5)2_id311_Final_E-5.81.cif,K3Ti2(Ga3O5)2,-5.8064,1.892,Solar / Visible,SOLAR,Semiconductor,P1,1,63
Ca2TiSN2_id413_Final_E-5.79.cif,Ca2TiSN2,-5.7879,1.816,Solar / Visible,SOLAR,Semiconductor,C2,5,24
PO3_id393_Final_E-5.75.cif,PO3,-5.7536,0.257,IR / Narrow-Gap,SOLAR,Semiconductor,P-62m,189,12
Ge(B2N)2_id731_Final_E-5.75.cif,Ge(B2N)2,-5.7529,1.935,Solar / Visible,SOLAR,Semiconductor,P1,1,14
B(AsN)12_id933_Final_E-5.75.cif,B(AsN)12,-5.747,2.325,Wide-Gap Power/LED,SOLAR,Semiconductor,I432,211,50
Ge3PO2_id3118_Final_E-5.68.cif,Ge3PO2,-5.6754,1.155,Solar / Visible,SOLAR,Semiconductor,Pc,7,12
NaGeO2_id1660_Final_E-5.64.cif,NaGeO2,-5.639,1.798,Solar / Visible,SOLAR,Semiconductor,I4_122,98,16
NaAl(C3O2)2_id2570_Final_E-5.63.cif,NaAl(C3O2)2,-5.6272,1.56,Solar / Visible,SOLAR,Semiconductor,P222,16,24
LiGaP2O13_id2782_Final_E-5.62.cif,LiGaP2O13,-5.6166,1.636,Solar / Visible,SOLAR,Semiconductor,P1,1,34
Si3(B2P)2_id2161_Final_E-5.61.cif,Si3(B2P)2,-5.6136,0.092,IR / Narrow-Gap,SOLAR,Semiconductor,P1,1,18
BaNO_id3332_Final_E-5.60.cif,BaNO,-5.5963,1.008,Solar / Visible,SOLAR,Semiconductor,P4_2/mmc,131,6
K2(SnO2)3_id2820_Final_E-5.59.cif,K2(SnO2)3,-5.5917,0.466,IR / Narrow-Gap,SOLAR,Semiconductor,P6_3/mmc,194,22
Li2As2N2O_id813_Final_E-5.58.cif,Li2As2N2O,-5.5787,1.795,Solar / Visible,SOLAR,Semiconductor,P2_1/c,14,28
KZn2BO4_id1310_Final_E-5.58.cif,KZn2BO4,-5.5756,2.478,Wide-Gap Power/LED,SOLAR,Semiconductor,P1,1,24
P3NO5_id126_Final_E-5.56.cif,P3NO5,-5.56,1.88,Solar / Visible,SOLAR,Semiconductor,P1,1,36
Sc3SnTe4_id2764_Final_E-5.56.cif,Sc3SnTe4,-5.5565,0.503,IR / Narrow-Gap,SOLAR,Semiconductor,Pm-3m,221,8
MgO2_id1179_Final_E-5.56.cif,MgO2,-5.5552,2.776,Wide-Gap Power/LED,SOLAR,Semiconductor,Pbca,61,12
Ba2Ti3S4_id75_Final_E-5.50.cif,Ba2Ti3S4,-5.4991,1.354,Solar / Visible,SOLAR,Semiconductor,I4/mmm,139,36
Li2Mg(AsO3)2_id958_Final_E-5.49.cif,Li2Mg(AsO3)2,-5.4885,1.761,Solar / Visible,SOLAR,Semiconductor,P4/mnc,128,44
Li7BSb2O11_id283_Final_E-5.49.cif,Li7BSb2O11,-5.4882,3.352,Wide-Gap Power/LED,SOLAR,Semiconductor,P1,1,84
ScGa3(AsO2)6_id2885_Final_E-5.47.cif,ScGa3(AsO2)6,-5.4747,1.335,Solar / Visible,SOLAR,Semiconductor,P6_3,173,44
MgGaN2_id1828_Final_E-5.43.cif,MgGaN2,-5.4283,1.809,Solar / Visible,SOLAR,Semiconductor,P4/mmm,123,8
ScTeS2_id2035_Final_E-5.43.cif,ScTeS2,-5.426,0.259,IR / Narrow-Gap,SOLAR,Semiconductor,P1,1,4
SiGe6O23_id3247_Final_E-5.42.cif,SiGe6O23,-5.4204,2.32,Wide-Gap Power/LED,SOLAR,Semiconductor,P1,1,30
MgSc3O18_id1067_Final_E-5.40.cif,MgSc3O18,-5.4015,1.533,Solar / Visible,SOLAR,Semiconductor,P1,1,44
Sr2CSO_id1998_Final_E-5.40.cif,Sr2CSO,-5.4009,2.004,Wide-Gap Power/LED,SOLAR,Semiconductor,P1,1,5
KIn(TeO3)4_id2069_Final_E-5.38.cif,KIn(TeO3)4,-5.3815,2.432,Wide-Gap Power/LED,SOLAR,Semiconductor,P-1,2,36
Ba4LiIn3O6_id1476_Final_E-5.36.cif,Ba4LiIn3O6,-5.3621,0.351,IR / Narrow-Gap,SOLAR,Semiconductor,Im-3m,229,28
Ti(InS2)2_id3364_Final_E-5.36.cif,Ti(InS2)2,-5.3595,0.308,IR / Narrow-Gap,SOLAR,Semiconductor,Pban,50,14
B2As2S3_id2138_Final_E-5.35.cif,B2As2S3,-5.3497,1.712,Solar / Visible,SOLAR,Semiconductor,P4_2mc,105,14
NaIn(SO4)3_id1773_Final_E-5.33.cif,NaIn(SO4)3,-5.3286,0.708,IR / Narrow-Gap,SOLAR,Semiconductor,P1,1,34
TiO2_id269_Final_E-5.30.cif,TiO2,-5.302,2.201,Wide-Gap Power/LED,SOLAR,Semiconductor,Pm,6,12
Mg2Ti2CO2_id474_Final_E-5.30.cif,Mg2Ti2CO2,-5.3015,1.645,Solar / Visible,SOLAR,Semiconductor,P1,1,28
MgN_id873_Final_E-5.30.cif,MgN,-5.3014,0.313,IR / Narrow-Gap,SOLAR,Semiconductor,Cm,8,8
GaO_id1406_Final_E-5.25.cif,GaO,-5.2507,1.81,Solar / Visible,SOLAR,Semiconductor,P4_2/ncm,138,8
ScSiO19_id990_Final_E-5.23.cif,ScSiO19,-5.2318,2.276,Wide-Gap Power/LED,SOLAR,Semiconductor,P1,1,42
CaZn5(GaO2)6_id1896_Final_E-5.22.cif,CaZn5(GaO2)6,-5.2238,1.057,Solar / Visible,SOLAR,Semiconductor,P1,1,24
KAlZn2O6_id2493_Final_E-5.21.cif,KAlZn2O6,-5.2096,2.665,Wide-Gap Power/LED,SOLAR,Semiconductor,P1,1,10
BaN20_id2964_Final_E-5.21.cif,BaN20,-5.206,1.782,Solar / Visible,SOLAR,Semiconductor,Pm,6,84
ScTiO18_id3079_Final_E-5.20.cif,ScTiO18,-5.1952,0.14,IR / Narrow-Gap,SOLAR,Semiconductor,P1,1,40
BaLi4O8_id1616_Final_E-5.19.cif,BaLi4O8,-5.1889,3.197,Wide-Gap Power/LED,SOLAR,Semiconductor,P-1,2,26
K(AsO)2_id3386_Final_E-5.16.cif,K(AsO)2,-5.1634,1.005,Solar / Visible,SOLAR,Semiconductor,P4/mnc,128,20
NaSn5(GeO2)2_id2614_Final_E-5.16.cif,NaSn5(GeO2)2,-5.1566,0.082,IR / Narrow-Gap,SOLAR,Semiconductor,P-4m2,115,12
LiSO_id1782_Final_E-5.14.cif,LiSO,-5.1351,1.871,Solar / Visible,SOLAR,Semiconductor,P1,1,12
MgInO6_id843_Final_E-5.10.cif,MgInO6,-5.1049,1.87,Solar / Visible,SOLAR,Semiconductor,P-31c,163,16
K4Te13O24_id448_Final_E-5.10.cif,K4Te13O24,-5.1042,0.951,IR / Narrow-Gap,SOLAR,Semiconductor,Pn-3n,222,82
LiAsO6_id3323_Final_E-5.10.cif,LiAsO6,-5.0989,3.379,Wide-Gap Power/LED,SOLAR,Semiconductor,P6_322,182,16
Sr3Ca3N4_id2093_Final_E-5.10.cif,Sr3Ca3N4,-5.096,0.094,IR / Narrow-Gap,SOLAR,Semiconductor,P1,1,40
KCaO8_id3371_Final_E-5.10.cif,KCaO8,-5.0953,0.218,IR / Narrow-Gap,SOLAR,Semiconductor,P4/nbm,125,20
Ca4C7N3_id2002_Final_E-5.08.cif,Ca4C7N3,-5.0756,0.429,IR / Narrow-Gap,SOLAR,Semiconductor,P1,1,42
Ba3Li2AsO15_id2711_Final_E-5.07.cif,Ba3Li2AsO15,-5.0651,2.704,Wide-Gap Power/LED,SOLAR,Semiconductor,P1,1,21
MgSbO4_id2184_Final_E-5.06.cif,MgSbO4,-5.062,0.92,IR / Narrow-Gap,SOLAR,Semiconductor,Cmmm,65,12
NaAs(SO)4_id242_Final_E-5.06.cif,NaAs(SO)4,-5.0609,2.628,Wide-Gap Power/LED,SOLAR,Semiconductor,P-1,2,20
BeAl2(SN)2_id1608_Final_E-5.05.cif,BeAl2(SN)2,-5.0493,1.89,Solar / Visible,SOLAR,Semiconductor,P1,1,28
Li3ZnBO9_id2644_Final_E-5.04.cif,Li3ZnBO9,-5.0428,2.042,Wide-Gap Power/LED,SOLAR,Semiconductor,Pc,7,56
Ca(SeO)3_id50_Final_E-5.04.cif,Ca(SeO)3,-5.0399,2.548,Wide-Gap Power/LED,SOLAR,Semiconductor,P6_3,173,14
PS_id1223_Final_E-5.01.cif,PS,-5.0144,2.125,Wide-Gap Power/LED,SOLAR,Semiconductor,P2_1/c,14,16
LiAlTe5O4_id350_Final_E-5.01.cif,LiAlTe5O4,-5.0086,1.091,Solar / Visible,SOLAR,Semiconductor,P2,3,11
MgTiGeAs2_id2803_Final_E-5.00.cif,MgTiGeAs2,-4.9982,0.64,IR / Narrow-Gap,SOLAR,Semiconductor,Pmmm,47,10
Be(NO4)2_id2775_Final_E-5.00.cif,Be(NO4)2,-4.9963,1.814,Solar / Visible,SOLAR,Semiconductor,P1,1,44
SiSb(AsP8)2_id863_Final_E-4.99.cif,SiSb(AsP8)2,-4.9876,0.314,IR / Narrow-Gap,SOLAR,Semiconductor,P1,1,20
SbO11_id1039_Final_E-4.99.cif,SbO11,-4.9851,0.557,IR / Narrow-Gap,SOLAR,Semiconductor,P2,3,24
SrZnO4_id1917_Final_E-4.98.cif,SrZnO4,-4.9845,0.369,IR / Narrow-Gap,SOLAR,Semiconductor,P2_12_12,18,12
Li2Sc2SnSe6_id2354_Final_E-4.97.cif,Li2Sc2SnSe6,-4.9719,0.911,IR / Narrow-Gap,SOLAR,Semiconductor,C2/c,15,44
KP2O_id425_Final_E-4.97.cif,KP2O,-4.967,2.544,Wide-Gap Power/LED,SOLAR,Semiconductor,P-1,2,16
Te4AsO4_id2525_Final_E-4.93.cif,Te4AsO4,-4.9342,1.891,Solar / Visible,SOLAR,Semiconductor,I4_1/a,88,36
LiO2_id1950_Final_E-4.93.cif,LiO2,-4.9338,0.301,IR / Narrow-Gap,SOLAR,Semiconductor,P2_1/c,14,12
BaZn2SnO18_id875_Final_E-4.93.cif,BaZn2SnO18,-4.9331,0.789,IR / Narrow-Gap,SOLAR,Semiconductor,P-3,147,22
SbAs3_id917_Final_E-4.93.cif,SbAs3,-4.9252,0.273,IR / Narrow-Gap,SOLAR,Semiconductor,P1,1,32
GaO4_id1353_Final_E-4.89.cif,GaO4,-4.889,0.336,IR / Narrow-Gap,SOLAR,Semiconductor,P-1,2,10
LiMg(SO)2_id898_Final_E-4.88.cif,LiMg(SO)2,-4.8811,2.891,Wide-Gap Power/LED,SOLAR,Semiconductor,C222_1,20,24
SrSi10_id25_Final_E-4.88.cif,SrSi10,-4.878,2.801,Wide-Gap Power/LED,SOLAR,Semiconductor,P-1,2,44
Li2O2_id2344_Final_E-4.87.cif,Li2O2,-4.8662,2.279,Wide-Gap Power/LED,SOLAR,Semiconductor,Pna2_1,33,8
As4SO10_id1003_Final_E-4.86.cif,As4SO10,-4.8642,0.991,IR / Narrow-Gap,SOLAR,Semiconductor,P1,1,120
BeBO2_id1673_Final_E-4.86.cif,BeBO2,-4.8563,2.47,Wide-Gap Power/LED,SOLAR,Semiconductor,P6_222,180,12
K2SbO5_id1613_Final_E-4.85.cif,K2SbO5,-4.8486,0.47,IR / Narrow-Gap,SOLAR,Semiconductor,P1,1,8
Li4O11_id204_Final_E-4.84.cif,Li4O11,-4.84,0.16,IR / Narrow-Gap,SOLAR,Semiconductor,P1,1,15
KMgS2O3_id583_Final_E-4.83.cif,KMgS2O3,-4.8345,0.625,IR / Narrow-Gap,SOLAR,Semiconductor,P1,1,21
Ca4ScTiO_id915_Final_E-4.82.cif,Ca4ScTiO,-4.8204,0.835,IR / Narrow-Gap,SOLAR,Semiconductor,P1,1,21
As2P4NO7_id42_Final_E-4.82.cif,As2P4NO7,-4.8166,1.208,Solar / Visible,SOLAR,Semiconductor,P1,1,56
SeSO2_id711_Final_E-4.82.cif,SeSO2,-4.8162,2.55,Wide-Gap Power/LED,SOLAR,Semiconductor,P4_2/mmc,131,16
KB3_id1483_Final_E-4.81.cif,KB3,-4.8148,1.265,Solar / Visible,SOLAR,Semiconductor,P6/mmm,191,4
KC14_id1243_Final_E-4.81.cif,KC14,-4.8131,0.448,IR / Narrow-Gap,SOLAR,Semiconductor,P1,1,15
BP2_id1000_Final_E-4.81.cif,BP2,-4.8084,1.102,Solar / Visible,SOLAR,Semiconductor,F-43m,216,12
NO19_id255_Final_E-4.81.cif,NO19,-4.8063,1.202,Solar / Visible,SOLAR,Semiconductor,P2/c,13,80
BP12_id3366_Final_E-4.80.cif,BP12,-4.7996,0.089,IR / Narrow-Gap,SOLAR,Semiconductor,I432,211,26
AlSi3_id2624_Final_E-4.79.cif,AlSi3,-4.7923,2.459,Wide-Gap Power/LED,SOLAR,Semiconductor,P2/c,13,32
BeSiGeP2_id2114_Final_E-4.79.cif,BeSiGeP2,-4.7909,1.013,Solar / Visible,SOLAR,Semiconductor,P2_12_12_1,19,20
BaLiGeO3_id2409_Final_E-4.78.cif,BaLiGeO3,-4.7824,1.573,Solar / Visible,SOLAR,Semiconductor,P-6m2,187,6
NaO8_id3327_Final_E-4.76.cif,NaO8,-4.7602,2.837,Wide-Gap Power/LED,SOLAR,Semiconductor,Pba2,32,36
Ba2S2N2O17_id2672_Final_E-4.75.cif,Ba2S2N2O17,-4.7547,1.897,Solar / Visible,SOLAR,Semiconductor,P1,1,46
KNaO19_id503_Final_E-4.75.cif,KNaO19,-4.7507,3.379,Wide-Gap Power/LED,SOLAR,Semiconductor,P1,1,21
SeO_id2320_Final_E-4.75.cif,SeO,-4.7489,1.427,Solar / Visible,SOLAR,Semiconductor,Pbca,61,16
NaCdSO5_id2438_Final_E-4.75.cif,NaCdSO5,-4.7478,2.42,Wide-Gap Power/LED,SOLAR,Semiconductor,P1,1,16
BaAs6_id1686_Final_E-4.75.cif,BaAs6,-4.7462,1.186,Solar / Visible,SOLAR,Semiconductor,P1,1,28
BaSeO4_id2687_Final_E-4.74.cif,BaSeO4,-4.7384,2.853,Wide-Gap Power/LED,SOLAR,Semiconductor,Pnnn,48,24
BaSc4O29_id683_Final_E-4.73.cif,BaSc4O29,-4.7332,1.645,Solar / Visible,SOLAR,Semiconductor,P1,1,68
Na4Cd(GaO2)3_id2472_Final_E-4.71.cif,Na4Cd(GaO2)3,-4.7053,0.847,IR / Narrow-Gap,SOLAR,Semiconductor,Im-3m,229,28
KBaO32_id1430_Final_E-4.70.cif,KBaO32,-4.6968,0.59,IR / Narrow-Gap,SOLAR,Semiconductor,P-3,147,34
KInO8_id2210_Final_E-4.70.cif,KInO8,-4.6964,1.678,Solar / Visible,SOLAR,Semiconductor,P1,1,40
LiP2SeO17_id1141_Final_E-4.69.cif,LiP2SeO17,-4.6901,0.189,IR / Narrow-Gap,SOLAR,Semiconductor,P2_1,4,42
BaAs5O8_id2600_Final_E-4.68.cif,BaAs5O8,-4.6836,1.16,Solar / Visible,SOLAR,Semiconductor,P1,1,28
Zn2SnO9_id1384_Final_E-4.68.cif,Zn2SnO9,-4.6792,0.445,IR / Narrow-Gap,SOLAR,Semiconductor,P1,1,24
Ba3SbSe3_id2434_Final_E-4.68.cif,Ba3SbSe3,-4.6778,1.272,Solar / Visible,SOLAR,Semiconductor,P1,1,42
Ge(AsS2)2_id730_Final_E-4.67.cif,Ge(AsS2)2,-4.6702,1.421,Solar / Visible,SOLAR,Semiconductor,I-42d,122,28
K(SeO2)2_id381_Final_E-4.67.cif,K(SeO2)2,-4.6693,1.375,Solar / Visible,SOLAR,Semiconductor,I4_1/a,88,28
AsS_id785_Final_E-4.67.cif,AsS,-4.6663,2.098,Wide-Gap Power/LED,SOLAR,Semiconductor,Pca2_1,29,8
MgCdO4_id1817_Final_E-4.66.cif,MgCdO4,-4.6588,1.288,Solar / Visible,SOLAR,Semiconductor,P-4m2,115,12
As(P3S7)2_id548_Final_E-4.65.cif,As(P3S7)2,-4.6543,1.798,Solar / Visible,SOLAR,Semiconductor,Pc,7,42
MgN_id364_Final_E-4.65.cif,MgN,-4.6489,1.243,Solar / Visible,SOLAR,Semiconductor,P-1,2,128
LiTi2(GaO5)2_id2181_Final_E-4.64.cif,LiTi2(GaO5)2,-4.6438,2.339,Wide-Gap Power/LED,SOLAR,Semiconductor,C222_1,20,60
KNaGeO3_id1266_Final_E-4.64.cif,KNaGeO3,-4.6386,2.008,Wide-Gap Power/LED,SOLAR,Semiconductor,P2_1,4,12
ZnO_id2693_Final_E-4.63.cif,ZnO,-4.6331,0.639,IR / Narrow-Gap,SOLAR,Semiconductor,Pccn,56,8
Sn(GeS)2_id2983_Final_E-4.62.cif,Sn(GeS)2,-4.6232,0.548,IR / Narrow-Gap,SOLAR,Semiconductor,P1,1,20
SbS4_id3149_Final_E-4.62.cif,SbS4,-4.6198,3.39,Wide-Gap Power/LED,SOLAR,Semiconductor,I4_1/a,88,20
C(SO9)2_id435_Final_E-4.61.cif,C(SO9)2,-4.6148,2.376,Wide-Gap Power/LED,SOLAR,Semiconductor,Pm,6,42
KO2_id1861_Final_E-4.61.cif,KO2,-4.6072,0.783,IR / Narrow-Gap,SOLAR,Semiconductor,P2_1/c,14,12
SiS2_id2849_Final_E-4.60.cif,SiS2,-4.6041,0.084,IR / Narrow-Gap,SOLAR,Semiconductor,I4_1/amd,141,12
Ti2Be3Al2B_id2512_Final_E-4.60.cif,Ti2Be3Al2B,-4.6021,0.276,IR / Narrow-Gap,SOLAR,Semiconductor,P1,1,24
As4P_id1772_Final_E-4.58.cif,As4P,-4.5785,0.374,IR / Narrow-Gap,SOLAR,Semiconductor,I4_1/a,88,20
PS6_id2853_Final_E-4.58.cif,PS6,-4.5778,1.481,Solar / Visible,SOLAR,Semiconductor,P1,1,7
CN3_id3265_Final_E-4.57.cif,CN3,-4.5709,0.135,IR / Narrow-Gap,SOLAR,Semiconductor,Fm-3m,225,16
GeS2_id817_Final_E-4.56.cif,GeS2,-4.5637,0.797,IR / Narrow-Gap,SOLAR,Semiconductor,P3_221,154,9
Ba3O11_id3119_Final_E-4.56.cif,Ba3O11,-4.5627,1.974,Solar / Visible,SOLAR,Semiconductor,P1,1,14
NaO2_id408_Final_E-4.55.cif,NaO2,-4.551,2.006,Wide-Gap Power/LED,SOLAR,Semiconductor,Pbca,61,24
Sn2SbS4_id2610_Final_E-4.55.cif,Sn2SbS4,-4.5479,0.299,IR / Narrow-Gap,SOLAR,Semiconductor,Fdd2,43,28
Li7B(AsO2)2_id1838_Final_E-4.54.cif,Li7B(AsO2)2,-4.5435,3.04,Wide-Gap Power/LED,SOLAR,Semiconductor,P2_12_12,18,28
Zn5GaO21_id1330_Final_E-4.54.cif,Zn5GaO21,-4.5393,1.425,Solar / Visible,SOLAR,Semiconductor,I4,79,54
NaPN2_id3352_Final_E-4.53.cif,NaPN2,-4.5303,1.893,Solar / Visible,SOLAR,Semiconductor,I4_122,98,16
LiZnO2_id1251_Final_E-4.52.cif,LiZnO2,-4.5244,0.968,IR / Narrow-Gap,SOLAR,Semiconductor,Cmc2_1,36,32
ScSiO19_id923_Final_E-4.52.cif,ScSiO19,-4.523,0.591,IR / Narrow-Gap,SOLAR,Semiconductor,P1,1,42
BaCdSO7_id2109_Final_E-4.50.cif,BaCdSO7,-4.4974,2.361,Wide-Gap Power/LED,SOLAR,Semiconductor,Pm,6,20
MgSiPSe_id1396_Final_E-4.48.cif,MgSiPSe,-4.4759,1.236,Solar / Visible,SOLAR,Semiconductor,Pca2_1,29,16
BaP_id316_Final_E-4.47.cif,BaP,-4.4747,0.676,IR / Narrow-Gap,SOLAR,Semiconductor,P6_3/mmc,194,4
LiSeS3O2_id326_Final_E-4.47.cif,LiSeS3O2,-4.4712,2.23,Wide-Gap Power/LED,SOLAR,Semiconductor,P1,1,28
CaSiO5_id1863_Final_E-4.47.cif,CaSiO5,-4.4709,1.419,Solar / Visible,SOLAR,Semiconductor,Pm,6,28
Ba2Sc4SnTe5_id1466_Final_E-4.47.cif,Ba2Sc4SnTe5,-4.4665,1.582,Solar / Visible,SOLAR,Semiconductor,P2/m,10,24
AsPSe2_id1874_Final_E-4.45.cif,AsPSe2,-4.4496,1.322,Solar / Visible,SOLAR,Semiconductor,P1,1,16
SeS3O_id2536_Final_E-4.44.cif,SeS3O,-4.4395,1.529,Solar / Visible,SOLAR,Semiconductor,P6_4,172,30
Li3Ca2O2_id2_Final_E-4.44.cif,Li3Ca2O2,-4.4359,1.179,Solar / Visible,SOLAR,Semiconductor,P1,1,14
K2BaS8_id1103_Final_E-4.43.cif,K2BaS8,-4.4279,0.897,IR / Narrow-Gap,SOLAR,Semiconductor,P1,1,22
InSe(N2O5)2_id3075_Final_E-4.42.cif,InSe(N2O5)2,-4.4201,0.669,IR / Narrow-Gap,SOLAR,Semiconductor,Pm,6,32
ZnO2_id2152_Final_E-4.41.cif,ZnO2,-4.4146,1.523,Solar / Visible,SOLAR,Semiconductor,Pbca,61,12
S4O_id2372_Final_E-4.41.cif,S4O,-4.4134,1.475,Solar / Visible,SOLAR,Semiconductor,Pc,7,10
SiS9_id28_Final_E-4.40.cif,SiS9,-4.3998,1.321,Solar / Visible,SOLAR,Semiconductor,P2,3,10
Ca2Mg2InO18_id1257_Final_E-4.40.cif,Ca2Mg2InO18,-4.3993,1.881,Solar / Visible,SOLAR,Semiconductor,P1,1,46
LiGe6(AsO2)2_id540_Final_E-4.40.cif,LiGe6(AsO2)2,-4.3964,1.322,Solar / Visible,SOLAR,Semiconductor,P3_121,152,39
NaZn2GaO4_id2281_Final_E-4.39.cif,NaZn2GaO4,-4.3899,3.05,Wide-Gap Power/LED,SOLAR,Semiconductor,P4/mmm,123,16
Sb4As7PS6_id972_Final_E-4.39.cif,Sb4As7PS6,-4.3853,3.084,Wide-Gap Power/LED,SOLAR,Semiconductor,Ima2,46,72
Li3ScSb3S4_id1992_Final_E-4.38.cif,Li3ScSb3S4,-4.3785,0.221,IR / Narrow-Gap,SOLAR,Semiconductor,Pm-3n,223,22
ZnO2_id2989_Final_E-4.36.cif,ZnO2,-4.36,1.255,Solar / Visible,SOLAR,Semiconductor,Fm-3m,225,12
MgZnGa2S13_id1157_Final_E-4.36.cif,MgZnGa2S13,-4.3592,3.375,Wide-Gap Power/LED,SOLAR,Semiconductor,P1,1,68
AlSi_id1487_Final_E-4.36.cif,AlSi,-4.3586,0.639,IR / Narrow-Gap,SOLAR,Semiconductor,Pbca,61,16
AlAs2_id478_Final_E-4.36.cif,AlAs2,-4.358,0.144,IR / Narrow-Gap,SOLAR,Semiconductor,I4_1cd,110,48
Li2Be2Si5P_id3065_Final_E-4.35.cif,Li2Be2Si5P,-4.3547,2.802,Wide-Gap Power/LED,SOLAR,Semiconductor,P1,1,40
As2Se_id3038_Final_E-4.32.cif,As2Se,-4.3222,1.016,Solar / Visible,SOLAR,Semiconductor,Pbcn,60,12
LiAs4(Se2S)2_id3237_Final_E-4.32.cif,LiAs4(Se2S)2,-4.319,0.243,IR / Narrow-Gap,SOLAR,Semiconductor,I4/m,87,22
BaP_id1447_Final_E-4.32.cif,BaP,-4.3155,0.857,IR / Narrow-Gap,SOLAR,Semiconductor,P1,1,40
Na(PSe2)2_id1955_Final_E-4.31.cif,Na(PSe2)2,-4.3138,0.963,IR / Narrow-Gap,SOLAR,Semiconductor,P-42m,111,7
Ba2Li(SnSe)2_id871_Final_E-4.31.cif,Ba2Li(SnSe)2,-4.3113,0.691,IR / Narrow-Gap,SOLAR,Semiconductor,P-42_1m,113,14
SeS4O_id2233_Final_E-4.31.cif,SeS4O,-4.3051,1.481,Solar / Visible,SOLAR,Semiconductor,Pm,6,6
Ca2In2PS7_id340_Final_E-4.29.cif,Ca2In2PS7,-4.2888,1.937,Solar / Visible,SOLAR,Semiconductor,Pm,6,24
Ba3Sb4As4S3_id1298_Final_E-4.29.cif,Ba3Sb4As4S3,-4.2861,1.448,Solar / Visible,SOLAR,Semiconductor,P6_3,173,28
ScSi2_id782_Final_E-4.28.cif,ScSi2,-4.2824,0.241,IR / Narrow-Gap,SOLAR,Semiconductor,Pn-3m,224,6
Be4GeCS2_id1762_Final_E-4.28.cif,Be4GeCS2,-4.2779,0.368,IR / Narrow-Gap,SOLAR,Semiconductor,Fd-3m,227,64
KCaO3_id2789_Final_E-4.28.cif,KCaO3,-4.276,0.162,IR / Narrow-Gap,SOLAR,Semiconductor,Pm-3m,221,5
BaCa2(NO6)2_id1766_Final_E-4.25.cif,BaCa2(NO6)2,-4.2535,2.75,Wide-Gap Power/LED,SOLAR,Semiconductor,P1,1,34
AsS3_id2012_Final_E-4.24.cif,AsS3,-4.243,1.251,Solar / Visible,SOLAR,Semiconductor,Pm,6,8
Ba2Sn(NO)2_id2613_Final_E-4.24.cif,Ba2Sn(NO)2,-4.2406,1.503,Solar / Visible,SOLAR,Semiconductor,P1,1,28
BaO2_id1807_Final_E-4.22.cif,BaO2,-4.2185,0.208,IR / Narrow-Gap,SOLAR,Semiconductor,P-6m2,187,3
MgS_id265_Final_E-4.21.cif,MgS,-4.2098,2.486,Wide-Gap Power/LED,SOLAR,Semiconductor,Pccm,49,8
KBeO2_id555_Final_E-4.20.cif,KBeO2,-4.2027,2.944,Wide-Gap Power/LED,SOLAR,Semiconductor,Fm-3m,225,16
NaSi3(GeTe)3_id652_Final_E-4.19.cif,NaSi3(GeTe)3,-4.1929,0.064,IR / Narrow-Gap,SOLAR,Semiconductor,P-1,2,60
SnSb2Se5_id1142_Final_E-4.19.cif,SnSb2Se5,-4.1869,0.519,IR / Narrow-Gap,SOLAR,Semiconductor,P1,1,32
GeS10_id999_Final_E-4.17.cif,GeS10,-4.1715,1.702,Solar / Visible,SOLAR,Semiconductor,P1,1,11
Li3AlSbSe4_id1065_Final_E-4.17.cif,Li3AlSbSe4,-4.1692,1.177,Solar / Visible,SOLAR,Semiconductor,P-43m,215,9
InSiS19_id120_Final_E-4.15.cif,InSiS19,-4.1545,1.076,Solar / Visible,SOLAR,Semiconductor,P1,1,21
KLi3Se3O4_id1728_Final_E-4.15.cif,KLi3Se3O4,-4.1501,2.496,Wide-Gap Power/LED,SOLAR,Semiconductor,Pm-3n,223,22
LiSe2O3_id390_Final_E-4.15.cif,LiSe2O3,-4.1479,2.943,Wide-Gap Power/LED,SOLAR,Semiconductor,P1,1,24
InSi4_id2618_Final_E-4.15.cif,InSi4,-4.1454,1.868,Solar / Visible,SOLAR,Semiconductor,C2/c,15,20
Li5S6_id2423_Final_E-4.12.cif,Li5S6,-4.1239,1.892,Solar / Visible,SOLAR,Semiconductor,P1,1,22
GeAs2Se7_id1066_Final_E-4.11.cif,GeAs2Se7,-4.1118,1.033,Solar / Visible,SOLAR,Semiconductor,P2/m,10,10
Li2AlGaSe4_id434_Final_E-4.11.cif,Li2AlGaSe4,-4.1116,1.676,Solar / Visible,SOLAR,Semiconductor,I-42d,122,32
AsS4O_id3129_Final_E-4.11.cif,AsS4O,-4.1095,2.609,Wide-Gap Power/LED,SOLAR,Semiconductor,P1,1,24
BaSrSnN_id1685_Final_E-4.11.cif,BaSrSnN,-4.1071,0.541,IR / Narrow-Gap,SOLAR,Semiconductor,C2/m,12,32
KIn(SeO4)2_id2942_Final_E-4.11.cif,KIn(SeO4)2,-4.1053,1.989,Solar / Visible,SOLAR,Semiconductor,P-1,2,12
CaZn4CdO4_id1504_Final_E-4.09.cif,CaZn4CdO4,-4.0938,0.276,IR / Narrow-Gap,SOLAR,Semiconductor,P4bm,100,20
AsS5_id2407_Final_E-4.09.cif,AsS5,-4.0927,0.624,IR / Narrow-Gap,SOLAR,Semiconductor,P2,3,24
LiTi2(Se3S5)2_id3198_Final_E-4.09.cif,LiTi2(Se3S5)2,-4.087,1.61,Solar / Visible,SOLAR,Semiconductor,Pm,6,76
Ti2O45_id2832_Final_E-4.08.cif,Ti2O45,-4.083,0.199,IR / Narrow-Gap,SOLAR,Semiconductor,P2/c,13,94
KMg(TeO)4_id722_Final_E-4.08.cif,KMg(TeO)4,-4.0809,1.826,Solar / Visible,SOLAR,Semiconductor,Pban,50,20
LiZn2O8_id774_Final_E-4.07.cif,LiZn2O8,-4.0721,0.118,IR / Narrow-Gap,SOLAR,Semiconductor,Pm,6,22
SnO8_id2712_Final_E-4.06.cif,SnO8,-4.0637,0.072,IR / Narrow-Gap,SOLAR,Semiconductor,Fm-3m,225,36
K11In3(BO)6_id2455_Final_E-4.06.cif,K11In3(BO)6,-4.0624,0.387,IR / Narrow-Gap,SOLAR,Semiconductor,P-31c,163,52
KZn2O4_id2323_Final_E-4.06.cif,KZn2O4,-4.0576,2.916,Wide-Gap Power/LED,SOLAR,Semiconductor,P-42_1m,113,14
Li2SeS2_id1596_Final_E-4.05.cif,Li2SeS2,-4.0532,1.808,Solar / Visible,SOLAR,Semiconductor,P4_32_12,96,20
KAs4_id1694_Final_E-4.05.cif,KAs4,-4.0527,0.755,IR / Narrow-Gap,SOLAR,Semiconductor,P4_122,91,20
Li2S_id2313_Final_E-4.04.cif,Li2S,-4.0417,2.292,Wide-Gap Power/LED,SOLAR,Semiconductor,Pbcn,60,12
LiSeS_id1057_Final_E-4.04.cif,LiSeS,-4.0401,1.625,Solar / Visible,SOLAR,Semiconductor,P1,1,12
Al3ZnInS4_id2097_Final_E-4.03.cif,Al3ZnInS4,-4.0319,0.252,IR / Narrow-Gap,SOLAR,Semiconductor,P-43m,215,9
Na2LiS4_id1767_Final_E-4.03.cif,Na2LiS4,-4.0317,2.204,Wide-Gap Power/LED,SOLAR,Semiconductor,P-1,2,14
Sr2N8O17_id1446_Final_E-4.03.cif,Sr2N8O17,-4.0308,0.319,IR / Narrow-Gap,SOLAR,Semiconductor,P1,1,54
K(CaSi2)2_id2763_Final_E-4.03.cif,K(CaSi2)2,-4.0302,0.784,IR / Narrow-Gap,SOLAR,Semiconductor,Iba2,45,28
K3Ge(Se4S3)2_id3235_Final_E-4.02.cif,K3Ge(Se4S3)2,-4.021,1.152,Solar / Visible,SOLAR,Semiconductor,P1,1,18
LiAl(GaN)2_id2497_Final_E-4.00.cif,LiAl(GaN)2,-4.0003,2.011,Wide-Gap Power/LED,SOLAR,Semiconductor,P1,1,18
NaMgS12_id1557_Final_E-4.00.cif,NaMgS12,-3.9987,1.814,Solar / Visible,SOLAR,Semiconductor,Fd-3,203,112
MgSc2_id162_Final_E-3.99.cif,MgSc2,-3.994,0.269,IR / Narrow-Gap,SOLAR,Semiconductor,P1,1,18
Ge2N5O11_id953_Final_E-3.99.cif,Ge2N5O11,-3.9912,0.652,IR / Narrow-Gap,SOLAR,Semiconductor,P1,1,36
K4Si2PO2_id1158_Final_E-3.99.cif,K4Si2PO2,-3.9909,0.944,IR / Narrow-Gap,SOLAR,Semiconductor,P-42m,111,9
CaCNO6_id1398_Final_E-3.99.cif,CaCNO6,-3.9862,3.415,Wide-Gap Power/LED,SOLAR,Semiconductor,P1,1,18
KInSbSe8_id1343_Final_E-3.98.cif,KInSbSe8,-3.9765,0.452,IR / Narrow-Gap,SOLAR,Semiconductor,Pmm2,25,11
Na4SiS6_id253_Final_E-3.97.cif,Na4SiS6,-3.965,1.718,Solar / Visible,SOLAR,Semiconductor,P1,1,22
As2PSeS16_id949_Final_E-3.96.cif,As2PSeS16,-3.9643,1.872,Solar / Visible,SOLAR,Semiconductor,P1,1,40
Se2S5_id1072_Final_E-3.96.cif,Se2S5,-3.9598,2.051,Wide-Gap Power/LED,SOLAR,Semiconductor,Pba2,32,14
K3O4_id733_Final_E-3.96.cif,K3O4,-3.9577,2.392,Wide-Gap Power/LED,SOLAR,Semiconductor,I-43d,220,28
LiSeS_id3343_Final_E-3.95.cif,LiSeS,-3.9491,0.832,IR / Narrow-Gap,SOLAR,Semiconductor,Pcc2,27,12
ScCd4O24_id3213_Final_E-3.94.cif,ScCd4O24,-3.9433,1.846,Solar / Visible,SOLAR,Semiconductor,P1,1,29
MgS2_id2809_Final_E-3.94.cif,MgS2,-3.9427,1.99,Solar / Visible,SOLAR,Semiconductor,P4/nnc,126,24
PSe2_id543_Final_E-3.93.cif,PSe2,-3.9328,0.773,IR / Narrow-Gap,SOLAR,Semiconductor,P2,3,24
Sb2Te3As_id514_Final_E-3.93.cif,Sb2Te3As,-3.9294,0.411,IR / Narrow-Gap,SOLAR,Semiconductor,P1,1,12
K2Na2SrO36_id433_Final_E-3.93.cif,K2Na2SrO36,-3.9272,0.993,IR / Narrow-Gap,SOLAR,Semiconductor,P1,1,82
Si2PSeS_id2583_Final_E-3.92.cif,Si2PSeS,-3.9235,1.316,Solar / Visible,SOLAR,Semiconductor,P2/m,10,5
KNaAsS17_id1470_Final_E-3.92.cif,KNaAsS17,-3.9206,1.865,Solar / Visible,SOLAR,Semiconductor,P1,1,80
AlGa2SiSe_id2785_Final_E-3.92.cif,AlGa2SiSe,-3.9172,1.012,Solar / Visible,SOLAR,Semiconductor,P1,1,30
K3As(SeS)3_id632_Final_E-3.91.cif,K3As(SeS)3,-3.9116,1.386,Solar / Visible,SOLAR,Semiconductor,P1,1,60
Mg4AlS3_id1511_Final_E-3.91.cif,Mg4AlS3,-3.9111,0.081,IR / Narrow-Gap,SOLAR,Semiconductor,P6_3,173,16
Cd3CO10_id128_Final_E-3.91.cif,Cd3CO10,-3.9064,1.731,Solar / Visible,SOLAR,Semiconductor,R32,155,42
CdSi2Ge9S2_id3169_Final_E-3.89.cif,CdSi2Ge9S2,-3.8895,0.712,IR / Narrow-Gap,SOLAR,Semiconductor,P1,1,28
TeO_id2965_Final_E-3.89.cif,TeO,-3.8863,2.418,Wide-Gap Power/LED,SOLAR,Semiconductor,P6_222,180,12
ZnGeSe2_id552_Final_E-3.88.cif,ZnGeSe2,-3.8798,1.133,Solar / Visible,SOLAR,Semiconductor,I-42d,122,16
KZnCdO3_id3071_Final_E-3.88.cif,KZnCdO3,-3.8791,0.421,IR / Narrow-Gap,SOLAR,Semiconductor,P2_1/c,14,48
Cd(GaSe2)2_id2968_Final_E-3.87.cif,Cd(GaSe2)2,-3.8747,1.19,Solar / Visible,SOLAR,Semiconductor,P-42m,111,7
AsO21_id1604_Final_E-3.87.cif,AsO21,-3.8705,1.025,Solar / Visible,SOLAR,Semiconductor,P1,1,44
LiBO_id2740_Final_E-3.86.cif,LiBO,-3.8646,3.305,Wide-Gap Power/LED,SOLAR,Semiconductor,P4_2/mmc,131,6
BaSr2NO2_id1642_Final_E-3.86.cif,BaSr2NO2,-3.864,0.07,IR / Narrow-Gap,SOLAR,Semiconductor,P1,1,24
ScGeBS18_id146_Final_E-3.86.cif,ScGeBS18,-3.8634,1.783,Solar / Visible,SOLAR,Semiconductor,P1,1,21
NaO2_id1705_Final_E-3.86.cif,NaO2,-3.8625,3.146,Wide-Gap Power/LED,SOLAR,Semiconductor,Fm-3m,225,12
K2NaO2_id3181_Final_E-3.86.cif,K2NaO2,-3.8599,1.878,Solar / Visible,SOLAR,Semiconductor,Pbca,61,20
KTe2(NO2)4_id3185_Final_E-3.86.cif,KTe2(NO2)4,-3.8591,2.214,Wide-Gap Power/LED,SOLAR,Semiconductor,P1,1,60
SeS2_id1279_Final_E-3.86.cif,SeS2,-3.857,1.658,Solar / Visible,SOLAR,Semiconductor,P3_112,151,9
LiP_id2995_Final_E-3.86.cif,LiP,-3.8569,1.531,Solar / Visible,SOLAR,Semiconductor,P1,1,32
LiGeAs_id806_Final_E-3.86.cif,LiGeAs,-3.8569,0.668,IR / Narrow-Gap,SOLAR,Semiconductor,P6_522,179,18
SrGaTe2_id213_Final_E-3.86.cif,SrGaTe2,-3.8557,1.337,Solar / Visible,SOLAR,Semiconductor,I4_1/amd,141,16
LiBeSiGe2_id2361_Final_E-3.86.cif,LiBeSiGe2,-3.8553,0.182,IR / Narrow-Gap,SOLAR,Semiconductor,P-1,2,10
CdPS_id1747_Final_E-3.85.cif,CdPS,-3.8524,1.666,Solar / Visible,SOLAR,Semiconductor,P2_1/m,11,12
KNa2GaS6_id679_Final_E-3.85.cif,KNa2GaS6,-3.8489,2.664,Wide-Gap Power/LED,SOLAR,Semiconductor,P2,3,40
Ba4Li4SbP21_id2279_Final_E-3.85.cif,Ba4Li4SbP21,-3.8469,2.787,Wide-Gap Power/LED,SOLAR,Semiconductor,Pm,6,60
Li3Ge2(AsP)2_id1233_Final_E-3.83.cif,Li3Ge2(AsP)2,-3.8329,1.64,Solar / Visible,SOLAR,Semiconductor,P1,1,18
Li2Be3PN2_id226_Final_E-3.82.cif,Li2Be3PN2,-3.8161,1.896,Solar / Visible,SOLAR,Semiconductor,P1,1,32
KLiO8_id1130_Final_E-3.81.cif,KLiO8,-3.815,2.735,Wide-Gap Power/LED,SOLAR,Semiconductor,P1,1,20
Ba7Ca2N20_id1129_Final_E-3.81.cif,Ba7Ca2N20,-3.8075,2.661,Wide-Gap Power/LED,SOLAR,Semiconductor,P1,1,29
Na2PO_id2064_Final_E-3.80.cif,Na2PO,-3.7974,2.356,Wide-Gap Power/LED,SOLAR,Semiconductor,P4/mmm,123,16
Li2SbSe2_id449_Final_E-3.79.cif,Li2SbSe2,-3.7893,1.339,Solar / Visible,SOLAR,Semiconductor,I4/mmm,139,10
SeS_id1988_Final_E-3.78.cif,SeS,-3.7845,1.634,Solar / Visible,SOLAR,Semiconductor,P4/m,83,8
GaAs_id2315_Final_E-3.78.cif,GaAs,-3.7822,0.415,IR / Narrow-Gap,SOLAR,Semiconductor,P4_32_12,96,8
CdGa3(Se2S)4_id2020_Final_E-3.77.cif,CdGa3(Se2S)4,-3.7693,0.887,IR / Narrow-Gap,SOLAR,Semiconductor,P1,1,32
K2O2_id2723_Final_E-3.76.cif,K2O2,-3.7602,0.43,IR / Narrow-Gap,SOLAR,Semiconductor,I4_1/amd,141,8
Ti3Be11ZnB6_id451_Final_E-3.76.cif,Ti3Be11ZnB6,-3.7553,2.262,Wide-Gap Power/LED,SOLAR,Semiconductor,Pm,6,84
Na2O_id794_Final_E-3.74.cif,Na2O,-3.7399,1.601,Solar / Visible,SOLAR,Semiconductor,Pbca,61,12
ScS36_id2798_Final_E-3.73.cif,ScS36,-3.7316,0.96,IR / Narrow-Gap,SOLAR,Semiconductor,P1,1,74
TeS_id869_Final_E-3.73.cif,TeS,-3.7252,0.69,IR / Narrow-Gap,SOLAR,Semiconductor,P4/m,83,8
K7S9_id2208_Final_E-3.72.cif,K7S9,-3.7223,1.132,Solar / Visible,SOLAR,Semiconductor,P1,1,16
LiSO11_id1792_Final_E-3.70.cif,LiSO11,-3.6994,0.431,IR / Narrow-Gap,SOLAR,Semiconductor,P1,1,26
Li8AlGaGe32_id846_Final_E-3.70.cif,Li8AlGaGe32,-3.6982,2.386,Wide-Gap Power/LED,SOLAR,Semiconductor,P4/mcc,124,84
InSnTe2_id565_Final_E-3.70.cif,InSnTe2,-3.6974,0.058,IR / Narrow-Gap,SOLAR,Semiconductor,I4/mmm,139,8
NaMg2InSe4_id1258_Final_E-3.69.cif,NaMg2InSe4,-3.6925,1.841,Solar / Visible,SOLAR,Semiconductor,I-42d,122,32
K2Zn5O4_id3334_Final_E-3.69.cif,K2Zn5O4,-3.6865,0.132,IR / Narrow-Gap,SOLAR,Semiconductor,I4/m,87,22
K2Ga2SnSe3_id2456_Final_E-3.68.cif,K2Ga2SnSe3,-3.6845,1.702,Solar / Visible,SOLAR,Semiconductor,Pmc2_1,26,16
CaO6_id1740_Final_E-3.68.cif,CaO6,-3.6821,0.415,IR / Narrow-Gap,SOLAR,Semiconductor,P1,1,7
Li3GaGeTe4_id3083_Final_E-3.67.cif,Li3GaGeTe4,-3.6741,0.992,IR / Narrow-Gap,SOLAR,Semiconductor,P-43m,215,9
LiAlSbS6_id1042_Final_E-3.67.cif,LiAlSbS6,-3.6728,2.041,Wide-Gap Power/LED,SOLAR,Semiconductor,Cmme,67,36
MgSe_id2056_Final_E-3.67.cif,MgSe,-3.6704,1.892,Solar / Visible,SOLAR,Semiconductor,P4/m,83,8
Li5AsO2_id1533_Final_E-3.67.cif,Li5AsO2,-3.6677,2.865,Wide-Gap Power/LED,SOLAR,Semiconductor,P1,1,16
Mg3(Se2S3)2_id2431_Final_E-3.66.cif,Mg3(Se2S3)2,-3.6568,1.792,Solar / Visible,SOLAR,Semiconductor,P1,1,26
K3Na5CaSe6_id2554_Final_E-3.65.cif,K3Na5CaSe6,-3.654,1.938,Solar / Visible,SOLAR,Semiconductor,P1,1,45
Li6Ti3Ga2_id766_Final_E-3.65.cif,Li6Ti3Ga2,-3.6517,1.329,Solar / Visible,SOLAR,Semiconductor,P-1,2,22
KBaSe_id3381_Final_E-3.63.cif,KBaSe,-3.6325,2.036,Wide-Gap Power/LED,SOLAR,Semiconductor,C2/m,12,12
ZnTeS2_id2018_Final_E-3.63.cif,ZnTeS2,-3.6271,0.532,IR / Narrow-Gap,SOLAR,Semiconductor,P2_1,4,8
KBO32_id299_Final_E-3.63.cif,KBO32,-3.6265,2.207,Wide-Gap Power/LED,SOLAR,Semiconductor,P1,1,68
SrS20_id180_Final_E-3.62.cif,SrS20,-3.6208,1.883,Solar / Visible,SOLAR,Semiconductor,Pm,6,84
Ba2LiS2O3_id3099_Final_E-3.62.cif,Ba2LiS2O3,-3.6165,0.525,IR / Narrow-Gap,SOLAR,Semiconductor,P6_222,180,24
Li7Zn2O9_id15_Final_E-3.60.cif,Li7Zn2O9,-3.605,3.069,Wide-Gap Power/LED,SOLAR,Semiconductor,P1,1,18
CdS2N_id1854_Final_E-3.60.cif,CdS2N,-3.6046,1.321,Solar / Visible,SOLAR,Semiconductor,Pca2_1,29,16
Na3MgN2_id1621_Final_E-3.58.cif,Na3MgN2,-3.5843,0.515,IR / Narrow-Gap,SOLAR,Semiconductor,Pn-3m,224,12
Mg3Te2(SeS6)2_id498_Final_E-3.58.cif,Mg3Te2(SeS6)2,-3.5842,1.748,Solar / Visible,SOLAR,Semiconductor,P1,1,38
Li6Al(TeSe)4_id2287_Final_E-3.57.cif,Li6Al(TeSe)4,-3.5694,1.272,Solar / Visible,SOLAR,Semiconductor,R3m,160,15
KSO_id1294_Final_E-3.56.cif,KSO,-3.5645,0.762,IR / Narrow-Gap,SOLAR,Semiconductor,P-3m1,164,6
LiTeSe_id2297_Final_E-3.55.cif,LiTeSe,-3.5491,1.174,Solar / Visible,SOLAR,Semiconductor,P4_32_12,96,24
Zn2Ga2Si2Ge7_id142_Final_E-3.55.cif,Zn2Ga2Si2Ge7,-3.5476,0.791,IR / Narrow-Gap,SOLAR,Semiconductor,P1,1,52
Ba(AlS)2_id1912_Final_E-3.54.cif,Ba(AlS)2,-3.5429,2.553,Wide-Gap Power/LED,SOLAR,Semiconductor,Pn-3m,224,10
GeSe3O2_id686_Final_E-3.50.cif,GeSe3O2,-3.4953,1.043,Solar / Visible,SOLAR,Semiconductor,Pm,6,12
TiPO8_id3377_Final_E-3.48.cif,TiPO8,-3.4848,1.172,Solar / Visible,SOLAR,Semiconductor,P1,1,20
K3BaLi3Se4_id1153_Final_E-3.48.cif,K3BaLi3Se4,-3.4751,1.932,Solar / Visible,SOLAR,Semiconductor,Pm-3n,223,22
MgS_id2898_Final_E-3.47.cif,MgS,-3.4672,1.583,Solar / Visible,SOLAR,Semiconductor,Pm,6,2
ZnInTe2Se3_id300_Final_E-3.47.cif,ZnInTe2Se3,-3.4656,0.633,IR / Narrow-Gap,SOLAR,Semiconductor,Pm,6,7
LiTe_id522_Final_E-3.44.cif,LiTe,-3.4398,0.295,IR / Narrow-Gap,SOLAR,Semiconductor,Pbca,61,16
NaTeSe_id2087_Final_E-3.44.cif,NaTeSe,-3.4376,0.603,IR / Narrow-Gap,SOLAR,Semiconductor,Aea2,41,24
Li3Te2_id2900_Final_E-3.44.cif,Li3Te2,-3.4364,1.065,Solar / Visible,SOLAR,Semiconductor,P-42_1m,113,10
MgP_id3175_Final_E-3.43.cif,MgP,-3.4349,0.469,IR / Narrow-Gap,SOLAR,Semiconductor,P222,16,24
K2SbTe4_id752_Final_E-3.43.cif,K2SbTe4,-3.4289,0.292,IR / Narrow-Gap,SOLAR,Semiconductor,P1,1,14
SrTiC2_id2125_Final_E-3.42.cif,SrTiC2,-3.4242,0.818,IR / Narrow-Gap,SOLAR,Semiconductor,I4_1/amd,141,16
InO20_id2609_Final_E-3.42.cif,InO20,-3.4158,1.328,Solar / Visible,SOLAR,Semiconductor,P1,1,21
KInTe4_id3117_Final_E-3.40.cif,KInTe4,-3.3993,0.429,IR / Narrow-Gap,SOLAR,Semiconductor,I-42d,122,24
MgTe_id1623_Final_E-3.39.cif,MgTe,-3.3891,1.756,Solar / Visible,SOLAR,Semiconductor,Aea2,41,16
Ca4Al(TeSe2)3_id1662_Final_E-3.39.cif,Ca4Al(TeSe2)3,-3.3859,0.311,IR / Narrow-Gap,SOLAR,Semiconductor,Im-3m,229,28
Li3ScAs_id1624_Final_E-3.38.cif,Li3ScAs,-3.3811,0.254,IR / Narrow-Gap,SOLAR,Semiconductor,Pm-3m,221,5
Ge6Te3As3Se7_id899_Final_E-3.38.cif,Ge6Te3As3Se7,-3.3768,1.269,Solar / Visible,SOLAR,Semiconductor,P1,1,114
Al9Ga2_id2773_Final_E-3.37.cif,Al9Ga2,-3.3654,3.26,Wide-Gap Power/LED,SOLAR,Semiconductor,P1,1,44
BaAs(Se4S3)2_id1932_Final_E-3.36.cif,BaAs(Se4S3)2,-3.3634,1.161,Solar / Visible,SOLAR,Semiconductor,Cmc2_1,36,64
MgGaP_id693_Final_E-3.35.cif,MgGaP,-3.3512,0.257,IR / Narrow-Gap,SOLAR,Semiconductor,P2_1,4,6
K2Na2AsS4_id468_Final_E-3.34.cif,K2Na2AsS4,-3.3369,2.721,Wide-Gap Power/LED,SOLAR,Semiconductor,P1,1,9
KS_id2375_Final_E-3.34.cif,KS,-3.3365,2.368,Wide-Gap Power/LED,SOLAR,Semiconductor,P1,1,16
ZnTeAsSe_id2222_Final_E-3.34.cif,ZnTeAsSe,-3.3364,0.203,IR / Narrow-Gap,SOLAR,Semiconductor,P1,1,32
KCd(Te2Se)2_id1806_Final_E-3.34.cif,KCd(Te2Se)2,-3.335,0.571,IR / Narrow-Gap,SOLAR,Semiconductor,P1,1,16
Ti3Zn3Sn3Te16_id3058_Final_E-3.31.cif,Ti3Zn3Sn3Te16,-3.3075,0.678,IR / Narrow-Gap,SOLAR,Semiconductor,P6_3/m,176,50
BaLi8TiTe4_id2544_Final_E-3.31.cif,BaLi8TiTe4,-3.3064,1.149,Solar / Visible,SOLAR,Semiconductor,I222,23,28
ScZn6(SeS3)2_id68_Final_E-3.30.cif,ScZn6(SeS3)2,-3.3024,1.334,Solar / Visible,SOLAR,Semiconductor,P1,1,60
K2MgZnSi4_id231_Final_E-3.29.cif,K2MgZnSi4,-3.2862,0.599,IR / Narrow-Gap,SOLAR,Semiconductor,P3_121,152,24
MgSi_id1449_Final_E-3.28.cif,MgSi,-3.2783,0.396,IR / Narrow-Gap,SOLAR,Semiconductor,I4_1/amd,141,8
KGaSeS2_id279_Final_E-3.27.cif,KGaSeS2,-3.274,1.133,Solar / Visible,SOLAR,Semiconductor,P1,1,30
ZnSe2_id1555_Final_E-3.27.cif,ZnSe2,-3.2736,0.083,IR / Narrow-Gap,SOLAR,Semiconductor,Pnnn,48,12
Zn2O_id3239_Final_E-3.27.cif,Zn2O,-3.2717,0.333,IR / Narrow-Gap,SOLAR,Semiconductor,P2_1/c,14,12
Ti2O5_id1633_Final_E-3.27.cif,Ti2O5,-3.2662,0.555,IR / Narrow-Gap,SOLAR,Semiconductor,Cm,8,7
Na9Te4SeS4_id536_Final_E-3.27.cif,Na9Te4SeS4,-3.2657,1.476,Solar / Visible,SOLAR,Semiconductor,I4,79,36
Li28BAsO8_id2539_Final_E-3.25.cif,Li28BAsO8,-3.2528,3.227,Wide-Gap Power/LED,SOLAR,Semiconductor,Pm,6,76
Li4GeAs_id3189_Final_E-3.25.cif,Li4GeAs,-3.2521,0.766,IR / Narrow-Gap,SOLAR,Semiconductor,P1,1,12
Ti3Zn5O2_id2831_Final_E-3.25.cif,Ti3Zn5O2,-3.2499,0.052,IR / Narrow-Gap,SOLAR,Semiconductor,P1,1,30
Mg(GaGe)2_id612_Final_E-3.25.cif,Mg(GaGe)2,-3.2484,2.137,Wide-Gap Power/LED,SOLAR,Semiconductor,P4_332,212,20
K2Li(TiBe)2_id2519_Final_E-3.24.cif,K2Li(TiBe)2,-3.2408,2.914,Wide-Gap Power/LED,SOLAR,Semiconductor,P-1,2,21
LiGa6(SiAs)2_id1942_Final_E-3.23.cif,LiGa6(SiAs)2,-3.229,2.637,Wide-Gap Power/LED,SOLAR,Semiconductor,P4/mnc,128,44
K3AlSn3As4_id2038_Final_E-3.22.cif,K3AlSn3As4,-3.2198,0.296,IR / Narrow-Gap,SOLAR,Semiconductor,P1,1,11
K2Ca(GaGe)4_id1166_Final_E-3.21.cif,K2Ca(GaGe)4,-3.2124,0.184,IR / Narrow-Gap,SOLAR,Semiconductor,Fdd2,43,88
Na24B(PO)12_id885_Final_E-3.16.cif,Na24B(PO)12,-3.161,2.336,Wide-Gap Power/LED,SOLAR,Semiconductor,I432,211,98
Sb2AsSe2_id1327_Final_E-3.15.cif,Sb2AsSe2,-3.1518,2.254,Wide-Gap Power/LED,SOLAR,Semiconductor,P1,1,20
KLiNO_id1464_Final_E-3.14.cif,KLiNO,-3.1375,0.938,IR / Narrow-Gap,SOLAR,Semiconductor,P1,1,16
Na2Se_id2010_Final_E-3.13.cif,Na2Se,-3.1313,0.174,IR / Narrow-Gap,SOLAR,Semiconductor,I4/m,87,24
Li7Ca3(SiAs)3_id330_Final_E-3.12.cif,Li7Ca3(SiAs)3,-3.1209,1.127,Solar / Visible,SOLAR,Semiconductor,P31m,157,16
TiGa(Te6S)2_id2117_Final_E-3.12.cif,TiGa(Te6S)2,-3.1175,2.253,Wide-Gap Power/LED,SOLAR,Semiconductor,P1,1,128
KCd2Te4As_id29_Final_E-3.11.cif,KCd2Te4As,-3.1147,0.932,IR / Narrow-Gap,SOLAR,Semiconductor,I-42m,121,16
Mg2S_id456_Final_E-3.11.cif,Mg2S,-3.111,1.428,Solar / Visible,SOLAR,Semiconductor,Cm,8,12
Zn4Ga3S4_id1418_Final_E-3.11.cif,Zn4Ga3S4,-3.108,0.081,IR / Narrow-Gap,SOLAR,Semiconductor,P2_1,4,22
Sc3Ti9O11_id499_Final_E-3.10.cif,Sc3Ti9O11,-3.1013,0.305,IR / Narrow-Gap,SOLAR,Semiconductor,P1,1,92
K9GeO13_id3158_Final_E-3.10.cif,K9GeO13,-3.096,1.498,Solar / Visible,SOLAR,Semiconductor,P1,1,46
K5NaInO6_id713_Final_E-3.09.cif,K5NaInO6,-3.0935,2.804,Wide-Gap Power/LED,SOLAR,Semiconductor,P1,1,26
BaNa(SO45)2_id926_Final_E-3.08.cif,BaNa(SO45)2,-3.0838,0.191,IR / Narrow-Gap,SOLAR,Semiconductor,P-3,147,94
KSb_id2937_Final_E-3.08.cif,KSb,-3.0814,0.503,IR / Narrow-Gap,SOLAR,Semiconductor,P-1,2,4
InAs_id1352_Final_E-3.08.cif,InAs,-3.078,0.161,IR / Narrow-Gap,SOLAR,Semiconductor,Pmna,53,16
MgSnSb_id1252_Final_E-3.06.cif,MgSnSb,-3.0638,2.064,Wide-Gap Power/LED,SOLAR,Semiconductor,P1,1,12
K2GaSnAs_id2172_Final_E-3.05.cif,K2GaSnAs,-3.0497,0.737,IR / Narrow-Gap,SOLAR,Semiconductor,P2/c,13,20
Zn3CdGaO13_id19_Final_E-3.00.cif,Zn3CdGaO13,-3.0005,1.107,Solar / Visible,SOLAR,Semiconductor,P1,1,54
K3Sr6Mg2O6_id3030_Final_E-2.99.cif,K3Sr6Mg2O6,-2.9902,2.685,Wide-Gap Power/LED,SOLAR,Semiconductor,P1,1,68
NaLiGaSb_id1439_Final_E-2.98.cif,NaLiGaSb,-2.9783,0.951,IR / Narrow-Gap,SOLAR,Semiconductor,P3m1,156,4
KLiP_id1053_Final_E-2.98.cif,KLiP,-2.9758,1.259,Solar / Visible,SOLAR,Semiconductor,P4_2/m,84,12
Al2CdGa6Sn5_id1715_Final_E-2.97.cif,Al2CdGa6Sn5,-2.9717,0.524,IR / Narrow-Gap,SOLAR,Semiconductor,P1,1,28
Na2Li4AlP2_id994_Final_E-2.92.cif,Na2Li4AlP2,-2.917,0.239,IR / Narrow-Gap,SOLAR,Semiconductor,P2_1,4,18
Ba4Sb_id494_Final_E-2.91.cif,Ba4Sb,-2.9133,0.15,IR / Narrow-Gap,SOLAR,Semiconductor,P4_2/nmc,137,10
K7NaO4_id1789_Final_E-2.85.cif,K7NaO4,-2.8476,2.914,Wide-Gap Power/LED,SOLAR,Semiconductor,P1,1,24
Na4As3_id2026_Final_E-2.80.cif,Na4As3,-2.7972,1.195,Solar / Visible,SOLAR,Semiconductor,I-43d,220,28
K6SiSn6_id254_Final_E-2.77.cif,K6SiSn6,-2.7747,1.194,Solar / Visible,SOLAR,Semiconductor,P1,1,26
K4P3_id3297_Final_E-2.73.cif,K4P3,-2.7317,1.103,Solar / Visible,SOLAR,Semiconductor,I-43d,220,28
InSn16Ge3_id694_Final_E-2.73.cif,InSn16Ge3,-2.7293,1.23,Solar / Visible,SOLAR,Semiconductor,P1,1,40
Mg4Al8Ga4Si5_id830_Final_E-2.71.cif,Mg4Al8Ga4Si5,-2.7086,1.505,Solar / Visible,SOLAR,Semiconductor,Cccm,66,84
K11Na4O5_id557_Final_E-2.71.cif,K11Na4O5,-2.7054,0.723,IR / Narrow-Gap,SOLAR,Semiconductor,P2_12_12,18,80
NaLi3P_id76_Final_E-2.70.cif,NaLi3P,-2.7019,0.981,IR / Narrow-Gap,SOLAR,Semiconductor,Pc,7,10
Li7Sc2_id2510_Final_E-2.70.cif,Li7Sc2,-2.6953,0.294,IR / Narrow-Gap,SOLAR,Semiconductor,P1,1,18
CNO_id634_Final_E-2.67.cif,CNO,-2.6745,1.471,Solar / Visible,SOLAR,Semiconductor,P-6m2,187,3
K2SnGe_id2973_Final_E-2.65.cif,K2SnGe,-2.6489,0.311,IR / Narrow-Gap,SOLAR,Semiconductor,Pmmn,59,8
Li2Be5(Al2B)2_id2986_Final_E-2.65.cif,Li2Be5(Al2B)2,-2.6488,0.134,IR / Narrow-Gap,SOLAR,Semiconductor,P1,1,26
ZnCdSeS_id1199_Final_E-2.62.cif,ZnCdSeS,-2.6225,1.557,Solar / Visible,SOLAR,Semiconductor,P1,1,24
Li(ZnGe)3_id372_Final_E-2.62.cif,Li(ZnGe)3,-2.6211,0.287,IR / Narrow-Gap,SOLAR,Semiconductor,Pm-3n,223,14
NaIn5_id3062_Final_E-2.61.cif,NaIn5,-2.6134,1.296,Solar / Visible,SOLAR,Semiconductor,I4/mmm,139,12
Li6MgNO16_id1659_Final_E-2.57.cif,Li6MgNO16,-2.5749,2.556,Wide-Gap Power/LED,SOLAR,Semiconductor,Pm,6,48
KNaAs_id1426_Final_E-2.57.cif,KNaAs,-2.5714,0.935,IR / Narrow-Gap,SOLAR,Semiconductor,P-6m2,187,3
LiAs24_id263_Final_E-2.53.cif,LiAs24,-2.5267,0.291,IR / Narrow-Gap,SOLAR,Semiconductor,P1,1,25
KLiGa3_id1014_Final_E-2.52.cif,KLiGa3,-2.5227,0.269,IR / Narrow-Gap,SOLAR,Semiconductor,P6_5,170,30
Zn3O_id490_Final_E-2.52.cif,Zn3O,-2.5186,0.761,IR / Narrow-Gap,SOLAR,Semiconductor,P4_132,213,32
Mg4Ge3_id2725_Final_E-2.52.cif,Mg4Ge3,-2.5167,0.235,IR / Narrow-Gap,SOLAR,Semiconductor,Ccce,68,28
KNaCdSn3_id1721_Final_E-2.50.cif,KNaCdSn3,-2.4954,0.095,IR / Narrow-Gap,SOLAR,Semiconductor,P-4n2,118,12
KGa2_id517_Final_E-2.49.cif,KGa2,-2.4901,0.075,IR / Narrow-Gap,SOLAR,Semiconductor,P6/mmm,191,3
K4Sr(ZnSi)5_id175_Final_E-2.45.cif,K4Sr(ZnSi)5,-2.4513,0.626,IR / Narrow-Gap,SOLAR,Semiconductor,P1,1,30
KS_id2433_Final_E-2.43.cif,KS,-2.4266,2.995,Wide-Gap Power/LED,SOLAR,Semiconductor,I4_132,214,48
KMgSn_id1522_Final_E-2.42.cif,KMgSn,-2.4199,0.268,IR / Narrow-Gap,SOLAR,Semiconductor,P-6m2,187,3
Mg3Cd2(Se3S)3_id218_Final_E-2.41.cif,Mg3Cd2(Se3S)3,-2.4105,2.162,Wide-Gap Power/LED,SOLAR,Semiconductor,P1,1,34
B8C13_id1028_Final_E-2.41.cif,B8C13,-2.4076,0.346,IR / Narrow-Gap,SOLAR,Semiconductor,P1,1,42
Li7(ZnAs)3_id1885_Final_E-2.41.cif,Li7(ZnAs)3,-2.4059,0.797,IR / Narrow-Gap,SOLAR,Semiconductor,P1,1,78
KO4_id1655_Final_E-2.37.cif,KO4,-2.3672,2.341,Wide-Gap Power/LED,SOLAR,Semiconductor,P4_2/mbc,135,40
Cd6Ga2(GeN2)3_id2272_Final_E-2.35.cif,Cd6Ga2(GeN2)3,-2.3548,0.359,IR / Narrow-Gap,SOLAR,Semiconductor,P1,1,68
KNaInSn_id338_Final_E-2.33.cif,KNaInSn,-2.3304,0.072,IR / Narrow-Gap,SOLAR,Semiconductor,F-43m,216,16
Na2LiSb_id791_Final_E-2.30.cif,Na2LiSb,-2.2988,0.865,IR / Narrow-Gap,SOLAR,Semiconductor,P4_2/mcm,132,16
BaB2N12O23_id531_Final_E-2.29.cif,BaB2N12O23,-2.2892,1.175,Solar / Visible,SOLAR,Semiconductor,P1,1,38
Sc2Cd2Sn_id834_Final_E-2.28.cif,Sc2Cd2Sn,-2.2784,1.029,Solar / Visible,SOLAR,Semiconductor,Pm,6,20
K4Te_id1455_Final_E-2.27.cif,K4Te,-2.2658,1.484,Solar / Visible,SOLAR,Semiconductor,P-1,2,10
Na3In5_id2289_Final_E-2.25.cif,Na3In5,-2.2499,0.479,IR / Narrow-Gap,SOLAR,Semiconductor,I-42d,122,32
In7S_id2405_Final_E-2.23.cif,In7S,-2.2283,1.986,Solar / Visible,SOLAR,Semiconductor,P4_2/mbc,135,64
K2ZnSb6_id1926_Final_E-2.20.cif,K2ZnSb6,-2.1964,1.237,Solar / Visible,SOLAR,Semiconductor,P1,1,36
Sr3B(NO)18_id955_Final_E-2.19.cif,Sr3B(NO)18,-2.1866,3.36,Wide-Gap Power/LED,SOLAR,Semiconductor,Pm,6,80
NO42_id2043_Final_E-2.17.cif,NO42,-2.1747,1.208,Solar / Visible,SOLAR,Semiconductor,P1,1,43
As5Se2_id974_Final_E-2.17.cif,As5Se2,-2.1658,0.529,IR / Narrow-Gap,SOLAR,Semiconductor,I4_1/amd,141,28
K4Li(InGa3)4_id1131_Final_E-2.15.cif,K4Li(InGa3)4,-2.1537,1.068,Solar / Visible,SOLAR,Semiconductor,P4_2/nmc,137,42
NaIn_id309_Final_E-2.14.cif,NaIn,-2.1423,0.396,IR / Narrow-Gap,SOLAR,Semiconductor,I4_1/amd,141,8
BaInO24_id1410_Final_E-2.13.cif,BaInO24,-2.1344,0.069,IR / Narrow-Gap,SOLAR,Semiconductor,P1,1,52
KSO40_id1698_Final_E-2.10.cif,KSO40,-2.0956,0.635,IR / Narrow-Gap,SOLAR,Semiconductor,P1,1,84
Na4Cd3Sb2_id753_Final_E-2.09.cif,Na4Cd3Sb2,-2.0947,0.895,IR / Narrow-Gap,SOLAR,Semiconductor,P-3c1,165,18
Zn8(InGa3)3_id2123_Final_E-2.08.cif,Zn8(InGa3)3,-2.0832,3.153,Wide-Gap Power/LED,SOLAR,Semiconductor,P1,1,20
TiO19_id2278_Final_E-2.05.cif,TiO19,-2.054,0.982,IR / Narrow-Gap,SOLAR,Semiconductor,Pm,6,80
Li4TiTeSe_id2865_Final_E-2.03.cif,Li4TiTeSe,-2.0336,2.527,Wide-Gap Power/LED,SOLAR,Semiconductor,P1,1,56
Na4SrLiIn_id1271_Final_E-2.03.cif,Na4SrLiIn,-2.0324,0.818,IR / Narrow-Gap,SOLAR,Semiconductor,P2,3,14
Cd6Ga35_id2858_Final_E-2.03.cif,Cd6Ga35,-2.0306,2.181,Wide-Gap Power/LED,SOLAR,Semiconductor,P2,3,82
K3(ZnGa2)2_id1441_Final_E-2.00.cif,K3(ZnGa2)2,-2.001,2.78,Wide-Gap Power/LED,SOLAR,Semiconductor,P-1,2,72
ZnIn_id1339_Final_E-1.99.cif,ZnIn,-1.9918,0.103,IR / Narrow-Gap,SOLAR,Semiconductor,I4_1/acd,142,32
Li3CaGa_id1095_Final_E-1.99.cif,Li3CaGa,-1.9916,1.77,Solar / Visible,SOLAR,Semiconductor,P1,1,40
AsO_id2668_Final_E-1.99.cif,AsO,-1.9903,1.586,Solar / Visible,SOLAR,Semiconductor,P4_32_12,96,8
Mg(InTe2)2_id3140_Final_E-1.98.cif,Mg(InTe2)2,-1.9814,0.35,IR / Narrow-Gap,SOLAR,Semiconductor,Pmmn,59,14
LiMg4Al2Sn_id2576_Final_E-1.93.cif,LiMg4Al2Sn,-1.9299,0.554,IR / Narrow-Gap,SOLAR,Semiconductor,P1,1,32
KLiSn_id576_Final_E-1.92.cif,KLiSn,-1.9194,2.175,Wide-Gap Power/LED,SOLAR,Semiconductor,Pmmm,47,6
Li7Mg_id996_Final_E-1.87.cif,Li7Mg,-1.8728,1.575,Solar / Visible,SOLAR,Semiconductor,P1,1,16
LiMgSn2_id1222_Final_E-1.87.cif,LiMgSn2,-1.8669,0.15,IR / Narrow-Gap,SOLAR,Semiconductor,Cm,8,8
NaLi8Cd2O3_id1175_Final_E-1.86.cif,NaLi8Cd2O3,-1.8644,1.439,Solar / Visible,SOLAR,Semiconductor,Iba2,45,56
K2Li5Sb_id2091_Final_E-1.86.cif,K2Li5Sb,-1.8643,1.331,Solar / Visible,SOLAR,Semiconductor,Cm,8,16
Mg3Sn2(SO2)2_id506_Final_E-1.84.cif,Mg3Sn2(SO2)2,-1.8365,0.347,IR / Narrow-Gap,SOLAR,Semiconductor,P-42_1m,113,22
Cd3In4_id56_Final_E-1.81.cif,Cd3In4,-1.8116,2.104,Wide-Gap Power/LED,SOLAR,Semiconductor,P-1,2,14
K2Na3In2Ga_id900_Final_E-1.80.cif,K2Na3In2Ga,-1.8046,0.747,IR / Narrow-Gap,SOLAR,Semiconductor,P-1,2,16
Zn4Ga_id3155_Final_E-1.80.cif,Zn4Ga,-1.8017,2.292,Wide-Gap Power/LED,SOLAR,Semiconductor,P4_2/nmc,137,10
Mg(AlIn4)3_id2318_Final_E-1.80.cif,Mg(AlIn4)3,-1.8007,1.948,Solar / Visible,SOLAR,Semiconductor,P1,1,32
Zn3In2(GaO2)2_id589_Final_E-1.79.cif,Zn3In2(GaO2)2,-1.7928,0.752,IR / Narrow-Gap,SOLAR,Semiconductor,P1,1,22
Mg3ZnN_id2288_Final_E-1.78.cif,Mg3ZnN,-1.7828,0.061,IR / Narrow-Gap,SOLAR,Semiconductor,Pm-3m,221,5
Li2Mg6Sn_id2878_Final_E-1.75.cif,Li2Mg6Sn,-1.7484,1.686,Solar / Visible,SOLAR,Semiconductor,P1,1,9
Al19Zn12_id2753_Final_E-1.71.cif,Al19Zn12,-1.7062,0.946,IR / Narrow-Gap,SOLAR,Semiconductor,P222,16,62
K9Sb6(Te6P)2_id1925_Final_E-1.70.cif,K9Sb6(Te6P)2,-1.6963,0.289,IR / Narrow-Gap,SOLAR,Semiconductor,P1,1,29
Al3Zn2_id658_Final_E-1.66.cif,Al3Zn2,-1.6586,0.065,IR / Narrow-Gap,SOLAR,Semiconductor,Pm,6,40
K2Li9Mg_id639_Final_E-1.66.cif,K2Li9Mg,-1.6562,2.359,Wide-Gap Power/LED,SOLAR,Semiconductor,P1,1,24
LiCaMg2S_id3024_Final_E-1.62.cif,LiCaMg2S,-1.616,1.81,Solar / Visible,SOLAR,Semiconductor,P4mm,99,5
TeSeO2_id1605_Final_E-1.61.cif,TeSeO2,-1.6099,1.858,Solar / Visible,SOLAR,Semiconductor,Cm,8,128
Na4Cd3In2_id2857_Final_E-1.58.cif,Na4Cd3In2,-1.575,1.099,Solar / Visible,SOLAR,Semiconductor,P4_22_12,94,36
LiZn4_id1101_Final_E-1.56.cif,LiZn4,-1.5644,2.909,Wide-Gap Power/LED,SOLAR,Semiconductor,P4_2/nmc,137,10
K3Ca2(AlGa)2_id738_Final_E-1.55.cif,K3Ca2(AlGa)2,-1.5459,0.07,IR / Narrow-Gap,SOLAR,Semiconductor,P1,1,18
K34Na3CaO6_id1402_Final_E-1.51.cif,K34Na3CaO6,-1.511,1.272,Solar / Visible,SOLAR,Semiconductor,P1,1,44
Na4In17Ga6_id2014_Final_E-1.48.cif,Na4In17Ga6,-1.4752,0.195,IR / Narrow-Gap,SOLAR,Semiconductor,P6/mmm,191,27
Zn2Cd5Ga2_id1812_Final_E-1.47.cif,Zn2Cd5Ga2,-1.4712,2.242,Wide-Gap Power/LED,SOLAR,Semiconductor,P1,1,36
Li6Mg8ScTi_id2116_Final_E-1.45.cif,Li6Mg8ScTi,-1.4538,0.085,IR / Narrow-Gap,SOLAR,Semiconductor,P1,1,16
Ba4O9_id2120_Final_E-1.45.cif,Ba4O9,-1.4526,3.253,Wide-Gap Power/LED,SOLAR,Semiconductor,P1,1,104
Sc4Ti3Zn8Ga3_id1825_Final_E-1.45.cif,Sc4Ti3Zn8Ga3,-1.4503,0.202,IR / Narrow-Gap,SOLAR,Semiconductor,Cc,9,72
LiTi2(BeIn2)2_id1262_Final_E-1.45.cif,LiTi2(BeIn2)2,-1.4468,0.346,IR / Narrow-Gap,SOLAR,Semiconductor,P1,1,36
Na2Sr(Zn2Sn)2_id620_Final_E-1.44.cif,Na2Sr(Zn2Sn)2,-1.4421,1.304,Solar / Visible,SOLAR,Semiconductor,I4/mcm,140,36
Li23Mg8(Zn2Ga)2_id1472_Final_E-1.42.cif,Li23Mg8(Zn2Ga)2,-1.4189,0.171,IR / Narrow-Gap,SOLAR,Semiconductor,P1,1,37
Li9Mg4(Cd2Ga5)2_id1365_Final_E-1.36.cif,Li9Mg4(Cd2Ga5)2,-1.3598,1.877,Solar / Visible,SOLAR,Semiconductor,P2,3,54
Na6Ca6O_id2180_Final_E-1.34.cif,Na6Ca6O,-1.3426,0.144,IR / Narrow-Gap,SOLAR,Semiconductor,Pm-3,200,13
Sr2Cd(As3P)6_id2807_Final_E-1.33.cif,Sr2Cd(As3P)6,-1.3301,0.078,IR / Narrow-Gap,SOLAR,Semiconductor,P1,1,27
Na6CdIn_id680_Final_E-1.25.cif,Na6CdIn,-1.2466,0.068,IR / Narrow-Gap,SOLAR,Semiconductor,P1,1,24
MgP_id2518_Final_E-1.24.cif,MgP,-1.2399,0.949,IR / Narrow-Gap,SOLAR,Semiconductor,P4/mmm,123,16
K15NaCaSn5_id1796_Final_E-1.24.cif,K15NaCaSn5,-1.2395,0.666,IR / Narrow-Gap,SOLAR,Semiconductor,P1,1,88
K7MgIn6_id2406_Final_E-1.23.cif,K7MgIn6,-1.2282,0.471,IR / Narrow-Gap,SOLAR,Semiconductor,P-31c,163,28
Na(Li2Mg)2_id2698_Final_E-1.22.cif,Na(Li2Mg)2,-1.2227,1.497,Solar / Visible,SOLAR,Semiconductor,I4_1/amd,141,28
Mg4AlInTe3_id1758_Final_E-1.19.cif,Mg4AlInTe3,-1.1904,2.88,Wide-Gap Power/LED,SOLAR,Semiconductor,P4mm,99,9
MgZn4GaO8_id2402_Final_E-1.18.cif,MgZn4GaO8,-1.1839,2.171,Wide-Gap Power/LED,SOLAR,Semiconductor,Pm,6,28
Ca9Ga_id2602_Final_E-1.14.cif,Ca9Ga,-1.1446,1.506,Solar / Visible,SOLAR,Semiconductor,Pbam,55,20
Mg2Cd2In2Sn3_id1467_Final_E-1.12.cif,Mg2Cd2In2Sn3,-1.1196,0.843,IR / Narrow-Gap,SOLAR,Semiconductor,P1,1,18
K2Ba2Na11As4_id1841_Final_E-1.11.cif,K2Ba2Na11As4,-1.1066,1.892,Solar / Visible,SOLAR,Semiconductor,P1,1,76
KNaZn_id2881_Final_E-1.07.cif,KNaZn,-1.0716,0.175,IR / Narrow-Gap,SOLAR,Semiconductor,P4_322,95,24
Cd28Sb3_id2550_Final_E-1.05.cif,Cd28Sb3,-1.0531,0.454,IR / Narrow-Gap,SOLAR,Semiconductor,P1,1,62
Ba2Sr6Ca29_id3147_Final_E-1.03.cif,Ba2Sr6Ca29,-1.0336,0.985,IR / Narrow-Gap,SOLAR,Semiconductor,P1,1,37
KZn_id327_Final_E-0.98.cif,KZn,-0.9807,1.054,Solar / Visible,SOLAR,Semiconductor,I4_1/amd,141,8
NaCa_id3107_Final_E-0.97.cif,NaCa,-0.9676,0.056,IR / Narrow-Gap,SOLAR,Semiconductor,P4/mmm,123,4
Mg7ZnCd28_id3350_Final_E-0.92.cif,Mg7ZnCd28,-0.9224,2.004,Wide-Gap Power/LED,SOLAR,Semiconductor,P2,3,72
Na6Li12Cd7In3_id83_Final_E-0.91.cif,Na6Li12Cd7In3,-0.9062,0.347,IR / Narrow-Gap,SOLAR,Semiconductor,P1,1,28
K3Cd2InGa2_id661_Final_E-0.90.cif,K3Cd2InGa2,-0.8987,1.425,Solar / Visible,SOLAR,Semiconductor,P1,1,48
Na3(SrIn)2_id2267_Final_E-0.90.cif,Na3(SrIn)2,-0.8985,0.491,IR / Narrow-Gap,SOLAR,Semiconductor,Pmm2,25,14
Li24Zn13Te12_id1453_Final_E-0.89.cif,Li24Zn13Te12,-0.886,1.714,Solar / Visible,SOLAR,Semiconductor,I23,197,98
K2Na5Li_id912_Final_E-0.80.cif,K2Na5Li,-0.8043,0.522,IR / Narrow-Gap,SOLAR,Semiconductor,P1,1,16
K20Na13_id386_Final_E-0.69.cif,K20Na13,-0.691,0.335,IR / Narrow-Gap,SOLAR,Semiconductor,P3,143,33
Ba2Sr3Ca5_id2825_Final_E-0.68.cif,Ba2Sr3Ca5,-0.6843,0.213,IR / Narrow-Gap,SOLAR,Semiconductor,P6_122,178,60
K50Cd2SnSb2_id3193_Final_E-0.68.cif,K50Cd2SnSb2,-0.6761,0.226,IR / Narrow-Gap,SOLAR,Semiconductor,P1,1,110
CaCd31_id1369_Final_E-0.67.cif,CaCd31,-0.6663,2.141,Wide-Gap Power/LED,SOLAR,Semiconductor,P4/m,83,32
Li(Mg2Zn)2_id2755_Final_E-0.67.cif,Li(Mg2Zn)2,-0.6655,0.272,IR / Narrow-Gap,SOLAR,Semiconductor,P1,1,28
Li3Si2_id2081_Final_E-0.65.cif,Li3Si2,-0.6527,0.359,IR / Narrow-Gap,SOLAR,Semiconductor,P1,1,80
Ba3Ca3Mg_id136_Final_E-0.59.cif,Ba3Ca3Mg,-0.5878,3.289,Wide-Gap Power/LED,SOLAR,Semiconductor,Fm-3m,225,56
Sc9(SO32)2_id3272_Final_E-0.55.cif,Sc9(SO32)2,-0.5451,2.153,Wide-Gap Power/LED,SOLAR,Semiconductor,P31m,157,75
NaCaMg35Al_id2489_Final_E-0.54.cif,NaCaMg35Al,-0.535,0.129,IR / Narrow-Gap,SOLAR,Semiconductor,P1,1,76
Cd11Ga2_id158_Final_E-0.51.cif,Cd11Ga2,-0.5063,0.127,IR / Narrow-Gap,SOLAR,Semiconductor,Pm,6,13
Mg13In2_id87_Final_E-0.47.cif,Mg13In2,-0.4722,0.089,IR / Narrow-Gap,SOLAR,Semiconductor,P1,1,60
NaSr11Ca_id2253_Final_E-0.46.cif,NaSr11Ca,-0.4573,0.091,IR / Narrow-Gap,SOLAR,Semiconductor,P1,1,52
LiMg4(ScAl)2_id237_Final_E-0.38.cif,LiMg4(ScAl)2,-0.3814,0.601,IR / Narrow-Gap,SOLAR,Semiconductor,P1,1,18
Na4Cd3_id2238_Final_E-0.32.cif,Na4Cd3,-0.3203,0.282,IR / Narrow-Gap,SOLAR,Semiconductor,P3m1,156,7
K9Na2_id2876_Final_E-0.23.cif,K9Na2,-0.2288,0.668,IR / Narrow-Gap,SOLAR,Semiconductor,P1,1,66
K7Ba7Na12_id21_Final_E-0.12.cif,K7Ba7Na12,-0.1185,0.817,IR / Narrow-Gap,SOLAR,Semiconductor,Pm,6,26
TiO2_id4862_Final_E-9.31.cif,TiO2,-9.3058,0.867,IR / Narrow-Gap,THERMAL,Semiconductor,Pbca,61,24
Ti4Zn(NO)2_id2662_Final_E-8.31.cif,Ti4Zn(NO)2,-8.3061,0.248,IR / Narrow-Gap,THERMAL,Semiconductor,P2_1/c,14,36
Sc2BO2_id259_Final_E-8.02.cif,Sc2BO2,-8.024,2.739,Wide-Gap Power/LED,THERMAL,Semiconductor,P4/mnc,128,20
Sc2Al2O5_id1876_Final_E-7.98.cif,Sc2Al2O5,-7.9793,3.158,Wide-Gap Power/LED,THERMAL,Semiconductor,P2_1,4,18
SrN6_id4290_Final_E-7.88.cif,SrN6,-7.8795,0.961,IR / Narrow-Gap,THERMAL,Semiconductor,P6_322,182,14
Ca(C3N4)2_id4891_Final_E-7.87.cif,Ca(C3N4)2,-7.8748,1.464,Solar / Visible,THERMAL,Semiconductor,P2_1,4,30
Sc7(TeO2)2_id4_Final_E-7.81.cif,Sc7(TeO2)2,-7.8149,1.338,Solar / Visible,THERMAL,Semiconductor,P2_1/c,14,26
Sc3GeN_id1303_Final_E-7.75.cif,Sc3GeN,-7.7524,0.252,IR / Narrow-Gap,THERMAL,Semiconductor,Pm-3m,221,5
Sc4S2N3O8_id310_Final_E-7.65.cif,Sc4S2N3O8,-7.6511,2.657,Wide-Gap Power/LED,THERMAL,Semiconductor,R3m,160,51
Sc2O5_id3409_Final_E-7.64.cif,Sc2O5,-7.6405,1.2,Solar / Visible,THERMAL,Semiconductor,Pbam,55,14
TiSiN2_id2860_Final_E-7.64.cif,TiSiN2,-7.64,0.88,IR / Narrow-Gap,THERMAL,Semiconductor,Fm-3m,225,16
B3AsPO7_id4789_Final_E-7.60.cif,B3AsPO7,-7.597,1.548,Solar / Visible,THERMAL,Semiconductor,P1,1,24
CaN4_id750_Final_E-7.58.cif,CaN4,-7.5753,3.404,Wide-Gap Power/LED,THERMAL,Semiconductor,R-3,148,45
C13Se2_id2934_Final_E-7.53.cif,C13Se2,-7.5319,1.012,Solar / Visible,THERMAL,Semiconductor,C2/c,15,60
BCN3_id444_Final_E-7.51.cif,BCN3,-7.5131,2.161,Solar / Visible,THERMAL,Semiconductor,Pnma,62,20
CaSi2CN8_id1884_Final_E-7.48.cif,CaSi2CN8,-7.4812,1.105,Solar / Visible,THERMAL,Semiconductor,Pban,50,24
Ti3S4(NO2)3_id1192_Final_E-7.38.cif,Ti3S4(NO2)3,-7.3812,2.304,Wide-Gap Power/LED,THERMAL,Semiconductor,P1,1,48
Sc2Be2O3_id2671_Final_E-7.37.cif,Sc2Be2O3,-7.3732,3.243,Wide-Gap Power/LED,THERMAL,Semiconductor,P321,150,21
TiZnO3_id4365_Final_E-7.37.cif,TiZnO3,-7.371,1.249,Solar / Visible,THERMAL,Semiconductor,Cc,9,20
Sc3P(SN3)3_id1950_Final_E-7.36.cif,Sc3P(SN3)3,-7.3639,1.931,Solar / Visible,THERMAL,Semiconductor,P1,1,48
Li2PC11N_id3695_Final_E-7.24.cif,Li2PC11N,-7.2425,0.134,IR / Narrow-Gap,THERMAL,Semiconductor,P2/c,13,60
Ti2ZnO4_id2472_Final_E-7.24.cif,Ti2ZnO4,-7.2408,0.484,IR / Narrow-Gap,THERMAL,Semiconductor,Ccce,68,28
NaTi2InO4_id4265_Final_E-7.24.cif,NaTi2InO4,-7.2408,1.262,Solar / Visible,THERMAL,Semiconductor,I-42d,122,32
Al2Sn4B4N17_id4309_Final_E-7.21.cif,Al2Sn4B4N17,-7.213,1.643,Solar / Visible,THERMAL,Semiconductor,P1,1,54
Ca2N7_id4515_Final_E-7.19.cif,Ca2N7,-7.1889,0.839,IR / Narrow-Gap,THERMAL,Semiconductor,P-1,2,18
Mg3Sc3SnO12_id2636_Final_E-7.18.cif,Mg3Sc3SnO12,-7.1823,1.857,Solar / Visible,THERMAL,Semiconductor,P1,1,19
P3C(N3O)3_id4979_Final_E-7.17.cif,P3C(N3O)3,-7.1651,1.137,Solar / Visible,THERMAL,Semiconductor,P6_3,173,32
B2P2CN2_id696_Final_E-7.02.cif,B2P2CN2,-7.0199,0.214,IR / Narrow-Gap,THERMAL,Semiconductor,Pbcn,60,28
KTi3ZnTeO12_id2750_Final_E-6.98.cif,KTi3ZnTeO12,-6.9811,1.568,Solar / Visible,THERMAL,Semiconductor,P-3,147,36
Li(BO)6_id4501_Final_E-6.97.cif,Li(BO)6,-6.9747,2.577,Wide-Gap Power/LED,THERMAL,Semiconductor,P6_322,182,26
K4Ti4BeBN12_id725_Final_E-6.95.cif,K4Ti4BeBN12,-6.955,1.442,Solar / Visible,THERMAL,Semiconductor,P-1,2,44
NaCaTi(NO)2_id498_Final_E-6.91.cif,NaCaTi(NO)2,-6.9117,1.442,Solar / Visible,THERMAL,Semiconductor,Pc,7,28
BaCaGa2N11_id75_Final_E-6.88.cif,BaCaGa2N11,-6.8842,2.32,Wide-Gap Power/LED,THERMAL,Semiconductor,P1,1,15
TiAlCdO6_id371_Final_E-6.88.cif,TiAlCdO6,-6.8789,1.726,Solar / Visible,THERMAL,Semiconductor,P-31c,163,18
SiO3_id2631_Final_E-6.85.cif,SiO3,-6.8517,1.585,Solar / Visible,THERMAL,Semiconductor,P1,1,32
SrN4_id1397_Final_E-6.79.cif,SrN4,-6.7871,1.797,Solar / Visible,THERMAL,Semiconductor,I4_1/a,88,20
C(NO2)3_id284_Final_E-6.79.cif,C(NO2)3,-6.7869,1.785,Solar / Visible,THERMAL,Semiconductor,P1,1,30
LiTi4As(SO)3_id3251_Final_E-6.74.cif,LiTi4As(SO)3,-6.7439,0.629,IR / Narrow-Gap,THERMAL,Semiconductor,P-6m2,187,12
BaN2_id4315_Final_E-6.74.cif,BaN2,-6.7398,2.075,Solar / Visible,THERMAL,Semiconductor,P6/mmm,191,9
BaLi3MgTiSi2N6O7_id4537_Final_E-6.64.cif,BaLi3MgTiSi2N6O7,-6.639,1.494,Solar / Visible,THERMAL,Semiconductor,Pc,7,42
BaLi2Ca2Ge2P2O11_id3318_Final_E-6.62.cif,BaLi2Ca2Ge2P2O11,-6.6215,2.738,Wide-Gap Power/LED,THERMAL,Semiconductor,P1,1,20
Si2PO2_id2278_Final_E-6.62.cif,Si2PO2,-6.6164,0.171,IR / Narrow-Gap,THERMAL,Semiconductor,P1,1,20
Ti2GaO_id2076_Final_E-6.61.cif,Ti2GaO,-6.6074,0.457,IR / Narrow-Gap,THERMAL,Semiconductor,Pmmn,59,8
PO_id3068_Final_E-6.60.cif,PO,-6.597,1.816,Solar / Visible,THERMAL,Semiconductor,P1,1,16
P4CS2N5_id2216_Final_E-6.59.cif,P4CS2N5,-6.586,2.19,Solar / Visible,THERMAL,Semiconductor,P1,1,48
AlGaO2_id25_Final_E-6.58.cif,AlGaO2,-6.5831,3.023,Wide-Gap Power/LED,THERMAL,Semiconductor,Pca2_1,29,16
LiCaSb(P2O9)2_id1283_Final_E-6.58.cif,LiCaSb(P2O9)2,-6.5762,0.128,IR / Narrow-Gap,THERMAL,Semiconductor,I222,23,50
Ca2Sc2Cd2SO9_id3630_Final_E-6.57.cif,Ca2Sc2Cd2SO9,-6.5718,2.274,Wide-Gap Power/LED,THERMAL,Semiconductor,P1,1,32
Ba2GeC2SN3O4_id4838_Final_E-6.57.cif,Ba2GeC2SN3O4,-6.5717,2.085,Solar / Visible,THERMAL,Semiconductor,P1,1,13
Ti3O16_id2089_Final_E-6.57.cif,Ti3O16,-6.5679,1.074,Solar / Visible,THERMAL,Semiconductor,P2,3,19
N5O3_id2931_Final_E-6.57.cif,N5O3,-6.5664,0.345,IR / Narrow-Gap,THERMAL,Semiconductor,C2/c,15,32
Sr3CaN12_id2867_Final_E-6.54.cif,Sr3CaN12,-6.5406,1.416,Solar / Visible,THERMAL,Semiconductor,Cmc2_1,36,32
Ba2NaSn(NO)4_id1374_Final_E-6.48.cif,Ba2NaSn(NO)4,-6.4808,1.068,Solar / Visible,THERMAL,Semiconductor,I-42d,122,48
Mg3Sc8C5_id4479_Final_E-6.46.cif,Mg3Sc8C5,-6.4613,0.977,IR / Narrow-Gap,THERMAL,Semiconductor,P-1,2,32
ScAsS2N_id4570_Final_E-6.44.cif,ScAsS2N,-6.4448,1.915,Solar / Visible,THERMAL,Semiconductor,Pca2_1,29,20
Te(NO)3_id1634_Final_E-6.44.cif,Te(NO)3,-6.4419,1.79,Solar / Visible,THERMAL,Semiconductor,P6_4,172,21
CdN3_id1780_Final_E-6.42.cif,CdN3,-6.4229,0.555,IR / Narrow-Gap,THERMAL,Semiconductor,R-3,148,24
KTi2BP2_id1890_Final_E-6.42.cif,KTi2BP2,-6.4188,0.634,IR / Narrow-Gap,THERMAL,Semiconductor,P-1,2,12
As2O3_id4736_Final_E-6.40.cif,As2O3,-6.4006,2.101,Solar / Visible,THERMAL,Semiconductor,Pccn,56,20
K2Sc2GaO8_id934_Final_E-6.36.cif,K2Sc2GaO8,-6.3582,2.784,Wide-Gap Power/LED,THERMAL,Semiconductor,P-1,2,52
MgSiO2_id621_Final_E-6.33.cif,MgSiO2,-6.3263,0.674,IR / Narrow-Gap,THERMAL,Semiconductor,I4_122,98,16
Sb2O5_id1692_Final_E-6.30.cif,Sb2O5,-6.3045,2.096,Solar / Visible,THERMAL,Semiconductor,P1,1,14
KNa2Ca2TiO6_id2008_Final_E-6.29.cif,KNa2Ca2TiO6,-6.2851,2.046,Solar / Visible,THERMAL,Semiconductor,P-1,2,24
N3O_id4098_Final_E-6.28.cif,N3O,-6.2817,2.062,Solar / Visible,THERMAL,Semiconductor,R-3c,167,24
Ba(SbO2)2_id3423_Final_E-6.28.cif,Ba(SbO2)2,-6.2781,1.361,Solar / Visible,THERMAL,Semiconductor,Pnnm,58,14
BaCa(SO2)4_id1494_Final_E-6.27.cif,BaCa(SO2)4,-6.2669,0.58,IR / Narrow-Gap,THERMAL,Semiconductor,P4/nbm,125,28
Sr2LiSb(N2O3)2_id2444_Final_E-6.24.cif,Sr2LiSb(N2O3)2,-6.2449,1.482,Solar / Visible,THERMAL,Semiconductor,P1,1,56
BaMgGeO3_id3446_Final_E-6.23.cif,BaMgGeO3,-6.2263,1.792,Solar / Visible,THERMAL,Semiconductor,Cm,8,12
Li2TiSi2BO15_id1764_Final_E-6.19.cif,Li2TiSi2BO15,-6.1939,0.128,IR / Narrow-Gap,THERMAL,Semiconductor,Pc,7,42
Ba2Sr2LiP2S2(N2O3)2_id4751_Final_E-6.19.cif,Ba2Sr2LiP2S2(N2O3)2,-6.1938,2.26,Wide-Gap Power/LED,THERMAL,Semiconductor,P3_121,152,57
Li2Ga2Si3(SO3)2_id1380_Final_E-6.19.cif,Li2Ga2Si3(SO3)2,-6.1932,2.017,Solar / Visible,THERMAL,Semiconductor,P1,1,30
CdInC6_id983_Final_E-6.18.cif,CdInC6,-6.1822,0.618,IR / Narrow-Gap,THERMAL,Semiconductor,P1,1,24
Ga6C(N2O)3_id1609_Final_E-6.18.cif,Ga6C(N2O)3,-6.1821,0.401,IR / Narrow-Gap,THERMAL,Semiconductor,P1,1,48
Ti5O8_id3201_Final_E-6.15.cif,Ti5O8,-6.1459,1.103,Solar / Visible,THERMAL,Semiconductor,P4_2/n,86,26
KMg2Be6InGa6(GeO9)2_id799_Final_E-6.11.cif,KMg2Be6InGa6(GeO9)2,-6.1103,1.707,Solar / Visible,THERMAL,Semiconductor,P321,150,36
Ti(GaN)4_id2504_Final_E-6.11.cif,Ti(GaN)4,-6.1081,0.794,IR / Narrow-Gap,THERMAL,Semiconductor,Ccce,68,36
TiGeSbS2O_id4885_Final_E-6.11.cif,TiGeSbS2O,-6.1064,1.256,Solar / Visible,THERMAL,Semiconductor,C2,5,36
SbO2_id4593_Final_E-6.09.cif,SbO2,-6.0928,1.404,Solar / Visible,THERMAL,Semiconductor,Pa-3,205,12
KCaSb2O5_id3777_Final_E-6.09.cif,KCaSb2O5,-6.0873,1.208,Solar / Visible,THERMAL,Semiconductor,P1,1,9
Mg(SnO2)2_id1968_Final_E-6.08.cif,Mg(SnO2)2,-6.0844,1.738,Solar / Visible,THERMAL,Semiconductor,P4_2/mcm,132,14
K2Na(BO)6_id3717_Final_E-6.07.cif,K2Na(BO)6,-6.0708,2.658,Wide-Gap Power/LED,THERMAL,Semiconductor,P6_322,182,30
NaTiO6_id4392_Final_E-6.05.cif,NaTiO6,-6.0531,3.289,Wide-Gap Power/LED,THERMAL,Semiconductor,P-31c,163,16
Ca4N4O_id4294_Final_E-6.01.cif,Ca4N4O,-6.0063,1.69,Solar / Visible,THERMAL,Semiconductor,P1,1,18
Li2SiBN2_id1965_Final_E-5.99.cif,Li2SiBN2,-5.9938,0.159,IR / Narrow-Gap,THERMAL,Semiconductor,Pc,7,24
SrGaSiPN4O13_id802_Final_E-5.99.cif,SrGaSiPN4O13,-5.9929,1.586,Solar / Visible,THERMAL,Semiconductor,P2_1,4,42
CdSiN2_id1027_Final_E-5.98.cif,CdSiN2,-5.9793,0.712,IR / Narrow-Gap,THERMAL,Semiconductor,I4_122,98,16
LiAsO2_id4455_Final_E-5.98.cif,LiAsO2,-5.9768,1.823,Solar / Visible,THERMAL,Semiconductor,P1,1,16
BaPO8_id170_Final_E-5.92.cif,BaPO8,-5.9234,0.485,IR / Narrow-Gap,THERMAL,Semiconductor,P2,3,20
Ti2CdInO2_id4665_Final_E-5.92.cif,Ti2CdInO2,-5.9159,0.351,IR / Narrow-Gap,THERMAL,Semiconductor,P4_12_12,92,24
Mg4O5_id2589_Final_E-5.91.cif,Mg4O5,-5.9101,3.239,Wide-Gap Power/LED,THERMAL,Semiconductor,P1,1,18
KTiGeSbAsP(SO2)3_id539_Final_E-5.90.cif,KTiGeSbAsP(SO2)3,-5.9009,1.594,Solar / Visible,THERMAL,Semiconductor,P3_1,144,45
LiGeO2_id3753_Final_E-5.90.cif,LiGeO2,-5.8963,2.821,Wide-Gap Power/LED,THERMAL,Semiconductor,I4_122,98,16
KGa4(AsO4)3_id3117_Final_E-5.90.cif,KGa4(AsO4)3,-5.8955,1.925,Solar / Visible,THERMAL,Semiconductor,P1,1,40
Si2B9_id4616_Final_E-5.88.cif,Si2B9,-5.8803,0.166,IR / Narrow-Gap,THERMAL,Semiconductor,P4bm,100,44
BaLi2TiSO7_id4094_Final_E-5.88.cif,BaLi2TiSO7,-5.8768,2.297,Wide-Gap Power/LED,THERMAL,Semiconductor,P-1,2,24
K2SrS2(NO2)2_id1394_Final_E-5.87.cif,K2SrS2(NO2)2,-5.872,1.939,Solar / Visible,THERMAL,Semiconductor,P1,1,11
SrCaO4_id1701_Final_E-5.87.cif,SrCaO4,-5.8701,1.954,Solar / Visible,THERMAL,Semiconductor,Pban,50,12
SrGa2GeO4_id1678_Final_E-5.86.cif,SrGa2GeO4,-5.8626,0.503,IR / Narrow-Gap,THERMAL,Semiconductor,I222,23,16
Sc2Be6Al6In3N5O6_id2530_Final_E-5.86.cif,Sc2Be6Al6In3N5O6,-5.8623,2.598,Wide-Gap Power/LED,THERMAL,Semiconductor,P6,168,28
As2NO_id2676_Final_E-5.86.cif,As2NO,-5.8589,1.709,Solar / Visible,THERMAL,Semiconductor,Pca2_1,29,16
BaO2_id2462_Final_E-5.86.cif,BaO2,-5.8576,1.78,Solar / Visible,THERMAL,Semiconductor,P1,1,9
Ba2GeS3O5_id1301_Final_E-5.86.cif,Ba2GeS3O5,-5.856,2.895,Wide-Gap Power/LED,THERMAL,Semiconductor,P2_1/c,14,44
Sr3O4_id3928_Final_E-5.85.cif,Sr3O4,-5.847,2.418,Wide-Gap Power/LED,THERMAL,Semiconductor,P6_3,173,14
SbPSe2S2(NO2)3_id2648_Final_E-5.85.cif,SbPSe2S2(NO2)3,-5.8469,2.299,Wide-Gap Power/LED,THERMAL,Semiconductor,P2/c,13,60
SrLi(AsO4)2_id1625_Final_E-5.81.cif,SrLi(AsO4)2,-5.8083,0.923,IR / Narrow-Gap,THERMAL,Semiconductor,P1,1,12
LiAlSO_id2381_Final_E-5.80.cif,LiAlSO,-5.8019,2.755,Wide-Gap Power/LED,THERMAL,Semiconductor,Pc,7,16
ScO6_id4241_Final_E-5.80.cif,ScO6,-5.7995,2.886,Wide-Gap Power/LED,THERMAL,Semiconductor,P1,1,21
Ca2O5_id3224_Final_E-5.79.cif,Ca2O5,-5.7893,2.562,Wide-Gap Power/LED,THERMAL,Semiconductor,Pccn,56,28
ScS4_id3820_Final_E-5.79.cif,ScS4,-5.7874,1.677,Solar / Visible,THERMAL,Semiconductor,Pcca,54,20
KZnSiO3_id3574_Final_E-5.78.cif,KZnSiO3,-5.7848,3.461,Wide-Gap Power/LED,THERMAL,Semiconductor,P1,1,18
LiTiS2_id4743_Final_E-5.77.cif,LiTiS2,-5.7718,1.269,Solar / Visible,THERMAL,Semiconductor,I-42d,122,32
BePSeN_id3152_Final_E-5.76.cif,BePSeN,-5.7617,1.677,Solar / Visible,THERMAL,Semiconductor,Pca2_1,29,16
NaAl(SO2)2_id2010_Final_E-5.75.cif,NaAl(SO2)2,-5.7522,3.165,Wide-Gap Power/LED,THERMAL,Semiconductor,P1,1,32
Si2GeAs2(PO)2_id3149_Final_E-5.75.cif,Si2GeAs2(PO)2,-5.7517,0.089,IR / Narrow-Gap,THERMAL,Semiconductor,P4_2mc,105,18
TiO7_id2386_Final_E-5.75.cif,TiO7,-5.7478,1.993,Solar / Visible,THERMAL,Semiconductor,P6_322,182,16
NaIn(SbO3)2_id2651_Final_E-5.74.cif,NaIn(SbO3)2,-5.7446,1.717,Solar / Visible,THERMAL,Semiconductor,P1,1,40
KB2SeSO_id4407_Final_E-5.74.cif,KB2SeSO,-5.7415,2.504,Wide-Gap Power/LED,THERMAL,Semiconductor,Pca2_1,29,24
Li2Sb2O7_id1834_Final_E-5.74.cif,Li2Sb2O7,-5.7405,2.002,Solar / Visible,THERMAL,Semiconductor,Pc,7,22
BaTeN3_id2796_Final_E-5.74.cif,BaTeN3,-5.7379,1.327,Solar / Visible,THERMAL,Semiconductor,P-1,2,30
NaLiAsN2O5_id1181_Final_E-5.73.cif,NaLiAsN2O5,-5.7346,0.082,IR / Narrow-Gap,THERMAL,Semiconductor,P1,1,60
GaO_id3166_Final_E-5.73.cif,GaO,-5.7324,1.933,Solar / Visible,THERMAL,Semiconductor,Pbca,61,16
ScTiSn_id4898_Final_E-5.72.cif,ScTiSn,-5.7205,0.144,IR / Narrow-Gap,THERMAL,Semiconductor,P4/mmm,123,12
ScGa3O7_id707_Final_E-5.72.cif,ScGa3O7,-5.716,1.329,Solar / Visible,THERMAL,Semiconductor,Pm-3n,223,22
Ba2Li4N4O3_id1086_Final_E-5.71.cif,Ba2Li4N4O3,-5.7056,0.199,IR / Narrow-Gap,THERMAL,Semiconductor,P1,1,52
KMg2GaO4_id3159_Final_E-5.70.cif,KMg2GaO4,-5.7016,2.865,Wide-Gap Power/LED,THERMAL,Semiconductor,Ccc2,37,16
Sr2N2O_id4096_Final_E-5.68.cif,Sr2N2O,-5.6809,0.816,IR / Narrow-Gap,THERMAL,Semiconductor,Aea2,41,40
Mg(TeO2)4_id484_Final_E-5.67.cif,Mg(TeO2)4,-5.669,2.098,Solar / Visible,THERMAL,Semiconductor,C2/c,15,52
BaN2O_id2286_Final_E-5.67.cif,BaN2O,-5.6676,0.512,IR / Narrow-Gap,THERMAL,Semiconductor,I4_122,98,16
Li3Ca6NO6_id3236_Final_E-5.66.cif,Li3Ca6NO6,-5.6575,0.294,IR / Narrow-Gap,THERMAL,Semiconductor,P1,1,48
BS2_id1789_Final_E-5.65.cif,BS2,-5.6469,2.007,Solar / Visible,THERMAL,Semiconductor,Pbca,61,24
InGaSnO3_id3167_Final_E-5.64.cif,InGaSnO3,-5.6444,1.021,Solar / Visible,THERMAL,Semiconductor,P1,1,6
AlGaN2_id1998_Final_E-5.64.cif,AlGaN2,-5.6429,0.119,IR / Narrow-Gap,THERMAL,Semiconductor,Fm-3m,225,16
NaGeO2_id3961_Final_E-5.64.cif,NaGeO2,-5.6394,1.84,Solar / Visible,THERMAL,Semiconductor,I4_122,98,16
NaGeO2_id4834_Final_E-5.64.cif,NaGeO2,-5.6394,1.84,Solar / Visible,THERMAL,Semiconductor,I4_122,98,16
SrScO12_id1681_Final_E-5.63.cif,SrScO12,-5.6306,1.06,Solar / Visible,THERMAL,Semiconductor,P-31c,163,28
ScAl2SO3_id3752_Final_E-5.63.cif,ScAl2SO3,-5.6274,2.574,Wide-Gap Power/LED,THERMAL,Semiconductor,P4mm,99,14
BaCaO4_id939_Final_E-5.63.cif,BaCaO4,-5.6251,3.227,Wide-Gap Power/LED,THERMAL,Semiconductor,Pban,50,12
Ge(SbN)2_id86_Final_E-5.62.cif,Ge(SbN)2,-5.6236,0.148,IR / Narrow-Gap,THERMAL,Semiconductor,P4_12_12,92,20
Ca2Te2As2N7_id2656_Final_E-5.62.cif,Ca2Te2As2N7,-5.6233,1.084,Solar / Visible,THERMAL,Semiconductor,C2/c,15,52
NaCa3Zn2O6_id602_Final_E-5.62.cif,NaCa3Zn2O6,-5.6158,2.281,Wide-Gap Power/LED,THERMAL,Semiconductor,P1,1,24
Zn(GaO2)2_id903_Final_E-5.61.cif,Zn(GaO2)2,-5.6051,0.91,IR / Narrow-Gap,THERMAL,Semiconductor,P4_2/nnm,134,14
BaCaO4_id3765_Final_E-5.60.cif,BaCaO4,-5.6043,0.251,IR / Narrow-Gap,THERMAL,Semiconductor,P4/nbm,125,12
TiGa3N3O4_id834_Final_E-5.60.cif,TiGa3N3O4,-5.6042,0.109,IR / Narrow-Gap,THERMAL,Semiconductor,Pm-3n,223,22
Li2Ge2O3_id717_Final_E-5.59.cif,Li2Ge2O3,-5.5853,1.307,Solar / Visible,THERMAL,Semiconductor,Pbcn,60,28
ZnGa3Ge2O15_id324_Final_E-5.57.cif,ZnGa3Ge2O15,-5.5723,2.159,Solar / Visible,THERMAL,Semiconductor,P1,1,21
Li2MgTiZn2C(NO)2_id2397_Final_E-5.57.cif,Li2MgTiZn2C(NO)2,-5.5673,1.208,Solar / Visible,THERMAL,Semiconductor,P1,1,11
LiSiCS3O_id2311_Final_E-5.55.cif,LiSiCS3O,-5.5467,2.051,Solar / Visible,THERMAL,Semiconductor,P6_4,172,42
K2Ba2In3SbP2(SeO3)4_id3150_Final_E-5.54.cif,K2Ba2In3SbP2(SeO3)4,-5.5431,1.21,Solar / Visible,THERMAL,Semiconductor,P-1,2,26
BeSiSnSN_id812_Final_E-5.54.cif,BeSiSnSN,-5.5355,0.096,IR / Narrow-Gap,THERMAL,Semiconductor,Pnma,62,20
BeSiGeAsPO16_id629_Final_E-5.53.cif,BeSiGeAsPO16,-5.5299,1.32,Solar / Visible,THERMAL,Semiconductor,Pc,7,42
Cd(GaO2)6_id2165_Final_E-5.53.cif,Cd(GaO2)6,-5.5292,2.112,Solar / Visible,THERMAL,Semiconductor,Im-3,204,38
Li3Zn(GaO3)2_id565_Final_E-5.52.cif,Li3Zn(GaO3)2,-5.5192,2.473,Wide-Gap Power/LED,THERMAL,Semiconductor,P1,1,24
BeSbN_id4826_Final_E-5.51.cif,BeSbN,-5.5117,2.177,Solar / Visible,THERMAL,Semiconductor,P6_222,180,9
Sn2Se2SO5_id112_Final_E-5.49.cif,Sn2Se2SO5,-5.49,1.124,Solar / Visible,THERMAL,Semiconductor,Pc,7,40
SiGeN2_id4702_Final_E-5.48.cif,SiGeN2,-5.4847,1.691,Solar / Visible,THERMAL,Semiconductor,I4_122,98,16
SiO7_id714_Final_E-5.48.cif,SiO7,-5.4782,0.72,IR / Narrow-Gap,THERMAL,Semiconductor,P1,1,32
K2Ti2Si2B4N5O_id4060_Final_E-5.47.cif,K2Ti2Si2B4N5O,-5.4707,1.281,Solar / Visible,THERMAL,Semiconductor,P-1,2,32
BaNa(AsO4)2_id3204_Final_E-5.46.cif,BaNa(AsO4)2,-5.4605,1.33,Solar / Visible,THERMAL,Semiconductor,P-1,2,12
Na3Li2ScZn2Si2Sn2(SeO13)2_id1889_Final_E-5.46.cif,Na3Li2ScZn2Si2Sn2(SeO13)2,-5.4593,2.844,Wide-Gap Power/LED,THERMAL,Semiconductor,P1,1,40
LiBeZnO2_id2357_Final_E-5.46.cif,LiBeZnO2,-5.4587,2.906,Wide-Gap Power/LED,THERMAL,Semiconductor,C2/c,15,40
LiPO10_id738_Final_E-5.45.cif,LiPO10,-5.4542,0.908,IR / Narrow-Gap,THERMAL,Semiconductor,C2,5,36
Mg3Ga(NO)2_id4087_Final_E-5.45.cif,Mg3Ga(NO)2,-5.4463,1.312,Solar / Visible,THERMAL,Semiconductor,C2/m,12,16
Li5TiB4As4(S2O)2_id1472_Final_E-5.44.cif,Li5TiB4As4(S2O)2,-5.4441,0.595,IR / Narrow-Gap,THERMAL,Semiconductor,P1,1,20
Ba3Sr4(TeO3)2_id4092_Final_E-5.43.cif,Ba3Sr4(TeO3)2,-5.4288,1.179,Solar / Visible,THERMAL,Semiconductor,P2_1/c,14,30
BaInO6_id2991_Final_E-5.43.cif,BaInO6,-5.4254,1.601,Solar / Visible,THERMAL,Semiconductor,P6_322,182,16
ScSe3_id1666_Final_E-5.42.cif,ScSe3,-5.4207,0.97,IR / Narrow-Gap,THERMAL,Semiconductor,P1,1,16
LiSi(AsO)2_id1580_Final_E-5.42.cif,LiSi(AsO)2,-5.4198,1.592,Solar / Visible,THERMAL,Semiconductor,P1,1,24
LiSi4(GeO)2_id295_Final_E-5.42.cif,LiSi4(GeO)2,-5.415,0.526,IR / Narrow-Gap,THERMAL,Semiconductor,P4_32_12,96,36
Li4GaAsNO12_id584_Final_E-5.41.cif,Li4GaAsNO12,-5.4089,3.185,Wide-Gap Power/LED,THERMAL,Semiconductor,P1,1,38
KLiN4O15_id528_Final_E-5.40.cif,KLiN4O15,-5.3989,1.979,Solar / Visible,THERMAL,Semiconductor,P2_1,4,42
CdSbO4_id1945_Final_E-5.38.cif,CdSbO4,-5.3834,2.363,Wide-Gap Power/LED,THERMAL,Semiconductor,Pban,50,12
Na2Ca3NO6_id103_Final_E-5.38.cif,Na2Ca3NO6,-5.3831,2.34,Wide-Gap Power/LED,THERMAL,Semiconductor,P2,3,12
NaBe(GaO2)2_id1378_Final_E-5.38.cif,NaBe(GaO2)2,-5.3795,1.202,Solar / Visible,THERMAL,Semiconductor,C222,21,24
SrInO6_id2700_Final_E-5.38.cif,SrInO6,-5.3785,1.997,Solar / Visible,THERMAL,Semiconductor,P6_322,182,16
K2SbO3_id3060_Final_E-5.37.cif,K2SbO3,-5.3666,0.394,IR / Narrow-Gap,THERMAL,Semiconductor,P1,1,12
CaGa3O7_id4674_Final_E-5.36.cif,CaGa3O7,-5.3577,1.354,Solar / Visible,THERMAL,Semiconductor,Pm-3n,223,22
Ba2O3_id1987_Final_E-5.35.cif,Ba2O3,-5.3526,1.783,Solar / Visible,THERMAL,Semiconductor,P6_522,179,30
Li4Be3N4_id519_Final_E-5.35.cif,Li4Be3N4,-5.348,2.815,Wide-Gap Power/LED,THERMAL,Semiconductor,I-42d,122,44
In(TeO2)4_id1744_Final_E-5.34.cif,In(TeO2)4,-5.3406,1.632,Solar / Visible,THERMAL,Semiconductor,P-42_1c,114,26
KLi2BSbTeO15_id4617_Final_E-5.33.cif,KLi2BSbTeO15,-5.3335,0.672,IR / Narrow-Gap,THERMAL,Semiconductor,Pc,7,42
NaScO6_id2055_Final_E-5.33.cif,NaScO6,-5.3303,0.483,IR / Narrow-Gap,THERMAL,Semiconductor,P-31c,163,16
Na(TeO2)2_id3073_Final_E-5.32.cif,Na(TeO2)2,-5.3233,1.766,Solar / Visible,THERMAL,Semiconductor,Pm,6,7
K2ScCd3(NO2)3_id3908_Final_E-5.32.cif,K2ScCd3(NO2)3,-5.3159,2.414,Wide-Gap Power/LED,THERMAL,Semiconductor,C2/c,15,60
BaS_id3668_Final_E-5.31.cif,BaS,-5.3092,0.252,IR / Narrow-Gap,THERMAL,Semiconductor,Fm-3m,225,8
Li(SiS2)2_id2623_Final_E-5.29.cif,Li(SiS2)2,-5.2944,2.266,Wide-Gap Power/LED,THERMAL,Semiconductor,P-42m,111,7
Li2CaPO2_id3414_Final_E-5.29.cif,Li2CaPO2,-5.2919,2.83,Wide-Gap Power/LED,THERMAL,Semiconductor,Cmcm,63,24
In3SbO4_id2594_Final_E-5.29.cif,In3SbO4,-5.2919,1.715,Solar / Visible,THERMAL,Semiconductor,P4_2/m,84,16
TiIn3O3_id3748_Final_E-5.28.cif,TiIn3O3,-5.2801,0.254,IR / Narrow-Gap,THERMAL,Semiconductor,Pm-3n,223,14
BeAl(GaO3)2_id3292_Final_E-5.28.cif,BeAl(GaO3)2,-5.2796,2.756,Wide-Gap Power/LED,THERMAL,Semiconductor,P-42c,112,40
NaLi4Ca2(PO8)2_id3215_Final_E-5.28.cif,NaLi4Ca2(PO8)2,-5.2773,1.756,Solar / Visible,THERMAL,Semiconductor,Pnn2,34,50
Li8Si2S2NO8_id1920_Final_E-5.27.cif,Li8Si2S2NO8,-5.2736,1.794,Solar / Visible,THERMAL,Semiconductor,P2_1,4,42
SiGeP9_id1205_Final_E-5.27.cif,SiGeP9,-5.2672,1.282,Solar / Visible,THERMAL,Semiconductor,C222_1,20,44
TiZnGa2(SO)4_id4774_Final_E-5.26.cif,TiZnGa2(SO)4,-5.2562,1.159,Solar / Visible,THERMAL,Semiconductor,P-42c,112,24
MgBe3ZnS3N3O_id3340_Final_E-5.26.cif,MgBe3ZnS3N3O,-5.2555,2.212,Wide-Gap Power/LED,THERMAL,Semiconductor,P2_13,198,48
Li11(NO2)4_id2821_Final_E-5.26.cif,Li11(NO2)4,-5.2553,2.08,Solar / Visible,THERMAL,Semiconductor,P1,1,46
Ca2N3O_id4083_Final_E-5.26.cif,Ca2N3O,-5.255,2.794,Wide-Gap Power/LED,THERMAL,Semiconductor,C2,5,18
AlSnO_id1395_Final_E-5.25.cif,AlSnO,-5.2545,1.514,Solar / Visible,THERMAL,Semiconductor,C222_1,20,24
In2Ge2Se(SO3)2_id1518_Final_E-5.25.cif,In2Ge2Se(SO3)2,-5.2535,1.656,Solar / Visible,THERMAL,Semiconductor,P-1,2,13
TiSbO23_id1546_Final_E-5.25.cif,TiSbO23,-5.2483,0.99,IR / Narrow-Gap,THERMAL,Semiconductor,P1,1,50
Mg8Ga4N9_id2302_Final_E-5.24.cif,Mg8Ga4N9,-5.2376,1.411,Solar / Visible,THERMAL,Semiconductor,Cc,9,42
Mg(P3O)2_id3865_Final_E-5.24.cif,Mg(P3O)2,-5.2361,0.382,IR / Narrow-Gap,THERMAL,Semiconductor,Pmn2_1,31,18
Li2Mg2B6P3O2_id4378_Final_E-5.23.cif,Li2Mg2B6P3O2,-5.2343,1.443,Solar / Visible,THERMAL,Semiconductor,P1,1,45
LiMg2O6_id4967_Final_E-5.23.cif,LiMg2O6,-5.2325,2.498,Wide-Gap Power/LED,THERMAL,Semiconductor,P-3c1,165,18
Si5S4_id2788_Final_E-5.23.cif,Si5S4,-5.2268,1.098,Solar / Visible,THERMAL,Semiconductor,C2/c,15,36
BaSr6GeO7_id2765_Final_E-5.23.cif,BaSr6GeO7,-5.2264,3.283,Wide-Gap Power/LED,THERMAL,Semiconductor,P1,1,30
Li4TeAsO4_id2191_Final_E-5.22.cif,Li4TeAsO4,-5.2249,2.541,Wide-Gap Power/LED,THERMAL,Semiconductor,Pnn2,34,20
InO_id4528_Final_E-5.22.cif,InO,-5.2248,0.254,IR / Narrow-Gap,THERMAL,Semiconductor,P4_2/ncm,138,8
Se2O3_id4600_Final_E-5.22.cif,Se2O3,-5.2243,1.32,Solar / Visible,THERMAL,Semiconductor,Pbcn,60,20
Li4SnGeAsO4_id1952_Final_E-5.22.cif,Li4SnGeAsO4,-5.2224,0.729,IR / Narrow-Gap,THERMAL,Semiconductor,P1,1,44
Zn2C2NO2_id2086_Final_E-5.22.cif,Zn2C2NO2,-5.2218,1.883,Solar / Visible,THERMAL,Semiconductor,P2_1/c,14,28
CaZn(P3O)2_id2792_Final_E-5.22.cif,CaZn(P3O)2,-5.2205,1.624,Solar / Visible,THERMAL,Semiconductor,P-1,2,30
NaLi2GaO4_id3701_Final_E-5.22.cif,NaLi2GaO4,-5.2203,2.806,Wide-Gap Power/LED,THERMAL,Semiconductor,P1,1,32
As2O_id859_Final_E-5.21.cif,As2O,-5.2117,1.021,Solar / Visible,THERMAL,Semiconductor,Pbcn,60,12
SrSiP4_id16_Final_E-5.20.cif,SrSiP4,-5.1997,1.138,Solar / Visible,THERMAL,Semiconductor,I4_1/a,88,24
K2BeP(SeO)4_id2975_Final_E-5.20.cif,K2BeP(SeO)4,-5.1978,2.18,Solar / Visible,THERMAL,Semiconductor,I222,23,24
ZnSn2BO4_id335_Final_E-5.20.cif,ZnSn2BO4,-5.1974,1.241,Solar / Visible,THERMAL,Semiconductor,Pmmm,47,16
Li(SeN2)2_id4893_Final_E-5.20.cif,Li(SeN2)2,-5.1974,1.503,Solar / Visible,THERMAL,Semiconductor,Fd-3m,227,56
ScTeSe2_id3982_Final_E-5.20.cif,ScTeSe2,-5.1974,1.078,Solar / Visible,THERMAL,Semiconductor,Pc,7,16
Li3(SbO6)2_id1948_Final_E-5.19.cif,Li3(SbO6)2,-5.1936,1.183,Solar / Visible,THERMAL,Semiconductor,P6/mcc,192,34
TeS2O3_id1782_Final_E-5.19.cif,TeS2O3,-5.1897,0.904,IR / Narrow-Gap,THERMAL,Semiconductor,Aea2,41,24
BaNaCaO9_id3836_Final_E-5.19.cif,BaNaCaO9,-5.1873,0.06,IR / Narrow-Gap,THERMAL,Semiconductor,P-1,2,24
CaPN2_id2050_Final_E-5.19.cif,CaPN2,-5.186,2.13,Solar / Visible,THERMAL,Semiconductor,I4_122,98,16
K5In3(Se2O7)2_id895_Final_E-5.18.cif,K5In3(Se2O7)2,-5.1841,2.539,Wide-Gap Power/LED,THERMAL,Semiconductor,P-1,2,26
GaBN2_id3536_Final_E-5.18.cif,GaBN2,-5.1816,1.56,Solar / Visible,THERMAL,Semiconductor,P1,1,16
AlPS_id3689_Final_E-5.18.cif,AlPS,-5.1788,1.492,Solar / Visible,THERMAL,Semiconductor,P1,1,12
AlSi3S4_id4990_Final_E-5.16.cif,AlSi3S4,-5.1633,2.055,Solar / Visible,THERMAL,Semiconductor,I-42m,121,16
Li6InGaO12_id2725_Final_E-5.16.cif,Li6InGaO12,-5.1615,2.574,Wide-Gap Power/LED,THERMAL,Semiconductor,P1,1,40
NaLi3In3Ge3PO15_id524_Final_E-5.16.cif,NaLi3In3Ge3PO15,-5.1612,0.969,IR / Narrow-Gap,THERMAL,Semiconductor,P1,1,26
KCaBNO17_id2698_Final_E-5.15.cif,KCaBNO17,-5.1521,0.325,IR / Narrow-Gap,THERMAL,Semiconductor,Pc,7,42
SrZn2O4_id2433_Final_E-5.14.cif,SrZn2O4,-5.1405,2.022,Solar / Visible,THERMAL,Semiconductor,Fd-3m,227,56
Li6Ga6O13_id3125_Final_E-5.14.cif,Li6Ga6O13,-5.1384,0.066,IR / Narrow-Gap,THERMAL,Semiconductor,Pm-3,200,25
Ba(SeO)6_id914_Final_E-5.14.cif,Ba(SeO)6,-5.1379,0.858,IR / Narrow-Gap,THERMAL,Semiconductor,P-1,2,13
Si_id2894_Final_E-5.14.cif,Si,-5.1378,0.825,IR / Narrow-Gap,THERMAL,Semiconductor,I-42d,122,28
BaS2_id853_Final_E-5.13.cif,BaS2,-5.1266,1.842,Solar / Visible,THERMAL,Semiconductor,Pbca,61,24
K4GeO4_id4357_Final_E-5.12.cif,K4GeO4,-5.1171,2.492,Wide-Gap Power/LED,THERMAL,Semiconductor,P-42_1c,114,18
MgGeAsO_id2352_Final_E-5.10.cif,MgGeAsO,-5.1043,0.628,IR / Narrow-Gap,THERMAL,Semiconductor,P2_1/c,14,32
Li2PNO14_id3111_Final_E-5.10.cif,Li2PNO14,-5.1001,1.145,Solar / Visible,THERMAL,Semiconductor,P2,3,36
BaSiS2_id3489_Final_E-5.10.cif,BaSiS2,-5.0984,1.814,Solar / Visible,THERMAL,Semiconductor,I4_1/amd,141,16
MgGeO2_id2199_Final_E-5.09.cif,MgGeO2,-5.0936,1.58,Solar / Visible,THERMAL,Semiconductor,I4_1/amd,141,16
LiBP5_id816_Final_E-5.09.cif,LiBP5,-5.0933,0.839,IR / Narrow-Gap,THERMAL,Semiconductor,Pc,7,14
KSrO8_id2022_Final_E-5.09.cif,KSrO8,-5.0921,1.312,Solar / Visible,THERMAL,Semiconductor,P4/nbm,125,20
Si_id1497_Final_E-5.09.cif,Si,-5.0893,1.18,Solar / Visible,THERMAL,Semiconductor,I4_1/a,88,20
S2O_id4409_Final_E-5.09.cif,S2O,-5.0865,2.049,Solar / Visible,THERMAL,Semiconductor,Pba2,32,24
SO3_id1865_Final_E-5.08.cif,SO3,-5.0847,1.52,Solar / Visible,THERMAL,Semiconductor,P1,1,24
P_id2096_Final_E-5.08.cif,P,-5.0796,1.745,Solar / Visible,THERMAL,Semiconductor,P-43n,218,24
ScTe2S3_id2026_Final_E-5.08.cif,ScTe2S3,-5.0782,0.492,IR / Narrow-Gap,THERMAL,Semiconductor,P4mm,99,6
ScSeS6_id2596_Final_E-5.08.cif,ScSeS6,-5.0778,1.215,Solar / Visible,THERMAL,Semiconductor,Cmc2_1,36,32
SnAsO_id1114_Final_E-5.08.cif,SnAsO,-5.0754,1.147,Solar / Visible,THERMAL,Semiconductor,P2_1,4,12
LiAsO4_id4673_Final_E-5.08.cif,LiAsO4,-5.0753,3.242,Wide-Gap Power/LED,THERMAL,Semiconductor,P4_32_12,96,24
Sr2Li2Sb2O3_id2703_Final_E-5.07.cif,Sr2Li2Sb2O3,-5.0744,2.48,Wide-Gap Power/LED,THERMAL,Semiconductor,P2/c,13,36
KSnO6_id240_Final_E-5.06.cif,KSnO6,-5.0632,1.081,Solar / Visible,THERMAL,Semiconductor,P-31c,163,16
KBaO4_id4245_Final_E-5.06.cif,KBaO4,-5.058,0.911,IR / Narrow-Gap,THERMAL,Semiconductor,P-1,2,24
Ca3In(S2O)3_id222_Final_E-5.04.cif,Ca3In(S2O)3,-5.0424,0.338,IR / Narrow-Gap,THERMAL,Semiconductor,P6_3/m,176,26
LiSiS2_id3483_Final_E-5.04.cif,LiSiS2,-5.0415,2.539,Wide-Gap Power/LED,THERMAL,Semiconductor,I4/mcm,140,16
AlSiP2S_id685_Final_E-5.04.cif,AlSiP2S,-5.0382,1.685,Solar / Visible,THERMAL,Semiconductor,P4_32_12,96,40
KBaAsO4_id13_Final_E-5.04.cif,KBaAsO4,-5.0377,0.159,IR / Narrow-Gap,THERMAL,Semiconductor,P4/mmm,123,14
K2Sr4O19_id2781_Final_E-5.04.cif,K2Sr4O19,-5.0353,2.917,Wide-Gap Power/LED,THERMAL,Semiconductor,P2,3,25
Ca2O15_id1734_Final_E-5.03.cif,Ca2O15,-5.0294,0.094,IR / Narrow-Gap,THERMAL,Semiconductor,P-1,2,34
K4Ti(SeO)2_id4403_Final_E-5.02.cif,K4Ti(SeO)2,-5.0162,1.47,Solar / Visible,THERMAL,Semiconductor,C2,5,27
KGeO7_id3015_Final_E-5.01.cif,KGeO7,-5.0146,1.418,Solar / Visible,THERMAL,Semiconductor,P1,1,27
B(AsO)12_id4886_Final_E-5.01.cif,B(AsO)12,-5.0102,1.453,Solar / Visible,THERMAL,Semiconductor,I432,211,50
LiIn(SeO2)2_id4675_Final_E-5.01.cif,LiIn(SeO2)2,-5.0072,0.829,IR / Narrow-Gap,THERMAL,Semiconductor,P1,1,16
SO5_id2280_Final_E-5.01.cif,SO5,-5.0067,1.624,Solar / Visible,THERMAL,Semiconductor,Cmc2_1,36,24
TiSe3S4_id4541_Final_E-5.00.cif,TiSe3S4,-5.002,0.537,IR / Narrow-Gap,THERMAL,Semiconductor,I4cm,108,32
KGa2AsO8_id4773_Final_E-5.00.cif,KGa2AsO8,-5.001,1.157,Solar / Visible,THERMAL,Semiconductor,P1,1,24
GeAsP3_id650_Final_E-4.99.cif,GeAsP3,-4.9884,0.229,IR / Narrow-Gap,THERMAL,Semiconductor,Pca2_1,29,20
KNaCaO6_id3504_Final_E-4.98.cif,KNaCaO6,-4.9834,1.575,Solar / Visible,THERMAL,Semiconductor,P-31c,163,18
Si_id3579_Final_E-4.98.cif,Si,-4.98,0.354,IR / Narrow-Gap,THERMAL,Semiconductor,P1,1,36
Sr2S3_id4354_Final_E-4.98.cif,Sr2S3,-4.9778,2.365,Wide-Gap Power/LED,THERMAL,Semiconductor,I4/mmm,139,20
Na2Zn2Ge2O5_id1479_Final_E-4.97.cif,Na2Zn2Ge2O5,-4.9723,2.052,Solar / Visible,THERMAL,Semiconductor,Pbcn,60,44
K3NO3_id4233_Final_E-4.97.cif,K3NO3,-4.9666,1.258,Solar / Visible,THERMAL,Semiconductor,P6_3/m,176,14
Li5SnN4_id4174_Final_E-4.97.cif,Li5SnN4,-4.9661,3.486,Wide-Gap Power/LED,THERMAL,Semiconductor,Ibam,72,40
TeAsO_id4822_Final_E-4.97.cif,TeAsO,-4.9653,0.526,IR / Narrow-Gap,THERMAL,Semiconductor,P3_221,154,9
LiSbAsSO_id4032_Final_E-4.96.cif,LiSbAsSO,-4.9644,0.344,IR / Narrow-Gap,THERMAL,Semiconductor,P1,1,10
Sr2GeSb(TeO)2_id3107_Final_E-4.96.cif,Sr2GeSb(TeO)2,-4.9639,0.925,IR / Narrow-Gap,THERMAL,Semiconductor,P3_221,154,24
SiO27_id2471_Final_E-4.96.cif,SiO27,-4.9638,1.219,Solar / Visible,THERMAL,Semiconductor,P1,1,28
NaLi6MgO12_id1369_Final_E-4.96.cif,NaLi6MgO12,-4.9624,2.047,Solar / Visible,THERMAL,Semiconductor,R-3,148,60
KMgGaO12_id1832_Final_E-4.96.cif,KMgGaO12,-4.9602,0.483,IR / Narrow-Gap,THERMAL,Semiconductor,C2,5,30
Sr2CSeO2_id3510_Final_E-4.96.cif,Sr2CSeO2,-4.9584,1.857,Solar / Visible,THERMAL,Semiconductor,C222,21,12
Li2TiGaP3_id4809_Final_E-4.96.cif,Li2TiGaP3,-4.9559,1.049,Solar / Visible,THERMAL,Semiconductor,P1,1,14
KLiAsO8_id4437_Final_E-4.95.cif,KLiAsO8,-4.953,2.602,Wide-Gap Power/LED,THERMAL,Semiconductor,Pc,7,22
KSn(SO)4_id3065_Final_E-4.95.cif,KSn(SO)4,-4.9492,1.446,Solar / Visible,THERMAL,Semiconductor,P4/nbm,125,20
Na3Li2In8Sn3Se2(S2O9)2_id3431_Final_E-4.95.cif,Na3Li2In8Sn3Se2(S2O9)2,-4.9473,0.986,IR / Narrow-Gap,THERMAL,Semiconductor,P1,1,40
BaSnS2_id225_Final_E-4.95.cif,BaSnS2,-4.9467,0.911,IR / Narrow-Gap,THERMAL,Semiconductor,I4_122,98,16
MgGa2(SO)4_id1886_Final_E-4.94.cif,MgGa2(SO)4,-4.9445,2.317,Wide-Gap Power/LED,THERMAL,Semiconductor,P1,1,11
BaSeO19_id2998_Final_E-4.94.cif,BaSeO19,-4.9404,1.203,Solar / Visible,THERMAL,Semiconductor,P1,1,21
InSnO10_id3778_Final_E-4.94.cif,InSnO10,-4.9377,3.13,Wide-Gap Power/LED,THERMAL,Semiconductor,Fdd2,43,48
ZnSiPC_id2401_Final_E-4.94.cif,ZnSiPC,-4.9354,0.138,IR / Narrow-Gap,THERMAL,Semiconductor,C222_1,20,32
Na3Sr2Li2MgGa2(N2O3)2_id2232_Final_E-4.92.cif,Na3Sr2Li2MgGa2(N2O3)2,-4.9246,2.382,Wide-Gap Power/LED,THERMAL,Semiconductor,C2,5,60
BS4_id4692_Final_E-4.92.cif,BS4,-4.9236,0.868,IR / Narrow-Gap,THERMAL,Semiconductor,P3_112,151,15
LiB2P_id4348_Final_E-4.92.cif,LiB2P,-4.9222,1.639,Solar / Visible,THERMAL,Semiconductor,I4_1/amd,141,16
Li11O16_id2982_Final_E-4.91.cif,Li11O16,-4.9064,3.085,Wide-Gap Power/LED,THERMAL,Semiconductor,Pnn2,34,54
O2_id1393_Final_E-4.91.cif,O2,-4.9052,0.999,IR / Narrow-Gap,THERMAL,Semiconductor,Pbca,61,16
Ba2S3_id2773_Final_E-4.90.cif,Ba2S3,-4.9047,2.058,Solar / Visible,THERMAL,Semiconductor,Pn-3m,224,10
KBa2SnGe2SO2_id957_Final_E-4.90.cif,KBa2SnGe2SO2,-4.9036,1.125,Solar / Visible,THERMAL,Semiconductor,P1,1,36
O2_id3508_Final_E-4.90.cif,O2,-4.9008,0.979,IR / Narrow-Gap,THERMAL,Semiconductor,Pbca,61,16
SiAsP2S7_id1552_Final_E-4.90.cif,SiAsP2S7,-4.8994,1.767,Solar / Visible,THERMAL,Semiconductor,P1,1,11
TiTe4P4S5_id3966_Final_E-4.89.cif,TiTe4P4S5,-4.8939,1.001,Solar / Visible,THERMAL,Semiconductor,P1,1,28
NaZn(As3O2)2_id1805_Final_E-4.89.cif,NaZn(As3O2)2,-4.8902,1.231,Solar / Visible,THERMAL,Semiconductor,I4mm,107,24
K5(SeO2)4_id108_Final_E-4.89.cif,K5(SeO2)4,-4.8868,2.873,Wide-Gap Power/LED,THERMAL,Semiconductor,P4_2/n,86,34
Be2Si4Ge2N_id1537_Final_E-4.89.cif,Be2Si4Ge2N,-4.8865,0.163,IR / Narrow-Gap,THERMAL,Semiconductor,Cc,9,36
Li2Be2Zn2O3_id3032_Final_E-4.88.cif,Li2Be2Zn2O3,-4.8829,1.031,Solar / Visible,THERMAL,Semiconductor,P-1,2,36
Li3Zn2O4_id401_Final_E-4.87.cif,Li3Zn2O4,-4.8683,2.209,Wide-Gap Power/LED,THERMAL,Semiconductor,P2_12_12,18,18
LiGaO3_id734_Final_E-4.87.cif,LiGaO3,-4.868,2.562,Wide-Gap Power/LED,THERMAL,Semiconductor,R32,155,30
Ba2AsPS2_id4185_Final_E-4.86.cif,Ba2AsPS2,-4.8626,1.013,Solar / Visible,THERMAL,Semiconductor,P1,1,6
O2_id2385_Final_E-4.86.cif,O2,-4.8602,1.169,Solar / Visible,THERMAL,Semiconductor,P1,1,24
LiTi2Be2ZnBAs2S5_id2543_Final_E-4.86.cif,LiTi2Be2ZnBAs2S5,-4.8592,1.241,Solar / Visible,THERMAL,Semiconductor,P2_1/m,11,28
KBe2CdSeO3_id3499_Final_E-4.85.cif,KBe2CdSeO3,-4.8512,2.234,Wide-Gap Power/LED,THERMAL,Semiconductor,P-1,2,16
K2SiBS8_id2005_Final_E-4.85.cif,K2SiBS8,-4.8463,1.62,Solar / Visible,THERMAL,Semiconductor,I-42m,121,24
K4GaB(P2O3)2_id4434_Final_E-4.85.cif,K4GaB(P2O3)2,-4.8453,0.268,IR / Narrow-Gap,THERMAL,Semiconductor,P-1,2,32
CaZnO2_id3776_Final_E-4.84.cif,CaZnO2,-4.842,3.363,Wide-Gap Power/LED,THERMAL,Semiconductor,I4_122,98,16
Ge2S3_id4543_Final_E-4.84.cif,Ge2S3,-4.8397,1.995,Solar / Visible,THERMAL,Semiconductor,Pccn,56,20
KSbO6_id3539_Final_E-4.83.cif,KSbO6,-4.83,2.707,Wide-Gap Power/LED,THERMAL,Semiconductor,P6_322,182,16
NaZnGeSb2Te4(SeO4)4_id1071_Final_E-4.82.cif,NaZnGeSb2Te4(SeO4)4,-4.8238,1.406,Solar / Visible,THERMAL,Semiconductor,I222,23,58
KLiSe2O11_id4074_Final_E-4.82.cif,KLiSe2O11,-4.8216,1.005,Solar / Visible,THERMAL,Semiconductor,Pc,7,60
K3Sn3Te4As(SO2)4_id4427_Final_E-4.82.cif,K3Sn3Te4As(SO2)4,-4.8187,1.287,Solar / Visible,THERMAL,Semiconductor,P1,1,46
Zn2Sn2O3_id2893_Final_E-4.82.cif,Zn2Sn2O3,-4.818,1.154,Solar / Visible,THERMAL,Semiconductor,Pbcn,60,28
Na2As(PO2)2_id3112_Final_E-4.82.cif,Na2As(PO2)2,-4.8156,1.614,Solar / Visible,THERMAL,Semiconductor,P1,1,18
Li2O3_id654_Final_E-4.81.cif,Li2O3,-4.8148,2.511,Wide-Gap Power/LED,THERMAL,Semiconductor,P1,1,20
Sc3(InSe6)2_id3603_Final_E-4.81.cif,Sc3(InSe6)2,-4.8114,0.315,IR / Narrow-Gap,THERMAL,Semiconductor,P-31c,163,34
KNaTi2Zn2O2_id1828_Final_E-4.81.cif,KNaTi2Zn2O2,-4.8098,0.457,IR / Narrow-Gap,THERMAL,Semiconductor,P-3m1,164,8
Ba2P2Se_id1026_Final_E-4.81.cif,Ba2P2Se,-4.8091,1.073,Solar / Visible,THERMAL,Semiconductor,P2/m,10,5
BaSiSn(SeS2)2_id1869_Final_E-4.81.cif,BaSiSn(SeS2)2,-4.8067,0.758,IR / Narrow-Gap,THERMAL,Semiconductor,P2_12_12,18,18
O2_id493_Final_E-4.80.cif,O2,-4.8049,1.044,Solar / Visible,THERMAL,Semiconductor,Pba2,32,30
SiAs5P3Se_id488_Final_E-4.80.cif,SiAs5P3Se,-4.8042,1.438,Solar / Visible,THERMAL,Semiconductor,Pca2_1,29,40
Li2ScTe3N_id130_Final_E-4.80.cif,Li2ScTe3N,-4.8012,1.065,Solar / Visible,THERMAL,Semiconductor,P2_1/m,11,14
K3Te4As(PO3)2_id778_Final_E-4.79.cif,K3Te4As(PO3)2,-4.7924,0.854,IR / Narrow-Gap,THERMAL,Semiconductor,P1,1,32
SnSbAs2P2SeS5N_id2317_Final_E-4.78.cif,SnSbAs2P2SeS5N,-4.7803,0.942,IR / Narrow-Gap,THERMAL,Semiconductor,P2/c,13,52
Se(SO)2_id169_Final_E-4.78.cif,Se(SO)2,-4.7761,2.888,Wide-Gap Power/LED,THERMAL,Semiconductor,C2,5,15
BaSnO20_id3118_Final_E-4.77.cif,BaSnO20,-4.7712,2.911,Wide-Gap Power/LED,THERMAL,Semiconductor,P-3,147,22
PS2_id3334_Final_E-4.77.cif,PS2,-4.7689,1.842,Solar / Visible,THERMAL,Semiconductor,Pbca,61,24
Li4GaO16_id1556_Final_E-4.77.cif,Li4GaO16,-4.7687,0.642,IR / Narrow-Gap,THERMAL,Semiconductor,P1,1,21
PSe_id548_Final_E-4.75.cif,PSe,-4.751,1.196,Solar / Visible,THERMAL,Semiconductor,Pbca,61,16
Li2As3P8_id3012_Final_E-4.75.cif,Li2As3P8,-4.7472,1.501,Solar / Visible,THERMAL,Semiconductor,Ccc2,37,52
K3Li2Cd2Ga3Sb6P6(SO2)6_id2784_Final_E-4.74.cif,K3Li2Cd2Ga3Sb6P6(SO2)6,-4.744,0.224,IR / Narrow-Gap,THERMAL,Semiconductor,P1,1,40
CdGaO16_id4451_Final_E-4.74.cif,CdGaO16,-4.7408,0.927,IR / Narrow-Gap,THERMAL,Semiconductor,Pban,50,36
K3Ga2SnB2(S2O)4_id4863_Final_E-4.74.cif,K3Ga2SnB2(S2O)4,-4.7404,1.827,Solar / Visible,THERMAL,Semiconductor,I222,23,40
Na2TeO5_id4710_Final_E-4.73.cif,Na2TeO5,-4.7308,1.727,Solar / Visible,THERMAL,Semiconductor,P31m,157,8
K6BaSrO14_id4562_Final_E-4.73.cif,K6BaSrO14,-4.7272,0.378,IR / Narrow-Gap,THERMAL,Semiconductor,P321,150,22
BaInS2_id4776_Final_E-4.73.cif,BaInS2,-4.7257,1.714,Solar / Visible,THERMAL,Semiconductor,R-3m,166,12
K4Mg3SbO6_id1849_Final_E-4.72.cif,K4Mg3SbO6,-4.7227,1.598,Solar / Visible,THERMAL,Semiconductor,Im-3m,229,28
Na2MgAlZn2Se2(SO5)2_id4897_Final_E-4.72.cif,Na2MgAlZn2Se2(SO5)2,-4.722,3.089,Wide-Gap Power/LED,THERMAL,Semiconductor,P3_121,152,60
BP12_id2597_Final_E-4.71.cif,BP12,-4.7125,2.993,Wide-Gap Power/LED,THERMAL,Semiconductor,I432,211,26
AlSi3Se3S_id453_Final_E-4.71.cif,AlSi3Se3S,-4.7112,0.067,IR / Narrow-Gap,THERMAL,Semiconductor,P6_3mc,186,16
SrInO8_id3994_Final_E-4.71.cif,SrInO8,-4.7073,1.384,Solar / Visible,THERMAL,Semiconductor,Fm-3m,225,40
BaO6_id2225_Final_E-4.71.cif,BaO6,-4.7068,3.165,Wide-Gap Power/LED,THERMAL,Semiconductor,P6/mmm,191,7
GeO20_id1289_Final_E-4.70.cif,GeO20,-4.7017,0.671,IR / Narrow-Gap,THERMAL,Semiconductor,P2_1,4,42
NaAsO48_id1527_Final_E-4.70.cif,NaAsO48,-4.6973,0.855,IR / Narrow-Gap,THERMAL,Semiconductor,P-1,2,50
Sr4CdN4_id2157_Final_E-4.69.cif,Sr4CdN4,-4.6934,2.67,Wide-Gap Power/LED,THERMAL,Semiconductor,P4_232,208,54
MgZn2O8_id1460_Final_E-4.68.cif,MgZn2O8,-4.6806,1.501,Solar / Visible,THERMAL,Semiconductor,P1,1,22
SrCaSiB3_id4424_Final_E-4.68.cif,SrCaSiB3,-4.6801,0.103,IR / Narrow-Gap,THERMAL,Semiconductor,C2,5,24
Zn3O4_id4005_Final_E-4.68.cif,Zn3O4,-4.6781,0.958,IR / Narrow-Gap,THERMAL,Semiconductor,P1,1,14
Ca3Se4_id3730_Final_E-4.68.cif,Ca3Se4,-4.6764,1.013,Solar / Visible,THERMAL,Semiconductor,I-43d,220,28
BaGaTeSO_id692_Final_E-4.68.cif,BaGaTeSO,-4.676,1.296,Solar / Visible,THERMAL,Semiconductor,P2_1,4,20
Ca3Se4_id2353_Final_E-4.68.cif,Ca3Se4,-4.6757,1.089,Solar / Visible,THERMAL,Semiconductor,I-43d,220,28
As5P3S5_id96_Final_E-4.67.cif,As5P3S5,-4.6705,0.124,IR / Narrow-Gap,THERMAL,Semiconductor,Pnn2,34,26
As2S_id2903_Final_E-4.67.cif,As2S,-4.6684,0.732,IR / Narrow-Gap,THERMAL,Semiconductor,Pbcn,60,12
Si3Se4_id4181_Final_E-4.66.cif,Si3Se4,-4.6603,1.75,Solar / Visible,THERMAL,Semiconductor,I-43d,220,28
KLiO19_id3814_Final_E-4.65.cif,KLiO19,-4.6532,0.103,IR / Narrow-Gap,THERMAL,Semiconductor,Pc,7,42
KGe3S3N_id3420_Final_E-4.65.cif,KGe3S3N,-4.6487,0.549,IR / Narrow-Gap,THERMAL,Semiconductor,P-1,2,16
MgSeO_id1044_Final_E-4.64.cif,MgSeO,-4.6443,2.091,Solar / Visible,THERMAL,Semiconductor,P4_2/ncm,138,12
LiCa4S11_id3494_Final_E-4.64.cif,LiCa4S11,-4.6397,1.896,Solar / Visible,THERMAL,Semiconductor,P1,1,48
GaP2_id3094_Final_E-4.64.cif,GaP2,-4.6362,0.456,IR / Narrow-Gap,THERMAL,Semiconductor,P4_122,91,12
O2_id2541_Final_E-4.63.cif,O2,-4.6334,2.765,Wide-Gap Power/LED,THERMAL,Semiconductor,Pba2,32,42
ZnO_id3306_Final_E-4.63.cif,ZnO,-4.6326,0.635,IR / Narrow-Gap,THERMAL,Semiconductor,P4_2/ncm,138,8
KLiO6_id4768_Final_E-4.63.cif,KLiO6,-4.628,3.013,Wide-Gap Power/LED,THERMAL,Semiconductor,P-1,2,16
BaMgS2_id4183_Final_E-4.62.cif,BaMgS2,-4.6222,2.155,Solar / Visible,THERMAL,Semiconductor,R-3m,166,12
NaLi6Te3P3(SN)3_id4452_Final_E-4.62.cif,NaLi6Te3P3(SN)3,-4.6214,1.345,Solar / Visible,THERMAL,Semiconductor,P31c,159,38
K4O17_id1166_Final_E-4.62.cif,K4O17,-4.6214,2.022,Solar / Visible,THERMAL,Semiconductor,Pc,7,42
O2_id2362_Final_E-4.62.cif,O2,-4.6204,1.049,Solar / Visible,THERMAL,Semiconductor,P2_1/c,14,20
O2_id2984_Final_E-4.62.cif,O2,-4.6188,1.083,Solar / Visible,THERMAL,Semiconductor,Aem2,39,40
KMg7Cd4O12_id3901_Final_E-4.61.cif,KMg7Cd4O12,-4.6057,1.944,Solar / Visible,THERMAL,Semiconductor,P1,1,24
NaGa3Sb4O9_id3532_Final_E-4.59.cif,NaGa3Sb4O9,-4.5923,1.889,Solar / Visible,THERMAL,Semiconductor,P6_3,173,34
AlInSi8_id1733_Final_E-4.59.cif,AlInSi8,-4.5892,0.712,IR / Narrow-Gap,THERMAL,Semiconductor,P1,1,20
MgCdO4_id3019_Final_E-4.59.cif,MgCdO4,-4.5886,0.128,IR / Narrow-Gap,THERMAL,Semiconductor,I4_1/a,88,24
Li2CdO4_id1616_Final_E-4.59.cif,Li2CdO4,-4.5858,1.178,Solar / Visible,THERMAL,Semiconductor,P-1,2,14
ZnSbAsS2O_id4957_Final_E-4.58.cif,ZnSbAsS2O,-4.5824,1.229,Solar / Visible,THERMAL,Semiconductor,Pca2_1,29,24
LiMgInNO_id1372_Final_E-4.58.cif,LiMgInNO,-4.5787,0.198,IR / Narrow-Gap,THERMAL,Semiconductor,Pca2_1,29,20
Mg2O19_id3661_Final_E-4.58.cif,Mg2O19,-4.5774,0.811,IR / Narrow-Gap,THERMAL,Semiconductor,Pc,7,42
O2_id2346_Final_E-4.57.cif,O2,-4.5746,1.095,Solar / Visible,THERMAL,Semiconductor,P2_1,4,42
KNaGeSe2(SO)2_id4996_Final_E-4.57.cif,KNaGeSe2(SO)2,-4.5742,1.545,Solar / Visible,THERMAL,Semiconductor,P3_221,154,27
BSb_id3324_Final_E-4.57.cif,BSb,-4.5732,0.184,IR / Narrow-Gap,THERMAL,Semiconductor,P1,1,48
MgAlZnSi2Te2(S2O)2_id1729_Final_E-4.57.cif,MgAlZnSi2Te2(S2O)2,-4.5674,1.009,Solar / Visible,THERMAL,Semiconductor,P3_221,154,39
KGaAsSO_id2983_Final_E-4.56.cif,KGaAsSO,-4.5601,1.885,Solar / Visible,THERMAL,Semiconductor,Pcc2,27,20
Ca3O8_id981_Final_E-4.56.cif,Ca3O8,-4.5598,0.053,IR / Narrow-Gap,THERMAL,Semiconductor,Pm-3m,221,44
Ba2LiIn(SnO2)2_id4045_Final_E-4.55.cif,Ba2LiIn(SnO2)2,-4.553,1.166,Solar / Visible,THERMAL,Semiconductor,C2/c,15,40
LiZn4NO4_id4277_Final_E-4.55.cif,LiZn4NO4,-4.5497,1.352,Solar / Visible,THERMAL,Semiconductor,I4_1/a,88,40
AlInSiGe2AsSe2S13_id486_Final_E-4.55.cif,AlInSiGe2AsSe2S13,-4.5481,1.074,Solar / Visible,THERMAL,Semiconductor,P2_1,4,42
B(TeO3)2_id2838_Final_E-4.55.cif,B(TeO3)2,-4.5467,2.663,Wide-Gap Power/LED,THERMAL,Semiconductor,Pc,7,36
LiGa(SnS2)2_id4817_Final_E-4.54.cif,LiGa(SnS2)2,-4.5432,1.442,Solar / Visible,THERMAL,Semiconductor,I-42d,122,32
Si3Ge2_id3501_Final_E-4.54.cif,Si3Ge2,-4.5418,0.647,IR / Narrow-Gap,THERMAL,Semiconductor,R32,155,20
SrSbSe_id1766_Final_E-4.54.cif,SrSbSe,-4.5417,1.477,Solar / Visible,THERMAL,Semiconductor,P2_1/m,11,6
NaGaO_id1011_Final_E-4.54.cif,NaGaO,-4.537,1.752,Solar / Visible,THERMAL,Semiconductor,Pca2_1,29,12
Al3Si8Te4(SeS2)2_id3331_Final_E-4.53.cif,Al3Si8Te4(SeS2)2,-4.5337,1.328,Solar / Visible,THERMAL,Semiconductor,Pnn2,34,42
Li2As2N_id4973_Final_E-4.52.cif,Li2As2N,-4.5219,1.038,Solar / Visible,THERMAL,Semiconductor,Pbcn,60,20
Ba3Li2(SeS)2_id987_Final_E-4.52.cif,Ba3Li2(SeS)2,-4.5192,1.751,Solar / Visible,THERMAL,Semiconductor,Cmc2_1,36,36
K3LiMg3Ti3Si3(BAs2)3_id2387_Final_E-4.52.cif,K3LiMg3Ti3Si3(BAs2)3,-4.5178,0.589,IR / Narrow-Gap,THERMAL,Semiconductor,P3,143,22
InO25_id1355_Final_E-4.51.cif,InO25,-4.5143,1.09,Solar / Visible,THERMAL,Semiconductor,Pc,7,52
Mg3(PS2)2_id1982_Final_E-4.51.cif,Mg3(PS2)2,-4.5101,1.29,Solar / Visible,THERMAL,Semiconductor,P2_12_12,18,18
Zn2O3_id1464_Final_E-4.51.cif,Zn2O3,-4.5095,1.852,Solar / Visible,THERMAL,Semiconductor,P2_1/c,14,20
Ba4ZnIn3(SeO)6_id3684_Final_E-4.51.cif,Ba4ZnIn3(SeO)6,-4.5081,1.551,Solar / Visible,THERMAL,Semiconductor,P-1,2,40
KCaO26_id1684_Final_E-4.51.cif,KCaO26,-4.5061,3.293,Wide-Gap Power/LED,THERMAL,Semiconductor,P1,1,56
Li2As2PS2_id904_Final_E-4.50.cif,Li2As2PS2,-4.503,2.27,Wide-Gap Power/LED,THERMAL,Semiconductor,Aea2,41,28
Ga3GeS8_id2035_Final_E-4.50.cif,Ga3GeS8,-4.4972,1.883,Solar / Visible,THERMAL,Semiconductor,P1,1,24
Zn2O3_id1585_Final_E-4.49.cif,Zn2O3,-4.489,1.237,Solar / Visible,THERMAL,Semiconductor,Pbcn,60,20
Mg3AlZnTe4Se2(S2O)4_id3256_Final_E-4.49.cif,Mg3AlZnTe4Se2(S2O)4,-4.4881,1.116,Solar / Visible,THERMAL,Semiconductor,Pnn2,34,46
MgZn2Cd2O10_id2922_Final_E-4.49.cif,MgZn2Cd2O10,-4.4869,1.544,Solar / Visible,THERMAL,Semiconductor,P2/c,13,30
As_id2344_Final_E-4.49.cif,As,-4.4868,0.355,IR / Narrow-Gap,THERMAL,Semiconductor,Pma2,28,16
As_id3744_Final_E-4.49.cif,As,-4.4851,0.219,IR / Narrow-Gap,THERMAL,Semiconductor,P2_12_12_1,19,24
MgTiZnSn(TeS)2_id1331_Final_E-4.48.cif,MgTiZnSn(TeS)2,-4.484,1.031,Solar / Visible,THERMAL,Semiconductor,P-1,2,16
CaSnO10_id380_Final_E-4.48.cif,CaSnO10,-4.4826,1.96,Solar / Visible,THERMAL,Semiconductor,P4bm,100,24
In2(CO)3_id3774_Final_E-4.48.cif,In2(CO)3,-4.4815,1.167,Solar / Visible,THERMAL,Semiconductor,Pn-3m,224,16
Li4MgZn3Cd4(BO2)4_id3408_Final_E-4.48.cif,Li4MgZn3Cd4(BO2)4,-4.48,2.207,Wide-Gap Power/LED,THERMAL,Semiconductor,C222,21,48
MgS_id2791_Final_E-4.48.cif,MgS,-4.4793,2.37,Wide-Gap Power/LED,THERMAL,Semiconductor,P6_522,179,12
O2_id3023_Final_E-4.48.cif,O2,-4.4787,1.128,Solar / Visible,THERMAL,Semiconductor,Pba2,32,26
Al2InSe4_id3792_Final_E-4.48.cif,Al2InSe4,-4.4781,1.727,Solar / Visible,THERMAL,Semiconductor,P-42m,111,7
KSn(AsP)4_id2805_Final_E-4.48.cif,KSn(AsP)4,-4.4772,1.052,Solar / Visible,THERMAL,Semiconductor,I4_1/a,88,40
SbTe2AsS3O_id2473_Final_E-4.48.cif,SbTe2AsS3O,-4.4757,1.184,Solar / Visible,THERMAL,Semiconductor,Pnn2,34,32
ZnO7_id4624_Final_E-4.47.cif,ZnO7,-4.471,0.61,IR / Narrow-Gap,THERMAL,Semiconductor,P1,1,24
Li2Be4P7_id3398_Final_E-4.47.cif,Li2Be4P7,-4.471,1.081,Solar / Visible,THERMAL,Semiconductor,Ccc2,37,52
As_id2400_Final_E-4.47.cif,As,-4.4699,0.312,IR / Narrow-Gap,THERMAL,Semiconductor,P6_522,179,12
NaGaN2_id882_Final_E-4.46.cif,NaGaN2,-4.4628,1.447,Solar / Visible,THERMAL,Semiconductor,I4_122,98,16
BaZn4SbO4_id1448_Final_E-4.46.cif,BaZn4SbO4,-4.4617,1.087,Solar / Visible,THERMAL,Semiconductor,C2/c,15,40
As_id632_Final_E-4.46.cif,As,-4.459,0.277,IR / Narrow-Gap,THERMAL,Semiconductor,P2,3,20
Na4SnSb4AsN4_id4620_Final_E-4.45.cif,Na4SnSb4AsN4,-4.4516,0.159,IR / Narrow-Gap,THERMAL,Semiconductor,C2/c,15,56
NaCa3BeP4Se3_id3427_Final_E-4.45.cif,NaCa3BeP4Se3,-4.4504,1.377,Solar / Visible,THERMAL,Semiconductor,P1,1,12
Mg3Zn2Te2(S5O3)2_id3791_Final_E-4.45.cif,Mg3Zn2Te2(S5O3)2,-4.4476,2.345,Wide-Gap Power/LED,THERMAL,Semiconductor,P2,3,46
As_id4028_Final_E-4.44.cif,As,-4.4411,0.122,IR / Narrow-Gap,THERMAL,Semiconductor,P4/nmm,129,4
O2_id3311_Final_E-4.43.cif,O2,-4.4334,1.195,Solar / Visible,THERMAL,Semiconductor,Pba2,32,36
O2_id1737_Final_E-4.43.cif,O2,-4.4322,1.431,Solar / Visible,THERMAL,Semiconductor,Pbcn,60,12
LiAs3(SeS)3_id2957_Final_E-4.43.cif,LiAs3(SeS)3,-4.4273,1.286,Solar / Visible,THERMAL,Semiconductor,P31c,159,20
Li(Se2O)2_id2170_Final_E-4.43.cif,Li(Se2O)2,-4.4266,1.497,Solar / Visible,THERMAL,Semiconductor,P1,1,14
AsS2_id4756_Final_E-4.43.cif,AsS2,-4.4259,1.745,Solar / Visible,THERMAL,Semiconductor,Aea2,41,12
K4BaO4_id468_Final_E-4.42.cif,K4BaO4,-4.4184,1.423,Solar / Visible,THERMAL,Semiconductor,P4_2/n,86,18
O2_id1165_Final_E-4.42.cif,O2,-4.4165,1.534,Solar / Visible,THERMAL,Semiconductor,P432,207,36
BaLi2TiCdTeAsPS_id1063_Final_E-4.41.cif,BaLi2TiCdTeAsPS,-4.4131,1.115,Solar / Visible,THERMAL,Semiconductor,P3_1,144,27
Li2CaGa2Te4O3_id1653_Final_E-4.41.cif,Li2CaGa2Te4O3,-4.4102,1.315,Solar / Visible,THERMAL,Semiconductor,P-1,2,24
BaSrCaSiTeAsSe_id4540_Final_E-4.41.cif,BaSrCaSiTeAsSe,-4.4088,0.24,IR / Narrow-Gap,THERMAL,Semiconductor,Pca2_1,29,28
Si5Te4_id4468_Final_E-4.40.cif,Si5Te4,-4.3961,1.331,Solar / Visible,THERMAL,Semiconductor,C2/c,15,36
CaAs2_id1167_Final_E-4.39.cif,CaAs2,-4.3946,0.904,IR / Narrow-Gap,THERMAL,Semiconductor,P4_332,212,12
GaS2_id397_Final_E-4.38.cif,GaS2,-4.3829,1.557,Solar / Visible,THERMAL,Semiconductor,Pccm,49,6
O2_id395_Final_E-4.38.cif,O2,-4.3808,0.385,IR / Narrow-Gap,THERMAL,Semiconductor,P1,1,28
K3In3O4_id1763_Final_E-4.38.cif,K3In3O4,-4.3794,1.249,Solar / Visible,THERMAL,Semiconductor,P3c1,158,20
KSr3Se4O3_id4218_Final_E-4.38.cif,KSr3Se4O3,-4.3773,2.068,Solar / Visible,THERMAL,Semiconductor,Pm-3n,223,22
BaNa3Li2O3_id3393_Final_E-4.37.cif,BaNa3Li2O3,-4.3722,1.248,Solar / Visible,THERMAL,Semiconductor,P1,1,18
ZnO3_id2422_Final_E-4.37.cif,ZnO3,-4.3698,1.542,Solar / Visible,THERMAL,Semiconductor,I4_1/a,88,32
TeS3O_id2382_Final_E-4.37.cif,TeS3O,-4.3673,0.546,IR / Narrow-Gap,THERMAL,Semiconductor,P1,1,15
Li3O4_id2536_Final_E-4.37.cif,Li3O4,-4.3668,0.89,IR / Narrow-Gap,THERMAL,Semiconductor,Fm-3m,225,56
ZnGa2SO13_id3925_Final_E-4.36.cif,ZnGa2SO13,-4.3627,2.478,Wide-Gap Power/LED,THERMAL,Semiconductor,P6_322,182,34
BaSbAs2P_id83_Final_E-4.36.cif,BaSbAs2P,-4.362,0.232,IR / Narrow-Gap,THERMAL,Semiconductor,P2,3,20
NaLi4AlZnO3_id2716_Final_E-4.36.cif,NaLi4AlZnO3,-4.3603,3.433,Wide-Gap Power/LED,THERMAL,Semiconductor,Cc,9,20
SrGeTe2S_id898_Final_E-4.36.cif,SrGeTe2S,-4.3582,1.034,Solar / Visible,THERMAL,Semiconductor,Cmme,67,40
Ga(GeSe2)2_id2003_Final_E-4.36.cif,Ga(GeSe2)2,-4.3574,0.644,IR / Narrow-Gap,THERMAL,Semiconductor,P-4n2,118,14
Li12Ti4SiO3_id1788_Final_E-4.35.cif,Li12Ti4SiO3,-4.3531,0.963,IR / Narrow-Gap,THERMAL,Semiconductor,P1,1,40
LiAs3P_id4889_Final_E-4.34.cif,LiAs3P,-4.343,0.765,IR / Narrow-Gap,THERMAL,Semiconductor,Aea2,41,40
Sn(PS4)4_id3911_Final_E-4.33.cif,Sn(PS4)4,-4.3344,1.252,Solar / Visible,THERMAL,Semiconductor,Pc,7,42
KLi2Te2(SeO)4_id3354_Final_E-4.33.cif,KLi2Te2(SeO)4,-4.3331,1.703,Solar / Visible,THERMAL,Semiconductor,C2,5,26
Sb2SeS8_id544_Final_E-4.33.cif,Sb2SeS8,-4.3304,0.796,IR / Narrow-Gap,THERMAL,Semiconductor,P6_4,172,33
LiAl3Se4_id4975_Final_E-4.33.cif,LiAl3Se4,-4.3291,1.717,Solar / Visible,THERMAL,Semiconductor,I-42d,122,32
AsSeS_id4750_Final_E-4.33.cif,AsSeS,-4.329,1.313,Solar / Visible,THERMAL,Semiconductor,Pcc2,27,12
PSeS6_id863_Final_E-4.32.cif,PSeS6,-4.3222,1.688,Solar / Visible,THERMAL,Semiconductor,Pc,7,16
KBaAs4(SeS)6_id1833_Final_E-4.32.cif,KBaAs4(SeS)6,-4.3184,1.035,Solar / Visible,THERMAL,Semiconductor,P6_2,171,54
SiGe(TeSe)2_id3967_Final_E-4.32.cif,SiGe(TeSe)2,-4.3161,0.608,IR / Narrow-Gap,THERMAL,Semiconductor,P-42_1m,113,12
MgO6_id832_Final_E-4.31.cif,MgO6,-4.3062,1.488,Solar / Visible,THERMAL,Semiconductor,Fd-3m,227,56
KTePS3_id4832_Final_E-4.31.cif,KTePS3,-4.3054,1.196,Solar / Visible,THERMAL,Semiconductor,P1,1,24
Li2Ca2SbN2_id3813_Final_E-4.30.cif,Li2Ca2SbN2,-4.3024,1.728,Solar / Visible,THERMAL,Semiconductor,Pbca,61,28
KScZnInTeSeS_id506_Final_E-4.30.cif,KScZnInTeSeS,-4.301,1.278,Solar / Visible,THERMAL,Semiconductor,P2_1/m,11,14
Ge(SeS2)2_id1270_Final_E-4.30.cif,Ge(SeS2)2,-4.2962,1.602,Solar / Visible,THERMAL,Semiconductor,I-42d,122,28
Li3ZnSiS8_id4231_Final_E-4.30.cif,Li3ZnSiS8,-4.2954,2.278,Wide-Gap Power/LED,THERMAL,Semiconductor,P-42m,111,13
InSeO2_id1558_Final_E-4.29.cif,InSeO2,-4.2932,0.562,IR / Narrow-Gap,THERMAL,Semiconductor,P4_2/ncm,138,16
Se2SO8_id3615_Final_E-4.29.cif,Se2SO8,-4.2921,2.057,Solar / Visible,THERMAL,Semiconductor,P4,75,11
As2SeS_id3760_Final_E-4.29.cif,As2SeS,-4.2908,0.868,IR / Narrow-Gap,THERMAL,Semiconductor,I4_1/amd,141,16
BaCa(PO)2_id4428_Final_E-4.29.cif,BaCa(PO)2,-4.2897,0.506,IR / Narrow-Gap,THERMAL,Semiconductor,I4_1/amd,141,24
Sn2Se9S15O4_id1106_Final_E-4.29.cif,Sn2Se9S15O4,-4.2893,0.778,IR / Narrow-Gap,THERMAL,Semiconductor,C2,5,60
SbS8_id2657_Final_E-4.28.cif,SbS8,-4.2838,1.541,Solar / Visible,THERMAL,Semiconductor,P-1,2,36
LiCdInTeO3_id4759_Final_E-4.28.cif,LiCdInTeO3,-4.2828,1.653,Solar / Visible,THERMAL,Semiconductor,P1,1,14
Li4AsS6_id3360_Final_E-4.28.cif,Li4AsS6,-4.2803,1.362,Solar / Visible,THERMAL,Semiconductor,P1,1,22
NaCd2O8_id3153_Final_E-4.28.cif,NaCd2O8,-4.2802,1.413,Solar / Visible,THERMAL,Semiconductor,Pbcm,57,44
AlSbTeSeS17_id2496_Final_E-4.27.cif,AlSbTeSeS17,-4.2703,0.9,IR / Narrow-Gap,THERMAL,Semiconductor,Pc,7,42
LiS4_id3898_Final_E-4.27.cif,LiS4,-4.269,2.147,Solar / Visible,THERMAL,Semiconductor,P-1,2,10
Na(SiSe2)2_id4320_Final_E-4.27.cif,Na(SiSe2)2,-4.268,1.861,Solar / Visible,THERMAL,Semiconductor,P-42m,111,7
GeO8_id311_Final_E-4.26.cif,GeO8,-4.2611,2.296,Wide-Gap Power/LED,THERMAL,Semiconductor,Fm-3m,225,36
Sr2SbS2_id617_Final_E-4.25.cif,Sr2SbS2,-4.2535,1.006,Solar / Visible,THERMAL,Semiconductor,R-3m,166,15
NaSnP3_id3816_Final_E-4.25.cif,NaSnP3,-4.2499,0.372,IR / Narrow-Gap,THERMAL,Semiconductor,Amm2,38,10
Li3As3SeS7_id4744_Final_E-4.25.cif,Li3As3SeS7,-4.2495,2.013,Solar / Visible,THERMAL,Semiconductor,P3m1,156,14
K4LiAsO8_id4929_Final_E-4.25.cif,K4LiAsO8,-4.2461,2.083,Solar / Visible,THERMAL,Semiconductor,I4_1/a,88,56
GaAs4Se4S3_id3809_Final_E-4.25.cif,GaAs4Se4S3,-4.2452,1.344,Solar / Visible,THERMAL,Semiconductor,P1,1,48
SbAsSe2_id2241_Final_E-4.24.cif,SbAsSe2,-4.2428,0.101,IR / Narrow-Gap,THERMAL,Semiconductor,Cmcm,63,16
As3SeS2_id2047_Final_E-4.24.cif,As3SeS2,-4.2419,0.647,IR / Narrow-Gap,THERMAL,Semiconductor,Pm,6,6
LiTeP2Se2S9_id254_Final_E-4.24.cif,LiTeP2Se2S9,-4.2419,1.384,Solar / Visible,THERMAL,Semiconductor,P2_1/c,14,60
K9Ba4Mg4SbO10_id2081_Final_E-4.24.cif,K9Ba4Mg4SbO10,-4.2374,1.643,Solar / Visible,THERMAL,Semiconductor,C2,5,56
NaSbS2_id4904_Final_E-4.23.cif,NaSbS2,-4.2284,1.179,Solar / Visible,THERMAL,Semiconductor,I4_122,98,16
Al2Zn2GeS4_id2266_Final_E-4.23.cif,Al2Zn2GeS4,-4.2255,1.327,Solar / Visible,THERMAL,Semiconductor,P-42m,111,9
SnTeSeS2N_id2482_Final_E-4.22.cif,SnTeSeS2N,-4.224,1.323,Solar / Visible,THERMAL,Semiconductor,Cmc2_1,36,24
GeTe3AsS8_id117_Final_E-4.22.cif,GeTe3AsS8,-4.2225,0.128,IR / Narrow-Gap,THERMAL,Semiconductor,P-3m1,164,13
Ca2Te2Se_id94_Final_E-4.22.cif,Ca2Te2Se,-4.2196,0.806,IR / Narrow-Gap,THERMAL,Semiconductor,P2_1/c,14,20
Sb4TeS2_id4917_Final_E-4.21.cif,Sb4TeS2,-4.2144,1.105,Solar / Visible,THERMAL,Semiconductor,I-42d,122,28
KO2_id3289_Final_E-4.21.cif,KO2,-4.2137,0.877,IR / Narrow-Gap,THERMAL,Semiconductor,P6_522,179,18
Sb2TeAs2P_id95_Final_E-4.21.cif,Sb2TeAs2P,-4.2096,0.493,IR / Narrow-Gap,THERMAL,Semiconductor,P2/c,13,12
Ga3TeS3_id3867_Final_E-4.21.cif,Ga3TeS3,-4.2079,0.531,IR / Narrow-Gap,THERMAL,Semiconductor,P6_3mc,186,14
BeAs_id4388_Final_E-4.21.cif,BeAs,-4.2077,0.385,IR / Narrow-Gap,THERMAL,Semiconductor,Pccm,49,8
Li2Al(SbS2)2_id4258_Final_E-4.21.cif,Li2Al(SbS2)2,-4.2076,0.195,IR / Narrow-Gap,THERMAL,Semiconductor,P4nc,104,36
Cd2PO3_id948_Final_E-4.21.cif,Cd2PO3,-4.2061,0.099,IR / Narrow-Gap,THERMAL,Semiconductor,P1,1,24
Li2As3S2_id2523_Final_E-4.21.cif,Li2As3S2,-4.2057,2.379,Wide-Gap Power/LED,THERMAL,Semiconductor,P4_2mc,105,14
TeAsS_id3763_Final_E-4.21.cif,TeAsS,-4.205,0.907,IR / Narrow-Gap,THERMAL,Semiconductor,P-1,2,6
KS3_id2915_Final_E-4.20.cif,KS3,-4.2037,1.523,Solar / Visible,THERMAL,Semiconductor,Pnma,62,16
GeS11_id1535_Final_E-4.20.cif,GeS11,-4.1956,2.132,Solar / Visible,THERMAL,Semiconductor,P1,1,12
MgInSnS8_id3282_Final_E-4.19.cif,MgInSnS8,-4.1913,0.874,IR / Narrow-Gap,THERMAL,Semiconductor,P2/c,13,22
NaAlInTeSeS2_id4470_Final_E-4.19.cif,NaAlInTeSeS2,-4.19,1.352,Solar / Visible,THERMAL,Semiconductor,P2_1,4,14
NaS5_id3514_Final_E-4.19.cif,NaS5,-4.1878,0.475,IR / Narrow-Gap,THERMAL,Semiconductor,P3_112,151,36
In2AsS5_id1314_Final_E-4.18.cif,In2AsS5,-4.1804,0.979,IR / Narrow-Gap,THERMAL,Semiconductor,P6_4,172,24
Li4As2PS2_id67_Final_E-4.18.cif,Li4As2PS2,-4.1769,1.947,Solar / Visible,THERMAL,Semiconductor,Pbcn,60,36
Se4S2NO2_id3599_Final_E-4.18.cif,Se4S2NO2,-4.1764,1.779,Solar / Visible,THERMAL,Semiconductor,P-1,2,18
K2ZnO2_id4267_Final_E-4.17.cif,K2ZnO2,-4.1729,0.698,IR / Narrow-Gap,THERMAL,Semiconductor,P1,1,10
Sn5Ge3(TeAs)2_id2873_Final_E-4.17.cif,Sn5Ge3(TeAs)2,-4.1706,0.138,IR / Narrow-Gap,THERMAL,Semiconductor,P2_12_12,18,24
Li5Al2GaO4_id3949_Final_E-4.17.cif,Li5Al2GaO4,-4.1689,1.973,Solar / Visible,THERMAL,Semiconductor,P4nc,104,48
NaLi4GaAsO2_id1697_Final_E-4.17.cif,NaLi4GaAsO2,-4.1655,1.654,Solar / Visible,THERMAL,Semiconductor,I222,23,18
S_id4048_Final_E-4.16.cif,S,-4.1626,1.261,Solar / Visible,THERMAL,Semiconductor,P-1,2,8
Li2SeS4_id635_Final_E-4.16.cif,Li2SeS4,-4.1592,1.272,Solar / Visible,THERMAL,Semiconductor,C2/c,15,28
ZnAsO_id2135_Final_E-4.16.cif,ZnAsO,-4.1582,0.146,IR / Narrow-Gap,THERMAL,Semiconductor,P4_22_12,94,24
LiTeAsS3_id2920_Final_E-4.16.cif,LiTeAsS3,-4.1577,1.091,Solar / Visible,THERMAL,Semiconductor,C222_1,20,48
K8Li4ZnGa8Te4P16Se4S2O3_id2720_Final_E-4.16.cif,K8Li4ZnGa8Te4P16Se4S2O3,-4.1573,1.687,Solar / Visible,THERMAL,Semiconductor,P1,1,50
S_id91_Final_E-4.16.cif,S,-4.1571,0.704,IR / Narrow-Gap,THERMAL,Semiconductor,Pbca,61,8
BaCaTe2_id1471_Final_E-4.16.cif,BaCaTe2,-4.1571,0.95,IR / Narrow-Gap,THERMAL,Semiconductor,P-1,2,16
S_id2989_Final_E-4.16.cif,S,-4.1567,1.112,Solar / Visible,THERMAL,Semiconductor,Pbca,61,16
BAs12_id1703_Final_E-4.16.cif,BAs12,-4.1566,0.915,IR / Narrow-Gap,THERMAL,Semiconductor,I432,211,26
Si4BSe12_id1391_Final_E-4.16.cif,Si4BSe12,-4.1566,0.243,IR / Narrow-Gap,THERMAL,Semiconductor,I432,211,34
S_id3511_Final_E-4.16.cif,S,-4.1565,1.51,Solar / Visible,THERMAL,Semiconductor,Pbca,61,8
KLi2Si(GeS2)2_id886_Final_E-4.15.cif,KLi2Si(GeS2)2,-4.1474,0.711,IR / Narrow-Gap,THERMAL,Semiconductor,Pc,7,20
Li3CaTe2(SeS2)3_id1543_Final_E-4.14.cif,Li3CaTe2(SeS2)3,-4.1359,0.39,IR / Narrow-Gap,THERMAL,Semiconductor,P1,1,45
Al(GaSi2)2_id491_Final_E-4.13.cif,Al(GaSi2)2,-4.1348,1.048,Solar / Visible,THERMAL,Semiconductor,I4/mmm,139,14
LiS4_id2176_Final_E-4.13.cif,LiS4,-4.1314,2.191,Solar / Visible,THERMAL,Semiconductor,P4_22_12,94,20
TeAsP_id423_Final_E-4.12.cif,TeAsP,-4.1248,1.11,Solar / Visible,THERMAL,Semiconductor,P4_32_12,96,24
In(GaSe2)2_id1261_Final_E-4.12.cif,In(GaSe2)2,-4.121,0.993,IR / Narrow-Gap,THERMAL,Semiconductor,P-42m,111,7
S_id4852_Final_E-4.12.cif,S,-4.1191,2.15,Solar / Visible,THERMAL,Semiconductor,P2_1/c,14,8
NaLi8ZnTe4(SO)4_id4132_Final_E-4.12.cif,NaLi8ZnTe4(SO)4,-4.1189,1.373,Solar / Visible,THERMAL,Semiconductor,I222,23,44
In3(SeS)2_id515_Final_E-4.12.cif,In3(SeS)2,-4.1167,0.713,IR / Narrow-Gap,THERMAL,Semiconductor,Cccm,66,28
Sr2Li4Ge2P5S_id2836_Final_E-4.12.cif,Sr2Li4Ge2P5S,-4.1155,0.978,IR / Narrow-Gap,THERMAL,Semiconductor,P1,1,56
S_id1838_Final_E-4.12.cif,S,-4.1154,1.822,Solar / Visible,THERMAL,Semiconductor,P6_3cm,185,30
K2S5_id3709_Final_E-4.11.cif,K2S5,-4.1138,0.826,IR / Narrow-Gap,THERMAL,Semiconductor,P1,1,21
Li3Mg3CS3_id3460_Final_E-4.11.cif,Li3Mg3CS3,-4.113,1.7,Solar / Visible,THERMAL,Semiconductor,P6_3/m,176,20
InS2_id4861_Final_E-4.11.cif,InS2,-4.1081,1.297,Solar / Visible,THERMAL,Semiconductor,Pban,50,12
Li2AlZn(SeS3)2_id1504_Final_E-4.11.cif,Li2AlZn(SeS3)2,-4.1073,2.247,Wide-Gap Power/LED,THERMAL,Semiconductor,P3_221,154,36
S_id935_Final_E-4.10.cif,S,-4.1043,1.094,Solar / Visible,THERMAL,Semiconductor,Pc,7,42
ZnO_id370_Final_E-4.10.cif,ZnO,-4.1028,1.185,Solar / Visible,THERMAL,Semiconductor,P6_522,179,12
Li4MgZn6(SiO4)3_id2313_Final_E-4.10.cif,Li4MgZn6(SiO4)3,-4.1013,3.053,Wide-Gap Power/LED,THERMAL,Semiconductor,I432,211,52
BeSe_id1727_Final_E-4.10.cif,BeSe,-4.1011,0.882,IR / Narrow-Gap,THERMAL,Semiconductor,Pbca,61,16
InS2_id2218_Final_E-4.10.cif,InS2,-4.0991,0.758,IR / Narrow-Gap,THERMAL,Semiconductor,Cmc2_1,36,12
Ba3Li2GeAs4_id3977_Final_E-4.09.cif,Ba3Li2GeAs4,-4.092,0.955,IR / Narrow-Gap,THERMAL,Semiconductor,P-1,2,40
K2ZnO2_id1318_Final_E-4.09.cif,K2ZnO2,-4.0894,1.833,Solar / Visible,THERMAL,Semiconductor,I4_1,80,20
CaMg2Se3S2_id1645_Final_E-4.09.cif,CaMg2Se3S2,-4.0855,0.191,IR / Narrow-Gap,THERMAL,Semiconductor,C2,5,32
ZnCd2O8_id2627_Final_E-4.08.cif,ZnCd2O8,-4.0798,0.862,IR / Narrow-Gap,THERMAL,Semiconductor,P4/nbm,125,22
Ga3S2_id786_Final_E-4.08.cif,Ga3S2,-4.0785,1.426,Solar / Visible,THERMAL,Semiconductor,Pnnn,48,20
O2_id745_Final_E-4.08.cif,O2,-4.0776,1.479,Solar / Visible,THERMAL,Semiconductor,P2/c,13,34
SbAs5_id33_Final_E-4.08.cif,SbAs5,-4.0775,0.059,IR / Narrow-Gap,THERMAL,Semiconductor,Pmmm,47,6
Be2ZnBP_id984_Final_E-4.08.cif,Be2ZnBP,-4.077,0.733,IR / Narrow-Gap,THERMAL,Semiconductor,Pnma,62,20
Ba4SbAs2_id2338_Final_E-4.08.cif,Ba4SbAs2,-4.0759,0.363,IR / Narrow-Gap,THERMAL,Semiconductor,P-1,2,28
S_id143_Final_E-4.07.cif,S,-4.0735,2.027,Solar / Visible,THERMAL,Semiconductor,P4/m,83,8
NaSeS5_id1012_Final_E-4.07.cif,NaSeS5,-4.072,0.347,IR / Narrow-Gap,THERMAL,Semiconductor,Cmc2_1,36,56
NaS3_id3823_Final_E-4.07.cif,NaS3,-4.0697,1.11,Solar / Visible,THERMAL,Semiconductor,Cmcm,63,16
Mg(AlSe4)2_id2749_Final_E-4.07.cif,Mg(AlSe4)2,-4.0689,1.731,Solar / Visible,THERMAL,Semiconductor,P-42m,111,11
NaS4_id3995_Final_E-4.07.cif,NaS4,-4.0668,2.045,Solar / Visible,THERMAL,Semiconductor,R-3m,166,15
AsSe2_id4236_Final_E-4.07.cif,AsSe2,-4.0653,0.928,IR / Narrow-Gap,THERMAL,Semiconductor,Pn-3m,224,6
Ba4Sr4Cd2GeAsSe2(SO)2_id3812_Final_E-4.06.cif,Ba4Sr4Cd2GeAsSe2(SO)2,-4.0616,0.98,IR / Narrow-Gap,THERMAL,Semiconductor,P3_221,154,54
Te2S9_id1569_Final_E-4.06.cif,Te2S9,-4.0568,1.446,Solar / Visible,THERMAL,Semiconductor,Pc,7,22
KNaO2_id1772_Final_E-4.06.cif,KNaO2,-4.0556,0.7,IR / Narrow-Gap,THERMAL,Semiconductor,I4_122,98,16
KInS2_id4189_Final_E-4.06.cif,KInS2,-4.0552,1.456,Solar / Visible,THERMAL,Semiconductor,I4_122,98,16
Li8Sn(SeS)4_id977_Final_E-4.05.cif,Li8Sn(SeS)4,-4.0515,1.29,Solar / Visible,THERMAL,Semiconductor,P1,1,17
S_id2411_Final_E-4.05.cif,S,-4.0499,0.755,IR / Narrow-Gap,THERMAL,Semiconductor,Pbca,61,16
Sb2TeAs_id2036_Final_E-4.05.cif,Sb2TeAs,-4.0484,0.707,IR / Narrow-Gap,THERMAL,Semiconductor,P4/mbm,127,16
Li2Cd2O3_id3828_Final_E-4.05.cif,Li2Cd2O3,-4.048,1.19,Solar / Visible,THERMAL,Semiconductor,Pbcn,60,28
S_id4053_Final_E-4.05.cif,S,-4.0452,0.24,IR / Narrow-Gap,THERMAL,Semiconductor,Pbca,61,16
S_id4047_Final_E-4.04.cif,S,-4.0407,1.753,Solar / Visible,THERMAL,Semiconductor,Pbca,61,8
BeAl4Zn2(SiSe4)2_id2016_Final_E-4.04.cif,BeAl4Zn2(SiSe4)2,-4.0393,1.411,Solar / Visible,THERMAL,Semiconductor,P222,16,17
S_id2733_Final_E-4.04.cif,S,-4.0377,1.262,Solar / Visible,THERMAL,Semiconductor,Pba2,32,14
GaSe2_id2551_Final_E-4.03.cif,GaSe2,-4.0334,1.722,Solar / Visible,THERMAL,Semiconductor,P-42_1m,113,6
Zn3GeS16_id2340_Final_E-4.03.cif,Zn3GeS16,-4.0332,1.5,Solar / Visible,THERMAL,Semiconductor,P1,1,20
S_id192_Final_E-4.03.cif,S,-4.0293,1.083,Solar / Visible,THERMAL,Semiconductor,Pba2,32,18
In2SnSe4_id3637_Final_E-4.03.cif,In2SnSe4,-4.0279,0.349,IR / Narrow-Gap,THERMAL,Semiconductor,P-42_1c,114,14
Ba2Sr2LiSnP4_id357_Final_E-4.02.cif,Ba2Sr2LiSnP4,-4.0244,0.915,IR / Narrow-Gap,THERMAL,Semiconductor,P1,1,40
LiZn3P3O4_id2560_Final_E-4.02.cif,LiZn3P3O4,-4.0187,0.997,IR / Narrow-Gap,THERMAL,Semiconductor,Pm-3n,223,22
Na2Li4GeSb2AsS4_id1922_Final_E-4.02.cif,Na2Li4GeSb2AsS4,-4.0163,1.613,Solar / Visible,THERMAL,Semiconductor,P1,1,14
Se3S10_id2237_Final_E-4.01.cif,Se3S10,-4.0089,1.012,Solar / Visible,THERMAL,Semiconductor,P1,1,26
TeAs2_id2144_Final_E-4.00.cif,TeAs2,-3.9961,0.547,IR / Narrow-Gap,THERMAL,Semiconductor,P1,1,12
Sb5TeSe2_id229_Final_E-3.99.cif,Sb5TeSe2,-3.9949,0.479,IR / Narrow-Gap,THERMAL,Semiconductor,Cc,9,32
AlTe2_id4791_Final_E-3.99.cif,AlTe2,-3.9904,1.643,Solar / Visible,THERMAL,Semiconductor,P-42_1m,113,6
CdS6_id571_Final_E-3.99.cif,CdS6,-3.9887,1.728,Solar / Visible,THERMAL,Semiconductor,P2/m,10,14
S_id1121_Final_E-3.99.cif,S,-3.9884,2.019,Solar / Visible,THERMAL,Semiconductor,P23,195,12
TeAs2_id1874_Final_E-3.98.cif,TeAs2,-3.9842,1.125,Solar / Visible,THERMAL,Semiconductor,I4_1/a,88,24
LiAl(GaS)2_id4991_Final_E-3.98.cif,LiAl(GaS)2,-3.9791,0.163,IR / Narrow-Gap,THERMAL,Semiconductor,P1,1,12
TeS2_id1398_Final_E-3.98.cif,TeS2,-3.9763,1.23,Solar / Visible,THERMAL,Semiconductor,P3_112,151,9
Ga2Te4S13_id1070_Final_E-3.97.cif,Ga2Te4S13,-3.9747,0.798,IR / Narrow-Gap,THERMAL,Semiconductor,P1,1,38
Li5(Ge2S)2_id3330_Final_E-3.97.cif,Li5(Ge2S)2,-3.9717,0.728,IR / Narrow-Gap,THERMAL,Semiconductor,P1,1,11
ZnN3_id1302_Final_E-3.97.cif,ZnN3,-3.9711,0.22,IR / Narrow-Gap,THERMAL,Semiconductor,Fm-3m,225,16
Li3ZnSiSe4_id1809_Final_E-3.97.cif,Li3ZnSiSe4,-3.9697,1.166,Solar / Visible,THERMAL,Semiconductor,P-43m,215,9
K6BaMgO6_id1038_Final_E-3.96.cif,K6BaMgO6,-3.9638,1.177,Solar / Visible,THERMAL,Semiconductor,P-31c,163,28
In(AsSe4)2_id2284_Final_E-3.95.cif,In(AsSe4)2,-3.9549,0.231,IR / Narrow-Gap,THERMAL,Semiconductor,P1,1,22
Sn3Te4_id2694_Final_E-3.95.cif,Sn3Te4,-3.9531,0.472,IR / Narrow-Gap,THERMAL,Semiconductor,P-42m,111,7
InSe2S3_id398_Final_E-3.95.cif,InSe2S3,-3.9526,1.667,Solar / Visible,THERMAL,Semiconductor,Aea2,41,48
O2_id1958_Final_E-3.95.cif,O2,-3.9525,1.948,Solar / Visible,THERMAL,Semiconductor,Aem2,39,28
CaZn3Si3P4_id407_Final_E-3.95.cif,CaZn3Si3P4,-3.9456,0.16,IR / Narrow-Gap,THERMAL,Semiconductor,Pm-3n,223,22
LiCdS6_id2412_Final_E-3.94.cif,LiCdS6,-3.9439,1.14,Solar / Visible,THERMAL,Semiconductor,P6_322,182,16
K3ScN7_id4635_Final_E-3.94.cif,K3ScN7,-3.9436,1.027,Solar / Visible,THERMAL,Semiconductor,Pm-3n,223,22
Na8LiCd4Se4(SO2)4_id1327_Final_E-3.94.cif,Na8LiCd4Se4(SO2)4,-3.9355,1.589,Solar / Visible,THERMAL,Semiconductor,P4_2/n,86,58
GeTe2_id3280_Final_E-3.93.cif,GeTe2,-3.9323,0.455,IR / Narrow-Gap,THERMAL,Semiconductor,P3_221,154,9
LiZnGaSnS3_id104_Final_E-3.93.cif,LiZnGaSnS3,-3.9316,1.224,Solar / Visible,THERMAL,Semiconductor,P2,3,28
K2SnO8_id1362_Final_E-3.93.cif,K2SnO8,-3.9283,0.25,IR / Narrow-Gap,THERMAL,Semiconductor,P-31m,162,22
KNa3Si3S4_id3829_Final_E-3.92.cif,KNa3Si3S4,-3.9174,3.12,Wide-Gap Power/LED,THERMAL,Semiconductor,Pm-3n,223,22
K5O4_id1740_Final_E-3.91.cif,K5O4,-3.9141,1.388,Solar / Visible,THERMAL,Semiconductor,I4/m,87,18
Na2Zn3(SeO)4_id4197_Final_E-3.91.cif,Na2Zn3(SeO)4,-3.91,2.228,Wide-Gap Power/LED,THERMAL,Semiconductor,Pban,50,26
AlZnP2_id465_Final_E-3.90.cif,AlZnP2,-3.9015,1.236,Solar / Visible,THERMAL,Semiconductor,P3_221,154,12
Sb2Te_id3419_Final_E-3.89.cif,Sb2Te,-3.8932,0.12,IR / Narrow-Gap,THERMAL,Semiconductor,I4_1/a,88,24
NaIn3Te3O4_id2004_Final_E-3.89.cif,NaIn3Te3O4,-3.8922,0.065,IR / Narrow-Gap,THERMAL,Semiconductor,Pm-3n,223,22
Ga(SeS)2_id3837_Final_E-3.89.cif,Ga(SeS)2,-3.8916,1.802,Solar / Visible,THERMAL,Semiconductor,Pmna,53,10
InSe2_id147_Final_E-3.88.cif,InSe2,-3.8792,1.24,Solar / Visible,THERMAL,Semiconductor,P-42_1m,113,6
Li2Al2SiTe4_id2886_Final_E-3.88.cif,Li2Al2SiTe4,-3.8787,1.443,Solar / Visible,THERMAL,Semiconductor,P-42m,111,9
Mg2InSe4_id4192_Final_E-3.87.cif,Mg2InSe4,-3.8735,1.595,Solar / Visible,THERMAL,Semiconductor,I-42d,122,28
CdSbS2_id1123_Final_E-3.87.cif,CdSbS2,-3.8731,1.125,Solar / Visible,THERMAL,Semiconductor,P-1,2,8
Li4Mg(TeS2)2_id1650_Final_E-3.87.cif,Li4Mg(TeS2)2,-3.8686,1.939,Solar / Visible,THERMAL,Semiconductor,C222,21,22
Li6CaSe4_id682_Final_E-3.86.cif,Li6CaSe4,-3.857,1.904,Solar / Visible,THERMAL,Semiconductor,Im-3m,229,22
K5Na13O12_id4447_Final_E-3.85.cif,K5Na13O12,-3.8484,1.152,Solar / Visible,THERMAL,Semiconductor,P2,3,30
SeS_id2608_Final_E-3.85.cif,SeS,-3.8477,1.51,Solar / Visible,THERMAL,Semiconductor,P4/m,83,8
SeS_id1416_Final_E-3.85.cif,SeS,-3.8465,1.352,Solar / Visible,THERMAL,Semiconductor,P4/m,83,8
TeAs_id3157_Final_E-3.83.cif,TeAs,-3.8349,0.107,IR / Narrow-Gap,THERMAL,Semiconductor,Pbca,61,16
BeAlZnP2_id2320_Final_E-3.83.cif,BeAlZnP2,-3.8258,1.441,Solar / Visible,THERMAL,Semiconductor,Pccm,49,10
NaZn3Ga3O4_id4143_Final_E-3.81.cif,NaZn3Ga3O4,-3.8136,0.94,IR / Narrow-Gap,THERMAL,Semiconductor,Pm-3n,223,22
TeSeS2_id7_Final_E-3.81.cif,TeSeS2,-3.8135,0.817,IR / Narrow-Gap,THERMAL,Semiconductor,P4/m,83,16
NaSi2(Te2Se)4_id530_Final_E-3.81.cif,NaSi2(Te2Se)4,-3.8135,0.976,IR / Narrow-Gap,THERMAL,Semiconductor,P1,1,15
K(GeTe2)2_id3067_Final_E-3.81.cif,K(GeTe2)2,-3.8123,0.795,IR / Narrow-Gap,THERMAL,Semiconductor,P-42m,111,7
Se4S3_id1904_Final_E-3.81.cif,Se4S3,-3.8087,0.677,IR / Narrow-Gap,THERMAL,Semiconductor,Pnnn,48,28
K6TiInO6_id1051_Final_E-3.81.cif,K6TiInO6,-3.808,0.482,IR / Narrow-Gap,THERMAL,Semiconductor,P-31c,163,28
NaS_id3246_Final_E-3.80.cif,NaS,-3.8026,2.761,Wide-Gap Power/LED,THERMAL,Semiconductor,P-1,2,12
Li4Al2Cd(GeSe2)2_id2468_Final_E-3.80.cif,Li4Al2Cd(GeSe2)2,-3.8021,0.12,IR / Narrow-Gap,THERMAL,Semiconductor,Cmm2,35,13
InGa2(TeSe)4_id76_Final_E-3.80.cif,InGa2(TeSe)4,-3.801,1.037,Solar / Visible,THERMAL,Semiconductor,P-42m,111,11
K3BaO2_id4720_Final_E-3.80.cif,K3BaO2,-3.7986,0.908,IR / Narrow-Gap,THERMAL,Semiconductor,P4_22_12,94,24
Si_id4224_Final_E-3.80.cif,Si,-3.7982,0.707,IR / Narrow-Gap,THERMAL,Semiconductor,Pm-3n,223,12
SeS_id1935_Final_E-3.79.cif,SeS,-3.7947,1.107,Solar / Visible,THERMAL,Semiconductor,P4/m,83,8
MgO8_id4475_Final_E-3.79.cif,MgO8,-3.7914,3.15,Wide-Gap Power/LED,THERMAL,Semiconductor,Fm-3m,225,36
Al2GaTe4_id389_Final_E-3.79.cif,Al2GaTe4,-3.7908,0.067,IR / Narrow-Gap,THERMAL,Semiconductor,P2,3,7
SbTe2_id1049_Final_E-3.77.cif,SbTe2,-3.7717,0.538,IR / Narrow-Gap,THERMAL,Semiconductor,Aea2,41,24
MgSe4_id3505_Final_E-3.76.cif,MgSe4,-3.7647,1.842,Solar / Visible,THERMAL,Semiconductor,P1,1,10
Li3(GeTe2)2_id3199_Final_E-3.76.cif,Li3(GeTe2)2,-3.7638,1.362,Solar / Visible,THERMAL,Semiconductor,P-42m,111,9
LiZnO_id490_Final_E-3.76.cif,LiZnO,-3.7597,1.24,Solar / Visible,THERMAL,Semiconductor,C222,21,12
NaLi2ZnGaS5_id3268_Final_E-3.76.cif,NaLi2ZnGaS5,-3.7596,1.822,Solar / Visible,THERMAL,Semiconductor,P-1,2,20
KLiAs3_id304_Final_E-3.75.cif,KLiAs3,-3.7532,1.326,Solar / Visible,THERMAL,Semiconductor,P1,1,10
LiAs_id4025_Final_E-3.75.cif,LiAs,-3.7526,1.341,Solar / Visible,THERMAL,Semiconductor,I4_1/acd,142,32
In2TeSe5_id34_Final_E-3.75.cif,In2TeSe5,-3.7502,0.876,IR / Narrow-Gap,THERMAL,Semiconductor,P1,1,16
KLiSe4_id3795_Final_E-3.73.cif,KLiSe4,-3.7339,0.681,IR / Narrow-Gap,THERMAL,Semiconductor,P2_1/c,14,24
KLiGeAs2_id2577_Final_E-3.73.cif,KLiGeAs2,-3.7331,0.967,IR / Narrow-Gap,THERMAL,Semiconductor,P1,1,10
KS_id476_Final_E-3.72.cif,KS,-3.724,2.045,Solar / Visible,THERMAL,Semiconductor,P2/m,10,16
Te2AsSe4_id160_Final_E-3.72.cif,Te2AsSe4,-3.7236,0.604,IR / Narrow-Gap,THERMAL,Semiconductor,I-42d,122,28
Li3Cd2O2_id364_Final_E-3.72.cif,Li3Cd2O2,-3.722,1.663,Solar / Visible,THERMAL,Semiconductor,C2/m,12,14
BaMgGeP_id4412_Final_E-3.72.cif,BaMgGeP,-3.7216,1.018,Solar / Visible,THERMAL,Semiconductor,P4_2/mmc,131,8
Mg2ZnTeS2_id3850_Final_E-3.72.cif,Mg2ZnTeS2,-3.7171,1.294,Solar / Visible,THERMAL,Semiconductor,Cmmm,65,12
ZnSbTe2(SeS)2_id2_Final_E-3.72.cif,ZnSbTe2(SeS)2,-3.7163,1.118,Solar / Visible,THERMAL,Semiconductor,P3_221,154,24
NaTeS_id4308_Final_E-3.71.cif,NaTeS,-3.7145,1.117,Solar / Visible,THERMAL,Semiconductor,Pca2_1,29,12
AsSe6_id4353_Final_E-3.71.cif,AsSe6,-3.7114,1.054,Solar / Visible,THERMAL,Semiconductor,I-42d,122,28
S_id4383_Final_E-3.70.cif,S,-3.703,2.215,Wide-Gap Power/LED,THERMAL,Semiconductor,Ia-3d,230,32
CaMg2In2(AsSe)2_id2919_Final_E-3.70.cif,CaMg2In2(AsSe)2,-3.6989,1.091,Solar / Visible,THERMAL,Semiconductor,Pbcn,60,36
LiSe2_id4527_Final_E-3.68.cif,LiSe2,-3.6809,1.347,Solar / Visible,THERMAL,Semiconductor,P4_2cm,101,24
K3Na7SO4_id2006_Final_E-3.68.cif,K3Na7SO4,-3.6763,1.685,Solar / Visible,THERMAL,Semiconductor,P6_322,182,30
KSnTe2_id4463_Final_E-3.67.cif,KSnTe2,-3.6669,0.751,IR / Narrow-Gap,THERMAL,Semiconductor,R-3m,166,12
S_id2863_Final_E-3.66.cif,S,-3.6627,2.386,Wide-Gap Power/LED,THERMAL,Semiconductor,Pbca,61,12
NaS2_id2012_Final_E-3.66.cif,NaS2,-3.6587,1.957,Solar / Visible,THERMAL,Semiconductor,P-42_1c,114,12
Zn2Ga(SeS)2_id4722_Final_E-3.65.cif,Zn2Ga(SeS)2,-3.6543,1.462,Solar / Visible,THERMAL,Semiconductor,Pc,7,14
LiZn(As2Se)2_id980_Final_E-3.65.cif,LiZn(As2Se)2,-3.6528,0.913,IR / Narrow-Gap,THERMAL,Semiconductor,P2_12_12,18,16
KMgTeO_id2390_Final_E-3.65.cif,KMgTeO,-3.6489,1.948,Solar / Visible,THERMAL,Semiconductor,Aea2,41,32
K8InO6_id2767_Final_E-3.65.cif,K8InO6,-3.6485,1.078,Solar / Visible,THERMAL,Semiconductor,P-31m,162,15
Li3ScCd3S4_id880_Final_E-3.64.cif,Li3ScCd3S4,-3.6448,0.738,IR / Narrow-Gap,THERMAL,Semiconductor,Pm-3n,223,22
NaMg7Al6Zn3O6_id2639_Final_E-3.64.cif,NaMg7Al6Zn3O6,-3.6445,1.231,Solar / Visible,THERMAL,Semiconductor,P-1,2,23
TeSeO2_id991_Final_E-3.64.cif,TeSeO2,-3.644,0.517,IR / Narrow-Gap,THERMAL,Semiconductor,P4/mmm,123,8
Te12S25_id1451_Final_E-3.64.cif,Te12S25,-3.6437,1.481,Solar / Visible,THERMAL,Semiconductor,Pm-3m,221,37
GaTe2_id4869_Final_E-3.64.cif,GaTe2,-3.6402,0.695,IR / Narrow-Gap,THERMAL,Semiconductor,C222_1,20,12
Li4GeTe4_id2941_Final_E-3.64.cif,Li4GeTe4,-3.6366,0.605,IR / Narrow-Gap,THERMAL,Semiconductor,P-42m,111,9
SeS_id2116_Final_E-3.64.cif,SeS,-3.6363,0.099,IR / Narrow-Gap,THERMAL,Semiconductor,I4_1/amd,141,8
BeAlIn2(SeS2)2_id1191_Final_E-3.63.cif,BeAlIn2(SeS2)2,-3.6348,1.481,Solar / Visible,THERMAL,Semiconductor,P2,3,20
ZnSi2_id1075_Final_E-3.63.cif,ZnSi2,-3.6306,0.236,IR / Narrow-Gap,THERMAL,Semiconductor,Pa-3,205,12
LiSe_id4925_Final_E-3.62.cif,LiSe,-3.6192,0.299,IR / Narrow-Gap,THERMAL,Semiconductor,P6_222,180,12
NaSbS_id4469_Final_E-3.61.cif,NaSbS,-3.6135,1.566,Solar / Visible,THERMAL,Semiconductor,P4_2/mmc,131,6
TeSe4_id2522_Final_E-3.61.cif,TeSe4,-3.6064,0.686,IR / Narrow-Gap,THERMAL,Semiconductor,I-42d,122,20
K6InGa(SnSe3)2_id4555_Final_E-3.60.cif,K6InGa(SnSe3)2,-3.6048,1.095,Solar / Visible,THERMAL,Semiconductor,P1,1,16
KTeS_id4100_Final_E-3.59.cif,KTeS,-3.5908,0.662,IR / Narrow-Gap,THERMAL,Semiconductor,Pcc2,27,12
Sr2MgSi2As3_id1074_Final_E-3.59.cif,Sr2MgSi2As3,-3.5883,0.705,IR / Narrow-Gap,THERMAL,Semiconductor,P4/mmm,123,16
K3O7_id3927_Final_E-3.58.cif,K3O7,-3.5829,0.076,IR / Narrow-Gap,THERMAL,Semiconductor,I-43d,220,40
KInS_id1887_Final_E-3.58.cif,KInS,-3.5828,1.933,Solar / Visible,THERMAL,Semiconductor,P1,1,24
Zn2InGaSe4_id2766_Final_E-3.58.cif,Zn2InGaSe4,-3.5808,1.181,Solar / Visible,THERMAL,Semiconductor,I-42m,121,16
ZnGaSi2_id4337_Final_E-3.57.cif,ZnGaSi2,-3.5685,0.176,IR / Narrow-Gap,THERMAL,Semiconductor,P4_12_12,92,16
NaCd3O6_id1457_Final_E-3.56.cif,NaCd3O6,-3.5612,2.161,Solar / Visible,THERMAL,Semiconductor,Pm-3m,221,10
Ba2Ca3N2O_id2009_Final_E-3.56.cif,Ba2Ca3N2O,-3.5576,0.382,IR / Narrow-Gap,THERMAL,Semiconductor,Pn-3m,224,16
S_id4104_Final_E-3.56.cif,S,-3.5563,2.032,Solar / Visible,THERMAL,Semiconductor,I4/mmm,139,20
Na2SbSe2_id2087_Final_E-3.56.cif,Na2SbSe2,-3.5563,1.264,Solar / Visible,THERMAL,Semiconductor,Pn-3m,224,10
Se_id2807_Final_E-3.55.cif,Se,-3.551,0.177,IR / Narrow-Gap,THERMAL,Semiconductor,Pbca,61,16
Se_id3759_Final_E-3.54.cif,Se,-3.5401,0.125,IR / Narrow-Gap,THERMAL,Semiconductor,I4/mmm,139,8
Zn2CdO2_id1207_Final_E-3.52.cif,Zn2CdO2,-3.5208,0.54,IR / Narrow-Gap,THERMAL,Semiconductor,Cmme,67,20
K2Sc2As_id4253_Final_E-3.51.cif,K2Sc2As,-3.5098,1.051,Solar / Visible,THERMAL,Semiconductor,P6_122,178,30
K2Ba6Sr(CdN)6_id2388_Final_E-3.50.cif,K2Ba6Sr(CdN)6,-3.5005,2.875,Wide-Gap Power/LED,THERMAL,Semiconductor,P-3c1,165,42
Sc4SbTe7_id814_Final_E-3.49.cif,Sc4SbTe7,-3.491,0.111,IR / Narrow-Gap,THERMAL,Semiconductor,P-43n,218,24
InGaTe2_id513_Final_E-3.49.cif,InGaTe2,-3.4905,0.749,IR / Narrow-Gap,THERMAL,Semiconductor,Aea2,41,16
ZnAsSe_id1354_Final_E-3.49.cif,ZnAsSe,-3.4896,0.427,IR / Narrow-Gap,THERMAL,Semiconductor,Pbca,61,24
BO3_id2466_Final_E-3.49.cif,BO3,-3.4864,0.245,IR / Narrow-Gap,THERMAL,Semiconductor,I432,211,32
K2CaInSn2Sb3_id1670_Final_E-3.48.cif,K2CaInSn2Sb3,-3.4843,0.322,IR / Narrow-Gap,THERMAL,Semiconductor,P1,1,18
LiTe_id3436_Final_E-3.48.cif,LiTe,-3.4818,1.12,Solar / Visible,THERMAL,Semiconductor,P2/m,10,8
LiInTe4_id546_Final_E-3.48.cif,LiInTe4,-3.4801,0.962,IR / Narrow-Gap,THERMAL,Semiconductor,I4_1/a,88,24
Li(GaTe4)2_id869_Final_E-3.48.cif,Li(GaTe4)2,-3.4788,0.195,IR / Narrow-Gap,THERMAL,Semiconductor,P-42m,111,11
S_id302_Final_E-3.47.cif,S,-3.4722,1.978,Solar / Visible,THERMAL,Semiconductor,Pm-3m,221,8
KZnS2_id4167_Final_E-3.46.cif,KZnS2,-3.4584,2.171,Solar / Visible,THERMAL,Semiconductor,P3_221,154,12
Li2AlZnTe4_id878_Final_E-3.45.cif,Li2AlZnTe4,-3.4528,0.513,IR / Narrow-Gap,THERMAL,Semiconductor,P1,1,32
BSe12_id1773_Final_E-3.45.cif,BSe12,-3.4507,0.959,IR / Narrow-Gap,THERMAL,Semiconductor,I432,211,26
Li5MgAlTe4_id4708_Final_E-3.43.cif,Li5MgAlTe4,-3.4347,1.391,Solar / Visible,THERMAL,Semiconductor,P-42m,111,11
Zn2GeSe3_id1762_Final_E-3.43.cif,Zn2GeSe3,-3.4268,1.385,Solar / Visible,THERMAL,Semiconductor,Pm,6,12
K7O6_id3154_Final_E-3.43.cif,K7O6,-3.4263,1.107,Solar / Visible,THERMAL,Semiconductor,Im-3m,229,26
MgGaTe2_id2644_Final_E-3.42.cif,MgGaTe2,-3.4238,0.716,IR / Narrow-Gap,THERMAL,Semiconductor,Pmmn,59,8
Ba3SrLi4S3_id4120_Final_E-3.42.cif,Ba3SrLi4S3,-3.4186,2.247,Wide-Gap Power/LED,THERMAL,Semiconductor,Pm-3n,223,22
NaMgZnCdTe12As2PSe2_id4516_Final_E-3.41.cif,NaMgZnCdTe12As2PSe2,-3.4133,0.832,IR / Narrow-Gap,THERMAL,Semiconductor,P1,1,21
Zn3GeS4_id2184_Final_E-3.41.cif,Zn3GeS4,-3.41,0.85,IR / Narrow-Gap,THERMAL,Semiconductor,I-42d,122,32
K2O_id4389_Final_E-3.41.cif,K2O,-3.4054,1.244,Solar / Visible,THERMAL,Semiconductor,Pcc2,27,24
LiTe_id48_Final_E-3.40.cif,LiTe,-3.4024,1.317,Solar / Visible,THERMAL,Semiconductor,P4/nmm,129,16
Sr2Ca3GaS2_id2884_Final_E-3.40.cif,Sr2Ca3GaS2,-3.4011,1.856,Solar / Visible,THERMAL,Semiconductor,P6_3/mmc,194,16
Sc4Ti(SeS10)2_id1777_Final_E-3.39.cif,Sc4Ti(SeS10)2,-3.3895,2.073,Solar / Visible,THERMAL,Semiconductor,P1,1,27
O2_id4070_Final_E-3.37.cif,O2,-3.3695,1.218,Solar / Visible,THERMAL,Semiconductor,Pn-3m,224,48
LiTe_id4398_Final_E-3.37.cif,LiTe,-3.3672,1.139,Solar / Visible,THERMAL,Semiconductor,P-3m1,164,4
Li6TeSe2_id2937_Final_E-3.36.cif,Li6TeSe2,-3.3639,1.718,Solar / Visible,THERMAL,Semiconductor,Fm-3m,225,36
Na2Li8CaAs6_id1150_Final_E-3.36.cif,Na2Li8CaAs6,-3.3583,0.904,IR / Narrow-Gap,THERMAL,Semiconductor,P1,1,34
K2GeAs4_id3316_Final_E-3.35.cif,K2GeAs4,-3.3547,0.446,IR / Narrow-Gap,THERMAL,Semiconductor,Fd-3m,227,56
K4Sr3S4_id60_Final_E-3.35.cif,K4Sr3S4,-3.3541,2.579,Wide-Gap Power/LED,THERMAL,Semiconductor,I-43m,217,22
K3Na3S4_id3887_Final_E-3.35.cif,K3Na3S4,-3.354,2.441,Wide-Gap Power/LED,THERMAL,Semiconductor,P1,1,20
CdO_id4760_Final_E-3.35.cif,CdO,-3.3527,2.787,Wide-Gap Power/LED,THERMAL,Semiconductor,P4/mmm,123,8
Ba2BeP_id4561_Final_E-3.35.cif,Ba2BeP,-3.3524,0.198,IR / Narrow-Gap,THERMAL,Semiconductor,Fm-3m,225,16
Se_id3705_Final_E-3.35.cif,Se,-3.3516,1.455,Solar / Visible,THERMAL,Semiconductor,Pbca,61,8
NaSe_id2329_Final_E-3.32.cif,NaSe,-3.324,0.643,IR / Narrow-Gap,THERMAL,Semiconductor,P4_2/m,84,16
NaSe_id3801_Final_E-3.32.cif,NaSe,-3.3233,1.281,Solar / Visible,THERMAL,Semiconductor,I4_1/amd,141,8
Na2Li2GeO_id3491_Final_E-3.31.cif,Na2Li2GeO,-3.3083,1.425,Solar / Visible,THERMAL,Semiconductor,P4_322,95,24
Cd3O4_id2953_Final_E-3.30.cif,Cd3O4,-3.3019,1.116,Solar / Visible,THERMAL,Semiconductor,C222,21,14
ZnS_id4328_Final_E-3.30.cif,ZnS,-3.2973,0.962,IR / Narrow-Gap,THERMAL,Semiconductor,P4_32_12,96,16
O2_id2757_Final_E-3.30.cif,O2,-3.2962,1.138,Solar / Visible,THERMAL,Semiconductor,R-3c,167,24
Mg4TiAlZnSbTe3_id4460_Final_E-3.29.cif,Mg4TiAlZnSbTe3,-3.2883,0.268,IR / Narrow-Gap,THERMAL,Semiconductor,R3,146,33
K3Cd3SbO9_id4506_Final_E-3.28.cif,K3Cd3SbO9,-3.283,0.234,IR / Narrow-Gap,THERMAL,Semiconductor,P-6m2,187,16
LiTe6_id4295_Final_E-3.27.cif,LiTe6,-3.2723,0.915,IR / Narrow-Gap,THERMAL,Semiconductor,P-42m,111,7
K2Ba4PO_id2345_Final_E-3.27.cif,K2Ba4PO,-3.2714,0.195,IR / Narrow-Gap,THERMAL,Semiconductor,C2,5,24
Na7S3_id3384_Final_E-3.26.cif,Na7S3,-3.256,1.156,Solar / Visible,THERMAL,Semiconductor,I-43d,220,40
Li5Zn2Te2(SeS)2_id3214_Final_E-3.26.cif,Li5Zn2Te2(SeS)2,-3.255,0.668,IR / Narrow-Gap,THERMAL,Semiconductor,P4_2mc,105,26
Ba(LiGe)2_id4312_Final_E-3.25.cif,Ba(LiGe)2,-3.25,0.691,IR / Narrow-Gap,THERMAL,Semiconductor,I4/mcm,140,20
Te5Se2_id1767_Final_E-3.25.cif,Te5Se2,-3.2485,0.748,IR / Narrow-Gap,THERMAL,Semiconductor,P3m1,156,7
K6CaS4_id1941_Final_E-3.24.cif,K6CaS4,-3.2436,1.782,Solar / Visible,THERMAL,Semiconductor,Im-3m,229,22
Al2CdTe4_id3548_Final_E-3.24.cif,Al2CdTe4,-3.236,0.051,IR / Narrow-Gap,THERMAL,Semiconductor,P4/mmm,123,7
NaMg2Al3Te4_id2231_Final_E-3.23.cif,NaMg2Al3Te4,-3.234,0.08,IR / Narrow-Gap,THERMAL,Semiconductor,P2/m,10,20
Li2MgCdTe4_id1056_Final_E-3.23.cif,Li2MgCdTe4,-3.2305,1.289,Solar / Visible,THERMAL,Semiconductor,Cc,9,32
K4SnTe3_id1967_Final_E-3.22.cif,K4SnTe3,-3.2153,0.122,IR / Narrow-Gap,THERMAL,Semiconductor,I4_1/a,88,32
In3Ga2O_id3773_Final_E-3.21.cif,In3Ga2O,-3.2055,0.215,IR / Narrow-Gap,THERMAL,Semiconductor,Pn-3m,224,12
KSb4AsO2_id172_Final_E-3.20.cif,KSb4AsO2,-3.2021,1.215,Solar / Visible,THERMAL,Semiconductor,Pmmm,47,8
Zn(TeSe)2_id1361_Final_E-3.20.cif,Zn(TeSe)2,-3.1996,0.671,IR / Narrow-Gap,THERMAL,Semiconductor,Pm,6,5
O2_id355_Final_E-3.20.cif,O2,-3.1987,0.45,IR / Narrow-Gap,THERMAL,Semiconductor,R-3c,167,24
Na3Sb4_id782_Final_E-3.20.cif,Na3Sb4,-3.1975,0.12,IR / Narrow-Gap,THERMAL,Semiconductor,P-1,2,42
Na(CdSe2)2_id792_Final_E-3.20.cif,Na(CdSe2)2,-3.1959,1.677,Solar / Visible,THERMAL,Semiconductor,P-42m,111,7
Li7As3_id4739_Final_E-3.19.cif,Li7As3,-3.1914,0.99,IR / Narrow-Gap,THERMAL,Semiconductor,Pm-3n,223,20
K3Sb4_id360_Final_E-3.18.cif,K3Sb4,-3.1832,1.258,Solar / Visible,THERMAL,Semiconductor,P3c1,158,14
Te_id4040_Final_E-3.18.cif,Te,-3.1825,0.768,IR / Narrow-Gap,THERMAL,Semiconductor,Pbca,61,8
KBa4Mg3O3_id1090_Final_E-3.18.cif,KBa4Mg3O3,-3.1825,1.597,Solar / Visible,THERMAL,Semiconductor,Pm-3n,223,22
Na3O_id4951_Final_E-3.18.cif,Na3O,-3.1787,1.851,Solar / Visible,THERMAL,Semiconductor,P-1,2,16
Te_id993_Final_E-3.18.cif,Te,-3.1772,0.104,IR / Narrow-Gap,THERMAL,Semiconductor,Pbca,61,8
K4Li2In5GaS4_id4725_Final_E-3.18.cif,K4Li2In5GaS4,-3.1752,0.078,IR / Narrow-Gap,THERMAL,Semiconductor,Cm,8,32
Te_id4116_Final_E-3.17.cif,Te,-3.1703,0.592,IR / Narrow-Gap,THERMAL,Semiconductor,Pbcn,60,12
Te_id2855_Final_E-3.17.cif,Te,-3.1663,0.741,IR / Narrow-Gap,THERMAL,Semiconductor,P4_222,93,12
Te_id3990_Final_E-3.16.cif,Te,-3.161,0.318,IR / Narrow-Gap,THERMAL,Semiconductor,Pbca,61,8
BaLi2Sb_id1096_Final_E-3.16.cif,BaLi2Sb,-3.1601,0.364,IR / Narrow-Gap,THERMAL,Semiconductor,Immm,71,8
Ca2ZnAs_id4532_Final_E-3.16.cif,Ca2ZnAs,-3.1561,0.174,IR / Narrow-Gap,THERMAL,Semiconductor,P6_3/mmc,194,8
Te_id1960_Final_E-3.15.cif,Te,-3.1527,0.968,IR / Narrow-Gap,THERMAL,Semiconductor,P2_12_12_1,19,8
Te_id1288_Final_E-3.15.cif,Te,-3.1522,1.367,Solar / Visible,THERMAL,Semiconductor,P2_12_12,18,8
Te_id1396_Final_E-3.15.cif,Te,-3.1516,0.249,IR / Narrow-Gap,THERMAL,Semiconductor,Pbca,61,8
NaCa4Zn3O3_id399_Final_E-3.15.cif,NaCa4Zn3O3,-3.1506,0.369,IR / Narrow-Gap,THERMAL,Semiconductor,Pm-3n,223,22
NaCa4Zn3O3_id4154_Final_E-3.15.cif,NaCa4Zn3O3,-3.1506,0.372,IR / Narrow-Gap,THERMAL,Semiconductor,Pm-3n,223,22
Li2Zn4CdPS4_id3332_Final_E-3.15.cif,Li2Zn4CdPS4,-3.149,0.528,IR / Narrow-Gap,THERMAL,Semiconductor,P-42c,112,24
Te_id2250_Final_E-3.14.cif,Te,-3.1431,0.995,IR / Narrow-Gap,THERMAL,Semiconductor,P4/m,83,8
Te_id593_Final_E-3.14.cif,Te,-3.1425,0.914,IR / Narrow-Gap,THERMAL,Semiconductor,P6_3/m,176,14
Zn2GeB_id2900_Final_E-3.14.cif,Zn2GeB,-3.1424,0.907,IR / Narrow-Gap,THERMAL,Semiconductor,P6_222,180,12
Na2LiSn2Te_id2881_Final_E-3.14.cif,Na2LiSn2Te,-3.1415,0.398,IR / Narrow-Gap,THERMAL,Semiconductor,P-1,2,12
Te_id2692_Final_E-3.14.cif,Te,-3.1414,0.33,IR / Narrow-Gap,THERMAL,Semiconductor,P2_12_12_1,19,16
NaCdInSn6Sb_id688_Final_E-3.14.cif,NaCdInSn6Sb,-3.1362,0.094,IR / Narrow-Gap,THERMAL,Semiconductor,P312,149,10
Li3Sb_id3731_Final_E-3.11.cif,Li3Sb,-3.1148,0.194,IR / Narrow-Gap,THERMAL,Semiconductor,Pa-3,205,16
KNaSnP_id4268_Final_E-3.11.cif,KNaSnP,-3.1128,0.995,IR / Narrow-Gap,THERMAL,Semiconductor,P4_2/mmc,131,8
Na2ZnP2_id2295_Final_E-3.10.cif,Na2ZnP2,-3.1,0.877,IR / Narrow-Gap,THERMAL,Semiconductor,P4/mnc,128,20
KSr3N_id264_Final_E-3.09.cif,KSr3N,-3.0931,0.628,IR / Narrow-Gap,THERMAL,Semiconductor,Pm-3m,221,5
KCdGaTeSe2_id1623_Final_E-3.07.cif,KCdGaTeSe2,-3.0734,0.149,IR / Narrow-Gap,THERMAL,Semiconductor,Pca2_1,29,24
K4BaNaLiCd3InSnGe2AsP2O_id1500_Final_E-3.06.cif,K4BaNaLiCd3InSnGe2AsP2O,-3.0559,0.376,IR / Narrow-Gap,THERMAL,Semiconductor,P3_1,144,54
K2SiGe_id2407_Final_E-3.04.cif,K2SiGe,-3.0356,1.382,Solar / Visible,THERMAL,Semiconductor,P4_32_12,96,16
NaSr3Sb2_id3045_Final_E-3.01.cif,NaSr3Sb2,-3.0068,0.095,IR / Narrow-Gap,THERMAL,Semiconductor,P6_5,170,36
KNa3TeSe2_id3309_Final_E-3.00.cif,KNa3TeSe2,-3.0031,0.063,IR / Narrow-Gap,THERMAL,Semiconductor,R-3m,166,21
K4Na2SbS2_id3623_Final_E-2.99.cif,K4Na2SbS2,-2.9945,1.572,Solar / Visible,THERMAL,Semiconductor,Imm2,44,18
LiMgTe_id2638_Final_E-2.98.cif,LiMgTe,-2.9787,1.16,Solar / Visible,THERMAL,Semiconductor,F-43m,216,12
O2_id4222_Final_E-2.98.cif,O2,-2.9774,2.61,Wide-Gap Power/LED,THERMAL,Semiconductor,R-3c,167,24
K3O_id4302_Final_E-2.96.cif,K3O,-2.9613,0.279,IR / Narrow-Gap,THERMAL,Semiconductor,R-3c,167,24
Ba4Sb_id3196_Final_E-2.95.cif,Ba4Sb,-2.9539,0.283,IR / Narrow-Gap,THERMAL,Semiconductor,Pban,50,10
Na(LiSe2)3_id701_Final_E-2.92.cif,Na(LiSe2)3,-2.9247,0.211,IR / Narrow-Gap,THERMAL,Semiconductor,Im-3m,229,20
K3SrInSn5_id2394_Final_E-2.91.cif,K3SrInSn5,-2.9078,0.402,IR / Narrow-Gap,THERMAL,Semiconductor,P1,1,20
Zn2CdS2_id4139_Final_E-2.90.cif,Zn2CdS2,-2.8964,1.63,Solar / Visible,THERMAL,Semiconductor,Pca2_1,29,20
K3Ge4_id4664_Final_E-2.88.cif,K3Ge4,-2.8786,1.129,Solar / Visible,THERMAL,Semiconductor,P6mm,183,7
Na4Sb3_id4984_Final_E-2.86.cif,Na4Sb3,-2.8604,0.782,IR / Narrow-Gap,THERMAL,Semiconductor,P4_22_12,94,14
Na5Ti2In_id2456_Final_E-2.85.cif,Na5Ti2In,-2.8526,0.407,IR / Narrow-Gap,THERMAL,Semiconductor,P-1,2,16
Cd4O3_id2377_Final_E-2.85.cif,Cd4O3,-2.852,0.531,IR / Narrow-Gap,THERMAL,Semiconductor,P1,1,28
Mg3ZnAs6_id2065_Final_E-2.83.cif,Mg3ZnAs6,-2.8293,1.02,Solar / Visible,THERMAL,Semiconductor,Fm-3m,225,40
Na4Ge3_id3361_Final_E-2.82.cif,Na4Ge3,-2.8169,0.688,IR / Narrow-Gap,THERMAL,Semiconductor,P1,1,28
K3ScTe3_id4110_Final_E-2.81.cif,K3ScTe3,-2.8109,0.307,IR / Narrow-Gap,THERMAL,Semiconductor,Pm-3n,223,14
Ge3As2Se_id1610_Final_E-2.80.cif,Ge3As2Se,-2.7998,0.872,IR / Narrow-Gap,THERMAL,Semiconductor,P4/mmm,123,6
Na4As3_id1032_Final_E-2.80.cif,Na4As3,-2.7983,1.227,Solar / Visible,THERMAL,Semiconductor,I-43d,220,28
Li3CdTe3_id4107_Final_E-2.78.cif,Li3CdTe3,-2.7818,1.582,Solar / Visible,THERMAL,Semiconductor,Pm-3n,223,14
Ba2As5_id2274_Final_E-2.77.cif,Ba2As5,-2.7673,0.077,IR / Narrow-Gap,THERMAL,Semiconductor,P6_3/mcm,193,14
Na2P_id2760_Final_E-2.76.cif,Na2P,-2.7577,1.163,Solar / Visible,THERMAL,Semiconductor,P4_12_12,92,12
Li9GeAs4_id2167_Final_E-2.75.cif,Li9GeAs4,-2.7547,0.511,IR / Narrow-Gap,THERMAL,Semiconductor,Im-3m,229,28
KSn_id2533_Final_E-2.75.cif,KSn,-2.7545,0.184,IR / Narrow-Gap,THERMAL,Semiconductor,Fd-3m,227,8
Na2Te_id4419_Final_E-2.70.cif,Na2Te,-2.7039,1.767,Solar / Visible,THERMAL,Semiconductor,P2_1,4,12
CaZnTe_id2740_Final_E-2.69.cif,CaZnTe,-2.6935,1.104,Solar / Visible,THERMAL,Semiconductor,P6_3/mmc,194,6
K4Na4InTe4_id294_Final_E-2.69.cif,K4Na4InTe4,-2.6929,1.73,Solar / Visible,THERMAL,Semiconductor,I4/m,87,26
Ge2TeAsSe2_id4386_Final_E-2.69.cif,Ge2TeAsSe2,-2.6926,1.218,Solar / Visible,THERMAL,Semiconductor,P4/mmm,123,6
KNa2Cd(GaSi)2_id1807_Final_E-2.67.cif,KNa2Cd(GaSi)2,-2.6715,0.694,IR / Narrow-Gap,THERMAL,Semiconductor,P6_1,169,48
Be(ZnAs)3_id213_Final_E-2.67.cif,Be(ZnAs)3,-2.6671,1.051,Solar / Visible,THERMAL,Semiconductor,Pm-3n,223,14
In4Sb_id2293_Final_E-2.66.cif,In4Sb,-2.664,0.053,IR / Narrow-Gap,THERMAL,Semiconductor,Pm-3m,221,5
Na6SnSb4_id2546_Final_E-2.64.cif,Na6SnSb4,-2.6445,0.408,IR / Narrow-Gap,THERMAL,Semiconductor,Im-3m,229,22
K4LiSb3_id2105_Final_E-2.57.cif,K4LiSb3,-2.5735,0.795,IR / Narrow-Gap,THERMAL,Semiconductor,Im-3m,229,16
ZnTe2_id2242_Final_E-2.57.cif,ZnTe2,-2.5682,0.932,IR / Narrow-Gap,THERMAL,Semiconductor,Pn-3m,224,6
KBaSrCa2Be2Zn4CdSbTeAs2_id4592_Final_E-2.57.cif,KBaSrCa2Be2Zn4CdSbTeAs2,-2.5678,0.632,IR / Narrow-Gap,THERMAL,Semiconductor,P3_1,144,48
K4Sn2Sb_id4042_Final_E-2.57.cif,K4Sn2Sb,-2.5672,0.446,IR / Narrow-Gap,THERMAL,Semiconductor,P4_2/m,84,14
InGaPCSe3SN3_id3049_Final_E-2.54.cif,InGaPCSe3SN3,-2.5442,2.285,Wide-Gap Power/LED,THERMAL,Semiconductor,Pna2_1,33,44
K2Li2Sb_id4203_Final_E-2.49.cif,K2Li2Sb,-2.4949,1.222,Solar / Visible,THERMAL,Semiconductor,C222_1,20,20
Na3Te_id2726_Final_E-2.49.cif,Na3Te,-2.4924,1.485,Solar / Visible,THERMAL,Semiconductor,Cmme,67,16
K4InSn4_id2193_Final_E-2.48.cif,K4InSn4,-2.4751,0.726,IR / Narrow-Gap,THERMAL,Semiconductor,P3,143,9
KBaLi2Ge_id1602_Final_E-2.45.cif,KBaLi2Ge,-2.4504,0.191,IR / Narrow-Gap,THERMAL,Semiconductor,I-4m2,119,10
K4TiIn4_id4601_Final_E-2.45.cif,K4TiIn4,-2.4451,0.769,IR / Narrow-Gap,THERMAL,Semiconductor,P-42_1c,114,18
K8NaSrSe4_id234_Final_E-2.44.cif,K8NaSrSe4,-2.442,0.165,IR / Narrow-Gap,THERMAL,Semiconductor,I4_1/a,88,56
Li25Sb4_id2857_Final_E-2.44.cif,Li25Sb4,-2.4411,0.848,IR / Narrow-Gap,THERMAL,Semiconductor,P2,3,29
Na3Sn2_id1850_Final_E-2.44.cif,Na3Sn2,-2.4391,0.148,IR / Narrow-Gap,THERMAL,Semiconductor,I-43m,217,20
K6Na7ZnGa2GeSbAs3_id1148_Final_E-2.43.cif,K6Na7ZnGa2GeSbAs3,-2.4267,0.93,IR / Narrow-Gap,THERMAL,Semiconductor,P1,1,21
Li7Ge_id39_Final_E-2.41.cif,Li7Ge,-2.4062,0.308,IR / Narrow-Gap,THERMAL,Semiconductor,Im-3m,229,16
Na4GeSb_id3447_Final_E-2.39.cif,Na4GeSb,-2.3871,0.845,IR / Narrow-Gap,THERMAL,Semiconductor,Cmcm,63,24
Na6InSb2_id4380_Final_E-2.37.cif,Na6InSb2,-2.3728,0.369,IR / Narrow-Gap,THERMAL,Semiconductor,P-3m1,164,18
ZnGa2Sn_id4560_Final_E-2.35.cif,ZnGa2Sn,-2.3493,0.071,IR / Narrow-Gap,THERMAL,Semiconductor,Pmmm,47,4
Na2Si_id4772_Final_E-2.33.cif,Na2Si,-2.3316,0.054,IR / Narrow-Gap,THERMAL,Semiconductor,Pa-3,205,12
K7Ga(TeO)4_id2527_Final_E-2.32.cif,K7Ga(TeO)4,-2.3216,0.544,IR / Narrow-Gap,THERMAL,Semiconductor,P-43m,215,16
K2InGa2_id342_Final_E-2.31.cif,K2InGa2,-2.3127,0.415,IR / Narrow-Gap,THERMAL,Semiconductor,Ibca,73,40
BaNaLiAs_id2210_Final_E-2.31.cif,BaNaLiAs,-2.3075,0.85,IR / Narrow-Gap,THERMAL,Semiconductor,P4_2/mmc,131,8
Ba2CaS_id2714_Final_E-2.30.cif,Ba2CaS,-2.3044,0.978,IR / Narrow-Gap,THERMAL,Semiconductor,I4/mmm,139,8
K5S2_id338_Final_E-2.23.cif,K5S2,-2.2329,2.34,Wide-Gap Power/LED,THERMAL,Semiconductor,P6/mmm,191,7
Na3Ge_id933_Final_E-2.19.cif,Na3Ge,-2.1881,0.08,IR / Narrow-Gap,THERMAL,Semiconductor,Pm-3n,223,8
K3NaTi6_id3745_Final_E-2.17.cif,K3NaTi6,-2.1729,0.12,IR / Narrow-Gap,THERMAL,Semiconductor,Im-3m,229,20
K3N_id3493_Final_E-2.15.cif,K3N,-2.1515,2.024,Solar / Visible,THERMAL,Semiconductor,Pm-3m,221,32
K3(NaTe)2_id4666_Final_E-2.13.cif,K3(NaTe)2,-2.1345,1.047,Solar / Visible,THERMAL,Semiconductor,P1,1,14
Li6TiZn2_id2978_Final_E-2.11.cif,Li6TiZn2,-2.1071,0.588,IR / Narrow-Gap,THERMAL,Semiconductor,Fm-3m,225,36
Na(AlZn)2_id1613_Final_E-2.10.cif,Na(AlZn)2,-2.0974,0.661,IR / Narrow-Gap,THERMAL,Semiconductor,I4/mcm,140,20
NaIn_id3003_Final_E-2.10.cif,NaIn,-2.0972,0.778,IR / Narrow-Gap,THERMAL,Semiconductor,Cmcm,63,8
KNa7Sb2_id29_Final_E-2.10.cif,KNa7Sb2,-2.0971,0.732,IR / Narrow-Gap,THERMAL,Semiconductor,P1,1,10
K2CdInSn_id3044_Final_E-2.08.cif,K2CdInSn,-2.0794,0.223,IR / Narrow-Gap,THERMAL,Semiconductor,P-1,2,10
K2Na2BeCdGaTe_id975_Final_E-2.03.cif,K2Na2BeCdGaTe,-2.0251,0.135,IR / Narrow-Gap,THERMAL,Semiconductor,P6,168,48
K2Ge_id3383_Final_E-2.00.cif,K2Ge,-1.9965,0.06,IR / Narrow-Gap,THERMAL,Semiconductor,Pa-3,205,12
Li2Ga2Te3_id156_Final_E-1.97.cif,Li2Ga2Te3,-1.9719,0.336,IR / Narrow-Gap,THERMAL,Semiconductor,I4_132,214,28
KNa2LiCdSb_id3568_Final_E-1.94.cif,KNa2LiCdSb,-1.9405,0.291,IR / Narrow-Gap,THERMAL,Semiconductor,P1,1,24
Li4Te3_id188_Final_E-1.93.cif,Li4Te3,-1.9337,1.049,Solar / Visible,THERMAL,Semiconductor,I4_132,214,28
Na4Mg3(In2Sn)2_id672_Final_E-1.90.cif,Na4Mg3(In2Sn)2,-1.8973,0.345,IR / Narrow-Gap,THERMAL,Semiconductor,P4_232,208,26
K4Na3Sn2_id1459_Final_E-1.88.cif,K4Na3Sn2,-1.8777,0.069,IR / Narrow-Gap,THERMAL,Semiconductor,P4/ncc,130,36
K3Na3Li2(ZnGa)4_id3998_Final_E-1.85.cif,K3Na3Li2(ZnGa)4,-1.8453,0.072,IR / Narrow-Gap,THERMAL,Semiconductor,C2,5,32
K2Na6Li2GaAs_id885_Final_E-1.82.cif,K2Na6Li2GaAs,-1.8245,0.146,IR / Narrow-Gap,THERMAL,Semiconductor,P3_112,151,36
K2Ga2Si_id3059_Final_E-1.80.cif,K2Ga2Si,-1.796,0.524,IR / Narrow-Gap,THERMAL,Semiconductor,I4/mmm,139,10
K5CdIn3Ga_id1632_Final_E-1.78.cif,K5CdIn3Ga,-1.7834,0.282,IR / Narrow-Gap,THERMAL,Semiconductor,P4_3,78,40
Na7In3_id2973_Final_E-1.77.cif,Na7In3,-1.7695,0.703,IR / Narrow-Gap,THERMAL,Semiconductor,I-43d,220,40
Na7In3_id716_Final_E-1.77.cif,Na7In3,-1.7693,0.694,IR / Narrow-Gap,THERMAL,Semiconductor,I-43d,220,40
K4Ti2Si_id921_Final_E-1.76.cif,K4Ti2Si,-1.7632,0.4,IR / Narrow-Gap,THERMAL,Semiconductor,P4/mcc,124,28
BaNa4Cd4Ge_id4796_Final_E-1.69.cif,BaNa4Cd4Ge,-1.6939,0.32,IR / Narrow-Gap,THERMAL,Semiconductor,I4_1/a,88,40
Be3Cd3P_id385_Final_E-1.68.cif,Be3Cd3P,-1.683,0.299,IR / Narrow-Gap,THERMAL,Semiconductor,Pm-3n,223,14
K3In2_id1341_Final_E-1.68.cif,K3In2,-1.6813,0.324,IR / Narrow-Gap,THERMAL,Semiconductor,I4/mmm,139,20
BaNa4Ge_id421_Final_E-1.68.cif,BaNa4Ge,-1.6752,0.811,IR / Narrow-Gap,THERMAL,Semiconductor,Pnn2,34,12
CaZnCd_id2442_Final_E-1.66.cif,CaZnCd,-1.6627,0.058,IR / Narrow-Gap,THERMAL,Semiconductor,P6_3/mmc,194,6
In7TeS4_id3064_Final_E-1.64.cif,In7TeS4,-1.6377,1.196,Solar / Visible,THERMAL,Semiconductor,F-43m,216,48
K3Zn2O_id2025_Final_E-1.59.cif,K3Zn2O,-1.5934,0.275,IR / Narrow-Gap,THERMAL,Semiconductor,Pn-3m,224,12
KNa2Ga_id3005_Final_E-1.59.cif,KNa2Ga,-1.5889,0.119,IR / Narrow-Gap,THERMAL,Semiconductor,P2/m,10,16
Na2CdIn2_id1862_Final_E-1.54.cif,Na2CdIn2,-1.5366,0.416,IR / Narrow-Gap,THERMAL,Semiconductor,P4_222,93,20
K2NaCd3In2_id3955_Final_E-1.52.cif,K2NaCd3In2,-1.5151,0.136,IR / Narrow-Gap,THERMAL,Semiconductor,P-1,2,16
K24Ti12As_id551_Final_E-1.51.cif,K24Ti12As,-1.5053,0.492,IR / Narrow-Gap,THERMAL,Semiconductor,Pm-3,200,37
KNaCdGa_id4237_Final_E-1.48.cif,KNaCdGa,-1.4806,0.219,IR / Narrow-Gap,THERMAL,Semiconductor,P4_122,91,16
K2Cd2Ga_id1864_Final_E-1.45.cif,K2Cd2Ga,-1.4523,0.384,IR / Narrow-Gap,THERMAL,Semiconductor,P2_12_12,18,10
K2Ga_id3698_Final_E-1.43.cif,K2Ga,-1.4266,0.664,IR / Narrow-Gap,THERMAL,Semiconductor,Pa-3,205,12
K4Cd8Si_id2556_Final_E-1.36.cif,K4Cd8Si,-1.3581,0.164,IR / Narrow-Gap,THERMAL,Semiconductor,P-42_1c,114,26
NaCdIn_id1675_Final_E-1.30.cif,NaCdIn,-1.2976,0.158,IR / Narrow-Gap,THERMAL,Semiconductor,P4/mmm,123,12
K7CdSnSb_id2735_Final_E-1.29.cif,K7CdSnSb,-1.2929,0.106,IR / Narrow-Gap,THERMAL,Semiconductor,P312,149,10
Na5(LiCd2)2_id3542_Final_E-1.28.cif,Na5(LiCd2)2,-1.2775,0.116,IR / Narrow-Gap,THERMAL,Semiconductor,C2/m,12,22
K2Na2Cd2Ga_id2658_Final_E-1.27.cif,K2Na2Cd2Ga,-1.2743,0.162,IR / Narrow-Gap,THERMAL,Semiconductor,Cmce,64,28
Na3CaZn4_id4931_Final_E-1.25.cif,Na3CaZn4,-1.2452,0.063,IR / Narrow-Gap,THERMAL,Semiconductor,P4_2/m,84,16
Li9Mg3InSn_id559_Final_E-1.13.cif,Li9Mg3InSn,-1.1295,0.851,IR / Narrow-Gap,THERMAL,Semiconductor,Pm-3m,221,14
Na2Zn_id2297_Final_E-1.13.cif,Na2Zn,-1.1281,0.583,IR / Narrow-Gap,THERMAL,Semiconductor,Pa-3,205,12
Zn3In_id209_Final_E-1.13.cif,Zn3In,-1.1278,0.091,IR / Narrow-Gap,THERMAL,Semiconductor,Pmmm,47,4
K4Zn6In_id1311_Final_E-1.10.cif,K4Zn6In,-1.0962,0.576,IR / Narrow-Gap,THERMAL,Semiconductor,Im-3m,229,22
Zn4InGaP2_id2014_Final_E-1.05.cif,Zn4InGaP2,-1.0507,3.059,Wide-Gap Power/LED,THERMAL,Semiconductor,P4/mmm,123,48
K7NaCd6_id3600_Final_E-1.03.cif,K7NaCd6,-1.0346,0.376,IR / Narrow-Gap,THERMAL,Semiconductor,R-3,148,42
K3MgZn2_id2162_Final_E-0.99.cif,K3MgZn2,-0.9924,0.425,IR / Narrow-Gap,THERMAL,Semiconductor,Pn-3m,224,12
K3Cd4_id3699_Final_E-0.91.cif,K3Cd4,-0.9097,0.677,IR / Narrow-Gap,THERMAL,Semiconductor,I-4c2,120,28
K(NaCd)2_id2583_Final_E-0.87.cif,K(NaCd)2,-0.8679,0.378,IR / Narrow-Gap,THERMAL,Semiconductor,Pn-3m,224,10
K8Na(ZnCd3)2_id1757_Final_E-0.83.cif,K8Na(ZnCd3)2,-0.828,0.186,IR / Narrow-Gap,THERMAL,Semiconductor,P-1,2,17
NaLiCd_id4880_Final_E-0.77.cif,NaLiCd,-0.7697,0.308,IR / Narrow-Gap,THERMAL,Semiconductor,P4_2/mmc,131,6
Na2Ca2In_id3674_Final_E-0.70.cif,Na2Ca2In,-0.7004,1.885,Solar / Visible,THERMAL,Semiconductor,C2/m,12,10
K10Ba9_id624_Final_E-0.61.cif,K10Ba9,-0.6079,1.309,Solar / Visible,THERMAL,Semiconductor,P4_232,208,38
Cd_id2441_Final_E-0.43.cif,Cd,-0.4299,0.922,IR / Narrow-Gap,THERMAL,Semiconductor,Pn-3m,224,16
TiO2_id1620_Final_E-9.32.cif,TiO2,-9.3198,1.666,Solar / Visible,LIGHT,Semiconductor,Pcca,54,24
Ti2N2O3_id1284_Final_E-8.74.cif,Ti2N2O3,-8.7379,1.391,Solar / Visible,LIGHT,Semiconductor,P1,1,21
TiN3_id4774_Final_E-8.71.cif,TiN3,-8.7137,0.741,IR / Narrow-Gap,LIGHT,Semiconductor,Cc,9,32
Ti6GeO12_id3181_Final_E-8.65.cif,Ti6GeO12,-8.6507,2.056,Solar / Visible,LIGHT,Semiconductor,Im-3,204,38
Ti2N15_id4140_Final_E-8.52.cif,Ti2N15,-8.5221,0.881,IR / Narrow-Gap,LIGHT,Semiconductor,P-1,2,34
C_id1257_Final_E-8.34.cif,C,-8.3424,0.29,IR / Narrow-Gap,LIGHT,Semiconductor,C2/c,15,60
ScN4_id2605_Final_E-8.18.cif,ScN4,-8.1817,2.838,Wide-Gap Power/LED,LIGHT,Semiconductor,C2/c,15,20
CaC2NO2_id686_Final_E-8.00.cif,CaC2NO2,-7.9951,2.366,Wide-Gap Power/LED,LIGHT,Semiconductor,Pnma,62,24
LiTiN2O_id3427_Final_E-7.87.cif,LiTiN2O,-7.8673,1.774,Solar / Visible,LIGHT,Semiconductor,P1,1,20
TiPO2_id228_Final_E-7.86.cif,TiPO2,-7.8618,0.631,IR / Narrow-Gap,LIGHT,Semiconductor,Pbca,61,32
Sc3ZnO4_id4739_Final_E-7.81.cif,Sc3ZnO4,-7.8129,1.191,Solar / Visible,LIGHT,Semiconductor,Pm-3m,221,8
Ca(SiO2)4_id3268_Final_E-7.77.cif,Ca(SiO2)4,-7.7711,0.363,IR / Narrow-Gap,LIGHT,Semiconductor,P-42_1c,114,26
Ti3Zn(GeO4)3_id1034_Final_E-7.59.cif,Ti3Zn(GeO4)3,-7.5921,1.441,Solar / Visible,LIGHT,Semiconductor,P1,1,19
C2N5_id372_Final_E-7.46.cif,C2N5,-7.464,1.07,Solar / Visible,LIGHT,Semiconductor,Pbcn,60,28
KSc3O7_id4652_Final_E-7.44.cif,KSc3O7,-7.4444,0.456,IR / Narrow-Gap,LIGHT,Semiconductor,Pm-3n,223,22
Ti5Sn2O5_id272_Final_E-7.43.cif,Ti5Sn2O5,-7.4255,0.789,IR / Narrow-Gap,LIGHT,Semiconductor,P-1,2,24
Sc3AlGa3N8_id2978_Final_E-7.42.cif,Sc3AlGa3N8,-7.4236,0.261,IR / Narrow-Gap,LIGHT,Semiconductor,P-1,2,15
Ti3O10_id3682_Final_E-7.31.cif,Ti3O10,-7.3148,0.384,IR / Narrow-Gap,LIGHT,Semiconductor,P31c,159,26
C2SeO4_id305_Final_E-7.31.cif,C2SeO4,-7.3054,0.301,IR / Narrow-Gap,LIGHT,Semiconductor,P1,1,14
Ca2Si2C17S2(N2O)2_id3958_Final_E-7.26.cif,Ca2Si2C17S2(N2O)2,-7.2574,0.374,IR / Narrow-Gap,LIGHT,Semiconductor,P2/c,13,58
Sc5O4_id403_Final_E-7.22.cif,Sc5O4,-7.2176,0.498,IR / Narrow-Gap,LIGHT,Semiconductor,P4_2/n,86,18
Sc5C2_id345_Final_E-7.19.cif,Sc5C2,-7.1901,0.716,IR / Narrow-Gap,LIGHT,Semiconductor,P4_22_12,94,28
Si4O11_id565_Final_E-7.14.cif,Si4O11,-7.1371,1.767,Solar / Visible,LIGHT,Semiconductor,Pba2,32,30
Sc2P_id1371_Final_E-7.07.cif,Sc2P,-7.0686,0.784,IR / Narrow-Gap,LIGHT,Semiconductor,Pa-3,205,12
BaLiCa8B12(NO2)6_id3556_Final_E-7.06.cif,BaLiCa8B12(NO2)6,-7.0552,0.185,IR / Narrow-Gap,LIGHT,Semiconductor,P321,150,40
BN24_id2321_Final_E-7.05.cif,BN24,-7.0525,1.682,Solar / Visible,LIGHT,Semiconductor,I432,211,50
Ca2Ti(NO)2_id624_Final_E-7.03.cif,Ca2Ti(NO)2,-7.0295,1.22,Solar / Visible,LIGHT,Semiconductor,Cmce,64,28
KTi4Te3O4_id4010_Final_E-7.02.cif,KTi4Te3O4,-7.0183,0.724,IR / Narrow-Gap,LIGHT,Semiconductor,C2/c,15,48
KSc3N7_id4195_Final_E-7.01.cif,KSc3N7,-7.0102,0.482,IR / Narrow-Gap,LIGHT,Semiconductor,Pm-3n,223,22
Be2AsN8_id2490_Final_E-6.99.cif,Be2AsN8,-6.9933,1.52,Solar / Visible,LIGHT,Semiconductor,Immm,71,22
K2Ti3O6_id1770_Final_E-6.95.cif,K2Ti3O6,-6.9458,1.096,Solar / Visible,LIGHT,Semiconductor,P-1,2,44
AsPCNO2_id3195_Final_E-6.90.cif,AsPCNO2,-6.9009,1.414,Solar / Visible,LIGHT,Semiconductor,C222_1,20,48
MgTi3O5_id3516_Final_E-6.87.cif,MgTi3O5,-6.8726,1.578,Solar / Visible,LIGHT,Semiconductor,C2/c,15,36
InN4_id1482_Final_E-6.87.cif,InN4,-6.865,0.226,IR / Narrow-Gap,LIGHT,Semiconductor,Ccce,68,20
SrBN2_id1247_Final_E-6.86.cif,SrBN2,-6.862,2.941,Wide-Gap Power/LED,LIGHT,Semiconductor,P6_222,180,12
Al2SnB2O5_id1937_Final_E-6.82.cif,Al2SnB2O5,-6.8202,2.035,Solar / Visible,LIGHT,Semiconductor,P2_1/c,14,40
Li2Be(N3O)2_id2105_Final_E-6.78.cif,Li2Be(N3O)2,-6.7806,2.58,Wide-Gap Power/LED,LIGHT,Semiconductor,P2_1/c,14,44
TiSeSN_id3126_Final_E-6.77.cif,TiSeSN,-6.7704,1.26,Solar / Visible,LIGHT,Semiconductor,P1,1,24
AlTeN4_id1380_Final_E-6.75.cif,AlTeN4,-6.7482,2.546,Wide-Gap Power/LED,LIGHT,Semiconductor,Pccn,56,24
BaPN2_id736_Final_E-6.74.cif,BaPN2,-6.741,1.415,Solar / Visible,LIGHT,Semiconductor,I4_122,98,16
Sr2TiPO2_id3092_Final_E-6.69.cif,Sr2TiPO2,-6.6909,1.169,Solar / Visible,LIGHT,Semiconductor,P3_221,154,18
Ca4N9_id166_Final_E-6.67.cif,Ca4N9,-6.6718,1.479,Solar / Visible,LIGHT,Semiconductor,I4/m,87,26
GaSiO2_id4361_Final_E-6.64.cif,GaSiO2,-6.6415,1.578,Solar / Visible,LIGHT,Semiconductor,I4_122,98,16
As2SeN4_id4118_Final_E-6.63.cif,As2SeN4,-6.6311,1.528,Solar / Visible,LIGHT,Semiconductor,P2_1/c,14,28
Ba(NO)6_id2724_Final_E-6.60.cif,Ba(NO)6,-6.6048,0.875,IR / Narrow-Gap,LIGHT,Semiconductor,P1,1,13
ScGa3O4_id1667_Final_E-6.60.cif,ScGa3O4,-6.6022,1.84,Solar / Visible,LIGHT,Semiconductor,P-6,174,8
ScZnO3_id310_Final_E-6.60.cif,ScZnO3,-6.5998,2.625,Wide-Gap Power/LED,LIGHT,Semiconductor,Cmcm,63,20
BaBN2_id2382_Final_E-6.59.cif,BaBN2,-6.5868,2.379,Wide-Gap Power/LED,LIGHT,Semiconductor,P6_222,180,12
BaGe3O8_id2290_Final_E-6.59.cif,BaGe3O8,-6.5867,2.499,Wide-Gap Power/LED,LIGHT,Semiconductor,C2,5,24
NaTiO4_id817_Final_E-6.55.cif,NaTiO4,-6.5458,0.47,IR / Narrow-Gap,LIGHT,Semiconductor,I-42m,121,24
SrCS2(NO)2_id342_Final_E-6.53.cif,SrCS2(NO)2,-6.5266,2.449,Wide-Gap Power/LED,LIGHT,Semiconductor,Cmc2_1,36,48
BPCS3NO2_id1616_Final_E-6.49.cif,BPCS3NO2,-6.4889,3.093,Wide-Gap Power/LED,LIGHT,Semiconductor,P2/c,13,36
TiCdO4_id3902_Final_E-6.42.cif,TiCdO4,-6.4228,0.81,IR / Narrow-Gap,LIGHT,Semiconductor,P4/nbm,125,12
MgTi2CdGaO6_id1852_Final_E-6.38.cif,MgTi2CdGaO6,-6.3788,1.19,Solar / Visible,LIGHT,Semiconductor,P1,1,33
Ca2TiO6_id401_Final_E-6.38.cif,Ca2TiO6,-6.376,2.588,Wide-Gap Power/LED,LIGHT,Semiconductor,Cmce,64,36
Sc5N2O_id1302_Final_E-6.37.cif,Sc5N2O,-6.3731,0.537,IR / Narrow-Gap,LIGHT,Semiconductor,Pn-3m,224,16
TiP6N_id1868_Final_E-6.33.cif,TiP6N,-6.3298,0.382,IR / Narrow-Gap,LIGHT,Semiconductor,P1,1,48
LiGa(BO4)2_id4917_Final_E-6.32.cif,LiGa(BO4)2,-6.3213,3.007,Wide-Gap Power/LED,LIGHT,Semiconductor,P-42_1c,114,24
GeO_id913_Final_E-6.31.cif,GeO,-6.3102,1.735,Solar / Visible,LIGHT,Semiconductor,Pbca,61,16
MgTiO6_id3948_Final_E-6.28.cif,MgTiO6,-6.2813,2.638,Wide-Gap Power/LED,LIGHT,Semiconductor,P-31c,163,16
Li12C43_id1088_Final_E-6.27.cif,Li12C43,-6.2745,1.034,Solar / Visible,LIGHT,Semiconductor,P1,1,55
S(NO2)2_id4335_Final_E-6.25.cif,S(NO2)2,-6.2534,2.102,Solar / Visible,LIGHT,Semiconductor,P1,1,56
Zn(CO4)2_id2287_Final_E-6.25.cif,Zn(CO4)2,-6.2526,1.184,Solar / Visible,LIGHT,Semiconductor,P-42_1m,113,22
ScBeGa2SnPO9_id883_Final_E-6.23.cif,ScBeGa2SnPO9,-6.227,1.408,Solar / Visible,LIGHT,Semiconductor,Cc,9,60
B(PO)12_id763_Final_E-6.22.cif,B(PO)12,-6.225,2.035,Solar / Visible,LIGHT,Semiconductor,I432,211,50
Li3TiNO8_id3246_Final_E-6.22.cif,Li3TiNO8,-6.224,2.488,Wide-Gap Power/LED,LIGHT,Semiconductor,P1,1,52
KAl6Zn(BO12)2_id215_Final_E-6.20.cif,KAl6Zn(BO12)2,-6.1998,2.976,Wide-Gap Power/LED,LIGHT,Semiconductor,P321,150,34
P3S2N4O11_id4333_Final_E-6.19.cif,P3S2N4O11,-6.1949,0.154,IR / Narrow-Gap,LIGHT,Semiconductor,P1,1,40
Ca2N3_id3640_Final_E-6.18.cif,Ca2N3,-6.178,0.703,IR / Narrow-Gap,LIGHT,Semiconductor,P1,1,30
Ge3N3O_id1218_Final_E-6.16.cif,Ge3N3O,-6.1569,0.801,IR / Narrow-Gap,LIGHT,Semiconductor,P6_3mc,186,14
SrCa2O4_id2386_Final_E-6.16.cif,SrCa2O4,-6.1554,0.073,IR / Narrow-Gap,LIGHT,Semiconductor,P-1,2,14
K(PN)4_id3335_Final_E-6.15.cif,K(PN)4,-6.1529,0.294,IR / Narrow-Gap,LIGHT,Semiconductor,Fmmm,69,36
ScCdO4_id1141_Final_E-6.14.cif,ScCdO4,-6.1417,0.123,IR / Narrow-Gap,LIGHT,Semiconductor,P4/nbm,125,12
Be6Sn4O9_id3383_Final_E-6.14.cif,Be6Sn4O9,-6.1385,1.817,Solar / Visible,LIGHT,Semiconductor,P1,1,38
CaAl(Si3O2)2_id1118_Final_E-6.13.cif,CaAl(Si3O2)2,-6.1291,1.144,Solar / Visible,LIGHT,Semiconductor,I222,23,24
SrNO3_id4156_Final_E-6.13.cif,SrNO3,-6.1271,0.448,IR / Narrow-Gap,LIGHT,Semiconductor,P1,1,20
KMgScO6_id3869_Final_E-6.10.cif,KMgScO6,-6.104,2.028,Solar / Visible,LIGHT,Semiconductor,P-31c,163,18
TiO6_id2073_Final_E-6.06.cif,TiO6,-6.0566,1.312,Solar / Visible,LIGHT,Semiconductor,P4/n,85,14
KCaB6Sb(TeO2)3_id3007_Final_E-6.04.cif,KCaB6Sb(TeO2)3,-6.0445,2.956,Wide-Gap Power/LED,LIGHT,Semiconductor,P1,1,36
SeN_id173_Final_E-6.03.cif,SeN,-6.0255,0.589,IR / Narrow-Gap,LIGHT,Semiconductor,P4/m,83,8
NaGaTe(NO4)3_id3194_Final_E-6.02.cif,NaGaTe(NO4)3,-6.0222,2.723,Wide-Gap Power/LED,LIGHT,Semiconductor,P1,1,36
AsO3_id2126_Final_E-6.00.cif,AsO3,-5.9968,2.724,Wide-Gap Power/LED,LIGHT,Semiconductor,R-3c,167,24
BaAl2SnGe2(SO)4_id4393_Final_E-5.99.cif,BaAl2SnGe2(SO)4,-5.9948,1.001,Solar / Visible,LIGHT,Semiconductor,P1,1,28
LiMg(PN)4_id4177_Final_E-5.98.cif,LiMg(PN)4,-5.9773,1.067,Solar / Visible,LIGHT,Semiconductor,C2/c,15,40
Ba3Sn2(BO10)2_id1547_Final_E-5.97.cif,Ba3Sn2(BO10)2,-5.9727,3.337,Wide-Gap Power/LED,LIGHT,Semiconductor,P-1,2,27
BaSbO4_id1182_Final_E-5.97.cif,BaSbO4,-5.9682,1.122,Solar / Visible,LIGHT,Semiconductor,P4/nbm,125,12
LiPO2_id2453_Final_E-5.97.cif,LiPO2,-5.9659,2.45,Wide-Gap Power/LED,LIGHT,Semiconductor,I4_122,98,16
LiSe2N5O3_id2196_Final_E-5.96.cif,LiSe2N5O3,-5.9585,2.344,Wide-Gap Power/LED,LIGHT,Semiconductor,P-1,2,22
Ba2NaTi2O3_id843_Final_E-5.94.cif,Ba2NaTi2O3,-5.9392,0.256,IR / Narrow-Gap,LIGHT,Semiconductor,I4_122,98,32
Ba4AlO4_id2830_Final_E-5.93.cif,Ba4AlO4,-5.9337,2.277,Wide-Gap Power/LED,LIGHT,Semiconductor,I4_1/a,88,36
Ca3TeO3_id2357_Final_E-5.92.cif,Ca3TeO3,-5.92,0.118,IR / Narrow-Gap,LIGHT,Semiconductor,P-1,2,42
Ba2Ca2AsSeO8_id2087_Final_E-5.92.cif,Ba2Ca2AsSeO8,-5.9165,2.879,Wide-Gap Power/LED,LIGHT,Semiconductor,P3_221,154,42
Ba3P(SeO2)4_id4079_Final_E-5.92.cif,Ba3P(SeO2)4,-5.9156,1.413,Solar / Visible,LIGHT,Semiconductor,P1,1,32
Ti(GaO)4_id4003_Final_E-5.91.cif,Ti(GaO)4,-5.9139,0.248,IR / Narrow-Gap,LIGHT,Semiconductor,P-43m,215,9
Mg4Be4B2P4NO9_id3969_Final_E-5.91.cif,Mg4Be4B2P4NO9,-5.9109,2.37,Wide-Gap Power/LED,LIGHT,Semiconductor,P4bm,100,48
LiGeO2_id258_Final_E-5.90.cif,LiGeO2,-5.8968,2.978,Wide-Gap Power/LED,LIGHT,Semiconductor,I4_122,98,16
LiGeO2_id3932_Final_E-5.90.cif,LiGeO2,-5.8968,2.959,Wide-Gap Power/LED,LIGHT,Semiconductor,I4_122,98,16
LiGeO2_id3436_Final_E-5.90.cif,LiGeO2,-5.8967,2.909,Wide-Gap Power/LED,LIGHT,Semiconductor,I4_122,98,16
NaSiBSb4As2N5O6_id2749_Final_E-5.87.cif,NaSiBSb4As2N5O6,-5.8722,1.881,Solar / Visible,LIGHT,Semiconductor,P1,1,60
SrCaO4_id3030_Final_E-5.87.cif,SrCaO4,-5.8705,1.95,Solar / Visible,LIGHT,Semiconductor,Pban,50,12
SrCaO4_id163_Final_E-5.87.cif,SrCaO4,-5.8701,1.961,Solar / Visible,LIGHT,Semiconductor,Pban,50,12
TiInO8_id2862_Final_E-5.85.cif,TiInO8,-5.8536,1.019,Solar / Visible,LIGHT,Semiconductor,P4/nbm,125,20
KNa2C2NO2_id738_Final_E-5.84.cif,KNa2C2NO2,-5.8377,1.156,Solar / Visible,LIGHT,Semiconductor,Aea2,41,32
KSn(PO10)2_id2583_Final_E-5.83.cif,KSn(PO10)2,-5.8258,2.356,Wide-Gap Power/LED,LIGHT,Semiconductor,P-1,2,24
BaN4O5_id3473_Final_E-5.83.cif,BaN4O5,-5.8253,1.123,Solar / Visible,LIGHT,Semiconductor,P1,1,20
Sr2P4O3_id1556_Final_E-5.82.cif,Sr2P4O3,-5.8208,0.982,IR / Narrow-Gap,LIGHT,Semiconductor,P4_32_12,96,36
KTi2Si6SbO50_id4235_Final_E-5.82.cif,KTi2Si6SbO50,-5.8158,1.179,Solar / Visible,LIGHT,Semiconductor,P-3,147,60
MgSbO2_id2354_Final_E-5.81.cif,MgSbO2,-5.8136,0.073,IR / Narrow-Gap,LIGHT,Semiconductor,P3_221,154,12
SrSnGeO3_id2810_Final_E-5.81.cif,SrSnGeO3,-5.8055,2.822,Wide-Gap Power/LED,LIGHT,Semiconductor,P-6m2,187,6
BAs3P12N5_id1527_Final_E-5.79.cif,BAs3P12N5,-5.7927,0.807,IR / Narrow-Gap,LIGHT,Semiconductor,P2_1,4,42
SrAs4PO4_id1613_Final_E-5.78.cif,SrAs4PO4,-5.7756,1.144,Solar / Visible,LIGHT,Semiconductor,P1,1,20
SnSb7O8_id4511_Final_E-5.77.cif,SnSb7O8,-5.7703,0.657,IR / Narrow-Gap,LIGHT,Semiconductor,P2_12_12,18,32
P2S2N_id3847_Final_E-5.75.cif,P2S2N,-5.751,1.847,Solar / Visible,LIGHT,Semiconductor,Aea2,41,20
NaPO2_id4919_Final_E-5.74.cif,NaPO2,-5.743,3.192,Wide-Gap Power/LED,LIGHT,Semiconductor,I4_122,98,16
TeN_id4620_Final_E-5.74.cif,TeN,-5.7428,0.952,IR / Narrow-Gap,LIGHT,Semiconductor,C222_1,20,16
Li(GeO)2_id3295_Final_E-5.74.cif,Li(GeO)2,-5.7397,1.72,Solar / Visible,LIGHT,Semiconductor,Ibam,72,40
BaSrO6_id948_Final_E-5.74.cif,BaSrO6,-5.7362,2.923,Wide-Gap Power/LED,LIGHT,Semiconductor,P-1,2,24
Ba3GeO3_id2784_Final_E-5.71.cif,Ba3GeO3,-5.7127,0.059,IR / Narrow-Gap,LIGHT,Semiconductor,P6_3,173,14
Sb3(TeO3)2_id1295_Final_E-5.71.cif,Sb3(TeO3)2,-5.7116,1.527,Solar / Visible,LIGHT,Semiconductor,P1,1,11
LiAsO2_id4071_Final_E-5.71.cif,LiAsO2,-5.7097,2.294,Wide-Gap Power/LED,LIGHT,Semiconductor,I4_122,98,16
Li2Si2S2N3_id2446_Final_E-5.71.cif,Li2Si2S2N3,-5.7084,2.694,Wide-Gap Power/LED,LIGHT,Semiconductor,P1,1,27
MgAlZn2O4_id2210_Final_E-5.71.cif,MgAlZn2O4,-5.7084,2.338,Wide-Gap Power/LED,LIGHT,Semiconductor,P-42c,112,16
SbO_id52_Final_E-5.70.cif,SbO,-5.7026,1.623,Solar / Visible,LIGHT,Semiconductor,P2,3,12
AsPO9_id4549_Final_E-5.70.cif,AsPO9,-5.699,2.644,Wide-Gap Power/LED,LIGHT,Semiconductor,P1,1,11
BaSnO6_id4044_Final_E-5.68.cif,BaSnO6,-5.6795,1.201,Solar / Visible,LIGHT,Semiconductor,P6_322,182,16
NaLiMgPCNO2_id772_Final_E-5.67.cif,NaLiMgPCNO2,-5.6749,1.5,Solar / Visible,LIGHT,Semiconductor,Pc,7,32
MgGaSi2SO16_id538_Final_E-5.66.cif,MgGaSi2SO16,-5.664,3.012,Wide-Gap Power/LED,LIGHT,Semiconductor,P1,1,42
BaCaAs2O11_id270_Final_E-5.65.cif,BaCaAs2O11,-5.655,1.831,Solar / Visible,LIGHT,Semiconductor,P1,1,15
SrCaO4_id2752_Final_E-5.65.cif,SrCaO4,-5.652,1.878,Solar / Visible,LIGHT,Semiconductor,P4/nbm,125,12
Mg3InO4_id252_Final_E-5.64.cif,Mg3InO4,-5.6386,0.075,IR / Narrow-Gap,LIGHT,Semiconductor,Pm-3n,223,16
Ca2ScS4_id2233_Final_E-5.64.cif,Ca2ScS4,-5.6366,2.142,Solar / Visible,LIGHT,Semiconductor,P-1,2,28
BaO2_id3006_Final_E-5.63.cif,BaO2,-5.6347,3.013,Wide-Gap Power/LED,LIGHT,Semiconductor,P4_2/mmc,131,12
BaSn4GeO4_id644_Final_E-5.62.cif,BaSn4GeO4,-5.6182,0.601,IR / Narrow-Gap,LIGHT,Semiconductor,I4/m,87,20
Sb2Te2O5_id798_Final_E-5.62.cif,Sb2Te2O5,-5.6162,1.523,Solar / Visible,LIGHT,Semiconductor,P2_1,4,18
BeZn2SiO8_id4514_Final_E-5.61.cif,BeZn2SiO8,-5.6113,3.452,Wide-Gap Power/LED,LIGHT,Semiconductor,Ccc2,37,24
SrLiIn2Ga2(SO2)6_id652_Final_E-5.61.cif,SrLiIn2Ga2(SO2)6,-5.6105,3.025,Wide-Gap Power/LED,LIGHT,Semiconductor,P321,150,24
Sb3O7_id3584_Final_E-5.61.cif,Sb3O7,-5.6102,0.507,IR / Narrow-Gap,LIGHT,Semiconductor,P1,1,10
Al2Zn2InO10_id990_Final_E-5.61.cif,Al2Zn2InO10,-5.6086,1.492,Solar / Visible,LIGHT,Semiconductor,P-1,2,60
AsPO_id399_Final_E-5.61.cif,AsPO,-5.6081,1.623,Solar / Visible,LIGHT,Semiconductor,Pbca,61,24
Ga6NO6_id4448_Final_E-5.60.cif,Ga6NO6,-5.6045,1.485,Solar / Visible,LIGHT,Semiconductor,P1,1,26
LiSbO2_id919_Final_E-5.60.cif,LiSbO2,-5.5987,1.133,Solar / Visible,LIGHT,Semiconductor,P1,1,16
Li3TiO8_id1100_Final_E-5.59.cif,Li3TiO8,-5.5904,2.823,Wide-Gap Power/LED,LIGHT,Semiconductor,C2,5,48
Ge2N_id2_Final_E-5.58.cif,Ge2N,-5.5826,0.063,IR / Narrow-Gap,LIGHT,Semiconductor,Pbcn,60,12
GaO2_id2892_Final_E-5.58.cif,GaO2,-5.576,1.806,Solar / Visible,LIGHT,Semiconductor,I4_122,98,12
Ba12SrO32_id3079_Final_E-5.57.cif,Ba12SrO32,-5.5691,0.246,IR / Narrow-Gap,LIGHT,Semiconductor,P-3,147,45
Na3Be4BN12_id521_Final_E-5.57.cif,Na3Be4BN12,-5.5662,2.115,Solar / Visible,LIGHT,Semiconductor,I432,211,40
GaO_id3674_Final_E-5.57.cif,GaO,-5.566,2.052,Solar / Visible,LIGHT,Semiconductor,Aea2,41,16
ZnInC2SN2_id1982_Final_E-5.56.cif,ZnInC2SN2,-5.5632,0.147,IR / Narrow-Gap,LIGHT,Semiconductor,P3_1,144,21
Mg4InO4_id1060_Final_E-5.56.cif,Mg4InO4,-5.5614,2.183,Solar / Visible,LIGHT,Semiconductor,P4_2/n,86,18
Al2CdGa2SnO12_id3057_Final_E-5.55.cif,Al2CdGa2SnO12,-5.5528,0.803,IR / Narrow-Gap,LIGHT,Semiconductor,Pnn2,34,36
BaSbO6_id4342_Final_E-5.55.cif,BaSbO6,-5.5527,3.374,Wide-Gap Power/LED,LIGHT,Semiconductor,P1,1,16
BaCdSnO4_id2334_Final_E-5.55.cif,BaCdSnO4,-5.5468,1.836,Solar / Visible,LIGHT,Semiconductor,P1,1,14
Ge3S2(NO)2_id3626_Final_E-5.55.cif,Ge3S2(NO)2,-5.5455,1.385,Solar / Visible,LIGHT,Semiconductor,Pnn2,34,18
KSe6(SN3)3_id2757_Final_E-5.54.cif,KSe6(SN3)3,-5.5413,0.887,IR / Narrow-Gap,LIGHT,Semiconductor,P6_3,173,38
BaSrO4_id4881_Final_E-5.54.cif,BaSrO4,-5.5393,0.258,IR / Narrow-Gap,LIGHT,Semiconductor,P4/nbm,125,12
PSeSN2O_id969_Final_E-5.53.cif,PSeSN2O,-5.5319,0.739,IR / Narrow-Gap,LIGHT,Semiconductor,P4_12_12,92,24
K3TiO6_id3627_Final_E-5.53.cif,K3TiO6,-5.527,0.074,IR / Narrow-Gap,LIGHT,Semiconductor,P6_3/m,176,20
K3Ga2(BO2)6_id2776_Final_E-5.52.cif,K3Ga2(BO2)6,-5.5192,3.436,Wide-Gap Power/LED,LIGHT,Semiconductor,P1,1,46
LiSc3TeS3_id4932_Final_E-5.52.cif,LiSc3TeS3,-5.5179,0.173,IR / Narrow-Gap,LIGHT,Semiconductor,Pm-3m,221,8
Be2InPN4_id535_Final_E-5.52.cif,Be2InPN4,-5.5151,0.759,IR / Narrow-Gap,LIGHT,Semiconductor,P4bm,100,32
Li3SO6_id2006_Final_E-5.51.cif,Li3SO6,-5.5149,2.91,Wide-Gap Power/LED,LIGHT,Semiconductor,Pc,7,40
BaAsS2NO_id3692_Final_E-5.50.cif,BaAsS2NO,-5.4996,1.793,Solar / Visible,LIGHT,Semiconductor,P1,1,36
K2(GeO2)3_id676_Final_E-5.50.cif,K2(GeO2)3,-5.4961,1.46,Solar / Visible,LIGHT,Semiconductor,P1,1,33
P2O_id1773_Final_E-5.49.cif,P2O,-5.4868,0.422,IR / Narrow-Gap,LIGHT,Semiconductor,Aea2,41,12
NaAsO2_id4507_Final_E-5.48.cif,NaAsO2,-5.4847,2.271,Wide-Gap Power/LED,LIGHT,Semiconductor,I4_122,98,16
NaAsO2_id3307_Final_E-5.48.cif,NaAsO2,-5.4846,2.261,Wide-Gap Power/LED,LIGHT,Semiconductor,I4_122,98,16
BAs3PN_id2758_Final_E-5.47.cif,BAs3PN,-5.4693,0.623,IR / Narrow-Gap,LIGHT,Semiconductor,Pca2_1,29,24
K2Sr(NO2)3_id1995_Final_E-5.43.cif,K2Sr(NO2)3,-5.4328,2.488,Wide-Gap Power/LED,LIGHT,Semiconductor,C2/c,15,48
SrZn2(SbO3)2_id483_Final_E-5.42.cif,SrZn2(SbO3)2,-5.4202,0.765,IR / Narrow-Gap,LIGHT,Semiconductor,P6_3/mmc,194,22
Li(CdN2)2_id41_Final_E-5.42.cif,Li(CdN2)2,-5.4175,2.178,Solar / Visible,LIGHT,Semiconductor,P1,1,28
Mg7ZnNO6_id1121_Final_E-5.41.cif,Mg7ZnNO6,-5.4073,1.105,Solar / Visible,LIGHT,Semiconductor,P6_322,182,30
Zn2As2P2O5_id777_Final_E-5.40.cif,Zn2As2P2O5,-5.3979,1.086,Solar / Visible,LIGHT,Semiconductor,Pbcn,60,44
Ba2SeO10_id4390_Final_E-5.39.cif,Ba2SeO10,-5.3937,0.261,IR / Narrow-Gap,LIGHT,Semiconductor,P3_2,145,39
Na2Li2MgGa2(NO4)2_id949_Final_E-5.39.cif,Na2Li2MgGa2(NO4)2,-5.3937,3.325,Wide-Gap Power/LED,LIGHT,Semiconductor,P4_2,77,34
MgTi2Cd3O3_id3463_Final_E-5.39.cif,MgTi2Cd3O3,-5.3855,0.404,IR / Narrow-Gap,LIGHT,Semiconductor,P222_1,17,36
KSrLiSb2Te4(AsO6)2_id902_Final_E-5.38.cif,KSrLiSb2Te4(AsO6)2,-5.3842,1.432,Solar / Visible,LIGHT,Semiconductor,I222,23,46
Na4Ti(Si2O3)2_id1984_Final_E-5.38.cif,Na4Ti(Si2O3)2,-5.3798,0.717,IR / Narrow-Gap,LIGHT,Semiconductor,P-1,2,30
NaSn(N2O)2_id2056_Final_E-5.38.cif,NaSn(N2O)2,-5.3794,0.893,IR / Narrow-Gap,LIGHT,Semiconductor,I4_1/a,88,32
BaCdSb2O11_id585_Final_E-5.38.cif,BaCdSb2O11,-5.3756,0.287,IR / Narrow-Gap,LIGHT,Semiconductor,P3m1,156,15
PO10_id434_Final_E-5.37.cif,PO10,-5.3685,1.119,Solar / Visible,LIGHT,Semiconductor,Pcca,54,44
Ti2(GaO)3_id4412_Final_E-5.36.cif,Ti2(GaO)3,-5.3562,0.061,IR / Narrow-Gap,LIGHT,Semiconductor,Pn-3m,224,16
Li3CaO4_id2636_Final_E-5.35.cif,Li3CaO4,-5.3506,3.232,Wide-Gap Power/LED,LIGHT,Semiconductor,P1,1,32
SiS_id1321_Final_E-5.35.cif,SiS,-5.3485,1.132,Solar / Visible,LIGHT,Semiconductor,P6_522,179,12
Si3P_id4260_Final_E-5.34.cif,Si3P,-5.3369,1.445,Solar / Visible,LIGHT,Semiconductor,P2_1,4,16
BPSeO18_id4585_Final_E-5.34.cif,BPSeO18,-5.3367,3.202,Wide-Gap Power/LED,LIGHT,Semiconductor,P2_1,4,42
SrCaO8_id3713_Final_E-5.32.cif,SrCaO8,-5.3236,1.554,Solar / Visible,LIGHT,Semiconductor,P4/nbm,125,20
SrSnO8_id934_Final_E-5.32.cif,SrSnO8,-5.3219,2.787,Wide-Gap Power/LED,LIGHT,Semiconductor,P4/nbm,125,20
GaTeO2_id1286_Final_E-5.32.cif,GaTeO2,-5.3182,1.8,Solar / Visible,LIGHT,Semiconductor,P1,1,8
SNO_id2112_Final_E-5.30.cif,SNO,-5.3029,2.407,Wide-Gap Power/LED,LIGHT,Semiconductor,P6_522,179,18
Mg2CdIn4GaO8_id2171_Final_E-5.30.cif,Mg2CdIn4GaO8,-5.3009,0.597,IR / Narrow-Gap,LIGHT,Semiconductor,Cc,9,32
SrAl3O16_id2569_Final_E-5.30.cif,SrAl3O16,-5.2973,1.422,Solar / Visible,LIGHT,Semiconductor,Im-3,204,40
Ba4Mg3GaO6_id1464_Final_E-5.29.cif,Ba4Mg3GaO6,-5.2897,0.23,IR / Narrow-Gap,LIGHT,Semiconductor,Im-3m,229,28
Ba5(AsO)6_id1943_Final_E-5.28.cif,Ba5(AsO)6,-5.279,2.283,Wide-Gap Power/LED,LIGHT,Semiconductor,P6/mmm,191,17
MgZnO2_id4207_Final_E-5.28.cif,MgZnO2,-5.2776,1.135,Solar / Visible,LIGHT,Semiconductor,I4_122,98,16
P_id2114_Final_E-5.26.cif,P,-5.2629,1.472,Solar / Visible,LIGHT,Semiconductor,P2_12_12_1,19,12
ZnSNO_id2920_Final_E-5.26.cif,ZnSNO,-5.2618,2.005,Solar / Visible,LIGHT,Semiconductor,Pca2_1,29,16
P_id4190_Final_E-5.26.cif,P,-5.2557,0.877,IR / Narrow-Gap,LIGHT,Semiconductor,I2_12_12_1,24,32
Na2Li3Mg2(SbO4)3_id4636_Final_E-5.25.cif,Na2Li3Mg2(SbO4)3,-5.2524,2.834,Wide-Gap Power/LED,LIGHT,Semiconductor,P31c,159,44
BaO3_id2802_Final_E-5.25.cif,BaO3,-5.2482,1.336,Solar / Visible,LIGHT,Semiconductor,P6_522,179,24
SO5_id1752_Final_E-5.25.cif,SO5,-5.2463,0.163,IR / Narrow-Gap,LIGHT,Semiconductor,P1,1,36
Si3S4_id3490_Final_E-5.24.cif,Si3S4,-5.2445,0.236,IR / Narrow-Gap,LIGHT,Semiconductor,Cc,9,28
BaLi2CaMg2Cd6(PN2)6_id619_Final_E-5.24.cif,BaLi2CaMg2Cd6(PN2)6,-5.2391,0.054,IR / Narrow-Gap,LIGHT,Semiconductor,P1,1,30
K2PN2_id4509_Final_E-5.23.cif,K2PN2,-5.2308,0.717,IR / Narrow-Gap,LIGHT,Semiconductor,Iba2,45,20
KTe(PO)2_id3370_Final_E-5.21.cif,KTe(PO)2,-5.2124,1.532,Solar / Visible,LIGHT,Semiconductor,P1,1,18
NaCa(BS)6_id2191_Final_E-5.21.cif,NaCa(BS)6,-5.2082,1.597,Solar / Visible,LIGHT,Semiconductor,R-3,148,42
TiIn2(S3N2)3_id1901_Final_E-5.20.cif,TiIn2(S3N2)3,-5.2018,1.891,Solar / Visible,LIGHT,Semiconductor,P6/mmm,191,18
Na2SbO5_id795_Final_E-5.20.cif,Na2SbO5,-5.2005,3.152,Wide-Gap Power/LED,LIGHT,Semiconductor,P1,1,16
AsO5_id3885_Final_E-5.20.cif,AsO5,-5.2,0.394,IR / Narrow-Gap,LIGHT,Semiconductor,P2_12_12_1,19,24
BaCa2SbO10_id930_Final_E-5.20.cif,BaCa2SbO10,-5.1974,2.991,Wide-Gap Power/LED,LIGHT,Semiconductor,P1,1,56
BaNaO2_id1541_Final_E-5.20.cif,BaNaO2,-5.1951,0.827,IR / Narrow-Gap,LIGHT,Semiconductor,Pca2_1,29,16
NaSrGa2As2O13_id419_Final_E-5.19.cif,NaSrGa2As2O13,-5.1905,2.865,Wide-Gap Power/LED,LIGHT,Semiconductor,Pba2,32,38
CdAsN2_id4675_Final_E-5.19.cif,CdAsN2,-5.1863,0.786,IR / Narrow-Gap,LIGHT,Semiconductor,I4_122,98,16
Ba2InO2_id4573_Final_E-5.18.cif,Ba2InO2,-5.1802,0.197,IR / Narrow-Gap,LIGHT,Semiconductor,Ibca,73,40
CaAlTeO4_id4111_Final_E-5.18.cif,CaAlTeO4,-5.1765,2.832,Wide-Gap Power/LED,LIGHT,Semiconductor,P4/mmm,123,28
Na4Zn2SnGeO8_id767_Final_E-5.16.cif,Na4Zn2SnGeO8,-5.1586,2.051,Solar / Visible,LIGHT,Semiconductor,I-42m,121,32
GaO3_id4288_Final_E-5.15.cif,GaO3,-5.1536,1.466,Solar / Visible,LIGHT,Semiconductor,Im-3m,229,8
Mg3O8_id1348_Final_E-5.15.cif,Mg3O8,-5.152,0.92,IR / Narrow-Gap,LIGHT,Semiconductor,Pc,7,22
Li5As4(PO7)2_id4763_Final_E-5.15.cif,Li5As4(PO7)2,-5.1472,0.141,IR / Narrow-Gap,LIGHT,Semiconductor,P1,1,50
Sn2O_id3962_Final_E-5.13.cif,Sn2O,-5.1348,0.598,IR / Narrow-Gap,LIGHT,Semiconductor,Immm,71,12
CaCdO4_id2030_Final_E-5.13.cif,CaCdO4,-5.134,0.069,IR / Narrow-Gap,LIGHT,Semiconductor,P-1,2,24
KAlGeB5As4(SO)4_id3592_Final_E-5.13.cif,KAlGeB5As4(SO)4,-5.1303,0.53,IR / Narrow-Gap,LIGHT,Semiconductor,P1,1,20
BaCd4(BO)4_id3606_Final_E-5.11.cif,BaCd4(BO)4,-5.1135,0.193,IR / Narrow-Gap,LIGHT,Semiconductor,P4_2/n,86,26
Mg2NO_id1703_Final_E-5.11.cif,Mg2NO,-5.1134,0.901,IR / Narrow-Gap,LIGHT,Semiconductor,P4_2/mcm,132,32
BaIn3N7_id2516_Final_E-5.11.cif,BaIn3N7,-5.1093,0.815,IR / Narrow-Gap,LIGHT,Semiconductor,Pm-3n,223,22
SrGe(CO)2_id4181_Final_E-5.10.cif,SrGe(CO)2,-5.1022,0.311,IR / Narrow-Gap,LIGHT,Semiconductor,Immm,71,12
Na2BSe4(SO3)2_id1623_Final_E-5.10.cif,Na2BSe4(SO3)2,-5.1022,2.289,Wide-Gap Power/LED,LIGHT,Semiconductor,Pcca,54,60
AlTeSeS3O4_id4115_Final_E-5.10.cif,AlTeSeS3O4,-5.1012,2.306,Wide-Gap Power/LED,LIGHT,Semiconductor,P-1,2,40
Si_id311_Final_E-5.10.cif,Si,-5.0977,0.943,IR / Narrow-Gap,LIGHT,Semiconductor,Ccce,68,20
Li3TiS3_id1230_Final_E-5.09.cif,Li3TiS3,-5.0934,1.922,Solar / Visible,LIGHT,Semiconductor,P1,1,42
AlZn5Ga2(S3O7)2_id2265_Final_E-5.09.cif,AlZn5Ga2(S3O7)2,-5.087,2.794,Wide-Gap Power/LED,LIGHT,Semiconductor,Pnn2,34,56
Sr(S3O2)2_id2540_Final_E-5.08.cif,Sr(S3O2)2,-5.0809,2.052,Solar / Visible,LIGHT,Semiconductor,P4_22_12,94,44
Mg3NO_id1016_Final_E-5.08.cif,Mg3NO,-5.0784,1.336,Solar / Visible,LIGHT,Semiconductor,R-3c,167,30
NaGeO4_id3882_Final_E-5.08.cif,NaGeO4,-5.0782,3.066,Wide-Gap Power/LED,LIGHT,Semiconductor,I4_122,98,24
Li10GaO10_id1278_Final_E-5.08.cif,Li10GaO10,-5.0781,3.406,Wide-Gap Power/LED,LIGHT,Semiconductor,P1,1,21
KSrO6_id2075_Final_E-5.06.cif,KSrO6,-5.0568,0.76,IR / Narrow-Gap,LIGHT,Semiconductor,P-31c,163,16
Ca3AsS3_id1384_Final_E-5.06.cif,Ca3AsS3,-5.0554,0.238,IR / Narrow-Gap,LIGHT,Semiconductor,P2_1,4,14
CaO4_id3224_Final_E-5.06.cif,CaO4,-5.055,1.167,Solar / Visible,LIGHT,Semiconductor,I4_1/a,88,20
KScO8_id2926_Final_E-5.05.cif,KScO8,-5.0549,3.339,Wide-Gap Power/LED,LIGHT,Semiconductor,Pmmm,47,20
BaO16_id2140_Final_E-5.05.cif,BaO16,-5.0528,1.111,Solar / Visible,LIGHT,Semiconductor,P-1,2,17
K3MgB2(NO)4_id2789_Final_E-5.05.cif,K3MgB2(NO)4,-5.0513,2.811,Wide-Gap Power/LED,LIGHT,Semiconductor,P1,1,28
LiScS7_id579_Final_E-5.05.cif,LiScS7,-5.051,1.925,Solar / Visible,LIGHT,Semiconductor,P2_1/c,14,36
LiZn(GaO3)2_id3560_Final_E-5.05.cif,LiZn(GaO3)2,-5.0506,1.974,Solar / Visible,LIGHT,Semiconductor,C222,21,20
Si_id3173_Final_E-5.04.cif,Si,-5.0357,1.039,Solar / Visible,LIGHT,Semiconductor,Ccce,68,20
ZnSiBAsP7S_id4523_Final_E-5.03.cif,ZnSiBAsP7S,-5.0321,1.141,Solar / Visible,LIGHT,Semiconductor,P1,1,24
SO13_id4934_Final_E-5.03.cif,SO13,-5.0299,0.9,IR / Narrow-Gap,LIGHT,Semiconductor,Pc,7,28
Li4CaO6_id508_Final_E-5.02.cif,Li4CaO6,-5.0214,2.447,Wide-Gap Power/LED,LIGHT,Semiconductor,Im-3m,229,22
Ba2Sr2In2TeAsP2Se2S8O7_id2419_Final_E-5.02.cif,Ba2Sr2In2TeAsP2Se2S8O7,-5.0163,0.99,IR / Narrow-Gap,LIGHT,Semiconductor,Pnn2,34,54
GaGeBAsSe2S2N2O_id2481_Final_E-5.01.cif,GaGeBAsSe2S2N2O,-5.0135,1.79,Solar / Visible,LIGHT,Semiconductor,P-1,2,44
KSn(SO2)4_id4134_Final_E-5.01.cif,KSn(SO2)4,-5.0083,0.319,IR / Narrow-Gap,LIGHT,Semiconductor,P4/nbm,125,28
BaO9_id4600_Final_E-5.00.cif,BaO9,-5.0015,0.88,IR / Narrow-Gap,LIGHT,Semiconductor,C2/c,15,40
BaO15_id2786_Final_E-5.00.cif,BaO15,-4.9977,2.392,Wide-Gap Power/LED,LIGHT,Semiconductor,P1,1,16
Na3Sr3O8_id4344_Final_E-5.00.cif,Na3Sr3O8,-4.9965,2.329,Wide-Gap Power/LED,LIGHT,Semiconductor,I-43d,220,56
SrSO6_id4159_Final_E-4.99.cif,SrSO6,-4.9922,2.399,Wide-Gap Power/LED,LIGHT,Semiconductor,P6_322,182,16
NaSnO8_id2869_Final_E-4.99.cif,NaSnO8,-4.992,0.519,IR / Narrow-Gap,LIGHT,Semiconductor,P-1,2,40
KLi2GaO4_id2245_Final_E-4.98.cif,KLi2GaO4,-4.9799,2.7,Wide-Gap Power/LED,LIGHT,Semiconductor,P2_1,4,32
Ca2GaS3_id3391_Final_E-4.97.cif,Ca2GaS3,-4.9672,2.221,Wide-Gap Power/LED,LIGHT,Semiconductor,P2_1/m,11,12
SrO12_id1010_Final_E-4.96.cif,SrO12,-4.9636,0.282,IR / Narrow-Gap,LIGHT,Semiconductor,P1,1,13
Be2Cd2O3_id4913_Final_E-4.96.cif,Be2Cd2O3,-4.9623,3.052,Wide-Gap Power/LED,LIGHT,Semiconductor,P4_2cm,101,14
B2NO_id3919_Final_E-4.94.cif,B2NO,-4.9448,2.789,Wide-Gap Power/LED,LIGHT,Semiconductor,Fm-3m,225,16
LiMgZnGeO17_id3987_Final_E-4.94.cif,LiMgZnGeO17,-4.9443,0.456,IR / Narrow-Gap,LIGHT,Semiconductor,Pc,7,42
Li5O8_id477_Final_E-4.94.cif,Li5O8,-4.9438,3.471,Wide-Gap Power/LED,LIGHT,Semiconductor,Ccce,68,52
KNa2Ca(AsO)4_id4910_Final_E-4.94.cif,KNa2Ca(AsO)4,-4.9436,1.267,Solar / Visible,LIGHT,Semiconductor,Cc,9,48
Cd2GaAsO17_id838_Final_E-4.94.cif,Cd2GaAsO17,-4.9395,2.045,Solar / Visible,LIGHT,Semiconductor,P2_1,4,42
KNaLi(TeO2)2_id1754_Final_E-4.94.cif,KNaLi(TeO2)2,-4.936,2.096,Solar / Visible,LIGHT,Semiconductor,I222,23,18
Li2AlAs3SO3_id2861_Final_E-4.93.cif,Li2AlAs3SO3,-4.9313,0.722,IR / Narrow-Gap,LIGHT,Semiconductor,P1,1,20
Na(CO2)3_id2546_Final_E-4.93.cif,Na(CO2)3,-4.9255,2.423,Wide-Gap Power/LED,LIGHT,Semiconductor,R-3c,167,60
SrS2_id3821_Final_E-4.92.cif,SrS2,-4.9211,1.083,Solar / Visible,LIGHT,Semiconductor,P1,1,6
Li4GeB7_id292_Final_E-4.92.cif,Li4GeB7,-4.9205,1.442,Solar / Visible,LIGHT,Semiconductor,P1,1,24
BeS3O_id2835_Final_E-4.91.cif,BeS3O,-4.9119,1.574,Solar / Visible,LIGHT,Semiconductor,Pna2_1,33,20
CaZn4O6_id1355_Final_E-4.91.cif,CaZn4O6,-4.9111,1.046,Solar / Visible,LIGHT,Semiconductor,P1,1,22
KBa(GaO24)2_id4090_Final_E-4.91.cif,KBa(GaO24)2,-4.9088,0.838,IR / Narrow-Gap,LIGHT,Semiconductor,P-3,147,52
O2_id1236_Final_E-4.91.cif,O2,-4.9067,2.247,Wide-Gap Power/LED,LIGHT,Semiconductor,Pbca,61,16
K3NaScO18_id2189_Final_E-4.91.cif,K3NaScO18,-4.9066,3.187,Wide-Gap Power/LED,LIGHT,Semiconductor,P1,1,46
MgSO_id1452_Final_E-4.91.cif,MgSO,-4.905,2.391,Wide-Gap Power/LED,LIGHT,Semiconductor,P4_2/ncm,138,12
Te2O15_id3188_Final_E-4.90.cif,Te2O15,-4.9035,0.226,IR / Narrow-Gap,LIGHT,Semiconductor,Pba2,32,34
Si4Sb_id1132_Final_E-4.90.cif,Si4Sb,-4.9023,0.789,IR / Narrow-Gap,LIGHT,Semiconductor,P3_121,152,15
LiP5_id3214_Final_E-4.90.cif,LiP5,-4.9015,0.556,IR / Narrow-Gap,LIGHT,Semiconductor,C2,5,24
LiO8_id879_Final_E-4.90.cif,LiO8,-4.9013,0.111,IR / Narrow-Gap,LIGHT,Semiconductor,Ccce,68,36
Si2As4PS_id1334_Final_E-4.90.cif,Si2As4PS,-4.9006,1.304,Solar / Visible,LIGHT,Semiconductor,P1,1,16
NaSnO8_id1941_Final_E-4.90.cif,NaSnO8,-4.9003,2.281,Wide-Gap Power/LED,LIGHT,Semiconductor,P4/nbm,125,20
O2_id3167_Final_E-4.90.cif,O2,-4.8999,0.959,IR / Narrow-Gap,LIGHT,Semiconductor,P1,1,24
P3S4_id4872_Final_E-4.89.cif,P3S4,-4.89,1.801,Solar / Visible,LIGHT,Semiconductor,Fm-3m,225,56
O2_id4334_Final_E-4.88.cif,O2,-4.8847,1.25,Solar / Visible,LIGHT,Semiconductor,Pc,7,24
Ca3As4N3_id2746_Final_E-4.88.cif,Ca3As4N3,-4.8816,1.185,Solar / Visible,LIGHT,Semiconductor,P6_3mc,186,20
Li6AsP(SO2)2_id2065_Final_E-4.88.cif,Li6AsP(SO2)2,-4.8797,1.584,Solar / Visible,LIGHT,Semiconductor,Pnn2,34,56
SrIn4(SnO2)2_id4237_Final_E-4.88.cif,SrIn4(SnO2)2,-4.8784,0.341,IR / Narrow-Gap,LIGHT,Semiconductor,Imm2,44,22
BaAl4O6_id1405_Final_E-4.88.cif,BaAl4O6,-4.8753,2.931,Wide-Gap Power/LED,LIGHT,Semiconductor,Im-3m,229,22
MgZn2SiO12_id4147_Final_E-4.87.cif,MgZn2SiO12,-4.8721,2.148,Solar / Visible,LIGHT,Semiconductor,I-42m,121,32
NaLiTe2AsO4_id452_Final_E-4.87.cif,NaLiTe2AsO4,-4.8712,1.531,Solar / Visible,LIGHT,Semiconductor,I222,23,18
MgSiP2_id827_Final_E-4.87.cif,MgSiP2,-4.8696,1.36,Solar / Visible,LIGHT,Semiconductor,I-42d,122,16
AsP2_id45_Final_E-4.87.cif,AsP2,-4.8691,1.295,Solar / Visible,LIGHT,Semiconductor,I4_1cd,110,48
LiBO19_id3536_Final_E-4.87.cif,LiBO19,-4.8652,1.229,Solar / Visible,LIGHT,Semiconductor,P2_1,4,42
Li4O5_id2268_Final_E-4.86.cif,Li4O5,-4.8645,1.089,Solar / Visible,LIGHT,Semiconductor,Pbcn,60,36
Na2Sn2Sb(SeO)4_id3562_Final_E-4.85.cif,Na2Sn2Sb(SeO)4,-4.8484,0.481,IR / Narrow-Gap,LIGHT,Semiconductor,Cm,8,52
GaSi10_id1222_Final_E-4.85.cif,GaSi10,-4.8473,1.031,Solar / Visible,LIGHT,Semiconductor,I2_12_12_1,24,44
SrLi4O11_id1740_Final_E-4.85.cif,SrLi4O11,-4.8462,2.484,Wide-Gap Power/LED,LIGHT,Semiconductor,Pc,7,32
MgO9_id917_Final_E-4.84.cif,MgO9,-4.8436,0.841,IR / Narrow-Gap,LIGHT,Semiconductor,Pba2,32,40
Sc2InTe6_id1313_Final_E-4.84.cif,Sc2InTe6,-4.8374,0.343,IR / Narrow-Gap,LIGHT,Semiconductor,P-31m,162,18
KNaAs2(SO)4_id2918_Final_E-4.83.cif,KNaAs2(SO)4,-4.8275,1.998,Solar / Visible,LIGHT,Semiconductor,I222,23,24
Ca2S9N_id2738_Final_E-4.83.cif,Ca2S9N,-4.8269,0.793,IR / Narrow-Gap,LIGHT,Semiconductor,P-1,2,24
Te3PN2_id4880_Final_E-4.83.cif,Te3PN2,-4.826,0.791,IR / Narrow-Gap,LIGHT,Semiconductor,C2/m,12,12
Al(AsP)3_id4618_Final_E-4.82.cif,Al(AsP)3,-4.8219,1.038,Solar / Visible,LIGHT,Semiconductor,P1,1,14
Ba2P(SeS)3_id2272_Final_E-4.81.cif,Ba2P(SeS)3,-4.8079,1.644,Solar / Visible,LIGHT,Semiconductor,P1,1,9
BP12_id2102_Final_E-4.81.cif,BP12,-4.8066,0.889,IR / Narrow-Gap,LIGHT,Semiconductor,I432,211,26
CaSe_id956_Final_E-4.80.cif,CaSe,-4.804,0.194,IR / Narrow-Gap,LIGHT,Semiconductor,Pm-3m,221,12
P2O15_id3743_Final_E-4.80.cif,P2O15,-4.8029,0.32,IR / Narrow-Gap,LIGHT,Semiconductor,Pba2,32,34
KNaCdInGaSeO5_id1892_Final_E-4.80.cif,KNaCdInGaSeO5,-4.8001,1.41,Solar / Visible,LIGHT,Semiconductor,P2_1,4,22
GaO6_id2804_Final_E-4.80.cif,GaO6,-4.7983,0.077,IR / Narrow-Gap,LIGHT,Semiconductor,P6_3/m,176,14
K2SO2_id360_Final_E-4.79.cif,K2SO2,-4.7918,2.925,Wide-Gap Power/LED,LIGHT,Semiconductor,P-1,2,20
KSnO14_id1007_Final_E-4.79.cif,KSnO14,-4.7909,2.402,Wide-Gap Power/LED,LIGHT,Semiconductor,P1,1,16
LiO2_id2451_Final_E-4.79.cif,LiO2,-4.7871,0.672,IR / Narrow-Gap,LIGHT,Semiconductor,P4_12_12,92,24
SeO_id2792_Final_E-4.78.cif,SeO,-4.7836,1.151,Solar / Visible,LIGHT,Semiconductor,P4_12_12,92,16
Na4Li2Zn(SbO6)2_id2993_Final_E-4.78.cif,Na4Li2Zn(SbO6)2,-4.7799,0.821,IR / Narrow-Gap,LIGHT,Semiconductor,C2,5,42
SnSe(SO)2_id1894_Final_E-4.78.cif,SnSe(SO)2,-4.779,0.51,IR / Narrow-Gap,LIGHT,Semiconductor,P1,1,18
Li2MgZn4GaO8_id3198_Final_E-4.77.cif,Li2MgZn4GaO8,-4.7726,2.286,Wide-Gap Power/LED,LIGHT,Semiconductor,C2,5,32
LiO4_id783_Final_E-4.77.cif,LiO4,-4.7708,3.17,Wide-Gap Power/LED,LIGHT,Semiconductor,Ccce,68,20
SrCaSe2_id275_Final_E-4.76.cif,SrCaSe2,-4.7611,0.254,IR / Narrow-Gap,LIGHT,Semiconductor,R-3m,166,12
O2_id102_Final_E-4.75.cif,O2,-4.7522,1.398,Solar / Visible,LIGHT,Semiconductor,Pba2,32,22
Ga2Sb(SeO)6_id4130_Final_E-4.75.cif,Ga2Sb(SeO)6,-4.7491,2.034,Solar / Visible,LIGHT,Semiconductor,P1,1,45
K2Na7Ga2TeO28_id2708_Final_E-4.75.cif,K2Na7Ga2TeO28,-4.7469,2.252,Wide-Gap Power/LED,LIGHT,Semiconductor,P1,1,40
BaSr(SeO15)2_id423_Final_E-4.75.cif,BaSr(SeO15)2,-4.7468,1.858,Solar / Visible,LIGHT,Semiconductor,P-3,147,34
KIn4O8_id2336_Final_E-4.74.cif,KIn4O8,-4.7404,2.179,Solar / Visible,LIGHT,Semiconductor,P2/c,13,26
BP12_id1052_Final_E-4.74.cif,BP12,-4.7396,0.454,IR / Narrow-Gap,LIGHT,Semiconductor,I432,211,26
K(SeO12)2_id1127_Final_E-4.74.cif,K(SeO12)2,-4.7382,0.056,IR / Narrow-Gap,LIGHT,Semiconductor,P-1,2,27
SrC2O_id3023_Final_E-4.74.cif,SrC2O,-4.737,0.696,IR / Narrow-Gap,LIGHT,Semiconductor,I4/mmm,139,8
LiZnGaP2(SeO)2_id1742_Final_E-4.74.cif,LiZnGaP2(SeO)2,-4.7368,1.382,Solar / Visible,LIGHT,Semiconductor,P3_221,154,27
KLiIn4O4_id3270_Final_E-4.73.cif,KLiIn4O4,-4.7315,0.766,IR / Narrow-Gap,LIGHT,Semiconductor,P1,1,20
BaCaGa2(SO27)2_id4645_Final_E-4.73.cif,BaCaGa2(SO27)2,-4.7255,3.019,Wide-Gap Power/LED,LIGHT,Semiconductor,P-3,147,60
Ca3Se4N3_id2713_Final_E-4.72.cif,Ca3Se4N3,-4.7247,0.248,IR / Narrow-Gap,LIGHT,Semiconductor,I-43d,220,40
SbAs2PS4_id1971_Final_E-4.72.cif,SbAs2PS4,-4.7175,1.56,Solar / Visible,LIGHT,Semiconductor,P1,1,8
KS3O2_id1186_Final_E-4.72.cif,KS3O2,-4.7159,2.005,Solar / Visible,LIGHT,Semiconductor,Cmmm,65,12
NaTeSO2_id4559_Final_E-4.72.cif,NaTeSO2,-4.7157,2.592,Wide-Gap Power/LED,LIGHT,Semiconductor,Aea2,41,40
K2ScCd6O12_id716_Final_E-4.71.cif,K2ScCd6O12,-4.7087,0.143,IR / Narrow-Gap,LIGHT,Semiconductor,P-3c1,165,42
Ba(AsS2)2_id1311_Final_E-4.71.cif,Ba(AsS2)2,-4.7081,1.59,Solar / Visible,LIGHT,Semiconductor,C2,5,28
O2_id1911_Final_E-4.71.cif,O2,-4.7078,0.962,IR / Narrow-Gap,LIGHT,Semiconductor,Pba2,32,18
GeP_id3032_Final_E-4.70.cif,GeP,-4.7049,1.067,Solar / Visible,LIGHT,Semiconductor,P4_32_12,96,8
BP24_id386_Final_E-4.70.cif,BP24,-4.7033,0.941,IR / Narrow-Gap,LIGHT,Semiconductor,I432,211,50
O2_id1126_Final_E-4.70.cif,O2,-4.7027,2.558,Wide-Gap Power/LED,LIGHT,Semiconductor,Pba2,32,30
MgO13_id2643_Final_E-4.70.cif,MgO13,-4.7024,0.704,IR / Narrow-Gap,LIGHT,Semiconductor,P2_1,4,28
O2_id1086_Final_E-4.70.cif,O2,-4.7022,1.138,Solar / Visible,LIGHT,Semiconductor,C2,5,28
CaSeS_id3465_Final_E-4.70.cif,CaSeS,-4.7006,1.956,Solar / Visible,LIGHT,Semiconductor,Pbca,61,24
CaSeO_id2019_Final_E-4.70.cif,CaSeO,-4.699,2.276,Wide-Gap Power/LED,LIGHT,Semiconductor,P4_2/mmc,131,12
SiAsSe3N_id2048_Final_E-4.70.cif,SiAsSe3N,-4.6987,1.574,Solar / Visible,LIGHT,Semiconductor,P2_1/m,11,12
K2TeO4_id3941_Final_E-4.69.cif,K2TeO4,-4.6929,1.396,Solar / Visible,LIGHT,Semiconductor,P2/c,13,28
K2TiIn(SeS5)2_id478_Final_E-4.69.cif,K2TiIn(SeS5)2,-4.6881,0.809,IR / Narrow-Gap,LIGHT,Semiconductor,P1,1,16
GeS2_id1226_Final_E-4.67.cif,GeS2,-4.6667,1.701,Solar / Visible,LIGHT,Semiconductor,I4_1/amd,141,12
ScTe4_id4639_Final_E-4.65.cif,ScTe4,-4.6526,0.941,IR / Narrow-Gap,LIGHT,Semiconductor,P3_112,151,15
K2BaZn2CdO20_id1886_Final_E-4.65.cif,K2BaZn2CdO20,-4.6521,0.208,IR / Narrow-Gap,LIGHT,Semiconductor,P1,1,26
MgAl3(SeS2)2_id2159_Final_E-4.65.cif,MgAl3(SeS2)2,-4.647,1.369,Solar / Visible,LIGHT,Semiconductor,P1,1,20
KSrCdO9_id242_Final_E-4.64.cif,KSrCdO9,-4.6413,1.338,Solar / Visible,LIGHT,Semiconductor,P1,1,24
Se3N2_id3045_Final_E-4.64.cif,Se3N2,-4.6407,3.168,Wide-Gap Power/LED,LIGHT,Semiconductor,R-3m,166,15
B2Sb3P2_id3904_Final_E-4.64.cif,B2Sb3P2,-4.6383,0.073,IR / Narrow-Gap,LIGHT,Semiconductor,P4_12_12,92,28
K6MgTiAsO12_id4210_Final_E-4.64.cif,K6MgTiAsO12,-4.6376,1.023,Solar / Visible,LIGHT,Semiconductor,P6_322,182,42
SnAs5P2Se_id2785_Final_E-4.63.cif,SnAs5P2Se,-4.6343,0.493,IR / Narrow-Gap,LIGHT,Semiconductor,Pm,6,9
Na4Li4GeO20_id3171_Final_E-4.62.cif,Na4Li4GeO20,-4.6209,3.487,Wide-Gap Power/LED,LIGHT,Semiconductor,P2,3,29
K4BeAl(AsO)4_id2763_Final_E-4.60.cif,K4BeAl(AsO)4,-4.6047,1.361,Solar / Visible,LIGHT,Semiconductor,C2/c,15,28
CaGeS6_id4295_Final_E-4.60.cif,CaGeS6,-4.6024,1.947,Solar / Visible,LIGHT,Semiconductor,P-31c,163,16
BaGe(AsO)2_id778_Final_E-4.59.cif,BaGe(AsO)2,-4.5927,0.819,IR / Narrow-Gap,LIGHT,Semiconductor,Immm,71,12
Sr2SeN_id355_Final_E-4.59.cif,Sr2SeN,-4.5904,1.459,Solar / Visible,LIGHT,Semiconductor,P6_3/mmc,194,8
KSbO20_id4488_Final_E-4.59.cif,KSbO20,-4.59,1.84,Solar / Visible,LIGHT,Semiconductor,P1,1,22
ZnO3_id4725_Final_E-4.59.cif,ZnO3,-4.59,0.371,IR / Narrow-Gap,LIGHT,Semiconductor,P-42_1m,113,16
TeO_id3565_Final_E-4.58.cif,TeO,-4.5838,0.878,IR / Narrow-Gap,LIGHT,Semiconductor,P6/mmm,191,12
AsS2_id149_Final_E-4.58.cif,AsS2,-4.579,1.565,Solar / Visible,LIGHT,Semiconductor,I-42d,122,12
BaNa4(SnO)4_id1083_Final_E-4.57.cif,BaNa4(SnO)4,-4.5657,1.185,Solar / Visible,LIGHT,Semiconductor,P2/c,13,26
BeZnSn2As2(SeO)2_id681_Final_E-4.56.cif,BeZnSn2As2(SeO)2,-4.5619,0.125,IR / Narrow-Gap,LIGHT,Semiconductor,P2_1,4,20
Ga2Si6P_id1513_Final_E-4.56.cif,Ga2Si6P,-4.5609,0.343,IR / Narrow-Gap,LIGHT,Semiconductor,Pnn2,34,18
Mg4Te4S5O4_id2563_Final_E-4.56.cif,Mg4Te4S5O4,-4.559,1.485,Solar / Visible,LIGHT,Semiconductor,P-42_1c,114,34
KO20_id497_Final_E-4.55.cif,KO20,-4.5498,2.417,Wide-Gap Power/LED,LIGHT,Semiconductor,Pc,7,42
Ba2Be2SeS6_id643_Final_E-4.55.cif,Ba2Be2SeS6,-4.5497,0.094,IR / Narrow-Gap,LIGHT,Semiconductor,P2/m,10,11
KC3N4O3_id2671_Final_E-4.55.cif,KC3N4O3,-4.5479,0.906,IR / Narrow-Gap,LIGHT,Semiconductor,Pm-3n,223,22
LiCaS6_id1317_Final_E-4.55.cif,LiCaS6,-4.5464,1.659,Solar / Visible,LIGHT,Semiconductor,P1,1,32
BePSe_id1377_Final_E-4.55.cif,BePSe,-4.5454,1.844,Solar / Visible,LIGHT,Semiconductor,Pc,7,12
LiSbO_id4801_Final_E-4.54.cif,LiSbO,-4.5435,0.441,IR / Narrow-Gap,LIGHT,Semiconductor,P2_12_12,18,12
BeGaSi3SnGeS14_id406_Final_E-4.54.cif,BeGaSi3SnGeS14,-4.5423,1.125,Solar / Visible,LIGHT,Semiconductor,Pc,7,42
NaO5_id2435_Final_E-4.54.cif,NaO5,-4.5422,2.622,Wide-Gap Power/LED,LIGHT,Semiconductor,I4_1/a,88,24
As2P_id2906_Final_E-4.54.cif,As2P,-4.5406,1.346,Solar / Visible,LIGHT,Semiconductor,Cmmm,65,6
LiSeO_id4072_Final_E-4.53.cif,LiSeO,-4.5269,2.175,Solar / Visible,LIGHT,Semiconductor,P4_2/ncm,138,12
KNa2SnSb(SO)4_id3286_Final_E-4.53.cif,KNa2SnSb(SO)4,-4.526,1.16,Solar / Visible,LIGHT,Semiconductor,I222,23,26
Sn5S6_id2617_Final_E-4.52.cif,Sn5S6,-4.5247,0.931,IR / Narrow-Gap,LIGHT,Semiconductor,P-1,2,22
Na4MgSiSnO4_id2445_Final_E-4.52.cif,Na4MgSiSnO4,-4.5247,2.017,Solar / Visible,LIGHT,Semiconductor,I222,23,22
ScS15_id1180_Final_E-4.52.cif,ScS15,-4.5199,1.967,Solar / Visible,LIGHT,Semiconductor,P2_1,4,32
PSe2_id64_Final_E-4.52.cif,PSe2,-4.5167,0.91,IR / Narrow-Gap,LIGHT,Semiconductor,P2/c,13,12
BaLiSe4(S4O)2_id2371_Final_E-4.51.cif,BaLiSe4(S4O)2,-4.513,1.465,Solar / Visible,LIGHT,Semiconductor,P-1,2,32
As3SeS4_id2955_Final_E-4.51.cif,As3SeS4,-4.509,1.257,Solar / Visible,LIGHT,Semiconductor,P1,1,16
BaCd2O9_id3779_Final_E-4.50.cif,BaCd2O9,-4.4992,1.648,Solar / Visible,LIGHT,Semiconductor,I-42d,122,48
NaCdO6_id2379_Final_E-4.50.cif,NaCdO6,-4.4981,1.644,Solar / Visible,LIGHT,Semiconductor,P6_322,182,16
SbS3_id514_Final_E-4.50.cif,SbS3,-4.4978,1.758,Solar / Visible,LIGHT,Semiconductor,P-1,2,8
InS3O_id3415_Final_E-4.50.cif,InS3O,-4.4965,1.701,Solar / Visible,LIGHT,Semiconductor,Cm,8,10
CaBeSiAs_id654_Final_E-4.49.cif,CaBeSiAs,-4.4936,1.004,Solar / Visible,LIGHT,Semiconductor,Pmmn,59,8
Li4Sn2Sb2O3_id2027_Final_E-4.49.cif,Li4Sn2Sb2O3,-4.493,0.55,IR / Narrow-Gap,LIGHT,Semiconductor,P2_1/c,14,44
Mg2Zn2CdIn2Ga2(SN3)2_id3872_Final_E-4.49.cif,Mg2Zn2CdIn2Ga2(SN3)2,-4.4926,0.144,IR / Narrow-Gap,LIGHT,Semiconductor,P3_121,152,51
AsS8N_id3209_Final_E-4.49.cif,AsS8N,-4.4916,1.62,Solar / Visible,LIGHT,Semiconductor,P2/c,13,20
As_id1598_Final_E-4.49.cif,As,-4.4861,0.411,IR / Narrow-Gap,LIGHT,Semiconductor,Pccm,49,10
CaIn4GaS8_id2340_Final_E-4.48.cif,CaIn4GaS8,-4.4849,1.613,Solar / Visible,LIGHT,Semiconductor,P1,1,28
Sn(BS5)2_id3526_Final_E-4.48.cif,Sn(BS5)2,-4.4815,1.201,Solar / Visible,LIGHT,Semiconductor,C2/c,15,52
MgAlPS_id3826_Final_E-4.48.cif,MgAlPS,-4.478,0.721,IR / Narrow-Gap,LIGHT,Semiconductor,P1,1,24
MgS_id1153_Final_E-4.48.cif,MgS,-4.4762,2.497,Wide-Gap Power/LED,LIGHT,Semiconductor,Aea2,41,16
Na5Cd(PO)4_id1727_Final_E-4.46.cif,Na5Cd(PO)4,-4.4647,1.621,Solar / Visible,LIGHT,Semiconductor,P-1,2,56
LiSiSnGeAsP2(Se3S4)2_id4717_Final_E-4.45.cif,LiSiSnGeAsP2(Se3S4)2,-4.4528,1.226,Solar / Visible,LIGHT,Semiconductor,P2_1,4,42
SbPSeS6_id1630_Final_E-4.45.cif,SbPSeS6,-4.4526,0.839,IR / Narrow-Gap,LIGHT,Semiconductor,P1,1,9
SrO4_id1399_Final_E-4.44.cif,SrO4,-4.4443,2.899,Wide-Gap Power/LED,LIGHT,Semiconductor,Im-3m,229,10
GeSeS2_id3373_Final_E-4.44.cif,GeSeS2,-4.4405,0.616,IR / Narrow-Gap,LIGHT,Semiconductor,P1,1,16
PSe_id1206_Final_E-4.44.cif,PSe,-4.4401,1.545,Solar / Visible,LIGHT,Semiconductor,P6_522,179,12
SiAs2PSeS16_id786_Final_E-4.44.cif,SiAs2PSeS16,-4.4377,1.127,Solar / Visible,LIGHT,Semiconductor,P2_1,4,42
KNaCdSbAs2PSNO_id3789_Final_E-4.44.cif,KNaCdSbAs2PSNO,-4.4372,1.06,Solar / Visible,LIGHT,Semiconductor,Cc,9,40
As_id1788_Final_E-4.43.cif,As,-4.4307,0.835,IR / Narrow-Gap,LIGHT,Semiconductor,Ia-3,206,56
GeAs6Se_id1064_Final_E-4.43.cif,GeAs6Se,-4.4288,0.647,IR / Narrow-Gap,LIGHT,Semiconductor,P1,1,32
KLiO2_id4541_Final_E-4.43.cif,KLiO2,-4.4259,0.937,IR / Narrow-Gap,LIGHT,Semiconductor,I4_122,98,16
SrLiP2(SeS)4_id4336_Final_E-4.42.cif,SrLiP2(SeS)4,-4.4212,0.541,IR / Narrow-Gap,LIGHT,Semiconductor,I-42d,122,48
LiCdO6_id4942_Final_E-4.42.cif,LiCdO6,-4.4191,0.678,IR / Narrow-Gap,LIGHT,Semiconductor,P1,1,16
KLi(SnS2)2_id1455_Final_E-4.42.cif,KLi(SnS2)2,-4.4175,0.062,IR / Narrow-Gap,LIGHT,Semiconductor,I2_12_12_1,24,32
GeAs7Se4_id2499_Final_E-4.42.cif,GeAs7Se4,-4.4174,0.964,IR / Narrow-Gap,LIGHT,Semiconductor,P1,1,48
O2_id4011_Final_E-4.41.cif,O2,-4.4122,1.511,Solar / Visible,LIGHT,Semiconductor,Pba2,32,22
O2_id3917_Final_E-4.41.cif,O2,-4.411,1.745,Solar / Visible,LIGHT,Semiconductor,Pc,7,42
Ba2As2PSe5_id1854_Final_E-4.41.cif,Ba2As2PSe5,-4.411,1.277,Solar / Visible,LIGHT,Semiconductor,P-1,2,20
LiAl2Si(TeS)2_id3041_Final_E-4.41.cif,LiAl2Si(TeS)2,-4.4105,1.386,Solar / Visible,LIGHT,Semiconductor,Pcca,54,32
KO4_id172_Final_E-4.41.cif,KO4,-4.4071,2.202,Wide-Gap Power/LED,LIGHT,Semiconductor,P4nc,104,40
Zn2Cd(GaO2)2_id2312_Final_E-4.40.cif,Zn2Cd(GaO2)2,-4.4034,0.731,IR / Narrow-Gap,LIGHT,Semiconductor,P4_2/m,84,18
LiSi2As_id3798_Final_E-4.40.cif,LiSi2As,-4.3986,1.082,Solar / Visible,LIGHT,Semiconductor,P4_32_12,96,16
In3P5S19_id4847_Final_E-4.39.cif,In3P5S19,-4.3944,1.295,Solar / Visible,LIGHT,Semiconductor,P1,1,27
Li3Ca2Sn2(GeO)2_id3186_Final_E-4.39.cif,Li3Ca2Sn2(GeO)2,-4.3919,0.1,IR / Narrow-Gap,LIGHT,Semiconductor,P-1,2,44
PS9_id3430_Final_E-4.39.cif,PS9,-4.3918,0.481,IR / Narrow-Gap,LIGHT,Semiconductor,Pcc2,27,40
KCdO6_id3208_Final_E-4.39.cif,KCdO6,-4.3864,2.011,Solar / Visible,LIGHT,Semiconductor,P1,1,16
KGaPS2_id3589_Final_E-4.38.cif,KGaPS2,-4.384,2.317,Wide-Gap Power/LED,LIGHT,Semiconductor,P1,1,15
Na3Li3S4O3_id3375_Final_E-4.38.cif,Na3Li3S4O3,-4.3839,2.156,Solar / Visible,LIGHT,Semiconductor,P-1,2,26
CSe5S2_id2454_Final_E-4.38.cif,CSe5S2,-4.3771,0.958,IR / Narrow-Gap,LIGHT,Semiconductor,P-1,2,16
Sb3S2_id2690_Final_E-4.37.cif,Sb3S2,-4.3741,0.376,IR / Narrow-Gap,LIGHT,Semiconductor,P1,1,10
CaZnO2_id329_Final_E-4.37.cif,CaZnO2,-4.3733,2.818,Wide-Gap Power/LED,LIGHT,Semiconductor,I4/mcm,140,16
NaLi2AlGeP2O_id4719_Final_E-4.37.cif,NaLi2AlGeP2O,-4.3707,1.442,Solar / Visible,LIGHT,Semiconductor,P4_322,95,32
NaZnO2_id1290_Final_E-4.37.cif,NaZnO2,-4.3696,0.34,IR / Narrow-Gap,LIGHT,Semiconductor,P1,1,16
AlSe_id4734_Final_E-4.37.cif,AlSe,-4.3691,1.858,Solar / Visible,LIGHT,Semiconductor,Pca2_1,29,8
BeAs_id1897_Final_E-4.37.cif,BeAs,-4.3661,1.332,Solar / Visible,LIGHT,Semiconductor,C222_1,20,16
SbAsS18O_id2721_Final_E-4.36.cif,SbAsS18O,-4.3592,0.455,IR / Narrow-Gap,LIGHT,Semiconductor,P1,1,21
Li2Zn2Sb2O3_id2390_Final_E-4.36.cif,Li2Zn2Sb2O3,-4.3561,0.855,IR / Narrow-Gap,LIGHT,Semiconductor,P2_1/c,14,36
KLi2(TeO)4_id412_Final_E-4.36.cif,KLi2(TeO)4,-4.356,0.946,IR / Narrow-Gap,LIGHT,Semiconductor,C2,5,22
Ca2Sn3(Te2S)2_id3587_Final_E-4.36.cif,Ca2Sn3(Te2S)2,-4.3555,0.98,IR / Narrow-Gap,LIGHT,Semiconductor,P1,1,22
As2PS8_id2071_Final_E-4.35.cif,As2PS8,-4.3548,1.604,Solar / Visible,LIGHT,Semiconductor,Pmn2_1,31,22
Li4BP10(NO)4_id4404_Final_E-4.35.cif,Li4BP10(NO)4,-4.3505,0.796,IR / Narrow-Gap,LIGHT,Semiconductor,P1,1,46
O2_id2775_Final_E-4.35.cif,O2,-4.3496,0.26,IR / Narrow-Gap,LIGHT,Semiconductor,Pba2,32,22
Li4Mg3(S4N)2_id4309_Final_E-4.35.cif,Li4Mg3(S4N)2,-4.3464,2.085,Solar / Visible,LIGHT,Semiconductor,P2_1,4,34
O2_id2146_Final_E-4.34.cif,O2,-4.3439,1.114,Solar / Visible,LIGHT,Semiconductor,Pba2,32,28
Cd(SiSe2)2_id835_Final_E-4.33.cif,Cd(SiSe2)2,-4.3341,1.664,Solar / Visible,LIGHT,Semiconductor,P-42m,111,7
ZnSiGe(SeS2)2_id392_Final_E-4.33.cif,ZnSiGe(SeS2)2,-4.331,0.814,IR / Narrow-Gap,LIGHT,Semiconductor,P-42_1m,113,18
KSbS12_id1668_Final_E-4.33.cif,KSbS12,-4.3304,0.706,IR / Narrow-Gap,LIGHT,Semiconductor,C2/c,15,56
TeAs3PSe_id4744_Final_E-4.32.cif,TeAs3PSe,-4.3226,0.924,IR / Narrow-Gap,LIGHT,Semiconductor,Pca2_1,29,24
CdN_id433_Final_E-4.32.cif,CdN,-4.3169,1.386,Solar / Visible,LIGHT,Semiconductor,P2/m,10,8
Sb(AsSe)2_id2914_Final_E-4.31.cif,Sb(AsSe)2,-4.3137,0.78,IR / Narrow-Gap,LIGHT,Semiconductor,Pcca,54,20
KNa2Se3(SO)3_id4409_Final_E-4.31.cif,KNa2Se3(SO)3,-4.3063,1.144,Solar / Visible,LIGHT,Semiconductor,P1,1,12
KBe2BAs2_id1119_Final_E-4.30.cif,KBe2BAs2,-4.3022,0.667,IR / Narrow-Gap,LIGHT,Semiconductor,P1,1,18
LiMg(InS2)2_id2685_Final_E-4.30.cif,LiMg(InS2)2,-4.2994,1.984,Solar / Visible,LIGHT,Semiconductor,I-42m,121,16
LiMgS4_id1655_Final_E-4.29.cif,LiMgS4,-4.2917,2.496,Wide-Gap Power/LED,LIGHT,Semiconductor,P-1,2,48
GeS6_id2263_Final_E-4.29.cif,GeS6,-4.29,0.666,IR / Narrow-Gap,LIGHT,Semiconductor,Fdd2,43,28
KMg(GaS2)2_id3845_Final_E-4.28.cif,KMg(GaS2)2,-4.2825,2.356,Wide-Gap Power/LED,LIGHT,Semiconductor,Fdd2,43,32
SbAsS13_id3628_Final_E-4.28.cif,SbAsS13,-4.2772,1.041,Solar / Visible,LIGHT,Semiconductor,P1,1,15
KLi4Ga6AsPO8_id3658_Final_E-4.27.cif,KLi4Ga6AsPO8,-4.2667,1.713,Solar / Visible,LIGHT,Semiconductor,P1,1,42
GaSnAsSe2S_id2016_Final_E-4.26.cif,GaSnAsSe2S,-4.2554,1.154,Solar / Visible,LIGHT,Semiconductor,P1,1,12
SrTe_id349_Final_E-4.25.cif,SrTe,-4.2541,1.227,Solar / Visible,LIGHT,Semiconductor,P4/m,83,8
NaZnO2_id914_Final_E-4.25.cif,NaZnO2,-4.2518,1.268,Solar / Visible,LIGHT,Semiconductor,I4_122,98,16
Na2CdSe3(S4O)3_id4385_Final_E-4.25.cif,Na2CdSe3(S4O)3,-4.2512,1.757,Solar / Visible,LIGHT,Semiconductor,P31m,157,21
Sb2TeSeS3_id631_Final_E-4.25.cif,Sb2TeSeS3,-4.2464,1.293,Solar / Visible,LIGHT,Semiconductor,P2_1/c,14,28
Li2As(PSe)2_id1942_Final_E-4.24.cif,Li2As(PSe)2,-4.2388,1.7,Solar / Visible,LIGHT,Semiconductor,P1,1,14
Li2AsP2_id3764_Final_E-4.23.cif,Li2AsP2,-4.2281,1.204,Solar / Visible,LIGHT,Semiconductor,Cc,9,20
MgS4_id614_Final_E-4.22.cif,MgS4,-4.2202,1.863,Solar / Visible,LIGHT,Semiconductor,P3_221,154,15
InS5_id875_Final_E-4.22.cif,InS5,-4.2188,2.014,Solar / Visible,LIGHT,Semiconductor,Aea2,41,24
Li10Ga(PO2)2_id3508_Final_E-4.22.cif,Li10Ga(PO2)2,-4.2168,0.489,IR / Narrow-Gap,LIGHT,Semiconductor,P2/c,13,34
K2Te2AsP3S2_id2206_Final_E-4.21.cif,K2Te2AsP3S2,-4.2084,0.96,IR / Narrow-Gap,LIGHT,Semiconductor,Pcca,54,40
Sb(SeS)2_id1209_Final_E-4.21.cif,Sb(SeS)2,-4.206,0.547,IR / Narrow-Gap,LIGHT,Semiconductor,P-1,2,10
MgGeTeS2_id3129_Final_E-4.20.cif,MgGeTeS2,-4.1981,0.447,IR / Narrow-Gap,LIGHT,Semiconductor,Aea2,41,40
TeAs6Se_id2010_Final_E-4.20.cif,TeAs6Se,-4.1968,0.133,IR / Narrow-Gap,LIGHT,Semiconductor,P-1,2,16
LiSb5As3P_id4506_Final_E-4.19.cif,LiSb5As3P,-4.1943,0.551,IR / Narrow-Gap,LIGHT,Semiconductor,P2_1,4,20
KZn3O7_id2798_Final_E-4.19.cif,KZn3O7,-4.1911,1.897,Solar / Visible,LIGHT,Semiconductor,Pm-3n,223,22
BaLi2PO_id2166_Final_E-4.19.cif,BaLi2PO,-4.1903,2.498,Wide-Gap Power/LED,LIGHT,Semiconductor,P-1,2,20
AsSe2_id418_Final_E-4.19.cif,AsSe2,-4.1861,1.086,Solar / Visible,LIGHT,Semiconductor,P1,1,6
Ti12B_id4664_Final_E-4.18.cif,Ti12B,-4.182,2.468,Wide-Gap Power/LED,LIGHT,Semiconductor,I432,211,26
ZnN_id1045_Final_E-4.18.cif,ZnN,-4.1815,0.651,IR / Narrow-Gap,LIGHT,Semiconductor,Pbca,61,16
MgS8_id932_Final_E-4.18.cif,MgS8,-4.1767,1.372,Solar / Visible,LIGHT,Semiconductor,P-42_1m,113,18
SbTeAs3_id923_Final_E-4.18.cif,SbTeAs3,-4.1765,0.801,IR / Narrow-Gap,LIGHT,Semiconductor,Pnn2,34,10
LiMg3Se3O4_id1379_Final_E-4.17.cif,LiMg3Se3O4,-4.1697,1.235,Solar / Visible,LIGHT,Semiconductor,Pm-3n,223,22
Al2ZnSiSe4_id830_Final_E-4.17.cif,Al2ZnSiSe4,-4.1697,1.986,Solar / Visible,LIGHT,Semiconductor,I-42m,121,16
CaZn3C4O3_id4317_Final_E-4.17.cif,CaZn3C4O3,-4.1674,0.672,IR / Narrow-Gap,LIGHT,Semiconductor,Pm-3n,223,22
S_id2518_Final_E-4.16.cif,S,-4.1647,1.315,Solar / Visible,LIGHT,Semiconductor,Pbca,61,16
LiBP2Se14S3_id663_Final_E-4.16.cif,LiBP2Se14S3,-4.1645,1.209,Solar / Visible,LIGHT,Semiconductor,P1,1,21
AlCd2Ge(AsS)4_id4909_Final_E-4.16.cif,AlCd2Ge(AsS)4,-4.164,1.29,Solar / Visible,LIGHT,Semiconductor,P1,1,24
Li(MgP2)2_id541_Final_E-4.16.cif,Li(MgP2)2,-4.1613,0.509,IR / Narrow-Gap,LIGHT,Semiconductor,I4_1/a,88,28
Cd2(SO)3_id1761_Final_E-4.16.cif,Cd2(SO)3,-4.1612,1.218,Solar / Visible,LIGHT,Semiconductor,P6_3/mcm,193,16
GeSb2Se7_id2205_Final_E-4.16.cif,GeSb2Se7,-4.161,0.565,IR / Narrow-Gap,LIGHT,Semiconductor,P1,1,20
BAs12_id2172_Final_E-4.16.cif,BAs12,-4.157,0.793,IR / Narrow-Gap,LIGHT,Semiconductor,I432,211,26
BAs12_id2285_Final_E-4.16.cif,BAs12,-4.1565,0.921,IR / Narrow-Gap,LIGHT,Semiconductor,I432,211,26
S_id3890_Final_E-4.15.cif,S,-4.1543,2.257,Wide-Gap Power/LED,LIGHT,Semiconductor,Pccn,56,12
S_id454_Final_E-4.15.cif,S,-4.1538,1.421,Solar / Visible,LIGHT,Semiconductor,Pbca,61,16
LiInGeSe4_id1472_Final_E-4.15.cif,LiInGeSe4,-4.1535,1.254,Solar / Visible,LIGHT,Semiconductor,P-42m,111,7
Na4Li3TeO4_id4657_Final_E-4.15.cif,Na4Li3TeO4,-4.153,1.932,Solar / Visible,LIGHT,Semiconductor,P-1,2,24
K2NaS10_id4043_Final_E-4.15.cif,K2NaS10,-4.151,0.852,IR / Narrow-Gap,LIGHT,Semiconductor,P-1,2,26
S_id71_Final_E-4.15.cif,S,-4.1502,1.139,Solar / Visible,LIGHT,Semiconductor,Cc,9,12
S_id4176_Final_E-4.15.cif,S,-4.1485,0.972,IR / Narrow-Gap,LIGHT,Semiconductor,Pbca,61,24
Ga2SiS2_id1089_Final_E-4.15.cif,Ga2SiS2,-4.1472,1.399,Solar / Visible,LIGHT,Semiconductor,Pa-3,205,20
Li2AlInSe4_id2801_Final_E-4.15.cif,Li2AlInSe4,-4.1463,1.713,Solar / Visible,LIGHT,Semiconductor,I2_12_12_1,24,32
S_id4313_Final_E-4.14.cif,S,-4.1409,0.865,IR / Narrow-Gap,LIGHT,Semiconductor,Pc,7,20
Li2Zn3O8_id1738_Final_E-4.14.cif,Li2Zn3O8,-4.1401,1.887,Solar / Visible,LIGHT,Semiconductor,C2/c,15,52
KS7_id751_Final_E-4.13.cif,KS7,-4.1346,0.516,IR / Narrow-Gap,LIGHT,Semiconductor,R32,155,24
GeSe3_id97_Final_E-4.13.cif,GeSe3,-4.1331,0.946,IR / Narrow-Gap,LIGHT,Semiconductor,Pna2_1,33,16
CdO_id3739_Final_E-4.13.cif,CdO,-4.1329,0.33,IR / Narrow-Gap,LIGHT,Semiconductor,P1,1,16
NaGeS24_id3401_Final_E-4.13.cif,NaGeS24,-4.1315,1.066,Solar / Visible,LIGHT,Semiconductor,P4/n,85,52
SnSe3_id4123_Final_E-4.13.cif,SnSe3,-4.1292,0.776,IR / Narrow-Gap,LIGHT,Semiconductor,P1,1,16
KLi4SbAsS4_id1496_Final_E-4.13.cif,KLi4SbAsS4,-4.1271,2.116,Solar / Visible,LIGHT,Semiconductor,C2,5,22
S_id1029_Final_E-4.12.cif,S,-4.1239,2.668,Wide-Gap Power/LED,LIGHT,Semiconductor,Pm-3m,221,12
O2_id4162_Final_E-4.12.cif,O2,-4.123,1.023,Solar / Visible,LIGHT,Semiconductor,Pba2,32,28
Li4Ti4AsO2_id3081_Final_E-4.12.cif,Li4Ti4AsO2,-4.1228,1.503,Solar / Visible,LIGHT,Semiconductor,Cm,8,11
S_id586_Final_E-4.12.cif,S,-4.1212,1.613,Solar / Visible,LIGHT,Semiconductor,Pbca,61,16
O2_id2207_Final_E-4.12.cif,O2,-4.1195,1.073,Solar / Visible,LIGHT,Semiconductor,Pba2,32,26
S_id4042_Final_E-4.11.cif,S,-4.1143,1.25,Solar / Visible,LIGHT,Semiconductor,Pbca,61,32
S_id1821_Final_E-4.11.cif,S,-4.1141,1.208,Solar / Visible,LIGHT,Semiconductor,P6/mmm,191,12
S_id3059_Final_E-4.11.cif,S,-4.114,0.772,IR / Narrow-Gap,LIGHT,Semiconductor,Pc,7,42
K4Sn2GeO3_id1871_Final_E-4.11.cif,K4Sn2GeO3,-4.1128,1.234,Solar / Visible,LIGHT,Semiconductor,Cm,8,20
S_id1215_Final_E-4.11.cif,S,-4.1113,1.039,Solar / Visible,LIGHT,Semiconductor,P-1,2,24
S_id3646_Final_E-4.11.cif,S,-4.111,0.634,IR / Narrow-Gap,LIGHT,Semiconductor,P6_4,172,30
Na5O4_id4716_Final_E-4.11.cif,Na5O4,-4.1075,1.793,Solar / Visible,LIGHT,Semiconductor,P2_1/c,14,36
K2TiTe4_id157_Final_E-4.10.cif,K2TiTe4,-4.1039,0.34,IR / Narrow-Gap,LIGHT,Semiconductor,P4_2/mcm,132,14
LiAs3_id839_Final_E-4.10.cif,LiAs3,-4.1033,0.567,IR / Narrow-Gap,LIGHT,Semiconductor,P-4n2,118,8
CdGa2(SO)2_id4899_Final_E-4.10.cif,CdGa2(SO)2,-4.1022,0.926,IR / Narrow-Gap,LIGHT,Semiconductor,P1,1,28
Na2Si7Ge_id2629_Final_E-4.10.cif,Na2Si7Ge,-4.1018,0.558,IR / Narrow-Gap,LIGHT,Semiconductor,P1,1,10
S_id1676_Final_E-4.10.cif,S,-4.099,0.658,IR / Narrow-Gap,LIGHT,Semiconductor,Pbca,61,16
BeZn(SeO)2_id251_Final_E-4.10.cif,BeZn(SeO)2,-4.0963,2.08,Solar / Visible,LIGHT,Semiconductor,P3_221,154,18
BaSi2_id3363_Final_E-4.10.cif,BaSi2,-4.0962,0.301,IR / Narrow-Gap,LIGHT,Semiconductor,Ibam,72,24
AsS8_id3245_Final_E-4.09.cif,AsS8,-4.0862,1.457,Solar / Visible,LIGHT,Semiconductor,P1,1,36
K6SrGa6AsO6_id438_Final_E-4.09.cif,K6SrGa6AsO6,-4.0854,1.781,Solar / Visible,LIGHT,Semiconductor,R-3,148,60
GeSe4_id1157_Final_E-4.08.cif,GeSe4,-4.082,0.979,IR / Narrow-Gap,LIGHT,Semiconductor,P2_1,4,10
TeP2(Se2S)4_id2674_Final_E-4.08.cif,TeP2(Se2S)4,-4.081,1.237,Solar / Visible,LIGHT,Semiconductor,I2_12_12_1,24,60
KCdO4_id2148_Final_E-4.08.cif,KCdO4,-4.0802,2.531,Wide-Gap Power/LED,LIGHT,Semiconductor,P4/mmm,123,12
InS2_id2050_Final_E-4.08.cif,InS2,-4.0794,1.254,Solar / Visible,LIGHT,Semiconductor,Aea2,41,24
GeS4_id3257_Final_E-4.08.cif,GeS4,-4.0793,1.42,Solar / Visible,LIGHT,Semiconductor,Pn-3,201,30
Li4MgAl2Ga2(TeS)4_id3299_Final_E-4.08.cif,Li4MgAl2Ga2(TeS)4,-4.0766,1.11,Solar / Visible,LIGHT,Semiconductor,P222,16,17
K2NaSbS6_id4081_Final_E-4.07.cif,K2NaSbS6,-4.0683,0.372,IR / Narrow-Gap,LIGHT,Semiconductor,P1,1,30
Cd(GeSe2)2_id4422_Final_E-4.06.cif,Cd(GeSe2)2,-4.0643,0.961,IR / Narrow-Gap,LIGHT,Semiconductor,P-42m,111,7
Li3InS4_id1270_Final_E-4.06.cif,Li3InS4,-4.0642,1.477,Solar / Visible,LIGHT,Semiconductor,I-42d,122,32
Al(TeS3)2_id811_Final_E-4.06.cif,Al(TeS3)2,-4.0641,0.452,IR / Narrow-Gap,LIGHT,Semiconductor,P321,150,9
AsSe_id926_Final_E-4.06.cif,AsSe,-4.0639,1.194,Solar / Visible,LIGHT,Semiconductor,I-42d,122,16
S_id451_Final_E-4.06.cif,S,-4.0606,1.587,Solar / Visible,LIGHT,Semiconductor,Pbca,61,24
Ba(LiS)4_id3225_Final_E-4.06.cif,Ba(LiS)4,-4.0602,2.044,Solar / Visible,LIGHT,Semiconductor,I-4c2,120,36
LiSn2BSb4Te4As5SeS_id642_Final_E-4.06.cif,LiSn2BSb4Te4As5SeS,-4.0578,0.303,IR / Narrow-Gap,LIGHT,Semiconductor,P2_1,4,38
S_id3501_Final_E-4.06.cif,S,-4.056,0.286,IR / Narrow-Gap,LIGHT,Semiconductor,Pbca,61,16
K2InNO2_id4568_Final_E-4.06.cif,K2InNO2,-4.0555,2.121,Solar / Visible,LIGHT,Semiconductor,Pa-3,205,24
S_id2979_Final_E-4.05.cif,S,-4.0547,0.603,IR / Narrow-Gap,LIGHT,Semiconductor,Pbca,61,16
KSn(AsS)2_id944_Final_E-4.05.cif,KSn(AsS)2,-4.0502,1.374,Solar / Visible,LIGHT,Semiconductor,Pmmn,59,12
Na2LiCd5In4(SnO4)2_id4777_Final_E-4.05.cif,Na2LiCd5In4(SnO4)2,-4.0484,0.327,IR / Narrow-Gap,LIGHT,Semiconductor,P2_1,4,44
PS4_id1947_Final_E-4.05.cif,PS4,-4.046,2.661,Wide-Gap Power/LED,LIGHT,Semiconductor,R-3m,166,15
Ca3PSe2_id922_Final_E-4.04.cif,Ca3PSe2,-4.0383,0.936,IR / Narrow-Gap,LIGHT,Semiconductor,Pn-3m,224,12
S_id1593_Final_E-4.03.cif,S,-4.0336,1.607,Solar / Visible,LIGHT,Semiconductor,Pbca,61,8
SeS8_id146_Final_E-4.03.cif,SeS8,-4.0279,0.231,IR / Narrow-Gap,LIGHT,Semiconductor,P1,1,36
GeSbTeAsSe_id1688_Final_E-4.03.cif,GeSbTeAsSe,-4.0262,0.815,IR / Narrow-Gap,LIGHT,Semiconductor,Pmmm,47,5
LiTeAsS_id246_Final_E-4.02.cif,LiTeAsS,-4.0248,1.336,Solar / Visible,LIGHT,Semiconductor,P1,1,16
S_id3084_Final_E-4.02.cif,S,-4.0223,0.177,IR / Narrow-Gap,LIGHT,Semiconductor,Pbca,61,8
SrLiCaSn2Te4As_id703_Final_E-4.02.cif,SrLiCaSn2Te4As,-4.0158,1.398,Solar / Visible,LIGHT,Semiconductor,I222,23,20
CaIn3(Se2S)2_id4197_Final_E-4.01.cif,CaIn3(Se2S)2,-4.0142,1.01,Solar / Visible,LIGHT,Semiconductor,P1,1,40
S_id2913_Final_E-4.01.cif,S,-4.0124,0.41,IR / Narrow-Gap,LIGHT,Semiconductor,Pbca,61,16
Se2S19_id1246_Final_E-4.01.cif,Se2S19,-4.0102,1.143,Solar / Visible,LIGHT,Semiconductor,Pc,7,42
BaO12_id1873_Final_E-4.01.cif,BaO12,-4.0087,1.758,Solar / Visible,LIGHT,Semiconductor,Im-3,204,26
Na2Li4SbO2_id3024_Final_E-4.01.cif,Na2Li4SbO2,-4.005,1.952,Solar / Visible,LIGHT,Semiconductor,C2,5,18
TeS5_id3231_Final_E-4.00.cif,TeS5,-4.0049,1.12,Solar / Visible,LIGHT,Semiconductor,C2/m,12,12
CaTe_id3086_Final_E-3.99.cif,CaTe,-3.9916,1.385,Solar / Visible,LIGHT,Semiconductor,P3_221,154,6
KAs3O2_id4359_Final_E-3.99.cif,KAs3O2,-3.9893,0.158,IR / Narrow-Gap,LIGHT,Semiconductor,I4_1/amd,141,24
KAs3_id2567_Final_E-3.98.cif,KAs3,-3.9846,0.567,IR / Narrow-Gap,LIGHT,Semiconductor,Immm,71,8
KAs3_id4141_Final_E-3.98.cif,KAs3,-3.9845,0.558,IR / Narrow-Gap,LIGHT,Semiconductor,Immm,71,8
K(GaSe2)2_id2588_Final_E-3.98.cif,K(GaSe2)2,-3.982,0.73,IR / Narrow-Gap,LIGHT,Semiconductor,P-42m,111,7
MgSeS_id3249_Final_E-3.97.cif,MgSeS,-3.9722,0.361,IR / Narrow-Gap,LIGHT,Semiconductor,Pca2_1,29,12
NaLiTiZnO4_id3783_Final_E-3.97.cif,NaLiTiZnO4,-3.9677,0.391,IR / Narrow-Gap,LIGHT,Semiconductor,P4_322,95,32
Al2Zn2Sn(SeS)4_id4753_Final_E-3.96.cif,Al2Zn2Sn(SeS)4,-3.9642,1.477,Solar / Visible,LIGHT,Semiconductor,P-42m,111,13
ZnPS_id2930_Final_E-3.96.cif,ZnPS,-3.9618,1.842,Solar / Visible,LIGHT,Semiconductor,P4_32_12,96,24
K2Ge(Se3S)4_id223_Final_E-3.96.cif,K2Ge(Se3S)4,-3.9599,1.082,Solar / Visible,LIGHT,Semiconductor,P1,1,19
AlGa3Te4(Se5S2)2_id4211_Final_E-3.96.cif,AlGa3Te4(Se5S2)2,-3.959,0.465,IR / Narrow-Gap,LIGHT,Semiconductor,C2,5,44
Li15(TeO2)2_id2020_Final_E-3.95.cif,Li15(TeO2)2,-3.952,2.327,Wide-Gap Power/LED,LIGHT,Semiconductor,Pnn2,34,42
KNa4Te2As(SO)4_id2389_Final_E-3.95.cif,KNa4Te2As(SO)4,-3.9512,1.635,Solar / Visible,LIGHT,Semiconductor,P2_12_12,18,32
S_id3579_Final_E-3.95.cif,S,-3.946,2.203,Wide-Gap Power/LED,LIGHT,Semiconductor,Pbam,55,16
LiSe2S_id233_Final_E-3.94.cif,LiSe2S,-3.9434,0.989,IR / Narrow-Gap,LIGHT,Semiconductor,P1,1,24
ZnTeSe3S16_id2633_Final_E-3.94.cif,ZnTeSe3S16,-3.9412,1.01,Solar / Visible,LIGHT,Semiconductor,Pc,7,42
Li3(TeS2)2_id2497_Final_E-3.93.cif,Li3(TeS2)2,-3.9348,1.213,Solar / Visible,LIGHT,Semiconductor,Pnn2,34,18
Cd(AsSe2)2_id2350_Final_E-3.93.cif,Cd(AsSe2)2,-3.9323,0.958,IR / Narrow-Gap,LIGHT,Semiconductor,P1,1,7
Na(SeS)2_id2188_Final_E-3.93.cif,Na(SeS)2,-3.9299,1.81,Solar / Visible,LIGHT,Semiconductor,Cccm,66,20
ZnAs2(SeS)8_id898_Final_E-3.93.cif,ZnAs2(SeS)8,-3.9251,1.411,Solar / Visible,LIGHT,Semiconductor,P1,1,38
K4SrCd5(S3O)4_id1763_Final_E-3.92.cif,K4SrCd5(S3O)4,-3.9222,1.963,Solar / Visible,LIGHT,Semiconductor,P4_2/n,86,52
K2InSnSe4_id4438_Final_E-3.92.cif,K2InSnSe4,-3.9195,1.158,Solar / Visible,LIGHT,Semiconductor,I-42d,122,32
Na5LiIn(Te2O)4_id1575_Final_E-3.92.cif,Na5LiIn(Te2O)4,-3.9181,1.789,Solar / Visible,LIGHT,Semiconductor,I222,23,38
Ga3N_id394_Final_E-3.92.cif,Ga3N,-3.9163,0.153,IR / Narrow-Gap,LIGHT,Semiconductor,Im-3m,229,8
K2NaB6_id7_Final_E-3.92.cif,K2NaB6,-3.9161,0.379,IR / Narrow-Gap,LIGHT,Semiconductor,P-1,2,36
Al2GaGeTe6_id647_Final_E-3.92.cif,Al2GaGeTe6,-3.9156,0.612,IR / Narrow-Gap,LIGHT,Semiconductor,P2_12_12,18,20
NaS2_id3998_Final_E-3.91.cif,NaS2,-3.9145,1.11,Solar / Visible,LIGHT,Semiconductor,P6/mcc,192,36
GaSbTeSe7S2_id1538_Final_E-3.91.cif,GaSbTeSe7S2,-3.9135,0.607,IR / Narrow-Gap,LIGHT,Semiconductor,P2_1,4,24
K2P3_id3529_Final_E-3.91.cif,K2P3,-3.9129,1.479,Solar / Visible,LIGHT,Semiconductor,I4mm,107,20
K(GaS2)2_id440_Final_E-3.91.cif,K(GaS2)2,-3.9116,2.815,Wide-Gap Power/LED,LIGHT,Semiconductor,P4/nbm,125,14
Sr2SnTe2_id2925_Final_E-3.91.cif,Sr2SnTe2,-3.9095,0.731,IR / Narrow-Gap,LIGHT,Semiconductor,P-1,2,45
KCaZnS2_id4893_Final_E-3.90.cif,KCaZnS2,-3.903,1.474,Solar / Visible,LIGHT,Semiconductor,P1,1,10
GeAs5_id4751_Final_E-3.89.cif,GeAs5,-3.8938,0.856,IR / Narrow-Gap,LIGHT,Semiconductor,Pmmm,47,6
KSrGe(Te2Se)2_id2759_Final_E-3.89.cif,KSrGe(Te2Se)2,-3.8927,0.484,IR / Narrow-Gap,LIGHT,Semiconductor,P1,1,18
NaSnS_id1225_Final_E-3.89.cif,NaSnS,-3.89,1.962,Solar / Visible,LIGHT,Semiconductor,P4_32_12,96,12
AlSbTe2_id954_Final_E-3.88.cif,AlSbTe2,-3.8834,1.059,Solar / Visible,LIGHT,Semiconductor,Aea2,41,32
AlZnSi2Ge_id1711_Final_E-3.88.cif,AlZnSi2Ge,-3.8823,0.487,IR / Narrow-Gap,LIGHT,Semiconductor,Cm,8,15
In2O_id2762_Final_E-3.88.cif,In2O,-3.8814,0.511,IR / Narrow-Gap,LIGHT,Semiconductor,Cmmm,65,12
K2O2_id3908_Final_E-3.88.cif,K2O2,-3.8768,1.803,Solar / Visible,LIGHT,Semiconductor,I-43d,220,24
Ga4GeO16_id4604_Final_E-3.88.cif,Ga4GeO16,-3.8762,0.729,IR / Narrow-Gap,LIGHT,Semiconductor,P-43m,215,21
BeSe_id4570_Final_E-3.87.cif,BeSe,-3.8749,1.804,Solar / Visible,LIGHT,Semiconductor,P6_522,179,12
Ba(SbTe)4_id1967_Final_E-3.87.cif,Ba(SbTe)4,-3.8748,0.233,IR / Narrow-Gap,LIGHT,Semiconductor,I4/m,87,18
LiInSe2_id291_Final_E-3.87.cif,LiInSe2,-3.8743,1.115,Solar / Visible,LIGHT,Semiconductor,I-42d,122,32
CdO2_id870_Final_E-3.87.cif,CdO2,-3.8727,1.065,Solar / Visible,LIGHT,Semiconductor,I4_122,98,12
SeS_id221_Final_E-3.86.cif,SeS,-3.8644,1.667,Solar / Visible,LIGHT,Semiconductor,Pbca,61,16
Se2S3_id2768_Final_E-3.86.cif,Se2S3,-3.8632,0.832,IR / Narrow-Gap,LIGHT,Semiconductor,P2_12_12_1,19,20
LiZnS2_id4948_Final_E-3.86.cif,LiZnS2,-3.8627,2.357,Wide-Gap Power/LED,LIGHT,Semiconductor,P1,1,12
LiSnSbAs3_id3735_Final_E-3.85.cif,LiSnSbAs3,-3.8546,0.053,IR / Narrow-Gap,LIGHT,Semiconductor,Pmmm,47,6
ZnGeO_id203_Final_E-3.85.cif,ZnGeO,-3.8467,0.747,IR / Narrow-Gap,LIGHT,Semiconductor,P4_2/mmc,131,12
SeS_id2998_Final_E-3.85.cif,SeS,-3.8456,1.11,Solar / Visible,LIGHT,Semiconductor,P4/m,83,8
SeS_id4927_Final_E-3.85.cif,SeS,-3.845,0.785,IR / Narrow-Gap,LIGHT,Semiconductor,P4/m,83,8
Te3S4_id4609_Final_E-3.84.cif,Te3S4,-3.8425,0.218,IR / Narrow-Gap,LIGHT,Semiconductor,P6_3/m,176,14
CaCd2Ga4Si(GeSe2)4_id3624_Final_E-3.84.cif,CaCd2Ga4Si(GeSe2)4,-3.8424,0.141,IR / Narrow-Gap,LIGHT,Semiconductor,I222,23,40
Cd(GeSe4)2_id2270_Final_E-3.84.cif,Cd(GeSe4)2,-3.8423,1.038,Solar / Visible,LIGHT,Semiconductor,P-42m,111,11
KBe(InS)2_id1148_Final_E-3.84.cif,KBe(InS)2,-3.8373,1.249,Solar / Visible,LIGHT,Semiconductor,P1,1,18
Li2CdGeSe4_id389_Final_E-3.84.cif,Li2CdGeSe4,-3.8362,0.678,IR / Narrow-Gap,LIGHT,Semiconductor,I-42d,122,32
BS12_id2011_Final_E-3.83.cif,BS12,-3.8345,0.06,IR / Narrow-Gap,LIGHT,Semiconductor,I432,211,26
InSn2(TeSe2)3_id1422_Final_E-3.83.cif,InSn2(TeSe2)3,-3.8309,0.217,IR / Narrow-Gap,LIGHT,Semiconductor,P6mm,183,12
TiZn4SnS8_id1908_Final_E-3.83.cif,TiZn4SnS8,-3.8305,1.39,Solar / Visible,LIGHT,Semiconductor,P4/mmm,123,28
Li4SnTeSe2_id4773_Final_E-3.82.cif,Li4SnTeSe2,-3.8234,1.505,Solar / Visible,LIGHT,Semiconductor,Cmcm,63,32
In4S7_id3982_Final_E-3.82.cif,In4S7,-3.8214,0.233,IR / Narrow-Gap,LIGHT,Semiconductor,Im-3m,229,22
Ge(Te3S4)2_id1330_Final_E-3.82.cif,Ge(Te3S4)2,-3.8211,0.064,IR / Narrow-Gap,LIGHT,Semiconductor,P6_3/mcm,193,30
CdS4_id2123_Final_E-3.82.cif,CdS4,-3.8206,1.49,Solar / Visible,LIGHT,Semiconductor,I4_1/a,88,20
BO12_id3854_Final_E-3.82.cif,BO12,-3.818,1.567,Solar / Visible,LIGHT,Semiconductor,I432,211,26
SrLiSb4_id1691_Final_E-3.82.cif,SrLiSb4,-3.8167,0.413,IR / Narrow-Gap,LIGHT,Semiconductor,I4_1/a,88,24
K2BaLiTeO_id3567_Final_E-3.81.cif,K2BaLiTeO,-3.8115,1.609,Solar / Visible,LIGHT,Semiconductor,P1,1,12
KNa4GeS4_id2533_Final_E-3.81.cif,KNa4GeS4,-3.8103,2.077,Solar / Visible,LIGHT,Semiconductor,P1,1,20
K2Na2Ga3O8_id4055_Final_E-3.81.cif,K2Na2Ga3O8,-3.8093,1.994,Solar / Visible,LIGHT,Semiconductor,P1,1,30
K2Te4SeS4_id4748_Final_E-3.81.cif,K2Te4SeS4,-3.8056,0.946,IR / Narrow-Gap,LIGHT,Semiconductor,C2/c,15,44
BaNa2Cd2SiTeO3_id1781_Final_E-3.80.cif,BaNa2Cd2SiTeO3,-3.8013,1.658,Solar / Visible,LIGHT,Semiconductor,P-6m2,187,10
ZnTePS_id785_Final_E-3.80.cif,ZnTePS,-3.8008,1.38,Solar / Visible,LIGHT,Semiconductor,P6_4,172,24
Na(GeTe2)2_id2790_Final_E-3.80.cif,Na(GeTe2)2,-3.7962,0.883,IR / Narrow-Gap,LIGHT,Semiconductor,P-42m,111,7
Ga4Si3_id294_Final_E-3.79.cif,Ga4Si3,-3.7929,0.102,IR / Narrow-Gap,LIGHT,Semiconductor,I-43d,220,28
KSn3O2_id1591_Final_E-3.79.cif,KSn3O2,-3.7922,0.136,IR / Narrow-Gap,LIGHT,Semiconductor,Pmmm,47,6
K2Ba4NaLi8B4Sb4PO5_id1634_Final_E-3.78.cif,K2Ba4NaLi8B4Sb4PO5,-3.7776,0.161,IR / Narrow-Gap,LIGHT,Semiconductor,P4,75,29
Al2Cd(GaSe2)2_id1825_Final_E-3.78.cif,Al2Cd(GaSe2)2,-3.776,0.365,IR / Narrow-Gap,LIGHT,Semiconductor,P-42m,111,9
Li(TeAs)2_id1435_Final_E-3.77.cif,Li(TeAs)2,-3.7738,1.044,Solar / Visible,LIGHT,Semiconductor,C2/c,15,20
Ga2SnTe4_id2342_Final_E-3.77.cif,Ga2SnTe4,-3.7729,0.354,IR / Narrow-Gap,LIGHT,Semiconductor,P-42m,111,7
Li3(Te3S2)2_id1651_Final_E-3.76.cif,Li3(Te3S2)2,-3.7591,0.092,IR / Narrow-Gap,LIGHT,Semiconductor,P1,1,13
K4O3_id4859_Final_E-3.75.cif,K4O3,-3.7513,2.019,Solar / Visible,LIGHT,Semiconductor,P6_3/mmc,194,28
Al2ZnTe4_id3920_Final_E-3.75.cif,Al2ZnTe4,-3.7511,1.102,Solar / Visible,LIGHT,Semiconductor,P-42m,111,7
NaAs2_id297_Final_E-3.75.cif,NaAs2,-3.7491,0.694,IR / Narrow-Gap,LIGHT,Semiconductor,P4_2/m,84,18
Li(AlTe)4_id1681_Final_E-3.75.cif,Li(AlTe)4,-3.7456,0.375,IR / Narrow-Gap,LIGHT,Semiconductor,P-42m,111,9
NaZn(AsS)2_id659_Final_E-3.75.cif,NaZn(AsS)2,-3.7453,1.485,Solar / Visible,LIGHT,Semiconductor,I4_122,98,24
SeS_id1874_Final_E-3.74.cif,SeS,-3.7414,1.85,Solar / Visible,LIGHT,Semiconductor,Pbca,61,16
LiGaTe4PS2_id4542_Final_E-3.74.cif,LiGaTe4PS2,-3.7397,1.431,Solar / Visible,LIGHT,Semiconductor,Pcca,54,36
Mg2CdS4_id400_Final_E-3.74.cif,Mg2CdS4,-3.737,2.306,Wide-Gap Power/LED,LIGHT,Semiconductor,P-1,2,28
TeS_id1869_Final_E-3.73.cif,TeS,-3.7337,0.73,IR / Narrow-Gap,LIGHT,Semiconductor,Pbca,61,16
Sn2Se19S2_id1305_Final_E-3.73.cif,Sn2Se19S2,-3.731,0.654,IR / Narrow-Gap,LIGHT,Semiconductor,Pba2,32,46
LiSe_id3860_Final_E-3.73.cif,LiSe,-3.7295,0.49,IR / Narrow-Gap,LIGHT,Semiconductor,P4_32_12,96,8
LiSe_id1243_Final_E-3.73.cif,LiSe,-3.7281,0.739,IR / Narrow-Gap,LIGHT,Semiconductor,I-42d,122,16
Li4TeSeS_id4588_Final_E-3.72.cif,Li4TeSeS,-3.723,0.648,IR / Narrow-Gap,LIGHT,Semiconductor,Aea2,41,56
KS_id1087_Final_E-3.72.cif,KS,-3.7219,1.621,Solar / Visible,LIGHT,Semiconductor,Pnma,62,24
Be4Sb3_id4500_Final_E-3.72.cif,Be4Sb3,-3.7194,0.296,IR / Narrow-Gap,LIGHT,Semiconductor,I-43d,220,28
Mg3Zn4In2GaTe4(S4N)2_id3685_Final_E-3.72.cif,Mg3Zn4In2GaTe4(S4N)2,-3.716,1.45,Solar / Visible,LIGHT,Semiconductor,C2,5,48
CaSi_id3851_Final_E-3.72.cif,CaSi,-3.716,0.469,IR / Narrow-Gap,LIGHT,Semiconductor,P6_3/mmc,194,8
K4Li3O4_id2903_Final_E-3.71.cif,K4Li3O4,-3.7083,1.827,Solar / Visible,LIGHT,Semiconductor,Pm-3n,223,22
MgInSn(TeSe)4_id4192_Final_E-3.71.cif,MgInSn(TeSe)4,-3.707,0.39,IR / Narrow-Gap,LIGHT,Semiconductor,C2,5,22
Al4InTe4_id4628_Final_E-3.71.cif,Al4InTe4,-3.7054,0.066,IR / Narrow-Gap,LIGHT,Semiconductor,P-42m,111,9
Ga2Te2As_id2641_Final_E-3.69.cif,Ga2Te2As,-3.6853,1.134,Solar / Visible,LIGHT,Semiconductor,P3_221,154,15
CaZnCd2O2_id4378_Final_E-3.68.cif,CaZnCd2O2,-3.6845,1.206,Solar / Visible,LIGHT,Semiconductor,P4_2/mmc,131,12
K3NaLi4Zn4P(S2O)2_id4754_Final_E-3.68.cif,K3NaLi4Zn4P(S2O)2,-3.6787,2.219,Wide-Gap Power/LED,LIGHT,Semiconductor,C2,5,38
SrLi2(GaSi2)2_id4388_Final_E-3.67.cif,SrLi2(GaSi2)2,-3.672,0.616,IR / Narrow-Gap,LIGHT,Semiconductor,Amm2,38,18
KZn2InS4_id4648_Final_E-3.67.cif,KZn2InS4,-3.6661,1.976,Solar / Visible,LIGHT,Semiconductor,I-42d,122,32
SrLiMg7AlSiTePS3O_id4565_Final_E-3.67.cif,SrLiMg7AlSiTePS3O,-3.6654,1.495,Solar / Visible,LIGHT,Semiconductor,P2_1,4,34
SrLi2PO_id1483_Final_E-3.66.cif,SrLi2PO,-3.6579,0.84,IR / Narrow-Gap,LIGHT,Semiconductor,P4_2/mmc,131,10
Mg2SeS2_id4108_Final_E-3.65.cif,Mg2SeS2,-3.6541,2.256,Wide-Gap Power/LED,LIGHT,Semiconductor,Pn-3m,224,10
KNaO_id4708_Final_E-3.65.cif,KNaO,-3.6531,1.361,Solar / Visible,LIGHT,Semiconductor,C2,5,12
Sn(Te2Se)2_id3160_Final_E-3.65.cif,Sn(Te2Se)2,-3.6528,0.814,IR / Narrow-Gap,LIGHT,Semiconductor,I-42d,122,28
AlCd(GeTe2)2_id4994_Final_E-3.64.cif,AlCd(GeTe2)2,-3.6359,0.842,IR / Narrow-Gap,LIGHT,Semiconductor,P1,1,32
K2ZnSi2TeAs4_id1839_Final_E-3.64.cif,K2ZnSi2TeAs4,-3.6353,0.084,IR / Narrow-Gap,LIGHT,Semiconductor,I4_1/a,88,40
Sr4(CaS)3_id379_Final_E-3.63.cif,Sr4(CaS)3,-3.6327,1.435,Solar / Visible,LIGHT,Semiconductor,I-43d,220,40
Be2Sb_id1658_Final_E-3.62.cif,Be2Sb,-3.6194,0.595,IR / Narrow-Gap,LIGHT,Semiconductor,Pbcn,60,12
Se2S_id1830_Final_E-3.61.cif,Se2S,-3.6106,1.347,Solar / Visible,LIGHT,Semiconductor,Pbcn,60,12
K6Li6PO6_id442_Final_E-3.60.cif,K6Li6PO6,-3.6027,1.491,Solar / Visible,LIGHT,Semiconductor,Pm-3,200,19
CdTeSeS2_id3913_Final_E-3.57.cif,CdTeSeS2,-3.572,1.431,Solar / Visible,LIGHT,Semiconductor,P622,177,30
Be2ZnTe4_id3972_Final_E-3.57.cif,Be2ZnTe4,-3.5707,1.604,Solar / Visible,LIGHT,Semiconductor,P-42m,111,7
K3Na2Li2O3_id4160_Final_E-3.57.cif,K3Na2Li2O3,-3.5682,2.848,Wide-Gap Power/LED,LIGHT,Semiconductor,P1,1,40
NaTeSe3_id1530_Final_E-3.57.cif,NaTeSe3,-3.5656,0.916,IR / Narrow-Gap,LIGHT,Semiconductor,Cc,9,20
Li2ZnSe4_id2608_Final_E-3.56.cif,Li2ZnSe4,-3.5557,0.29,IR / Narrow-Gap,LIGHT,Semiconductor,Pnma,62,28
Cd3Ga4Sn(TeS)4_id3222_Final_E-3.56.cif,Cd3Ga4Sn(TeS)4,-3.5552,0.522,IR / Narrow-Gap,LIGHT,Semiconductor,C2,5,32
KSnSbTe_id4966_Final_E-3.55.cif,KSnSbTe,-3.5545,0.057,IR / Narrow-Gap,LIGHT,Semiconductor,Pcc2,27,16
K2ZnS5O2_id4400_Final_E-3.55.cif,K2ZnS5O2,-3.5544,0.348,IR / Narrow-Gap,LIGHT,Semiconductor,Pc,7,20
Se_id2574_Final_E-3.54.cif,Se,-3.5401,1.249,Solar / Visible,LIGHT,Semiconductor,C2,5,8
Se_id2999_Final_E-3.54.cif,Se,-3.5387,0.591,IR / Narrow-Gap,LIGHT,Semiconductor,Pbca,61,16
MgCdTeSe6_id3880_Final_E-3.54.cif,MgCdTeSe6,-3.5357,0.411,IR / Narrow-Gap,LIGHT,Semiconductor,P-31c,163,18
Te4PSe_id3125_Final_E-3.53.cif,Te4PSe,-3.5344,0.682,IR / Narrow-Gap,LIGHT,Semiconductor,Pm,6,6
KLi7B6Sb_id3352_Final_E-3.53.cif,KLi7B6Sb,-3.5286,2.023,Solar / Visible,LIGHT,Semiconductor,P312,149,15
ZnGa2SiTe4_id4533_Final_E-3.53.cif,ZnGa2SiTe4,-3.5284,0.982,IR / Narrow-Gap,LIGHT,Semiconductor,I-42m,121,16
K2O_id1577_Final_E-3.52.cif,K2O,-3.5179,1.065,Solar / Visible,LIGHT,Semiconductor,P-1,2,12
LiSn5_id4331_Final_E-3.52.cif,LiSn5,-3.5173,0.071,IR / Narrow-Gap,LIGHT,Semiconductor,P4/mmm,123,6
Te4AsSe2_id2598_Final_E-3.52.cif,Te4AsSe2,-3.5172,0.761,IR / Narrow-Gap,LIGHT,Semiconductor,I-42d,122,28
Li5(ZnN)2_id3147_Final_E-3.51.cif,Li5(ZnN)2,-3.5144,0.722,IR / Narrow-Gap,LIGHT,Semiconductor,Pbcn,60,36
Zn2InSe4_id1628_Final_E-3.51.cif,Zn2InSe4,-3.5107,1.254,Solar / Visible,LIGHT,Semiconductor,P-42m,111,7
As_id608_Final_E-3.51.cif,As,-3.5095,1.928,Solar / Visible,LIGHT,Semiconductor,I4/mmm,139,4
Li7Mg2Cd(TeSe3)2_id4799_Final_E-3.51.cif,Li7Mg2Cd(TeSe3)2,-3.5065,0.694,IR / Narrow-Gap,LIGHT,Semiconductor,P2_1,4,36
Li2Ti_id2725_Final_E-3.50.cif,Li2Ti,-3.4956,0.956,IR / Narrow-Gap,LIGHT,Semiconductor,P-1,2,24
NaAl4Zn2(GaTe4)2_id2741_Final_E-3.49.cif,NaAl4Zn2(GaTe4)2,-3.4908,1.272,Solar / Visible,LIGHT,Semiconductor,P1,1,34
K2Ba3O3_id3849_Final_E-3.48.cif,K2Ba3O3,-3.4799,0.261,IR / Narrow-Gap,LIGHT,Semiconductor,Pn-3m,224,16
ZnN_id4087_Final_E-3.48.cif,ZnN,-3.4768,0.053,IR / Narrow-Gap,LIGHT,Semiconductor,P6_222,180,12
Li2GaTe4_id2079_Final_E-3.48.cif,Li2GaTe4,-3.4764,0.074,IR / Narrow-Gap,LIGHT,Semiconductor,P2_1/c,14,28
K4MgP4_id4930_Final_E-3.47.cif,K4MgP4,-3.4703,1.447,Solar / Visible,LIGHT,Semiconductor,P-1,2,36
Na(TeSe)2_id841_Final_E-3.46.cif,Na(TeSe)2,-3.4614,1.345,Solar / Visible,LIGHT,Semiconductor,Cc,9,20
BSe12_id3732_Final_E-3.45.cif,BSe12,-3.4497,0.703,IR / Narrow-Gap,LIGHT,Semiconductor,I432,211,26
Li2S_id3912_Final_E-3.44.cif,Li2S,-3.4367,3.094,Wide-Gap Power/LED,LIGHT,Semiconductor,P1,1,18
Li5Mg2GeO12_id177_Final_E-3.43.cif,Li5Mg2GeO12,-3.4295,0.336,IR / Narrow-Gap,LIGHT,Semiconductor,I-42m,121,40
LiAs_id3899_Final_E-3.43.cif,LiAs,-3.429,0.801,IR / Narrow-Gap,LIGHT,Semiconductor,P4_222,93,16
Li5(GaTe2)2_id2373_Final_E-3.43.cif,Li5(GaTe2)2,-3.429,0.99,IR / Narrow-Gap,LIGHT,Semiconductor,P-42m,111,11
Li3Te2_id1416_Final_E-3.41.cif,Li3Te2,-3.4098,0.194,IR / Narrow-Gap,LIGHT,Semiconductor,P1,1,10
K2Ba2Na2Sr2GaAs2Se3_id3686_Final_E-3.41.cif,K2Ba2Na2Sr2GaAs2Se3,-3.4079,1.123,Solar / Visible,LIGHT,Semiconductor,P2_1/c,14,28
BeZn2(GeTe2)2_id1287_Final_E-3.40.cif,BeZn2(GeTe2)2,-3.3984,0.736,IR / Narrow-Gap,LIGHT,Semiconductor,P222,16,9
K2BaLi2InO2_id2750_Final_E-3.40.cif,K2BaLi2InO2,-3.3982,0.523,IR / Narrow-Gap,LIGHT,Semiconductor,P-3m1,164,8
Be2GaTe2_id2714_Final_E-3.40.cif,Be2GaTe2,-3.3954,1.514,Solar / Visible,LIGHT,Semiconductor,C2/c,15,20
KLiInTe4_id3970_Final_E-3.38.cif,KLiInTe4,-3.3804,0.268,IR / Narrow-Gap,LIGHT,Semiconductor,I222,23,14
K2Te7_id1025_Final_E-3.38.cif,K2Te7,-3.3762,0.118,IR / Narrow-Gap,LIGHT,Semiconductor,C2/c,15,36
Zn4Si(SO)2_id882_Final_E-3.36.cif,Zn4Si(SO)2,-3.3567,1.61,Solar / Visible,LIGHT,Semiconductor,Ccc2,37,18
KCd4Ga(SnO2)2_id402_Final_E-3.35.cif,KCd4Ga(SnO2)2,-3.3533,0.401,IR / Narrow-Gap,LIGHT,Semiconductor,P2,3,24
LiTe2_id3988_Final_E-3.35.cif,LiTe2,-3.3512,0.177,IR / Narrow-Gap,LIGHT,Semiconductor,P4/m,83,12
ZnSe2_id1470_Final_E-3.33.cif,ZnSe2,-3.3285,1.115,Solar / Visible,LIGHT,Semiconductor,Pccn,56,12
NaSbTe_id889_Final_E-3.31.cif,NaSbTe,-3.3086,0.187,IR / Narrow-Gap,LIGHT,Semiconductor,P3_221,154,18
MgTe4_id2378_Final_E-3.31.cif,MgTe4,-3.3086,1.214,Solar / Visible,LIGHT,Semiconductor,Pccm,49,10
In2(SeS)3_id4638_Final_E-3.31.cif,In2(SeS)3,-3.3073,1.651,Solar / Visible,LIGHT,Semiconductor,P6/mmm,191,16
LiGaTe_id4398_Final_E-3.30.cif,LiGaTe,-3.296,0.987,IR / Narrow-Gap,LIGHT,Semiconductor,P6_3/mmc,194,6
GeTeAsSeS4_id4021_Final_E-3.29.cif,GeTeAsSeS4,-3.2854,0.108,IR / Narrow-Gap,LIGHT,Semiconductor,I-4m2,119,16
Li3ZnAsP2_id1075_Final_E-3.28.cif,Li3ZnAsP2,-3.2829,0.162,IR / Narrow-Gap,LIGHT,Semiconductor,Pccm,49,14
CdS_id1113_Final_E-3.26.cif,CdS,-3.2606,0.258,IR / Narrow-Gap,LIGHT,Semiconductor,P4_2/ncm,138,8
Li8Te4As_id3389_Final_E-3.26.cif,Li8Te4As,-3.2557,0.114,IR / Narrow-Gap,LIGHT,Semiconductor,Ccc2,37,52
Mg2P_id2656_Final_E-3.25.cif,Mg2P,-3.2539,1.47,Solar / Visible,LIGHT,Semiconductor,I4_1/acd,142,48
KNa6SnAs7_id987_Final_E-3.24.cif,KNa6SnAs7,-3.238,0.805,IR / Narrow-Gap,LIGHT,Semiconductor,P312,149,15
Ca2Sn_id699_Final_E-3.23.cif,Ca2Sn,-3.2271,0.072,IR / Narrow-Gap,LIGHT,Semiconductor,P4/mmm,123,12
KNa2AlZn2AsS2_id3787_Final_E-3.22.cif,KNa2AlZn2AsS2,-3.2249,1.391,Solar / Visible,LIGHT,Semiconductor,Cm,8,18
LiZnS_id668_Final_E-3.22.cif,LiZnS,-3.2205,2.173,Solar / Visible,LIGHT,Semiconductor,P4_2/ncm,138,12
K3(Se3S)2_id225_Final_E-3.22.cif,K3(Se3S)2,-3.2183,1.463,Solar / Visible,LIGHT,Semiconductor,P6/mmm,191,11
Al3CdTe3_id592_Final_E-3.21.cif,Al3CdTe3,-3.2097,1.182,Solar / Visible,LIGHT,Semiconductor,Pm-3n,223,14
In3Ga2O_id2184_Final_E-3.21.cif,In3Ga2O,-3.2055,0.215,IR / Narrow-Gap,LIGHT,Semiconductor,Pn-3m,224,12
O2_id4174_Final_E-3.20.cif,O2,-3.1989,0.448,IR / Narrow-Gap,LIGHT,Semiconductor,Pm-3n,223,24
K2GeAs_id3016_Final_E-3.19.cif,K2GeAs,-3.187,1.076,Solar / Visible,LIGHT,Semiconductor,P1,1,16
Te_id1835_Final_E-3.18.cif,Te,-3.1829,0.759,IR / Narrow-Gap,LIGHT,Semiconductor,Pbca,61,8
Te_id4765_Final_E-3.16.cif,Te,-3.1603,1.268,Solar / Visible,LIGHT,Semiconductor,P4/m,83,8
Li2CaZnTe2_id2229_Final_E-3.15.cif,Li2CaZnTe2,-3.1478,0.977,IR / Narrow-Gap,LIGHT,Semiconductor,P-3m1,164,6
Te_id3219_Final_E-3.14.cif,Te,-3.1448,0.119,IR / Narrow-Gap,LIGHT,Semiconductor,Pccn,56,12
Te_id3937_Final_E-3.14.cif,Te,-3.1447,0.069,IR / Narrow-Gap,LIGHT,Semiconductor,P2_12_12_1,19,32
Te_id2358_Final_E-3.14.cif,Te,-3.1436,0.478,IR / Narrow-Gap,LIGHT,Semiconductor,P6/mmm,191,18
K4Ba3Na4Sr2ZnO4_id2349_Final_E-3.14.cif,K4Ba3Na4Sr2ZnO4,-3.1408,0.103,IR / Narrow-Gap,LIGHT,Semiconductor,P2_1/c,14,36
Li(InTe)3_id3997_Final_E-3.14.cif,Li(InTe)3,-3.1381,0.063,IR / Narrow-Gap,LIGHT,Semiconductor,Pm-3n,223,14
K4Na6Si2SbS4_id704_Final_E-3.13.cif,K4Na6Si2SbS4,-3.1283,2.881,Wide-Gap Power/LED,LIGHT,Semiconductor,I222,23,34
SeS9_id4257_Final_E-3.11.cif,SeS9,-3.1146,0.437,IR / Narrow-Gap,LIGHT,Semiconductor,Pm-3m,221,10
Na3Mg3SbTe4_id531_Final_E-3.11.cif,Na3Mg3SbTe4,-3.1131,1.824,Solar / Visible,LIGHT,Semiconductor,P-43m,215,11
Na6Sn2Ge2AsSe_id1292_Final_E-3.11.cif,Na6Sn2Ge2AsSe,-3.1077,0.675,IR / Narrow-Gap,LIGHT,Semiconductor,P1,1,12
Li6CdTe4_id4004_Final_E-3.09.cif,Li6CdTe4,-3.0929,0.062,IR / Narrow-Gap,LIGHT,Semiconductor,Im-3m,229,22
KNa2O_id2217_Final_E-3.07.cif,KNa2O,-3.0735,1.372,Solar / Visible,LIGHT,Semiconductor,P-4m2,115,16
AlZn2GaAs2_id656_Final_E-3.07.cif,AlZn2GaAs2,-3.0684,0.129,IR / Narrow-Gap,LIGHT,Semiconductor,Ama2,40,12
K5(LiTe2)2_id3477_Final_E-3.06.cif,K5(LiTe2)2,-3.0594,1.728,Solar / Visible,LIGHT,Semiconductor,I222,23,22
K3GaO_id861_Final_E-3.06.cif,K3GaO,-3.056,0.3,IR / Narrow-Gap,LIGHT,Semiconductor,Cc,9,20
Mg(ZnTe2)2_id4778_Final_E-3.05.cif,Mg(ZnTe2)2,-3.0472,1.262,Solar / Visible,LIGHT,Semiconductor,P-42m,111,7
KLi2SiSbAs_id4557_Final_E-3.04.cif,KLi2SiSbAs,-3.0442,0.913,IR / Narrow-Gap,LIGHT,Semiconductor,P-4n2,118,12
KBaNaSb2_id844_Final_E-3.04.cif,KBaNaSb2,-3.0411,0.485,IR / Narrow-Gap,LIGHT,Semiconductor,Pcc2,27,20
CdSiTe2_id4106_Final_E-3.01.cif,CdSiTe2,-3.012,0.679,IR / Narrow-Gap,LIGHT,Semiconductor,I4_122,98,16
Na3As2_id2519_Final_E-2.96.cif,Na3As2,-2.9615,0.794,IR / Narrow-Gap,LIGHT,Semiconductor,C2/c,15,20
ZnTe2_id1768_Final_E-2.95.cif,ZnTe2,-2.9525,0.083,IR / Narrow-Gap,LIGHT,Semiconductor,P3_221,154,9
Na5Li2Cd2(TeS)2_id1205_Final_E-2.94.cif,Na5Li2Cd2(TeS)2,-2.9412,1.48,Solar / Visible,LIGHT,Semiconductor,P4_22_12,94,52
CaCdSbTe_id600_Final_E-2.94.cif,CaCdSbTe,-2.9404,0.935,IR / Narrow-Gap,LIGHT,Semiconductor,P4_122,91,16
K2BO_id3426_Final_E-2.92.cif,K2BO,-2.9244,1.125,Solar / Visible,LIGHT,Semiconductor,P6_422,181,12
Li(MgSb)3_id3360_Final_E-2.92.cif,Li(MgSb)3,-2.9224,1.109,Solar / Visible,LIGHT,Semiconductor,Pm-3n,223,14
Na4SbO2_id4213_Final_E-2.92.cif,Na4SbO2,-2.9194,1.963,Solar / Visible,LIGHT,Semiconductor,P4,75,7
K2Na2Si3_id4169_Final_E-2.92.cif,K2Na2Si3,-2.9177,1.019,Solar / Visible,LIGHT,Semiconductor,Cccm,66,28
K3SrTe6_id3216_Final_E-2.91.cif,K3SrTe6,-2.9069,1.323,Solar / Visible,LIGHT,Semiconductor,Fm-3m,225,40
KNaS_id238_Final_E-2.90.cif,KNaS,-2.8962,2.198,Solar / Visible,LIGHT,Semiconductor,C222,21,12
Na3Li10Ca2SnGeTe4(SO)4_id4094_Final_E-2.88.cif,Na3Li10Ca2SnGeTe4(SO)4,-2.8839,1.261,Solar / Visible,LIGHT,Semiconductor,P-4,81,29
CdTe2_id1280_Final_E-2.87.cif,CdTe2,-2.8686,0.1,IR / Narrow-Gap,LIGHT,Semiconductor,Pca2_1,29,12
KBa2NaSn3Sb_id4843_Final_E-2.85.cif,KBa2NaSn3Sb,-2.851,0.41,IR / Narrow-Gap,LIGHT,Semiconductor,P3,143,8
LiMg2As_id105_Final_E-2.84.cif,LiMg2As,-2.8432,1.409,Solar / Visible,LIGHT,Semiconductor,P3_121,152,12
ZnTe_id1747_Final_E-2.84.cif,ZnTe,-2.8378,0.803,IR / Narrow-Gap,LIGHT,Semiconductor,Pca2_1,29,8
K4TeSe2_id3019_Final_E-2.84.cif,K4TeSe2,-2.8362,0.873,IR / Narrow-Gap,LIGHT,Semiconductor,P-42_1m,113,14
BaLi2ZnSi2_id3061_Final_E-2.82.cif,BaLi2ZnSi2,-2.8168,0.587,IR / Narrow-Gap,LIGHT,Semiconductor,P4/mmm,123,24
LiTe_id106_Final_E-2.80.cif,LiTe,-2.7988,0.426,IR / Narrow-Gap,LIGHT,Semiconductor,I4_132,214,16
Li14AlCd4GeAs4_id3931_Final_E-2.77.cif,Li14AlCd4GeAs4,-2.7698,0.213,IR / Narrow-Gap,LIGHT,Semiconductor,C2,5,48
K4NaAs4_id3548_Final_E-2.74.cif,K4NaAs4,-2.7449,0.053,IR / Narrow-Gap,LIGHT,Semiconductor,P3,143,9
Li2ZnSb_id2100_Final_E-2.72.cif,Li2ZnSb,-2.7216,0.161,IR / Narrow-Gap,LIGHT,Semiconductor,Cc,9,32
KNa6Li7(GaO2)3_id3466_Final_E-2.72.cif,KNa6Li7(GaO2)3,-2.7212,0.528,IR / Narrow-Gap,LIGHT,Semiconductor,P-31c,163,46
Ge2TeAsSe2_id860_Final_E-2.69.cif,Ge2TeAsSe2,-2.6925,0.743,IR / Narrow-Gap,LIGHT,Semiconductor,P4/mmm,123,6
K(ZnTe)2_id1444_Final_E-2.68.cif,K(ZnTe)2,-2.6782,0.819,IR / Narrow-Gap,LIGHT,Semiconductor,P1,1,20
KNa2Ge2As_id4807_Final_E-2.67.cif,KNa2Ge2As,-2.6693,0.384,IR / Narrow-Gap,LIGHT,Semiconductor,P-4n2,118,12
K2P_id1175_Final_E-2.66.cif,K2P,-2.6617,0.092,IR / Narrow-Gap,LIGHT,Semiconductor,Pa-3,205,12
Na2As_id4993_Final_E-2.66.cif,Na2As,-2.6569,0.128,IR / Narrow-Gap,LIGHT,Semiconductor,Pa-3,205,12
Na4LiO_id3211_Final_E-2.64.cif,Na4LiO,-2.641,0.075,IR / Narrow-Gap,LIGHT,Semiconductor,C2/c,15,48
K11GaPO2_id2428_Final_E-2.60.cif,K11GaPO2,-2.5982,0.549,IR / Narrow-Gap,LIGHT,Semiconductor,P1,1,15
Na7Li2GeSe2_id2313_Final_E-2.59.cif,Na7Li2GeSe2,-2.5905,0.952,IR / Narrow-Gap,LIGHT,Semiconductor,P2,3,24
MgZnSe_id3492_Final_E-2.58.cif,MgZnSe,-2.5787,1.683,Solar / Visible,LIGHT,Semiconductor,Aea2,41,24
K4NaZn3O3_id3342_Final_E-2.52.cif,K4NaZn3O3,-2.5175,1.065,Solar / Visible,LIGHT,Semiconductor,Pm-3n,223,22
KSn_id4591_Final_E-2.50.cif,KSn,-2.502,0.446,IR / Narrow-Gap,LIGHT,Semiconductor,P3m1,156,4
Na6SbAs_id1152_Final_E-2.49.cif,Na6SbAs,-2.4917,0.346,IR / Narrow-Gap,LIGHT,Semiconductor,R-3,148,24
KZn7O3_id609_Final_E-2.48.cif,KZn7O3,-2.4787,0.355,IR / Narrow-Gap,LIGHT,Semiconductor,Pm-3n,223,22
Cd2In3O_id116_Final_E-2.45.cif,Cd2In3O,-2.445,0.225,IR / Narrow-Gap,LIGHT,Semiconductor,Pn-3m,224,12
KCdSb_id3054_Final_E-2.44.cif,KCdSb,-2.4438,0.281,IR / Narrow-Gap,LIGHT,Semiconductor,Pmmm,47,6
Li3Cd7O2_id1077_Final_E-2.44.cif,Li3Cd7O2,-2.4417,0.15,IR / Narrow-Gap,LIGHT,Semiconductor,C2,5,24
KLiGe_id968_Final_E-2.44.cif,KLiGe,-2.4396,0.52,IR / Narrow-Gap,LIGHT,Semiconductor,P6_1,169,18
K9CaIn6GaSbSe6_id773_Final_E-2.43.cif,K9CaIn6GaSbSe6,-2.4326,0.665,IR / Narrow-Gap,LIGHT,Semiconductor,P-31c,163,48
NaMgIn6_id1603_Final_E-2.43.cif,NaMgIn6,-2.4254,0.261,IR / Narrow-Gap,LIGHT,Semiconductor,P-31c,163,16
K3Na4In7Ga9_id2803_Final_E-2.42.cif,K3Na4In7Ga9,-2.4176,0.319,IR / Narrow-Gap,LIGHT,Semiconductor,P1,1,23
Te_id3575_Final_E-2.41.cif,Te,-2.405,0.583,IR / Narrow-Gap,LIGHT,Semiconductor,P6_3/m,176,8
K2Ba2NaSr(CdAs)2_id138_Final_E-2.39.cif,K2Ba2NaSr(CdAs)2,-2.3893,0.156,IR / Narrow-Gap,LIGHT,Semiconductor,Pm,6,10
Li2Si2Ge2As_id2730_Final_E-2.38.cif,Li2Si2Ge2As,-2.3803,1.065,Solar / Visible,LIGHT,Semiconductor,P-4n2,118,14
SbAs13Se(SO3)2_id3817_Final_E-2.37.cif,SbAs13Se(SO3)2,-2.3696,0.534,IR / Narrow-Gap,LIGHT,Semiconductor,P2,3,23
NaIn2_id1948_Final_E-2.36.cif,NaIn2,-2.3619,0.198,IR / Narrow-Gap,LIGHT,Semiconductor,Pmma,51,6
AlZn11S4_id3063_Final_E-2.35.cif,AlZn11S4,-2.35,0.111,IR / Narrow-Gap,LIGHT,Semiconductor,P-42c,112,32
K2Ga3_id4951_Final_E-2.30.cif,K2Ga3,-2.2993,0.742,IR / Narrow-Gap,LIGHT,Semiconductor,P2/c,13,40
K2NaAs_id1631_Final_E-2.30.cif,K2NaAs,-2.2951,0.349,IR / Narrow-Gap,LIGHT,Semiconductor,Fm-3m,225,16
K4NaIn4Ge_id4355_Final_E-2.24.cif,K4NaIn4Ge,-2.2444,0.369,IR / Narrow-Gap,LIGHT,Semiconductor,P4nc,104,20
Ba4Sr3(ZnP2)3_id96_Final_E-2.23.cif,Ba4Sr3(ZnP2)3,-2.2319,2.116,Solar / Visible,LIGHT,Semiconductor,P31m,157,16
K7PO_id4781_Final_E-2.19.cif,K7PO,-2.1913,0.114,IR / Narrow-Gap,LIGHT,Semiconductor,P6_322,182,18
Na5Cd2(InTe)2_id3285_Final_E-2.19.cif,Na5Cd2(InTe)2,-2.1861,0.211,IR / Narrow-Gap,LIGHT,Semiconductor,P3_112,151,33
K2GaGe_id1478_Final_E-2.15.cif,K2GaGe,-2.1465,0.897,IR / Narrow-Gap,LIGHT,Semiconductor,Fm-3m,225,16
Li4Ga_id3144_Final_E-2.14.cif,Li4Ga,-2.1425,0.727,IR / Narrow-Gap,LIGHT,Semiconductor,Pn-3n,222,60
NaIn_id4762_Final_E-2.14.cif,NaIn,-2.1423,0.458,IR / Narrow-Gap,LIGHT,Semiconductor,Fd-3m,227,8
K11O2_id4538_Final_E-2.14.cif,K11O2,-2.1397,1.224,Solar / Visible,LIGHT,Semiconductor,P-1,2,13
K4Ba4Sr4LiMg4CdSn4_id1555_Final_E-2.13.cif,K4Ba4Sr4LiMg4CdSn4,-2.1298,0.061,IR / Narrow-Gap,LIGHT,Semiconductor,P1,1,44
KGa_id3918_Final_E-2.12.cif,KGa,-2.1198,0.14,IR / Narrow-Gap,LIGHT,Semiconductor,Pcc2,27,8
K4Ba4P3_id47_Final_E-2.12.cif,K4Ba4P3,-2.1154,0.932,IR / Narrow-Gap,LIGHT,Semiconductor,I-43d,220,44
Ba4Na4ZnSb_id4590_Final_E-2.09.cif,Ba4Na4ZnSb,-2.0872,0.155,IR / Narrow-Gap,LIGHT,Semiconductor,P4/mcc,124,20
KNa6ZnSbAs_id3819_Final_E-2.06.cif,KNa6ZnSbAs,-2.0642,0.107,IR / Narrow-Gap,LIGHT,Semiconductor,P312,149,10
Sr3Zn2O_id4065_Final_E-2.04.cif,Sr3Zn2O,-2.0407,0.517,IR / Narrow-Gap,LIGHT,Semiconductor,Pn-3m,224,12
K8Ge2Sb_id3212_Final_E-2.04.cif,K8Ge2Sb,-2.0375,1.166,Solar / Visible,LIGHT,Semiconductor,Cm,8,22
AlSi3SnTe5S4_id2646_Final_E-2.04.cif,AlSi3SnTe5S4,-2.037,1.493,Solar / Visible,LIGHT,Semiconductor,P2_12_12_1,19,56
CaMg4Te_id876_Final_E-2.03.cif,CaMg4Te,-2.0276,1.529,Solar / Visible,LIGHT,Semiconductor,C2/c,15,24
K6LiMgAl6(Te4O15)2_id2439_Final_E-2.00.cif,K6LiMgAl6(Te4O15)2,-2.0038,0.053,IR / Narrow-Gap,LIGHT,Semiconductor,P1,1,52
K2Ge_id1951_Final_E-2.00.cif,K2Ge,-1.9965,0.059,IR / Narrow-Gap,LIGHT,Semiconductor,Pa-3,205,12
Na2Li2Te3_id4945_Final_E-1.91.cif,Na2Li2Te3,-1.9117,0.052,IR / Narrow-Gap,LIGHT,Semiconductor,I4_132,214,28
Na2CaSc2InGa_id2193_Final_E-1.84.cif,Na2CaSc2InGa,-1.835,0.4,IR / Narrow-Gap,LIGHT,Semiconductor,P4/nmm,129,14
Li6Zn_id103_Final_E-1.83.cif,Li6Zn,-1.8332,0.065,IR / Narrow-Gap,LIGHT,Semiconductor,Fm-3m,225,28
K2(NaIn)3_id1675_Final_E-1.76.cif,K2(NaIn)3,-1.7587,0.073,IR / Narrow-Gap,LIGHT,Semiconductor,P-3c1,165,32
Na2In_id156_Final_E-1.68.cif,Na2In,-1.6825,0.485,IR / Narrow-Gap,LIGHT,Semiconductor,P6mm,183,9
K7ScAlSi_id2323_Final_E-1.66.cif,K7ScAlSi,-1.6609,0.37,IR / Narrow-Gap,LIGHT,Semiconductor,P312,149,10
KCdGa_id2621_Final_E-1.66.cif,KCdGa,-1.6564,0.386,IR / Narrow-Gap,LIGHT,Semiconductor,P4_2/mmc,131,12
Na4In3_id3984_Final_E-1.64.cif,Na4In3,-1.6351,0.236,IR / Narrow-Gap,LIGHT,Semiconductor,P4/mmm,123,7
K4Sn_id1240_Final_E-1.63.cif,K4Sn,-1.634,0.231,IR / Narrow-Gap,LIGHT,Semiconductor,P6/mmm,191,20
K3Sb_id4676_Final_E-1.57.cif,K3Sb,-1.5667,1.189,Solar / Visible,LIGHT,Semiconductor,P4_132,213,16
K2ZnGa_id3772_Final_E-1.56.cif,K2ZnGa,-1.5625,0.089,IR / Narrow-Gap,LIGHT,Semiconductor,P4_2/m,84,16
K5(NaGa)2_id3509_Final_E-1.46.cif,K5(NaGa)2,-1.4638,0.065,IR / Narrow-Gap,LIGHT,Semiconductor,Pcc2,27,36
K2AlCd4_id881_Final_E-1.38.cif,K2AlCd4,-1.3817,0.089,IR / Narrow-Gap,LIGHT,Semiconductor,I4_1/a,88,28
K4Li3Mg(CdIn)2_id335_Final_E-1.37.cif,K4Li3Mg(CdIn)2,-1.3655,0.967,IR / Narrow-Gap,LIGHT,Semiconductor,P-42_1c,114,24
K4NaCd2In_id2240_Final_E-1.35.cif,K4NaCd2In,-1.3483,0.151,IR / Narrow-Gap,LIGHT,Semiconductor,Pbam,55,16
K2CdGa_id1461_Final_E-1.34.cif,K2CdGa,-1.3351,0.231,IR / Narrow-Gap,LIGHT,Semiconductor,P4/mmm,123,8
KNa6(CaCd3)2_id4307_Final_E-1.29.cif,KNa6(CaCd3)2,-1.2924,0.213,IR / Narrow-Gap,LIGHT,Semiconductor,P-3c1,165,30
Ba3NaZn_id1526_Final_E-1.23.cif,Ba3NaZn,-1.232,0.476,IR / Narrow-Gap,LIGHT,Semiconductor,Pm-3m,221,5
Na2SrCa4GaSiO_id2554_Final_E-1.23.cif,Na2SrCa4GaSiO,-1.2311,1.117,Solar / Visible,LIGHT,Semiconductor,Pmm2,25,20
Na3Cd_id3887_Final_E-1.16.cif,Na3Cd,-1.1566,0.616,IR / Narrow-Gap,LIGHT,Semiconductor,Im-3m,229,8
KLiSiSn2Sb2TeP2Se5S6_id3688_Final_E-1.15.cif,KLiSiSn2Sb2TeP2Se5S6,-1.1527,0.383,IR / Narrow-Gap,LIGHT,Semiconductor,P1,1,42
Mg6Cd_id1273_Final_E-1.15.cif,Mg6Cd,-1.1501,0.082,IR / Narrow-Gap,LIGHT,Semiconductor,P4_2/nnm,134,14
Na4Zn3_id1269_Final_E-1.13.cif,Na4Zn3,-1.1316,0.391,IR / Narrow-Gap,LIGHT,Semiconductor,I-43d,220,28
Na_id222_Final_E-1.05.cif,Na,-1.0522,0.196,IR / Narrow-Gap,LIGHT,Semiconductor,I4/mmm,139,10
KIn2GaSn6Se4(S2O3)2_id154_Final_E-1.05.cif,KIn2GaSn6Se4(S2O3)2,-1.0503,1.329,Solar / Visible,LIGHT,Semiconductor,P-1,2,24
K5(SeS)4_id1659_Final_E-1.00.cif,K5(SeS)4,-1.0019,1.884,Solar / Visible,LIGHT,Semiconductor,P4_2/m,84,52
K5Zn2Cd3_id130_Final_E-1.00.cif,K5Zn2Cd3,-0.9966,0.394,IR / Narrow-Gap,LIGHT,Semiconductor,P1,1,20
KCd2_id4203_Final_E-0.98.cif,KCd2,-0.9774,0.421,IR / Narrow-Gap,LIGHT,Semiconductor,P-4c2,116,18
KGa3SiSn_id83_Final_E-0.92.cif,KGa3SiSn,-0.9204,0.177,IR / Narrow-Gap,LIGHT,Semiconductor,P-6m2,187,6
KCd_id2673_Final_E-0.92.cif,KCd,-0.9152,0.239,IR / Narrow-Gap,LIGHT,Semiconductor,P4/mmm,123,8
LiZn2_id3185_Final_E-0.91.cif,LiZn2,-0.9058,0.088,IR / Narrow-Gap,LIGHT,Semiconductor,Pn-3m,224,6
Ba2Na3Ca4_id4009_Final_E-0.80.cif,Ba2Na3Ca4,-0.8024,0.756,IR / Narrow-Gap,LIGHT,Semiconductor,P6/mmm,191,9
K4Na_id3405_Final_E-0.78.cif,K4Na,-0.7802,0.271,IR / Narrow-Gap,LIGHT,Semiconductor,P-31m,162,15
K4BaNa4_id90_Final_E-0.74.cif,K4BaNa4,-0.7361,0.193,IR / Narrow-Gap,LIGHT,Semiconductor,P4_2/n,86,18
K3AlCd_id408_Final_E-0.64.cif,K3AlCd,-0.6449,1.019,Solar / Visible,LIGHT,Semiconductor,P4_2mc,105,10
K3Zn2_id2883_Final_E-0.57.cif,K3Zn2,-0.5651,0.179,IR / Narrow-Gap,LIGHT,Semiconductor,I4/mcm,140,20
