file_name,formula,energy,bandgap,type,space_group_symbol,space_group_number,num_atoms
TiO_id509_E-9.05.cif,TiO,-9.0466,0.0,Metal,Pca2_1,29,8
TiO2_id4862_E-8.78.cif,TiO2,-8.7835,1.519,Semiconductor,Pbca,61,24
TiO_id3287_E-8.40.cif,TiO,-8.3964,0.02,Metal,Pn-3m,224,12
Ti6N_id2783_E-8.36.cif,Ti6N,-8.3648,0.0,Metal,P6_322,182,14
LiSc4O6_id1691_E-8.30.cif,LiSc4O6,-8.2959,3.279,Semiconductor,I4/m,87,22
Ti2O3_id4575_E-8.05.cif,Ti2O3,-8.0543,1.202,Semiconductor,Pbcn,60,20
Ti4C_id3441_E-8.02.cif,Ti4C,-8.0226,0.0,Metal,Im-3m,229,10
Ti4BO_id4251_E-7.97.cif,Ti4BO,-7.9742,0.0,Metal,P6_422,181,18
TiN_id3265_E-7.86.cif,TiN,-7.8577,0.0,Metal,P6/mmm,191,12
Ti2GaN2_id2540_E-7.84.cif,Ti2GaN2,-7.8351,0.024,Metal,Pa-3,205,20
SrN6_id4290_E-7.83.cif,SrN6,-7.8323,0.718,Semiconductor,P6_322,182,14
Ti_id2601_E-7.78.cif,Ti,-7.7753,0.0,Metal,P6_322,182,40
Ti_id3165_E-7.76.cif,Ti,-7.7603,0.0,Metal,Fm-3m,225,28
Sc3GeN_id1303_E-7.75.cif,Sc3GeN,-7.7524,0.252,Semiconductor,Pm-3m,221,5
KTi3O7_id2782_E-7.72.cif,KTi3O7,-7.7174,0.0,Metal,Pm-3n,223,22
TiSiN2_id2860_E-7.64.cif,TiSiN2,-7.64,0.88,Semiconductor,Fm-3m,225,16
Ti3Si_id2739_E-7.56.cif,Ti3Si,-7.5593,0.0,Metal,I4/mmm,139,8
Sc2SN_id3225_E-7.55.cif,Sc2SN,-7.5541,0.0,Metal,R-3m,166,24
Ti2B_id351_E-7.55.cif,Ti2B,-7.5473,0.0,Metal,P6_422,181,9
Sc2TiN_id3222_E-7.53.cif,Sc2TiN,-7.528,0.0,Metal,Ibca,73,32
Sc2O5_id3409_E-7.46.cif,Sc2O5,-7.4628,3.307,Semiconductor,Pba2,32,14
Sc2GeN2_id4719_E-7.45.cif,Sc2GeN2,-7.4495,0.0,Metal,Pa-3,205,20
CaN4_id750_E-7.31.cif,CaN4,-7.3138,2.707,Semiconductor,R-3,148,45
ScC_id4685_E-7.31.cif,ScC,-7.3067,1.572,Semiconductor,P4_2cm,101,16
Sc2BO2_id259_E-7.21.cif,Sc2BO2,-7.2053,3.666,Insulator,P4/mnc,128,20
Ti_id1389_E-7.15.cif,Ti,-7.145,0.0,Metal,I-4m2,119,20
Sc4NO_id4360_E-7.14.cif,Sc4NO,-7.1367,0.0,Metal,I-42d,122,24
BaZnN8_id1059_E-7.12.cif,BaZnN8,-7.1208,3.523,Insulator,I4_1/a,88,40
Sc4S2N3O8_id310_E-7.08.cif,Sc4S2N3O8,-7.0755,3.032,Semiconductor,R3m,160,51
C_id3889_E-7.07.cif,C,-7.0683,0.0,Metal,P6cc,184,48
ScTi_id4432_E-7.07.cif,ScTi,-7.0665,0.0,Metal,P4/mmm,123,16
Ti2ZnO4_id2472_E-7.05.cif,Ti2ZnO4,-7.053,1.424,Semiconductor,Ccce,68,28
Sc2C5_id2729_E-7.05.cif,Sc2C5,-7.0526,0.009,Metal,Cccm,66,28
Ti2B_id146_E-7.05.cif,Ti2B,-7.0504,0.0,Metal,P6_422,181,9
Sc2Al2O5_id1876_E-7.04.cif,Sc2Al2O5,-7.0378,3.441,Semiconductor,Pmmn,59,18
ScTi3_id4349_E-7.02.cif,ScTi3,-7.0155,0.0,Metal,P4/mmm,123,16
Sc3C_id1898_E-7.01.cif,Sc3C,-7.0148,0.0,Metal,Cmcm,63,16
Li(CN7)2_id4296_E-7.01.cif,Li(CN7)2,-7.0079,0.0,Metal,Pmmn,59,34
Sc11O4_id4285_E-6.98.cif,Sc11O4,-6.9778,0.0,Metal,P4_22_12,94,30
ScTi2Si2N_id4939_E-6.97.cif,ScTi2Si2N,-6.97,0.014,Metal,P4_132,213,24
ScC2_id1446_E-6.95.cif,ScC2,-6.9503,0.0,Metal,P4_2/mmc,131,12
Sc7(TeO2)2_id4_E-6.94.cif,Sc7(TeO2)2,-6.9371,0.812,Semiconductor,P2_1/c,14,26
LiSc2O2_id3958_E-6.94.cif,LiSc2O2,-6.9355,0.007,Metal,Pa-3,205,20
Ti4SiP_id810_E-6.92.cif,Ti4SiP,-6.9245,0.0,Metal,I4_1/a,88,24
BCN3_id444_E-6.92.cif,BCN3,-6.9213,0.508,Semiconductor,Pnma,62,20
Sc2P3CN2_id1155_E-6.91.cif,Sc2P3CN2,-6.911,0.0,Metal,I4/m,87,32
ScTi3Sn2O3_id115_E-6.91.cif,ScTi3Sn2O3,-6.9088,0.0,Metal,P6/mmm,191,9
Ti_id511_E-6.89.cif,Ti,-6.8868,0.0,Metal,P2_12_12,18,46
CaSi2CN8_id1884_E-6.89.cif,CaSi2CN8,-6.8858,0.507,Semiconductor,Pban,50,24
Ti6Al_id3039_E-6.86.cif,Ti6Al,-6.8603,0.0,Metal,I-4m2,119,14
CaSc4O3_id1068_E-6.85.cif,CaSc4O3,-6.8477,0.0,Metal,I4_1/a,88,32
Li(BO)6_id4501_E-6.83.cif,Li(BO)6,-6.8315,0.516,Semiconductor,P6_322,182,26
Ca(C3N4)2_id4891_E-6.81.cif,Ca(C3N4)2,-6.8103,1.677,Semiconductor,P2_1,4,30
Sc2Ti3O3_id962_E-6.80.cif,Sc2Ti3O3,-6.7958,0.0,Metal,Pn-3m,224,16
Ti3O2_id2514_E-6.79.cif,Ti3O2,-6.7869,0.0,Metal,I4/mmm,139,20
Ti2B_id3602_E-6.77.cif,Ti2B,-6.7652,0.0,Metal,P6_422,181,18
BaScO4_id1974_E-6.73.cif,BaScO4,-6.7259,0.0,Metal,P4/nbm,125,12
TiAlCdO6_id371_E-6.72.cif,TiAlCdO6,-6.7179,2.41,Semiconductor,P-31c,163,18
ScSe_id3743_E-6.71.cif,ScSe,-6.7115,0.0,Metal,P6_3/mmc,194,4
Ti4NO2_id2332_E-6.70.cif,Ti4NO2,-6.7011,1.305,Semiconductor,P6_122,178,42
BaScO4_id4205_E-6.66.cif,BaScO4,-6.6626,0.0,Metal,P4/nbm,125,12
Ti2As_id2787_E-6.66.cif,Ti2As,-6.6608,0.0,Metal,P3_1,144,9
SrSc3(SbO3)4_id3210_E-6.65.cif,SrSc3(SbO3)4,-6.6464,1.203,Semiconductor,Im-3,204,40
Sc2Be2O3_id2671_E-6.63.cif,Sc2Be2O3,-6.6347,3.34,Semiconductor,P321,150,21
MgTi13AlO4_id3020_E-6.63.cif,MgTi13AlO4,-6.6266,0.0,Metal,P2_12_12,18,38
ScAl2O2_id4626_E-6.62.cif,ScAl2O2,-6.6204,2.816,Semiconductor,P4/mnc,128,20
LiTi4As(SO)3_id3251_E-6.62.cif,LiTi4As(SO)3,-6.6173,0.801,Semiconductor,P-6m2,187,12
BaTiO2_id531_E-6.61.cif,BaTiO2,-6.6107,0.038,Metal,P4/mbm,127,32
Sc2AsSe_id1542_E-6.61.cif,Sc2AsSe,-6.6081,0.0,Metal,P6_3/mmc,194,8
Sc2SbS_id3000_E-6.54.cif,Sc2SbS,-6.5358,0.0,Metal,R-3m,166,12
Ti8BeGa_id374_E-6.48.cif,Ti8BeGa,-6.4767,0.0,Metal,P4/mcc,124,20
Al2Sn4B4N17_id4309_E-6.46.cif,Al2Sn4B4N17,-6.4599,1.484,Semiconductor,I4,79,54
Ba3Sc4N4_id3047_E-6.44.cif,Ba3Sc4N4,-6.4398,0.0,Metal,I-43m,217,22
Ca2N7_id4515_E-6.41.cif,Ca2N7,-6.4128,2.79,Semiconductor,C2/m,12,18
CaTi4O13_id4397_E-6.39.cif,CaTi4O13,-6.3878,1.997,Semiconductor,P1,1,36
Sc2Ti3Al_id824_E-6.38.cif,Sc2Ti3Al,-6.3834,0.0,Metal,P6_3/mmc,194,12
NaSiO2_id3302_E-6.36.cif,NaSiO2,-6.3612,4.099,Insulator,I4_122,98,16
Sc4InP4_id1492_E-6.35.cif,Sc4InP4,-6.3468,0.0,Metal,I4_1/a,88,36
P3C(N3O)3_id4979_E-6.32.cif,P3C(N3O)3,-6.3245,1.528,Semiconductor,P6_3,173,32
Sc9TiO4_id3459_E-6.32.cif,Sc9TiO4,-6.3223,0.0,Metal,Cmmm,65,28
Li2Ti2C3_id2554_E-6.30.cif,Li2Ti2C3,-6.297,0.0,Metal,Pbcn,60,28
C_id3434_E-6.29.cif,C,-6.2932,0.0,Metal,P-43m,215,32
Sc5Ti_id3631_E-6.29.cif,Sc5Ti,-6.2894,0.0,Metal,Cmmm,65,12
Sc4Ti_id2759_E-6.28.cif,Sc4Ti,-6.2762,0.0,Metal,P4_22_12,94,20
Sc_id2252_E-6.27.cif,Sc,-6.2738,0.0,Metal,Fm-3m,225,32
B2P2CN2_id696_E-6.27.cif,B2P2CN2,-6.271,1.079,Semiconductor,Pbcn,60,28
Sc2Ti3_id4342_E-6.26.cif,Sc2Ti3,-6.263,0.0,Metal,Pn-3m,224,10
Sc_id4204_E-6.26.cif,Sc,-6.2608,0.0,Metal,Im-3m,229,16
Sc_id1933_E-6.26.cif,Sc,-6.2581,0.0,Metal,I4/mmm,139,6
MgSiO2_id621_E-6.25.cif,MgSiO2,-6.2536,0.137,Semiconductor,I4_122,98,16
LiZnSiP3C7N8_id1690_E-6.25.cif,LiZnSiP3C7N8,-6.2519,0.0,Metal,P2_1,4,42
Ti2BCN_id1983_E-6.25.cif,Ti2BCN,-6.2457,0.0,Metal,P6_222,180,15
NaLiAl6O12_id124_E-6.24.cif,NaLiAl6O12,-6.2441,3.803,Insulator,R-3,148,60
Sc2TiAl_id2961_E-6.23.cif,Sc2TiAl,-6.2278,0.0,Metal,C2/m,12,8
Mg2Cd(CN)4_id2239_E-6.22.cif,Mg2Cd(CN)4,-6.2222,1.152,Semiconductor,Pban,50,22
Ti4Si3_id3899_E-6.22.cif,Ti4Si3,-6.2209,0.0,Metal,I-43d,220,56
Sr3CaN12_id2867_E-6.22.cif,Sr3CaN12,-6.22,2.512,Semiconductor,P6_3mc,186,32
Sc5Si2N_id638_E-6.22.cif,Sc5Si2N,-6.2193,0.0,Metal,Pn-3m,224,16
N5O3_id2931_E-6.22.cif,N5O3,-6.217,2.884,Semiconductor,C2/c,15,32
NaTi2InO4_id4265_E-6.20.cif,NaTi2InO4,-6.1997,1.117,Semiconductor,I-42d,122,32
N2_id4775_E-6.20.cif,N2,-6.198,4.578,Insulator,Fm-3m,225,32
Sc4Ge3_id1903_E-6.19.cif,Sc4Ge3,-6.1935,0.0,Metal,I-43d,220,28
Sc16Be2O3_id3193_E-6.17.cif,Sc16Be2O3,-6.1661,0.0,Metal,P-31m,162,21
Sc5Se2_id155_E-6.16.cif,Sc5Se2,-6.1601,0.0,Metal,Cmce,64,28
Ti2Al_id1539_E-6.16.cif,Ti2Al,-6.1589,0.0,Metal,P4_2/nmc,137,12
Ca2ScO2_id3270_E-6.16.cif,Ca2ScO2,-6.1589,0.0,Metal,P6/mmm,191,10
SrN4_id1397_E-6.16.cif,SrN4,-6.1581,1.611,Semiconductor,I4_1/a,88,20
Ti3S4(NO2)3_id1192_E-6.15.cif,Ti3S4(NO2)3,-6.1483,1.928,Semiconductor,R-3m,166,48
SrLi2SiO4_id2273_E-6.14.cif,SrLi2SiO4,-6.1429,4.004,Insulator,I222,23,16
CaTi5Ga_id3029_E-6.09.cif,CaTi5Ga,-6.0927,0.0,Metal,I-4m2,119,14
BaCa(SO2)4_id1494_E-6.09.cif,BaCa(SO2)4,-6.0897,3.135,Semiconductor,P4/nbm,125,28
SbO2_id4593_E-6.09.cif,SbO2,-6.0863,1.393,Semiconductor,Pa-3,205,12
AlO3_id3046_E-6.08.cif,AlO3,-6.0828,0.0,Metal,R-3c,167,24
Ti2ZnSiO2_id3035_E-6.08.cif,Ti2ZnSiO2,-6.0799,0.0,Metal,I4_122,98,24
Ti4B_id4874_E-6.07.cif,Ti4B,-6.0682,0.0,Metal,P6_422,181,15
Mg4Sc4O5_id5_E-6.06.cif,Mg4Sc4O5,-6.063,0.004,Metal,P-42_1c,114,26
Ti8As2Se_id3893_E-6.05.cif,Ti8As2Se,-6.0484,0.0,Metal,Pn-3,201,44
LiTi2Si_id2755_E-6.03.cif,LiTi2Si,-6.0331,0.0,Metal,Fm-3m,225,16
Ti5O8_id3201_E-6.03.cif,Ti5O8,-6.0271,1.409,Semiconductor,P4_2/n,86,26
Ti5(Si2O)2_id2684_E-6.02.cif,Ti5(Si2O)2,-6.0248,0.0,Metal,Pm,6,11
SrO_id3549_E-6.02.cif,SrO,-6.0158,0.0,Metal,Pm-3m,221,4
ZnSn(P2O3)2_id794_E-6.01.cif,ZnSn(P2O3)2,-6.0134,0.0,Metal,P4/n,85,24
Sc_id3605_E-6.00.cif,Sc,-6.0006,0.0,Metal,P4_2mc,105,16
ScS_id4647_E-6.00.cif,ScS,-5.9981,0.0,Metal,Aea2,41,16
Sc_id4745_E-5.98.cif,Sc,-5.9794,0.0,Metal,Cmc2_1,36,24
CdSiN2_id1027_E-5.98.cif,CdSiN2,-5.9788,0.652,Semiconductor,I4_122,98,16
Ge3N3O_id711_E-5.97.cif,Ge3N3O,-5.9738,0.0,Metal,R-3c,167,42
ScTi2Ga_id4801_E-5.97.cif,ScTi2Ga,-5.9735,0.0,Metal,P4/mmm,123,16
Be2Al4B2O7_id224_E-5.97.cif,Be2Al4B2O7,-5.9723,3.952,Insulator,Aea2,41,60
Sc_id3993_E-5.96.cif,Sc,-5.9631,0.0,Metal,Ibca,73,24
TiAs_id1754_E-5.96.cif,TiAs,-5.9558,0.0,Metal,P6_222,180,12
Sc2P_id819_E-5.96.cif,Sc2P,-5.9555,0.0,Metal,Pcc2,27,12
Li2PC11N_id3695_E-5.96.cif,Li2PC11N,-5.9554,0.075,Semiconductor,P2/c,13,60
LiSc2PO2_id3860_E-5.94.cif,LiSc2PO2,-5.9439,0.0,Metal,I4_1/amd,141,24
ScSNO3_id992_E-5.94.cif,ScSNO3,-5.9367,2.475,Semiconductor,Pca2_1,29,24
Sc_id3811_E-5.93.cif,Sc,-5.9259,0.0,Metal,P4/mmm,123,16
N3O_id4098_E-5.93.cif,N3O,-5.925,3.212,Semiconductor,R-3c,167,24
Sc7Sn2_id722_E-5.92.cif,Sc7Sn2,-5.9153,0.0,Metal,P-62m,189,9
Ca2Sc9SNO3_id2136_E-5.91.cif,Ca2Sc9SNO3,-5.9076,0.0,Metal,R-3m,166,48
Ti3O16_id2089_E-5.90.cif,Ti3O16,-5.9021,1.215,Semiconductor,P2,3,19
KSr(BO2)6_id2573_E-5.90.cif,KSr(BO2)6,-5.902,2.076,Semiconductor,P-31c,163,40
ScP2_id508_E-5.90.cif,ScP2,-5.9008,0.0,Metal,P4_332,212,12
Ba2NaSn(NO)4_id1374_E-5.90.cif,Ba2NaSn(NO)4,-5.8993,2.432,Semiconductor,I-42d,122,48
PO_id3916_E-5.90.cif,PO,-5.8991,1.862,Semiconductor,Pbca,61,16
TiGe(CN)3_id2405_E-5.89.cif,TiGe(CN)3,-5.8913,0.0,Metal,R-3c,167,48
ScO5_id2227_E-5.89.cif,ScO5,-5.8888,1.501,Semiconductor,C222_1,20,24
Sc3SbC2_id547_E-5.88.cif,Sc3SbC2,-5.885,0.0,Metal,P4/mbm,127,12
CaGaO2_id3326_E-5.88.cif,CaGaO2,-5.8843,2.346,Semiconductor,I4_122,98,16
LiScTiZnBAsPC4N3_id2509_E-5.88.cif,LiScTiZnBAsPC4N3,-5.8828,0.177,Semiconductor,Pca2_1,29,56
Ti4Zn(NO)2_id2662_E-5.88.cif,Ti4Zn(NO)2,-5.8825,1.173,Semiconductor,P4/mnc,128,36
Sc4Te3_id2764_E-5.87.cif,Sc4Te3,-5.8736,0.0,Metal,Im-3m,229,14
Ti_id4587_E-5.87.cif,Ti,-5.8716,0.772,Semiconductor,Im-3m,229,36
Ge2NO_id3687_E-5.87.cif,Ge2NO,-5.868,0.0,Metal,I4_1/amd,141,16
Sc3Al_id3299_E-5.86.cif,Sc3Al,-5.8635,0.0,Metal,Fm-3m,225,16
KTi2O3_id237_E-5.85.cif,KTi2O3,-5.8529,0.0,Metal,I4_122,98,24
Sc6AlGa_id2935_E-5.84.cif,Sc6AlGa,-5.8436,0.0,Metal,Pm-3,200,8
Sc7SbN2_id747_E-5.84.cif,Sc7SbN2,-5.8398,0.0,Metal,R3m,160,30
MgGeO2_id1320_E-5.84.cif,MgGeO2,-5.8373,1.154,Semiconductor,I4_122,98,16
Ti4ZnSb2O7_id971_E-5.83.cif,Ti4ZnSb2O7,-5.8333,0.0,Metal,I4/m,87,28
Ti2SbAs4_id811_E-5.83.cif,Ti2SbAs4,-5.8281,0.0,Metal,I-42m,121,14
Ti2Zn_id2100_E-5.82.cif,Ti2Zn,-5.8241,0.0,Metal,I4/mmm,139,12
LiGeO2_id3869_E-5.82.cif,LiGeO2,-5.8238,0.0,Metal,I4_122,98,16
Sr3O4_id3928_E-5.82.cif,Sr3O4,-5.8186,3.017,Semiconductor,P6_3,173,14
Al2P2NO8_id2282_E-5.81.cif,Al2P2NO8,-5.8133,1.593,Semiconductor,Pcca,54,52
Sr2LiSb(N2O3)2_id2444_E-5.80.cif,Sr2LiSb(N2O3)2,-5.8012,2.135,Semiconductor,I4_1/a,88,56
Sc_id3439_E-5.80.cif,Sc,-5.7974,0.0,Metal,Cmcm,63,16
Sc5N_id3740_E-5.79.cif,Sc5N,-5.7936,0.0,Metal,Pn-3m,224,12
Sc5N_id4663_E-5.79.cif,Sc5N,-5.7936,0.0,Metal,Pn-3m,224,12
Sc_id1217_E-5.79.cif,Sc,-5.7916,0.0,Metal,P4_2/mcm,132,32
TiSi4_id2908_E-5.79.cif,TiSi4,-5.7874,0.273,Semiconductor,Ccce,68,20
SrSn(PO)4_id3096_E-5.78.cif,SrSn(PO)4,-5.784,2.24,Semiconductor,I4_1/a,88,40
Ba(SiO)2_id3734_E-5.78.cif,Ba(SiO)2,-5.7822,0.056,Semiconductor,Pbca,61,20
Sc3P(SN3)3_id1950_E-5.78.cif,Sc3P(SN3)3,-5.7785,1.177,Semiconductor,R-3m,166,48
Sc2Ge_id4567_E-5.77.cif,Sc2Ge,-5.772,0.0,Metal,P4_2/nmc,137,12
CaScAlN_id694_E-5.77.cif,CaScAlN,-5.7672,0.0,Metal,Amm2,38,8
Sc_id1310_E-5.76.cif,Sc,-5.7575,0.0,Metal,Pmna,53,26
CaO2_id4508_E-5.76.cif,CaO2,-5.7568,4.147,Insulator,Pbca,61,12
MgAsO2_id365_E-5.75.cif,MgAsO2,-5.7498,0.007,Metal,I4_122,98,16
ScTe_id1426_E-5.74.cif,ScTe,-5.7446,0.398,Semiconductor,I4/mcm,140,16
Sc_id3576_E-5.74.cif,Sc,-5.7439,0.0,Metal,Pmna,53,30
CaTi4Al_id4124_E-5.74.cif,CaTi4Al,-5.7435,0.0,Metal,I-4m2,119,12
SiO3_id2631_E-5.74.cif,SiO3,-5.7415,0.468,Semiconductor,I-42d,122,32
C13Se2_id2934_E-5.73.cif,C13Se2,-5.7265,1.161,Semiconductor,C2/c,15,60
NaCaTi(NO)2_id498_E-5.73.cif,NaCaTi(NO)2,-5.7263,2.025,Semiconductor,Pca2_1,29,28
ScTiSn_id4898_E-5.72.cif,ScTiSn,-5.7204,0.145,Semiconductor,P4/mmm,123,12
BaSc6O_id4133_E-5.72.cif,BaSc6O,-5.7173,0.0,Metal,P6_322,182,16
ScGa3O7_id707_E-5.72.cif,ScGa3O7,-5.716,1.329,Semiconductor,Pm-3n,223,22
Sc_id4649_E-5.72.cif,Sc,-5.7154,0.0,Metal,I4_1/acd,142,16
As2O3_id4736_E-5.71.cif,As2O3,-5.7127,1.298,Semiconductor,Pccn,56,20
Si2PO2_id2278_E-5.71.cif,Si2PO2,-5.7099,0.445,Semiconductor,Pca2_1,29,20
MgTi6Ga3C_id260_E-5.70.cif,MgTi6Ga3C,-5.7025,0.0,Metal,Pm-3m,221,11
CdSiO2_id3245_E-5.69.cif,CdSiO2,-5.6945,0.014,Metal,I4_122,98,16
LiGeO2_id3753_E-5.69.cif,LiGeO2,-5.6868,2.757,Semiconductor,I4_122,98,16
SnO_id4271_E-5.69.cif,SnO,-5.6851,0.0,Metal,Pbca,61,16
Sc4(BeP)3_id4679_E-5.69.cif,Sc4(BeP)3,-5.6851,0.0,Metal,I-43d,220,40
Ti2CdInO2_id4665_E-5.68.cif,Ti2CdInO2,-5.6787,0.087,Semiconductor,P4_12_12,92,24
Sc2Ga_id4935_E-5.68.cif,Sc2Ga,-5.6779,0.0,Metal,I4/mmm,139,12
NaCaBe2(GaO3)2_id3560_E-5.67.cif,NaCaBe2(GaO3)2,-5.6739,0.0,Metal,C222,21,24
Ti9AlGa_id3639_E-5.67.cif,Ti9AlGa,-5.6685,0.0,Metal,Pm-3,200,11
BaN2O_id2286_E-5.67.cif,BaN2O,-5.667,0.523,Semiconductor,I4_122,98,16
Ti4Zn2B_id583_E-5.67.cif,Ti4Zn2B,-5.6667,0.0,Metal,P6_422,181,21
ScTe_id4481_E-5.66.cif,ScTe,-5.6585,0.0,Metal,P4/mmm,123,8
SrGa2GeO4_id1678_E-5.66.cif,SrGa2GeO4,-5.6556,0.907,Semiconductor,I222,23,16
Sc7Ti_id2437_E-5.65.cif,Sc7Ti,-5.6467,0.0,Metal,P2/m,10,8
Ca2Sc2Cd2SO9_id3630_E-5.64.cif,Ca2Sc2Cd2SO9,-5.6449,1.735,Semiconductor,Pban,50,32
AlGaN2_id1998_E-5.64.cif,AlGaN2,-5.6429,0.115,Semiconductor,Fm-3m,225,16
As2NO_id2676_E-5.63.cif,As2NO,-5.6302,0.788,Semiconductor,Pca2_1,29,16
Sb(NO)3_id4952_E-5.62.cif,Sb(NO)3,-5.6244,0.024,Metal,R-3c,167,42
Sc_id323_E-5.62.cif,Sc,-5.6229,0.0,Metal,Amm2,38,16
BaCaO4_id939_E-5.62.cif,BaCaO4,-5.6228,3.304,Semiconductor,Pban,50,12
KAlSiO2_id2156_E-5.62.cif,KAlSiO2,-5.6227,0.0,Metal,Pca2_1,29,20
ScAl2SO3_id3752_E-5.62.cif,ScAl2SO3,-5.6202,2.359,Semiconductor,P4/nmm,129,14
Sc3GeSe2_id798_E-5.61.cif,Sc3GeSe2,-5.6107,0.304,Semiconductor,P2_1/c,14,24
NaGeO2_id4834_E-5.61.cif,NaGeO2,-5.6059,1.851,Semiconductor,I4_122,98,16
Sc_id1565_E-5.61.cif,Sc,-5.6058,0.0,Metal,P2_12_12_1,19,32
TiGa3N3O4_id834_E-5.60.cif,TiGa3N3O4,-5.6042,0.109,Semiconductor,Pm-3n,223,22
ScAsS2N_id4570_E-5.60.cif,ScAsS2N,-5.6032,1.726,Semiconductor,Pca2_1,29,20
SrCaO4_id1701_E-5.60.cif,SrCaO4,-5.6014,3.444,Semiconductor,P4/nbm,125,12
Sc_id4864_E-5.60.cif,Sc,-5.5987,0.0,Metal,I4/mmm,139,20
BaCaO4_id3765_E-5.60.cif,BaCaO4,-5.5985,0.228,Semiconductor,P4/nbm,125,12
BaO2_id4697_E-5.59.cif,BaO2,-5.5934,3.863,Insulator,Pca2_1,29,12
Sc(Ge2O)2_id2324_E-5.59.cif,Sc(Ge2O)2,-5.5925,0.0,Metal,I4/m,87,14
Mg(SnO2)2_id1968_E-5.59.cif,Mg(SnO2)2,-5.5895,1.389,Semiconductor,P4_2/mcm,132,14
ScSi2_id460_E-5.59.cif,ScSi2,-5.5881,0.0,Metal,Fm-3m,225,12
ScAs2_id3497_E-5.58.cif,ScAs2,-5.584,0.0,Metal,I4_1/amd,141,12
Sc_id3664_E-5.58.cif,Sc,-5.5802,0.0,Metal,Immm,71,14
CdSiO2_id1870_E-5.58.cif,CdSiO2,-5.5785,0.004,Metal,I4_122,98,16
MgGeO2_id3906_E-5.57.cif,MgGeO2,-5.568,0.0,Metal,I4_122,98,16
Sc5B4_id1532_E-5.56.cif,Sc5B4,-5.5644,0.0,Metal,P-31m,162,27
AlGeN2_id4815_E-5.56.cif,AlGeN2,-5.5575,0.304,Semiconductor,I4_122,98,16
LiMg4Ti4(GaO2)2_id3797_E-5.55.cif,LiMg4Ti4(GaO2)2,-5.553,0.0,Metal,I-42m,121,30
CaSc3TiSe2_id3518_E-5.55.cif,CaSc3TiSe2,-5.5521,0.0,Metal,R-3m,166,21
Sc_id3667_E-5.55.cif,Sc,-5.5495,0.0,Metal,Pban,50,14
Ba2Sr2LiP2S2(N2O3)2_id4751_E-5.55.cif,Ba2Sr2LiP2S2(N2O3)2,-5.5457,2.496,Semiconductor,P3_121,152,57
CO_id3442_E-5.54.cif,CO,-5.5392,0.0,Metal,C2/m,12,24
Sc2Sb2C_id279_E-5.54.cif,Sc2Sb2C,-5.5381,0.0,Metal,I4/mmm,139,10
Sn3GeC12_id3737_E-5.53.cif,Sn3GeC12,-5.5339,0.08,Semiconductor,R-3,148,48
Sc_id1673_E-5.53.cif,Sc,-5.5324,0.0,Metal,Pm-3m,221,12
LiSnO2_id1425_E-5.53.cif,LiSnO2,-5.5303,0.009,Metal,Pa-3,205,16
LiTiS2_id4743_E-5.53.cif,LiTiS2,-5.5272,0.69,Semiconductor,I-42d,122,32
SrScO12_id1681_E-5.53.cif,SrScO12,-5.5267,0.059,Semiconductor,P-31c,163,28
Sc_id106_E-5.52.cif,Sc,-5.5238,0.0,Metal,P2/m,10,18
Ba4ScCd3O6_id2415_E-5.52.cif,Ba4ScCd3O6,-5.5237,0.0,Metal,Im-3m,229,28
Sc5Zn_id4835_E-5.52.cif,Sc5Zn,-5.5211,0.0,Metal,P6_3/mmc,194,12
Sc2TiZn_id1373_E-5.52.cif,Sc2TiZn,-5.52,0.0,Metal,Fm-3m,225,16
Cd(GaO2)6_id2165_E-5.52.cif,Cd(GaO2)6,-5.519,1.721,Semiconductor,Im-3,204,38
NaTi6Sn2(SO3)6_id3853_E-5.52.cif,NaTi6Sn2(SO3)6,-5.5188,0.0,Metal,P-3,147,33
K2Na(BO)6_id3717_E-5.51.cif,K2Na(BO)6,-5.5135,1.651,Semiconductor,P6_322,182,30
BeSbN_id4826_E-5.51.cif,BeSbN,-5.5098,1.884,Semiconductor,P6_222,180,9
LiSiO2_id1931_E-5.51.cif,LiSiO2,-5.5058,3.568,Insulator,I4_122,98,16
Ti_id2578_E-5.50.cif,Ti,-5.5024,0.0,Metal,P-4c2,116,16
Sc3Se4_id3733_E-5.50.cif,Sc3Se4,-5.5002,0.0,Metal,Pm-3m,221,14
AsO_id4255_E-5.50.cif,AsO,-5.495,1.04,Semiconductor,Pca2_1,29,8
ScO9_id2932_E-5.49.cif,ScO9,-5.4919,0.0,Metal,Pnma,62,40
P2O9_id350_E-5.49.cif,P2O9,-5.4854,4.536,Insulator,Pba2,32,22
BaSrCaO8_id40_E-5.48.cif,BaSrCaO8,-5.4771,0.285,Semiconductor,P4/nbm,125,22
BaLi3MgTiSi2N6O7_id4537_E-5.47.cif,BaLi3MgTiSi2N6O7,-5.4737,2.113,Semiconductor,Pc,7,42
B3AsPO7_id4789_E-5.47.cif,B3AsPO7,-5.4701,1.11,Semiconductor,P6_322,182,24
Ba4LiO4_id3192_E-5.46.cif,Ba4LiO4,-5.4604,0.0,Metal,I4/m,87,18
Sc(Ti2Sn)2_id396_E-5.45.cif,Sc(Ti2Sn)2,-5.4528,0.0,Metal,P4_322,95,28
BaSnO4_id4754_E-5.45.cif,BaSnO4,-5.4524,0.0,Metal,P4/nbm,125,12
CaSnO4_id2430_E-5.45.cif,CaSnO4,-5.452,0.0,Metal,P4/nbm,125,12
Ca3SnTeO3_id846_E-5.44.cif,Ca3SnTeO3,-5.4435,0.0,Metal,Pm-3m,221,8
Sc4TiBC2_id653_E-5.44.cif,Sc4TiBC2,-5.4409,0.0,Metal,P42_12,90,16
Ti2Si3_id3825_E-5.44.cif,Ti2Si3,-5.4376,0.202,Semiconductor,Pnma,62,20
Sc_id4366_E-5.44.cif,Sc,-5.4367,0.0,Metal,C222_1,20,16
C(NO2)3_id284_E-5.43.cif,C(NO2)3,-5.4316,3.452,Semiconductor,P3_2,145,30
SiGeN2_id4702_E-5.43.cif,SiGeN2,-5.4266,2.748,Semiconductor,I4_122,98,16
MgSc6(SeO)2_id4727_E-5.42.cif,MgSc6(SeO)2,-5.4231,0.0,Metal,R-3m,166,33
NaSrGe2AsO4_id4278_E-5.41.cif,NaSrGe2AsO4,-5.413,1.122,Semiconductor,I222,23,18
Sc2Al_id140_E-5.41.cif,Sc2Al,-5.4105,0.0,Metal,P4_2/nmc,137,12
GaO_id2645_E-5.41.cif,GaO,-5.4088,0.362,Semiconductor,I4_122,98,16
SrBO8_id255_E-5.41.cif,SrBO8,-5.4084,0.0,Metal,P-6c2,188,20
AlGaO2_id25_E-5.41.cif,AlGaO2,-5.4078,2.473,Semiconductor,Pca2_1,29,16
NaSbO2_id2567_E-5.40.cif,NaSbO2,-5.4047,0.0,Metal,I4_122,98,16
GaO_id3166_E-5.40.cif,GaO,-5.404,0.772,Semiconductor,Pbca,61,16
TiGeSbS2O_id4885_E-5.40.cif,TiGeSbS2O,-5.4022,1.01,Semiconductor,P6_522,179,36
Sc6Ti5_id1669_E-5.40.cif,Sc6Ti5,-5.4016,0.0,Metal,P2,3,22
Sc2SiB_id2942_E-5.40.cif,Sc2SiB,-5.4009,0.0,Metal,P6_222,180,12
Sc_id4180_E-5.40.cif,Sc,-5.397,1.079,Semiconductor,P6cc,184,18
Sc4SbAs2_id2669_E-5.40.cif,Sc4SbAs2,-5.3966,0.0,Metal,Pccm,49,14
SrSiN2_id3528_E-5.40.cif,SrSiN2,-5.3958,0.0,Metal,Fm-3m,225,16
KTi3ZnTeO12_id2750_E-5.39.cif,KTi3ZnTeO12,-5.3898,1.193,Semiconductor,P-3,147,36
TiTeSO_id2102_E-5.39.cif,TiTeSO,-5.3877,0.0,Metal,P3_221,154,12
Ti4GaB_id4936_E-5.39.cif,Ti4GaB,-5.3876,0.0,Metal,P6_422,181,18
KNa2Ca2TiO6_id2008_E-5.37.cif,KNa2Ca2TiO6,-5.3737,2.214,Semiconductor,C2/m,12,24
Sc_id4992_E-5.37.cif,Sc,-5.3707,0.0,Metal,Pbam,55,20
Mg4Sc3O8_id1798_E-5.37.cif,Mg4Sc3O8,-5.3678,0.0,Metal,P-43m,215,15
Ca2Ge3O4_id1413_E-5.36.cif,Ca2Ge3O4,-5.365,0.0,Metal,P6/mmm,191,18
NaSc2Ge2O_id4839_E-5.36.cif,NaSc2Ge2O,-5.3644,0.0,Metal,P6_222,180,18
BaN6_id686_E-5.36.cif,BaN6,-5.3582,2.058,Semiconductor,Immm,71,14
CaGa3O7_id4674_E-5.36.cif,CaGa3O7,-5.3577,1.354,Semiconductor,Pm-3n,223,22
Li2Ti3O8_id3815_E-5.35.cif,Li2Ti3O8,-5.3506,0.0,Metal,P-43m,215,13
LiB4PN2_id327_E-5.35.cif,LiB4PN2,-5.3467,0.468,Semiconductor,I4_122,98,32
BaCaGa2N11_id75_E-5.34.cif,BaCaGa2N11,-5.3441,2.156,Semiconductor,P-3m1,164,15
ScTi3Al3GaC_id3337_E-5.33.cif,ScTi3Al3GaC,-5.3329,0.0,Metal,Cmcm,63,36
NaScO6_id2055_E-5.33.cif,NaScO6,-5.33,0.627,Semiconductor,P-31c,163,16
Sc(TiSi4)2_id1159_E-5.32.cif,Sc(TiSi4)2,-5.321,0.0,Metal,I422,97,22
Ti2Al3O_id4376_E-5.32.cif,Ti2Al3O,-5.3174,0.0,Metal,Pn-3m,224,12
Ge(SbN)2_id86_E-5.31.cif,Ge(SbN)2,-5.3132,1.337,Semiconductor,P4_12_12,92,20
Mg3Ga(NO)2_id4087_E-5.31.cif,Mg3Ga(NO)2,-5.3128,1.746,Semiconductor,C2/m,12,16
Ti(GaN)4_id2504_E-5.31.cif,Ti(GaN)4,-5.3096,0.12,Semiconductor,Ccce,68,36
BaS_id3668_E-5.31.cif,BaS,-5.3092,0.252,Semiconductor,Fm-3m,225,8
Sr2N2O_id4096_E-5.30.cif,Sr2N2O,-5.3014,1.542,Semiconductor,Aea2,41,40
Sc4Zn_id2641_E-5.30.cif,Sc4Zn,-5.2984,0.0,Metal,Amm2,38,10
InO2_id664_E-5.30.cif,InO2,-5.2975,1.357,Semiconductor,Pban,50,12
P4CS2N5_id2216_E-5.29.cif,P4CS2N5,-5.295,1.175,Semiconductor,I-42d,122,48
Li(SiS2)2_id2623_E-5.29.cif,Li(SiS2)2,-5.2894,1.387,Semiconductor,P-42m,111,7
TiTe2_id591_E-5.29.cif,TiTe2,-5.2866,0.0,Metal,P6/mcc,192,36
Sr2BSbN_id41_E-5.28.cif,Sr2BSbN,-5.2822,0.0,Metal,P6_222,180,15
TiIn3O3_id3748_E-5.28.cif,TiIn3O3,-5.2801,0.254,Semiconductor,Pm-3n,223,14
Sc_id3009_E-5.28.cif,Sc,-5.276,0.0,Metal,Amm2,38,16
LiSc3AsSe3_id2234_E-5.26.cif,LiSc3AsSe3,-5.2649,0.0,Metal,Pm-3m,221,8
K2Ti2Si2B4N5O_id4060_E-5.26.cif,K2Ti2Si2B4N5O,-5.2628,1.913,Semiconductor,P4_2/m,84,32
AlAsO2_id1712_E-5.26.cif,AlAsO2,-5.2605,1.914,Semiconductor,P1,1,16
BS2_id1789_E-5.26.cif,BS2,-5.2593,1.811,Semiconductor,Pbca,61,24
NaSrInO4_id1932_E-5.26.cif,NaSrInO4,-5.2592,0.0,Metal,P4bm,100,14
K2CaGaO6_id198_E-5.25.cif,K2CaGaO6,-5.2504,3.711,Insulator,Fm-3m,225,40
Ca2N3O_id4083_E-5.25.cif,Ca2N3O,-5.2485,2.734,Semiconductor,P6_222,180,18
SrScO10_id4464_E-5.24.cif,SrScO10,-5.2431,0.0,Metal,P-3,147,12
Sc6Ti3Te4_id2832_E-5.24.cif,Sc6Ti3Te4,-5.2382,0.0,Metal,Im-3m,229,26
Ba2Na7Ge2B2As2(PO12)2_id3478_E-5.24.cif,Ba2Na7Ge2B2As2(PO12)2,-5.2373,0.749,Semiconductor,P-1,2,41
BeGa2SO2_id4867_E-5.23.cif,BeGa2SO2,-5.2331,1.773,Semiconductor,P3_221,154,18
Sn(SbO)2_id955_E-5.23.cif,Sn(SbO)2,-5.2319,0.0,Metal,Cccm,66,20
Ca2Te2As2N7_id2656_E-5.23.cif,Ca2Te2As2N7,-5.2291,0.935,Semiconductor,Ibam,72,52
Ti2GeAs3Se2_id321_E-5.23.cif,Ti2GeAs3Se2,-5.229,0.0,Metal,Pbam,55,16
Sc_id1732_E-5.23.cif,Sc,-5.228,0.0,Metal,P1,1,21
CdN3_id1780_E-5.23.cif,CdN3,-5.2276,0.149,Semiconductor,R-3,148,24
KLiTi6ZnGeB6_id3590_E-5.22.cif,KLiTi6ZnGeB6,-5.2213,0.0,Metal,P312,149,16
ScTi_id2095_E-5.22.cif,ScTi,-5.22,0.0,Metal,P4_2bc,106,16
Ba(SbO2)2_id3423_E-5.22.cif,Ba(SbO2)2,-5.2188,0.122,Semiconductor,Pnnm,58,14
Ga2O3_id2436_E-5.22.cif,Ga2O3,-5.2168,0.007,Metal,Pbcn,60,20
Ba2InO4_id2209_E-5.21.cif,Ba2InO4,-5.2126,0.0,Metal,P4/mmm,123,28
Sc_id4175_E-5.21.cif,Sc,-5.2102,0.0,Metal,I4/mmm,139,24
BaSn3O4_id4814_E-5.21.cif,BaSn3O4,-5.2101,0.0,Metal,P6/mmm,191,8
Sc_id1055_E-5.21.cif,Sc,-5.2095,0.0,Metal,Pban,50,14
Sc4Ga_id416_E-5.21.cif,Sc4Ga,-5.2087,0.0,Metal,Ccce,68,20
Sr3(CO3)2_id4082_E-5.21.cif,Sr3(CO3)2,-5.2059,3.192,Semiconductor,P3c1,158,22
LiCaSb(P2O9)2_id1283_E-5.20.cif,LiCaSb(P2O9)2,-5.205,2.055,Semiconductor,I222,23,50
Be2O5_id2235_E-5.20.cif,Be2O5,-5.2034,0.03,Metal,Pbcn,60,28
Sc_id3155_E-5.20.cif,Sc,-5.2031,0.0,Metal,Pban,50,14
TiZnO3_id4365_E-5.20.cif,TiZnO3,-5.1992,2.341,Semiconductor,Cmc2_1,36,20
Si4O17_id4086_E-5.20.cif,Si4O17,-5.199,0.031,Metal,Pba2,32,42
TiAs_id4232_E-5.20.cif,TiAs,-5.198,0.0,Metal,C222_1,20,16
ScS4_id3820_E-5.19.cif,ScS4,-5.1851,2.259,Semiconductor,Pcca,54,20
Sc2TiZn2O5_id2187_E-5.18.cif,Sc2TiZn2O5,-5.1842,0.06,Semiconductor,P1,1,30
AlSnO_id1395_E-5.18.cif,AlSnO,-5.1838,1.48,Semiconductor,C222_1,20,24
CaPN2_id2050_E-5.18.cif,CaPN2,-5.1794,2.09,Semiconductor,I4_122,98,16
Li(SeN2)2_id4893_E-5.18.cif,Li(SeN2)2,-5.1781,1.468,Semiconductor,Fd-3m,227,56
LiSi(AsO)2_id1580_E-5.18.cif,LiSi(AsO)2,-5.1772,1.897,Semiconductor,I4_122,98,24
NaTiO6_id4392_E-5.17.cif,NaTiO6,-5.1685,0.438,Semiconductor,P-31c,163,16
Ti2Ga3N_id3502_E-5.16.cif,Ti2Ga3N,-5.163,0.0,Metal,Pn-3m,224,12
Ga6C(N2O)3_id1609_E-5.16.cif,Ga6C(N2O)3,-5.1621,1.69,Semiconductor,R-3m,166,48
Li7AlO6_id3276_E-5.16.cif,Li7AlO6,-5.1553,4.56,Insulator,Im-3m,229,28
AlSi3S4_id4990_E-5.15.cif,AlSi3S4,-5.1522,2.254,Semiconductor,I-42m,121,16
Sc2TiCd_id663_E-5.15.cif,Sc2TiCd,-5.1482,0.0,Metal,P4/mmm,123,4
Li5TiB4As4(S2O)2_id1472_E-5.14.cif,Li5TiB4As4(S2O)2,-5.137,1.489,Semiconductor,P4,75,20
Ba2O5_id470_E-5.13.cif,Ba2O5,-5.1331,2.638,Semiconductor,P4_2/mnm,136,14
Li2Si3SnGe2BAsP(SO4)2_id313_E-5.13.cif,Li2Si3SnGe2BAsP(SO4)2,-5.1312,0.0,Metal,P2_1,4,42
SrInO6_id2700_E-5.13.cif,SrInO6,-5.1312,2.25,Semiconductor,P6_322,182,16
LiSiCS3O_id2311_E-5.13.cif,LiSiCS3O,-5.1283,2.331,Semiconductor,P6_4,172,42
Se2O3_id4600_E-5.13.cif,Se2O3,-5.1254,2.181,Semiconductor,Pbcn,60,20
SrZn2O4_id2433_E-5.12.cif,SrZn2O4,-5.1238,2.086,Semiconductor,Fd-3m,227,56
Sn2Se2SO5_id112_E-5.12.cif,Sn2Se2SO5,-5.1224,1.428,Semiconductor,Pccn,56,40
MgSc4_id2160_E-5.12.cif,MgSc4,-5.1172,0.0,Metal,I-4m2,119,20
MgSc3_id2255_E-5.12.cif,MgSc3,-5.1169,0.0,Metal,Fm-3m,225,16
SnP(SN)2_id3563_E-5.10.cif,SnP(SN)2,-5.1043,0.0,Metal,P4/nmm,129,12
NaLiAsN2O5_id1181_E-5.10.cif,NaLiAsN2O5,-5.1041,1.981,Semiconductor,P6_3,173,60
Sc7Se2_id2770_E-5.10.cif,Sc7Se2,-5.104,0.0,Metal,Cmce,64,36
BaLiO4_id456_E-5.10.cif,BaLiO4,-5.1015,3.261,Semiconductor,Pban,50,12
Sc_id4332_E-5.10.cif,Sc,-5.1004,2.069,Semiconductor,P4_2/mbc,135,56
B2O17_id4158_E-5.10.cif,B2O17,-5.0961,0.0,Metal,C2,5,38
Te(NO)3_id1634_E-5.10.cif,Te(NO)3,-5.0951,0.596,Semiconductor,P6_4,172,21
Sc2AlGa_id3826_E-5.09.cif,Sc2AlGa,-5.0935,0.0,Metal,I-42d,122,16
Si_id3879_E-5.09.cif,Si,-5.0862,2.324,Semiconductor,Cmce,64,28
K4GeO4_id4357_E-5.08.cif,K4GeO4,-5.0826,2.667,Semiconductor,P-42_1c,114,18
MgGeO2_id2199_E-5.08.cif,MgGeO2,-5.0812,1.599,Semiconductor,I4_122,98,16
Ba4NaCdO6_id4436_E-5.08.cif,Ba4NaCdO6,-5.0779,0.0,Metal,P-42_1c,114,24
ScSn2_id4336_E-5.08.cif,ScSn2,-5.0772,0.0,Metal,P4/nmm,129,6
Li3(ScSe)4_id1524_E-5.07.cif,Li3(ScSe)4,-5.074,0.0,Metal,Pm-3n,223,22
CdIn2O4_id1571_E-5.07.cif,CdIn2O4,-5.0671,0.439,Semiconductor,Pban,50,14
Ti6Be2C_id3347_E-5.06.cif,Ti6Be2C,-5.0625,0.0,Metal,P3_1,144,27
Li2Ge2O3_id717_E-5.06.cif,Li2Ge2O3,-5.0581,1.238,Semiconductor,Pbcn,60,28
BaSiS2_id3489_E-5.05.cif,BaSiS2,-5.0485,2.064,Semiconductor,I4_1/amd,141,16
BaMgGeO3_id3446_E-5.05.cif,BaMgGeO3,-5.0464,2.015,Semiconductor,Amm2,38,12
Li2TiSi2BO15_id1764_E-5.05.cif,Li2TiSi2BO15,-5.0458,1.091,Semiconductor,Pc,7,42
ScO6_id4241_E-5.04.cif,ScO6,-5.0423,2.563,Semiconductor,P6/mmm,191,21
P_id2096_E-5.04.cif,P,-5.0421,1.508,Semiconductor,P-43n,218,24
Ti2Al2Ga3N_id2711_E-5.04.cif,Ti2Al2Ga3N,-5.0388,0.0,Metal,Pn-3m,224,16
Sc4Ga_id4730_E-5.04.cif,Sc4Ga,-5.0358,0.0,Metal,Pa-3,205,20
Be3BO8_id3475_E-5.04.cif,Be3BO8,-5.0358,1.716,Semiconductor,I-42d,122,48
TiCdSi(PS)2_id2555_E-5.04.cif,TiCdSi(PS)2,-5.0357,0.0,Metal,Pccm,49,14
Ba2CdO4_id1572_E-5.04.cif,Ba2CdO4,-5.0356,0.0,Metal,I4_1/a,88,28
ScGeBSbO10_id4619_E-5.03.cif,ScGeBSbO10,-5.0341,2.532,Semiconductor,P2_1/m,11,28
BaTi4Zn3O3_id4335_E-5.03.cif,BaTi4Zn3O3,-5.0316,0.0,Metal,Pm-3n,223,22
NaSbO2_id4449_E-5.03.cif,NaSbO2,-5.0302,1.711,Semiconductor,I4_122,98,16
LiSiS2_id3483_E-5.03.cif,LiSiS2,-5.029,2.348,Semiconductor,I-42m,121,16
Sc_id4156_E-5.03.cif,Sc,-5.0284,0.0,Metal,Im-3m,229,28
Sc_id3379_E-5.03.cif,Sc,-5.0282,0.0,Metal,Im-3m,229,28
Ti6AlO_id918_E-5.03.cif,Ti6AlO,-5.0263,0.0,Metal,P6_322,182,16
KSrO8_id2022_E-5.02.cif,KSrO8,-5.02,0.921,Semiconductor,P4/nbm,125,20
Sc12AlO_id1119_E-5.02.cif,Sc12AlO,-5.0194,0.0,Metal,P6_322,182,28
Si2B9_id4616_E-5.02.cif,Si2B9,-5.0158,2.3,Semiconductor,P4bm,100,44
LiAsO4_id4673_E-5.01.cif,LiAsO4,-5.0145,2.646,Semiconductor,I4_122,98,24
KB2SeSO_id4407_E-5.01.cif,KB2SeSO,-5.0138,2.69,Semiconductor,Pca2_1,29,24
Ca2O7_id1291_E-5.01.cif,Ca2O7,-5.0118,1.333,Semiconductor,P4_2cm,101,36
TeS2O3_id1782_E-5.01.cif,TeS2O3,-5.0095,2.441,Semiconductor,Aea2,41,24
LiSc7O10_id3876_E-5.01.cif,LiSc7O10,-5.0092,1.437,Semiconductor,P2/c,13,36
SbPSe2S2(NO2)3_id2648_E-5.01.cif,SbPSe2S2(NO2)3,-5.0092,2.12,Semiconductor,P2/c,13,60
BeAl(GaO3)2_id3292_E-5.01.cif,BeAl(GaO3)2,-5.0089,2.502,Semiconductor,P-42c,112,40
B(AsO)12_id4886_E-5.01.cif,B(AsO)12,-5.0086,0.708,Semiconductor,I432,211,50
Sc2ZnSn_id3671_E-5.01.cif,Sc2ZnSn,-5.0081,0.0,Metal,Fm-3m,225,16
InO_id4528_E-5.01.cif,InO,-5.008,0.615,Semiconductor,P4_2/ncm,138,8
ZnSn2BO4_id335_E-5.01.cif,ZnSn2BO4,-5.0064,1.656,Semiconductor,P-42c,112,16
BaTeN3_id2796_E-5.00.cif,BaTeN3,-5.0011,0.436,Semiconductor,R-3,148,30
CaO3_id319_E-5.00.cif,CaO3,-4.9982,4.608,Insulator,R-3c,167,24
Sn2O_id3913_E-5.00.cif,Sn2O,-4.9975,0.546,Semiconductor,Pbcn,60,12
Li3(SbO6)2_id1948_E-4.99.cif,Li3(SbO6)2,-4.9924,1.722,Semiconductor,P6/mcc,192,34
Li2Ga2Si3(SO3)2_id1380_E-4.99.cif,Li2Ga2Si3(SO3)2,-4.9911,1.941,Semiconductor,C2/m,12,30
Ba2GeC2SN3O4_id4838_E-4.99.cif,Ba2GeC2SN3O4,-4.988,1.971,Semiconductor,P2/m,10,13
BaInO6_id2991_E-4.99.cif,BaInO6,-4.9873,2.006,Semiconductor,P6_322,182,16
K2NaIn3O6_id1636_E-4.99.cif,K2NaIn3O6,-4.9863,1.604,Semiconductor,P-3c1,165,24
Sc2In7(SiO)6_id3208_E-4.98.cif,Sc2In7(SiO)6,-4.9784,0.0,Metal,P-3c1,165,42
Si2P2O_id2169_E-4.98.cif,Si2P2O,-4.9784,0.0,Metal,P4_2/nnm,134,40
Sc3(GaC)2_id1115_E-4.98.cif,Sc3(GaC)2,-4.9773,0.0,Metal,P4/nnc,126,56
Ti2GaO_id2076_E-4.97.cif,Ti2GaO,-4.9749,1.509,Semiconductor,Pmmn,59,8
SrSiP4_id16_E-4.97.cif,SrSiP4,-4.9736,1.02,Semiconductor,I4_1/a,88,24
Mg2Be3N2_id4913_E-4.97.cif,Mg2Be3N2,-4.9728,0.073,Semiconductor,R-3m,166,21
Li8Si2S2NO8_id1920_E-4.97.cif,Li8Si2S2NO8,-4.972,0.467,Semiconductor,P2_1/c,14,42
As2O_id859_E-4.96.cif,As2O,-4.9639,0.218,Semiconductor,Pbcn,60,12
K2(SnO2)3_id831_E-4.96.cif,K2(SnO2)3,-4.9636,0.328,Semiconductor,P-31c,163,22
NaSrO12_id4289_E-4.96.cif,NaSrO12,-4.9634,2.559,Semiconductor,P-31c,163,28
In3SbO4_id2594_E-4.96.cif,In3SbO4,-4.9597,0.255,Semiconductor,P4_2/m,84,16
Sr2CSeO2_id3510_E-4.96.cif,Sr2CSeO2,-4.9568,1.801,Semiconductor,C222,21,12
Si2GeAs2(PO)2_id3149_E-4.96.cif,Si2GeAs2(PO)2,-4.9561,0.971,Semiconductor,P4_2mc,105,18
K2Ge3O4_id1412_E-4.95.cif,K2Ge3O4,-4.9528,0.041,Metal,C222,21,18
SrGaSiPN4O13_id802_E-4.95.cif,SrGaSiPN4O13,-4.9526,2.466,Semiconductor,P2_1,4,42
NaBe(GaO2)2_id1378_E-4.95.cif,NaBe(GaO2)2,-4.952,1.681,Semiconductor,P6_422,181,24
Mg(P3O)2_id3865_E-4.95.cif,Mg(P3O)2,-4.95,1.364,Semiconductor,P4_2/mnm,136,18
BaO6_id151_E-4.95.cif,BaO6,-4.9489,0.0,Metal,P4/nbm,125,28
Si_id1820_E-4.95.cif,Si,-4.9479,0.0,Metal,I-43d,220,28
Ca2PO2_id2706_E-4.94.cif,Ca2PO2,-4.9428,0.002,Metal,P4_332,212,20
CaO3_id2614_E-4.94.cif,CaO3,-4.9398,4.47,Insulator,P-31c,163,16
Si_id1497_E-4.94.cif,Si,-4.9387,0.84,Semiconductor,I4_1/a,88,20
GaGeN2_id3537_E-4.94.cif,GaGeN2,-4.9386,0.023,Metal,I4_122,98,16
Si_id2894_E-4.92.cif,Si,-4.9204,0.251,Semiconductor,I-43d,220,28
LiB2P_id4348_E-4.92.cif,LiB2P,-4.9186,1.557,Semiconductor,I4_1/amd,141,16
Ti(BeB)2_id2652_E-4.92.cif,Ti(BeB)2,-4.9164,0.0,Metal,P6_5,170,30
Li2CaPO2_id3414_E-4.91.cif,Li2CaPO2,-4.9076,3.688,Insulator,Cmcm,63,24
Ba2S3_id2773_E-4.90.cif,Ba2S3,-4.9047,2.058,Semiconductor,Pn-3m,224,10
ScTe_id457_E-4.90.cif,ScTe,-4.9047,0.0,Metal,C222_1,20,16
BaSnS2_id225_E-4.90.cif,BaSnS2,-4.9016,0.738,Semiconductor,I4_122,98,16
SrNO_id3365_E-4.90.cif,SrNO,-4.9015,0.0,Metal,Pca2_1,29,12
CaP2_id4381_E-4.90.cif,CaP2,-4.9011,1.42,Semiconductor,P4_332,212,12
MgSi8GeSb(PN)4_id3729_E-4.90.cif,MgSi8GeSb(PN)4,-4.9002,0.0,Metal,I-4,82,38
Ba2GeS3O5_id1301_E-4.90.cif,Ba2GeS3O5,-4.8994,1.215,Semiconductor,P2_1/c,14,44
NaMgTi4_id2880_E-4.90.cif,NaMgTi4,-4.8981,0.0,Metal,I-4m2,119,12
Ti2BeAlGaGeN2_id912_E-4.90.cif,Ti2BeAlGaGeN2,-4.8953,0.007,Metal,P1,1,16
BePSeN_id3152_E-4.89.cif,BePSeN,-4.8863,1.466,Semiconductor,Pca2_1,29,16
KGa2AsO8_id4773_E-4.88.cif,KGa2AsO8,-4.8821,2.434,Semiconductor,I-42m,121,24
NaLi2TiAsO12_id3495_E-4.88.cif,NaLi2TiAsO12,-4.8786,0.0,Metal,I222,23,34
Ti4Be5B_id4873_E-4.88.cif,Ti4Be5B,-4.8782,0.0,Metal,P6_422,181,30
Ti6Al5_id3069_E-4.88.cif,Ti6Al5,-4.878,0.0,Metal,Fmmm,69,44
As2SN3O2_id3448_E-4.88.cif,As2SN3O2,-4.8776,0.65,Semiconductor,P3_121,152,24
LiBeZnO2_id2357_E-4.88.cif,LiBeZnO2,-4.8774,2.966,Semiconductor,Ibam,72,40
LiMg2O6_id4967_E-4.88.cif,LiMg2O6,-4.877,2.143,Semiconductor,P-3c1,165,18
Sr4N3_id4845_E-4.88.cif,Sr4N3,-4.8753,0.0,Metal,I-43d,220,28
NaZn(As3O2)2_id1805_E-4.87.cif,NaZn(As3O2)2,-4.8744,1.191,Semiconductor,I4mm,107,24
In4NO4_id165_E-4.87.cif,In4NO4,-4.8716,0.0,Metal,P-42_1c,114,18
In(TeO2)4_id1744_E-4.87.cif,In(TeO2)4,-4.8707,2.12,Semiconductor,P-42_1c,114,26
Sc_id3016_E-4.87.cif,Sc,-4.8683,0.0,Metal,P4_2mc,105,12
Si2As4P11_id2059_E-4.87.cif,Si2As4P11,-4.8664,1.13,Semiconductor,P2_12_12,18,34
Si4S3_id19_E-4.86.cif,Si4S3,-4.8625,0.0,Metal,I-43d,220,28
O2_id3508_E-4.86.cif,O2,-4.8618,1.114,Semiconductor,Pbca,61,16
KNaCaO6_id3504_E-4.86.cif,KNaCaO6,-4.8592,3.693,Insulator,P-31c,163,18
SiGeP9_id1205_E-4.86.cif,SiGeP9,-4.859,0.555,Semiconductor,C222_1,20,44
Sc_id4162_E-4.86.cif,Sc,-4.8559,0.0,Metal,Pma2,28,48
BaCdO12_id3665_E-4.85.cif,BaCdO12,-4.8502,0.097,Semiconductor,P6_322,182,28
KMg2Be6InGa6(GeO9)2_id799_E-4.84.cif,KMg2Be6InGa6(GeO9)2,-4.8436,2.063,Semiconductor,P321,150,36
ScGa_id634_E-4.84.cif,ScGa,-4.841,0.0,Metal,P6_3/mcm,193,16
Sc_id3471_E-4.84.cif,Sc,-4.8408,0.0,Metal,Pn-3m,224,16
Sc_id251_E-4.84.cif,Sc,-4.8401,0.0,Metal,P-31m,162,15
TiSe3S4_id4541_E-4.84.cif,TiSe3S4,-4.8398,0.566,Semiconductor,I4cm,108,32
LiCaB(NO8)2_id3690_E-4.84.cif,LiCaB(NO8)2,-4.8385,0.512,Semiconductor,P2_1,4,42
KTi2AlAs_id199_E-4.83.cif,KTi2AlAs,-4.8331,0.0,Metal,P4_122,91,20
CaZnO2_id3776_E-4.83.cif,CaZnO2,-4.8284,2.321,Semiconductor,I4_122,98,16
ScTiZn_id580_E-4.82.cif,ScTiZn,-4.8246,0.0,Metal,F-43m,216,12
AsO_id2078_E-4.82.cif,AsO,-4.8242,0.0,Metal,I-42d,122,32
Na2Ca3NO6_id103_E-4.82.cif,Na2Ca3NO6,-4.8221,1.117,Semiconductor,P2,3,12
SiP2_id3936_E-4.82.cif,SiP2,-4.8215,0.906,Semiconductor,P6_522,179,18
Sc9Ge2_id2043_E-4.82.cif,Sc9Ge2,-4.8202,0.0,Metal,Cmce,64,44
KSbO6_id3539_E-4.82.cif,KSbO6,-4.8196,2.608,Semiconductor,P6_322,182,16
Si_id4656_E-4.82.cif,Si,-4.8189,0.0,Metal,P4_132,213,20
LiTi4In_id1428_E-4.82.cif,LiTi4In,-4.8179,0.0,Metal,I4_1/a,88,24
Si5S4_id2788_E-4.82.cif,Si5S4,-4.8172,0.613,Semiconductor,I4_1/a,88,36
GeP_id275_E-4.81.cif,GeP,-4.8095,2.465,Semiconductor,P4_132,213,16
TiSn3_id905_E-4.81.cif,TiSn3,-4.8077,0.0,Metal,Immm,71,8
Ba6AsPN6_id241_E-4.81.cif,Ba6AsPN6,-4.8053,0.0,Metal,R-3,148,42
BaLi2O3_id998_E-4.80.cif,BaLi2O3,-4.8025,0.0,Metal,I4_1/amd,141,24
Li5SnN4_id4174_E-4.80.cif,Li5SnN4,-4.8018,2.359,Semiconductor,Ibam,72,40
BaSrO5_id2054_E-4.80.cif,BaSrO5,-4.7987,0.0,Metal,R-3m,166,42
Mg3Sc8C5_id4479_E-4.80.cif,Mg3Sc8C5,-4.7987,1.635,Semiconductor,P4_2/nnm,134,32
GaBN2_id3536_E-4.80.cif,GaBN2,-4.7961,1.455,Semiconductor,I4_122,98,16
Ca2O5_id3224_E-4.79.cif,Ca2O5,-4.7945,0.241,Semiconductor,Pccn,56,28
SnO2_id3304_E-4.79.cif,SnO2,-4.7927,0.0,Metal,Pban,50,12
LiScS5_id3238_E-4.79.cif,LiScS5,-4.7888,0.017,Metal,Pnma,62,28
K2Ba6InGa6SnGe6B12(SbO10)2_id953_E-4.79.cif,K2Ba6InGa6SnGe6B12(SbO10)2,-4.7879,0.0,Metal,P321,150,56
TiAlGa_id293_E-4.79.cif,TiAlGa,-4.7861,0.0,Metal,F-43m,216,12
Li6Ga6O13_id3125_E-4.78.cif,Li6Ga6O13,-4.7836,0.874,Semiconductor,Pm-3,200,25
BaS2O_id4114_E-4.78.cif,BaS2O,-4.7802,0.0,Metal,P4_32_12,96,16
KO6_id4024_E-4.78.cif,KO6,-4.7802,2.949,Semiconductor,P6_322,182,14
SrCaO6_id815_E-4.78.cif,SrCaO6,-4.7793,2.644,Semiconductor,P4_2/nbc,133,32
KBaO6_id4950_E-4.78.cif,KBaO6,-4.7786,0.757,Semiconductor,P-31c,163,16
MgSc4_id4311_E-4.78.cif,MgSc4,-4.7767,0.0,Metal,P4_12_12,92,40
S2O_id4409_E-4.78.cif,S2O,-4.7758,3.226,Semiconductor,Pba2,32,24
ScSiTeP3S_id210_E-4.77.cif,ScSiTeP3S,-4.7725,2.384,Semiconductor,Pca2_1,29,28
SrCa2O9_id4731_E-4.77.cif,SrCa2O9,-4.7714,0.0,Metal,P6/mmm,191,12
CdGaO2_id4807_E-4.77.cif,CdGaO2,-4.771,0.0,Metal,I4_122,98,16
ScSeS6_id2596_E-4.77.cif,ScSeS6,-4.7694,1.227,Semiconductor,Cmc2_1,36,32
TiAlSi2O17_id1976_E-4.77.cif,TiAlSi2O17,-4.7673,1.156,Semiconductor,P2_1,4,42
Li2Sc2In(TeS)2_id1411_E-4.77.cif,Li2Sc2In(TeS)2,-4.7662,0.0,Metal,Cccm,66,36
SbAsO_id4448_E-4.76.cif,SbAsO,-4.7621,0.0,Metal,P6_522,179,18
CaCdO6_id183_E-4.76.cif,CaCdO6,-4.7619,0.0,Metal,P6_322,182,16
SnAsO_id1114_E-4.76.cif,SnAsO,-4.7617,0.105,Semiconductor,P4_2/ncm,138,12
KSn(SO)4_id3065_E-4.76.cif,KSn(SO)4,-4.7605,1.411,Semiconductor,P4/nbm,125,20
PS2_id3334_E-4.76.cif,PS2,-4.7578,1.844,Semiconductor,Pbca,61,24
Ge2S3_id4543_E-4.75.cif,Ge2S3,-4.749,1.203,Semiconductor,Pccn,56,20
BaNO6_id3855_E-4.74.cif,BaNO6,-4.7441,3.767,Insulator,P6_322,182,16
Sc2GaSb2_id4711_E-4.74.cif,Sc2GaSb2,-4.7441,0.651,Semiconductor,P4/mnc,128,20
SrSc2SeO_id2877_E-4.73.cif,SrSc2SeO,-4.7332,0.0,Metal,P4/mmm,123,10
Zn2Si4N2O_id830_E-4.73.cif,Zn2Si4N2O,-4.7306,0.0,Metal,P4_32_12,96,36
SiGeS4_id4636_E-4.73.cif,SiGeS4,-4.7273,0.0,Metal,P-42_1m,113,12
KSnO6_id4916_E-4.73.cif,KSnO6,-4.7261,3.474,Semiconductor,P-31c,163,16
K4Mg3SbO6_id1849_E-4.72.cif,K4Mg3SbO6,-4.7226,1.521,Semiconductor,Im-3m,229,28
NaLiBeBPO16_id4297_E-4.72.cif,NaLiBeBPO16,-4.7202,2.61,Semiconductor,P1,1,21
KLiN4O15_id528_E-4.72.cif,KLiN4O15,-4.72,0.075,Semiconductor,P2_1,4,42
Si_id3456_E-4.72.cif,Si,-4.7165,0.0,Metal,P4_132,213,20
Ti2ZnSn4O_id922_E-4.72.cif,Ti2ZnSn4O,-4.7159,0.0,Metal,I4/m,87,16
BP12_id2597_E-4.71.cif,BP12,-4.7125,2.993,Semiconductor,I432,211,26
SrInO8_id3994_E-4.71.cif,SrInO8,-4.7073,1.384,Semiconductor,Fm-3m,225,40
SO5_id2280_E-4.71.cif,SO5,-4.706,1.788,Semiconductor,Cmc2_1,36,24
LiInSnO2_id386_E-4.70.cif,LiInSnO2,-4.7047,0.007,Metal,P4/mmm,123,10
BaO6_id2225_E-4.70.cif,BaO6,-4.7026,3.666,Insulator,P6/mmm,191,7
Ba2O3_id1987_E-4.70.cif,Ba2O3,-4.7019,2.667,Semiconductor,P6_522,179,30
KTiAlZnGaSiO15_id1892_E-4.70.cif,KTiAlZnGaSiO15,-4.6976,1.008,Semiconductor,P1,1,42
Li4TeAsO4_id2191_E-4.70.cif,Li4TeAsO4,-4.6952,2.657,Semiconductor,Pnn2,34,20
Ba2O3_id3551_E-4.69.cif,Ba2O3,-4.6894,0.745,Semiconductor,P-1,2,10
BaInS2_id4776_E-4.69.cif,BaInS2,-4.6889,1.744,Semiconductor,R-3m,166,12
CaSc2Sn4O_id2375_E-4.69.cif,CaSc2Sn4O,-4.6865,0.0,Metal,I4/m,87,16
Na2TeO5_id4710_E-4.68.cif,Na2TeO5,-4.6848,2.361,Semiconductor,P31m,157,8
Sc14Al3_id3570_E-4.68.cif,Sc14Al3,-4.6826,0.0,Metal,P6/mcc,192,34
Ca(GeB)4_id1222_E-4.68.cif,Ca(GeB)4,-4.6823,0.0,Metal,P42_12,90,18
KMgGaO12_id1832_E-4.68.cif,KMgGaO12,-4.6783,2.549,Semiconductor,I222,23,30
NaInO8_id4396_E-4.68.cif,NaInO8,-4.6767,0.7,Semiconductor,I-42d,122,40
CaSi4_id909_E-4.68.cif,CaSi4,-4.6767,0.0,Metal,Ccce,68,20
K5(SeO2)4_id108_E-4.67.cif,K5(SeO2)4,-4.6729,0.285,Semiconductor,P4_2/n,86,34
Sc2Al3_id4491_E-4.67.cif,Sc2Al3,-4.6727,0.0,Metal,Cccm,66,20
K2Ba2In3SbP2(SeO3)4_id3150_E-4.67.cif,K2Ba2In3SbP2(SeO3)4,-4.6721,0.383,Semiconductor,P-1,2,26
MgO4_id4860_E-4.67.cif,MgO4,-4.6667,0.0,Metal,I4_122,98,20
TiZn2O8_id4926_E-4.67.cif,TiZn2O8,-4.6664,0.01,Metal,P6/mmm,191,11
K2SiBS8_id2005_E-4.66.cif,K2SiBS8,-4.6634,2.131,Semiconductor,I-42m,121,24
KBa(SeO6)2_id533_E-4.66.cif,KBa(SeO6)2,-4.6628,0.0,Metal,P-3,147,16
AlSi3Se3S_id453_E-4.66.cif,AlSi3Se3S,-4.6614,0.3,Semiconductor,P6_3mc,186,16
Ti4Zn2AsS_id180_E-4.66.cif,Ti4Zn2AsS,-4.6594,0.0,Metal,P4_22_12,94,32
Li2Sb2O7_id1834_E-4.66.cif,Li2Sb2O7,-4.6583,1.923,Semiconductor,Pba2,32,22
Li(SnO2)2_id883_E-4.66.cif,Li(SnO2)2,-4.6577,0.0,Metal,Aea2,41,28
Si4Ge3_id181_E-4.66.cif,Si4Ge3,-4.6571,0.0,Metal,I-43d,220,28
Sc2Ga5N_id307_E-4.65.cif,Sc2Ga5N,-4.6539,0.0,Metal,Pn-3m,224,16
NaLi6MgO12_id1369_E-4.65.cif,NaLi6MgO12,-4.653,3.531,Insulator,R-3,148,60
KSnO6_id240_E-4.65.cif,KSnO6,-4.6496,2.859,Semiconductor,P-31c,163,16
K3Sn3Te4As(SO2)4_id4427_E-4.65.cif,K3Sn3Te4As(SO2)4,-4.6478,0.805,Semiconductor,I222,23,46
MgSc21_id864_E-4.65.cif,MgSc21,-4.6476,0.0,Metal,P6/mmm,191,22
BaS2_id853_E-4.64.cif,BaS2,-4.6435,1.632,Semiconductor,Pbca,61,24
ZnSb4O3_id800_E-4.64.cif,ZnSb4O3,-4.6426,0.0,Metal,I4/m,87,16
PSe_id548_E-4.64.cif,PSe,-4.6416,1.219,Semiconductor,Pbca,61,16
Li4Be3N4_id519_E-4.64.cif,Li4Be3N4,-4.6391,2.199,Semiconductor,I-42d,122,44
SbP2_id723_E-4.64.cif,SbP2,-4.6363,0.0,Metal,P4_32_12,96,12
BeSiSnSN_id812_E-4.64.cif,BeSiSnSN,-4.6353,0.472,Semiconductor,Pnma,62,20
ScTi3Be3Ga3(SbO2)3_id135_E-4.63.cif,ScTi3Be3Ga3(SbO2)3,-4.633,0.0,Metal,P6_3/m,176,38
NaCa3Zn2O6_id602_E-4.63.cif,NaCa3Zn2O6,-4.6308,1.677,Semiconductor,C222,21,24
CdGaO16_id4451_E-4.63.cif,CdGaO16,-4.6298,1.015,Semiconductor,Pban,50,36
Ca3Se4_id2353_E-4.63.cif,Ca3Se4,-4.6298,0.648,Semiconductor,I-43d,220,28
Li2O5_id1622_E-4.63.cif,Li2O5,-4.6291,0.0,Metal,Pbcn,60,28
AlSi4_id4384_E-4.62.cif,AlSi4,-4.6243,0.0,Metal,R-3c,167,30
TiZnGa2(SO)4_id4774_E-4.62.cif,TiZnGa2(SO)4,-4.6225,0.854,Semiconductor,P-42c,112,24
BaMgS2_id4183_E-4.62.cif,BaMgS2,-4.6168,2.167,Semiconductor,R-3m,166,12
TiIn_id1716_E-4.62.cif,TiIn,-4.6164,0.0,Metal,P3_221,154,6
TiAlZnSi_id3390_E-4.62.cif,TiAlZnSi,-4.6161,0.0,Metal,F-43m,216,16
Ba4Cd2InO8_id4602_E-4.62.cif,Ba4Cd2InO8,-4.6161,0.0,Metal,I-42m,121,30
BaO6_id752_E-4.62.cif,BaO6,-4.6157,1.925,Semiconductor,Pban,50,14
ZnGa3Ge2O15_id324_E-4.61.cif,ZnGa3Ge2O15,-4.6134,0.063,Semiconductor,P-31m,162,21
B2O19_id4900_E-4.61.cif,B2O19,-4.6072,0.0,Metal,Pc,7,42
SbO7_id3188_E-4.60.cif,SbO7,-4.6038,0.0,Metal,C222_1,20,32
Sc7Cd_id3391_E-4.60.cif,Sc7Cd,-4.6023,0.0,Metal,P4/mmm,123,8
MgGeAsO_id2352_E-4.60.cif,MgGeAsO,-4.6006,0.454,Semiconductor,Pbca,61,32
SiGe_id4039_E-4.60.cif,SiGe,-4.5998,0.0,Metal,P6_3/mmc,194,8
K(TeO3)2_id1232_E-4.60.cif,K(TeO3)2,-4.5991,3.623,Insulator,P-3,147,9
Li2TiGaP3_id4809_E-4.60.cif,Li2TiGaP3,-4.5987,0.955,Semiconductor,Pccm,49,14
SrBO8_id1245_E-4.60.cif,SrBO8,-4.5959,0.049,Metal,I4_1/a,88,40
BaSrSi3N_id3910_E-4.59.cif,BaSrSi3N,-4.5943,0.0,Metal,Cmc2_1,36,24
Sc2Zn_id3300_E-4.59.cif,Sc2Zn,-4.5937,0.0,Metal,Pa-3,205,12
TiGa2_id3066_E-4.59.cif,TiGa2,-4.5937,0.0,Metal,Pbcn,60,12
K3Ga2SnB2(S2O)4_id4863_E-4.59.cif,K3Ga2SnB2(S2O)4,-4.5931,2.265,Semiconductor,I222,23,40
Ca3Se4_id3730_E-4.59.cif,Ca3Se4,-4.5927,0.951,Semiconductor,I-43d,220,28
K3NO3_id4233_E-4.59.cif,K3NO3,-4.5888,0.106,Semiconductor,P6_3/m,176,14
CdSbO4_id1945_E-4.58.cif,CdSbO4,-4.5823,2.782,Semiconductor,Pban,50,12
As2S_id636_E-4.58.cif,As2S,-4.5791,0.888,Semiconductor,P4_2/nnm,134,24
NaGeO2_id3961_E-4.58.cif,NaGeO2,-4.5756,1.096,Semiconductor,I4_122,98,16
TiGa3_id4226_E-4.58.cif,TiGa3,-4.5756,0.0,Metal,Pm-3m,221,4
GeAsP3_id650_E-4.57.cif,GeAsP3,-4.5732,0.93,Semiconductor,Pca2_1,29,20
KGaSnO6_id3614_E-4.57.cif,KGaSnO6,-4.5731,0.0,Metal,P6_322,182,18
LiO6_id4375_E-4.57.cif,LiO6,-4.5728,0.0,Metal,Pnn2,34,28
Na3Li2ScZn2Si2Sn2(SeO13)2_id1889_E-4.57.cif,Na3Li2ScZn2Si2Sn2(SeO13)2,-4.5725,0.925,Semiconductor,P-1,2,40
ScInSbSe6_id2685_E-4.57.cif,ScInSbSe6,-4.5719,0.017,Metal,P-31c,163,18
K2BeP(SeO)4_id2975_E-4.57.cif,K2BeP(SeO)4,-4.5695,2.475,Semiconductor,I-42m,121,24
K2SrS2(NO2)2_id1394_E-4.57.cif,K2SrS2(NO2)2,-4.5687,0.075,Semiconductor,P-3m1,164,11
AlSiP2S_id685_E-4.57.cif,AlSiP2S,-4.5654,0.127,Semiconductor,P4_32_12,96,40
Li2Ti(Si2O7)2_id93_E-4.56.cif,Li2Ti(Si2O7)2,-4.5646,2.637,Semiconductor,Pc,7,42
Mg3Sc22_id2901_E-4.56.cif,Mg3Sc22,-4.5644,0.0,Metal,P6/mmm,191,25
BeSiGeAsPO16_id629_E-4.56.cif,BeSiGeAsPO16,-4.5641,0.777,Semiconductor,Pc,7,42
Al2Ga2P2O_id2845_E-4.56.cif,Al2Ga2P2O,-4.5614,0.0,Metal,Aea2,41,28
In2Ge2Se(SO3)2_id1518_E-4.56.cif,In2Ge2Se(SO3)2,-4.5611,1.744,Semiconductor,P-1,2,13
BeAl(SiAs)2_id1877_E-4.56.cif,BeAl(SiAs)2,-4.5608,0.71,Semiconductor,P6_222,180,18
CaMgO8_id2309_E-4.56.cif,CaMgO8,-4.56,4.817,Insulator,P4/nbm,125,20
KTiGeSbAsP(SO2)3_id539_E-4.56.cif,KTiGeSbAsP(SO2)3,-4.5559,0.983,Semiconductor,P3_1,144,45
Mg4Sc4N_id1561_E-4.55.cif,Mg4Sc4N,-4.5548,0.0,Metal,P4_2/n,86,18
Sc3(InSe6)2_id3603_E-4.55.cif,Sc3(InSe6)2,-4.5539,0.405,Semiconductor,P-31c,163,34
Si4Ge_id1407_E-4.55.cif,Si4Ge,-4.5539,0.0,Metal,Pnn2,34,20
KLi2BSbTeO15_id4617_E-4.55.cif,KLi2BSbTeO15,-4.5528,0.111,Semiconductor,Pc,7,42
NaGa3Sb4O9_id3532_E-4.55.cif,NaGa3Sb4O9,-4.5526,1.871,Semiconductor,P6_3,173,34
Sc_id1498_E-4.55.cif,Sc,-4.5517,0.0,Metal,P-31m,162,18
Sc4Si2Ge_id952_E-4.55.cif,Sc4Si2Ge,-4.5456,0.0,Metal,Pccm,49,14
KBaAsO4_id13_E-4.54.cif,KBaAsO4,-4.5387,0.755,Semiconductor,P4/nbm,125,14
MgSc19Sn2_id1400_E-4.54.cif,MgSc19Sn2,-4.5373,0.0,Metal,P6/mmm,191,22
Li(Sn2O9)2_id3696_E-4.54.cif,Li(Sn2O9)2,-4.5372,1.746,Semiconductor,P6/mcc,192,46
Li4GaAsNO12_id584_E-4.53.cif,Li4GaAsNO12,-4.5327,1.823,Semiconductor,I4,79,38
Si3Ge2_id3501_E-4.53.cif,Si3Ge2,-4.5297,0.108,Semiconductor,P4_132,213,20
Sc6Cd_id3521_E-4.53.cif,Sc6Cd,-4.5265,0.0,Metal,Pmma,51,14
Li2As3P8_id3012_E-4.53.cif,Li2As3P8,-4.5263,0.896,Semiconductor,Ccc2,37,52
InSnO10_id3778_E-4.52.cif,InSnO10,-4.5249,2.573,Semiconductor,I-42d,122,48
Ti5Al2Zn2Ga3_id729_E-4.52.cif,Ti5Al2Zn2Ga3,-4.5244,0.0,Metal,Pbam,55,24
Ba(SeO)6_id914_E-4.52.cif,Ba(SeO)6,-4.5242,0.934,Semiconductor,P6/mmm,191,13
BO20_id4805_E-4.52.cif,BO20,-4.523,2.059,Semiconductor,Pc,7,42
Al2Ga(GeO)3_id3780_E-4.52.cif,Al2Ga(GeO)3,-4.5216,1.178,Semiconductor,P6mm,183,9
NaO4_id3697_E-4.52.cif,NaO4,-4.5202,0.0,Metal,Pban,50,20
Ca3In(S2O)3_id222_E-4.52.cif,Ca3In(S2O)3,-4.5179,2.23,Semiconductor,P6_3/m,176,26
KS2O5_id4244_E-4.52.cif,KS2O5,-4.5175,0.0,Metal,P422,89,32
Sc3Al4O20_id4035_E-4.51.cif,Sc3Al4O20,-4.5145,2.627,Semiconductor,Pm-3m,221,54
Mg(TeO2)4_id484_E-4.51.cif,Mg(TeO2)4,-4.5124,0.61,Semiconductor,I4_1/a,88,52
LiP7O10_id2079_E-4.51.cif,LiP7O10,-4.5113,0.951,Semiconductor,P1,1,36
LiTiGe(SbAs2)2_id2033_E-4.51.cif,LiTiGe(SbAs2)2,-4.5107,0.0,Metal,Pccm,49,18
O2_id2984_E-4.51.cif,O2,-4.5079,1.078,Semiconductor,Aem2,39,40
TiTe4P4S5_id3966_E-4.50.cif,TiTe4P4S5,-4.5036,1.395,Semiconductor,P4bm,100,28
Ge3SbAsS4_id1591_E-4.50.cif,Ge3SbAsS4,-4.5006,0.0,Metal,P-4n2,118,18
KNaGeSe2(SO)2_id4996_E-4.50.cif,KNaGeSe2(SO)2,-4.5001,1.518,Semiconductor,P3_221,154,27
Ti3Zn4N_id855_E-4.50.cif,Ti3Zn4N,-4.4998,0.0,Metal,Pm-3m,221,8
Ba3O25_id4490_E-4.50.cif,Ba3O25,-4.4988,0.0,Metal,P-31m,162,28
Sc2Ti2Al2Si_id2849_E-4.50.cif,Sc2Ti2Al2Si,-4.4966,0.0,Metal,Amm2,38,14
Sc5Al4_id2121_E-4.50.cif,Sc5Al4,-4.4962,0.0,Metal,P4mm,99,9
Li2PNO14_id3111_E-4.49.cif,Li2PNO14,-4.4948,0.907,Semiconductor,P2,3,36
TiTe3S2_id731_E-4.49.cif,TiTe3S2,-4.4944,0.0,Metal,Pn-3m,224,12
ZnInSi2B2P4O_id2814_E-4.49.cif,ZnInSi2B2P4O,-4.4925,2.011,Semiconductor,P4_32_12,96,44
K2Sr4O19_id2781_E-4.49.cif,K2Sr4O19,-4.4898,0.892,Semiconductor,P2,3,25
TiSbO23_id1546_E-4.49.cif,TiSbO23,-4.487,0.316,Semiconductor,P4/n,85,50
Li2O3_id654_E-4.49.cif,Li2O3,-4.4857,3.722,Insulator,Cmmm,65,20
TiO7_id2386_E-4.48.cif,TiO7,-4.4819,2.403,Semiconductor,P6_322,182,16
In2(CO)3_id3774_E-4.48.cif,In2(CO)3,-4.4815,1.167,Semiconductor,Pn-3m,224,16
NaZnGeSb2Te4(SeO4)4_id1071_E-4.48.cif,NaZnGeSb2Te4(SeO4)4,-4.4778,1.41,Semiconductor,I222,23,58
ScBeB_id4206_E-4.48.cif,ScBeB,-4.4772,0.0,Metal,P6_222,180,18
MgO6_id3588_E-4.48.cif,MgO6,-4.4767,0.114,Semiconductor,I4_1/a,88,28
K2Si2O17_id1566_E-4.47.cif,K2Si2O17,-4.4747,0.894,Semiconductor,P2,3,21
Ca2(AsP)3_id4517_E-4.47.cif,Ca2(AsP)3,-4.4747,1.22,Semiconductor,R-3c,167,48
KSnSb(TeO)4_id3323_E-4.47.cif,KSnSb(TeO)4,-4.4743,0.173,Semiconductor,I222,23,22
CaMg2PO2_id2693_E-4.47.cif,CaMg2PO2,-4.4739,0.709,Semiconductor,P1,1,24
Mg2CdGaO3_id2905_E-4.47.cif,Mg2CdGaO3,-4.4732,0.0,Metal,P-42_1m,113,14
Li7O12_id2112_E-4.47.cif,Li7O12,-4.4678,0.034,Metal,Pban,50,38
K4GaB(P2O3)2_id4434_E-4.47.cif,K4GaB(P2O3)2,-4.4665,3.75,Insulator,P4/n,85,32
ScInTe4_id4956_E-4.47.cif,ScInTe4,-4.4653,0.0,Metal,P4/nbm,125,12
KCaBNO17_id2698_E-4.47.cif,KCaBNO17,-4.4651,0.701,Semiconductor,Pc,7,42
ScTiBe2Zn2B6CO2_id1590_E-4.46.cif,ScTiBe2Zn2B6CO2,-4.4649,2.158,Semiconductor,P4_322,95,60
Sc9(AlZn2)2_id4176_E-4.46.cif,Sc9(AlZn2)2,-4.4642,0.0,Metal,P4_2/nnm,134,30
Li2CdSn(GeS2)4_id726_E-4.46.cif,Li2CdSn(GeS2)4,-4.4618,1.63,Semiconductor,I-42m,121,32
TeAsPO_id4784_E-4.46.cif,TeAsPO,-4.4615,0.009,Metal,C2/m,12,16
Na(TeO2)2_id3073_E-4.46.cif,Na(TeO2)2,-4.4586,2.298,Semiconductor,P6/mmm,191,7
O2_id2362_E-4.45.cif,O2,-4.4547,1.073,Semiconductor,Pccn,56,20
BAs2P5S_id2517_E-4.45.cif,BAs2P5S,-4.4531,1.406,Semiconductor,Pccm,49,18
Al2InSe4_id3792_E-4.45.cif,Al2InSe4,-4.4499,1.737,Semiconductor,P-42m,111,7
NaGaN2_id882_E-4.45.cif,NaGaN2,-4.446,1.971,Semiconductor,I4_122,98,16
In3O2_id434_E-4.44.cif,In3O2,-4.4432,0.0,Metal,C222,21,10
As_id986_E-4.44.cif,As,-4.443,0.0,Metal,I2_12_12_1,24,16
BaN2_id4315_E-4.44.cif,BaN2,-4.4428,1.082,Semiconductor,P6/mmm,191,9
As_id4028_E-4.44.cif,As,-4.441,0.139,Semiconductor,P4/nmm,129,4
Li2Mg2B6P3O2_id4378_E-4.44.cif,Li2Mg2B6P3O2,-4.4399,0.061,Semiconductor,R-3,148,45
KGeO7_id3015_E-4.44.cif,KGeO7,-4.4383,0.353,Semiconductor,P3_2,145,27
BaSnAs4_id2866_E-4.44.cif,BaSnAs4,-4.4374,0.042,Metal,I4_1/a,88,24
SrSi4_id2448_E-4.44.cif,SrSi4,-4.4368,0.0,Metal,Amm2,38,10
BaLi2TiSO7_id4094_E-4.44.cif,BaLi2TiSO7,-4.435,2.89,Semiconductor,P-1,2,24
TiGa3_id4002_E-4.43.cif,TiGa3,-4.432,0.0,Metal,Fm-3m,225,16
O2_id1737_E-4.43.cif,O2,-4.4315,1.516,Semiconductor,Pbcn,60,12
Si_id4573_E-4.43.cif,Si,-4.4305,0.017,Metal,P4_132,213,32
TiC4_id3333_E-4.43.cif,TiC4,-4.4286,0.0,Metal,Cmme,67,40
AsS2_id4756_E-4.43.cif,AsS2,-4.4258,1.767,Semiconductor,Aea2,41,12
Li4InGa3O4_id4550_E-4.42.cif,Li4InGa3O4,-4.4247,0.007,Metal,I4_1/a,88,48
MgSc9_id1453_E-4.42.cif,MgSc9,-4.4233,0.0,Metal,P6/mmm,191,10
As_id2400_E-4.42.cif,As,-4.422,0.169,Semiconductor,P6_522,179,12
Sc2Be6Al6In3N5O6_id2530_E-4.42.cif,Sc2Be6Al6In3N5O6,-4.4204,1.857,Semiconductor,P6,168,28
Sr4CdN4_id2157_E-4.42.cif,Sr4CdN4,-4.4199,2.316,Semiconductor,P4_232,208,54
K7Sc3In(BO)6_id2606_E-4.42.cif,K7Sc3In(BO)6,-4.4181,0.015,Metal,P-31c,163,46
O2_id1393_E-4.42.cif,O2,-4.4173,1.102,Semiconductor,Pbca,61,16
SnAs4_id2334_E-4.42.cif,SnAs4,-4.4168,0.0,Metal,I4_1/a,88,20
O2_id1165_E-4.42.cif,O2,-4.4165,1.534,Semiconductor,P432,207,36
As_id3941_E-4.41.cif,As,-4.4101,0.0,Metal,P2_12_12_1,19,12
LiPO10_id738_E-4.41.cif,LiPO10,-4.4077,1.961,Semiconductor,P3_121,152,36
TiGaSb5_id1515_E-4.41.cif,TiGaSb5,-4.4071,0.003,Metal,P-42m,111,7
KLiAsO8_id4437_E-4.41.cif,KLiAsO8,-4.4065,0.417,Semiconductor,Pc,7,22
Al3Si4_id4371_E-4.41.cif,Al3Si4,-4.4061,0.0,Metal,I-43d,220,28
Li6InGaO12_id2725_E-4.40.cif,Li6InGaO12,-4.4035,2.476,Semiconductor,I-42m,121,40
BaSrO_id1485_E-4.40.cif,BaSrO,-4.4028,0.0,Metal,P4_32_12,96,12
In5(SiO2)2_id3657_E-4.40.cif,In5(SiO2)2,-4.4023,0.0,Metal,P6/mmm,191,11
KLiSe2O11_id4074_E-4.40.cif,KLiSe2O11,-4.4019,2.851,Semiconductor,Aea2,41,60
ZnSi8P17_id2633_E-4.40.cif,ZnSi8P17,-4.4014,0.0,Metal,P4/mcc,124,52
Na2Li2MgSnGeO28_id1612_E-4.40.cif,Na2Li2MgSnGeO28,-4.3999,3.553,Insulator,P-4,81,35
Li6Sc3Zn2O6_id1806_E-4.40.cif,Li6Sc3Zn2O6,-4.3979,2.92,Semiconductor,P6/mmm,191,34
Ti4BeAl8Si_id1994_E-4.40.cif,Ti4BeAl8Si,-4.3961,0.0,Metal,P4/mcc,124,28
MgGa2(SO)4_id1886_E-4.39.cif,MgGa2(SO)4,-4.3929,0.129,Semiconductor,P-42m,111,11
As_id3669_E-4.39.cif,As,-4.3922,0.042,Metal,Pccm,49,14
KSn(AsP)4_id2805_E-4.39.cif,KSn(AsP)4,-4.3913,1.048,Semiconductor,I4_1/a,88,40
LiSbAsSO_id4032_E-4.39.cif,LiSbAsSO,-4.391,1.995,Semiconductor,P4mm,99,10
As_id578_E-4.39.cif,As,-4.3885,0.0,Metal,P-43m,215,12
Mg3Sc3SnO12_id2636_E-4.39.cif,Mg3Sc3SnO12,-4.3875,3.11,Semiconductor,P-43m,215,19
GeSb2TeP5_id3126_E-4.39.cif,GeSb2TeP5,-4.3851,0.024,Metal,P2/m,10,9
Mg(Si3Ge2)2_id4187_E-4.38.cif,Mg(Si3Ge2)2,-4.384,0.0,Metal,Im-3m,229,22
LiGa(SnS2)2_id4817_E-4.38.cif,LiGa(SnS2)2,-4.3805,1.405,Semiconductor,I-42d,122,32
BeIn(GaO)2_id2064_E-4.38.cif,BeIn(GaO)2,-4.3788,2.109,Semiconductor,P4_2/mmc,131,12
KSr3Se4O3_id4218_E-4.38.cif,KSr3Se4O3,-4.3773,2.068,Semiconductor,Pm-3n,223,22
SiO7_id714_E-4.37.cif,SiO7,-4.3706,2.875,Semiconductor,Pban,50,32
AlS_id28_E-4.37.cif,AlS,-4.3662,1.82,Semiconductor,P6_522,179,12
As2S_id2903_E-4.37.cif,As2S,-4.3656,0.095,Semiconductor,Pbcn,60,12
LiGaO3_id734_E-4.36.cif,LiGaO3,-4.3647,0.93,Semiconductor,R32,155,30
KNaTi2Zn2O2_id1828_E-4.36.cif,KNaTi2Zn2O2,-4.3627,0.907,Semiconductor,P-3m1,164,8
LiPN2O17_id2582_E-4.36.cif,LiPN2O17,-4.362,0.0,Metal,P-1,2,42
As5S4_id4266_E-4.36.cif,As5S4,-4.3603,1.52,Semiconductor,I4_1/a,88,36
LiSiC3_id3571_E-4.36.cif,LiSiC3,-4.3601,0.0,Metal,R-3c,167,30
Li3O4_id2536_E-4.36.cif,Li3O4,-4.3599,0.909,Semiconductor,Fm-3m,225,56
Ca2GeS_id4890_E-4.36.cif,Ca2GeS,-4.3588,0.0,Metal,R-3m,166,12
Ge_id4622_E-4.36.cif,Ge,-4.3587,0.0,Metal,I4_1/acd,142,16
Li2As2N_id4973_E-4.36.cif,Li2As2N,-4.3586,0.841,Semiconductor,Pbcn,60,20
Si2SnGe4_id3569_E-4.36.cif,Si2SnGe4,-4.3564,0.0,Metal,I-42d,122,28
Ga2B2O25_id2878_E-4.36.cif,Ga2B2O25,-4.3559,1.035,Semiconductor,P2,3,58
Ca2O15_id1734_E-4.35.cif,Ca2O15,-4.3508,0.18,Semiconductor,P4/n,85,34
NaGa6GeO4_id2534_E-4.35.cif,NaGa6GeO4,-4.3489,0.001,Metal,I222,23,24
AsO4_id1423_E-4.35.cif,AsO4,-4.3473,0.0,Metal,P4_2/ncm,138,20
P2NO16_id915_E-4.35.cif,P2NO16,-4.3467,1.441,Semiconductor,P2/c,13,38
BaSeO19_id2998_E-4.35.cif,BaSeO19,-4.3456,0.081,Semiconductor,P1,1,21
O2_id2541_E-4.34.cif,O2,-4.3447,1.11,Semiconductor,Pba2,32,42
As5P3S5_id96_E-4.34.cif,As5P3S5,-4.343,1.362,Semiconductor,Pnn2,34,26
Sn(As3S2)2_id3042_E-4.34.cif,Sn(As3S2)2,-4.3428,0.002,Metal,Im-3m,229,22
CaS4_id3397_E-4.34.cif,CaS4,-4.3426,0.007,Metal,Cccm,66,20
Li2As2PS2_id904_E-4.34.cif,Li2As2PS2,-4.3405,2.138,Semiconductor,Aea2,41,28
ZnGa2GeO2_id833_E-4.34.cif,ZnGa2GeO2,-4.3369,0.0,Metal,C222_1,20,24
K2CaGaO6_id2427_E-4.34.cif,K2CaGaO6,-4.3355,0.0,Metal,I4_1/a,88,40
Sc3Zn2O_id1300_E-4.33.cif,Sc3Zn2O,-4.3345,0.0,Metal,Pn-3m,224,12
LiO13_id4210_E-4.33.cif,LiO13,-4.3345,0.634,Semiconductor,P4/n,85,28
TiSn4_id3703_E-4.33.cif,TiSn4,-4.3301,0.0,Metal,P4_2/mnm,136,10
MgS_id2791_E-4.33.cif,MgS,-4.3294,2.455,Semiconductor,P6_522,179,12
NaIn(SbO3)2_id2651_E-4.33.cif,NaIn(SbO3)2,-4.3282,2.601,Semiconductor,I4_1/a,88,40
Al2Ga2S2O3_id4983_E-4.33.cif,Al2Ga2S2O3,-4.327,0.0,Metal,Pbcn,60,36
MgTiZn3S4_id92_E-4.33.cif,MgTiZn3S4,-4.3267,0.025,Metal,P-43m,215,9
Li2Be2Zn2O3_id3032_E-4.32.cif,Li2Be2Zn2O3,-4.3244,3.145,Semiconductor,Pccn,56,36
Li4MgZn3Cd4(BO2)4_id3408_E-4.32.cif,Li4MgZn3Cd4(BO2)4,-4.3239,2.187,Semiconductor,C222,21,48
Ge6P7_id4721_E-4.32.cif,Ge6P7,-4.3231,1.765,Semiconductor,P-42m,111,13
As_id2728_E-4.32.cif,As,-4.3189,0.024,Metal,P4_32_12,96,8
As_id2344_E-4.32.cif,As,-4.3179,0.33,Semiconductor,Pma2,28,16
Sc_id3940_E-4.31.cif,Sc,-4.3139,0.0,Metal,P6/mmm,191,8
Si3Ge2_id574_E-4.31.cif,Si3Ge2,-4.3128,0.0,Metal,P4_132,213,20
SO3_id1865_E-4.31.cif,SO3,-4.3114,1.704,Semiconductor,P6_522,179,24
Sc2In3Te(S2O)2_id777_E-4.31.cif,Sc2In3Te(S2O)2,-4.3108,0.0,Metal,Cccm,66,48
MgO6_id832_E-4.31.cif,MgO6,-4.3062,1.512,Semiconductor,Fd-3m,227,56
ScAlTeS2_id3523_E-4.30.cif,ScAlTeS2,-4.3044,0.0,Metal,P3m1,156,5
ZnO_id3306_E-4.30.cif,ZnO,-4.3028,2.651,Semiconductor,P4_2/ncm,138,8
Be2Si4Ge2N_id1537_E-4.30.cif,Be2Si4Ge2N,-4.2997,0.339,Semiconductor,Aea2,41,36
Ge_id4970_E-4.30.cif,Ge,-4.2989,0.0,Metal,I4/mmm,139,8
Ge_id1978_E-4.30.cif,Ge,-4.2987,0.0,Metal,I4/mmm,139,8
KNa4SbO16_id668_E-4.30.cif,KNa4SbO16,-4.2983,0.0,Metal,I222,23,44
Mg(GeSe2)2_id262_E-4.30.cif,Mg(GeSe2)2,-4.2974,0.0,Metal,P-42m,111,7
Zn(GaO2)2_id903_E-4.29.cif,Zn(GaO2)2,-4.2941,1.183,Semiconductor,Pnnn,48,14
CaAs3_id3758_E-4.29.cif,CaAs3,-4.2939,0.0,Metal,I4/mmm,139,8
CaAs2_id1167_E-4.29.cif,CaAs2,-4.2923,0.939,Semiconductor,P4_332,212,12
As_id632_E-4.29.cif,As,-4.291,0.1,Semiconductor,P-4c2,116,20
KGa4(AsO4)3_id3117_E-4.29.cif,KGa4(AsO4)3,-4.2896,2.944,Semiconductor,Im-3m,229,40
ScInSn_id4343_E-4.29.cif,ScInSn,-4.2895,0.0,Metal,P4_2/mmc,131,6
GaS2_id397_E-4.29.cif,GaS2,-4.2889,2.043,Semiconductor,Pccm,49,6
ScTiBe2PCO_id1839_E-4.29.cif,ScTiBe2PCO,-4.2883,2.26,Semiconductor,I4_1md,109,28
Si3Se4_id4181_E-4.29.cif,Si3Se4,-4.2869,0.18,Semiconductor,I-43d,220,28
SbAs_id3991_E-4.29.cif,SbAs,-4.2861,0.0,Metal,Fm-3m,225,8
Sb2O5_id1692_E-4.28.cif,Sb2O5,-4.2844,1.398,Semiconductor,Pba2,32,14
ZnSiPC_id2401_E-4.28.cif,ZnSiPC,-4.2833,1.141,Semiconductor,C222_1,20,32
As2SeS_id3760_E-4.28.cif,As2SeS,-4.2821,0.832,Semiconductor,I4_1/amd,141,16
SbAs6PS5_id2163_E-4.28.cif,SbAs6PS5,-4.2797,0.097,Semiconductor,P2_12_12_1,19,52
Li2O_id951_E-4.28.cif,Li2O,-4.2789,2.63,Semiconductor,C222,21,24
AsP2SO17_id4135_E-4.28.cif,AsP2SO17,-4.2788,1.071,Semiconductor,P1,1,42
ZnGa2SiO2_id3461_E-4.28.cif,ZnGa2SiO2,-4.2785,0.0,Metal,P4_2/mmc,131,12
ZnSbAsS2O_id4957_E-4.28.cif,ZnSbAsS2O,-4.2775,1.329,Semiconductor,Pca2_1,29,24
NaLi3In3Ge3PO15_id524_E-4.27.cif,NaLi3In3Ge3PO15,-4.2743,1.921,Semiconductor,P-6,174,26
Si3Sb3TeP_id3422_E-4.27.cif,Si3Sb3TeP,-4.2738,1.009,Semiconductor,R-3c,167,48
Li2CdO4_id1616_E-4.27.cif,Li2CdO4,-4.2677,1.498,Semiconductor,Pban,50,14
BaMgCdIn2GaBPCNO8_id3715_E-4.27.cif,BaMgCdIn2GaBPCNO8,-4.2671,0.0,Metal,P3_2,145,54
NaLi2GaO4_id3701_E-4.27.cif,NaLi2GaO4,-4.2662,2.538,Semiconductor,I-42d,122,32
NaAl(SO2)2_id2010_E-4.27.cif,NaAl(SO2)2,-4.2653,2.923,Semiconductor,I-42m,121,32
Li11O16_id2982_E-4.26.cif,Li11O16,-4.2615,0.316,Semiconductor,Pnn2,34,54
Zn3O4_id4005_E-4.26.cif,Zn3O4,-4.2611,1.258,Semiconductor,C222,21,14
ZnGa3Te2O3_id4609_E-4.26.cif,ZnGa3Te2O3,-4.2611,0.461,Semiconductor,P-62m,189,9
GeAs_id270_E-4.26.cif,GeAs,-4.2601,0.0,Metal,P-1,2,12
O2_id493_E-4.26.cif,O2,-4.259,1.082,Semiconductor,Pba2,32,30
Si2GeAsP2CSeS5_id2950_E-4.26.cif,Si2GeAsP2CSeS5,-4.2582,0.156,Semiconductor,P2_1,4,26
Na3Li2In8Sn3Se2(S2O9)2_id3431_E-4.26.cif,Na3Li2In8Sn3Se2(S2O9)2,-4.2568,1.381,Semiconductor,P-1,2,40
Sr2N_id4416_E-4.25.cif,Sr2N,-4.2532,0.0,Metal,Pn-3m,224,6
TeAsO_id4822_E-4.25.cif,TeAsO,-4.2521,0.283,Semiconductor,P3_221,154,9
Ti3InGa3_id3781_E-4.25.cif,Ti3InGa3,-4.2513,0.0,Metal,Pm-3n,223,14
InO25_id1355_E-4.25.cif,InO25,-4.2512,0.873,Semiconductor,Pma2,28,52
GeSe_id3868_E-4.25.cif,GeSe,-4.2496,0.0,Metal,P6_522,179,12
LiScGaSi2_id2801_E-4.25.cif,LiScGaSi2,-4.2487,0.0,Metal,P6_1,169,30
Na(SiSe2)2_id4320_E-4.25.cif,Na(SiSe2)2,-4.2485,2.513,Semiconductor,P-42m,111,7
GaSiGeP_id3613_E-4.24.cif,GaSiGeP,-4.2444,0.0,Metal,I-4m2,119,8
Ge_id741_E-4.24.cif,Ge,-4.2444,0.0,Metal,Cmme,67,20
Sb2TeAs8_id286_E-4.24.cif,Sb2TeAs8,-4.2437,0.0,Metal,C2/c,15,44
GeO8_id311_E-4.24.cif,GeO8,-4.2436,3.047,Semiconductor,Fm-3m,225,36
ZnGa2SO13_id3925_E-4.24.cif,ZnGa2SO13,-4.2434,0.752,Semiconductor,P6_322,182,34
SrGeTe2S_id898_E-4.24.cif,SrGeTe2S,-4.2429,1.28,Semiconductor,Ibca,73,40
K2ScSn3(TeN)4_id1620_E-4.24.cif,K2ScSn3(TeN)4,-4.2429,1.558,Semiconductor,P6_3/mcm,193,28
Li2Si(AsP)2_id2828_E-4.24.cif,Li2Si(AsP)2,-4.2424,0.0,Metal,Pccm,49,14
Li2Sc13Zn_id1576_E-4.24.cif,Li2Sc13Zn,-4.2422,0.0,Metal,P6/mmm,191,16
SiGe_id4781_E-4.24.cif,SiGe,-4.2402,0.0,Metal,P4_222,93,16
Mg4O5_id2589_E-4.24.cif,Mg4O5,-4.238,3.96,Insulator,P-4c2,116,18
LiIn(SeO2)2_id4675_E-4.24.cif,LiIn(SeO2)2,-4.238,1.055,Semiconductor,Pban,50,16
As_id3744_E-4.24.cif,As,-4.2369,0.477,Semiconductor,P2_12_12_1,19,24
LiSc2Ti2Be3Ga4GeCNO2_id3127_E-4.24.cif,LiSc2Ti2Be3Ga4GeCNO2,-4.2351,0.003,Metal,P1,1,51
Ga(SiB2)2_id2256_E-4.23.cif,Ga(SiB2)2,-4.2343,0.0,Metal,I4_1/a,88,28
BaSiSn(SeS2)2_id1869_E-4.23.cif,BaSiSn(SeS2)2,-4.2334,1.866,Semiconductor,P-42_1m,113,18
SrGa6(B2N)3_id1467_E-4.23.cif,SrGa6(B2N)3,-4.2288,3.022,Semiconductor,Im-3,204,32
MgSc16_id43_E-4.23.cif,MgSc16,-4.2282,0.0,Metal,P6/mmm,191,17
SnSbAs2_id4111_E-4.23.cif,SnSbAs2,-4.2273,0.0,Metal,P3_221,154,12
KGaAsSO_id2983_E-4.23.cif,KGaAsSO,-4.2267,1.087,Semiconductor,Pcc2,27,20
Ge4As3_id6_E-4.23.cif,Ge4As3,-4.2266,0.52,Semiconductor,I-42d,122,28
SrCa3Ge3As4_id667_E-4.23.cif,SrCa3Ge3As4,-4.2256,0.0,Metal,Pm-3n,223,22
KBaIn4SbO4_id1257_E-4.23.cif,KBaIn4SbO4,-4.2256,0.0,Metal,I222,23,22
Ga(GeSe2)2_id2003_E-4.23.cif,Ga(GeSe2)2,-4.2253,0.675,Semiconductor,P-4n2,118,14
SrInSe2_id4200_E-4.22.cif,SrInSe2,-4.2249,0.0,Metal,R-3m,166,12
LiAl3Se4_id4975_E-4.22.cif,LiAl3Se4,-4.2241,0.937,Semiconductor,I-42d,122,32
Li4SnGeAsO4_id1952_E-4.22.cif,Li4SnGeAsO4,-4.2231,1.943,Semiconductor,Fmm2,42,44
Na2As(PO2)2_id3112_E-4.22.cif,Na2As(PO2)2,-4.2226,1.613,Semiconductor,Pban,50,18
AlInSiGe2AsSe2S13_id486_E-4.22.cif,AlInSiGe2AsSe2S13,-4.2212,1.951,Semiconductor,P2_1,4,42
Li2Ti2SiO21_id2058_E-4.22.cif,Li2Ti2SiO21,-4.2204,1.371,Semiconductor,C2,5,52
KScTiSn2SN_id4152_E-4.22.cif,KScTiSn2SN,-4.2194,0.0,Metal,P4/nmm,129,14
Li2ScTe3N_id130_E-4.22.cif,Li2ScTe3N,-4.2174,1.396,Semiconductor,P2_1/m,11,14
K3Li2CaCd2In2B2P4(SeO11)2_id4780_E-4.21.cif,K3Li2CaCd2In2B2P4(SeO11)2,-4.2148,1.211,Semiconductor,P1,1,40
LiGe(AsP)2_id4534_E-4.21.cif,LiGe(AsP)2,-4.2139,1.082,Semiconductor,I4_122,98,24
PSeS6_id863_E-4.21.cif,PSeS6,-4.2136,1.803,Semiconductor,Pba2,32,16
LiAsO2_id4455_E-4.21.cif,LiAsO2,-4.2131,1.538,Semiconductor,I4_122,98,16
BaZn4SbO4_id1448_E-4.21.cif,BaZn4SbO4,-4.2118,1.008,Semiconductor,I4_1/a,88,40
Se(SO)2_id169_E-4.21.cif,Se(SO)2,-4.2102,2.647,Semiconductor,P3_221,154,15
Be2GeAs3_id854_E-4.21.cif,Be2GeAs3,-4.21,0.0,Metal,Pn-3m,224,12
SnS_id3260_E-4.21.cif,SnS,-4.2096,0.0,Metal,P4/mmm,123,8
K4BaO18_id520_E-4.21.cif,K4BaO18,-4.2083,3.522,Insulator,P6/mmm,191,23
BaNaCaO9_id3836_E-4.21.cif,BaNaCaO9,-4.2082,1.659,Semiconductor,P2_1/m,11,24
Ti4Cd(GaSn)2_id614_E-4.21.cif,Ti4Cd(GaSn)2,-4.208,0.0,Metal,I222,23,18
BaScSi_id4771_E-4.21.cif,BaScSi,-4.2079,0.0,Metal,Cmcm,63,24
BaPO8_id170_E-4.21.cif,BaPO8,-4.2063,1.347,Semiconductor,P2,3,20
NaSbS2_id4904_E-4.21.cif,NaSbS2,-4.2062,0.083,Semiconductor,I4_122,98,16
AsSeS_id4750_E-4.20.cif,AsSeS,-4.2049,1.429,Semiconductor,Pcc2,27,12
MgZn2O8_id1460_E-4.20.cif,MgZn2O8,-4.2046,1.596,Semiconductor,I422,97,22
Ca3O8_id981_E-4.20.cif,Ca3O8,-4.2001,1.836,Semiconductor,Pm-3m,221,44
SiGe(TeSe)2_id3967_E-4.20.cif,SiGe(TeSe)2,-4.1973,1.129,Semiconductor,P-42_1m,113,12
SiAs5P3Se_id488_E-4.19.cif,SiAs5P3Se,-4.194,0.263,Semiconductor,Pca2_1,29,40
SbAs2_id3097_E-4.19.cif,SbAs2,-4.1936,0.0,Metal,Amm2,38,12
Si3Sn4_id38_E-4.19.cif,Si3Sn4,-4.1927,0.0,Metal,I-43d,220,28
PO_id3068_E-4.19.cif,PO,-4.1924,0.908,Semiconductor,P4_3,78,16
ZnGeAsPO_id2138_E-4.19.cif,ZnGeAsPO,-4.1918,0.0,Metal,Pca2_1,29,20
CaSb3P_id748_E-4.19.cif,CaSb3P,-4.1917,0.0,Metal,Pm-3m,221,5
KSr6(SeO2)3_id1293_E-4.19.cif,KSr6(SeO2)3,-4.1909,0.0,Metal,P31m,157,16
LiS4_id3898_E-4.19.cif,LiS4,-4.19,2.184,Semiconductor,P-1,2,10
ScTi2BeGa6_id805_E-4.19.cif,ScTi2BeGa6,-4.1896,0.0,Metal,P4/mmm,123,10
BaLiGaSi6Ge_id1905_E-4.19.cif,BaLiGaSi6Ge,-4.189,0.0,Metal,P312,149,10
BaGe2Sb_id4171_E-4.19.cif,BaGe2Sb,-4.188,0.0,Metal,Immm,71,8
SrLi(AsO4)2_id1625_E-4.19.cif,SrLi(AsO4)2,-4.1876,3.707,Insulator,P-3m1,164,12
CaBe4(GeO)3_id4820_E-4.19.cif,CaBe4(GeO)3,-4.1862,0.0,Metal,Pm-3n,223,22
O2_id2385_E-4.19.cif,O2,-4.1859,3.338,Semiconductor,C222_1,20,24
InO6_id4757_E-4.19.cif,InO6,-4.1856,0.63,Semiconductor,P6/mmm,191,7
BaSi3GeAs_id4503_E-4.18.cif,BaSi3GeAs,-4.182,0.0,Metal,P-4n2,118,12
Li4O3_id3746_E-4.18.cif,Li4O3,-4.1797,3.226,Semiconductor,Fm-3m,225,56
Li11(NO2)4_id2821_E-4.18.cif,Li11(NO2)4,-4.1786,3.186,Semiconductor,C222,21,46
K5In3(Se2O7)2_id895_E-4.18.cif,K5In3(Se2O7)2,-4.1775,0.919,Semiconductor,P-1,2,26
LiSiAs3PO_id564_E-4.18.cif,LiSiAs3PO,-4.1751,0.806,Semiconductor,P6_522,179,42
SiSn2TeAs2_id300_E-4.17.cif,SiSn2TeAs2,-4.1734,0.0,Metal,C2/m,12,12
Al2Zn2GeS4_id2266_E-4.17.cif,Al2Zn2GeS4,-4.173,1.51,Semiconductor,P-42m,111,9
ScTeSe2_id3982_E-4.17.cif,ScTeSe2,-4.1729,1.518,Semiconductor,Pca2_1,29,16
GaP2_id3094_E-4.17.cif,GaP2,-4.1723,1.465,Semiconductor,P4_122,91,12
GaS_id1511_E-4.17.cif,GaS,-4.169,0.0,Metal,P6_522,179,12
NaLi4Ca2(PO8)2_id3215_E-4.17.cif,NaLi4Ca2(PO8)2,-4.1676,2.309,Semiconductor,Pnn2,34,50
LiAs3(SeS)3_id2957_E-4.17.cif,LiAs3(SeS)3,-4.1676,1.237,Semiconductor,P31c,159,20
CaGe4As_id691_E-4.17.cif,CaGe4As,-4.165,0.0,Metal,P-4n2,118,12
Sn2AsSe2_id1988_E-4.16.cif,Sn2AsSe2,-4.1644,0.0,Metal,Pnnn,48,20
Be(AlS)2_id3976_E-4.16.cif,Be(AlS)2,-4.1641,0.0,Metal,P4_12_12,92,20
BaSnO20_id3118_E-4.16.cif,BaSnO20,-4.1623,0.876,Semiconductor,P-3,147,22
Ti2BeC_id2542_E-4.16.cif,Ti2BeC,-4.162,1.747,Semiconductor,P4_2bc,106,32
Sr2SbS2_id617_E-4.16.cif,Sr2SbS2,-4.1619,1.237,Semiconductor,R-3m,166,15
Ba2O13_id74_E-4.16.cif,Ba2O13,-4.1617,0.525,Semiconductor,Pn-3,201,30
Sb2As_id4726_E-4.16.cif,Sb2As,-4.1591,0.0,Metal,I4_1/a,88,24
SiSb_id2244_E-4.16.cif,SiSb,-4.1573,0.604,Semiconductor,P4_132,213,16
CaGe2_id4439_E-4.16.cif,CaGe2,-4.1563,0.0,Metal,P6/mmm,191,6
LiTiO8_id4307_E-4.15.cif,LiTiO8,-4.155,1.736,Semiconductor,Pnma,62,40
B(TeO3)2_id2838_E-4.15.cif,B(TeO3)2,-4.1539,0.196,Semiconductor,Aea2,41,36
CaGaSi3_id58_E-4.15.cif,CaGaSi3,-4.1515,0.0,Metal,P6_3/mmc,194,10
Si_id3579_E-4.15.cif,Si,-4.151,0.464,Semiconductor,Cmce,64,36
AlSiGe3Sb_id20_E-4.15.cif,AlSiGe3Sb,-4.1508,0.0,Metal,P-4n2,118,12
Ge2TeAs_id2298_E-4.15.cif,Ge2TeAs,-4.1503,0.0,Metal,P4/mmm,123,4
GeSbTe2AsO4_id3962_E-4.15.cif,GeSbTe2AsO4,-4.1484,0.0,Metal,P2/m,10,9
NaLi4GaAsO2_id1697_E-4.15.cif,NaLi4GaAsO2,-4.1483,1.909,Semiconductor,I222,23,18
Ba2SbTe_id3540_E-4.15.cif,Ba2SbTe,-4.148,0.0,Metal,P6_3/mmc,194,8
Ca5As9P4_id4533_E-4.15.cif,Ca5As9P4,-4.1462,0.0,Metal,I4,79,36
BaSbAs2P_id83_E-4.15.cif,BaSbAs2P,-4.1452,1.052,Semiconductor,P4_322,95,20
BaNa(AsO4)2_id3204_E-4.14.cif,BaNa(AsO4)2,-4.1439,3.009,Semiconductor,P-3m1,164,12
Sc_id1363_E-4.14.cif,Sc,-4.1438,0.0,Metal,Ia-3,206,48
Ba(SiGe)2_id4847_E-4.14.cif,Ba(SiGe)2,-4.1409,0.0,Metal,P-4n2,118,10
O2_id3311_E-4.14.cif,O2,-4.1405,0.169,Semiconductor,Pba2,32,36
BeGeAsP4_id1939_E-4.14.cif,BeGeAsP4,-4.1404,0.34,Semiconductor,Pca2_1,29,28
Zn(SiO9)2_id2869_E-4.14.cif,Zn(SiO9)2,-4.1396,1.456,Semiconductor,P2_1,4,42
CdO5_id1821_E-4.14.cif,CdO5,-4.1384,0.021,Metal,P4/nbm,125,12
SnSe2_id2248_E-4.14.cif,SnSe2,-4.1378,0.02,Metal,I4_1/amd,141,12
AlInSi8_id1733_E-4.14.cif,AlInSi8,-4.1371,0.565,Semiconductor,I422,97,20
NaGaO_id1011_E-4.14.cif,NaGaO,-4.1353,0.463,Semiconductor,Pca2_1,29,12
Al(GaSi2)2_id491_E-4.13.cif,Al(GaSi2)2,-4.1346,0.934,Semiconductor,I4/mmm,139,14
ScGa3_id1215_E-4.13.cif,ScGa3,-4.1331,0.0,Metal,P4/mmm,123,8
As3P_id1408_E-4.13.cif,As3P,-4.1275,0.0,Metal,Imma,74,16
Ge_id890_E-4.12.cif,Ge,-4.1234,0.0,Metal,P2_12_12,18,14
Si4BSe12_id1391_E-4.12.cif,Si4BSe12,-4.1217,0.178,Semiconductor,I432,211,34
LiAs3P_id4889_E-4.12.cif,LiAs3P,-4.1213,1.028,Semiconductor,Aea2,41,40
Mg8Ga4N9_id2302_E-4.12.cif,Mg8Ga4N9,-4.1213,1.851,Semiconductor,P-42_1c,114,42
GeTe3AsS8_id117_E-4.12.cif,GeTe3AsS8,-4.1212,0.278,Semiconductor,P-3m1,164,13
BaGe2As5_id2203_E-4.12.cif,BaGe2As5,-4.1211,0.794,Semiconductor,I-42d,122,32
NaO13_id4859_E-4.12.cif,NaO13,-4.1184,1.059,Semiconductor,Pm,6,28
ScInGaSnTe_id1949_E-4.12.cif,ScInGaSnTe,-4.1181,0.0,Metal,P4/nmm,129,10
Ba2P2Se_id1026_E-4.11.cif,Ba2P2Se,-4.1134,0.416,Semiconductor,P2/m,10,5
Sc7N_id4013_E-4.11.cif,Sc7N,-4.1119,0.0,Metal,I4/mmm,139,16
Sc4Al14Ga_id3312_E-4.11.cif,Sc4Al14Ga,-4.1118,0.0,Metal,Pm-3,200,19
K4Ti(SeO)2_id4403_E-4.11.cif,K4Ti(SeO)2,-4.1112,1.873,Semiconductor,R32,155,27
NaBP4_id4370_E-4.11.cif,NaBP4,-4.1101,0.0,Metal,P4/n,85,12
GaSiGe5_id2987_E-4.11.cif,GaSiGe5,-4.1094,0.0,Metal,P-42m,111,7
Li3Zn2O4_id401_E-4.11.cif,Li3Zn2O4,-4.1091,1.658,Semiconductor,P-42_1m,113,18
AlPS_id3689_E-4.11.cif,AlPS,-4.1081,0.229,Semiconductor,Pca2_1,29,12
LiS4_id2176_E-4.11.cif,LiS4,-4.108,2.543,Semiconductor,P4_22_12,94,20
Ge4Sb_id4401_E-4.11.cif,Ge4Sb,-4.1069,0.0,Metal,I4_1/a,88,20
As_id1194_E-4.11.cif,As,-4.1066,0.0,Metal,P4_2/mnm,136,10
KLiO19_id3814_E-4.10.cif,KLiO19,-4.1049,1.254,Semiconductor,Pc,7,42
Ba3Li2(SeS)2_id987_E-4.10.cif,Ba3Li2(SeS)2,-4.1004,1.809,Semiconductor,Cmc2_1,36,36
InSeO2_id1558_E-4.10.cif,InSeO2,-4.0983,2.054,Semiconductor,P4_2/ncm,138,16
ZnO_id370_E-4.10.cif,ZnO,-4.0982,1.262,Semiconductor,P6_522,179,12
In(GaSe2)2_id1261_E-4.10.cif,In(GaSe2)2,-4.0973,0.761,Semiconductor,P-42m,111,7
SnGe_id3681_E-4.10.cif,SnGe,-4.0973,0.0,Metal,P6_3/mmc,194,4
Sc4CdIn2_id2722_E-4.10.cif,Sc4CdIn2,-4.0964,0.0,Metal,Fd-3m,227,56
Li4MgZn6(SiO4)3_id2313_E-4.10.cif,Li4MgZn6(SiO4)3,-4.0961,2.916,Semiconductor,I432,211,52
BaMgO_id4127_E-4.09.cif,BaMgO,-4.0949,0.0,Metal,P4/nmm,129,6
Sn2Se9S15O4_id1106_E-4.09.cif,Sn2Se9S15O4,-4.0938,1.205,Semiconductor,C2,5,60
CaZn(P3O)2_id2792_E-4.09.cif,CaZn(P3O)2,-4.0929,0.838,Semiconductor,R-3,148,30
SbNO19_id4569_E-4.09.cif,SbNO19,-4.0928,0.123,Semiconductor,P2_1,4,42
K4O17_id1166_E-4.09.cif,K4O17,-4.0923,1.042,Semiconductor,Pc,7,42
TeS3O_id2382_E-4.09.cif,TeS3O,-4.0908,0.85,Semiconductor,P3_221,154,15
KZn3GeC6N3O14_id3219_E-4.09.cif,KZn3GeC6N3O14,-4.089,0.004,Metal,P321,150,28
LiSb(AsS2)2_id3136_E-4.09.cif,LiSb(AsS2)2,-4.0887,0.0,Metal,Pban,50,16
As2Se_id1274_E-4.09.cif,As2Se,-4.0882,0.0,Metal,I4/mmm,139,6
Ba5InGa(SiO2)4_id252_E-4.09.cif,Ba5InGa(SiO2)4,-4.0881,0.184,Semiconductor,I-4m2,119,38
GeSb3_id4129_E-4.09.cif,GeSb3,-4.0871,0.0,Metal,Pccm,49,8
NaGa2As(SO)2_id3915_E-4.09.cif,NaGa2As(SO)2,-4.0855,0.17,Semiconductor,I4_1/amd,141,32
InS2_id4861_E-4.08.cif,InS2,-4.0839,1.349,Semiconductor,Pban,50,12
Sr6N2O_id4387_E-4.08.cif,Sr6N2O,-4.0824,0.0,Metal,P321,150,9
KCaSb2O5_id3777_E-4.08.cif,KCaSb2O5,-4.0824,2.532,Semiconductor,P-3m1,164,9
MgCdO4_id3019_E-4.08.cif,MgCdO4,-4.0815,0.38,Semiconductor,I4_1/a,88,24
ZnGaSi(GeP2)2_id2719_E-4.08.cif,ZnGaSi(GeP2)2,-4.0812,0.027,Metal,Pccm,49,18
Ge3Sb_id2020_E-4.08.cif,Ge3Sb,-4.0797,0.0,Metal,P-62m,189,8
Sn2S_id526_E-4.08.cif,Sn2S,-4.0796,0.0,Metal,P4_2/nbc,133,24
TePSe_id1859_E-4.08.cif,TePSe,-4.0796,0.778,Semiconductor,P4/m,83,12
KCaO26_id1684_E-4.08.cif,KCaO26,-4.0786,0.787,Semiconductor,P4/n,85,56
Ba2SiP2O_id4151_E-4.08.cif,Ba2SiP2O,-4.0754,0.0,Metal,P2_1/m,11,12
MgAsP2_id4841_E-4.07.cif,MgAsP2,-4.0745,0.0,Metal,I4/mmm,139,8
S_id143_E-4.07.cif,S,-4.0735,2.014,Semiconductor,P4/m,83,8
Mg2Sc5(GeTe)2_id2963_E-4.07.cif,Mg2Sc5(GeTe)2,-4.0728,0.089,Semiconductor,P4_322,95,44
Ba2N_id3104_E-4.07.cif,Ba2N,-4.0725,0.0,Metal,Pbcn,60,12
Li2SiBN2_id1965_E-4.07.cif,Li2SiBN2,-4.0717,0.38,Semiconductor,Pca2_1,29,24
BaSi3_id4629_E-4.07.cif,BaSi3,-4.0711,0.0,Metal,P6_3/mmc,194,8
BeSe_id1727_E-4.07.cif,BeSe,-4.0706,0.734,Semiconductor,Pbca,61,16
S_id2989_E-4.07.cif,S,-4.0706,0.18,Semiconductor,Pbca,61,16
KSnSb3(CSe)3_id2040_E-4.07.cif,KSnSb3(CSe)3,-4.0673,0.0,Metal,P6_3,173,22
AlSi2Ge3_id3652_E-4.07.cif,AlSi2Ge3,-4.0661,0.0,Metal,I4_1md,109,24
AsSe2_id4236_E-4.07.cif,AsSe2,-4.0653,0.928,Semiconductor,Pn-3m,224,6
BaGaTeSO_id692_E-4.06.cif,BaGaTeSO,-4.0648,1.267,Semiconductor,Pnma,62,20
Ge_id1478_E-4.06.cif,Ge,-4.0618,0.0,Metal,I4_1,80,16
K2ScCd3(NO2)3_id3908_E-4.06.cif,K2ScCd3(NO2)3,-4.0615,1.564,Semiconductor,P-3c1,165,60
GaSnGe5As2_id3827_E-4.06.cif,GaSnGe5As2,-4.0611,0.0,Metal,Pccm,49,18
O2_id3023_E-4.06.cif,O2,-4.0564,2.829,Semiconductor,Pba2,32,26
Na2Zn2Ge2O5_id1479_E-4.06.cif,Na2Zn2Ge2O5,-4.0563,1.513,Semiconductor,Pbcn,60,44
Li3Ti2O21_id4487_E-4.06.cif,Li3Ti2O21,-4.0557,0.512,Semiconductor,P1,1,52
CaSnSe2_id3880_E-4.06.cif,CaSnSe2,-4.0557,0.0,Metal,P3_221,154,12
SrGe4As_id226_E-4.06.cif,SrGe4As,-4.0555,0.0,Metal,P-4n2,118,12
SbSe2S_id4182_E-4.05.cif,SbSe2S,-4.0516,0.048,Metal,P4/m,83,16
SiSb5(TeAs)2_id608_E-4.05.cif,SiSb5(TeAs)2,-4.0509,0.0,Metal,P2/m,10,10
CaGe4_id2918_E-4.05.cif,CaGe4,-4.0507,0.0,Metal,Ccce,68,20
GeO20_id1289_E-4.05.cif,GeO20,-4.0507,0.756,Semiconductor,P2_1,4,42
Li3As3SeS7_id4744_E-4.05.cif,Li3As3SeS7,-4.0503,1.569,Semiconductor,P3m1,156,14
BaSnGe_id1463_E-4.05.cif,BaSnGe,-4.0496,0.0,Metal,P6_3/mmc,194,6
AlSe_id347_E-4.05.cif,AlSe,-4.0487,0.0,Metal,P4_2/ncm,138,8
Sb2TeAs_id2036_E-4.05.cif,Sb2TeAs,-4.0481,0.733,Semiconductor,P4/mbm,127,16
KInS2_id4189_E-4.05.cif,KInS2,-4.0477,2.015,Semiconductor,I4_122,98,16
InS2_id2218_E-4.05.cif,InS2,-4.0467,1.996,Semiconductor,Cmc2_1,36,12
BaGe4As_id695_E-4.05.cif,BaGe4As,-4.0461,0.0,Metal,P-4n2,118,12
Si5Te4_id4468_E-4.05.cif,Si5Te4,-4.0455,1.395,Semiconductor,I4_1/a,88,36
KNa2(TeO)3_id1536_E-4.04.cif,KNa2(TeO)3,-4.0444,0.316,Semiconductor,P31m,157,9
AsSe2_id312_E-4.04.cif,AsSe2,-4.0437,0.0,Metal,P4bm,100,12
Li2Be4P7_id3398_E-4.04.cif,Li2Be4P7,-4.0429,1.426,Semiconductor,Ccc2,37,52
SrMgGa(AsP)2_id1641_E-4.04.cif,SrMgGa(AsP)2,-4.0425,0.001,Metal,Pca2_1,29,28
SbAsSe2_id2241_E-4.04.cif,SbAsSe2,-4.0412,0.553,Semiconductor,Cmcm,63,16
BeAl2B_id2772_E-4.04.cif,BeAl2B,-4.0409,0.0,Metal,Fm-3m,225,16
S_id4053_E-4.04.cif,S,-4.0406,0.713,Semiconductor,Pbca,61,16
In2AsS5_id1314_E-4.03.cif,In2AsS5,-4.033,1.711,Semiconductor,P6_4,172,24
NaS4_id3995_E-4.03.cif,NaS4,-4.033,3.244,Semiconductor,R-3m,166,15
LiAlSO_id2381_E-4.03.cif,LiAlSO,-4.0328,1.481,Semiconductor,Pca2_1,29,16
SrAlSi3Ge_id4770_E-4.03.cif,SrAlSi3Ge,-4.0308,0.0,Metal,P-4n2,118,12
In(AsS)2_id461_E-4.03.cif,In(AsS)2,-4.0295,0.015,Metal,P-6m2,187,5
SiO27_id2471_E-4.03.cif,SiO27,-4.029,1.021,Semiconductor,P2,3,28
S_id2733_E-4.03.cif,S,-4.029,0.595,Semiconductor,Pba2,32,14
Li2Mg3Ti3Zn2P2Se4(SO3)2_id3239_E-4.03.cif,Li2Mg3Ti3Zn2P2Se4(SO3)2,-4.0284,1.275,Semiconductor,P-1,2,24
Al5Se4_id3585_E-4.03.cif,Al5Se4,-4.0279,0.0,Metal,P-42m,111,9
GaSi2Ge_id3618_E-4.03.cif,GaSi2Ge,-4.0272,0.0,Metal,I2_12_12_1,24,16
ScAl2_id4453_E-4.03.cif,ScAl2,-4.0264,0.0,Metal,P6_122,178,18
Ge9As10_id1401_E-4.03.cif,Ge9As10,-4.0263,0.0,Metal,I422,97,38
S_id2411_E-4.03.cif,S,-4.0263,0.68,Semiconductor,Pbca,61,16
Ba2AsPS2_id4185_E-4.03.cif,Ba2AsPS2,-4.0262,0.799,Semiconductor,P2/m,10,6
Ca3Si4O_id2350_E-4.03.cif,Ca3Si4O,-4.0255,0.0,Metal,I-42d,122,32
Sn2Se_id427_E-4.03.cif,Sn2Se,-4.0251,0.0,Metal,Imm2,44,12
LiTeAsS3_id2920_E-4.02.cif,LiTeAsS3,-4.0242,1.279,Semiconductor,C222_1,20,48
SiSnSb_id4840_E-4.02.cif,SiSnSb,-4.0237,0.0,Metal,Pca2_1,29,12
Zn2Sn2O3_id2893_E-4.02.cif,Zn2Sn2O3,-4.0221,0.759,Semiconductor,Pbcn,60,28
Mg3AlZnTe4Se2(S2O)4_id3256_E-4.02.cif,Mg3AlZnTe4Se2(S2O)4,-4.0206,1.447,Semiconductor,Pnn2,34,46
LiZn3P3O4_id2560_E-4.02.cif,LiZn3P3O4,-4.0187,0.997,Semiconductor,Pm-3n,223,22
Ge(SeS2)2_id1270_E-4.02.cif,Ge(SeS2)2,-4.0176,1.675,Semiconductor,I-42d,122,28
Li3CaTe2(SeS2)3_id1543_E-4.02.cif,Li3CaTe2(SeS2)3,-4.0158,1.046,Semiconductor,R-3m,166,45
BaGa3Si4(As2P3)2_id1137_E-4.02.cif,BaGa3Si4(As2P3)2,-4.0155,0.0,Metal,P3_121,152,54
Sc3Ti7Zn6GeTe12_id768_E-4.02.cif,Sc3Ti7Zn6GeTe12,-4.0151,0.0,Metal,Pm-3,200,29
Be3O_id4879_E-4.01.cif,Be3O,-4.0128,4.163,Insulator,Pmna,53,32
Ba2LiIn(SnO2)2_id4045_E-4.01.cif,Ba2LiIn(SnO2)2,-4.0114,1.473,Semiconductor,Ibam,72,40
KBaO4_id4245_E-4.01.cif,KBaO4,-4.0107,1.83,Semiconductor,Pban,50,24
Ba3Sr2O6_id658_E-4.01.cif,Ba3Sr2O6,-4.0105,0.0,Metal,P-6,174,11
Ga3TeS3_id3867_E-4.01.cif,Ga3TeS3,-4.0102,1.518,Semiconductor,P6_3mc,186,14
Li3ZnSiS8_id4231_E-4.00.cif,Li3ZnSiS8,-4.0048,0.341,Semiconductor,P-43m,215,13
BAs24_id4262_E-4.00.cif,BAs24,-4.0046,0.006,Metal,I432,211,50
SnSb_id2505_E-4.00.cif,SnSb,-4.004,0.0,Metal,P6_3/mmc,194,4
NaO2_id4016_E-4.00.cif,NaO2,-4.0027,1.048,Semiconductor,I4_1/acd,142,48
NaSnP3_id3816_E-4.00.cif,NaSnP3,-4.0003,1.141,Semiconductor,Amm2,38,10
KScZnInTeSeS_id506_E-4.00.cif,KScZnInTeSeS,-3.9996,0.548,Semiconductor,P2_1/m,11,14
K4Ti4BeBN12_id725_E-4.00.cif,K4Ti4BeBN12,-3.9993,1.178,Semiconductor,P4/mcc,124,44
LiScAl2Ga2(TeO2)2_id1846_E-4.00.cif,LiScAl2Ga2(TeO2)2,-3.9991,0.0,Metal,I222,23,24
SbAs4_id928_E-4.00.cif,SbAs4,-3.9987,1.067,Semiconductor,Pca2_1,29,20
Ba2Ge3Sb2As_id3339_E-4.00.cif,Ba2Ge3Sb2As,-3.9975,0.0,Metal,Pbam,55,16
Na2MgAlZn2Se2(SO5)2_id4897_E-4.00.cif,Na2MgAlZn2Se2(SO5)2,-3.9965,2.729,Semiconductor,P3_121,152,60
GaSi2Ge_id940_E-4.00.cif,GaSi2Ge,-3.9954,0.035,Metal,I-42d,122,16
Ge_id1592_E-3.99.cif,Ge,-3.994,0.0,Metal,Cmm2,35,12
TiGa4_id4341_E-3.99.cif,TiGa4,-3.9938,0.0,Metal,Ccce,68,20
Si5Ge2_id2923_E-3.99.cif,Si5Ge2,-3.9928,0.0,Metal,Pnn2,34,28
S_id4047_E-3.99.cif,S,-3.9922,0.246,Semiconductor,Pbca,61,8
LiZnO5_id2607_E-3.99.cif,LiZnO5,-3.9921,2.447,Semiconductor,I4_1/a,88,56
SnSbAs2P2SeS5N_id2317_E-3.99.cif,SnSbAs2P2SeS5N,-3.9919,0.349,Semiconductor,P2/c,13,52
Li2Al(SbS2)2_id4258_E-3.99.cif,Li2Al(SbS2)2,-3.9914,0.688,Semiconductor,P4nc,104,36
Sb4TeS2_id4917_E-3.99.cif,Sb4TeS2,-3.9908,0.061,Semiconductor,I-42d,122,28
Ti7Al13_id1909_E-3.99.cif,Ti7Al13,-3.9904,0.0,Metal,P6,168,20
Li3Mg3CS3_id3460_E-3.99.cif,Li3Mg3CS3,-3.9894,2.599,Semiconductor,P6_3/m,176,20
Ba4(SnAs)3_id874_E-3.99.cif,Ba4(SnAs)3,-3.9884,0.0,Metal,I-43d,220,40
LiAlSi6O13_id2417_E-3.99.cif,LiAlSi6O13,-3.9852,2.845,Semiconductor,P1,1,42
SbAs21Se_id123_E-3.98.cif,SbAs21Se,-3.9827,0.0,Metal,P2/c,13,46
GaSiGe2_id429_E-3.98.cif,GaSiGe2,-3.9821,0.0,Metal,P3_121,152,12
Na4O3_id4395_E-3.98.cif,Na4O3,-3.9819,0.0,Metal,I-43d,220,28
S_id521_E-3.98.cif,S,-3.9809,0.0,Metal,Pbca,61,8
Ca3(NO3)2_id2697_E-3.98.cif,Ca3(NO3)2,-3.9804,0.561,Semiconductor,Cmce,64,44
K3Li2Cd2Ga3Sb6P6(SO2)6_id2784_E-3.98.cif,K3Li2Cd2Ga3Sb6P6(SO2)6,-3.9798,0.781,Semiconductor,P321,150,40
KCdPO18_id2587_E-3.98.cif,KCdPO18,-3.9787,0.005,Metal,P2_1,4,42
GaSe2_id2551_E-3.98.cif,GaSe2,-3.977,1.022,Semiconductor,P-42_1m,113,6
LiGeSbO18_id823_E-3.97.cif,LiGeSbO18,-3.9743,0.0,Metal,P1,1,42
SrMgAsP(SeS)2_id4293_E-3.97.cif,SrMgAsP(SeS)2,-3.9742,0.028,Metal,Pnma,62,32
NO20_id780_E-3.97.cif,NO20,-3.973,0.408,Semiconductor,Pc,7,42
BAs12_id1703_E-3.97.cif,BAs12,-3.9712,1.549,Semiconductor,I432,211,26
ZnN3_id1302_E-3.97.cif,ZnN3,-3.9711,0.22,Semiconductor,Fm-3m,225,16
NaAsO48_id1527_E-3.97.cif,NaAsO48,-3.9695,0.195,Semiconductor,P-3,147,50
SeN_id196_E-3.97.cif,SeN,-3.9682,0.035,Metal,Pn-3m,224,12
Sb_id1656_E-3.97.cif,Sb,-3.9678,0.171,Semiconductor,Ia-3,206,56
Na8GeP2S4(NO4)2_id2820_E-3.97.cif,Na8GeP2S4(NO4)2,-3.9672,2.439,Semiconductor,P1,1,50
K2CaSi4SnO4_id175_E-3.97.cif,K2CaSi4SnO4,-3.9662,0.0,Metal,I4_1/a,88,48
TeAs2_id1874_E-3.97.cif,TeAs2,-3.9659,0.273,Semiconductor,I4_1/a,88,24
Sc7Cd2_id4119_E-3.96.cif,Sc7Cd2,-3.9645,0.0,Metal,Pmna,53,18
LiAsP_id3926_E-3.96.cif,LiAsP,-3.9612,0.01,Metal,Pca2_1,29,12
Li3ZnSiSe4_id1809_E-3.96.cif,Li3ZnSiSe4,-3.9607,1.891,Semiconductor,P-43m,215,9
K2Ga2As(P3S)2_id4071_E-3.96.cif,K2Ga2As(P3S)2,-3.9589,0.0,Metal,P4_322,95,52
TeO20_id2491_E-3.96.cif,TeO20,-3.9586,0.475,Semiconductor,Pc,7,42
Sc2Cd_id4327_E-3.96.cif,Sc2Cd,-3.9572,0.0,Metal,P2_12_12_1,19,12
Sb2TeAs2P_id95_E-3.96.cif,Sb2TeAs2P,-3.9552,0.379,Semiconductor,P2/c,13,12
Sn_id2316_E-3.95.cif,Sn,-3.9537,0.0,Metal,I4/mmm,139,8
CaSb_id2018_E-3.95.cif,CaSb,-3.953,0.0,Metal,P6_3/mmc,194,4
MgAl4ZnSO10_id21_E-3.95.cif,MgAl4ZnSO10,-3.9504,2.657,Semiconductor,I4,79,34
Ti3Be2B_id1203_E-3.95.cif,Ti3Be2B,-3.9502,0.0,Metal,P6_422,181,18
Sn_id2624_E-3.95.cif,Sn,-3.9478,0.0,Metal,Aem2,39,8
CaZn3Si3P4_id407_E-3.95.cif,CaZn3Si3P4,-3.9456,0.16,Semiconductor,Pm-3n,223,22
K3ScN7_id4635_E-3.94.cif,K3ScN7,-3.9436,1.027,Semiconductor,Pm-3n,223,22
KZnSiO3_id3574_E-3.94.cif,KZnSiO3,-3.9426,2.024,Semiconductor,P3_221,154,18
GeSe_id1523_E-3.94.cif,GeSe,-3.9417,0.0,Metal,P4/m,83,8
Zn2O3_id1585_E-3.94.cif,Zn2O3,-3.9403,1.032,Semiconductor,Pbcn,60,20
Sc2O19_id677_E-3.94.cif,Sc2O19,-3.9396,1.539,Semiconductor,Pc,7,42
AlZn2GaBSbS3NO_id2030_E-3.94.cif,AlZn2GaBSbS3NO,-3.9381,1.206,Semiconductor,Cc,9,44
S_id1121_E-3.94.cif,S,-3.9378,1.992,Semiconductor,P23,195,12
CaMg2Se3S2_id1645_E-3.94.cif,CaMg2Se3S2,-3.9376,0.613,Semiconductor,C2,5,32
ZnGaN_id2885_E-3.94.cif,ZnGaN,-3.937,0.0,Metal,P6_222,180,9
AlSi_id3359_E-3.94.cif,AlSi,-3.9367,0.0,Metal,P2_1,4,8
KGe3S3N_id3420_E-3.94.cif,KGe3S3N,-3.9364,1.402,Semiconductor,P2_1/m,11,16
InSbTeS_id4006_E-3.93.cif,InSbTeS,-3.9336,0.0,Metal,P4_2/ncm,138,16
Sn3Te4_id2694_E-3.93.cif,Sn3Te4,-3.9333,0.598,Semiconductor,P-42m,111,7
SiAsP2S7_id1552_E-3.93.cif,SiAsP2S7,-3.9331,0.21,Semiconductor,P2/m,10,11
S_id1838_E-3.93.cif,S,-3.9303,1.868,Semiconductor,P6_3cm,185,30
SrGe2_id3515_E-3.93.cif,SrGe2,-3.9297,0.02,Metal,P4/mmm,123,12
NaSeS5_id1012_E-3.93.cif,NaSeS5,-3.9284,0.789,Semiconductor,Cmc2_1,36,56
Si_id1638_E-3.93.cif,Si,-3.9282,0.0,Metal,Ia-3d,230,32
NaBe3Zn6O6_id2389_E-3.93.cif,NaBe3Zn6O6,-3.9274,0.001,Metal,Im-3m,229,32
Na4SnSb4AsN4_id4620_E-3.93.cif,Na4SnSb4AsN4,-3.9274,0.528,Semiconductor,I4_1/a,88,56
TiAlZn_id4457_E-3.92.cif,TiAlZn,-3.9247,0.0,Metal,I-4m2,119,24
SrGaSi4_id1545_E-3.92.cif,SrGaSi4,-3.9219,0.044,Metal,P-4n2,118,12
SbTe2AsS3O_id2473_E-3.92.cif,SbTe2AsS3O,-3.9211,0.35,Semiconductor,Pnn2,34,32
Sn_id911_E-3.92.cif,Sn,-3.9202,0.0,Metal,P6/mmm,191,8
KAlGaS8_id3043_E-3.92.cif,KAlGaS8,-3.9196,0.0,Metal,Cmme,67,44
KNa3Si3S4_id3829_E-3.92.cif,KNa3Si3S4,-3.9174,3.12,Semiconductor,Pm-3n,223,22
Li3ScSiO16_id856_E-3.91.cif,Li3ScSiO16,-3.9149,2.606,Semiconductor,Pc,7,42
Ga3GeS8_id2035_E-3.91.cif,Ga3GeS8,-3.9144,0.855,Semiconductor,I-42m,121,24
KS3_id2915_E-3.91.cif,KS3,-3.9137,2.372,Semiconductor,Pnma,62,16
MgSeO_id1044_E-3.91.cif,MgSeO,-3.9109,2.316,Semiconductor,P4_2/ncm,138,12
Ba2S_id4282_E-3.91.cif,Ba2S,-3.9106,0.0,Metal,Pn-3m,224,6
Sb_id3061_E-3.91.cif,Sb,-3.9105,0.0,Metal,P4_32_12,96,8
LiMgTiGaO_id576_E-3.91.cif,LiMgTiGaO,-3.9105,0.507,Semiconductor,Cmme,67,20
In2SnSe4_id3637_E-3.91.cif,In2SnSe4,-3.9078,0.111,Semiconductor,P-42_1c,114,14
TeAsS_id3763_E-3.91.cif,TeAsS,-3.9073,0.707,Semiconductor,P-1,2,6
K5O4_id1740_E-3.91.cif,K5O4,-3.9056,1.628,Semiconductor,I4/m,87,18
SnAs2O11_id3293_E-3.90.cif,SnAs2O11,-3.9048,2.555,Semiconductor,P1,1,28
SnSb2Te2Se_id1142_E-3.90.cif,SnSb2Te2Se,-3.9045,0.0,Metal,I-4m2,119,24
Ge2Sb_id3885_E-3.90.cif,Ge2Sb,-3.9042,0.0,Metal,P4_12_12,92,12
NaS5_id3514_E-3.90.cif,NaS5,-3.9041,0.25,Semiconductor,P3_112,151,36
LiSn2Ge3_id3804_E-3.90.cif,LiSn2Ge3,-3.904,0.0,Metal,P-4m2,115,6
NaCdGeBTePS9_id2709_E-3.90.cif,NaCdGeBTePS9,-3.9036,0.0,Metal,P2_1,4,30
ScSe3_id1666_E-3.90.cif,ScSe3,-3.9024,1.771,Semiconductor,P4/mmm,123,16
Li4As2PS2_id67_E-3.90.cif,Li4As2PS2,-3.9012,1.301,Semiconductor,Pbcn,60,36
BeB30As_id647_E-3.90.cif,BeB30As,-3.9007,1.066,Semiconductor,P-6,174,32
As4Se4S3_id2247_E-3.90.cif,As4Se4S3,-3.899,0.0,Metal,Pmna,53,22
SiGe14_id965_E-3.90.cif,SiGe14,-3.898,0.0,Metal,I-42m,121,30
Li12Ti4SiO3_id1788_E-3.90.cif,Li12Ti4SiO3,-3.8979,0.945,Semiconductor,P4_2/mcm,132,40
Zn2C2NO2_id2086_E-3.90.cif,Zn2C2NO2,-3.8971,1.138,Semiconductor,Pbcn,60,28
ZnO3_id2422_E-3.90.cif,ZnO3,-3.8969,1.698,Semiconductor,I4_1/a,88,32
KBa2SnGe2SO2_id957_E-3.90.cif,KBa2SnGe2SO2,-3.8957,0.853,Semiconductor,I4cm,108,36
NaLi6Te3P3(SN)3_id4452_E-3.90.cif,NaLi6Te3P3(SN)3,-3.8951,1.327,Semiconductor,P31c,159,38
Ba2AsN_id3099_E-3.89.cif,Ba2AsN,-3.8947,0.023,Metal,P3_221,154,12
Sn_id1176_E-3.89.cif,Sn,-3.894,0.0,Metal,Pm-3n,223,8
Sb_id1531_E-3.89.cif,Sb,-3.8936,0.0,Metal,Pccm,49,4
Sn_id2337_E-3.89.cif,Sn,-3.8926,0.0,Metal,Pa-3,205,12
NaIn3Te3O4_id2004_E-3.89.cif,NaIn3Te3O4,-3.8922,0.065,Semiconductor,Pm-3n,223,22
NaS3_id3823_E-3.89.cif,NaS3,-3.8915,1.757,Semiconductor,Cmcm,63,16
Li4AsS6_id3360_E-3.89.cif,Li4AsS6,-3.8912,1.631,Semiconductor,P-4n2,118,22
AlGa(GeTe)2_id4068_E-3.89.cif,AlGa(GeTe)2,-3.8909,0.0,Metal,Ibam,72,24
Al4Sn3Se4_id1403_E-3.89.cif,Al4Sn3Se4,-3.8865,0.0,Metal,I-43d,220,44
LiSiGe3_id4359_E-3.88.cif,LiSiGe3,-3.8812,0.0,Metal,P6_3mc,186,10
Sn5Ge3(TeAs)2_id2873_E-3.88.cif,Sn5Ge3(TeAs)2,-3.8807,0.204,Semiconductor,P2_12_12,18,24
K2SnO8_id1362_E-3.88.cif,K2SnO8,-3.8807,0.915,Semiconductor,P-31m,162,22
GaSi2GeO4_id3095_E-3.88.cif,GaSi2GeO4,-3.8805,1.135,Semiconductor,P3_121,152,24
KS2_id2294_E-3.88.cif,KS2,-3.8802,2.84,Semiconductor,Pnnn,48,24
Sb5TeSe2_id229_E-3.88.cif,Sb5TeSe2,-3.8787,0.929,Semiconductor,I-42d,122,32
NaGe7_id746_E-3.88.cif,NaGe7,-3.8785,0.0,Metal,P-6,174,8
SbTe_id4229_E-3.88.cif,SbTe,-3.8784,0.0,Metal,P4/nmm,129,4
MgTiZnSn(TeS)2_id1331_E-3.88.cif,MgTiZnSn(TeS)2,-3.8783,0.63,Semiconductor,Pmmn,59,16
Sr3Ca5TiCNO10_id3640_E-3.88.cif,Sr3Ca5TiCNO10,-3.878,2.873,Semiconductor,P2_1,4,42
InSe2_id147_E-3.88.cif,InSe2,-3.8773,1.12,Semiconductor,P-42_1m,113,6
K2N4O13_id1629_E-3.88.cif,K2N4O13,-3.8756,0.066,Semiconductor,Pnnm,58,38
InSe2S3_id398_E-3.87.cif,InSe2S3,-3.8734,0.409,Semiconductor,Aea2,41,48
ScCdSe_id4319_E-3.87.cif,ScCdSe,-3.8731,0.0,Metal,P4/nmm,129,6
KLi2Te2(SeO)4_id3354_E-3.87.cif,KLi2Te2(SeO)4,-3.8725,1.532,Semiconductor,I222,23,26
GeTe2_id3280_E-3.87.cif,GeTe2,-3.8718,0.193,Semiconductor,P3_221,154,9
BaCa(PO)2_id4428_E-3.87.cif,BaCa(PO)2,-3.8713,1.969,Semiconductor,I4_1/amd,141,24
LiCaAlZn5O4_id761_E-3.87.cif,LiCaAlZn5O4,-3.8704,0.529,Semiconductor,I-4m2,119,24
Li6P3CS3N2_id3108_E-3.87.cif,Li6P3CS3N2,-3.87,0.0,Metal,R-3m,166,45
AlTe2_id4791_E-3.87.cif,AlTe2,-3.8699,1.234,Semiconductor,P-42_1m,113,6
KO2_id3289_E-3.87.cif,KO2,-3.8698,0.104,Semiconductor,P6_522,179,18
Na4LiO5_id2981_E-3.87.cif,Na4LiO5,-3.8686,1.842,Semiconductor,Pnn2,34,40
Ti7Ga_id967_E-3.87.cif,Ti7Ga,-3.8685,0.0,Metal,P4/mmm,123,8
In3(SeS)2_id515_E-3.87.cif,In3(SeS)2,-3.8667,1.926,Semiconductor,Cccm,66,28
LiCdS6_id2412_E-3.87.cif,LiCdS6,-3.8663,2.088,Semiconductor,P6_322,182,16
Li2Al2SiTe4_id2886_E-3.87.cif,Li2Al2SiTe4,-3.8651,1.099,Semiconductor,P-42m,111,9
Sr2Sc3N_id4066_E-3.86.cif,Sr2Sc3N,-3.8645,0.0,Metal,Pn-3m,224,12
Sr2Li4Ge2P5S_id2836_E-3.86.cif,Sr2Li4Ge2P5S,-3.8638,0.982,Semiconductor,Fmmm,69,56
Ga2SiGe2_id844_E-3.86.cif,Ga2SiGe2,-3.8633,0.0,Metal,Pbca,61,20
In(AsSe4)2_id2284_E-3.86.cif,In(AsSe4)2,-3.8628,1.201,Semiconductor,Cmm2,35,22
LiSiSb6_id4126_E-3.86.cif,LiSiSb6,-3.8625,0.0,Metal,P6_322,182,16
SnSb5As2Se_id3947_E-3.86.cif,SnSb5As2Se,-3.862,0.0,Metal,Pcc2,27,18
TeAs3Se_id1928_E-3.86.cif,TeAs3Se,-3.8605,0.917,Semiconductor,Imm2,44,10
S_id935_E-3.86.cif,S,-3.8596,0.809,Semiconductor,Pc,7,42
SnTe2_id3327_E-3.86.cif,SnTe2,-3.8593,0.0,Metal,Cmcm,63,12
Li6CaSe4_id682_E-3.86.cif,Li6CaSe4,-3.857,1.904,Semiconductor,Im-3m,229,22
Sn2Sb3_id1060_E-3.86.cif,Sn2Sb3,-3.8564,0.0,Metal,C2/m,12,10
Sn_id4331_E-3.86.cif,Sn,-3.8563,0.0,Metal,P6_3/mmc,194,4
Mg2O19_id3661_E-3.86.cif,Mg2O19,-3.8558,0.941,Semiconductor,Pc,7,42
Sn_id1315_E-3.85.cif,Sn,-3.8544,0.0,Metal,P6_3/mmc,194,4
K2ZnO2_id1318_E-3.85.cif,K2ZnO2,-3.8534,1.833,Semiconductor,I4_1,80,20
LiCa4S11_id3494_E-3.85.cif,LiCa4S11,-3.8532,0.293,Semiconductor,R-3m,166,48
S_id4048_E-3.85.cif,S,-3.8523,1.754,Semiconductor,Pbca,61,8
Al3Si8Te4(SeS2)2_id3331_E-3.85.cif,Al3Si8Te4(SeS2)2,-3.8516,0.267,Semiconductor,Pnn2,34,42
Ba3O13_id4344_E-3.85.cif,Ba3O13,-3.8511,1.808,Semiconductor,P6/mmm,191,16
ZnCd2O8_id2627_E-3.85.cif,ZnCd2O8,-3.8497,0.779,Semiconductor,P4/nbm,125,22
Al3(PS3)2_id332_E-3.85.cif,Al3(PS3)2,-3.8494,3.135,Semiconductor,Cccm,66,44
KBaO_id4558_E-3.85.cif,KBaO,-3.8491,0.056,Semiconductor,P4/nmm,129,6
SnAs2_id2476_E-3.85.cif,SnAs2,-3.8481,0.0,Metal,P4_12_12,92,12
MgGaPNO3_id153_E-3.85.cif,MgGaPNO3,-3.8475,0.024,Metal,C222_1,20,56
SeS_id1416_E-3.85.cif,SeS,-3.8464,1.36,Semiconductor,P4/m,83,8
LiMgGe6_id1803_E-3.85.cif,LiMgGe6,-3.8453,0.0,Metal,Fm-3m,225,32
Mg3In3SnO3_id3516_E-3.84.cif,Mg3In3SnO3,-3.8432,0.0,Metal,P6_3,173,20
Mg2Ti2Al_id1790_E-3.84.cif,Mg2Ti2Al,-3.8431,0.0,Metal,I4/mmm,139,20
BaIn2(GaO)4_id1226_E-3.84.cif,BaIn2(GaO)4,-3.8428,0.0,Metal,I-42d,122,44
O2_id2346_E-3.84.cif,O2,-3.8423,1.108,Semiconductor,P2_1,4,42
Mg3Sc13_id3183_E-3.84.cif,Mg3Sc13,-3.8418,0.0,Metal,P6/mmm,191,16
ZnGe3As2_id1784_E-3.84.cif,ZnGe3As2,-3.8401,0.0,Metal,P-4n2,118,12
Mg2AlO_id2031_E-3.84.cif,Mg2AlO,-3.8392,0.0,Metal,R-3m,166,24
Sr2Li2Sb2O3_id2703_E-3.84.cif,Sr2Li2Sb2O3,-3.8389,0.05,Semiconductor,Pbcn,60,36
MgGe4_id4645_E-3.84.cif,MgGe4,-3.8375,0.0,Metal,P42_12,90,10
BaIn2O_id2118_E-3.84.cif,BaIn2O,-3.8366,0.0,Metal,I4/mmm,139,8
BS12_id36_E-3.84.cif,BS12,-3.835,0.0,Metal,I432,211,26
Sn_id428_E-3.83.cif,Sn,-3.8345,0.0,Metal,P2_12_12_1,19,8
GeS20_id3264_E-3.83.cif,GeS20,-3.8332,1.846,Semiconductor,P2_1,4,42
BaLi2TiCdTeAsPS_id1063_E-3.83.cif,BaLi2TiCdTeAsPS,-3.8291,0.92,Semiconductor,P3_1,144,27
Ga2B_id841_E-3.83.cif,Ga2B,-3.8273,3.219,Semiconductor,P6_422,181,18
Li2SeS4_id635_E-3.83.cif,Li2SeS4,-3.827,0.157,Semiconductor,Cccm,66,28
K4LiAsO8_id4929_E-3.83.cif,K4LiAsO8,-3.8266,2.852,Semiconductor,I4_1/a,88,56
Ba6InGe(CO)2_id4022_E-3.83.cif,Ba6InGe(CO)2,-3.8262,0.104,Semiconductor,P321,150,12
BS12_id1927_E-3.83.cif,BS12,-3.826,1.849,Semiconductor,I432,211,26
CdGeO2_id4892_E-3.83.cif,CdGeO2,-3.8257,1.304,Semiconductor,I4_122,98,16
Sb2SeS8_id544_E-3.83.cif,Sb2SeS8,-3.8252,1.755,Semiconductor,P6_4,172,33
Li5Al2GaO4_id3949_E-3.83.cif,Li5Al2GaO4,-3.8252,0.1,Semiconductor,P4nc,104,48
Li2GeSb(AsP)2_id4698_E-3.83.cif,Li2GeSb(AsP)2,-3.8252,0.533,Semiconductor,Pccm,49,16
KZn2Ge2As2PO2_id1246_E-3.82.cif,KZn2Ge2As2PO2,-3.8238,1.047,Semiconductor,Pnn2,34,20
Sc13Cd2_id990_E-3.82.cif,Sc13Cd2,-3.8226,0.0,Metal,P6/mmm,191,15
Sr2SnB4_id1220_E-3.82.cif,Sr2SnB4,-3.8218,0.0,Metal,P4_2/mcm,132,14
Sr2S3_id4354_E-3.82.cif,Sr2S3,-3.8206,0.464,Semiconductor,P4/mnc,128,20
GeSe2_id4512_E-3.82.cif,GeSe2,-3.8195,0.0,Metal,P432,207,36
Sn_id2617_E-3.82.cif,Sn,-3.8173,0.0,Metal,Fm-3m,225,12
InGaGe2P_id186_E-3.82.cif,InGaGe2P,-3.8173,0.0,Metal,I-4m2,119,10
Zn(SiGe)2_id2871_E-3.82.cif,Zn(SiGe)2,-3.8171,0.0,Metal,Pbcn,60,20
SnSb4As3_id3269_E-3.82.cif,SnSb4As3,-3.8164,0.002,Metal,P4/mmm,123,8
KCdO4_id2308_E-3.82.cif,KCdO4,-3.8161,1.916,Semiconductor,Pban,50,12
Li2Be2O3_id4193_E-3.82.cif,Li2Be2O3,-3.816,1.728,Semiconductor,Pbcn,60,28
S_id4852_E-3.81.cif,S,-3.8142,1.893,Semiconductor,Pbca,61,8
ZnO7_id4624_E-3.81.cif,ZnO7,-3.8139,0.887,Semiconductor,P622,177,24
NaZn3Ga3O4_id4143_E-3.81.cif,NaZn3Ga3O4,-3.8136,0.94,Semiconductor,Pm-3n,223,22
SrSbSe_id1766_E-3.81.cif,SrSbSe,-3.8127,0.878,Semiconductor,P4/nmm,129,6
BeAlZnP2_id2320_E-3.81.cif,BeAlZnP2,-3.8125,1.408,Semiconductor,Pccm,49,10
K(GeTe2)2_id3067_E-3.81.cif,K(GeTe2)2,-3.811,0.746,Semiconductor,P-42m,111,7
CaTe4As_id649_E-3.81.cif,CaTe4As,-3.8106,0.0,Metal,P4/nbm,125,12
K2Li2O3_id1594_E-3.81.cif,K2Li2O3,-3.8102,0.0,Metal,C222,21,28
ScAlGa2_id2891_E-3.81.cif,ScAlGa2,-3.81,0.0,Metal,Pmmn,59,8
Sn_id3732_E-3.81.cif,Sn,-3.8085,0.0,Metal,P4_2/mmc,131,4
Ba2SnN_id2835_E-3.80.cif,Ba2SnN,-3.8023,0.0,Metal,P4/mbm,127,8
Ca2As_id419_E-3.80.cif,Ca2As,-3.8016,0.0,Metal,Pa-3,205,12
Ga2SiSn4_id1554_E-3.80.cif,Ga2SiSn4,-3.7998,0.0,Metal,Fd-3m,227,56
Sc8Cd2Te_id772_E-3.80.cif,Sc8Cd2Te,-3.799,0.0,Metal,P-62m,189,11
ZnSn3Se4_id3587_E-3.80.cif,ZnSn3Se4,-3.7986,0.0,Metal,P-42m,111,8
Si_id4224_E-3.80.cif,Si,-3.7978,0.604,Semiconductor,Pm-3n,223,12
GeSbSe2S_id848_E-3.80.cif,GeSbSe2S,-3.7954,0.0,Metal,I-4m2,119,20
BaLi2Ca2Ge2P2O11_id3318_E-3.79.cif,BaLi2Ca2Ge2P2O11,-3.7916,0.542,Semiconductor,P-3m1,164,20
TeS2_id1398_E-3.79.cif,TeS2,-3.7908,1.065,Semiconductor,P3_112,151,9
BeAl4Zn2(SiSe4)2_id2016_E-3.79.cif,BeAl4Zn2(SiSe4)2,-3.7908,1.152,Semiconductor,P-42m,111,17
NaLi8ZnTe4(SO)4_id4132_E-3.79.cif,NaLi8ZnTe4(SO)4,-3.7905,0.369,Semiconductor,I222,23,44
ZnGaGeS4_id1390_E-3.79.cif,ZnGaGeS4,-3.7903,0.0,Metal,Pnnn,48,14
Ba2Ca2GeBO2_id414_E-3.79.cif,Ba2Ca2GeBO2,-3.7897,0.0,Metal,P4_32_12,96,32
Ga3Ge4_id1802_E-3.79.cif,Ga3Ge4,-3.789,0.0,Metal,I-43d,220,28
Ge11Sb_id4142_E-3.79.cif,Ge11Sb,-3.7882,0.0,Metal,P6/m,175,12
KLi2Si(GeS2)2_id886_E-3.78.cif,KLi2Si(GeS2)2,-3.785,1.331,Semiconductor,P-4n2,118,20
LiBP5_id816_E-3.78.cif,LiBP5,-3.7849,0.394,Semiconductor,Pccm,49,14
NaAs3Se2_id2194_E-3.78.cif,NaAs3Se2,-3.7841,0.04,Metal,Pn-3m,224,12
NaCdO2_id1899_E-3.78.cif,NaCdO2,-3.7833,0.491,Semiconductor,I4_122,98,16
K2O23_id676_E-3.78.cif,K2O23,-3.7828,0.0,Metal,Pba2,32,50
BaLiAlSi3Sn3Ge2P3_id3496_E-3.78.cif,BaLiAlSi3Sn3Ge2P3,-3.7826,0.0,Metal,P3c1,158,28
O2_id1958_E-3.78.cif,O2,-3.7819,0.63,Semiconductor,Aem2,39,28
TeS2_id652_E-3.78.cif,TeS2,-3.7804,0.007,Metal,Pbca,61,24
SrCaSiB3_id4424_E-3.78.cif,SrCaSiB3,-3.7795,0.303,Semiconductor,C222_1,20,24
MgO8_id4475_E-3.78.cif,MgO8,-3.7794,3.42,Semiconductor,Fm-3m,225,36
Zn2O3_id1464_E-3.78.cif,Zn2O3,-3.7786,1.92,Semiconductor,Pbcn,60,20
GeS11_id1535_E-3.78.cif,GeS11,-3.7776,0.642,Semiconductor,P2/m,10,12
SnSe5_id4689_E-3.78.cif,SnSe5,-3.7767,0.0,Metal,Pbam,55,12
Ge_id2153_E-3.78.cif,Ge,-3.7756,0.0,Metal,P2/m,10,10
TeAs2_id2144_E-3.78.cif,TeAs2,-3.7755,0.821,Semiconductor,P4_122,91,12
LiAs2S_id4007_E-3.77.cif,LiAs2S,-3.7748,0.0,Metal,P4_122,91,16
K6BaMgO6_id1038_E-3.77.cif,K6BaMgO6,-3.7738,2.124,Semiconductor,P-31c,163,28
Sn_id2391_E-3.77.cif,Sn,-3.7736,0.0,Metal,Im-3m,229,10
AlGa2B_id3387_E-3.77.cif,AlGa2B,-3.7736,0.024,Metal,P6_222,180,12
LiCaSb4_id3858_E-3.77.cif,LiCaSb4,-3.7725,0.0,Metal,Pccm,49,12
Li4GaO16_id1556_E-3.77.cif,Li4GaO16,-3.7723,2.485,Semiconductor,P-43m,215,21
SeS_id1935_E-3.77.cif,SeS,-3.7716,1.366,Semiconductor,P4/m,83,8
CdS6_id571_E-3.77.cif,CdS6,-3.7708,1.67,Semiconductor,Pccm,49,14
ZnAsO_id2135_E-3.77.cif,ZnAsO,-3.7697,1.069,Semiconductor,P4_22_12,94,24
InSn11Sb_id739_E-3.77.cif,InSn11Sb,-3.7675,0.0,Metal,Pm-3m,221,13
S_id91_E-3.77.cif,S,-3.7658,2.586,Semiconductor,Pbca,61,8
K2Mg3Be2ZnBNO10_id1259_E-3.77.cif,K2Mg3Be2ZnBNO10,-3.7652,0.01,Metal,P3_2,145,60
KGeAs3P_id1174_E-3.76.cif,KGeAs3P,-3.7644,0.045,Metal,P2_12_12_1,19,24
CaSnO10_id380_E-3.76.cif,CaSnO10,-3.7639,3.155,Semiconductor,P4bm,100,24
Sn3Sb2(TeO)2_id2421_E-3.76.cif,Sn3Sb2(TeO)2,-3.7636,1.011,Semiconductor,P4_2mc,105,18
CaAs10_id4247_E-3.76.cif,CaAs10,-3.7634,0.0,Metal,I-42m,121,22
Ga(SeS)2_id3837_E-3.76.cif,Ga(SeS)2,-3.7634,0.593,Semiconductor,Pmna,53,10
Be3Si_id2969_E-3.76.cif,Be3Si,-3.7628,0.0,Metal,P4_132,213,32
Sn2Sb3As2_id2478_E-3.76.cif,Sn2Sb3As2,-3.762,0.0,Metal,P2_1,4,14
Sb2As7_id2023_E-3.76.cif,Sb2As7,-3.762,0.014,Metal,Cmm2,35,18
K(Te2O)3_id2682_E-3.76.cif,K(Te2O)3,-3.7608,0.488,Semiconductor,P6_3mc,186,20
LiZnO_id490_E-3.76.cif,LiZnO,-3.7597,1.235,Semiconductor,C222,21,12
Al2Sn4Ge_id3552_E-3.76.cif,Al2Sn4Ge,-3.7571,0.0,Metal,P-42m,111,7
Si4SnGe2_id4683_E-3.76.cif,Si4SnGe2,-3.7566,0.0,Metal,I-42d,122,28
Sc2(Te3Se)3_id404_E-3.75.cif,Sc2(Te3Se)3,-3.7549,0.249,Semiconductor,P6cc,184,28
AsN14_id2474_E-3.75.cif,AsN14,-3.754,0.0,Metal,Fm-3m,225,60
BaLi2SbTe4_id3403_E-3.75.cif,BaLi2SbTe4,-3.7537,0.0,Metal,P4_2/mcm,132,16
InSe_id443_E-3.75.cif,InSe,-3.753,0.0,Metal,P6_3/mmc,194,4
Ba2SbTe3(AsSe3)2_id3594_E-3.75.cif,Ba2SbTe3(AsSe3)2,-3.7526,0.014,Metal,Pnn2,34,28
Al2Ga2Si4SnGe3_id2154_E-3.75.cif,Al2Ga2Si4SnGe3,-3.7503,0.0,Metal,C222_1,20,48
Sb_id2406_E-3.75.cif,Sb,-3.7503,0.0,Metal,I2_12_12_1,24,12
SiSb12_id2479_E-3.75.cif,SiSb12,-3.7499,0.0,Metal,I432,211,26
Cd2PO3_id948_E-3.75.cif,Cd2PO3,-3.7477,0.086,Semiconductor,Cmme,67,24
Sn2Sb3_id1739_E-3.75.cif,Sn2Sb3,-3.7462,0.0,Metal,Ccc2,37,20
MgSc2AlGa2_id2511_E-3.75.cif,MgSc2AlGa2,-3.7456,0.0,Metal,P4/mmm,123,24
Sc2Zn3N_id4021_E-3.74.cif,Sc2Zn3N,-3.7439,0.0,Metal,Pn-3m,224,12
SnO3_id1231_E-3.74.cif,SnO3,-3.7425,0.0,Metal,Cmmm,65,16
K4BaO4_id468_E-3.74.cif,K4BaO4,-3.7418,1.772,Semiconductor,P4_2/n,86,18
NaAs2_id1251_E-3.74.cif,NaAs2,-3.7418,0.0,Metal,I4/mcm,140,12
LiMg2Sb4As(Se2S)4_id4894_E-3.74.cif,LiMg2Sb4As(Se2S)4,-3.7406,2.966,Semiconductor,I-42m,121,40
Sc4Zn3_id642_E-3.74.cif,Sc4Zn3,-3.7393,0.0,Metal,I-43d,220,28
Sn5Sb3_id1775_E-3.74.cif,Sn5Sb3,-3.7392,0.0,Metal,Pmmm,47,8
Li3(GeTe2)2_id3199_E-3.74.cif,Li3(GeTe2)2,-3.7369,1.038,Semiconductor,P-42m,111,9
Sn_id1465_E-3.74.cif,Sn,-3.7368,0.0,Metal,C2/c,15,28
Li2Al2Zn2Te2N2O5_id3389_E-3.74.cif,Li2Al2Zn2Te2N2O5,-3.7354,1.192,Semiconductor,P1,1,60
Al4SnP2N_id73_E-3.73.cif,Al4SnP2N,-3.7347,0.0,Metal,I4_1/a,88,32
Li3Zn(GaO3)2_id565_E-3.73.cif,Li3Zn(GaO3)2,-3.7342,2.781,Semiconductor,C222,21,24
K3Te4As(PO3)2_id778_E-3.73.cif,K3Te4As(PO3)2,-3.7324,1.093,Semiconductor,I222,23,32
Al3GaSi3Sn9(TeP)3_id1911_E-3.73.cif,Al3GaSi3Sn9(TeP)3,-3.7299,0.0,Metal,P6_3,173,44
ZnCd2O10_id3692_E-3.73.cif,ZnCd2O10,-3.7278,0.599,Semiconductor,Pnn2,34,26
LiMgInNO_id1372_E-3.73.cif,LiMgInNO,-3.7273,2.942,Semiconductor,Pca2_1,29,20
Zn2O9_id803_E-3.73.cif,Zn2O9,-3.7267,0.644,Semiconductor,P4/n,85,44
Li2Ga2SnS7_id2053_E-3.73.cif,Li2Ga2SnS7,-3.7266,0.008,Metal,Pbam,55,24
BaTe5S2_id2992_E-3.73.cif,BaTe5S2,-3.7252,0.021,Metal,P3_221,154,24
Al3SiSn3Ge(AsO)3_id2333_E-3.72.cif,Al3SiSn3Ge(AsO)3,-3.7241,0.913,Semiconductor,P6_3,173,28
Li3Ca6NO6_id3236_E-3.72.cif,Li3Ca6NO6,-3.724,2.038,Semiconductor,R-3m,166,48
ZnSn2Ge4Te3_id1366_E-3.72.cif,ZnSn2Ge4Te3,-3.7239,0.0,Metal,P3,143,10
Sb7As_id71_E-3.72.cif,Sb7As,-3.7222,0.0,Metal,C2,5,32
ZnGe2As3P_id2575_E-3.72.cif,ZnGe2As3P,-3.722,0.0,Metal,I4mm,107,14
Sn_id813_E-3.72.cif,Sn,-3.722,0.007,Metal,P4/mmm,123,6
NaLi4Al4Sn5O4_id459_E-3.72.cif,NaLi4Al4Sn5O4,-3.7219,0.205,Semiconductor,P4,75,18
Al2Zn6O7_id3057_E-3.72.cif,Al2Zn6O7,-3.7209,2.674,Semiconductor,P1,1,30
BaMgGeP_id4412_E-3.72.cif,BaMgGeP,-3.7206,1.082,Semiconductor,P4_2/mmc,131,8
NaCd3Sb3O4_id3747_E-3.72.cif,NaCd3Sb3O4,-3.7174,0.0,Metal,Pm-3n,223,22
SbTe_id1_E-3.71.cif,SbTe,-3.7134,0.005,Metal,F-43m,216,8
SnTeSeS2N_id2482_E-3.71.cif,SnTeSeS2N,-3.7131,1.285,Semiconductor,Cmc2_1,36,24
Be3GaSi3(SeO)3_id2321_E-3.71.cif,Be3GaSi3(SeO)3,-3.7129,0.822,Semiconductor,P6_3,173,26
InSnSb3_id3720_E-3.71.cif,InSnSb3,-3.7127,0.0,Metal,I2_12_12_1,24,20
TiZnGa_id1371_E-3.71.cif,TiZnGa,-3.7125,0.0,Metal,P4/mmm,123,12
TeS_id2120_E-3.71.cif,TeS,-3.7121,0.0,Metal,P4/m,83,8
NaCa3(SnAs2)3_id4733_E-3.71.cif,NaCa3(SnAs2)3,-3.7108,0.0,Metal,Pm-3n,223,26
As7P_id3187_E-3.71.cif,As7P,-3.7103,0.428,Semiconductor,Pm,6,16
Te2S9_id1569_E-3.71.cif,Te2S9,-3.7094,1.617,Semiconductor,Pnn2,34,22
Mg(AlSe4)2_id2749_E-3.71.cif,Mg(AlSe4)2,-3.7085,0.535,Semiconductor,P-42m,111,11
Mg3ScSn3N_id1388_E-3.71.cif,Mg3ScSn3N,-3.7081,0.0,Metal,Pm-3m,221,8
Al2InSiSn_id2056_E-3.71.cif,Al2InSiSn,-3.7079,0.0,Metal,I-4m2,119,10
ScTe2S3_id2026_E-3.71.cif,ScTe2S3,-3.7075,0.833,Semiconductor,P4mm,99,6
Ga4Sn7(SeS)6_id599_E-3.71.cif,Ga4Sn7(SeS)6,-3.7064,0.0,Metal,P-31c,163,46
CaGe4_id1348_E-3.71.cif,CaGe4,-3.7062,0.0,Metal,Im-3m,229,10
TeAsP_id423_E-3.71.cif,TeAsP,-3.7051,0.45,Semiconductor,P4_32_12,96,24
Ga2SiGe2_id4433_E-3.70.cif,Ga2SiGe2,-3.7039,0.0,Metal,Pccm,49,10
S_id4383_E-3.70.cif,S,-3.703,2.219,Semiconductor,Ia-3d,230,32
As3SeS2_id2047_E-3.70.cif,As3SeS2,-3.7019,1.275,Semiconductor,Pmmm,47,6
BeGaP_id2513_E-3.70.cif,BeGaP,-3.7016,0.0,Metal,Pca2_1,29,12
LiAl3Sb4_id4972_E-3.70.cif,LiAl3Sb4,-3.7004,0.0,Metal,Im-3m,229,16
K2O3_id2475_E-3.70.cif,K2O3,-3.6983,1.532,Semiconductor,Pbcn,60,20
CdSn3TeSe6_id4523_E-3.70.cif,CdSn3TeSe6,-3.6955,1.389,Semiconductor,P-31c,163,22
Li3Cd2O2_id364_E-3.69.cif,Li3Cd2O2,-3.6938,0.909,Semiconductor,C2/m,12,14
Sn3Ge_id1503_E-3.69.cif,Sn3Ge,-3.6931,0.0,Metal,P4_2/mcm,132,8
Be2ZnBP_id984_E-3.69.cif,Be2ZnBP,-3.6922,1.456,Semiconductor,Pnma,62,20
NaCa3BeP4Se3_id3427_E-3.69.cif,NaCa3BeP4Se3,-3.6913,1.976,Semiconductor,P-6m2,187,12
SnTe2Se3_id1918_E-3.69.cif,SnTe2Se3,-3.6905,0.053,Semiconductor,Pbam,55,12
BeSi2GeP2_id2038_E-3.69.cif,BeSi2GeP2,-3.6902,0.0,Metal,P4_32_12,96,24
Se4S3_id1904_E-3.69.cif,Se4S3,-3.6899,0.751,Semiconductor,Pnnn,48,28
KTi2BP2_id1890_E-3.69.cif,KTi2BP2,-3.6878,1.588,Semiconductor,Pccm,49,12
KNaO2_id1772_E-3.69.cif,KNaO2,-3.6851,0.611,Semiconductor,I4_122,98,16
CaAl2(SiO5)3_id2830_E-3.68.cif,CaAl2(SiO5)3,-3.6841,0.0,Metal,P2_1,4,42
K8AlZnCd4B4As4P4(Se2O3)2_id1085_E-3.68.cif,K8AlZnCd4B4As4P4(Se2O3)2,-3.6836,0.0,Metal,P4,75,36
SnTe2Se3_id1248_E-3.68.cif,SnTe2Se3,-3.683,0.661,Semiconductor,Pbam,55,12
Mg(InSe3)2_id4872_E-3.68.cif,Mg(InSe3)2,-3.6829,0.004,Metal,P-31c,163,18
Sn_id1715_E-3.68.cif,Sn,-3.6815,0.0,Metal,I4_1/amd,141,20
Ba2Li4N4O3_id1086_E-3.68.cif,Ba2Li4N4O3,-3.6815,3.046,Semiconductor,I4_1/a,88,52
Zn4GaSiS9_id697_E-3.68.cif,Zn4GaSiS9,-3.6814,0.0,Metal,I4,79,30
InSn2Sb_id3649_E-3.68.cif,InSn2Sb,-3.6814,0.0,Metal,F-43m,216,16
Li3Ca2Ti2O_id4179_E-3.68.cif,Li3Ca2Ti2O,-3.6804,0.0,Metal,Pn-3m,224,16
NaAl2(GeP)2_id1461_E-3.68.cif,NaAl2(GeP)2,-3.6788,0.0,Metal,P3_121,152,21
NaGe3_id3143_E-3.68.cif,NaGe3,-3.6787,0.0,Metal,Pm-3n,223,8
AlTeSNO17_id1493_E-3.68.cif,AlTeSNO17,-3.6786,1.296,Semiconductor,Pc,7,42
KNa2LiCd2O4_id979_E-3.68.cif,KNa2LiCd2O4,-3.6772,0.0,Metal,P4_22_12,94,20
Sn_id684_E-3.68.cif,Sn,-3.6772,0.0,Metal,P4/mmm,123,5
Sn_id1793_E-3.68.cif,Sn,-3.6771,0.0,Metal,P4/mmm,123,5
Mg3(PS2)2_id1982_E-3.68.cif,Mg3(PS2)2,-3.6771,2.463,Semiconductor,P2_12_12,18,18
Ti(GaSn)3_id2701_E-3.68.cif,Ti(GaSn)3,-3.677,0.0,Metal,Pmna,53,14
S_id192_E-3.68.cif,S,-3.6761,0.24,Semiconductor,Pba2,32,18
Na6In4SnO4_id4461_E-3.68.cif,Na6In4SnO4,-3.6755,3.113,Semiconductor,I-42m,121,30
Li2AlZn(SeS3)2_id1504_E-3.68.cif,Li2AlZn(SeS3)2,-3.6752,0.073,Semiconductor,P3_221,154,36
NaAlInTeSeS2_id4470_E-3.67.cif,NaAlInTeSeS2,-3.6739,1.356,Semiconductor,P2_1,4,14
Sn_id1668_E-3.67.cif,Sn,-3.6728,0.0,Metal,P4_132,213,20
Ca3InAs3_id4225_E-3.67.cif,Ca3InAs3,-3.6714,0.0,Metal,Pm-3n,223,14
Sn_id2993_E-3.67.cif,Sn,-3.6701,0.0,Metal,P-62m,189,12
Li(Se2O)2_id2170_E-3.67.cif,Li(Se2O)2,-3.6696,0.279,Semiconductor,P4/mnc,128,14
Ba(SnTe4)2_id4015_E-3.67.cif,Ba(SnTe4)2,-3.6682,0.01,Metal,I422,97,22
LiO9_id1427_E-3.67.cif,LiO9,-3.6677,0.335,Semiconductor,P1,1,40
NaLiSnSb(As2S)2_id2314_E-3.67.cif,NaLiSnSb(As2S)2,-3.6672,1.356,Semiconductor,Cccm,66,40
CaGe_id1179_E-3.66.cif,CaGe,-3.6649,0.0,Metal,Cmcm,63,8
Sn_id4299_E-3.66.cif,Sn,-3.662,0.0,Metal,P432,207,36
K6TiInO6_id1051_E-3.66.cif,K6TiInO6,-3.6619,1.23,Semiconductor,P-31c,163,28
KSnTe2_id4463_E-3.66.cif,KSnTe2,-3.6607,0.703,Semiconductor,R-3m,166,12
Li2MgTiZn2C(NO)2_id2397_E-3.66.cif,Li2MgTiZn2C(NO)2,-3.6596,1.473,Semiconductor,P4/mmm,123,11
K6BaSrO14_id4562_E-3.66.cif,K6BaSrO14,-3.6584,0.296,Semiconductor,P321,150,22
Li2As3S2_id2523_E-3.66.cif,Li2As3S2,-3.6584,1.557,Semiconductor,P4_2mc,105,14
GaSn3_id4659_E-3.66.cif,GaSn3,-3.6582,0.0,Metal,Pm-3n,223,8
Na3Sr2Li2MgGa2(N2O3)2_id2232_E-3.66.cif,Na3Sr2Li2MgGa2(N2O3)2,-3.6573,1.482,Semiconductor,P3_121,152,60
Li2CaGa2Te4O3_id1653_E-3.66.cif,Li2CaGa2Te4O3,-3.6556,0.562,Semiconductor,I4/m,87,24
CaTiP2O25_id818_E-3.66.cif,CaTiP2O25,-3.6552,1.568,Semiconductor,C2,5,58
Al_id4505_E-3.65.cif,Al,-3.6537,0.0,Metal,P4_132,213,20
S_id2863_E-3.65.cif,S,-3.6508,1.852,Semiconductor,Pbca,61,12
Sb_id1908_E-3.65.cif,Sb,-3.6487,0.0,Metal,Ia-3,206,48
Li3ScCd3S4_id880_E-3.64.cif,Li3ScCd3S4,-3.6448,0.738,Semiconductor,Pm-3n,223,22
Ga3S2_id786_E-3.64.cif,Ga3S2,-3.6444,0.05,Metal,Pnnn,48,20
Ga2Sn9_id1474_E-3.64.cif,Ga2Sn9,-3.6432,0.0,Metal,I-42m,121,22
Al_id4899_E-3.64.cif,Al,-3.643,0.0,Metal,P4_132,213,32
S_id3511_E-3.64.cif,S,-3.6429,1.066,Semiconductor,Pbca,61,8
Be2GaAsPO9_id3839_E-3.64.cif,Be2GaAsPO9,-3.6426,3.113,Semiconductor,P2_12_12_1,19,56
Sn_id4322_E-3.64.cif,Sn,-3.641,0.017,Metal,Pmmm,47,4
Si2Sb2AsS2_id2310_E-3.64.cif,Si2Sb2AsS2,-3.641,2.797,Semiconductor,Aea2,41,28
MgZn2Cd2O10_id2922_E-3.64.cif,MgZn2Cd2O10,-3.6409,0.07,Semiconductor,Pban,50,30
K2CaSe6_id851_E-3.64.cif,K2CaSe6,-3.6409,0.023,Metal,P-31c,163,18
Al2Ga3S2_id4637_E-3.64.cif,Al2Ga3S2,-3.6402,0.0,Metal,P-42_1m,113,14
Na2Zn3(SeO)4_id4197_E-3.64.cif,Na2Zn3(SeO)4,-3.6391,1.659,Semiconductor,Pban,50,26
TeSeO2_id991_E-3.64.cif,TeSeO2,-3.6391,0.541,Semiconductor,P4/mmm,123,8
TeSeS_id2123_E-3.64.cif,TeSeS,-3.6388,0.0,Metal,P4/m,83,12
NaS2_id2012_E-3.64.cif,NaS2,-3.6378,1.775,Semiconductor,P-42_1c,114,12
N2O17_id194_E-3.64.cif,N2O17,-3.6375,0.582,Semiconductor,Pm,6,38
Li4Si5P5O7_id1057_E-3.64.cif,Li4Si5P5O7,-3.6373,0.931,Semiconductor,P2_1,4,42
Sn_id3371_E-3.64.cif,Sn,-3.6366,0.009,Metal,Cmmm,65,4
Al3Se4_id1342_E-3.64.cif,Al3Se4,-3.6366,0.0,Metal,P-42_1m,113,14
TeS_id4976_E-3.64.cif,TeS,-3.6357,0.778,Semiconductor,Pbca,61,16
KCdInS4_id1208_E-3.64.cif,KCdInS4,-3.6353,0.0,Metal,P4/mmm,123,7
SnSe8_id1704_E-3.64.cif,SnSe8,-3.6353,0.0,Metal,P-43m,215,9
Sn_id3296_E-3.63.cif,Sn,-3.635,0.01,Metal,Cmmm,65,4
LiAs_id4025_E-3.63.cif,LiAs,-3.6336,0.705,Semiconductor,I4_1/acd,142,32
TeSeS2_id7_E-3.63.cif,TeSeS2,-3.6315,0.866,Semiconductor,P4/m,83,16
GaSn6Sb_id1033_E-3.63.cif,GaSn6Sb,-3.6298,0.0,Metal,P2/m,10,8
Te12S25_id1451_E-3.63.cif,Te12S25,-3.6289,1.592,Semiconductor,Pm-3m,221,37
GaAs4Se4S3_id3809_E-3.63.cif,GaAs4Se4S3,-3.6286,0.645,Semiconductor,I-42d,122,48
Se4S2NO2_id3599_E-3.63.cif,Se4S2NO2,-3.6284,1.608,Semiconductor,P-1,2,18
Li4Al2Cd(GeSe2)2_id2468_E-3.63.cif,Li4Al2Cd(GeSe2)2,-3.6283,0.139,Semiconductor,P-42m,111,13
K3Zn3GaGeO6_id54_E-3.63.cif,K3Zn3GaGeO6,-3.6278,0.0,Metal,P-6,174,14
Sn4Ge_id4828_E-3.63.cif,Sn4Ge,-3.6266,0.0,Metal,Imm2,44,10
K3In3O4_id1763_E-3.63.cif,K3In3O4,-3.6266,1.515,Semiconductor,P3c1,158,20
Ba4SbAs2_id2338_E-3.63.cif,Ba4SbAs2,-3.6263,0.249,Semiconductor,I4_1/a,88,28
ZnSi2_id1075_E-3.62.cif,ZnSi2,-3.6246,0.088,Semiconductor,Pa-3,205,12
Li2GaGe5_id121_E-3.62.cif,Li2GaGe5,-3.624,0.0,Metal,Amm2,38,16
Li4GeTe4_id2941_E-3.62.cif,Li4GeTe4,-3.6236,0.825,Semiconductor,P-42m,111,9
Se2SO8_id3615_E-3.62.cif,Se2SO8,-3.6236,2.37,Semiconductor,P4,75,11
NaZn2AsN2_id4843_E-3.62.cif,NaZn2AsN2,-3.6235,0.0,Metal,I4_122,98,24
GaSbTe_id480_E-3.62.cif,GaSbTe,-3.6232,0.0,Metal,Pbca,61,24
NaInO27_id3870_E-3.62.cif,NaInO27,-3.6232,0.0,Metal,P6_322,182,58
InSn3_id2702_E-3.62.cif,InSn3,-3.6213,0.0,Metal,P4/nmm,129,8
Ba4Sr4Ti2AlTe2O7_id1581_E-3.62.cif,Ba4Sr4Ti2AlTe2O7,-3.6199,0.211,Semiconductor,P1,1,60
TeSeS_id4269_E-3.62.cif,TeSeS,-3.6197,0.0,Metal,P4/m,83,12
Sc2Al4SeO_id3077_E-3.62.cif,Sc2Al4SeO,-3.6194,0.0,Metal,P4/nmm,129,16
LiSe_id4925_E-3.62.cif,LiSe,-3.6187,0.275,Semiconductor,P6_222,180,12
ScSi_id413_E-3.62.cif,ScSi,-3.6174,0.0,Metal,P4/mmm,123,16
SbAs3_id4246_E-3.62.cif,SbAs3,-3.6151,0.0,Metal,P4/mmm,123,4
NaSbS_id4469_E-3.61.cif,NaSbS,-3.6134,1.554,Semiconductor,P4_2/mmc,131,6
GaGe2_id4703_E-3.61.cif,GaGe2,-3.6119,0.005,Metal,P-62m,189,9
MgSi2Ge2As2PO13_id836_E-3.61.cif,MgSi2Ge2As2PO13,-3.6089,0.074,Semiconductor,P1,1,42
NaLiCdGeSbAsP2O_id703_E-3.61.cif,NaLiCdGeSbAsP2O,-3.6086,0.0,Metal,P6_5,170,54
Sn_id4724_E-3.61.cif,Sn,-3.6075,0.0,Metal,P432,207,36
K2SbO3_id3060_E-3.61.cif,K2SbO3,-3.6057,0.229,Semiconductor,C222,21,12
BaN_id2486_E-3.61.cif,BaN,-3.6051,0.039,Metal,P6_3/mmc,194,8
Mg3Zn2Te2(S5O3)2_id3791_E-3.61.cif,Mg3Zn2Te2(S5O3)2,-3.605,1.78,Semiconductor,Pnn2,34,46
Ge(Sb3Te)2_id1223_E-3.60.cif,Ge(Sb3Te)2,-3.6035,0.0,Metal,P2,3,18
NaLi3As2P9_id1722_E-3.60.cif,NaLi3As2P9,-3.6035,0.052,Semiconductor,P1,1,30
Ga2B_id2986_E-3.60.cif,Ga2B,-3.6031,0.0,Metal,P6_422,181,9
BS4_id4692_E-3.60.cif,BS4,-3.6026,2.068,Semiconductor,P3_112,151,15
CaSi_id1926_E-3.60.cif,CaSi,-3.6015,0.0,Metal,P6_3/mmc,194,8
BaIn3O_id1429_E-3.60.cif,BaIn3O,-3.6013,0.0,Metal,Pm-3m,221,5
In(SeS)2_id3375_E-3.60.cif,In(SeS)2,-3.6012,0.0,Metal,Cmmm,65,10
LiZn4NO4_id4277_E-3.60.cif,LiZn4NO4,-3.601,0.833,Semiconductor,I4_1/a,88,40
KCd2GeTe4(Se2S)4_id4321_E-3.60.cif,KCd2GeTe4(Se2S)4,-3.5993,0.0,Metal,P-42c,112,40
LiInSnSe2_id594_E-3.60.cif,LiInSnSe2,-3.5991,0.059,Semiconductor,P4/mmm,123,10
Ga2Sn2Ge3(SbSe5)2_id2223_E-3.60.cif,Ga2Sn2Ge3(SbSe5)2,-3.5987,0.0,Metal,P2_12_12,18,38
Mg2Sc3_id3644_E-3.60.cif,Mg2Sc3,-3.5985,0.0,Metal,P2/c,13,10
KZnSbS3_id4767_E-3.60.cif,KZnSbS3,-3.598,0.194,Semiconductor,Pm,6,6
CaGe4As_id1017_E-3.60.cif,CaGe4As,-3.5962,0.001,Metal,P-4n2,118,12
GaSiSe_id2051_E-3.59.cif,GaSiSe,-3.595,1.848,Semiconductor,P-42_1m,113,12
GaTe2_id4869_E-3.59.cif,GaTe2,-3.5924,0.9,Semiconductor,C222_1,20,12
MgSe4_id3505_E-3.59.cif,MgSe4,-3.5922,1.613,Semiconductor,P-42_1m,113,10
BaCa4Ge(AsP)4_id4497_E-3.59.cif,BaCa4Ge(AsP)4,-3.5912,3.069,Semiconductor,I4_1md,109,56
ZnAs4_id1187_E-3.59.cif,ZnAs4,-3.5902,0.0,Metal,Pccm,49,10
K4Ga(GeO3)4_id2687_E-3.59.cif,K4Ga(GeO3)4,-3.5896,0.133,Semiconductor,P1,1,21
K8InO6_id2767_E-3.59.cif,K8InO6,-3.5893,1.499,Semiconductor,P-31m,162,15
InSn5_id1652_E-3.59.cif,InSn5,-3.5887,0.0,Metal,P4/mmm,123,6
LiSn3_id3033_E-3.59.cif,LiSn3,-3.5884,0.0,Metal,Pm-3m,221,32
Na8LiCd4Se4(SO2)4_id1327_E-3.59.cif,Na8LiCd4Se4(SO2)4,-3.5866,0.545,Semiconductor,P4_2/n,86,58
AlIn3Te4_id4851_E-3.59.cif,AlIn3Te4,-3.5859,0.0,Metal,P-42m,111,8
KSb4_id698_E-3.59.cif,KSb4,-3.5856,1.146,Semiconductor,I2_12_12_1,24,20
LiTiBeGaSi_id2588_E-3.58.cif,LiTiBeGaSi,-3.5845,0.0,Metal,P4_122,91,20
NaCd2O8_id3153_E-3.58.cif,NaCd2O8,-3.5839,1.382,Semiconductor,Pbcm,57,44
K3O7_id3927_E-3.58.cif,K3O7,-3.5829,0.076,Semiconductor,I-43d,220,40
Li18Al8Zn6CdInC6(S3O4)2_id1957_E-3.58.cif,Li18Al8Zn6CdInC6(S3O4)2,-3.5825,1.3,Semiconductor,P1,1,54
Te3S2_id1447_E-3.58.cif,Te3S2,-3.5817,0.0,Metal,P6_2,171,15
Sr3Ca2N12_id2214_E-3.58.cif,Sr3Ca2N12,-3.5808,0.144,Semiconductor,Pn-3,201,34
ZnAs4P_id2272_E-3.58.cif,ZnAs4P,-3.5807,0.0,Metal,P-4m2,115,12
LiTePO18_id230_E-3.58.cif,LiTePO18,-3.5803,0.78,Semiconductor,Pc,7,42
Zn2InGaSe4_id2766_E-3.58.cif,Zn2InGaSe4,-3.5801,1.259,Semiconductor,I-42m,121,16
AlSe_id2874_E-3.58.cif,AlSe,-3.5786,1.386,Semiconductor,Aea2,41,32
InSn5_id463_E-3.58.cif,InSn5,-3.5784,0.0,Metal,Immm,71,12
Sn_id3457_E-3.58.cif,Sn,-3.5784,0.0,Metal,P-4m2,115,8
AlGaGe_id4903_E-3.58.cif,AlGaGe,-3.577,0.04,Metal,P4_32_12,96,12
Ca2Sb2C_id4338_E-3.57.cif,Ca2Sb2C,-3.575,0.0,Metal,I4/mmm,139,10
Li2Mg4ScSb12Se_id1238_E-3.57.cif,Li2Mg4ScSb12Se,-3.5747,0.0,Metal,P4/mnc,128,40
Ti2C7_id4108_E-3.57.cif,Ti2C7,-3.5741,0.0,Metal,P4_222,93,18
GaSb_id1107_E-3.57.cif,GaSb,-3.5725,0.0,Metal,Pmmn,59,4
SbAs5_id33_E-3.57.cif,SbAs5,-3.5724,0.09,Semiconductor,Pmmm,47,6
ScIn2_id4810_E-3.57.cif,ScIn2,-3.5721,0.0,Metal,P4_2cm,101,6
SeS_id2116_E-3.57.cif,SeS,-3.5719,1.427,Semiconductor,I4_1/amd,141,8
SbTe3_id1040_E-3.57.cif,SbTe3,-3.5705,0.003,Metal,Im-3m,229,8
LiSn3_id113_E-3.57.cif,LiSn3,-3.5703,0.0,Metal,Pm-3n,223,8
InSbTe_id1468_E-3.57.cif,InSbTe,-3.5693,0.0,Metal,Imma,74,12
KMg3Sc6TiCd_id1815_E-3.57.cif,KMg3Sc6TiCd,-3.5692,0.0,Metal,P-31c,163,24
Al_id3378_E-3.57.cif,Al,-3.569,0.0,Metal,I4_1/acd,142,16
K8Li4ZnGa8Te4P16Se4S2O3_id2720_E-3.57.cif,K8Li4ZnGa8Te4P16Se4S2O3,-3.5689,0.563,Semiconductor,P4,75,50
Ga3(SbAs)2_id1188_E-3.56.cif,Ga3(SbAs)2,-3.5635,0.0,Metal,Pccm,49,14
BaCdP3_id4971_E-3.56.cif,BaCdP3,-3.5618,0.0,Metal,R-3,148,30
Na2Li4GeSb2AsS4_id1922_E-3.56.cif,Na2Li4GeSb2AsS4,-3.5618,2.077,Semiconductor,P-1,2,14
BaLi2O_id329_E-3.56.cif,BaLi2O,-3.5613,0.0,Metal,P4_2/mmc,131,8
NaCd3O6_id1457_E-3.56.cif,NaCd3O6,-3.561,2.09,Semiconductor,Pm-3m,221,10
Li(SnTe)3_id996_E-3.56.cif,Li(SnTe)3,-3.5577,0.0,Metal,Pm-3n,223,14
Se3S10_id2237_E-3.56.cif,Se3S10,-3.5576,1.654,Semiconductor,Pmna,53,26
Ba2Ca3N2O_id2009_E-3.56.cif,Ba2Ca3N2O,-3.5576,0.382,Semiconductor,Pn-3m,224,16
Li4GaSn2GeSe4_id674_E-3.56.cif,Li4GaSn2GeSe4,-3.5573,0.88,Semiconductor,P-42c,112,24
K2NaLiTi3Zn3Ga3Si3Sb4As_id4881_E-3.56.cif,K2NaLiTi3Zn3Ga3Si3Sb4As,-3.5565,0.017,Metal,P3,143,21
Na2SbSe2_id2087_E-3.56.cif,Na2SbSe2,-3.5563,1.264,Semiconductor,Pn-3m,224,10
S_id4104_E-3.56.cif,S,-3.5559,2.072,Semiconductor,I4/mmm,139,20
CaAl2(SiGe)2_id3141_E-3.55.cif,CaAl2(SiGe)2,-3.5538,0.025,Metal,I4/mcm,140,28
NaGe2(SbTe)4_id3984_E-3.55.cif,NaGe2(SbTe)4,-3.5521,0.0,Metal,I-42m,121,22
K2O2_id627_E-3.55.cif,K2O2,-3.5521,0.0,Metal,C2/m,12,24
K3O7_id4884_E-3.55.cif,K3O7,-3.5521,0.04,Metal,P6_3,173,20
BeAl2Ga2Si_id2924_E-3.55.cif,BeAl2Ga2Si,-3.5493,0.0,Metal,Ibam,72,24
MgTiBeAlGaGe_id577_E-3.55.cif,MgTiBeAlGaGe,-3.5483,0.0,Metal,Pmc2_1,26,12
NaAl2(TeO)4_id2228_E-3.55.cif,NaAl2(TeO)4,-3.5478,0.0,Metal,P-42m,111,11
Ge_id4870_E-3.55.cif,Ge,-3.5473,0.0,Metal,P422,89,22
AlTe2SeS_id4228_E-3.55.cif,AlTe2SeS,-3.5473,0.0,Metal,P-42_1m,113,20
SbTe2_id4748_E-3.55.cif,SbTe2,-3.546,0.15,Semiconductor,Pbca,61,24
NaSe2S_id64_E-3.55.cif,NaSe2S,-3.5457,0.0,Metal,Pnn2,34,16
LiSn3_id2861_E-3.54.cif,LiSn3,-3.543,0.0,Metal,P4/mmm,123,4
Se_id1593_E-3.54.cif,Se,-3.5413,0.235,Semiconductor,P432,207,36
InSn6Sb_id2402_E-3.54.cif,InSn6Sb,-3.5402,0.0,Metal,P6_2,171,48
K2CaSb6_id3525_E-3.54.cif,K2CaSb6,-3.54,0.0,Metal,P312,149,9
Na2P2O_id1225_E-3.54.cif,Na2P2O,-3.5396,0.001,Metal,P4_32_12,96,20
LiInTe2(SeS)2_id1214_E-3.54.cif,LiInTe2(SeS)2,-3.539,0.0,Metal,P3_221,154,24
ScZnGa2_id4057_E-3.54.cif,ScZnGa2,-3.5389,0.0,Metal,I4/mmm,139,8
Li2Sb5TeAs_id845_E-3.54.cif,Li2Sb5TeAs,-3.5389,0.0,Metal,P6_1,169,54
Be2Ga2SiTe4_id1624_E-3.54.cif,Be2Ga2SiTe4,-3.5387,0.0,Metal,P-42m,111,9
Se_id4352_E-3.54.cif,Se,-3.5386,0.0,Metal,P4/m,83,12
Sb(TeSe2)2_id1551_E-3.54.cif,Sb(TeSe2)2,-3.5377,0.0,Metal,P2/m,10,7
Ge7As2_id4933_E-3.54.cif,Ge7As2,-3.5371,0.0,Metal,Pnn2,34,18
Si2S7_id282_E-3.54.cif,Si2S7,-3.5356,0.003,Metal,Fm-3m,225,36
Li2GaSnP4_id1177_E-3.54.cif,Li2GaSnP4,-3.5351,0.0,Metal,Pccm,49,16
Li2Cd(GeTe2)2_id1001_E-3.53.cif,Li2Cd(GeTe2)2,-3.5346,0.02,Metal,P-42m,111,9
Se2S_id1550_E-3.53.cif,Se2S,-3.5344,0.0,Metal,P4/m,83,12
MgSn8_id1714_E-3.53.cif,MgSn8,-3.5339,0.0,Metal,Pnnn,48,18
InGa2(TeSe)4_id76_E-3.53.cif,InGa2(TeSe)4,-3.5336,0.909,Semiconductor,P-42m,111,11
KIn2Sb6As_id1130_E-3.53.cif,KIn2Sb6As,-3.5333,0.0,Metal,P312,149,10
LiCaScTe4NO_id167_E-3.53.cif,LiCaScTe4NO,-3.5316,0.027,Metal,P4/nmm,129,18
InGaSe2_id3894_E-3.53.cif,InGaSe2,-3.5299,0.0,Metal,P4/mmm,123,8
Li2Cd2O3_id3828_E-3.53.cif,Li2Cd2O3,-3.5288,1.41,Semiconductor,Pbcn,60,28
In2TeSe5_id34_E-3.53.cif,In2TeSe5,-3.5266,0.822,Semiconductor,Cmmm,65,16
Li2Sc3Zn_id245_E-3.53.cif,Li2Sc3Zn,-3.5258,0.0,Metal,I-4m2,119,24
Sn2GeSe6_id1190_E-3.53.cif,Sn2GeSe6,-3.5251,0.0,Metal,Pcc2,27,18
BaGa2(SnGe)2_id2753_E-3.52.cif,BaGa2(SnGe)2,-3.5236,0.001,Metal,I4/mmm,139,14
AlSn6(TeSe)4_id3822_E-3.52.cif,AlSn6(TeSe)4,-3.5229,0.428,Semiconductor,I-42m,121,30
S_id2948_E-3.52.cif,S,-3.5223,1.269,Semiconductor,Pba2,32,34
Sn_id1800_E-3.52.cif,Sn,-3.5218,0.0,Metal,P23,195,12
CdN_id4275_E-3.52.cif,CdN,-3.5215,0.0,Metal,P4_2/ncm,138,8
Mg2Al3GeAs3(CO)3_id2115_E-3.52.cif,Mg2Al3GeAs3(CO)3,-3.5213,0.004,Metal,P6_3,173,30
NaGaO8_id3071_E-3.52.cif,NaGaO8,-3.5212,1.276,Semiconductor,I4/mmm,139,20
TeAs_id3157_E-3.52.cif,TeAs,-3.5208,0.635,Semiconductor,Pbca,61,16
CdIn3Ge3Se4_id4036_E-3.52.cif,CdIn3Ge3Se4,-3.5201,0.0,Metal,P-43m,215,11
Ba2Sn3P2S_id3272_E-3.52.cif,Ba2Sn3P2S,-3.5189,1.475,Semiconductor,C2/m,12,16
KMgTeO_id2390_E-3.52.cif,KMgTeO,-3.5188,0.931,Semiconductor,Aea2,41,32
Sc2In2Sn_id14_E-3.52.cif,Sc2In2Sn,-3.5188,2.283,Semiconductor,Pa-3,205,20
Zn2GaGeTe4(SeS)4_id4574_E-3.52.cif,Zn2GaGeTe4(SeS)4,-3.5183,0.821,Semiconductor,P-42c,112,32
BaSr4N2_id3172_E-3.52.cif,BaSr4N2,-3.5177,0.176,Semiconductor,I-4m2,119,28
LiSb2_id3279_E-3.52.cif,LiSb2,-3.5172,0.05,Metal,P4_12_12,92,12
Se_id4687_E-3.52.cif,Se,-3.5159,0.01,Metal,P4/m,83,4
KCdSnSb6As_id4871_E-3.52.cif,KCdSnSb6As,-3.5153,0.0,Metal,P312,149,10
TeSe4_id1501_E-3.51.cif,TeSe4,-3.5148,0.0,Metal,C2/c,15,20
ZnGeP_id2795_E-3.51.cif,ZnGeP,-3.5146,0.0,Metal,Pca2_1,29,12
Al_id3711_E-3.51.cif,Al,-3.5109,0.0,Metal,I4_1/acd,142,16
Sr2GeSb(TeO)2_id3107_E-3.51.cif,Sr2GeSb(TeO)2,-3.5093,0.054,Semiconductor,P3_221,154,24
Ca3ScGa4_id3382_E-3.51.cif,Ca3ScGa4,-3.5092,0.0,Metal,Im-3m,229,16
GaSiAs_id102_E-3.51.cif,GaSiAs,-3.5085,0.0,Metal,P4_32_12,96,12
Sb_id131_E-3.51.cif,Sb,-3.508,0.0,Metal,P2_12_12_1,19,4
MgInSnS8_id3282_E-3.51.cif,MgInSnS8,-3.5079,1.902,Semiconductor,Pmmn,59,22
LiSe7_id2707_E-3.51.cif,LiSe7,-3.5056,0.0,Metal,Pm-3m,221,8
Sn(PS4)4_id3911_E-3.50.cif,Sn(PS4)4,-3.5041,0.846,Semiconductor,Pc,7,42
Se_id3656_E-3.50.cif,Se,-3.5026,0.078,Semiconductor,I4/mcm,140,8
Li2MgTiZn2Ga3(SnO2)2_id3653_E-3.50.cif,Li2MgTiZn2Ga3(SnO2)2,-3.5003,0.0,Metal,P2,3,15
ZnGa2(Sn2Ge)2_id1111_E-3.50.cif,ZnGa2(Sn2Ge)2,-3.4976,0.0,Metal,P-42m,111,9
In2TeSeS2_id378_E-3.50.cif,In2TeSeS2,-3.4951,0.0,Metal,Pm,6,6
TiBe3_id223_E-3.49.cif,TiBe3,-3.4935,0.369,Semiconductor,P4_132,213,16
Ti8Be17Ga_id3119_E-3.49.cif,Ti8Be17Ga,-3.4921,0.0,Metal,P4/mcc,124,52
Sc4SbTe7_id814_E-3.49.cif,Sc4SbTe7,-3.4907,0.101,Semiconductor,P-43n,218,24
SrTi_id2865_E-3.49.cif,SrTi,-3.4883,0.0,Metal,P4_122,91,8
MgAl2(TeSe)2_id3942_E-3.49.cif,MgAl2(TeSe)2,-3.488,0.033,Metal,P-42_1m,113,14
InSe_id4763_E-3.49.cif,InSe,-3.4862,0.0,Metal,P4/m,83,8
LiGe_id3636_E-3.49.cif,LiGe,-3.486,0.0,Metal,Fd-3m,227,16
Sn_id1306_E-3.48.cif,Sn,-3.4846,0.0,Metal,Cmmm,65,12
KSn5_id208_E-3.48.cif,KSn5,-3.4845,0.029,Metal,P4/mmm,123,6
KTe4As_id1125_E-3.48.cif,KTe4As,-3.4841,0.681,Semiconductor,I222,23,12
In2Sb2As_id3317_E-3.48.cif,In2Sb2As,-3.4816,0.0,Metal,P4_32_12,96,20
LiZnGaSnS3_id104_E-3.48.cif,LiZnGaSnS3,-3.4811,0.067,Semiconductor,Imma,74,28
LiGaAs_id4214_E-3.48.cif,LiGaAs,-3.4789,0.0,Metal,P6_3/mmc,194,6
In2Ge2Te3_id4914_E-3.48.cif,In2Ge2Te3,-3.4785,0.0,Metal,P6,168,21
MgGe2_id4227_E-3.48.cif,MgGe2,-3.4772,0.0,Metal,Pbcn,60,12
Al_id2368_E-3.48.cif,Al,-3.4762,0.0,Metal,Amm2,38,8
Sb2Te_id3419_E-3.47.cif,Sb2Te,-3.4746,0.164,Semiconductor,I4_1/a,88,24
KSn2As_id2959_E-3.47.cif,KSn2As,-3.4727,0.0,Metal,Immm,71,8
S_id302_E-3.47.cif,S,-3.4722,1.978,Semiconductor,Pm-3m,221,8
Se_id2395_E-3.47.cif,Se,-3.4718,0.0,Metal,Pbca,61,16
LiAl30Ga_id563_E-3.47.cif,LiAl30Ga,-3.4694,0.0,Metal,Pm-3,200,32
BeGa12Si(BP)2_id4441_E-3.47.cif,BeGa12Si(BP)2,-3.4692,0.0,Metal,I422,97,36
BaSr6GeO7_id2765_E-3.47.cif,BaSr6GeO7,-3.4686,2.681,Semiconductor,P6_322,182,30
Li(Sb2Te)2_id3151_E-3.47.cif,Li(Sb2Te)2,-3.4676,0.063,Semiconductor,Ibam,72,28
Na4GaSiPNO12_id1679_E-3.47.cif,Na4GaSiPNO12,-3.4656,1.815,Semiconductor,P1,1,40
Li4SnAs3_id372_E-3.46.cif,Li4SnAs3,-3.4643,0.0,Metal,I-4m2,119,16
CdInC6_id983_E-3.46.cif,CdInC6,-3.4635,0.181,Semiconductor,R-3,148,24
Mg2InSe4_id4192_E-3.46.cif,Mg2InSe4,-3.463,0.892,Semiconductor,I-42d,122,28
O2_id745_E-3.46.cif,O2,-3.4627,1.068,Semiconductor,P4/n,85,34
LiSn2_id445_E-3.46.cif,LiSn2,-3.4625,0.0,Metal,P-6m2,187,3
AlCdInAsS2_id4716_E-3.46.cif,AlCdInAsS2,-3.462,0.0,Metal,P3_221,154,18
Sr2MgSi2As3_id1074_E-3.46.cif,Sr2MgSi2As3,-3.4619,0.685,Semiconductor,P4/mmm,123,16
LiGaSb2TeS4_id2373_E-3.46.cif,LiGaSb2TeS4,-3.4615,1.167,Semiconductor,Pmmm,47,9
Ba2N_id3604_E-3.46.cif,Ba2N,-3.4614,0.0,Metal,P4_32_12,96,12
LiInTe4_id546_E-3.46.cif,LiInTe4,-3.4612,0.498,Semiconductor,I4_1/a,88,24
BaZnGaTe4_id3177_E-3.46.cif,BaZnGaTe4,-3.4609,0.0,Metal,I222,23,14
Se_id3437_E-3.46.cif,Se,-3.4596,0.175,Semiconductor,Pbca,61,16
GaSn_id1906_E-3.46.cif,GaSn,-3.4575,0.0,Metal,Pm-3m,221,16
AlS_id3380_E-3.46.cif,AlS,-3.4557,0.0,Metal,P6_522,179,12
BaAl5Ga_id727_E-3.46.cif,BaAl5Ga,-3.4554,0.0,Metal,I-4m2,119,14
Ca2Ga2Ge_id2024_E-3.45.cif,Ca2Ga2Ge,-3.4544,0.0,Metal,Immm,71,10
Sr2Sc2Zn3O_id1588_E-3.45.cif,Sr2Sc2Zn3O,-3.4534,0.0,Metal,Pn-3m,224,16
BSe12_id1773_E-3.45.cif,BSe12,-3.4507,0.959,Semiconductor,I432,211,26
AlSbTeSeS17_id2496_E-3.45.cif,AlSbTeSeS17,-3.4498,1.204,Semiconductor,Pc,7,42
LiBe2Zn2(SiGe)4_id2327_E-3.45.cif,LiBe2Zn2(SiGe)4,-3.4483,0.0,Metal,I-4c2,120,52
Se_id3006_E-3.45.cif,Se,-3.448,0.0,Metal,Pba2,32,10
LiBe2GaSb2_id2585_E-3.45.cif,LiBe2GaSb2,-3.4466,0.163,Semiconductor,P-4m2,115,6
SbTe2Se3_id3713_E-3.45.cif,SbTe2Se3,-3.4461,0.0,Metal,C2/m,12,12
NaS_id3246_E-3.45.cif,NaS,-3.4456,1.321,Semiconductor,P6/mmm,191,12
NaLi4AlZnO3_id2716_E-3.45.cif,NaLi4AlZnO3,-3.445,2.931,Semiconductor,P-6c2,188,20
InSn5_id4216_E-3.44.cif,InSn5,-3.4447,0.0,Metal,Pmmm,47,6
Li4Si5P_id1402_E-3.44.cif,Li4Si5P,-3.4433,0.043,Metal,I2_12_12_1,24,40
TeSe_id2690_E-3.44.cif,TeSe,-3.443,0.0,Metal,Pbca,61,16
KBaSn4GeAs_id4511_E-3.44.cif,KBaSn4GeAs,-3.443,0.034,Metal,P3,143,8
InGaTe2_id513_E-3.44.cif,InGaTe2,-3.4424,0.336,Semiconductor,Aea2,41,16
Li2TiIn2_id4625_E-3.44.cif,Li2TiIn2,-3.4382,0.0,Metal,Ibca,73,40
CaAs_id1034_E-3.44.cif,CaAs,-3.4373,0.63,Semiconductor,P6_222,180,12
LiInP_id1595_E-3.44.cif,LiInP,-3.4356,0.0,Metal,P6_222,180,9
Se_id1153_E-3.44.cif,Se,-3.4355,0.0,Metal,P6_3/m,176,8
LiCdInTeO3_id4759_E-3.44.cif,LiCdInTeO3,-3.4352,0.797,Semiconductor,P4/nmm,129,14
Ba3Li2GeAs4_id3977_E-3.43.cif,Ba3Li2GeAs4,-3.4345,0.208,Semiconductor,I4/mcm,140,40
MgZn5(GaO4)2_id4329_E-3.43.cif,MgZn5(GaO4)2,-3.4328,1.346,Semiconductor,P-42c,112,32
Te3As_id1813_E-3.43.cif,Te3As,-3.4323,0.055,Semiconductor,P3_221,154,12
InTe2_id369_E-3.43.cif,InTe2,-3.4307,0.0,Metal,P4_2/mmc,131,6
TiGa10_id3190_E-3.43.cif,TiGa10,-3.4303,0.0,Metal,P4/mnc,128,22
Te4Se5_id258_E-3.43.cif,Te4Se5,-3.4296,0.0,Metal,P-42_1c,114,18
ScCdGe(TeSe)2_id125_E-3.43.cif,ScCdGe(TeSe)2,-3.4274,0.0,Metal,Pmmn,59,14
KBa6SnO2_id2529_E-3.43.cif,KBa6SnO2,-3.4269,0.0,Metal,P-3,147,10
NaInSn7Ge_id1875_E-3.43.cif,NaInSn7Ge,-3.4265,0.0,Metal,P312,149,10
K7O6_id3154_E-3.43.cif,K7O6,-3.4263,1.107,Semiconductor,Im-3m,229,26
Li2SiSn2Ge_id377_E-3.43.cif,Li2SiSn2Ge,-3.4254,0.0,Metal,P4_2/mnm,136,12
Se_id1481_E-3.42.cif,Se,-3.4241,0.0,Metal,I4/mcm,140,8
Li3Sb2Te8(AsP2)2_id706_E-3.42.cif,Li3Sb2Te8(AsP2)2,-3.4232,0.0,Metal,P2_12_12,18,38
LiSe2_id1197_E-3.42.cif,LiSe2,-3.4226,0.0,Metal,P4/m,83,12
BaGe5_id383_E-3.42.cif,BaGe5,-3.4225,0.0,Metal,I4_1/a,88,24
K6InGa(SnSe3)2_id4555_E-3.42.cif,K6InGa(SnSe3)2,-3.42,0.83,Semiconductor,P1,1,16
Ba3Al4Ge3Te6(SeS2)3_id3350_E-3.42.cif,Ba3Al4Ge3Te6(SeS2)3,-3.4192,1.587,Semiconductor,P31c,159,50
Ba3SrLi4S3_id4120_E-3.42.cif,Ba3SrLi4S3,-3.4186,2.247,Semiconductor,Pm-3n,223,22
Ca2Sb_id1735_E-3.42.cif,Ca2Sb,-3.417,0.0,Metal,Pa-3,205,12
SrLiAlSn4_id2097_E-3.42.cif,SrLiAlSn4,-3.4168,0.0,Metal,I-4m2,119,14
Sc2(ZnGa)3_id495_E-3.42.cif,Sc2(ZnGa)3,-3.4167,0.0,Metal,R-3c,167,48
MgSb2As_id129_E-3.42.cif,MgSb2As,-3.4163,0.0,Metal,Pca2_1,29,16
Ge_id1120_E-3.42.cif,Ge,-3.4154,0.0,Metal,I4/mmm,139,8
LiCaSn2_id4650_E-3.42.cif,LiCaSn2,-3.4151,0.0,Metal,Fm-3m,225,16
CaMgScGa_id4134_E-3.41.cif,CaMgScGa,-3.4126,0.0,Metal,F-43m,216,16
MgSc3B4_id1842_E-3.41.cif,MgSc3B4,-3.41,0.0,Metal,Immm,71,16
In4Ge3_id1587_E-3.41.cif,In4Ge3,-3.4093,0.0,Metal,I-43d,220,28
MgCd2(GaS)4_id4485_E-3.41.cif,MgCd2(GaS)4,-3.4079,0.0,Metal,I-42m,121,22
GaTe_id2670_E-3.41.cif,GaTe,-3.4061,0.0,Metal,Pccm,49,8
Ca7Sc8_id1230_E-3.40.cif,Ca7Sc8,-3.4044,0.0,Metal,P-31m,162,15
MgSn3_id3670_E-3.40.cif,MgSn3,-3.4035,0.0,Metal,Im-3m,229,8
MgSn3_id2179_E-3.40.cif,MgSn3,-3.3993,0.0,Metal,Pm-3m,221,32
Na4Ca2Sn5S4_id376_E-3.40.cif,Na4Ca2Sn5S4,-3.3993,0.01,Metal,Immm,71,30
ZnSiPO2_id3506_E-3.40.cif,ZnSiPO2,-3.3973,0.358,Semiconductor,P4_12_12,92,20
ScAlZn2_id2092_E-3.40.cif,ScAlZn2,-3.3959,0.0,Metal,P6_3/mmc,194,8
Ba2GaN_id4866_E-3.40.cif,Ba2GaN,-3.3953,0.0,Metal,I4_122,98,16
LiCdIn3Sb3Se4_id1072_E-3.40.cif,LiCdIn3Sb3Se4,-3.3951,0.0,Metal,P-43m,215,12
SbTe_id1420_E-3.39.cif,SbTe,-3.3944,0.0,Metal,P3_221,154,12
Ti5Zn8_id3342_E-3.39.cif,Ti5Zn8,-3.3944,0.0,Metal,Fmm2,42,52
LiTi(AlZn)2_id4301_E-3.39.cif,LiTi(AlZn)2,-3.3931,0.0,Metal,I4_1/amd,141,24
Zn2CdO2_id1207_E-3.39.cif,Zn2CdO2,-3.3926,0.446,Semiconductor,Cmme,67,20
K2NaLi12TiBe6Al6(PO4)6_id1213_E-3.39.cif,K2NaLi12TiBe6Al6(PO4)6,-3.3901,0.0,Metal,P321,150,58
GaAs_id619_E-3.39.cif,GaAs,-3.3879,0.0,Metal,Pccm,49,8
Zn2GeSe3_id1762_E-3.39.cif,Zn2GeSe3,-3.3873,0.959,Semiconductor,Pbam,55,12
Mg(AlTe)4_id3207_E-3.38.cif,Mg(AlTe)4,-3.3848,0.0,Metal,P-42m,111,9
AlS_id2777_E-3.38.cif,AlS,-3.3843,0.0,Metal,P4_232,208,24
Al2Ga_id861_E-3.38.cif,Al2Ga,-3.3834,0.0,Metal,F-43m,216,12
InSn2_id1350_E-3.38.cif,InSn2,-3.3807,0.0,Metal,P4_132,213,12
TeAsC(SeS8)2_id1618_E-3.38.cif,TeAsC(SeS8)2,-3.3806,2.72,Semiconductor,P1,1,21
Al_id4507_E-3.38.cif,Al,-3.3793,0.0,Metal,I4/mmm,139,20
Mg3Sc10_id1522_E-3.38.cif,Mg3Sc10,-3.3785,0.0,Metal,P6/mmm,191,13
KNa4Li2Ti(B2O)2_id3647_E-3.38.cif,KNa4Li2Ti(B2O)2,-3.3783,1.508,Semiconductor,C222,21,28
InGaSO_id2811_E-3.38.cif,InGaSO,-3.3779,0.0,Metal,P3m1,156,8
Mg2TiGe2_id3305_E-3.38.cif,Mg2TiGe2,-3.3778,0.0,Metal,P2/c,13,10
Al2Cd(TeSe2)4_id1882_E-3.38.cif,Al2Cd(TeSe2)4,-3.3772,0.0,Metal,P-42m,111,15
Mg4As3_id1964_E-3.38.cif,Mg4As3,-3.3767,0.0,Metal,I-43d,220,28
TeSe2_id69_E-3.38.cif,TeSe2,-3.3766,0.0,Metal,Pccm,49,6
Zn3GeS4_id2184_E-3.37.cif,Zn3GeS4,-3.3739,0.958,Semiconductor,I-42d,122,32
MgBeSiSb2_id3589_E-3.37.cif,MgBeSiSb2,-3.3731,0.0,Metal,Pccm,49,10
ZnCd2(GeO)2_id3651_E-3.37.cif,ZnCd2(GeO)2,-3.3718,0.0,Metal,Pm,6,7
BaMg4Al3O3_id152_E-3.37.cif,BaMg4Al3O3,-3.3711,0.0,Metal,Pm-3n,223,22
Se_id2912_E-3.37.cif,Se,-3.3698,1.289,Semiconductor,Ia-3,206,56
InSn_id3806_E-3.37.cif,InSn,-3.3697,0.0,Metal,P4/nmm,129,8
O2_id4070_E-3.37.cif,O2,-3.3695,1.218,Semiconductor,Pn-3m,224,48
SiGeBO18_id879_E-3.37.cif,SiGeBO18,-3.3685,2.877,Semiconductor,Pc,7,42
LiTe_id4398_E-3.37.cif,LiTe,-3.3666,1.215,Semiconductor,P-3m1,164,4
CaCdTe4_id2265_E-3.37.cif,CaCdTe4,-3.366,0.017,Metal,P4/nbm,125,12
SrIn2Sn9_id2649_E-3.37.cif,SrIn2Sn9,-3.3657,0.0,Metal,P6/mmm,191,12
CdSbS2_id1123_E-3.37.cif,CdSbS2,-3.3655,0.511,Semiconductor,P4/nmm,129,8
Ga2SnS_id1881_E-3.36.cif,Ga2SnS,-3.364,0.0,Metal,P4/mmm,123,8
Ge2SbAs7_id15_E-3.36.cif,Ge2SbAs7,-3.3624,0.0,Metal,P4mm,99,10
BaNa2In2SbTe4_id3237_E-3.36.cif,BaNa2In2SbTe4,-3.3623,0.013,Metal,I222,23,20
In4As3O2_id362_E-3.36.cif,In4As3O2,-3.3623,0.0,Metal,R32,155,27
ScCd_id751_E-3.36.cif,ScCd,-3.3622,0.0,Metal,I4/mmm,139,20
Sc_id1857_E-3.36.cif,Sc,-3.3622,0.0,Metal,P31m,157,33
BeAlIn2(SeS2)2_id1191_E-3.36.cif,BeAlIn2(SeS2)2,-3.3619,1.467,Semiconductor,P-42c,112,20
BO3_id2466_E-3.36.cif,BO3,-3.3607,3.231,Semiconductor,I432,211,32
BeAs_id4388_E-3.36.cif,BeAs,-3.3605,0.816,Semiconductor,Pcc2,27,8
Zn2SiGe3_id3261_E-3.36.cif,Zn2SiGe3,-3.3601,0.0,Metal,Ibam,72,24
Se_id2612_E-3.36.cif,Se,-3.3552,0.96,Semiconductor,Pbca,61,8
BeAl4Si_id3575_E-3.35.cif,BeAl4Si,-3.3546,0.0,Metal,P-42m,111,6
CdO_id4760_E-3.35.cif,CdO,-3.3527,2.787,Semiconductor,P4/mmm,123,8
Ba2BeP_id4561_E-3.35.cif,Ba2BeP,-3.3524,0.198,Semiconductor,Fm-3m,225,16
Ti2Zn2Sn_id4138_E-3.35.cif,Ti2Zn2Sn,-3.3517,0.0,Metal,P4bm,100,10
LiTiGaSb_id4824_E-3.35.cif,LiTiGaSb,-3.3511,2.043,Semiconductor,P2_1,4,32
SrCaSn26_id3083_E-3.35.cif,SrCaSn26,-3.3508,0.0,Metal,P6/mmm,191,28
Ba2Si_id390_E-3.35.cif,Ba2Si,-3.3479,0.0,Metal,P4_2/nmc,137,12
GaSn2Ge_id3133_E-3.35.cif,GaSn2Ge,-3.3471,0.0,Metal,P4/mmm,123,4
Ba4ZnIn3(SeO)6_id3684_E-3.35.cif,Ba4ZnIn3(SeO)6,-3.3459,1.802,Semiconductor,Im-3m,229,40
K3SnGe3Te9As2(SeS)3_id4426_E-3.35.cif,K3SnGe3Te9As2(SeS)3,-3.3459,0.001,Metal,P31m,157,24
In2Sn3_id2939_E-3.35.cif,In2Sn3,-3.3452,0.0,Metal,Pbam,55,20
Mg2SnSb3_id221_E-3.34.cif,Mg2SnSb3,-3.3432,0.0,Metal,Cmcm,63,24
CdSbTeO6_id3973_E-3.34.cif,CdSbTeO6,-3.3409,0.0,Metal,P6_322,182,18
MgBeCd2O16_id1046_E-3.34.cif,MgBeCd2O16,-3.3402,0.253,Semiconductor,P-42c,112,40
LiTe_id3367_E-3.34.cif,LiTe,-3.3389,0.0,Metal,Aea2,41,16
Li2Te_id3838_E-3.34.cif,Li2Te,-3.3379,0.159,Semiconductor,P4/mmm,123,12
KAs4_id1902_E-3.34.cif,KAs4,-3.3362,0.198,Semiconductor,Ccce,68,20
Li(GaTe4)2_id869_E-3.33.cif,Li(GaTe4)2,-3.3333,0.062,Semiconductor,P-42m,111,11
LiTe_id48_E-3.33.cif,LiTe,-3.3326,0.849,Semiconductor,P4/nmm,129,16
Ba4Sn4TePS2_id3677_E-3.33.cif,Ba4Sn4TePS2,-3.33,0.0,Metal,P3_221,154,36
InSn_id4211_E-3.33.cif,InSn,-3.33,0.0,Metal,I4_1/amd,141,8
CaIn3Sn8_id1787_E-3.33.cif,CaIn3Sn8,-3.3292,0.0,Metal,P6/mmm,191,12
LiZn(As2Se)2_id980_E-3.33.cif,LiZn(As2Se)2,-3.3285,1.5,Semiconductor,P-42_1m,113,16
LiTe_id3436_E-3.33.cif,LiTe,-3.3283,0.429,Semiconductor,P4_2/m,84,8
NaAlSnGe4SbSe_id466_E-3.33.cif,NaAlSnGe4SbSe,-3.3281,0.0,Metal,P6,168,54
Al3ZnCd2Sb2(TeS2)2_id276_E-3.33.cif,Al3ZnCd2Sb2(TeS2)2,-3.328,0.0,Metal,P3_121,152,42
SeS_id2608_E-3.33.cif,SeS,-3.328,1.317,Semiconductor,P4/m,83,8
Na2Li2Ti2Si2GeSb2(PO)2_id3675_E-3.33.cif,Na2Li2Ti2Si2GeSb2(PO)2,-3.3276,0.0,Metal,Pnn2,34,30
Se_id1914_E-3.33.cif,Se,-3.327,1.874,Semiconductor,P4/m,83,8
Sc3(Al3In2)2_id567_E-3.33.cif,Sc3(Al3In2)2,-3.3253,0.0,Metal,P4_232,208,26
CaCd6In3(SnO)6_id4940_E-3.32.cif,CaCd6In3(SnO)6,-3.3243,0.0,Metal,Im-3m,229,44
Ti2Ga2SiGe4_id4510_E-3.32.cif,Ti2Ga2SiGe4,-3.3242,0.0,Metal,Cmme,67,36
ScZnTeS_id1241_E-3.32.cif,ScZnTeS,-3.3232,6.406,Insulator,Cmc2_1,36,16
NaSe_id3801_E-3.32.cif,NaSe,-3.323,1.304,Semiconductor,I4_1/amd,141,8
ZnSbTe2(SeS)2_id2_E-3.32.cif,ZnSbTe2(SeS)2,-3.3226,0.284,Semiconductor,P3_221,154,24
Te4P_id589_E-3.32.cif,Te4P,-3.3224,0.0,Metal,I4_1/a,88,20
InTeS_id646_E-3.32.cif,InTeS,-3.3217,0.006,Metal,P4_2/ncm,138,12
K7NaO6_id2318_E-3.32.cif,K7NaO6,-3.3211,0.0,Metal,P-31c,163,28
Na3Te2(PS)2_id3821_E-3.32.cif,Na3Te2(PS)2,-3.3206,0.455,Semiconductor,P3_112,151,27
SrCa3O_id1672_E-3.32.cif,SrCa3O,-3.3199,0.013,Metal,Immm,71,10
ZnIn2Ga(TeS)4_id2207_E-3.32.cif,ZnIn2Ga(TeS)4,-3.3176,0.0,Metal,I-42m,121,24
Sb8Te_id4640_E-3.32.cif,Sb8Te,-3.3171,0.0,Metal,P2_12_12,18,36
Be2Al4ZnGe2_id1334_E-3.32.cif,Be2Al4ZnGe2,-3.3166,0.0,Metal,P-42m,111,9
Mg2Te2SeS6NO2_id3363_E-3.32.cif,Mg2Te2SeS6NO2,-3.3162,0.987,Semiconductor,P1,1,42
LiSe6_id525_E-3.32.cif,LiSe6,-3.3155,0.0,Metal,Fm-3m,225,28
Ga3As_id336_E-3.31.cif,Ga3As,-3.3145,0.0,Metal,Pm-3n,223,8
Ga4SiGe_id4217_E-3.31.cif,Ga4SiGe,-3.3142,0.0,Metal,P-42m,111,6
TeSe4_id2522_E-3.31.cif,TeSe4,-3.3134,0.993,Semiconductor,I-42d,122,20
NaLi2ZnGaS5_id3268_E-3.31.cif,NaLi2ZnGaS5,-3.313,1.668,Semiconductor,P2_1/m,11,20
Se_id3759_E-3.31.cif,Se,-3.3126,1.786,Semiconductor,I4/mmm,139,8
Se_id2807_E-3.31.cif,Se,-3.3115,1.473,Semiconductor,Pbca,61,16
Se_id2870_E-3.31.cif,Se,-3.3115,0.0,Metal,I2_12_12_1,24,24
TiBeGaSi3_id1873_E-3.31.cif,TiBeGaSi3,-3.3104,0.016,Metal,I4_1md,109,24
Se_id3705_E-3.31.cif,Se,-3.3095,0.481,Semiconductor,Pbca,61,8
Te4As_id1822_E-3.31.cif,Te4As,-3.309,0.047,Metal,P2/m,10,5
In8Ga3(As2S)2_id1540_E-3.31.cif,In8Ga3(As2S)2,-3.3085,0.0,Metal,I422,97,34
InSn5_id1160_E-3.31.cif,InSn5,-3.3082,0.0,Metal,P2_12_12_1,19,24
CaAl10_id2979_E-3.31.cif,CaAl10,-3.3075,0.0,Metal,I-42m,121,22
Ga3Ge_id4103_E-3.31.cif,Ga3Ge,-3.3056,0.0,Metal,Pm-3n,223,8
K2GeAs4_id3316_E-3.30.cif,K2GeAs4,-3.3048,0.228,Semiconductor,Fd-3m,227,56
SrO45_id3368_E-3.30.cif,SrO45,-3.3014,0.0,Metal,P-3,147,46
CaZn(InSi2)2_id2566_E-3.30.cif,CaZn(InSi2)2,-3.2996,0.0,Metal,I4/mcm,140,32
Li6TeSe2_id2937_E-3.30.cif,Li6TeSe2,-3.2982,2.24,Semiconductor,Fm-3m,225,36
Ca4N4O_id4294_E-3.30.cif,Ca4N4O,-3.2976,1.664,Semiconductor,Pn-3m,224,18
In2Ge_id740_E-3.30.cif,In2Ge,-3.2968,0.0,Metal,Pa-3,205,12
GaAsSe_id1206_E-3.30.cif,GaAsSe,-3.2959,0.033,Metal,P4_32_12,96,12
Li2Sn2SbAsSe_id3212_E-3.30.cif,Li2Sn2SbAsSe,-3.2954,0.0,Metal,P-4m2,115,14
Sr4Mg2N3_id3616_E-3.29.cif,Sr4Mg2N3,-3.2916,0.0,Metal,R3m,160,27
BeAl3_id931_E-3.29.cif,BeAl3,-3.2913,0.0,Metal,P4_132,213,32
SbTe2_id1049_E-3.29.cif,SbTe2,-3.2894,0.809,Semiconductor,Aea2,41,24
Al_id340_E-3.29.cif,Al,-3.2881,0.0,Metal,Ibca,73,40
MgGaTe2_id2644_E-3.29.cif,MgGaTe2,-3.2881,0.233,Semiconductor,Pmmn,59,8
InSn_id4286_E-3.29.cif,InSn,-3.2865,0.0,Metal,P6_3/mmc,194,4
K2Sc2GaO8_id934_E-3.29.cif,K2Sc2GaO8,-3.2856,2.632,Semiconductor,P4/mnc,128,52
Cd3O4_id2953_E-3.29.cif,Cd3O4,-3.285,1.495,Semiconductor,C222,21,14
KS_id476_E-3.28.cif,KS,-3.2839,1.295,Semiconductor,P4_2/m,84,16
Ba2Sr2LiSnP4_id357_E-3.28.cif,Ba2Sr2LiSnP4,-3.2837,0.465,Semiconductor,I4_1/a,88,40
KZnN_id2257_E-3.28.cif,KZnN,-3.283,0.0,Metal,Pbca,61,24
LiSnGe_id68_E-3.28.cif,LiSnGe,-3.2798,0.0,Metal,Ibam,72,24
LiTe_id3861_E-3.28.cif,LiTe,-3.2767,0.333,Semiconductor,P-42_1m,113,8
InGaSnO3_id3167_E-3.28.cif,InGaSnO3,-3.2763,0.054,Semiconductor,Pmmm,47,6
ZnGaSi2_id4337_E-3.27.cif,ZnGaSi2,-3.272,0.478,Semiconductor,P4_12_12,92,16
KScInSe2_id3002_E-3.27.cif,KScInSe2,-3.2702,1.824,Semiconductor,P3_221,154,15
Ca4SnSb_id1430_E-3.27.cif,Ca4SnSb,-3.2686,0.0,Metal,I4_1/a,88,24
LiSi4(GeO)2_id295_E-3.27.cif,LiSi4(GeO)2,-3.2665,0.225,Semiconductor,P4_32_12,96,36
NaMgZn3Ga2Si3Ge5As2P_id2361_E-3.27.cif,NaMgZn3Ga2Si3Ge5As2P,-3.2653,0.0,Metal,P3m1,156,18
In2Sn6Ge_id2319_E-3.27.cif,In2Sn6Ge,-3.2651,0.0,Metal,P-42m,111,9
Li2Ga2O_id3871_E-3.26.cif,Li2Ga2O,-3.2649,0.0,Metal,Pbcn,60,20
LiGaSb_id2917_E-3.26.cif,LiGaSb,-3.2633,0.0,Metal,P4_122,91,12
Sc2Te_id1604_E-3.26.cif,Sc2Te,-3.2623,0.668,Semiconductor,R3m,160,24
TeSe5_id2673_E-3.26.cif,TeSe5,-3.2618,0.0,Metal,P31m,157,6
Li4Mg2Zn2Ga2O5_id4056_E-3.26.cif,Li4Mg2Zn2Ga2O5,-3.2613,1.97,Semiconductor,Pccn,56,60
InSn_id901_E-3.26.cif,InSn,-3.2604,0.0,Metal,P3m1,156,4
MgAlZnSi2Te2(S2O)2_id1729_E-3.26.cif,MgAlZnSi2Te2(S2O)2,-3.2603,1.073,Semiconductor,P3_221,154,39
LiZnSnS_id4842_E-3.26.cif,LiZnSnS,-3.2598,0.0,Metal,Pca2_1,29,16
BSb_id3324_E-3.26.cif,BSb,-3.259,1.012,Semiconductor,I4_132,214,48
NaTeS_id4308_E-3.26.cif,NaTeS,-3.2574,0.424,Semiconductor,Pca2_1,29,12
InSn_id1088_E-3.26.cif,InSn,-3.2552,0.0,Metal,Pmmm,47,4
Li2Ca2SbN2_id3813_E-3.25.cif,Li2Ca2SbN2,-3.2537,1.772,Semiconductor,Pa-3,205,28
KTePS3_id4832_E-3.25.cif,KTePS3,-3.2536,2.029,Semiconductor,I2_12_12_1,24,24
Al2Sn2Sb_id1706_E-3.25.cif,Al2Sn2Sb,-3.253,0.0,Metal,P-3m1,164,5
MgZnSb4_id3513_E-3.25.cif,MgZnSb4,-3.2527,0.0,Metal,I422,97,12
Cd2Ga2SnSe4_id4981_E-3.25.cif,Cd2Ga2SnSe4,-3.2517,0.0,Metal,P-42m,111,9
Mg2Ti5Zn2_id507_E-3.25.cif,Mg2Ti5Zn2,-3.2507,0.0,Metal,P-42_1m,113,18
TiIn6_id3041_E-3.25.cif,TiIn6,-3.2491,0.0,Metal,I4mm,107,28
MgCd3In3O4_id4435_E-3.25.cif,MgCd3In3O4,-3.2491,0.0,Metal,Pm-3n,223,22
KInS_id1887_E-3.25.cif,KInS,-3.2461,0.949,Semiconductor,Ibca,73,24
Na7S3_id3384_E-3.25.cif,Na7S3,-3.2455,1.777,Semiconductor,I-43d,220,40
Sr(InGe)2_id2107_E-3.25.cif,Sr(InGe)2,-3.2452,0.0,Metal,P4_122,91,20
Li3Si3Ge2_id3831_E-3.24.cif,Li3Si3Ge2,-3.245,0.0,Metal,P4_132,213,32
KMg7Cd4O12_id3901_E-3.24.cif,KMg7Cd4O12,-3.2443,0.929,Semiconductor,P321,150,24
K6CaS4_id1941_E-3.24.cif,K6CaS4,-3.2436,1.782,Semiconductor,Im-3m,229,22
Ga5Ge2_id348_E-3.24.cif,Ga5Ge2,-3.2435,0.0,Metal,I-42d,122,28
AlZnP2_id465_E-3.24.cif,AlZnP2,-3.2417,1.677,Semiconductor,P3_221,154,12
BaCdSnSb_id110_E-3.24.cif,BaCdSnSb,-3.2387,0.472,Semiconductor,Pmmm,47,4
Be2Ge_id3919_E-3.24.cif,Be2Ge,-3.2378,0.0,Metal,Pbcn,60,12
InGeAs_id4529_E-3.24.cif,InGeAs,-3.2372,0.004,Metal,P4_132,213,24
Te3Se_id2374_E-3.23.cif,Te3Se,-3.2347,0.806,Semiconductor,I4/mmm,139,16
Al_id770_E-3.23.cif,Al,-3.2346,0.0,Metal,Pma2,28,14
K4Sr3S4_id60_E-3.23.cif,K4Sr3S4,-3.2346,2.61,Semiconductor,I-43m,217,22
Ba(LiGe)2_id4312_E-3.23.cif,Ba(LiGe)2,-3.2343,0.184,Semiconductor,I4/mcm,140,20
Ba2BeAs_id2453_E-3.23.cif,Ba2BeAs,-3.2342,0.0,Metal,Fm-3m,225,16
Ga2Sn_id2561_E-3.23.cif,Ga2Sn,-3.2342,0.0,Metal,C2/c,15,12
Li4Mg(TeS2)2_id1650_E-3.23.cif,Li4Mg(TeS2)2,-3.2335,0.999,Semiconductor,C222,21,22
AlInSn_id216_E-3.23.cif,AlInSn,-3.2331,0.0,Metal,P4/mmm,123,12
ZnSn3_id4547_E-3.23.cif,ZnSn3,-3.2329,0.0,Metal,R-3c,167,24
SrGa6Ge5O4_id4044_E-3.23.cif,SrGa6Ge5O4,-3.2323,0.227,Semiconductor,I-4m2,119,32
KMg2GaO4_id3159_E-3.23.cif,KMg2GaO4,-3.2309,3.082,Semiconductor,P-42c,112,16
Al_id3619_E-3.23.cif,Al,-3.2285,0.0,Metal,I4_1/amd,141,20
Ga2Te4S13_id1070_E-3.23.cif,Ga2Te4S13,-3.2284,1.919,Semiconductor,P-42_1m,113,38
LiMg6Sc12Al6Ga_id2925_E-3.23.cif,LiMg6Sc12Al6Ga,-3.2281,0.0,Metal,Pm-3,200,26
Al5Ga_id2258_E-3.23.cif,Al5Ga,-3.2269,0.0,Metal,I4_1/amd,141,24
Al2CdTe4_id3548_E-3.23.cif,Al2CdTe4,-3.2268,0.065,Semiconductor,P4/mmm,123,7
TeSe5_id709_E-3.23.cif,TeSe5,-3.2265,0.0,Metal,Pm-3m,221,18
Ba6AlO4_id2075_E-3.23.cif,Ba6AlO4,-3.2254,0.005,Metal,P-43m,215,11
LiTe6_id4295_E-3.23.cif,LiTe6,-3.2252,0.102,Semiconductor,P-42m,111,7
K2Sc2As_id4253_E-3.22.cif,K2Sc2As,-3.2238,1.39,Semiconductor,P6_122,178,30
CdGeSbTe_id1045_E-3.22.cif,CdGeSbTe,-3.2201,0.0,Metal,Aea2,41,32
BaNaSn7Ge_id3223_E-3.22.cif,BaNaSn7Ge,-3.2177,0.0,Metal,P312,149,10
In2Sb2As_id1818_E-3.22.cif,In2Sb2As,-3.2152,0.0,Metal,P6_122,178,30
BaCaScAl_id3205_E-3.22.cif,BaCaScAl,-3.2151,0.0,Metal,Amm2,38,8
InTe3_id4164_E-3.21.cif,InTe3,-3.2147,0.13,Semiconductor,P-6m2,187,4
Ba4LiSn3_id2111_E-3.21.cif,Ba4LiSn3,-3.2141,0.0,Metal,Im-3m,229,16
LiCaSnSb2_id1953_E-3.21.cif,LiCaSnSb2,-3.213,0.0,Metal,P3m1,156,5
LiInSb_id415_E-3.21.cif,LiInSb,-3.2115,0.0,Metal,P-3m1,164,6
AlGa2_id243_E-3.21.cif,AlGa2,-3.2111,0.0,Metal,I4/mmm,139,12
Li2Mg(GaO2)2_id4254_E-3.21.cif,Li2Mg(GaO2)2,-3.2111,0.0,Metal,P-42_1m,113,18
CdSn4_id4037_E-3.21.cif,CdSn4,-3.211,0.0,Metal,Pccm,49,10
ScBe2In_id4896_E-3.21.cif,ScBe2In,-3.2105,0.0,Metal,P6_222,180,24
Li3InAs4_id1058_E-3.21.cif,Li3InAs4,-3.2094,0.059,Semiconductor,P6_2,171,24
MgTe_id1848_E-3.21.cif,MgTe,-3.2092,0.0,Metal,P4_32_12,96,8
ZnSn3_id1547_E-3.21.cif,ZnSn3,-3.209,0.0,Metal,I4/mmm,139,8
Ca(GaSn2)2_id2976_E-3.21.cif,Ca(GaSn2)2,-3.2076,0.0,Metal,Pban,50,14
Zn3GeS16_id2340_E-3.21.cif,Zn3GeS16,-3.2071,1.901,Semiconductor,P-43m,215,20
MgCd3Sb4Te3Se4_id3114_E-3.21.cif,MgCd3Sb4Te3Se4,-3.2067,0.0,Metal,P-43m,215,15
Ca(ZnP)3_id1579_E-3.21.cif,Ca(ZnP)3,-3.2065,0.01,Metal,R-3c,167,42
In3Ga2O_id3773_E-3.21.cif,In3Ga2O,-3.2053,0.228,Semiconductor,Pn-3m,224,12
MgScCdTe3_id2143_E-3.21.cif,MgScCdTe3,-3.205,0.922,Semiconductor,P6_2,171,36
O2_id2757_E-3.20.cif,O2,-3.2037,0.814,Semiconductor,R-3c,167,24
LiGaSn2_id485_E-3.20.cif,LiGaSn2,-3.2027,0.0,Metal,P-6m2,187,4
SbS8_id2657_E-3.20.cif,SbS8,-3.2018,1.81,Semiconductor,Fm-3m,225,36
Sc2O19_id4281_E-3.20.cif,Sc2O19,-3.1997,1.058,Semiconductor,Pba2,32,42
MgIn2Sn2Ge_id1256_E-3.20.cif,MgIn2Sn2Ge,-3.1996,0.0,Metal,Fmmm,69,24
SrSn_id2070_E-3.20.cif,SrSn,-3.1987,0.0,Metal,Fm-3m,225,4
Ca2GaGe2_id2862_E-3.20.cif,Ca2GaGe2,-3.1987,0.0,Metal,Cmce,64,20
Sr4Ti(SnB)4_id596_E-3.20.cif,Sr4Ti(SnB)4,-3.1984,0.0,Metal,P4_2/n,86,26
NaLiCd2SnTe3AsSe12_id1810_E-3.20.cif,NaLiCd2SnTe3AsSe12,-3.1958,0.0,Metal,P2_1,4,42
ZnSn3_id3905_E-3.20.cif,ZnSn3,-3.1958,0.0,Metal,Fm-3m,225,16
BeZn2(Ga2N)2_id2403_E-3.20.cif,BeZn2(Ga2N)2,-3.1955,0.0,Metal,P-42m,111,9
Al6Zn(SiSe2)2_id334_E-3.19.cif,Al6Zn(SiSe2)2,-3.1949,0.0,Metal,P-42m,111,13
InGaSn_id4149_E-3.19.cif,InGaSn,-3.193,0.0,Metal,F-43m,216,12
Ge_id4977_E-3.19.cif,Ge,-3.1918,0.0,Metal,P4/mmm,123,13
Li7As3_id4739_E-3.19.cif,Li7As3,-3.1914,0.99,Semiconductor,Pm-3n,223,20
KZnS2_id4167_E-3.19.cif,KZnS2,-3.1895,1.947,Semiconductor,P3_221,154,12
K2Na2GeTe8_id1640_E-3.19.cif,K2Na2GeTe8,-3.1887,0.0,Metal,I222,23,26
Se_id3432_E-3.19.cif,Se,-3.1873,0.0,Metal,Pma2,28,10
Ba2InSn_id2771_E-3.18.cif,Ba2InSn,-3.1849,0.0,Metal,Fm-3m,225,16
Ba2InSn_id2330_E-3.18.cif,Ba2InSn,-3.1849,0.0,Metal,Fm-3m,225,16
Na2Li2InGaO2_id769_E-3.18.cif,Na2Li2InGaO2,-3.1846,0.027,Metal,P4_2/mcm,132,16
KLiSe4_id3795_E-3.18.cif,KLiSe4,-3.1837,1.641,Semiconductor,Pcca,54,24
Mg3BeSn3N_id1812_E-3.18.cif,Mg3BeSn3N,-3.1833,0.0,Metal,Pm-3m,221,8
KBa4Mg3O3_id1090_E-3.18.cif,KBa4Mg3O3,-3.1825,1.597,Semiconductor,Pm-3n,223,22
Ba2GeAsP2Se3S_id2354_E-3.18.cif,Ba2GeAsP2Se3S,-3.1825,0.0,Metal,P2/m,10,10
MgIn6GaSbTe6_id3425_E-3.18.cif,MgIn6GaSbTe6,-3.1804,0.0,Metal,P-31c,163,30
Li2CaTiAlZnSi_id2348_E-3.18.cif,Li2CaTiAlZnSi,-3.178,0.0,Metal,P4_3,78,28
Li8Sn(SeS)4_id977_E-3.18.cif,Li8Sn(SeS)4,-3.1774,0.811,Semiconductor,P-42m,111,17
CdGe2_id3735_E-3.18.cif,CdGe2,-3.1772,0.0,Metal,P4/mbm,127,6
CdSn5_id2470_E-3.17.cif,CdSn5,-3.173,0.0,Metal,P4_2/m,84,24
ZnAsSe_id1354_E-3.17.cif,ZnAsSe,-3.1712,0.932,Semiconductor,Pbca,61,24
SbTe4_id2091_E-3.17.cif,SbTe4,-3.1709,0.004,Metal,P3m1,156,5
In4Si2Sn_id4184_E-3.17.cif,In4Si2Sn,-3.1698,0.0,Metal,I-42d,122,28
Ca3CdInSn6_id1600_E-3.17.cif,Ca3CdInSn6,-3.1664,0.0,Metal,P-31c,163,22
BeCd2GaSn2Ge2(SbS)2_id3912_E-3.17.cif,BeCd2GaSn2Ge2(SbS)2,-3.166,0.0,Metal,Pm,6,12
Na2Sr3Ge10_id4519_E-3.16.cif,Na2Sr3Ge10,-3.1636,0.0,Metal,R-3,148,45
InTe_id2131_E-3.16.cif,InTe,-3.1622,0.061,Semiconductor,Pca2_1,29,8
In2Te4As_id2439_E-3.16.cif,In2Te4As,-3.1622,0.0,Metal,I-42d,122,28
BaNaSn2_id4525_E-3.16.cif,BaNaSn2,-3.1613,0.0,Metal,Fm-3m,225,16
ScIn6_id3629_E-3.16.cif,ScIn6,-3.1612,0.0,Metal,P4_2/nnm,134,14
MgBe3ZnS3N3O_id3340_E-3.16.cif,MgBe3ZnS3N3O,-3.1601,2.623,Semiconductor,P2_13,198,48
CdInSnSb2_id1985_E-3.16.cif,CdInSnSb2,-3.16,0.0,Metal,Cmme,67,20
Zn4GaSn2Ge(SeS)4_id603_E-3.16.cif,Zn4GaSn2Ge(SeS)4,-3.1597,0.0,Metal,P-42c,112,32
BaLi2Sb_id1096_E-3.16.cif,BaLi2Sb,-3.1582,0.221,Semiconductor,Immm,71,8
KLiGeAs2_id2577_E-3.16.cif,KLiGeAs2,-3.1576,0.169,Semiconductor,Immm,71,10
Li2Sn5_id4358_E-3.16.cif,Li2Sn5,-3.1567,0.0,Metal,Cmmm,65,14
LiCaGe_id4942_E-3.16.cif,LiCaGe,-3.156,2.976,Semiconductor,Cmcm,63,12
Te_id3990_E-3.16.cif,Te,-3.1557,0.517,Semiconductor,Pbca,61,8
CdInTe2Se5_id1573_E-3.16.cif,CdInTe2Se5,-3.1552,0.074,Semiconductor,I422,97,36
Ca(CdSn4)2_id1480_E-3.16.cif,Ca(CdSn4)2,-3.1551,0.0,Metal,P4_22_12,94,22
LiTe2_id2275_E-3.15.cif,LiTe2,-3.1547,0.0,Metal,P4_2/mmc,131,6
KSr12Li3(SO2)3_id693_E-3.15.cif,KSr12Li3(SO2)3,-3.1544,0.0,Metal,Pm-3n,223,50
Ba3ZnGe2_id4202_E-3.15.cif,Ba3ZnGe2,-3.1541,0.0,Metal,P6_3/mmc,194,12
Te_id2855_E-3.15.cif,Te,-3.1522,0.571,Semiconductor,P4_222,93,12
CdSn3_id1299_E-3.15.cif,CdSn3,-3.1518,0.0,Metal,Pm-3n,223,8
Te_id993_E-3.15.cif,Te,-3.1512,1.049,Semiconductor,Pbca,61,8
Te2AsSe4_id160_E-3.15.cif,Te2AsSe4,-3.151,1.29,Semiconductor,I-42d,122,28
NaCa4Zn3O3_id4154_E-3.15.cif,NaCa4Zn3O3,-3.1506,0.372,Semiconductor,Pm-3n,223,22
NaCa4Zn3O3_id399_E-3.15.cif,NaCa4Zn3O3,-3.1506,0.369,Semiconductor,Pm-3n,223,22
Ca2ZnAs_id4532_E-3.15.cif,Ca2ZnAs,-3.1499,0.472,Semiconductor,P6_3/mmc,194,8
Ba4SnSb_id3338_E-3.15.cif,Ba4SnSb,-3.1487,0.0,Metal,P-4n2,118,12
Ca3Sc2_id982_E-3.15.cif,Ca3Sc2,-3.147,0.0,Metal,I4/mmm,139,20
K(ScGe2)2_id3884_E-3.15.cif,K(ScGe2)2,-3.147,0.0,Metal,P4_122,91,28
Te_id1761_E-3.15.cif,Te,-3.1469,0.0,Metal,P4/m,83,8
Ba2InGa3O2_id555_E-3.15.cif,Ba2InGa3O2,-3.1467,1.112,Semiconductor,I4_122,98,32
LiTe_id1947_E-3.15.cif,LiTe,-3.1466,0.0,Metal,Pm-3m,221,8
ZnCdGeO18_id2429_E-3.15.cif,ZnCdGeO18,-3.1451,0.758,Semiconductor,Pc,7,42
Te_id1960_E-3.14.cif,Te,-3.1423,1.281,Semiconductor,P2_12_12_1,19,8
Te_id1847_E-3.14.cif,Te,-3.1419,0.0,Metal,P4_2/nnm,134,16
Te_id496_E-3.14.cif,Te,-3.1419,1.134,Semiconductor,Pbca,61,8
Ba4Na4Ga2SiGe8_id1269_E-3.14.cif,Ba4Na4Ga2SiGe8,-3.1406,0.0,Metal,P4cc,103,38
BaAl2In3_id2279_E-3.14.cif,BaAl2In3,-3.1404,0.0,Metal,P6/mmm,191,6
Te_id418_E-3.14.cif,Te,-3.1398,0.0,Metal,Pmmm,47,4
K3BaO2_id4720_E-3.14.cif,K3BaO2,-3.139,1.426,Semiconductor,P4_22_12,94,24
Li5(Ge2S)2_id3330_E-3.14.cif,Li5(Ge2S)2,-3.139,1.283,Semiconductor,P-4m2,115,11
LiBe2AlGaBN2_id3357_E-3.14.cif,LiBe2AlGaBN2,-3.1387,0.046,Metal,P6_5,170,48
Te_id1396_E-3.14.cif,Te,-3.1382,0.252,Semiconductor,Pbca,61,8
Te_id2847_E-3.14.cif,Te,-3.1381,0.066,Semiconductor,P23,195,12
NaSe_id2329_E-3.14.cif,NaSe,-3.1366,1.575,Semiconductor,P4_2/m,84,16
K4SnTe3_id1967_E-3.14.cif,K4SnTe3,-3.136,1.278,Semiconductor,I4_1/a,88,32
Zn(TeSe)2_id1361_E-3.14.cif,Zn(TeSe)2,-3.1358,0.903,Semiconductor,P2/m,10,5
Te_id4090_E-3.13.cif,Te,-3.1335,0.0,Metal,P4/mmm,123,4
Te_id1069_E-3.13.cif,Te,-3.1332,0.034,Metal,Ia-3,206,48
InSn2(Te3Se)2_id3028_E-3.13.cif,InSn2(Te3Se)2,-3.1331,0.844,Semiconductor,P1,1,22
Te_id2250_E-3.13.cif,Te,-3.1315,0.943,Semiconductor,P4/m,83,8
LiZn2Ga4Ge5_id3875_E-3.13.cif,LiZn2Ga4Ge5,-3.1292,0.0,Metal,P4_2/m,84,24
LiTi2Be2ZnBAs2S5_id2543_E-3.13.cif,LiTi2Be2ZnBAs2S5,-3.129,0.562,Semiconductor,P2_1/m,11,28
KNa2O2_id4564_E-3.13.cif,KNa2O2,-3.1274,2.16,Semiconductor,P4/mmm,123,20
Te5SeS_id184_E-3.13.cif,Te5SeS,-3.1264,0.0,Metal,P2_12_12,18,28
NaSi2(Te2Se)4_id530_E-3.13.cif,NaSi2(Te2Se)4,-3.1263,0.923,Semiconductor,P-42m,111,15
Al3Cd2(Ga2Si)3_id3185_E-3.13.cif,Al3Cd2(Ga2Si)3,-3.1256,0.0,Metal,P6_3cm,185,28
K3LiMg3Ti3Si3(BAs2)3_id2387_E-3.12.cif,K3LiMg3Ti3Si3(BAs2)3,-3.1245,0.733,Semiconductor,P3,143,22
Na2GeTe8_id2277_E-3.12.cif,Na2GeTe8,-3.1217,0.0,Metal,Cmce,64,44
In(GaGe)2_id3767_E-3.12.cif,In(GaGe)2,-3.1216,0.0,Metal,I422,97,20
Te_id4284_E-3.12.cif,Te,-3.1213,0.0,Metal,P23,195,12
Na2In2GaSe2_id3307_E-3.12.cif,Na2In2GaSe2,-3.121,0.0,Metal,P3_221,154,21
Te_id4316_E-3.12.cif,Te,-3.1209,0.064,Semiconductor,P6_222,180,6
LiTiGa3_id4999_E-3.12.cif,LiTiGa3,-3.1206,0.0,Metal,P2/c,13,10
Na2Li2Al2SiP_id3004_E-3.12.cif,Na2Li2Al2SiP,-3.1194,0.714,Semiconductor,P-4n2,118,16
Te_id593_E-3.12.cif,Te,-3.119,0.241,Semiconductor,P6_3/m,176,14
ZnInTe2SeS2_id4572_E-3.12.cif,ZnInTe2SeS2,-3.1183,0.0,Metal,P-42c,112,28
K8PC2(SeS2)2_id204_E-3.12.cif,K8PC2(SeS2)2,-3.1174,0.048,Metal,I4/m,87,34
LiSc2Zn_id4836_E-3.12.cif,LiSc2Zn,-3.1171,0.0,Metal,Pcc2,27,16
Li4Sc4In9_id2643_E-3.12.cif,Li4Sc4In9,-3.1166,0.0,Metal,C222,21,34
Li3Si2Ge_id1286_E-3.12.cif,Li3Si2Ge,-3.1163,0.0,Metal,Cmcm,63,24
NaCdInSn6Sb_id688_E-3.12.cif,NaCdInSn6Sb,-3.1161,0.089,Semiconductor,P312,149,10
MgZn2Cd4(GaO2)2_id1897_E-3.12.cif,MgZn2Cd4(GaO2)2,-3.1155,0.394,Semiconductor,Cmce,64,52
Li2Si5Ge(SbTe)8_id3124_E-3.11.cif,Li2Si5Ge(SbTe)8,-3.114,0.0,Metal,I422,97,48
KNaSnP_id4268_E-3.11.cif,KNaSnP,-3.1127,0.97,Semiconductor,P4_2/mmc,131,8
Te_id1288_E-3.11.cif,Te,-3.1126,0.362,Semiconductor,P2_12_12,18,8
Li2InBSbTe3Se5_id2850_E-3.11.cif,Li2InBSbTe3Se5,-3.112,0.0,Metal,P2_1,4,26
KLiO6_id4768_E-3.11.cif,KLiO6,-3.111,3.782,Insulator,P-31c,163,16
Te_id1277_E-3.11.cif,Te,-3.11,0.0,Metal,P2_12_12_1,19,8
SrInSn2_id889_E-3.11.cif,SrInSn2,-3.1091,0.0,Metal,Pcc2,27,16
Mg(Al2Ga)4_id2563_E-3.11.cif,Mg(Al2Ga)4,-3.1077,0.0,Metal,P-42m,111,13
MgSc2GaB_id2721_E-3.11.cif,MgSc2GaB,-3.107,0.0,Metal,P6_1,169,30
Be9GaSi4_id1307_E-3.11.cif,Be9GaSi4,-3.1063,0.0,Metal,I422,97,28
KLiAs3_id304_E-3.11.cif,KLiAs3,-3.1061,1.021,Semiconductor,Immm,71,10
LiAl6In4Ga4Si2P_id3957_E-3.11.cif,LiAl6In4Ga4Si2P,-3.1058,0.0,Metal,P6mm,183,18
Al_id1792_E-3.11.cif,Al,-3.1053,0.0,Metal,Pbcm,57,20
KSb4AsO2_id172_E-3.10.cif,KSb4AsO2,-3.1041,1.013,Semiconductor,Pmmm,47,8
K2Ba6Sr(CdN)6_id2388_E-3.10.cif,K2Ba6Sr(CdN)6,-3.1005,1.4,Semiconductor,P-3c1,165,42
LiTe_id2864_E-3.10.cif,LiTe,-3.0995,0.0,Metal,P4nc,104,16
KTe_id1041_E-3.10.cif,KTe,-3.099,0.009,Metal,I4_1/amd,141,8
InTe2_id3234_E-3.10.cif,InTe2,-3.0984,0.0,Metal,Pban,50,12
Se4S_id2718_E-3.10.cif,Se4S,-3.0979,1.573,Semiconductor,I4_1/a,88,20
Ca2Zn2Ga3O_id3803_E-3.10.cif,Ca2Zn2Ga3O,-3.0962,0.0,Metal,Pn-3m,224,16
NaCd6GaO6_id1273_E-3.10.cif,NaCd6GaO6,-3.0961,0.187,Semiconductor,P-31c,163,28
Te_id2328_E-3.09.cif,Te,-3.0947,0.0,Metal,P4_2/mmc,131,4
KSr3N_id264_E-3.09.cif,KSr3N,-3.0931,0.628,Semiconductor,Pm-3m,221,5
Mg2ZnTeS2_id3850_E-3.09.cif,Mg2ZnTeS2,-3.093,0.253,Semiconductor,Cmmm,65,12
Zn2GeB_id2900_E-3.09.cif,Zn2GeB,-3.0921,1.39,Semiconductor,P6_222,180,12
Al2CdSn2_id1533_E-3.09.cif,Al2CdSn2,-3.0917,0.0,Metal,Pbcn,60,20
LiIn4Ge(As4P)2_id1557_E-3.09.cif,LiIn4Ge(As4P)2,-3.0913,0.0,Metal,P4/n,85,32
Sr2InSn_id298_E-3.09.cif,Sr2InSn,-3.0912,0.0,Metal,Fm-3m,225,16
Sr2InSn_id920_E-3.09.cif,Sr2InSn,-3.0912,0.0,Metal,Fm-3m,225,16
SrLiSn_id1014_E-3.09.cif,SrLiSn,-3.09,0.0,Metal,P6_3/mmc,194,6
CdTeSe2_id1756_E-3.09.cif,CdTeSe2,-3.0896,0.0,Metal,P3_221,154,12
Zn4Ge3Se4_id625_E-3.09.cif,Zn4Ge3Se4,-3.0887,0.0,Metal,P-43m,215,11
Ca3Sn6B5_id1042_E-3.09.cif,Ca3Sn6B5,-3.0876,0.0,Metal,P4_132,213,56
Li2BeAl6_id3979_E-3.09.cif,Li2BeAl6,-3.0874,0.0,Metal,P-42m,111,9
In2Sn_id1015_E-3.09.cif,In2Sn,-3.0857,0.0,Metal,Pmmm,47,6
ScZn2_id500_E-3.08.cif,ScZn2,-3.0833,2.148,Semiconductor,Cmme,67,24
K2S5_id3709_E-3.08.cif,K2S5,-3.0814,2.677,Semiconductor,P1,1,21
MgIn2Sn3_id2946_E-3.08.cif,MgIn2Sn3,-3.08,0.0,Metal,P-4m2,115,6
SrLi8MgCd4In6(SeO)4_id1333_E-3.08.cif,SrLi8MgCd4In6(SeO)4,-3.0796,0.0,Metal,I222,23,56
Mg5Sc2Ga_id3688_E-3.08.cif,Mg5Sc2Ga,-3.079,0.0,Metal,I4/mmm,139,16
BaCaIn2SiSb2_id2879_E-3.08.cif,BaCaIn2SiSb2,-3.0775,0.0,Metal,P4/mmm,123,7
KTeS_id4100_E-3.08.cif,KTeS,-3.076,0.109,Semiconductor,Pcc2,27,12
GaTe_id3091_E-3.07.cif,GaTe,-3.073,3.908,Insulator,C2,5,6
Li3Sb_id3731_E-3.07.cif,Li3Sb,-3.0728,1.165,Semiconductor,Pa-3,205,16
Be2Ga8SnGe_id3455_E-3.07.cif,Be2Ga8SnGe,-3.0726,0.0,Metal,I422,97,24
Te_id2188_E-3.07.cif,Te,-3.071,0.0,Metal,Pba2,32,6
LiSnTe2_id22_E-3.07.cif,LiSnTe2,-3.0707,0.94,Semiconductor,I-42d,122,32
Te5Se2_id1767_E-3.07.cif,Te5Se2,-3.0698,0.864,Semiconductor,P3m1,156,7
In2GaSi4_id4345_E-3.07.cif,In2GaSi4,-3.0698,0.0,Metal,P4_2/mnm,136,14
Na2ZnP2_id2295_E-3.07.cif,Na2ZnP2,-3.0685,0.856,Semiconductor,P4/mnc,128,20
Li2Ga2Si_id4803_E-3.07.cif,Li2Ga2Si,-3.0684,0.0,Metal,Pbcn,60,20
Li5MgAlTe4_id4708_E-3.07.cif,Li5MgAlTe4,-3.0678,1.369,Semiconductor,P-42m,111,11
Li5Zn2Te2(SeS)2_id3214_E-3.07.cif,Li5Zn2Te2(SeS)2,-3.0653,1.217,Semiconductor,P4_2mc,105,26
Te7AsSe4_id3031_E-3.06.cif,Te7AsSe4,-3.0649,0.99,Semiconductor,P1,1,12
SnSb3_id4915_E-3.06.cif,SnSb3,-3.0641,0.0,Metal,P4/mmm,123,4
LiMg5Sc4_id3040_E-3.06.cif,LiMg5Sc4,-3.0627,0.0,Metal,P42_12,90,20
K3Sb4_id360_E-3.06.cif,K3Sb4,-3.0618,0.134,Semiconductor,P3c1,158,14
BaSr2Ca2Sn2Sb(AsO)2_id464_E-3.06.cif,BaSr2Ca2Sn2Sb(AsO)2,-3.0599,0.0,Metal,Pnnn,48,48
Li2AlSn_id1340_E-3.06.cif,Li2AlSn,-3.0589,0.0,Metal,Fm-3m,225,16
TiGaSi8_id648_E-3.06.cif,TiGaSi8,-3.0586,0.0,Metal,I422,97,20
Te_id4116_E-3.06.cif,Te,-3.0585,0.38,Semiconductor,Pbcn,60,12
Sb(Se2S)2_id2428_E-3.06.cif,Sb(Se2S)2,-3.0572,0.014,Metal,I-42d,122,28
In3As_id1709_E-3.06.cif,In3As,-3.0569,0.0,Metal,Pm-3n,223,8
Al2ZnCd5(TeSe3)4_id1173_E-3.06.cif,Al2ZnCd5(TeSe3)4,-3.0565,0.0,Metal,P-42c,112,48
In4Ge3_id2626_E-3.06.cif,In4Ge3,-3.0554,0.0,Metal,Pm-3m,221,14
Li2SiBO17_id644_E-3.05.cif,Li2SiBO17,-3.0548,1.443,Semiconductor,Pc,7,42
BaNa6AlZnSi6Sn7_id1728_E-3.05.cif,BaNa6AlZnSi6Sn7,-3.0526,0.412,Semiconductor,P312,149,22
KLi4MgTe4AsSe2_id791_E-3.05.cif,KLi4MgTe4AsSe2,-3.0518,0.0,Metal,I222,23,26
LiGa2Sn_id2667_E-3.05.cif,LiGa2Sn,-3.0496,0.0,Metal,I-42d,122,16
CdTeS_id497_E-3.05.cif,CdTeS,-3.0462,0.0,Metal,P4_2/ncm,138,12
Te_id2692_E-3.05.cif,Te,-3.0458,1.272,Semiconductor,P2_12_12_1,19,16
ZnS_id4328_E-3.05.cif,ZnS,-3.0456,1.951,Semiconductor,P4_32_12,96,16
LiAl(GaS)2_id4991_E-3.04.cif,LiAl(GaS)2,-3.0449,1.327,Semiconductor,P4_2/mmc,131,12
LiAlGa6_id896_E-3.04.cif,LiAlGa6,-3.0444,0.0,Metal,Fm-3m,225,32
AlAs2_id2856_E-3.04.cif,AlAs2,-3.044,0.033,Metal,P6/mcc,192,36
BaMgAlGa4_id205_E-3.04.cif,BaMgAlGa4,-3.0439,0.0,Metal,I-4m2,119,14
CaMg2In2(AsSe)2_id2919_E-3.04.cif,CaMg2In2(AsSe)2,-3.0437,0.053,Semiconductor,Pbcn,60,36
Li2Ge3_id1043_E-3.04.cif,Li2Ge3,-3.0427,0.0,Metal,Pcc2,27,40
BaAl(InSn)2_id2172_E-3.04.cif,BaAl(InSn)2,-3.0422,0.0,Metal,Pmma,51,12
LiAl2As_id4998_E-3.04.cif,LiAl2As,-3.0417,0.0,Metal,P422,89,16
Te_id3440_E-3.04.cif,Te,-3.0414,0.001,Metal,I2_12_12_1,24,20
Ge3Te4_id1567_E-3.04.cif,Ge3Te4,-3.0412,0.009,Metal,P4_12_12,92,28
Na(InSb2)2_id1415_E-3.04.cif,Na(InSb2)2,-3.0401,0.0,Metal,Fd-3m,227,56
KInSn2_id4752_E-3.04.cif,KInSn2,-3.0396,0.0,Metal,Imm2,44,8
Te_id616_E-3.04.cif,Te,-3.0386,0.0,Metal,P4/m,83,8
Sr2ScIn_id3904_E-3.04.cif,Sr2ScIn,-3.0381,0.0,Metal,Fm-3m,225,16
CaAl2In3_id2538_E-3.04.cif,CaAl2In3,-3.0374,0.0,Metal,P6/mmm,191,6
Ba2NaSb_id2458_E-3.04.cif,Ba2NaSb,-3.0364,0.017,Metal,Fm-3m,225,16
LiSe2_id4527_E-3.03.cif,LiSe2,-3.0336,1.113,Semiconductor,P4_2cm,101,24
Sc3Ga5_id1563_E-3.03.cif,Sc3Ga5,-3.0322,3.709,Insulator,P-3m1,164,16
Al5Zn_id618_E-3.03.cif,Al5Zn,-3.032,0.0,Metal,I-42d,122,24
In3(Ga2Sn)2_id897_E-3.03.cif,In3(Ga2Sn)2,-3.0296,0.0,Metal,P-62m,189,9
CaIn7Sb3Te_id1048_E-3.03.cif,CaIn7Sb3Te,-3.0275,0.0,Metal,P-31c,163,24
Ca2GaB_id4734_E-3.03.cif,Ca2GaB,-3.027,0.011,Metal,P6_422,181,12
Li3MgSc5Ge2_id3189_E-3.03.cif,Li3MgSc5Ge2,-3.0257,0.0,Metal,P6_3/mcm,193,44
Te3As3P_id1184_E-3.02.cif,Te3As3P,-3.0241,3.133,Semiconductor,P2_12_12_1,19,28
Al3Ga4_id4552_E-3.02.cif,Al3Ga4,-3.0239,0.0,Metal,I4/mcm,140,28
InGa3Sn_id888_E-3.02.cif,InGa3Sn,-3.0213,0.0,Metal,P3c1,158,10
O2_id355_E-3.02.cif,O2,-3.0201,0.871,Semiconductor,R-3c,167,24
Al3Ga_id1118_E-3.02.cif,Al3Ga,-3.0195,0.0,Metal,Pm-3m,221,16
KLi4In2Te4PO4_id2017_E-3.02.cif,KLi4In2Te4PO4,-3.0183,2.254,Semiconductor,I222,23,32
BaInGa_id1510_E-3.02.cif,BaInGa,-3.0181,0.0,Metal,P-6m2,187,3
K5Na13O12_id4447_E-3.02.cif,K5Na13O12,-3.0167,1.828,Semiconductor,P2,3,30
K7BaNa15O16_id4797_E-3.01.cif,K7BaNa15O16,-3.015,1.593,Semiconductor,P-1,2,39
Na2Li2GeO_id3491_E-3.01.cif,Na2Li2GeO,-3.0133,1.217,Semiconductor,P4_322,95,24
TiAlZnGa_id2130_E-3.01.cif,TiAlZnGa,-3.0124,0.0,Metal,Pmma,51,16
LiAl4(ZnGe)2_id2419_E-3.01.cif,LiAl4(ZnGe)2,-3.0094,0.0,Metal,P4_2/m,84,18
Te_id3438_E-3.01.cif,Te,-3.0083,0.0,Metal,P-43m,215,32
BaSrSnGe_id2872_E-3.01.cif,BaSrSnGe,-3.0064,0.0,Metal,Amm2,38,8
BaSr2O4_id2205_E-3.01.cif,BaSr2O4,-3.0052,0.0,Metal,Ima2,46,28
BeGa5_id305_E-3.01.cif,BeGa5,-3.0051,0.0,Metal,I422,97,12
Te_id4040_E-3.00.cif,Te,-3.0029,1.018,Semiconductor,Pbca,61,8
In3Sn_id4643_E-3.00.cif,In3Sn,-3.0024,0.0,Metal,Pm-3n,223,8
Ca2In4Sn_id1104_E-3.00.cif,Ca2In4Sn,-3.002,0.0,Metal,P-3m1,164,7
Al_id4563_E-3.00.cif,Al,-3.0018,0.0,Metal,P4_12_12,92,20
Li2Mg4Sn8Ge5_id1000_E-3.00.cif,Li2Mg4Sn8Ge5,-3.0013,0.0,Metal,P4/mnc,128,38
Na2Li3(SiSn)2_id4259_E-3.00.cif,Na2Li3(SiSn)2,-3.0002,0.005,Metal,P4_2nm,102,18
KNa4PS2_id1025_E-3.00.cif,KNa4PS2,-2.999,1.659,Semiconductor,I222,23,16
K(CdSe2)2_id3645_E-3.00.cif,K(CdSe2)2,-2.9981,0.0,Metal,P4/mmm,123,7
MgInSnSb_id2775_E-3.00.cif,MgInSnSb,-2.9954,0.0,Metal,P-6m2,187,4
Al2In3_id2495_E-2.99.cif,Al2In3,-2.9943,0.0,Metal,P4_132,213,20
K2In9Sb2Te2(NO4)2_id1654_E-2.99.cif,K2In9Sb2Te2(NO4)2,-2.9922,0.84,Semiconductor,P2/m,10,25
Zn2GeAs2_id683_E-2.99.cif,Zn2GeAs2,-2.992,0.0,Metal,Pccm,49,10
In6Ga2Sn6As_id4813_E-2.99.cif,In6Ga2Sn6As,-2.9911,0.0,Metal,P312,149,15
AsSe6_id4353_E-2.99.cif,AsSe6,-2.9908,1.143,Semiconductor,I-42d,122,28
Te_id2366_E-2.99.cif,Te,-2.9904,0.0,Metal,P6_3/mmc,194,4
ZnGa2Si_id4374_E-2.99.cif,ZnGa2Si,-2.9892,0.0,Metal,Pmmm,47,8
MgIn2GaTe2_id3725_E-2.99.cif,MgIn2GaTe2,-2.9878,0.0,Metal,P2_1/m,11,12
K2SiGe_id2407_E-2.99.cif,K2SiGe,-2.9873,1.154,Semiconductor,P4_32_12,96,16
Cd2InGaO2_id4651_E-2.98.cif,Cd2InGaO2,-2.9811,0.0,Metal,P3_221,154,18
SiGe5_id3244_E-2.98.cif,SiGe5,-2.9807,0.0,Metal,Pmm2,25,6
Al2In3_id2124_E-2.98.cif,Al2In3,-2.9793,0.0,Metal,P4_132,213,20
Sn(TeSe)4_id2929_E-2.98.cif,Sn(TeSe)4,-2.9791,0.1,Semiconductor,P-42_1c,114,18
LiMgTe_id2638_E-2.98.cif,LiMgTe,-2.9787,1.16,Semiconductor,F-43m,216,12
O2_id4222_E-2.98.cif,O2,-2.9774,2.61,Semiconductor,R-3c,167,24
O2_id395_E-2.98.cif,O2,-2.9765,1.055,Semiconductor,P4_2bc,106,28
KZn(SnGe)2_id3891_E-2.98.cif,KZn(SnGe)2,-2.9759,0.0,Metal,P-4n2,118,12
NaAlCdO4_id3415_E-2.97.cif,NaAlCdO4,-2.9749,0.0,Metal,P-42m,111,7
Ga_id2629_E-2.97.cif,Ga,-2.9744,0.0,Metal,P6_3/mmc,194,8
Na4Al3BO21_id1175_E-2.97.cif,Na4Al3BO21,-2.974,2.531,Semiconductor,P31c,159,58
BaIn2Ga_id1113_E-2.97.cif,BaIn2Ga,-2.9731,0.0,Metal,P6_3/mmc,194,8
Ga_id3874_E-2.97.cif,Ga,-2.9728,0.0,Metal,Ibam,72,12
Ga_id4030_E-2.97.cif,Ga,-2.9721,0.0,Metal,P6/mmm,191,12
Ga_id248_E-2.97.cif,Ga,-2.9714,0.0,Metal,P2_12_12_1,19,12
LiCa2Ti(CdSe)6_id760_E-2.97.cif,LiCa2Ti(CdSe)6,-2.9714,0.0,Metal,R-3,148,48
In15Sn13_id2243_E-2.97.cif,In15Sn13,-2.9698,0.0,Metal,Pm-3m,221,28
Ca3Ga2O_id10_E-2.97.cif,Ca3Ga2O,-2.9688,0.0,Metal,Pn-3m,224,12
Ba2SrO2_id2744_E-2.97.cif,Ba2SrO2,-2.9685,0.0,Metal,P6_3/mmc,194,10
In6SnSb_id3022_E-2.97.cif,In6SnSb,-2.9683,0.0,Metal,P312,149,8
TiIn(GaTe2)2_id3903_E-2.97.cif,TiIn(GaTe2)2,-2.9677,0.0,Metal,P3_221,154,24
In5Sb_id4546_E-2.97.cif,In5Sb,-2.9668,0.0,Metal,P4/nbm,125,12
K4Li2In5GaS4_id4725_E-2.97.cif,K4Li2In5GaS4,-2.9665,0.582,Semiconductor,I-42m,121,32
InGaSe_id2490_E-2.96.cif,InGaSe,-2.9635,0.0,Metal,Cmc2_1,36,12
LiTe_id1705_E-2.96.cif,LiTe,-2.9622,0.0,Metal,P4/m,83,8
ScIn_id4911_E-2.96.cif,ScIn,-2.9599,0.0,Metal,Ibca,73,32
Zn2Te7_id1940_E-2.96.cif,Zn2Te7,-2.958,0.0,Metal,Pban,50,18
LiAl2Zn4GaGe(TeS)4_id1596_E-2.96.cif,LiAl2Zn4GaGe(TeS)4,-2.9578,1.429,Semiconductor,I222,23,34
Zn2O_id2323_E-2.96.cif,Zn2O,-2.9562,0.481,Semiconductor,Cmc2_1,36,12
Sc3Cd4_id133_E-2.95.cif,Sc3Cd4,-2.9542,0.0,Metal,P4_232,208,14
Sc9TiAl4Zn2Cd4(InGa)4_id3131_E-2.95.cif,Sc9TiAl4Zn2Cd4(InGa)4,-2.9541,0.0,Metal,P-1,2,28
Ga_id2681_E-2.95.cif,Ga,-2.9538,0.0,Metal,Ibca,73,24
Al6ZnGa2_id3259_E-2.95.cif,Al6ZnGa2,-2.953,0.0,Metal,P-42m,111,9
BeZnB_id3896_E-2.95.cif,BeZnB,-2.9511,0.185,Semiconductor,P6_222,180,18
NaGa(TeS)2_id363_E-2.95.cif,NaGa(TeS)2,-2.951,0.0,Metal,P-42_1m,113,12
K2ZnSnO4_id2592_E-2.95.cif,K2ZnSnO4,-2.9501,0.012,Metal,P-42c,112,16
Na2LiCd3O6_id1279_E-2.95.cif,Na2LiCd3O6,-2.9494,5.4,Insulator,P1,1,48
Ba4Sr4Cd2GeAsSe2(SO)2_id3812_E-2.95.cif,Ba4Sr4Cd2GeAsSe2(SO)2,-2.9473,0.239,Semiconductor,P3_221,154,54
Mg4Sc3In2_id4582_E-2.95.cif,Mg4Sc3In2,-2.9466,0.0,Metal,P4_22_12,94,18
Mg3GaGe2_id2233_E-2.95.cif,Mg3GaGe2,-2.946,0.0,Metal,Pn-3m,224,12
Ba4Sb_id3196_E-2.95.cif,Ba4Sb,-2.9454,0.277,Semiconductor,Pban,50,10
Al(ZnGe2)3_id1077_E-2.94.cif,Al(ZnGe2)3,-2.945,0.0,Metal,I422,97,20
Li4InSb2Te4P_id4668_E-2.94.cif,Li4InSb2Te4P,-2.9439,0.0,Metal,P4_2/mcm,132,24
AlGa2_id3742_E-2.94.cif,AlGa2,-2.9436,0.0,Metal,P3_221,154,9
Na4Li4Al3ZnGa(B2C)2_id3202_E-2.94.cif,Na4Li4Al3ZnGa(B2C)2,-2.9436,1.242,Semiconductor,P4,75,19
Ga_id1823_E-2.94.cif,Ga,-2.9435,0.0,Metal,I4/mcm,140,8
KBaNa2Li2Zn6In6O6_id822_E-2.94.cif,KBaNa2Li2Zn6In6O6,-2.9412,0.0,Metal,P3,143,24
NaSr2Zn(SnSb)8_id4195_E-2.94.cif,NaSr2Zn(SnSb)8,-2.9376,0.0,Metal,P4/mnc,128,40
BaLiZn2(GaP2)2_id1082_E-2.94.cif,BaLiZn2(GaP2)2,-2.9365,0.0,Metal,I4/mcm,140,40
Ga_id2977_E-2.94.cif,Ga,-2.9359,0.0,Metal,P2_12_12_1,19,8
In4Sn5_id1919_E-2.94.cif,In4Sn5,-2.9354,0.0,Metal,P-42_1c,114,18
In7(Sn3Sb)2_id1981_E-2.93.cif,In7(Sn3Sb)2,-2.935,0.0,Metal,P-31m,162,15
TiZn4GaSi4_id318_E-2.93.cif,TiZn4GaSi4,-2.9324,0.0,Metal,I422,97,20
Al_id4061_E-2.93.cif,Al,-2.9298,0.0,Metal,P4/m,83,18
Ga_id2817_E-2.93.cif,Ga,-2.9276,0.0,Metal,I4_1/amd,141,16
Be2ZnGeTe4As_id2816_E-2.93.cif,Be2ZnGeTe4As,-2.9272,0.0,Metal,Pccm,49,18
Na(CdSe2)2_id792_E-2.93.cif,Na(CdSe2)2,-2.9263,1.429,Semiconductor,P-42m,111,7
Na(LiSe2)3_id701_E-2.92.cif,Na(LiSe2)3,-2.9247,0.211,Semiconductor,Im-3m,229,20
K6LiGaSi6_id974_E-2.92.cif,K6LiGaSi6,-2.9246,0.0,Metal,P6,168,14
Te_id2621_E-2.92.cif,Te,-2.9245,0.0,Metal,P4/mmm,123,8
Na3Sr4Ca6MgIn4(CN2)4_id2762_E-2.92.cif,Na3Sr4Ca6MgIn4(CN2)4,-2.9244,0.0,Metal,P-42_1c,114,60
Te_id892_E-2.92.cif,Te,-2.9233,0.0,Metal,P4/mmm,123,10
SrIn7Sn_id4653_E-2.92.cif,SrIn7Sn,-2.9222,0.0,Metal,P-31c,163,18
Na2In2Sn5_id1582_E-2.92.cif,Na2In2Sn5,-2.9214,0.0,Metal,Immm,71,18
Te_id556_E-2.92.cif,Te,-2.9203,0.0,Metal,P4/m,83,4
KInSn2_id206_E-2.92.cif,KInSn2,-2.9189,0.044,Metal,Fmm2,42,32
Na2TiB8As_id1328_E-2.92.cif,Na2TiB8As,-2.9189,4.445,Insulator,P4_2/mcm,132,24
Ba2In(SnAs)2_id4023_E-2.92.cif,Ba2In(SnAs)2,-2.9177,0.818,Semiconductor,P4_2/m,84,28
Zn(GaTe)2_id3412_E-2.92.cif,Zn(GaTe)2,-2.9152,0.85,Semiconductor,P-42_1m,113,10
Zn2Ga(SeS)2_id4722_E-2.92.cif,Zn2Ga(SeS)2,-2.9151,2.039,Semiconductor,Pnn2,34,14
BaNa3Li2O3_id3393_E-2.91.cif,BaNa3Li2O3,-2.9141,2.947,Semiconductor,P-6c2,188,18
Sr2Ca3GaS2_id2884_E-2.91.cif,Sr2Ca3GaS2,-2.9105,0.486,Semiconductor,P6_3/mmc,194,16
KLi2B4AsO2_id2813_E-2.91.cif,KLi2B4AsO2,-2.9104,0.025,Metal,I222,23,20
SrGa3_id891_E-2.91.cif,SrGa3,-2.9102,0.0,Metal,P4/mmm,123,16
KTe12As_id3545_E-2.91.cif,KTe12As,-2.9099,0.0,Metal,I222,23,28
InGa4_id477_E-2.91.cif,InGa4,-2.9053,0.0,Metal,P4_2/nmc,137,10
BaCa5Sn2O_id4670_E-2.90.cif,BaCa5Sn2O,-2.9013,0.0,Metal,P4/mmm,123,9
LiAl2In3_id1963_E-2.90.cif,LiAl2In3,-2.9008,0.0,Metal,Pn-3m,224,12
NaMg2Al3Te4_id2231_E-2.90.cif,NaMg2Al3Te4,-2.8999,0.689,Semiconductor,P4_2/m,84,20
LiCaSnSb4_id4589_E-2.90.cif,LiCaSnSb4,-2.8972,0.609,Semiconductor,Cmm2,35,14
CdSn6_id4963_E-2.89.cif,CdSn6,-2.8934,0.0,Metal,P3_112,151,21
Sc19In_id1112_E-2.89.cif,Sc19In,-2.8932,8.773,Insulator,P4mm,99,20
K3O_id4302_E-2.89.cif,K3O,-2.8932,0.85,Semiconductor,R-3c,167,24
ScIn3_id3750_E-2.89.cif,ScIn3,-2.8918,0.0,Metal,P6cc,184,16
Te_id2794_E-2.89.cif,Te,-2.8918,0.0,Metal,Fm-3m,225,28
InGa6_id1655_E-2.89.cif,InGa6,-2.8917,0.0,Metal,I-42d,122,28
KNaCaO6_id4085_E-2.89.cif,KNaCaO6,-2.8915,0.072,Semiconductor,P4_322,95,36
Mg(Al2In)2_id3160_E-2.89.cif,Mg(Al2In)2,-2.8894,0.017,Metal,Ccce,68,28
K(GaSn)2_id1858_E-2.89.cif,K(GaSn)2,-2.8875,0.572,Semiconductor,I4/mcm,140,20
K2In2GeO3_id1422_E-2.89.cif,K2In2GeO3,-2.8859,2.265,Semiconductor,P-6m2,187,8
Li3ZnSn2Sb_id35_E-2.88.cif,Li3ZnSn2Sb,-2.8849,0.0,Metal,I2_12_12_1,24,28
Ba2Al2Ge_id2518_E-2.88.cif,Ba2Al2Ge,-2.8846,0.0,Metal,P3_221,154,15
LiInSn_id767_E-2.88.cif,LiInSn,-2.8838,0.0,Metal,P4_2/mmc,131,6
KCaSn3_id4220_E-2.88.cif,KCaSn3,-2.8833,0.0,Metal,Pm-3m,221,5
Mg3(TeSe2)2_id4969_E-2.88.cif,Mg3(TeSe2)2,-2.8827,0.0,Metal,P-42_1m,113,18
Ga_id4161_E-2.88.cif,Ga,-2.8812,0.0,Metal,P4_32_12,96,8
K2ZnO2_id4267_E-2.88.cif,K2ZnO2,-2.8811,1.818,Semiconductor,P-42_1m,113,10
AlZnGa16_id3512_E-2.88.cif,AlZnGa16,-2.8768,0.0,Metal,I422,97,36
LiGa4_id403_E-2.88.cif,LiGa4,-2.8765,0.0,Metal,I4/m,87,10
Li6Ga12Sb7_id3198_E-2.88.cif,Li6Ga12Sb7,-2.8755,0.0,Metal,Im-3,204,50
Al13Ge_id1262_E-2.88.cif,Al13Ge,-2.875,0.0,Metal,I2_12_12_1,24,56
Ba(Mg2Sc)2_id1514_E-2.87.cif,Ba(Mg2Sc)2,-2.8746,0.0,Metal,I4/mmm,139,14
CdN_id2251_E-2.87.cif,CdN,-2.8733,0.0,Metal,Fd-3m,227,16
Cd3SnTe8_id1326_E-2.87.cif,Cd3SnTe8,-2.8727,0.0,Metal,P-42c,112,24
Ca2CdGe_id2168_E-2.87.cif,Ca2CdGe,-2.8726,0.0,Metal,Fm-3m,225,16
Al4Ga9_id560_E-2.87.cif,Al4Ga9,-2.8725,0.0,Metal,P-42_1c,114,26
MgAl4_id2062_E-2.87.cif,MgAl4,-2.8714,0.0,Metal,Ccce,68,20
In3Sn_id3693_E-2.87.cif,In3Sn,-2.8708,0.0,Metal,P4_132,213,32
Li2Mg2Ga2Sn3_id3168_E-2.87.cif,Li2Mg2Ga2Sn3,-2.8699,0.0,Metal,C2/m,12,18
Li2Zn4CdPS4_id3332_E-2.87.cif,Li2Zn4CdPS4,-2.8698,1.205,Semiconductor,P-42c,112,24
AlGa4_id8_E-2.87.cif,AlGa4,-2.8674,0.0,Metal,P-42_1c,114,10
Ba4Sn5_id4159_E-2.87.cif,Ba4Sn5,-2.8671,0.0,Metal,Ccce,68,36
Ga_id2593_E-2.87.cif,Ga,-2.8657,0.0,Metal,P-62m,189,12
Mg2Ga4B_id1708_E-2.86.cif,Mg2Ga4B,-2.8647,0.0,Metal,I4/mmm,139,14
CaGe_id3873_E-2.86.cif,CaGe,-2.864,0.0,Metal,P6_222,180,12
NaInGaSb2Te_id3134_E-2.86.cif,NaInGaSb2Te,-2.8634,0.0,Metal,P3_221,154,18
Li2CaSb_id119_E-2.86.cif,Li2CaSb,-2.8559,0.0,Metal,I-42d,122,16
Ba(CdTe)2_id2595_E-2.85.cif,Ba(CdTe)2,-2.853,0.181,Semiconductor,P4_2/nbc,133,40
Sn_id657_E-2.85.cif,Sn,-2.8521,0.0,Metal,P4_32_12,96,8
Na4MgCd2InSb4(SeS)4_id393_E-2.85.cif,Na4MgCd2InSb4(SeS)4,-2.8516,1.037,Semiconductor,I-42m,121,40
In4Sn_id4276_E-2.85.cif,In4Sn,-2.8514,0.0,Metal,Pmmm,47,5
Na2Li6Mg4Te15_id2715_E-2.85.cif,Na2Li6Mg4Te15,-2.8476,0.0,Metal,P2_12_12,18,54
Ca5Sn4Te_id2177_E-2.85.cif,Ca5Sn4Te,-2.8469,0.018,Metal,Immm,71,20
Li2ScCdGa5Sn_id4504_E-2.85.cif,Li2ScCdGa5Sn,-2.8457,0.0,Metal,P4bm,100,20
KAl2ZnO_id2219_E-2.84.cif,KAl2ZnO,-2.8426,0.0,Metal,Pca2_1,29,20
LiMg2CdTe3As_id4549_E-2.84.cif,LiMg2CdTe3As,-2.842,0.436,Semiconductor,P2_12_12,18,32
LiAlZn6(Te4Se)4_id3139_E-2.84.cif,LiAlZn6(Te4Se)4,-2.8411,0.0,Metal,P-42c,112,56
Ga_id865_E-2.84.cif,Ga,-2.841,0.0,Metal,Fm-3m,225,56
AlGa8_id4761_E-2.84.cif,AlGa8,-2.8405,0.0,Metal,Pmmn,59,18
LiMgTe2_id1473_E-2.84.cif,LiMgTe2,-2.8405,0.0,Metal,P4_2/m,84,16
LiIn6Sn_id4190_E-2.84.cif,LiIn6Sn,-2.8401,0.0,Metal,P-31c,163,16
AlIn_id2213_E-2.84.cif,AlIn,-2.8395,0.0,Metal,Amm2,38,8
In4Sn_id3116_E-2.84.cif,In4Sn,-2.8381,0.0,Metal,Aea2,41,20
Al2ZnGa2_id3643_E-2.84.cif,Al2ZnGa2,-2.8363,0.0,Metal,Cmce,64,20
SrCaGa2_id4912_E-2.84.cif,SrCaGa2,-2.8354,0.0,Metal,Fm-3m,225,16
Te_id4117_E-2.83.cif,Te,-2.8335,0.313,Semiconductor,Pba2,32,18
K3Li2Ga2O3_id98_E-2.83.cif,K3Li2Ga2O3,-2.833,0.0,Metal,C222,21,20
Ca(AlGa)2_id4641_E-2.83.cif,Ca(AlGa)2,-2.8305,0.0,Metal,P4_322,95,20
Li2Ga7Sn_id999_E-2.83.cif,Li2Ga7Sn,-2.8298,0.0,Metal,P-4m2,115,10
LiZnSn2_id433_E-2.83.cif,LiZnSn2,-2.8294,0.0,Metal,I-42d,122,16
Mg3ZnAs6_id2065_E-2.83.cif,Mg3ZnAs6,-2.8293,1.02,Semiconductor,Fm-3m,225,40
Li2Mg(Si2Sb)2_id1164_E-2.83.cif,Li2Mg(Si2Sb)2,-2.8264,0.0,Metal,Pccm,49,18
Ca2Ge_id173_E-2.83.cif,Ca2Ge,-2.8258,0.036,Metal,P4_2/nmc,137,12
NaCd4AsPS2_id662_E-2.83.cif,NaCd4AsPS2,-2.8254,0.0,Metal,Cm,8,18
Al5Zn2Ga_id4148_E-2.82.cif,Al5Zn2Ga,-2.8217,0.0,Metal,I4/mmm,139,16
LiZn8(InTe8)2_id425_E-2.82.cif,LiZn8(InTe8)2,-2.8192,0.0,Metal,I422,97,54
BaSrCaSiTeAsSe_id4540_E-2.82.cif,BaSrCaSiTeAsSe,-2.8191,0.471,Semiconductor,Pca2_1,29,28
Be(Ga2Sn)2_id518_E-2.82.cif,Be(Ga2Sn)2,-2.8188,0.0,Metal,P4_232,208,42
CaGaGe_id4798_E-2.82.cif,CaGaGe,-2.8187,0.0,Metal,P4/mmm,123,12
KNa3TeSe2_id3309_E-2.82.cif,KNa3TeSe2,-2.8178,1.538,Semiconductor,R-3m,166,21
ZnGa2B_id4627_E-2.82.cif,ZnGa2B,-2.8174,0.0,Metal,I4_1md,109,16
Na3(GaSe6)2_id3474_E-2.81.cif,Na3(GaSe6)2,-2.8138,0.0,Metal,P4_232,208,34
In3Sn_id972_E-2.81.cif,In3Sn,-2.8136,0.0,Metal,Pmmm,47,4
K3ScTe3_id4110_E-2.81.cif,K3ScTe3,-2.8109,0.307,Semiconductor,Pm-3n,223,14
Na2Li3(SnSb)2_id4837_E-2.81.cif,Na2Li3(SnSb)2,-2.8098,0.0,Metal,P222,16,18
LiAl2InGa_id2853_E-2.81.cif,LiAl2InGa,-2.8053,0.0,Metal,Cmme,67,20
NaCa3In2Te3(SeS)3_id391_E-2.80.cif,NaCa3In2Te3(SeS)3,-2.804,0.0,Metal,P31m,157,15
Be3Al37_id231_E-2.80.cif,Be3Al37,-2.8028,0.027,Metal,Pm-3m,221,40
In7Sn_id929_E-2.80.cif,In7Sn,-2.8014,0.0,Metal,P-4c2,116,16
Ge3As2Se_id1610_E-2.80.cif,Ge3As2Se,-2.7993,0.981,Semiconductor,P4/mmm,123,6
Mg2Ga2Si_id3655_E-2.79.cif,Mg2Ga2Si,-2.7937,0.0,Metal,Pbcn,60,20
Zn6AsO2_id3892_E-2.79.cif,Zn6AsO2,-2.7927,0.0,Metal,Pa-3,205,36
NaAlSi_id3783_E-2.79.cif,NaAlSi,-2.7885,0.0,Metal,F-43m,216,12
SrIn8As_id743_E-2.79.cif,SrIn8As,-2.7869,0.0,Metal,P312,149,10
Na4As3_id1032_E-2.79.cif,Na4As3,-2.7859,1.151,Semiconductor,I-43d,220,28
BaGa_id4695_E-2.79.cif,BaGa,-2.7859,0.0,Metal,Pm-3m,221,16
Na4Sb3_id4984_E-2.79.cif,Na4Sb3,-2.7859,0.858,Semiconductor,P4_22_12,94,14
ZnGe_id273_E-2.79.cif,ZnGe,-2.7855,0.0,Metal,I4_1/amd,141,8
Ga_id4079_E-2.78.cif,Ga,-2.7837,0.0,Metal,P4_2/mmc,131,6
ScCd3Ga4_id715_E-2.78.cif,ScCd3Ga4,-2.7819,0.0,Metal,Im-3m,229,16
Li3CdTe3_id4107_E-2.78.cif,Li3CdTe3,-2.7818,1.582,Semiconductor,Pm-3n,223,14
Li2AlZnTe4_id878_E-2.78.cif,Li2AlZnTe4,-2.7814,0.29,Semiconductor,I-42d,122,32
Li4Be(AlS2)2_id1089_E-2.78.cif,Li4Be(AlS2)2,-2.7798,0.0,Metal,Pbcn,60,44
In2Ga_id4456_E-2.78.cif,In2Ga,-2.7792,0.0,Metal,Pa-3,205,12
CdSn2_id4088_E-2.78.cif,CdSn2,-2.7782,0.0,Metal,C2/m,12,6
Li(MgSn2)3_id4943_E-2.78.cif,Li(MgSn2)3,-2.7777,0.0,Metal,Fm-3m,225,40
Ba2Cd(TeS)2_id795_E-2.78.cif,Ba2Cd(TeS)2,-2.777,0.265,Semiconductor,P2,3,28
Mg4TiAlZnSbTe3_id4460_E-2.78.cif,Mg4TiAlZnSbTe3,-2.7754,1.507,Semiconductor,R3,146,33
Li12Sb7_id2875_E-2.77.cif,Li12Sb7,-2.7749,0.041,Metal,Im-3,204,38
ZnTe2_id640_E-2.77.cif,ZnTe2,-2.7746,0.031,Metal,P2_12_12_1,19,12
In3Ga2_id4548_E-2.77.cif,In3Ga2,-2.7729,0.0,Metal,P4_132,213,20
Al(ZnGe)4_id1189_E-2.77.cif,Al(ZnGe)4,-2.7729,0.0,Metal,I422,97,18
Sn_id3366_E-2.77.cif,Sn,-2.7722,0.0,Metal,P4/mmm,123,8
Sr2LiGe_id320_E-2.77.cif,Sr2LiGe,-2.7721,0.0,Metal,Fm-3m,225,16
Zn2CdS2_id4139_E-2.77.cif,Zn2CdS2,-2.7715,1.373,Semiconductor,Pca2_1,29,20
Na3ScSn4_id3008_E-2.77.cif,Na3ScSn4,-2.7692,0.0,Metal,I4_1/a,88,32
Na8Sb7_id1349_E-2.77.cif,Na8Sb7,-2.7687,0.372,Semiconductor,Fm-3m,225,60
MgInSn_id3271_E-2.77.cif,MgInSn,-2.7684,0.0,Metal,F-43m,216,12
Sc3ZnCd3_id3842_E-2.77.cif,Sc3ZnCd3,-2.7677,0.0,Metal,Pbam,55,28
Ba2As5_id2274_E-2.77.cif,Ba2As5,-2.7673,0.091,Semiconductor,P6_3/mcm,193,14
KBa(GeB)2_id2605_E-2.77.cif,KBa(GeB)2,-2.7671,1.456,Semiconductor,P4_2/nnm,134,48
Ge2SbAs3_id1713_E-2.76.cif,Ge2SbAs3,-2.7628,0.0,Metal,P4/mmm,123,6
Na3N_id4333_E-2.76.cif,Na3N,-2.761,1.492,Semiconductor,C222_1,20,16
AlGa4_id1548_E-2.76.cif,AlGa4,-2.756,0.0,Metal,Pban,50,10
NaMgGa(Te2As)2_id45_E-2.76.cif,NaMgGa(Te2As)2,-2.7555,0.0,Metal,Pccm,49,18
KSn_id2533_E-2.75.cif,KSn,-2.7545,0.184,Semiconductor,Fd-3m,227,8
Li9GeAs4_id2167_E-2.75.cif,Li9GeAs4,-2.7543,0.487,Semiconductor,Im-3m,229,28
In3Te_id924_E-2.75.cif,In3Te,-2.7539,0.0,Metal,P4_322,95,16
LiTiCd_id2997_E-2.75.cif,LiTiCd,-2.7535,0.023,Metal,P4_122,91,12
InGa2Sn_id4413_E-2.75.cif,InGa2Sn,-2.7529,0.0,Metal,Pmmm,47,4
Ti2In3Te2_id4080_E-2.75.cif,Ti2In3Te2,-2.7527,0.0,Metal,P-3m1,164,7
K(SiGe9)2_id256_E-2.75.cif,K(SiGe9)2,-2.7524,0.0,Metal,P-6,174,21
Mg2Sc2AlZn2_id1249_E-2.75.cif,Mg2Sc2AlZn2,-2.7517,0.0,Metal,P4/mbm,127,14
Ba(CaAl3)4_id3727_E-2.75.cif,Ba(CaAl3)4,-2.7515,0.0,Metal,Im-3,204,34
AlZnGa4_id2842_E-2.75.cif,AlZnGa4,-2.7477,0.0,Metal,Cmcm,63,24
Sc(Ga2Si)2_id4699_E-2.75.cif,Sc(Ga2Si)2,-2.7463,0.559,Semiconductor,P4_322,95,28
Na4In9Sn3Te8_id2082_E-2.74.cif,Na4In9Sn3Te8,-2.7438,0.0,Metal,P2_12_12,18,48
In3Ga_id1495_E-2.74.cif,In3Ga,-2.7426,0.0,Metal,Pm-3m,221,32
SrCaIn2_id174_E-2.74.cif,SrCaIn2,-2.7409,0.0,Metal,Fm-3m,225,16
NaMg2Cd3O2_id1162_E-2.74.cif,NaMg2Cd3O2,-2.7407,0.0,Metal,C222,21,16
Cd4GaSn3Te4_id884_E-2.74.cif,Cd4GaSn3Te4,-2.7404,0.0,Metal,P-43m,215,12
MgIn2Sb_id875_E-2.74.cif,MgIn2Sb,-2.74,0.0,Metal,P-6m2,187,4
Ca2Sn_id2525_E-2.74.cif,Ca2Sn,-2.7353,0.034,Metal,P4_2/nmc,137,12
Ga_id3321_E-2.73.cif,Ga,-2.7336,0.0,Metal,P4/mmm,123,4
Ca3B_id2506_E-2.73.cif,Ca3B,-2.7314,0.086,Semiconductor,P6_222,180,12
ZnS_id1559_E-2.73.cif,ZnS,-2.7312,0.062,Semiconductor,P4_22_12,94,24
Ti3Cd3Ga_id2705_E-2.73.cif,Ti3Cd3Ga,-2.731,0.002,Metal,Pm-3n,223,14
Mg(ScIn5)3_id985_E-2.73.cif,Mg(ScIn5)3,-2.7281,0.0,Metal,P-43n,218,38
Ca2Te2Se_id94_E-2.73.cif,Ca2Te2Se,-2.7269,0.163,Semiconductor,P2_1/c,14,20
Ga_id4747_E-2.73.cif,Ga,-2.725,0.0,Metal,I-43d,220,28
In3Ga_id3181_E-2.72.cif,In3Ga,-2.7241,0.0,Metal,Pm-3n,223,8
Al2Zn2Ga5Sn_id291_E-2.72.cif,Al2Zn2Ga5Sn,-2.7238,0.0,Metal,P2/m,10,10
MgGe_id3487_E-2.72.cif,MgGe,-2.7231,0.0,Metal,I4_1/acd,142,32
TiBe2AlGa2_id1608_E-2.72.cif,TiBe2AlGa2,-2.7226,0.0,Metal,I4_1/amd,141,48
Li4MgScTe2_id2763_E-2.72.cif,Li4MgScTe2,-2.7212,0.0,Metal,I4/mcm,140,32
In_id2189_E-2.72.cif,In,-2.7202,0.0,Metal,I4_1/amd,141,32
In3Ga_id4069_E-2.72.cif,In3Ga,-2.7185,0.0,Metal,I-4m2,119,16
KGe_id3663_E-2.72.cif,KGe,-2.7168,0.0,Metal,I4_1/acd,142,32
In_id4707_E-2.71.cif,In,-2.7144,0.0,Metal,I4_1/amd,141,4
NaCa2(MgSc)2_id1564_E-2.71.cif,NaCa2(MgSc)2,-2.7141,0.0,Metal,Cmce,64,28
ScPNO5_id3130_E-2.71.cif,ScPNO5,-2.7116,1.635,Semiconductor,P2_1/c,14,32
Li3Zn3Sn4_id721_E-2.71.cif,Li3Zn3Sn4,-2.7115,0.0,Metal,I-43d,220,40
Zn2CdTe4_id77_E-2.71.cif,Zn2CdTe4,-2.7099,0.0,Metal,P-42m,111,7
Li8Mg4SiGeAs2_id2139_E-2.71.cif,Li8Mg4SiGeAs2,-2.7083,0.0,Metal,P4,75,16
In6Sb_id3120_E-2.71.cif,In6Sb,-2.7074,0.0,Metal,P2/m,10,14
Li8Be4Zn3GaSe12_id3627_E-2.71.cif,Li8Be4Zn3GaSe12,-2.7068,0.0,Metal,P-42c,112,56
LiGa3_id1321_E-2.71.cif,LiGa3,-2.7067,0.0,Metal,Cmcm,63,16
In2Ga_id797_E-2.71.cif,In2Ga,-2.7055,0.0,Metal,P4_2/nmc,137,12
AlInGa_id2300_E-2.71.cif,AlInGa,-2.7051,0.641,Semiconductor,P3_221,154,9
ZnGe_id1073_E-2.70.cif,ZnGe,-2.7026,0.0,Metal,P6_222,180,12
In3Ga4_id439_E-2.70.cif,In3Ga4,-2.7024,0.0,Metal,Fm-3m,225,56
In_id3301_E-2.70.cif,In,-2.701,0.0,Metal,Fm-3m,225,32
In_id3011_E-2.70.cif,In,-2.7002,0.0,Metal,P2_12_12_1,19,8
BaLiMgGa2Si_id4902_E-2.70.cif,BaLiMgGa2Si,-2.6998,0.0,Metal,P-6m2,187,6
AlGa20_id1316_E-2.70.cif,AlGa20,-2.6996,0.0,Metal,P2,3,21
In_id857_E-2.70.cif,In,-2.6993,0.0,Metal,I4/mmm,139,8
In_id37_E-2.70.cif,In,-2.6991,0.0,Metal,I-43m,217,8
In2Sn3_id4355_E-2.70.cif,In2Sn3,-2.6989,0.0,Metal,P4_132,213,20
K13In4O6_id4350_E-2.70.cif,K13In4O6,-2.6978,0.0,Metal,P-31c,163,46
BaNaSn3_id3766_E-2.70.cif,BaNaSn3,-2.6975,0.0,Metal,P3m1,156,5
In_id3328_E-2.70.cif,In,-2.6966,0.0,Metal,I4_1/acd,142,16
K2SrO2_id2180_E-2.70.cif,K2SrO2,-2.6959,0.0,Metal,P4bm,100,40
Ba2Ca4O_id2103_E-2.70.cif,Ba2Ca4O,-2.6955,0.0,Metal,P4_2/mnm,136,14
In_id3298_E-2.70.cif,In,-2.6952,0.0,Metal,Pbca,61,8
LiInSn_id2778_E-2.69.cif,LiInSn,-2.6938,0.0,Metal,Pmma,51,6
CaZnTe_id2740_E-2.69.cif,CaZnTe,-2.6935,1.104,Semiconductor,P6_3/mmc,194,6
LiCaIn2_id116_E-2.69.cif,LiCaIn2,-2.6929,0.0,Metal,Fm-3m,225,16
In_id1132_E-2.69.cif,In,-2.6929,0.0,Metal,Pbca,61,8
Sr2LiSi_id1991_E-2.69.cif,Sr2LiSi,-2.6926,0.0,Metal,P4/nmm,129,8
Ge2TeAsSe2_id4386_E-2.69.cif,Ge2TeAsSe2,-2.6924,1.927,Semiconductor,P4/mmm,123,6
AlZnAs_id3232_E-2.69.cif,AlZnAs,-2.6919,1.254,Semiconductor,Pca2_1,29,12
NaSrInSn_id724_E-2.69.cif,NaSrInSn,-2.6915,0.0,Metal,P4_2/mmc,131,8
KP(S2O5)4_id4718_E-2.69.cif,KP(S2O5)4,-2.6909,1.664,Semiconductor,P4/n,85,60
BaTi2BeO2_id4173_E-2.69.cif,BaTi2BeO2,-2.6905,1.06,Semiconductor,P6_3/mmc,194,12
Mg3InGe3_id610_E-2.69.cif,Mg3InGe3,-2.69,0.0,Metal,Pm-3n,223,14
LiMgSn2_id346_E-2.69.cif,LiMgSn2,-2.689,0.0,Metal,P4_2/m,84,16
In8Ge_id4128_E-2.69.cif,In8Ge,-2.6887,0.0,Metal,P-42_1c,114,18
MgIn3Sn_id970_E-2.69.cif,MgIn3Sn,-2.6881,0.0,Metal,P4_2/mmc,131,10
In_id483_E-2.69.cif,In,-2.6878,0.0,Metal,Pa-3,205,12
Ti2BeZn4GaSn2_id3014_E-2.69.cif,Ti2BeZn4GaSn2,-2.6874,0.239,Semiconductor,P1,1,30
In4Sn_id2895_E-2.69.cif,In4Sn,-2.6867,0.0,Metal,P6/mmm,191,10
KSn8_id3297_E-2.69.cif,KSn8,-2.6859,0.0,Metal,P-1,2,18
LiGa2_id1992_E-2.68.cif,LiGa2,-2.6847,0.0,Metal,Cmce,64,24
CdGe_id1440_E-2.68.cif,CdGe,-2.6845,0.0,Metal,P4_32_12,96,8
K5Cd4(SO)4_id2306_E-2.68.cif,K5Cd4(SO)4,-2.684,3.633,Insulator,P4_2/n,86,34
Li2Sn_id4850_E-2.68.cif,Li2Sn,-2.683,0.0,Metal,P4_222,93,12
KBaLiGaSb2_id1980_E-2.68.cif,KBaLiGaSb2,-2.6818,0.003,Metal,Pccm,49,12
Li2Ca2Zn2Sn2Sb3_id2995_E-2.68.cif,Li2Ca2Zn2Sn2Sb3,-2.6814,0.0,Metal,Ccc2,37,44
In_id4089_E-2.68.cif,In,-2.6814,0.0,Metal,Pm-3n,223,8
In_id4968_E-2.68.cif,In,-2.6804,0.0,Metal,I4/mmm,139,10
CaGe5_id2622_E-2.68.cif,CaGe5,-2.6802,0.0,Metal,P-4n2,118,12
K3Cd3SbO9_id4506_E-2.68.cif,K3Cd3SbO9,-2.6793,3.092,Semiconductor,P-6m2,187,16
BaO2_id2462_E-2.68.cif,BaO2,-2.6785,1.743,Semiconductor,P-6,174,9
Mg7Sc3_id244_E-2.68.cif,Mg7Sc3,-2.6785,0.0,Metal,I4mm,107,20
In6Ga_id473_E-2.68.cif,In6Ga,-2.6768,0.0,Metal,P6_3/m,176,14
InGa3_id847_E-2.68.cif,InGa3,-2.6764,0.0,Metal,Aem2,39,16
Li3Ga2SiGeSb_id785_E-2.67.cif,Li3Ga2SiGeSb,-2.6749,0.038,Metal,P-4n2,118,16
In_id176_E-2.67.cif,In,-2.6744,0.0,Metal,Im-3m,229,14
Sr4Ga2Sn8Sb_id1343_E-2.67.cif,Sr4Ga2Sn8Sb,-2.6743,0.0,Metal,P4/mnc,128,30
In_id132_E-2.67.cif,In,-2.673,0.0,Metal,Ibca,73,24
K2NaGa3Sn3Sb6As_id2996_E-2.67.cif,K2NaGa3Sn3Sb6As,-2.6729,0.0,Metal,P3,143,16
Mg5Te6_id84_E-2.67.cif,Mg5Te6,-2.6726,0.0,Metal,P-42_1m,113,22
Be4Zn_id1410_E-2.67.cif,Be4Zn,-2.6713,0.0,Metal,I-42d,122,20
BeCd2In4GaSe4_id1683_E-2.67.cif,BeCd2In4GaSe4,-2.6698,0.0,Metal,P-42c,112,24
In_id3500_E-2.67.cif,In,-2.6697,0.0,Metal,P4/mmm,123,6
In_id2802_E-2.67.cif,In,-2.6688,0.0,Metal,P-62m,189,9
In6Ga_id2882_E-2.67.cif,In6Ga,-2.6679,0.0,Metal,I4mm,107,14
ScAl4(ZnS)8_id4829_E-2.67.cif,ScAl4(ZnS)8,-2.6677,2.413,Semiconductor,P4_2/nmc,137,42
Be(ZnAs)3_id213_E-2.67.cif,Be(ZnAs)3,-2.6671,1.051,Semiconductor,Pm-3n,223,14
KSr(InGa2)3_id122_E-2.67.cif,KSr(InGa2)3,-2.6665,0.0,Metal,P-31c,163,22
SrGa2_id867_E-2.67.cif,SrGa2,-2.6658,0.0,Metal,P4/mmm,123,12
Li3CaTe6_id424_E-2.67.cif,Li3CaTe6,-2.6651,0.0,Metal,Im-3m,229,20
In4Sb_id2293_E-2.66.cif,In4Sb,-2.664,0.053,Semiconductor,Pm-3m,221,5
K3Na7SO4_id2006_E-2.66.cif,K3Na7SO4,-2.6635,0.27,Semiconductor,P6_322,182,30
K2O_id4389_E-2.66.cif,K2O,-2.6629,2.036,Semiconductor,P-4c2,116,24
MgZn3Ga3Sb4_id4802_E-2.66.cif,MgZn3Ga3Sb4,-2.6602,0.0,Metal,I4/mcm,140,44
CdIn4Ga2Ge_id197_E-2.66.cif,CdIn4Ga2Ge,-2.6601,0.0,Metal,P-42c,112,16
In_id3934_E-2.66.cif,In,-2.6595,0.0,Metal,Pm-3m,221,12
Mg2ZnGaGe(TeSe)2_id150_E-2.66.cif,Mg2ZnGaGe(TeSe)2,-2.6588,1.05,Semiconductor,Cmme,67,36
In_id78_E-2.66.cif,In,-2.6587,0.0,Metal,Fd-3m,227,32
In_id4565_E-2.66.cif,In,-2.6585,0.0,Metal,Immm,71,12
Ba5O8_id1016_E-2.66.cif,Ba5O8,-2.6576,2.037,Semiconductor,P4/mmm,123,13
NaIn3Sn_id3800_E-2.66.cif,NaIn3Sn,-2.6563,0.0,Metal,P6/mmm,191,10
K9Ba4Mg4SbO10_id2081_E-2.66.cif,K9Ba4Mg4SbO10,-2.6553,0.1,Semiconductor,I-42m,121,56
Zn2InO_id516_E-2.65.cif,Zn2InO,-2.6542,0.0,Metal,Cmcm,63,16
Be2ZnGe_id4033_E-2.65.cif,Be2ZnGe,-2.653,0.0,Metal,C2/c,15,16
LiMg5Ti2_id3170_E-2.65.cif,LiMg5Ti2,-2.6529,0.007,Metal,Cmmm,65,16
LiTe_id1170_E-2.65.cif,LiTe,-2.6493,0.0,Metal,Pbca,61,16
SrLi4CaGa2N_id4974_E-2.65.cif,SrLi4CaGa2N,-2.6487,0.0,Metal,P4/mmm,123,9
Na4(GaGe)3_id1854_E-2.65.cif,Na4(GaGe)3,-2.6469,0.0,Metal,I-43d,220,40
Al4Cd2In2GaTe3_id3240_E-2.65.cif,Al4Cd2In2GaTe3,-2.6463,0.0,Metal,I2_12_12_1,24,48
Na6SnSb4_id2546_E-2.64.cif,Na6SnSb4,-2.6445,0.408,Semiconductor,Im-3m,229,22
Be19AlS2_id2868_E-2.64.cif,Be19AlS2,-2.643,0.0,Metal,P2_12_12,18,44
Ca(InGa)4_id4793_E-2.64.cif,Ca(InGa)4,-2.6427,0.0,Metal,P4_2/nmc,137,18
Ca2Ga3_id1799_E-2.64.cif,Ca2Ga3,-2.6426,0.0,Metal,P-6c2,188,10
CdAs_id1719_E-2.64.cif,CdAs,-2.6414,0.0,Metal,Pca2_1,29,8
Be2Si3_id1584_E-2.64.cif,Be2Si3,-2.6413,2.85,Semiconductor,C222_1,20,20
ScCd2Sn_id4927_E-2.64.cif,ScCd2Sn,-2.6411,0.0,Metal,Cmcm,63,16
Al_id2259_E-2.64.cif,Al,-2.6406,0.0,Metal,P2_12_12,18,40
BaCdSn_id2292_E-2.64.cif,BaCdSn,-2.6404,0.0,Metal,I-4m2,119,6
In_id3964_E-2.64.cif,In,-2.64,0.0,Metal,P-1,2,6
NaTiGa_id4495_E-2.64.cif,NaTiGa,-2.6399,0.0,Metal,P4_122,91,12
NaLiSn2Sb_id214_E-2.64.cif,NaLiSn2Sb,-2.637,0.0,Metal,Cmme,67,20
LiIn7_id1597_E-2.64.cif,LiIn7,-2.6361,0.0,Metal,P-31c,163,16
Li8N3O4_id4988_E-2.63.cif,Li8N3O4,-2.6349,1.288,Semiconductor,Cmcm,63,60
Al_id1512_E-2.63.cif,Al,-2.6343,0.0,Metal,P3_221,154,9
CaIn_id1776_E-2.63.cif,CaIn,-2.6339,0.0,Metal,Fm-3m,225,8
In_id3087_E-2.63.cif,In,-2.6319,0.0,Metal,Ibca,73,32
NaMg2(SiSn)2_id190_E-2.63.cif,NaMg2(SiSn)2,-2.6312,0.0,Metal,I4/mcm,140,28
Li(ScSi2)2_id4741_E-2.63.cif,Li(ScSi2)2,-2.6309,2.8,Semiconductor,Ccce,68,28
InSn2Sb_id3433_E-2.63.cif,InSn2Sb,-2.6293,0.0,Metal,I4/mmm,139,8
In_id2083_E-2.63.cif,In,-2.6286,0.0,Metal,P6/mmm,191,12
Cd2AsS2_id2904_E-2.63.cif,Cd2AsS2,-2.6284,1.581,Semiconductor,I4/mmm,139,10
AlZn3Se2_id1871_E-2.63.cif,AlZn3Se2,-2.6279,0.0,Metal,I4/mmm,139,12
In_id1224_E-2.63.cif,In,-2.6274,0.0,Metal,Pmna,53,18
Sr4GaSn2_id1267_E-2.63.cif,Sr4GaSn2,-2.6256,0.0,Metal,Ccce,68,28
Ba2SiB2_id1490_E-2.63.cif,Ba2SiB2,-2.6255,0.0,Metal,Immm,71,10
In_id3229_E-2.62.cif,In,-2.6235,0.0,Metal,P4/m,83,8
In_id4137_E-2.62.cif,In,-2.6227,0.0,Metal,Ccce,68,20
TiZnCd2_id4072_E-2.62.cif,TiZnCd2,-2.6226,0.0,Metal,Fm-3m,225,16
BaTi3Zn6SnGe_id481_E-2.62.cif,BaTi3Zn6SnGe,-2.6204,0.0,Metal,P-6m2,187,12
KGe4As_id343_E-2.62.cif,KGe4As,-2.6198,2.49,Semiconductor,Amm2,38,12
K2ZnGa2SiGe4_id1024_E-2.62.cif,K2ZnGa2SiGe4,-2.6192,0.0,Metal,P1,1,20
LiZnGa3Sn_id1658_E-2.62.cif,LiZnGa3Sn,-2.619,0.0,Metal,Pmma,51,12
Li4Ti2Si_id1101_E-2.62.cif,Li4Ti2Si,-2.6186,0.0,Metal,I4_1/acd,142,56
In_id2851_E-2.62.cif,In,-2.6161,0.0,Metal,P4/mmm,123,6
AlZnCdGa6_id1662_E-2.61.cif,AlZnCdGa6,-2.6137,0.0,Metal,P-31c,163,18
In10Ga_id2418_E-2.61.cif,In10Ga,-2.6137,0.0,Metal,Im-3m,229,22
Li4Ga7_id2267_E-2.61.cif,Li4Ga7,-2.6134,0.0,Metal,I-43m,217,22
InGa6O_id4034_E-2.61.cif,InGa6O,-2.612,0.0,Metal,P6_322,182,16
Li4In3Ga_id239_E-2.61.cif,Li4In3Ga,-2.6111,0.0,Metal,Im-3m,229,16
KInGaO2_id1282_E-2.61.cif,KInGaO2,-2.61,1.416,Semiconductor,P3_221,154,15
Li(AlIn)3_id1521_E-2.61.cif,Li(AlIn)3,-2.6097,0.0,Metal,Pm-3n,223,14
Al2Ga5_id775_E-2.61.cif,Al2Ga5,-2.6085,0.0,Metal,Ibca,73,56
Li2MgBeZn2Ga2PS2_id4018_E-2.61.cif,Li2MgBeZn2Ga2PS2,-2.607,0.572,Semiconductor,P-1,2,22
ZnCd2In3PS3_id2211_E-2.61.cif,ZnCd2In3PS3,-2.6062,0.218,Semiconductor,Aem2,39,40
K3Na3S4_id3887_E-2.61.cif,K3Na3S4,-2.6059,2.633,Semiconductor,P4_2/m,84,20
Cd2In4Sn3_id988_E-2.61.cif,Cd2In4Sn3,-2.6059,0.0,Metal,C222,21,18
In_id1750_E-2.61.cif,In,-2.6051,0.0,Metal,Cmce,64,20
Li5AlGe_id2974_E-2.60.cif,Li5AlGe,-2.6041,0.055,Semiconductor,I4/mcm,140,28
Sb_id1294_E-2.60.cif,Sb,-2.6023,0.0,Metal,P4/mmm,123,6
KBe2CdSeO3_id3499_E-2.60.cif,KBe2CdSeO3,-2.6019,2.371,Semiconductor,Pmmn,59,16
Ga_id4330_E-2.60.cif,Ga,-2.6015,0.0,Metal,R-3c,167,48
K4Na4InTe4_id294_E-2.60.cif,K4Na4InTe4,-2.6005,0.141,Semiconductor,I4/m,87,26
Na4Mg4AlSi4_id1513_E-2.60.cif,Na4Mg4AlSi4,-2.6001,0.0,Metal,P4_2/n,86,26
LiZn3Ga3O_id1182_E-2.60.cif,LiZn3Ga3O,-2.5981,0.0,Metal,Pm-3m,221,8
BaIn_id4631_E-2.60.cif,BaIn,-2.5956,0.0,Metal,I-4m2,119,4
In_id4566_E-2.59.cif,In,-2.5939,0.0,Metal,Cmce,64,20
Mg2Si_id3712_E-2.59.cif,Mg2Si,-2.5896,0.0,Metal,P4_12_12,92,24
Ga_id1110_E-2.59.cif,Ga,-2.5895,0.0,Metal,P4/m,83,12
NaAlInGaSn_id3175_E-2.59.cif,NaAlInGaSn,-2.5882,0.0,Metal,Iba2,45,40
Li2Mg4Al(Sn2Te)2_id1720_E-2.59.cif,Li2Mg4Al(Sn2Te)2,-2.5871,0.0,Metal,Pbcn,60,52
Na2SrLi2In4(SnSb)2_id1156_E-2.59.cif,Na2SrLi2In4(SnSb)2,-2.5858,0.252,Semiconductor,Iba2,45,52
K2CaInSn2Sb3_id1670_E-2.59.cif,K2CaInSn2Sb3,-2.5855,0.761,Semiconductor,Pnnm,58,18
MgCdSn2_id3405_E-2.58.cif,MgCdSn2,-2.5849,0.0,Metal,P4/mmm,123,8
BaInSe2_id88_E-2.58.cif,BaInSe2,-2.5786,0.0,Metal,P3_221,154,12
ZnGaSiSb2Te_id4166_E-2.58.cif,ZnGaSiSb2Te,-2.5786,0.175,Semiconductor,P3_221,154,18
Mg2B_id4063_E-2.58.cif,Mg2B,-2.5784,0.0,Metal,P6_422,181,9
In_id827_E-2.58.cif,In,-2.5782,0.0,Metal,I4mm,107,16
BaSrBeSi_id2576_E-2.58.cif,BaSrBeSi,-2.5761,0.0,Metal,P-6m2,187,4
CaGaSn_id3633_E-2.58.cif,CaGaSn,-2.5758,0.0,Metal,P6_222,180,18
Mg4Al3Ga_id1900_E-2.58.cif,Mg4Al3Ga,-2.5757,0.0,Metal,Im-3m,229,16
ZnGaGe2Sb_id2057_E-2.57.cif,ZnGaGe2Sb,-2.5748,0.0,Metal,Pccm,49,10
Li4Ga3_id246_E-2.57.cif,Li4Ga3,-2.5746,0.0,Metal,I-43d,220,28
Na3In3Sn3Sb_id4598_E-2.57.cif,Na3In3Sn3Sb,-2.5737,0.0,Metal,P6_3/m,176,20
K4LiSb3_id2105_E-2.57.cif,K4LiSb3,-2.5735,0.795,Semiconductor,Im-3m,229,16
NaLi3In3O_id2547_E-2.57.cif,NaLi3In3O,-2.5732,0.0,Metal,Pm-3m,221,8
Na2Li8CaAs6_id1150_E-2.57.cif,Na2Li8CaAs6,-2.5719,0.821,Semiconductor,I-42m,121,34
Ba2NaGe3AsP_id3310_E-2.57.cif,Ba2NaGe3AsP,-2.5716,0.0,Metal,P-4n2,118,16
SrLiIn9_id1227_E-2.57.cif,SrLiIn9,-2.5709,0.0,Metal,P4/nbm,125,22
Zn2CdGaO2_id3944_E-2.57.cif,Zn2CdGaO2,-2.5702,0.002,Metal,P4_2/mmc,131,12
BeAl4Si_id2625_E-2.57.cif,BeAl4Si,-2.5694,0.015,Metal,P6_222,180,18
Sr(LiAl4)2_id773_E-2.57.cif,Sr(LiAl4)2,-2.5693,0.0,Metal,P4/nbm,125,22
LiCdSn4_id2125_E-2.57.cif,LiCdSn4,-2.5691,0.0,Metal,P2,3,6
Li4MgAl2Zn(GaS)4_id3772_E-2.57.cif,Li4MgAl2Zn(GaS)4,-2.5691,0.0,Metal,P-42c,112,32
ZnTe2_id2242_E-2.57.cif,ZnTe2,-2.5682,0.932,Semiconductor,Pn-3m,224,6
BaLiCaInSi_id978_E-2.57.cif,BaLiCaInSi,-2.5677,0.0,Metal,P6_5,170,30
In4Ga_id2289_E-2.57.cif,In4Ga,-2.5667,0.0,Metal,I4/mcm,140,20
In3Ga2_id2952_E-2.56.cif,In3Ga2,-2.5647,0.0,Metal,I4_1/amd,141,20
CaMgIn6_id2447_E-2.56.cif,CaMgIn6,-2.5646,0.0,Metal,P-31c,163,16
ZnGa3_id2460_E-2.56.cif,ZnGa3,-2.5625,0.0,Metal,P4/mmm,123,4
Ti(SbO)3_id4499_E-2.56.cif,Ti(SbO)3,-2.5619,1.264,Semiconductor,P6_3,173,14
LiMg4Ti_id2326_E-2.56.cif,LiMg4Ti,-2.5593,0.123,Semiconductor,I4_1/amd,141,24
Li6Ga13Ge6_id4901_E-2.56.cif,Li6Ga13Ge6,-2.5589,0.0,Metal,Im-3,204,50
Ba2Al_id1615_E-2.56.cif,Ba2Al,-2.5569,0.0,Metal,I4/mcm,140,12
Li2MgCdTe4_id1056_E-2.56.cif,Li2MgCdTe4,-2.5566,0.544,Semiconductor,I-42d,122,32
NaLi4Cd4(Te2S)4_id1916_E-2.56.cif,NaLi4Cd4(Te2S)4,-2.5566,0.0,Metal,P4_2/n,86,42
Cd2Sn2Te3_id1937_E-2.56.cif,Cd2Sn2Te3,-2.5559,0.007,Metal,I4_132,214,28
Mg2Ge_id3335_E-2.56.cif,Mg2Ge,-2.5554,0.0,Metal,Pa-3,205,12
In_id3768_E-2.55.cif,In,-2.554,0.0,Metal,I4_1/acd,142,16
CaZn3Ga3O_id1817_E-2.55.cif,CaZn3Ga3O,-2.5535,0.0,Metal,Pm-3m,221,8
SnSb2_id1102_E-2.55.cif,SnSb2,-2.5526,0.0,Metal,P4/m,83,12
KBa2Sn_id2222_E-2.55.cif,KBa2Sn,-2.5507,0.0,Metal,Fm-3m,225,16
Na2LiCd2Sn2P3_id2296_E-2.55.cif,Na2LiCd2Sn2P3,-2.55,0.419,Semiconductor,P4mm,99,20
Li2Ga3_id2459_E-2.55.cif,Li2Ga3,-2.5474,0.417,Semiconductor,Pm,6,10
KGa19_id3617_E-2.55.cif,KGa19,-2.5473,0.0,Metal,Im-3,204,40
K3Si2_id449_E-2.55.cif,K3Si2,-2.5453,0.0,Metal,P4_132,213,20
Na2Sb5(As3Se)4_id1489_E-2.54.cif,Na2Sb5(As3Se)4,-2.5449,0.0,Metal,Pc,7,46
LiSn_id1711_E-2.54.cif,LiSn,-2.5399,0.0,Metal,I4/mmm,139,16
Ca4Ga4B_id4987_E-2.54.cif,Ca4Ga4B,-2.5395,0.0,Metal,P4_2/nmc,137,18
MgSn_id4477_E-2.54.cif,MgSn,-2.5391,0.0,Metal,F-43m,216,8
BeAl2Zn3Ga3Te3Se_id3533_E-2.54.cif,BeAl2Zn3Ga3Te3Se,-2.5353,0.0,Metal,P2_1,4,26
Li4Ga4Sn_id1456_E-2.54.cif,Li4Ga4Sn,-2.5353,0.0,Metal,P4/mbm,127,18
KSi2PO17_id774_E-2.53.cif,KSi2PO17,-2.5316,0.377,Semiconductor,P2_1,4,42
LiCaIn2_id1275_E-2.53.cif,LiCaIn2,-2.5284,0.0,Metal,I-42d,122,16
CdSnSb_id3581_E-2.53.cif,CdSnSb,-2.5279,0.0,Metal,Aem2,39,12
In2Ga_id756_E-2.53.cif,In2Ga,-2.5265,0.0,Metal,Pnnn,48,18
In_id499_E-2.53.cif,In,-2.5263,0.0,Metal,I-42d,122,44
NaGa2_id1133_E-2.52.cif,NaGa2,-2.5242,0.061,Semiconductor,I4/mcm,140,12
Al3In2_id1037_E-2.52.cif,Al3In2,-2.524,0.0,Metal,P4/mmm,123,10
Li13(ZnGa6)2_id3344_E-2.52.cif,Li13(ZnGa6)2,-2.5226,0.0,Metal,P-31m,162,27
Ca2Zn2O_id2724_E-2.52.cif,Ca2Zn2O,-2.5226,0.0,Metal,Pbcn,60,20
In3Sb2_id1752_E-2.52.cif,In3Sb2,-2.5224,0.0,Metal,P3_212,153,15
K4Na2SbS2_id3623_E-2.52.cif,K4Na2SbS2,-2.5223,2.07,Semiconductor,Imm2,44,18
ZnSi_id2774_E-2.52.cif,ZnSi,-2.5214,0.0,Metal,P6_522,179,12
NaCd6Sn7Ge_id4717_E-2.52.cif,NaCd6Sn7Ge,-2.5212,0.0,Metal,P6_322,182,30
CdGeSb_id3377_E-2.52.cif,CdGeSb,-2.5212,0.0,Metal,P3_121,152,9
CaMg4GeO_id923_E-2.52.cif,CaMg4GeO,-2.5206,0.264,Semiconductor,P4/nbm,125,14
Ga_id1076_E-2.52.cif,Ga,-2.5196,0.0,Metal,P4_2/mmc,131,6
LiCa2Al_id4576_E-2.52.cif,LiCa2Al,-2.5184,0.0,Metal,Fm-3m,225,16
Li3(BeSn)2_id779_E-2.52.cif,Li3(BeSn)2,-2.5176,0.0,Metal,P6_5,170,42
In_id1444_E-2.52.cif,In,-2.5172,0.0,Metal,P-62m,189,9
Li8Al2Zn4Cd2Sn4B2Sb3(TeAs)2_id1139_E-2.52.cif,Li8Al2Zn4Cd2Sn4B2Sb3(TeAs)2,-2.517,0.0,Metal,P2/c,13,58
Ba8In3Sn2_id3564_E-2.51.cif,Ba8In3Sn2,-2.5146,0.0,Metal,Cmce,64,52
K4In2Ga2(SnSb3)3_id1145_E-2.51.cif,K4In2Ga2(SnSb3)3,-2.5135,0.002,Metal,P3,143,20
K4Sn2Sb_id4042_E-2.51.cif,K4Sn2Sb,-2.512,0.453,Semiconductor,P4_2/m,84,14
K3Ge4_id4664_E-2.51.cif,K3Ge4,-2.5104,0.231,Semiconductor,P6mm,183,7
BaSrCa3BAsNO2_id3445_E-2.51.cif,BaSrCa3BAsNO2,-2.5078,2.003,Semiconductor,Pm,6,20
Al5Zn4_id47_E-2.51.cif,Al5Zn4,-2.5059,0.0,Metal,P6/mmm,191,18
Cd(In3Sn)2_id2910_E-2.51.cif,Cd(In3Sn)2,-2.5052,0.0,Metal,Iba2,45,36
LiZnIn7_id299_E-2.50.cif,LiZnIn7,-2.5043,0.0,Metal,P-31c,163,18
Zn4CdGa(GeSe)2_id2487_E-2.50.cif,Zn4CdGa(GeSe)2,-2.5035,0.0,Metal,Cmme,67,40
CdGe_id1538_E-2.50.cif,CdGe,-2.5031,0.0,Metal,I4_1/acd,142,32
Na2MgSb2_id3025_E-2.50.cif,Na2MgSb2,-2.5019,0.27,Semiconductor,R-3,148,45
In_id4642_E-2.50.cif,In,-2.5004,0.0,Metal,P2_12_12_1,19,12
MgZnGe_id161_E-2.50.cif,MgZnGe,-2.4999,0.0,Metal,Pmmm,47,6
In_id4786_E-2.50.cif,In,-2.4997,0.0,Metal,P4/mmm,123,5
MgZnGe_id562_E-2.50.cif,MgZnGe,-2.4986,0.0,Metal,Pmmm,47,6
Li19Ga13_id2052_E-2.50.cif,Li19Ga13,-2.4967,0.0,Metal,Pm-3,200,32
K3Ga2O_id1751_E-2.50.cif,K3Ga2O,-2.4954,0.0,Metal,Cmme,67,24
Al2In4Sn_id2454_E-2.49.cif,Al2In4Sn,-2.4931,0.0,Metal,P4_2cm,101,14
CaAl_id592_E-2.49.cif,CaAl,-2.4931,0.0,Metal,P6_3/mcm,193,16
Ga6B_id1574_E-2.49.cif,Ga6B,-2.4928,0.0,Metal,P6_422,181,21
Mg2Zn2GaAs4_id4482_E-2.49.cif,Mg2Zn2GaAs4,-2.4927,0.0,Metal,Pccm,49,18
Al3Zn2_id796_E-2.49.cif,Al3Zn2,-2.4924,0.0,Metal,I4/mcm,140,20
K2NaBe3AlGa3TeSe3_id1418_E-2.49.cif,K2NaBe3AlGa3TeSe3,-2.4918,0.021,Metal,P4_3,78,56
MgGa4_id2379_E-2.49.cif,MgGa4,-2.4903,0.0,Metal,P4_2/n,86,10
NaCdAs_id1180_E-2.49.cif,NaCdAs,-2.4896,0.0,Metal,I-4m2,119,6
In_id3706_E-2.49.cif,In,-2.4884,0.0,Metal,Pmna,53,10
Na2LiAlZn5O4_id699_E-2.49.cif,Na2LiAlZn5O4,-2.4881,1.902,Semiconductor,P-42c,112,26
Li2InGa2_id4682_E-2.49.cif,Li2InGa2,-2.4874,0.0,Metal,P4/mmm,123,20
NaLi2MgAlInGaSn_id1736_E-2.49.cif,NaLi2MgAlInGaSn,-2.4872,0.0,Metal,P6_5,170,48
Li7Sn2(AsP)2_id166_E-2.49.cif,Li7Sn2(AsP)2,-2.487,0.0,Metal,P2_1/c,14,26
Li4Al12Zn6GaSi2_id3787_E-2.49.cif,Li4Al12Zn6GaSi2,-2.4865,0.0,Metal,P-6m2,187,25
MgIn4Sn_id3352_E-2.48.cif,MgIn4Sn,-2.4842,0.0,Metal,C2/m,12,12
K2Ba2Li4ScZnCd2Ga2Sn2Te2(SeO)2_id4038_E-2.48.cif,K2Ba2Li4ScZnCd2Ga2Sn2Te2(SeO)2,-2.4829,0.018,Metal,P4,75,44
Ba2LiAlCdSn2_id2571_E-2.48.cif,Ba2LiAlCdSn2,-2.4812,0.0,Metal,Iba2,45,28
Ge5Te_id3400_E-2.48.cif,Ge5Te,-2.4803,0.0,Metal,P4/mmm,123,6
Sr2AlGa2_id4652_E-2.48.cif,Sr2AlGa2,-2.4803,0.0,Metal,Pbca,61,20
K10Na3Li18Ti4In3Ge3Sb3(Te2As3)3_id4379_E-2.48.cif,K10Na3Li18Ti4In3Ge3Sb3(Te2As3)3,-2.48,0.0,Metal,P3,143,59
Mg3Sn2_id590_E-2.48.cif,Mg3Sn2,-2.4794,0.0,Metal,Cmce,64,20
Ba4Al3_id2249_E-2.48.cif,Ba4Al3,-2.4778,0.0,Metal,I-43d,220,28
SrAl3Cd3InSn3_id3129_E-2.48.cif,SrAl3Cd3InSn3,-2.4778,0.0,Metal,P3c1,158,22
NaIn3Ga_id2928_E-2.48.cif,NaIn3Ga,-2.4774,0.0,Metal,Pm-3m,221,5
In12Sn_id4249_E-2.48.cif,In12Sn,-2.4769,0.0,Metal,P-42_1c,114,26
Na4Ge3_id3361_E-2.48.cif,Na4Ge3,-2.4768,1.258,Semiconductor,I-43d,220,28
NaSrAlSbAs3_id1455_E-2.48.cif,NaSrAlSbAs3,-2.4762,0.428,Semiconductor,P3m1,156,7
SrLiSc_id2579_E-2.48.cif,SrLiSc,-2.475,0.0,Metal,I-4m2,119,6
Li4Ga4As_id3163_E-2.47.cif,Li4Ga4As,-2.4748,0.0,Metal,P-42_1c,114,18
In2Sn3_id2149_E-2.47.cif,In2Sn3,-2.4713,0.0,Metal,P4_2/mmc,131,10
BaSr3CaGaSn2_id2999_E-2.47.cif,BaSr3CaGaSn2,-2.4702,0.0,Metal,Amm2,38,16
Li2Ti4ZnCd_id1795_E-2.47.cif,Li2Ti4ZnCd,-2.4699,0.0,Metal,P6_2,171,48
Li2AlZn3Ga3Sn2_id4778_E-2.47.cif,Li2AlZn3Ga3Sn2,-2.4683,0.0,Metal,P2_1/m,11,22
KBeGaSb_id4608_E-2.47.cif,KBeGaSb,-2.4657,0.0,Metal,P4_2/mmc,131,8
K3Ga9Sb_id628_E-2.46.cif,K3Ga9Sb,-2.4647,0.0,Metal,Pm-3m,221,13
Be2Zn_id1312_E-2.46.cif,Be2Zn,-2.4642,0.0,Metal,P4_2/nmc,137,12
AlInGa3Si_id1827_E-2.46.cif,AlInGa3Si,-2.4639,0.0,Metal,Pmmn,59,12
TiZn2Si4Ge7_id2276_E-2.46.cif,TiZn2Si4Ge7,-2.4625,0.0,Metal,I422,97,28
Na2GaSn_id4043_E-2.46.cif,Na2GaSn,-2.462,0.0,Metal,Fm-3m,225,16
Li2CaAl_id4363_E-2.46.cif,Li2CaAl,-2.4592,0.0,Metal,Cmcm,63,16
Sr3ZnSi_id2178_E-2.46.cif,Sr3ZnSi,-2.4588,0.0,Metal,R-3c,167,30
MgAl4Zn2Ga_id4678_E-2.46.cif,MgAl4Zn2Ga,-2.4583,0.0,Metal,P-42c,112,16
Na2Te_id4419_E-2.46.cif,Na2Te,-2.4583,1.511,Semiconductor,P4_3,78,12
NaAlCdSi_id3841_E-2.46.cif,NaAlCdSi,-2.4575,0.0,Metal,P4_12_12,92,32
In6Ga7_id3385_E-2.46.cif,In6Ga7,-2.4575,0.0,Metal,Im-3m,229,26
LiIn2_id1265_E-2.46.cif,LiIn2,-2.4564,0.0,Metal,I4/mmm,139,6
GaSn5_id535_E-2.46.cif,GaSn5,-2.4559,0.0,Metal,P4/mmm,123,12
Li4Ca(AlIn)2_id3056_E-2.45.cif,Li4Ca(AlIn)2,-2.4527,0.0,Metal,P6_4,172,27
ZnGa2_id4846_E-2.45.cif,ZnGa2,-2.4518,0.0,Metal,P4_2/nmc,137,12
Na2Cd2Sn2Sb_id193_E-2.45.cif,Na2Cd2Sn2Sb,-2.4513,0.083,Semiconductor,Cccm,66,28
Mg2Ga3_id4400_E-2.45.cif,Mg2Ga3,-2.4512,0.0,Metal,I4/mmm,139,10
KGa2Se3_id2890_E-2.45.cif,KGa2Se3,-2.4508,0.0,Metal,Pmn2_1,31,12
KBaLi2Ge_id1602_E-2.45.cif,KBaLi2Ge,-2.4504,0.191,Semiconductor,I-4m2,119,10
LiIn2Ga_id4728_E-2.45.cif,LiIn2Ga,-2.4496,0.0,Metal,I-42d,122,16
Li2Mg2Sb_id3739_E-2.45.cif,Li2Mg2Sb,-2.4494,0.0,Metal,I-4m2,119,20
In_id2409_E-2.45.cif,In,-2.4481,0.0,Metal,Pmmm,47,4
AlIn2_id2883_E-2.45.cif,AlIn2,-2.4473,0.0,Metal,P6/mmm,191,18
KCdGaTeSe2_id1623_E-2.45.cif,KCdGaTeSe2,-2.4457,1.162,Semiconductor,Pca2_1,29,24
SrIn4_id1637_E-2.45.cif,SrIn4,-2.4457,0.0,Metal,P4_2/nmc,137,10
Mg2Sc3Cd_id4009_E-2.44.cif,Mg2Sc3Cd,-2.4432,0.0,Metal,P4_2bc,106,24
LiIn3_id3247_E-2.44.cif,LiIn3,-2.4431,0.0,Metal,Cmcm,63,16
In_id2810_E-2.44.cif,In,-2.442,0.0,Metal,P4/mmm,123,8
Ca2AlCd_id1917_E-2.44.cif,Ca2AlCd,-2.4416,0.0,Metal,Fm-3m,225,16
In_id3250_E-2.44.cif,In,-2.4401,0.0,Metal,P2_12_12_1,19,16
Mg5Sn4_id4373_E-2.44.cif,Mg5Sn4,-2.4397,0.0,Metal,P4_2/n,86,18
Na3Sn2_id1850_E-2.44.cif,Na3Sn2,-2.4385,0.174,Semiconductor,I-43m,217,20
MgInTe3_id838_E-2.44.cif,MgInTe3,-2.436,0.0,Metal,Pcca,54,40
Ba2Sr2Zn3Ga3(GeP2)3_id4270_E-2.43.cif,Ba2Sr2Zn3Ga3(GeP2)3,-2.435,0.0,Metal,P3_121,152,57
Mg2In2Te3_id1247_E-2.43.cif,Mg2In2Te3,-2.4346,0.304,Semiconductor,I4/mcm,140,28
BaCaTe2_id1471_E-2.43.cif,BaCaTe2,-2.434,0.918,Semiconductor,P4_2/m,84,16
Mg2Sc2In2Ga_id1575_E-2.43.cif,Mg2Sc2In2Ga,-2.4338,0.0,Metal,I4_1cd,110,56
MgSc4ZnGa_id1152_E-2.43.cif,MgSc4ZnGa,-2.4327,0.0,Metal,P4/mmm,123,14
LiMgBeCdIn2Se_id187_E-2.43.cif,LiMgBeCdIn2Se,-2.4326,0.0,Metal,P2_1/m,11,14
Sr5GaSn4_id4406_E-2.43.cif,Sr5GaSn4,-2.4322,0.0,Metal,F-43m,216,40
MgCdInGe_id763_E-2.43.cif,MgCdInGe,-2.4319,0.0,Metal,P4_2/mmc,131,8
BaLi4MgSn_id3078_E-2.43.cif,BaLi4MgSn,-2.429,0.0,Metal,I-4m2,119,14
NaSr4Al3_id4714_E-2.43.cif,NaSr4Al3,-2.4286,0.0,Metal,Im-3m,229,16
NaSr4Al3_id2768_E-2.43.cif,NaSr4Al3,-2.4286,0.0,Metal,Im-3m,229,16
Zn2CdGaGe2_id2034_E-2.43.cif,Zn2CdGaGe2,-2.4282,0.0,Metal,P-4n2,118,12
BaLi6GaSi2_id168_E-2.43.cif,BaLi6GaSi2,-2.4275,0.0,Metal,P321,150,10
KNa6InSn6As_id3917_E-2.43.cif,KNa6InSn6As,-2.426,0.0,Metal,P312,149,15
Li3Ge_id2029_E-2.42.cif,Li3Ge,-2.425,0.0,Metal,P6_1,169,24
ScBe3AlZn3_id1770_E-2.42.cif,ScBe3AlZn3,-2.4248,0.0,Metal,P6_1,169,48
Mg6ScGa8_id2435_E-2.42.cif,Mg6ScGa8,-2.4238,0.0,Metal,Immm,71,30
AlGa2_id2581_E-2.42.cif,AlGa2,-2.4229,0.0,Metal,P4_32_12,96,12
Na3Te_id2726_E-2.42.cif,Na3Te,-2.4227,2.009,Semiconductor,Cmme,67,16
Zn(InGa)3_id2414_E-2.42.cif,Zn(InGa)3,-2.4223,0.0,Metal,P6_3,173,14
GaGe4_id2610_E-2.42.cif,GaGe4,-2.4208,0.0,Metal,P4/mmm,123,5
Mg4Cd3SbTe4_id4325_E-2.42.cif,Mg4Cd3SbTe4,-2.4206,0.0,Metal,P-43m,215,12
Sn2Ge2TeAs_id3714_E-2.42.cif,Sn2Ge2TeAs,-2.4181,0.0,Metal,P4/mmm,123,6
Li(InGa)2_id2955_E-2.42.cif,Li(InGa)2,-2.4166,0.0,Metal,Cmce,64,20
Ba2CaZnInSi2_id4932_E-2.42.cif,Ba2CaZnInSi2,-2.4151,0.0,Metal,P-6m2,187,7
Al2Ga2Ge(NO2)2_id3451_E-2.41.cif,Al2Ga2Ge(NO2)2,-2.4144,1.981,Semiconductor,P4/mnc,128,44
Na3Sb4_id782_E-2.41.cif,Na3Sb4,-2.4138,0.05,Metal,R-3,148,42
Na2P_id2760_E-2.41.cif,Na2P,-2.4093,0.106,Semiconductor,P4_12_12,92,12
Sc2Zn6GaGe2_id2824_E-2.41.cif,Sc2Zn6GaGe2,-2.4085,0.0,Metal,Pmmn,59,22
KSr2Ge_id3248_E-2.41.cif,KSr2Ge,-2.408,0.0,Metal,Fm-3m,225,16
NaLiGa2Ge_id179_E-2.41.cif,NaLiGa2Ge,-2.408,0.0,Metal,P4_122,91,20
Na2LiSn2Te_id2881_E-2.41.cif,Na2LiSn2Te,-2.4068,0.072,Semiconductor,P2_1/m,11,12
Li7Ge_id39_E-2.41.cif,Li7Ge,-2.4062,0.308,Semiconductor,Im-3m,229,16
K2Ba4PO_id2345_E-2.41.cif,K2Ba4PO,-2.4059,0.063,Semiconductor,P3_221,154,24
Mg2Ga3_id4207_E-2.41.cif,Mg2Ga3,-2.4052,0.0,Metal,C222,21,10
MgIn10Sn_id2664_E-2.40.cif,MgIn10Sn,-2.4047,1.464,Semiconductor,P-6m2,187,12
Na2ScGa_id2434_E-2.40.cif,Na2ScGa,-2.4045,0.087,Semiconductor,P4_332,212,16
ZnCdSnAs2_id1392_E-2.40.cif,ZnCdSnAs2,-2.4019,0.0,Metal,Pccm,49,10
K2Cd3In3O2_id3257_E-2.40.cif,K2Cd3In3O2,-2.401,0.267,Semiconductor,Ibam,72,40
Ca(Ga2Si)2_id4672_E-2.40.cif,Ca(Ga2Si)2,-2.3996,0.0,Metal,P4/mmm,123,28
K4InSn4_id2193_E-2.40.cif,K4InSn4,-2.3995,0.144,Semiconductor,P3,143,9
Na2Sb_id4168_E-2.40.cif,Na2Sb,-2.3992,0.004,Metal,P4_12_12,92,12
ZnGa2_id406_E-2.40.cif,ZnGa2,-2.3974,0.0,Metal,P4_12_12,92,12
Ca2Al_id4317_E-2.40.cif,Ca2Al,-2.3965,0.0,Metal,Pa-3,205,12
Sc3ZnCd4_id581_E-2.40.cif,Sc3ZnCd4,-2.3964,0.0,Metal,P4/mmm,123,8
CdSn_id661_E-2.40.cif,CdSn,-2.3961,0.0,Metal,Fm-3m,225,8
Ca3Cd4Sn3_id1053_E-2.40.cif,Ca3Cd4Sn3,-2.396,0.0,Metal,I-43d,220,40
K2LiZn2Ga5O6_id2147_E-2.40.cif,K2LiZn2Ga5O6,-2.3952,0.0,Metal,P-4m2,115,16
Ga_id1324_E-2.39.cif,Ga,-2.392,0.0,Metal,Cmce,64,20
Ca2In3(GaGe)2_id4623_E-2.39.cif,Ca2In3(GaGe)2,-2.3919,0.0,Metal,Cmce,64,36
BaAl4_id2301_E-2.39.cif,BaAl4,-2.3915,0.0,Metal,P4_2/nmc,137,10
MgIn2_id4959_E-2.39.cif,MgIn2,-2.3904,0.0,Metal,P6/mmm,191,6
Ca4Mg4Sc3Zn2_id2516_E-2.39.cif,Ca4Mg4Sc3Zn2,-2.39,0.0,Metal,Cmce,64,52
ZnGa2_id3567_E-2.39.cif,ZnGa2,-2.3892,0.0,Metal,I4/mmm,139,12
ZnGa3_id3266_E-2.39.cif,ZnGa3,-2.389,0.0,Metal,I4/mmm,139,16
Mg3ZnGe2_id2426_E-2.39.cif,Mg3ZnGe2,-2.3889,0.0,Metal,P6_3/mmc,194,12
Cd2S_id4264_E-2.39.cif,Cd2S,-2.3886,0.0,Metal,Pn-3m,224,6
Li4GaGe_id538_E-2.39.cif,Li4GaGe,-2.3885,0.0,Metal,P42_12,90,12
NaMgZnCdTe12As2PSe2_id4516_E-2.39.cif,NaMgZnCdTe12As2PSe2,-2.3859,0.811,Semiconductor,P1,1,21
CdGe_id4010_E-2.39.cif,CdGe,-2.3854,0.0,Metal,P4_2/mmc,131,4
LiMg3(CdTe2)2_id333_E-2.39.cif,LiMg3(CdTe2)2,-2.3853,0.013,Metal,P4_2/m,84,20
BaMg2In10Sn7_id2254_E-2.39.cif,BaMg2In10Sn7,-2.3853,0.0,Metal,Pmna,53,40
Te2Se_id2674_E-2.39.cif,Te2Se,-2.385,0.011,Metal,P4/m,83,12
Mg4ScSn_id4146_E-2.38.cif,Mg4ScSn,-2.3816,0.0,Metal,C2/m,12,12
MgZnGe_id1438_E-2.38.cif,MgZnGe,-2.3815,0.0,Metal,F-43m,216,12
ScZnSnO_id1648_E-2.38.cif,ScZnSnO,-2.3796,0.085,Semiconductor,P6_522,179,24
SrLi4Al2In_id1837_E-2.38.cif,SrLi4Al2In,-2.3791,0.0,Metal,I4/mcm,140,32
AlZnO4_id1317_E-2.38.cif,AlZnO4,-2.3787,1.125,Semiconductor,P3_221,154,18
CaCd3C_id296_E-2.38.cif,CaCd3C,-2.3765,0.0,Metal,Pm-3m,221,5
AlSi_id354_E-2.37.cif,AlSi,-2.3747,0.0,Metal,P4_132,213,16
In12Ga_id4346_E-2.37.cif,In12Ga,-2.3739,0.0,Metal,Fm-3m,225,52
Na3In7(SnSe)6_id1840_E-2.37.cif,Na3In7(SnSe)6,-2.3734,1.265,Semiconductor,C2/m,12,44
KZnInGaSn2_id1308_E-2.37.cif,KZnInGaSn2,-2.3733,0.0,Metal,P4_3,78,24
In3GaSn_id138_E-2.37.cif,In3GaSn,-2.3728,0.0,Metal,P-31m,162,15
CaMg5In2N_id2899_E-2.37.cif,CaMg5In2N,-2.3696,0.0,Metal,P4/mmm,123,9
Li5Ga3_id3388_E-2.37.cif,Li5Ga3,-2.3667,0.0,Metal,P4_2/mbc,135,32
NaIn19_id1631_E-2.37.cif,NaIn19,-2.3666,0.0,Metal,Pm-3,200,20
Ba2LiGe6As_id4766_E-2.37.cif,Ba2LiGe6As,-2.3666,0.0,Metal,Fm-3m,225,40
ZnSe2_id322_E-2.37.cif,ZnSe2,-2.3665,1.056,Semiconductor,P6_522,179,18
KN6O13_id4287_E-2.37.cif,KN6O13,-2.3656,0.0,Metal,P4/n,85,40
Mg3Cd5Sn2Se5_id366_E-2.36.cif,Mg3Cd5Sn2Se5,-2.3635,0.0,Metal,Aea2,41,60
CaIn_id446_E-2.36.cif,CaIn,-2.3621,0.0,Metal,Cmcm,63,8
BaLiGa_id274_E-2.36.cif,BaLiGa,-2.3619,0.0,Metal,I-4m2,119,6
Li2AlZn2O8_id4792_E-2.36.cif,Li2AlZn2O8,-2.3613,3.601,Insulator,I-42d,122,52
TiZn4_id4795_E-2.36.cif,TiZn4,-2.3612,0.0,Metal,P-42_1c,114,10
Na3O_id4951_E-2.36.cif,Na3O,-2.3601,0.734,Semiconductor,Cmmm,65,16
Ga_id3529_E-2.36.cif,Ga,-2.3573,0.0,Metal,P4_2/mmc,131,6
Ca(ZnIn2)2_id4667_E-2.36.cif,Ca(ZnIn2)2,-2.3565,0.0,Metal,I4/mmm,139,14
ZnGa2_id4478_E-2.35.cif,ZnGa2,-2.3544,0.0,Metal,P6_222,180,9
Mg6Ga12Sb_id3197_E-2.35.cif,Mg6Ga12Sb,-2.3533,0.0,Metal,Im-3,204,38
CdInSn_id4123_E-2.35.cif,CdInSn,-2.3524,0.0,Metal,Cmme,67,12
Li2AlInGaSn_id1646_E-2.35.cif,Li2AlInGaSn,-2.3508,0.0,Metal,Imma,74,24
Li6ZnGa8_id3285_E-2.35.cif,Li6ZnGa8,-2.3505,0.0,Metal,P-31m,162,15
KNa3Li4Cd2O4_id1253_E-2.35.cif,KNa3Li4Cd2O4,-2.3497,4.485,Insulator,P4_2/m,84,28
MgIn4_id3082_E-2.35.cif,MgIn4,-2.3489,0.0,Metal,Ccce,68,20
ZnGa2Sn_id4560_E-2.35.cif,ZnGa2Sn,-2.3487,0.073,Semiconductor,Pmmm,47,4
NaMgIn4_id1901_E-2.35.cif,NaMgIn4,-2.3478,0.0,Metal,P4/nbm,125,12
Sn2Ge3Te_id655_E-2.35.cif,Sn2Ge3Te,-2.3475,0.0,Metal,P4/mmm,123,6
Ba6CaGaSn_id2080_E-2.35.cif,Ba6CaGaSn,-2.347,0.0,Metal,P312,149,9
BaCaSn_id3081_E-2.34.cif,BaCaSn,-2.3447,0.0,Metal,P6_4,172,18
Na3Mg3TiZnIn2As3_id375_E-2.34.cif,Na3Mg3TiZnIn2As3,-2.3446,0.0,Metal,P3,143,13
MgIn3Sn_id2526_E-2.34.cif,MgIn3Sn,-2.3443,0.0,Metal,Pma2,28,10
Cd4Sb3_id1023_E-2.34.cif,Cd4Sb3,-2.3439,0.0,Metal,I-43d,220,28
Na12InSn6_id2531_E-2.34.cif,Na12InSn6,-2.3434,0.015,Metal,Im-3,204,38
KSn4_id3999_E-2.34.cif,KSn4,-2.3433,0.0,Metal,P4_2/mmc,131,20
Li(Al2Ga)2_id3878_E-2.34.cif,Li(Al2Ga)2,-2.343,0.0,Metal,Immm,71,14
Ba3Sr4(TeO3)2_id4092_E-2.34.cif,Ba3Sr4(TeO3)2,-2.3428,2.984,Semiconductor,P2_1/c,14,30
Ba2CaAl_id4856_E-2.34.cif,Ba2CaAl,-2.3401,0.0,Metal,Fm-3m,225,16
Ba3SrLiAsP_id211_E-2.34.cif,Ba3SrLiAsP,-2.3384,0.0,Metal,Pnnm,58,28
In_id2549_E-2.34.cif,In,-2.3361,0.0,Metal,Pnn2,34,12
Li8AlZn2GaAs2_id4014_E-2.33.cif,Li8AlZn2GaAs2,-2.3343,0.0,Metal,I422,97,28
BaLiMgZnIn2Sb2Te9AsSe2S_id227_E-2.33.cif,BaLiMgZnIn2Sb2Te9AsSe2S,-2.333,0.068,Semiconductor,P2_1,4,42
BeZnGaTe_id2926_E-2.33.cif,BeZnGaTe,-2.3329,1.159,Semiconductor,P2_1/m,11,8
Ba2InSb_id1861_E-2.33.cif,Ba2InSb,-2.331,0.0,Metal,P4_32_12,96,16
Na7S10_id3217_E-2.33.cif,Na7S10,-2.3303,3.96,Insulator,Amm2,38,17
CdInSn_id2691_E-2.33.cif,CdInSn,-2.3264,0.0,Metal,P-6m2,187,3
MgGa6_id4112_E-2.33.cif,MgGa6,-2.3263,0.0,Metal,I-42m,121,14
Zn3Ga5_id1651_E-2.33.cif,Zn3Ga5,-2.3262,0.0,Metal,Im-3m,229,16
BaMg2In5_id4777_E-2.32.cif,BaMg2In5,-2.3234,0.0,Metal,P-3m1,164,8
BaLiIn_id3601_E-2.32.cif,BaLiIn,-2.321,0.0,Metal,I-4m2,119,6
Cd4O3_id2377_E-2.32.cif,Cd4O3,-2.321,0.914,Semiconductor,Pccn,56,28
Cd3Ge3Te_id3345_E-2.32.cif,Cd3Ge3Te,-2.3195,0.0,Metal,P6_3,173,14
LiZnGa2_id3411_E-2.32.cif,LiZnGa2,-2.3191,0.0,Metal,I-42d,122,16
Ba2MgAl_id1630_E-2.32.cif,Ba2MgAl,-2.3181,0.0,Metal,Fm-3m,225,16
Li3MgIn3_id927_E-2.32.cif,Li3MgIn3,-2.3177,0.0,Metal,P6_3/m,176,14
BaNa2ZnSn2Sb_id1944_E-2.32.cif,BaNa2ZnSn2Sb,-2.3174,0.0,Metal,Cmcm,63,28
BeAl6_id1843_E-2.32.cif,BeAl6,-2.3155,0.0,Metal,Aea2,41,28
Li2ZnGa6_id4458_E-2.32.cif,Li2ZnGa6,-2.3154,0.0,Metal,P6/mmm,191,9
MgIn2_id263_E-2.31.cif,MgIn2,-2.3147,0.0,Metal,Pbcn,60,12
K7Ga(TeO)4_id2527_E-2.31.cif,K7Ga(TeO)4,-2.3133,0.608,Semiconductor,P-43m,215,16
Na2Zn2GeTe_id4157_E-2.31.cif,Na2Zn2GeTe,-2.3129,1.047,Semiconductor,I-4m2,119,12
LiMg4Al7_id1066_E-2.31.cif,LiMg4Al7,-2.3117,0.0,Metal,P422,89,24
Na2Si_id4772_E-2.31.cif,Na2Si,-2.3116,0.081,Semiconductor,Pa-3,205,12
MgIn2_id1723_E-2.31.cif,MgIn2,-2.3107,0.0,Metal,Fd-3m,227,24
KMgIn7Sb4_id3062_E-2.31.cif,KMgIn7Sb4,-2.3101,0.435,Semiconductor,I-4m2,119,26
Ga_id2640_E-2.31.cif,Ga,-2.31,0.0,Metal,Pma2,28,46
In_id1365_E-2.31.cif,In,-2.3095,0.0,Metal,P4_2/mmc,131,8
Sr2Ga_id4948_E-2.31.cif,Sr2Ga,-2.3083,0.0,Metal,Pa-3,205,12
BaIn4_id2343_E-2.31.cif,BaIn4,-2.3077,0.0,Metal,Amm2,38,10
BaNaLiAs_id2210_E-2.31.cif,BaNaLiAs,-2.3075,0.85,Semiconductor,P4_2/mmc,131,8
BaZn4Te2P_id3909_E-2.31.cif,BaZn4Te2P,-2.307,0.0,Metal,I222,23,16
LiMg2CdSb2_id1387_E-2.31.cif,LiMg2CdSb2,-2.3066,0.0,Metal,Iba2,45,24
K3As_id925_E-2.30.cif,K3As,-2.3049,0.009,Metal,P6_3/mmc,194,8
Ba2CaS_id2714_E-2.30.cif,Ba2CaS,-2.3044,0.978,Semiconductor,I4/mmm,139,8
Ba6SrO_id4385_E-2.30.cif,Ba6SrO,-2.3034,0.0,Metal,Pm-3m,221,8
NaSr3Sb2_id3045_E-2.30.cif,NaSr3Sb2,-2.3028,0.67,Semiconductor,P6_5,170,36
Na2Li3Mg4In3Sn6Sb_id2226_E-2.30.cif,Na2Li3Mg4In3Sn6Sb,-2.3009,0.0,Metal,P6_3/mcm,193,38
Li2Al(ZnGa)2_id4000_E-2.30.cif,Li2Al(ZnGa)2,-2.3003,0.0,Metal,Cmce,64,28
In_id2416_E-2.30.cif,In,-2.2982,0.0,Metal,C2/c,15,52
BaSrMgIn3Te2_id3626_E-2.30.cif,BaSrMgIn3Te2,-2.2979,0.042,Metal,Pnma,62,32
SnGe5_id2145_E-2.29.cif,SnGe5,-2.2933,0.0,Metal,P4/mmm,123,6
BaZn4Cd4Ga8(SnO)4_id4618_E-2.29.cif,BaZn4Cd4Ga8(SnO)4,-2.2918,0.0,Metal,P4_2/n,86,50
Mg2BeGa2_id1476_E-2.29.cif,Mg2BeGa2,-2.2914,0.0,Metal,Pbca,61,20
Mg4Ga3_id808_E-2.29.cif,Mg4Ga3,-2.291,0.0,Metal,I-43d,220,28
K3SrInSn5_id2394_E-2.29.cif,K3SrInSn5,-2.29,0.07,Semiconductor,P3c1,158,20
BaNaScZn2Ga2Sb_id3443_E-2.29.cif,BaNaScZn2Ga2Sb,-2.2893,0.0,Metal,P4_322,95,32
K(NaSn)2_id1614_E-2.29.cif,K(NaSn)2,-2.2893,0.627,Semiconductor,C2/m,12,10
LiBe10Zn2Si_id1052_E-2.29.cif,LiBe10Zn2Si,-2.2889,5.062,Insulator,P2_12_12,18,28
K2InGa2_id342_E-2.29.cif,K2InGa2,-2.2871,0.462,Semiconductor,Ibca,73,40
Ba2MgIn_id1880_E-2.29.cif,Ba2MgIn,-2.2854,0.0,Metal,Fm-3m,225,16
Ba2MgIn_id1009_E-2.29.cif,Ba2MgIn,-2.2854,0.0,Metal,Fm-3m,225,16
CaAl5Zn4_id2876_E-2.29.cif,CaAl5Zn4,-2.2852,0.0,Metal,I-4m2,119,20
Li2Sn3_id3862_E-2.28.cif,Li2Sn3,-2.2831,0.0,Metal,Pm-3m,221,30
K2Al3(InSe2)2_id4701_E-2.28.cif,K2Al3(InSe2)2,-2.2816,0.649,Semiconductor,Pnnn,48,22
CaCd2Sn_id4530_E-2.28.cif,CaCd2Sn,-2.2808,0.0,Metal,F-43m,216,16
Na6Li4Sn4Sb_id631_E-2.28.cif,Na6Li4Sn4Sb,-2.2808,0.0,Metal,Cccm,66,60
K2ScAlZnGaGeS_id3263_E-2.28.cif,K2ScAlZnGaGeS,-2.2796,0.072,Semiconductor,P4_122,91,32
AlGa2Te2Se2(S3O)2_id2438_E-2.28.cif,AlGa2Te2Se2(S3O)2,-2.2778,2.25,Semiconductor,P-42_1m,113,30
SrCa2In_id2196_E-2.28.cif,SrCa2In,-2.2774,0.0,Metal,Fm-3m,225,16
KBa4Mg3Cd6In6O6_id3789_E-2.28.cif,KBa4Mg3Cd6In6O6,-2.2757,0.002,Metal,Im-3m,229,52
Li3CdIn4_id4234_E-2.27.cif,Li3CdIn4,-2.2726,0.0,Metal,Pm-3m,221,8
LiIn_id232_E-2.27.cif,LiIn,-2.2713,0.0,Metal,P6_3/mmc,194,4
Na3AlIn9Ga2_id266_E-2.27.cif,Na3AlIn9Ga2,-2.2704,0.0,Metal,P2/c,13,30
Ba3In_id471_E-2.27.cif,Ba3In,-2.2691,0.0,Metal,Fm-3m,225,16
K4ZnSn4Sb_id1271_E-2.27.cif,K4ZnSn4Sb,-2.2686,0.0,Metal,P4/nbm,125,20
Zn2In3Ga2_id2659_E-2.27.cif,Zn2In3Ga2,-2.2671,0.0,Metal,Pn-3m,224,14
Al2Cd3Te2_id1484_E-2.26.cif,Al2Cd3Te2,-2.263,0.0,Metal,Pnn2,34,14
Zn2GaGe_id1228_E-2.26.cif,Zn2GaGe,-2.2601,0.0,Metal,Pa-3,205,16
Na3In4As_id4314_E-2.26.cif,Na3In4As,-2.2577,0.0,Metal,I4/mmm,139,16
Na2In3_id349_E-2.26.cif,Na2In3,-2.2567,0.0,Metal,I-43d,220,40
Al2Zn3Te2_id2369_E-2.26.cif,Al2Zn3Te2,-2.2565,0.0,Metal,Aea2,41,28
Na7Li30Zn6Cd2In(GaO3)2_id1417_E-2.26.cif,Na7Li30Zn6Cd2In(GaO3)2,-2.2561,0.0,Metal,P-3,147,54
Ba3As2_id3939_E-2.25.cif,Ba3As2,-2.2534,0.0,Metal,P4_2/m,84,20
Li3Mg3Sc4Cd_id2515_E-2.25.cif,Li3Mg3Sc4Cd,-2.2533,0.0,Metal,P4_232,208,22
KLi2Zn2CdGaSbTeAs_id3722_E-2.25.cif,KLi2Zn2CdGaSbTeAs,-2.2525,0.0,Metal,P2_1/m,11,20
NaCd2Ga4Sn_id1959_E-2.25.cif,NaCd2Ga4Sn,-2.2521,0.0,Metal,Ibam,72,32
Mg5Al5Cd(GaSi)3_id1135_E-2.25.cif,Mg5Al5Cd(GaSi)3,-2.2499,0.0,Metal,P6mm,183,17
Mg2SbTe2_id1999_E-2.25.cif,Mg2SbTe2,-2.2485,0.417,Semiconductor,P4_2mc,105,10
In_id2221_E-2.25.cif,In,-2.2484,0.0,Metal,P4_2/nnm,134,14
InGa4_id1469_E-2.25.cif,InGa4,-2.2482,0.0,Metal,P4_2/nmc,137,10
Na6InSb2_id4380_E-2.25.cif,Na6InSb2,-2.2475,0.099,Semiconductor,P-3m1,164,18
LiAl4In_id4535_E-2.25.cif,LiAl4In,-2.2473,0.0,Metal,I4_1/a,88,24
InGa2_id1347_E-2.25.cif,InGa2,-2.2468,0.0,Metal,P4_2/mmc,131,6
CaZn4Si4(GeAs)4_id81_E-2.25.cif,CaZn4Si4(GeAs)4,-2.2456,0.197,Semiconductor,P4_2/n,86,34
Mg(CdGa2)6_id2736_E-2.24.cif,Mg(CdGa2)6,-2.2441,0.0,Metal,Im-3,204,38
LiMgIn3_id4554_E-2.24.cif,LiMgIn3,-2.2441,0.0,Metal,Ibca,73,40
Cd2Sn2Sb3_id2452_E-2.24.cif,Cd2Sn2Sb3,-2.2426,0.0,Metal,P-62m,189,14
K5Sr4Cd4O8_id4280_E-2.24.cif,K5Sr4Cd4O8,-2.2424,0.0,Metal,P4_2/n,86,42
Sr4Li3Sn_id410_E-2.24.cif,Sr4Li3Sn,-2.2394,0.001,Metal,Im-3m,229,16
Li4Mg5Sc2TiAlGa4_id4272_E-2.24.cif,Li4Mg5Sc2TiAlGa4,-2.239,0.0,Metal,I4mm,107,34
Li2Mg2Cd2In4Sn3_id730_E-2.24.cif,Li2Mg2Cd2In4Sn3,-2.2388,0.0,Metal,Ccc2,37,52
LiMgGa_id4918_E-2.24.cif,LiMgGa,-2.2381,0.0,Metal,F-43m,216,12
LiMg2Sc_id1240_E-2.24.cif,LiMg2Sc,-2.238,0.0,Metal,P4_322,95,16
Na(GaSe)2_id3799_E-2.24.cif,Na(GaSe)2,-2.2372,0.0,Metal,P4_2/nbc,133,40
Sr4Li3Ge_id1266_E-2.24.cif,Sr4Li3Ge,-2.2356,0.0,Metal,Im-3m,229,16
Ca4Ga_id3953_E-2.23.cif,Ca4Ga,-2.2347,0.0,Metal,I4_1/a,88,20
KNa2Cd(GaSi)2_id1807_E-2.23.cif,KNa2Cd(GaSi)2,-2.2329,0.806,Semiconductor,P6_1,169,48
MgIn2Sn_id1601_E-2.23.cif,MgIn2Sn,-2.2325,0.0,Metal,Pmmn,59,8
Ca3InGa3_id3374_E-2.23.cif,Ca3InGa3,-2.2318,0.0,Metal,Pm-3n,223,14
BaSi_id3252_E-2.23.cif,BaSi,-2.2316,0.0,Metal,P6/mmm,191,4
Li3Zn2Sn_id3843_E-2.23.cif,Li3Zn2Sn,-2.2315,0.0,Metal,C222,21,12
Al5Zn3_id4201_E-2.23.cif,Al5Zn3,-2.2311,0.0,Metal,P-42c,112,16
Ba3SrCaCd(In2Te3)2_id2303_E-2.23.cif,Ba3SrCaCd(In2Te3)2,-2.23,1.387,Semiconductor,P2_1/m,11,32
MgAl_id669_E-2.23.cif,MgAl,-2.2298,0.0,Metal,Amm2,38,24
In5Ga2_id3972_E-2.23.cif,In5Ga2,-2.2278,0.0,Metal,P-62m,189,14
Zn6In2Ga4Sn3_id325_E-2.22.cif,Zn6In2Ga4Sn3,-2.2243,0.0,Metal,P-3m1,164,15
Mg6Sc_id2971_E-2.22.cif,Mg6Sc,-2.2238,0.0,Metal,Fm-3m,225,28
Ga_id4248_E-2.22.cif,Ga,-2.2229,0.0,Metal,P4_2/mcm,132,8
Li2Al4ZnCd_id2970_E-2.22.cif,Li2Al4ZnCd,-2.2229,0.0,Metal,P-42c,112,16
Na3Sn2_id4223_E-2.22.cif,Na3Sn2,-2.2221,0.418,Semiconductor,P2_1/m,11,10
CdIn5_id3098_E-2.22.cif,CdIn5,-2.2209,0.0,Metal,Pbam,55,12
NaIn2_id2122_E-2.22.cif,NaIn2,-2.2188,0.433,Semiconductor,P4_32_12,96,12
Ba2CaIn5Sn2_id1122_E-2.22.cif,Ba2CaIn5Sn2,-2.2186,0.0,Metal,P4/mmm,123,10
Ca3S_id4196_E-2.22.cif,Ca3S,-2.2183,0.285,Semiconductor,I4/mmm,139,8
Sn_id2423_E-2.22.cif,Sn,-2.2181,0.0,Metal,P4/mmm,123,6
CdIn3_id2198_E-2.22.cif,CdIn3,-2.2176,0.0,Metal,Pm-3n,223,8
Na4GeSb_id3447_E-2.22.cif,Na4GeSb,-2.2173,0.077,Semiconductor,Cmcm,63,24
Ba2Ga3_id2967_E-2.22.cif,Ba2Ga3,-2.2171,0.0,Metal,R3m,160,15
Na(Mg3In4)4_id575_E-2.22.cif,Na(Mg3In4)4,-2.2153,0.0,Metal,Pm-3,200,29
Sn_id3557_E-2.21.cif,Sn,-2.2147,0.0,Metal,P4/mmm,123,6
LiScZn3SnSb_id268_E-2.21.cif,LiScZn3SnSb,-2.214,0.0,Metal,Pnma,62,28
MgZnGa2_id3728_E-2.21.cif,MgZnGa2,-2.2126,0.0,Metal,I4/mmm,139,8
MgZnGa2Se4(SO4)4_id1202_E-2.21.cif,MgZnGa2Se4(SO4)4,-2.2125,2.516,Semiconductor,P-42c,112,56
Na5Ti2In_id2456_E-2.21.cif,Na5Ti2In,-2.2112,0.833,Semiconductor,P2/c,13,16
K8NaSrSe4_id234_E-2.21.cif,K8NaSrSe4,-2.209,0.223,Semiconductor,I4_1/a,88,56
MgBe3AlZn_id1322_E-2.21.cif,MgBe3AlZn,-2.2089,0.0,Metal,P4_3,78,24
GaGe5_id4502_E-2.21.cif,GaGe5,-2.2089,0.0,Metal,P4/mmm,123,6
K4LiSi3_id2686_E-2.21.cif,K4LiSi3,-2.208,0.0,Metal,Im-3m,229,16
In3Sn_id1018_E-2.21.cif,In3Sn,-2.2052,0.0,Metal,P4/mmm,123,8
Ba4Ge_id517_E-2.20.cif,Ba4Ge,-2.2049,0.0,Metal,Ccce,68,20
KGa13Ge_id1830_E-2.20.cif,KGa13Ge,-2.2044,0.0,Metal,P312,149,15
MgGa_id1663_E-2.20.cif,MgGa,-2.2023,0.015,Metal,P4_132,213,16
Ba2NaGa_id3128_E-2.20.cif,Ba2NaGa,-2.2018,0.0,Metal,Fm-3m,225,16
LiZn3Ga4_id4147_E-2.20.cif,LiZn3Ga4,-2.2005,0.0,Metal,I4/mmm,139,16
NaLi2Cd2InSn2_id4399_E-2.20.cif,NaLi2Cd2InSn2,-2.1997,0.0,Metal,Cmcm,63,32
Se2S5_id1339_E-2.20.cif,Se2S5,-2.1964,0.0,Metal,P6mm,183,7
Ba2Ca3O_id877_E-2.20.cif,Ba2Ca3O,-2.1951,0.0,Metal,Pn-3m,224,12
K5S2_id338_E-2.19.cif,K5S2,-2.1928,2.423,Semiconductor,P6/mmm,191,7
MgIn2_id3755_E-2.19.cif,MgIn2,-2.1927,0.0,Metal,P4_2/nmc,137,12
KO3_id2288_E-2.19.cif,KO3,-2.1915,0.742,Semiconductor,P1,1,32
K10Na3Al3In6Sn6Ge(AsP)3_id4804_E-2.19.cif,K10Na3Al3In6Sn6Ge(AsP)3,-2.1911,0.15,Semiconductor,P3,143,35
NaIn2_id1021_E-2.19.cif,NaIn2,-2.1908,0.0,Metal,P4_2/mmc,131,6
Cd2In5Sn_id2399_E-2.19.cif,Cd2In5Sn,-2.1906,0.0,Metal,P4/mmm,123,8
Ba3SrLiBe2P_id4993_E-2.19.cif,Ba3SrLiBe2P,-2.1896,0.0,Metal,Cmcm,63,32
Sr2ZnGa_id4473_E-2.19.cif,Sr2ZnGa,-2.1895,0.0,Metal,Fm-3m,225,16
SrIn_id3859_E-2.19.cif,SrIn,-2.1888,0.0,Metal,P3_1,144,6
Na2Sn5_id954_E-2.19.cif,Na2Sn5,-2.1884,0.0,Metal,P6/mmm,191,14
Li25Sb4_id2857_E-2.19.cif,Li25Sb4,-2.1883,0.28,Semiconductor,P2,3,29
Na3Ge_id933_E-2.19.cif,Na3Ge,-2.1881,0.08,Semiconductor,Pm-3n,223,8
Ga_id3921_E-2.19.cif,Ga,-2.1876,0.0,Metal,P4_2/nnm,134,8
Li2Cd2In7_id3254_E-2.19.cif,Li2Cd2In7,-2.1874,0.0,Metal,P-1,2,11
Mg2Al_id4858_E-2.19.cif,Mg2Al,-2.1874,0.0,Metal,P4_12_12,92,12
Na2CaSb_id3832_E-2.19.cif,Na2CaSb,-2.1872,0.013,Metal,P-6m2,187,8
Zn3Ga6Ge_id3092_E-2.19.cif,Zn3Ga6Ge,-2.1867,0.0,Metal,Pbam,55,20
Ca4MgGa_id1860_E-2.19.cif,Ca4MgGa,-2.1862,0.0,Metal,P42_12,90,12
Sr2AlZn_id917_E-2.19.cif,Sr2AlZn,-2.1858,0.0,Metal,Fm-3m,225,16
MgAl(CdGa2)2_id2349_E-2.19.cif,MgAl(CdGa2)2,-2.1856,0.0,Metal,P-42c,112,16
Ba2Li2In5_id843_E-2.18.cif,Ba2Li2In5,-2.1826,3.222,Semiconductor,Iba2,45,36
Li2Mg6Sc2Al2Zn3_id776_E-2.18.cif,Li2Mg6Sc2Al2Zn3,-2.1788,0.0,Metal,C2/m,12,30
Mg4CdGa2O_id4459_E-2.18.cif,Mg4CdGa2O,-2.1783,0.0,Metal,I4/m,87,16
LiCa2In3_id3277_E-2.18.cif,LiCa2In3,-2.178,0.0,Metal,P4/mmm,123,6
Al8SnO2_id881_E-2.18.cif,Al8SnO2,-2.1777,0.0,Metal,Pa-3,205,44
KAl2Zn2In2SiO4_id1067_E-2.18.cif,KAl2Zn2In2SiO4,-2.1767,0.0,Metal,P-42_1c,114,24
Al6Zn13Ga12As_id1707_E-2.18.cif,Al6Zn13Ga12As,-2.1765,0.0,Metal,Pm-3,200,32
Mg2Ga_id1845_E-2.17.cif,Mg2Ga,-2.1743,0.0,Metal,I4/mcm,140,12
Mg3ScZn3Ga_id1381_E-2.17.cif,Mg3ScZn3Ga,-2.1739,0.0,Metal,Pm-3m,221,8
K2Li2Sb_id4203_E-2.17.cif,K2Li2Sb,-2.1731,1.145,Semiconductor,P4_322,95,20
Ge_id4980_E-2.17.cif,Ge,-2.1729,0.0,Metal,P4/mmm,123,5
K3NaTi6_id3745_E-2.17.cif,K3NaTi6,-2.1729,0.12,Semiconductor,Im-3m,229,20
Cd4GaSn4_id4522_E-2.17.cif,Cd4GaSn4,-2.1713,0.0,Metal,P-42_1c,114,18
Ba(ZnGa)4_id4041_E-2.17.cif,Ba(ZnGa)4,-2.1713,0.0,Metal,P4_2/nmc,137,18
BaMg2Al_id2229_E-2.17.cif,BaMg2Al,-2.1706,0.0,Metal,F-43m,216,16
AlCd3Te5Se2S3_id57_E-2.17.cif,AlCd3Te5Se2S3,-2.1654,0.52,Semiconductor,P2_1,4,56
LiMgIn_id700_E-2.16.cif,LiMgIn,-2.1646,0.0,Metal,Ibca,73,24
LiIn_id479_E-2.16.cif,LiIn,-2.1628,0.0,Metal,I4_1/acd,142,32
Li8Mg2Sn3_id4391_E-2.16.cif,Li8Mg2Sn3,-2.1603,0.0,Metal,Cccm,66,52
Cd3In4SnAs2_id2798_E-2.16.cif,Cd3In4SnAs2,-2.1582,0.0,Metal,P3,143,10
Ba2Sr2Sc_id3325_E-2.16.cif,Ba2Sr2Sc,-2.1571,0.0,Metal,I23,197,60
InSn5_id2503_E-2.16.cif,InSn5,-2.156,0.0,Metal,P4/mmm,123,6
Li2Cd2Sn_id2747_E-2.16.cif,Li2Cd2Sn,-2.1556,0.0,Metal,P4/mbm,127,10
Al_id1639_E-2.16.cif,Al,-2.1551,0.0,Metal,P4/m,83,18
Al2GaTe4_id389_E-2.15.cif,Al2GaTe4,-2.1543,0.14,Semiconductor,P-42m,111,7
Cd2SnAsSe4_id2200_E-2.15.cif,Cd2SnAsSe4,-2.1541,1.224,Semiconductor,P31c,159,16
K3N_id3493_E-2.15.cif,K3N,-2.1515,2.024,Semiconductor,Pm-3m,221,32
Al2ZnGa_id100_E-2.15.cif,Al2ZnGa,-2.1504,0.0,Metal,Cmmm,65,8
Ba(BeZn)4_id1193_E-2.15.cif,Ba(BeZn)4,-2.1501,0.0,Metal,P4_2/nmc,137,18
Li7Ga_id1984_E-2.15.cif,Li7Ga,-2.1487,0.0,Metal,Im-3m,229,16
BaIn_id966_E-2.15.cif,BaIn,-2.1472,0.0,Metal,P4/mmm,123,4
MgSc2SbTe_id359_E-2.15.cif,MgSc2SbTe,-2.147,0.0,Metal,P4/nmm,129,10
Mg4In3Sn_id3485_E-2.15.cif,Mg4In3Sn,-2.1458,0.0,Metal,P4_2/m,84,16
Mg3ZnIn4_id1605_E-2.15.cif,Mg3ZnIn4,-2.1458,0.0,Metal,Im-3m,229,16
Li2O7_id2938_E-2.15.cif,Li2O7,-2.1457,0.0,Metal,Pbcn,60,36
NaIn7_id3315_E-2.14.cif,NaIn7,-2.1436,0.0,Metal,I-42d,122,32
BaCa8O_id702_E-2.14.cif,BaCa8O,-2.1429,0.0,Metal,P4_2/mmc,131,20
Mg3GaS2_id894_E-2.14.cif,Mg3GaS2,-2.1413,0.0,Metal,Pnnn,48,24
Zn2Ga15_id326_E-2.14.cif,Zn2Ga15,-2.14,0.0,Metal,P4cc,103,34
NaGa_id4404_E-2.14.cif,NaGa,-2.1395,0.0,Metal,Ibam,72,16
MgIn2_id2599_E-2.14.cif,MgIn2,-2.1394,0.0,Metal,Pccm,49,6
Mg2Ga_id2837_E-2.14.cif,Mg2Ga,-2.1385,0.0,Metal,I4/mmm,139,12
Li2Mg7Sc2_id2945_E-2.14.cif,Li2Mg7Sc2,-2.1381,0.0,Metal,Imm2,44,22
Ba3SrCaSi_id2730_E-2.14.cif,Ba3SrCaSi,-2.1378,0.0,Metal,R-3,148,36
Ti(Zn4Ga9)3_id3708_E-2.14.cif,Ti(Zn4Ga9)3,-2.1374,0.0,Metal,P432,207,40
CdGa2_id4960_E-2.14.cif,CdGa2,-2.1364,0.0,Metal,I4_1/acd,142,24
NaAl(In2Ga)2_id2688_E-2.13.cif,NaAl(In2Ga)2,-2.1346,0.0,Metal,C2/m,12,16
NaMg5Sc_id2481_E-2.13.cif,NaMg5Sc,-2.1324,0.0,Metal,I-4m2,119,14
TePSe5_id665_E-2.13.cif,TePSe5,-2.1305,1.456,Semiconductor,P2/m,10,7
MgAl(ZnGa)2_id2921_E-2.13.cif,MgAl(ZnGa)2,-2.1294,0.0,Metal,Pmma,51,12
Li4Al2Cd_id3146_E-2.13.cif,Li4Al2Cd,-2.1282,0.0,Metal,I-42d,122,28
Ca7O4_id3278_E-2.13.cif,Ca7O4,-2.1254,0.0,Metal,P4_2mc,105,22
Mg2CdSn_id4907_E-2.13.cif,Mg2CdSn,-2.1253,0.0,Metal,Fm-3m,225,16
MgBeGaB4_id4985_E-2.12.cif,MgBeGaB4,-2.1248,0.0,Metal,P4/mmm,123,28
Sc(Zn2Si)2_id4606_E-2.12.cif,Sc(Zn2Si)2,-2.1245,0.0,Metal,P4_2/nbc,133,28
MgIn2_id4654_E-2.12.cif,MgIn2,-2.1233,0.0,Metal,I4/mmm,139,6
Zn2O_id107_E-2.12.cif,Zn2O,-2.1213,1.771,Semiconductor,Amm2,38,12
Mg4Zn3Ge3N_id1377_E-2.12.cif,Mg4Zn3Ge3N,-2.1208,0.0,Metal,Pm-3n,223,22
Ca4Ge_id1379_E-2.12.cif,Ca4Ge,-2.1204,0.0,Metal,Ccce,68,20
Na2AlGa_id3145_E-2.12.cif,Na2AlGa,-2.1195,0.0,Metal,Fm-3m,225,16
Na3LiCa3MgS_id4263_E-2.12.cif,Na3LiCa3MgS,-2.1188,0.0,Metal,R3m,160,27
Zn3Ga8_id3624_E-2.12.cif,Zn3Ga8,-2.1188,0.0,Metal,P2,3,11
CaCdGe_id3608_E-2.12.cif,CaCdGe,-2.1187,0.0,Metal,P4_12_12,92,24
Ga_id3322_E-2.12.cif,Ga,-2.1182,0.0,Metal,P2_12_12_1,19,24
BaSr2CdSn_id1335_E-2.12.cif,BaSr2CdSn,-2.1175,0.0,Metal,P4/mmm,123,20
MgCd3C_id1036_E-2.12.cif,MgCd3C,-2.117,0.0,Metal,Pm-3m,221,5
Cd4In3Sn4_id2451_E-2.12.cif,Cd4In3Sn4,-2.1165,0.0,Metal,I-43d,220,44
MgIn3_id1103_E-2.12.cif,MgIn3,-2.1156,0.0,Metal,Cmcm,63,16
Zn7Ga6(BO)6_id502_E-2.12.cif,Zn7Ga6(BO)6,-2.1155,0.0,Metal,P6_322,182,50
Mg2Zn5Ge2_id1284_E-2.12.cif,Mg2Zn5Ge2,-2.1153,0.0,Metal,P-42m,111,9
Mg2Ge_id3556_E-2.11.cif,Mg2Ge,-2.115,0.302,Semiconductor,Pcc2,27,12
KLi2Ti3Cd4_id1946_E-2.11.cif,KLi2Ti3Cd4,-2.1135,0.0,Metal,Amm2,38,20
CdInGa4Si_id137_E-2.11.cif,CdInGa4Si,-2.1127,0.0,Metal,P-42m,111,7
ZnIn3_id3468_E-2.11.cif,ZnIn3,-2.1125,0.0,Metal,Immm,71,16
Ba4Li3Ga_id2897_E-2.11.cif,Ba4Li3Ga,-2.1115,0.0,Metal,Im-3m,229,16
LiMg2In2Sn_id659_E-2.11.cif,LiMg2In2Sn,-2.1112,0.0,Metal,C2/m,12,12
BaSr2Ca3Be2Zn2(SbP)2_id1895_E-2.11.cif,BaSr2Ca3Be2Zn2(SbP)2,-2.11,0.0,Metal,P6_2,171,42
K4TiIn4_id4601_E-2.11.cif,K4TiIn4,-2.1088,0.518,Semiconductor,P-42_1c,114,18
Li2Mg5Sc2Ti2(CdTe)2_id82_E-2.11.cif,Li2Mg5Sc2Ti2(CdTe)2,-2.1087,0.304,Semiconductor,Fmm2,42,60
NaSr2Al_id1264_E-2.11.cif,NaSr2Al,-2.1073,0.0,Metal,Fm-3m,225,16
Li(MgGa)3_id2041_E-2.11.cif,Li(MgGa)3,-2.1069,0.0,Metal,P3c1,158,14
Li6TiZn2_id2978_E-2.11.cif,Li6TiZn2,-2.1062,0.995,Semiconductor,Fm-3m,225,36
Mg2B_id852_E-2.11.cif,Mg2B,-2.1058,0.0,Metal,P6_422,181,18
Li4AlZn4InGa4_id3395_E-2.10.cif,Li4AlZn4InGa4,-2.1043,0.0,Metal,P2/m,10,14
Li3CaMgZn4In2(SnB2)2_id3641_E-2.10.cif,Li3CaMgZn4In2(SnB2)2,-2.104,0.0,Metal,P42_12,90,34
ScCd3_id4239_E-2.10.cif,ScCd3,-2.1028,0.0,Metal,P3c1,158,8
MgZnSn_id2584_E-2.10.cif,MgZnSn,-2.1025,0.0,Metal,I4_1md,109,12
BaCa6As_id4368_E-2.10.cif,BaCa6As,-2.1023,0.0,Metal,Pm-3m,221,8
NaLi5Te_id926_E-2.10.cif,NaLi5Te,-2.1022,0.855,Semiconductor,Pnn2,34,28
Sr2Li2Al2Ga2Ge_id1309_E-2.10.cif,Sr2Li2Al2Ga2Ge,-2.102,0.0,Metal,Pnma,62,36
K2Na3P_id17_E-2.10.cif,K2Na3P,-2.1013,0.263,Semiconductor,P2_12_12,18,12
Cd2In5Ga_id4765_E-2.10.cif,Cd2In5Ga,-2.1004,0.0,Metal,C2/m,12,16
Be3CdP5_id72_E-2.10.cif,Be3CdP5,-2.0978,0.0,Metal,P3_112,151,27
Sc4Ti(ZnGa)4_id3075_E-2.10.cif,Sc4Ti(ZnGa)4,-2.0975,0.002,Metal,P2_12_12,18,26
Zn2GaSn_id32_E-2.10.cif,Zn2GaSn,-2.0972,0.0,Metal,Imma,74,16
Li16Al8Cd2Sb_id3404_E-2.10.cif,Li16Al8Cd2Sb,-2.0967,0.0,Metal,Pnnn,48,54
In_id1894_E-2.10.cif,In,-2.0961,0.0,Metal,Pccm,49,4
Cd2Ga3_id675_E-2.10.cif,Cd2Ga3,-2.0959,0.0,Metal,Cmce,64,20
Sr4Mg2Zn(SiN)2_id2113_E-2.09.cif,Sr4Mg2Zn(SiN)2,-2.0942,0.0,Metal,P4/mnc,128,44
Mg6Al23Ga3_id1138_E-2.09.cif,Mg6Al23Ga3,-2.093,0.0,Metal,P-6,174,32
Na3As_id4662_E-2.09.cif,Na3As,-2.0925,0.0,Metal,P6/mmm,191,8
Li2Mg2AlZnCdIn2(GaSn)2_id4732_E-2.09.cif,Li2Mg2AlZnCdIn2(GaSn)2,-2.0922,0.0,Metal,P3_1,144,39
K8Li12Ga9SnAs(P2O5)2_id344_E-2.09.cif,K8Li12Ga9SnAs(P2O5)2,-2.0918,0.034,Metal,P4,75,45
K6Na3In2Sn11_id4093_E-2.09.cif,K6Na3In2Sn11,-2.0917,0.0,Metal,P6_3cm,185,44
Ca6Ga_id3877_E-2.09.cif,Ca6Ga,-2.09,0.0,Metal,Fm-3m,225,28
K3(CdIn6)2_id4910_E-2.09.cif,K3(CdIn6)2,-2.0877,0.0,Metal,P6cc,184,34
Zn2Sn_id3818_E-2.09.cif,Zn2Sn,-2.0855,0.0,Metal,I4/mmm,139,6
Li4AlSi2_id3666_E-2.08.cif,Li4AlSi2,-2.083,0.585,Semiconductor,P4_12_12,92,28
Ca14Sc_id840_E-2.08.cif,Ca14Sc,-2.0822,0.0,Metal,I4mm,107,30
Li4ZnCd3Ga8_id2290_E-2.08.cif,Li4ZnCd3Ga8,-2.0819,0.0,Metal,P-42c,112,32
Li4Cd3Sn_id4823_E-2.08.cif,Li4Cd3Sn,-2.0818,0.0,Metal,Im-3m,229,16
CaZn2In_id1161_E-2.08.cif,CaZn2In,-2.0812,0.0,Metal,Immm,71,8
KCdSn_id2803_E-2.08.cif,KCdSn,-2.0811,0.0,Metal,P-6m2,187,3
AlCd2Ga3_id217_E-2.08.cif,AlCd2Ga3,-2.0811,0.0,Metal,P4/mbm,127,12
AlZn2_id1647_E-2.08.cif,AlZn2,-2.0811,0.0,Metal,Fd-3m,227,24
Li4Mg7Sn5_id4812_E-2.08.cif,Li4Mg7Sn5,-2.0807,0.0,Metal,P-62m,189,16
NaIn_id3003_E-2.08.cif,NaIn,-2.0796,0.411,Semiconductor,Cmcm,63,8
Zn2InGa14_id3593_E-2.08.cif,Zn2InGa14,-2.0796,0.0,Metal,Pmna,53,34
Te_id4064_E-2.08.cif,Te,-2.0791,0.0,Metal,P4/mmm,123,4
Li2CdGe_id4431_E-2.08.cif,Li2CdGe,-2.0787,0.0,Metal,Cmcm,63,16
NaCa4Sn_id2322_E-2.08.cif,NaCa4Sn,-2.0784,0.0,Metal,I4_1/a,88,24
Li9ZnO_id1611_E-2.08.cif,Li9ZnO,-2.0782,4.769,Insulator,P2_12_12,18,44
Mg6ScSn_id3920_E-2.08.cif,Mg6ScSn,-2.0776,0.0,Metal,P6_122,178,48
SrIn14_id673_E-2.07.cif,SrIn14,-2.074,0.0,Metal,P4_2/nnm,134,30
BeZn4Ga3_id3373_E-2.07.cif,BeZn4Ga3,-2.0725,0.0,Metal,P-42c,112,16
Mg4Al3_id1441_E-2.07.cif,Mg4Al3,-2.0716,0.0,Metal,Cmce,64,28
CdIn2Ga_id24_E-2.07.cif,CdIn2Ga,-2.071,0.0,Metal,P-6m2,187,4
MgBe2Al3Cd2_id3650_E-2.07.cif,MgBe2Al3Cd2,-2.0701,0.0,Metal,Ibam,72,32
K4BaNaLiCd3InSnGe2AsP2O_id1500_E-2.07.cif,K4BaNaLiCd3InSnGe2AsP2O,-2.069,0.246,Semiconductor,P3_1,144,54
Ca8As3_id758_E-2.07.cif,Ca8As3,-2.0673,0.0,Metal,I-43d,220,44
MgAlCd_id3230_E-2.07.cif,MgAlCd,-2.0672,0.0,Metal,P6_3/mmc,194,6
Cd7Ge6_id3372_E-2.07.cif,Cd7Ge6,-2.0653,0.0,Metal,Fm-3m,225,52
BaLiCdSn4_id1185_E-2.06.cif,BaLiCdSn4,-2.0645,0.0,Metal,P4/mmm,123,28
NaMgGa2_id2074_E-2.06.cif,NaMgGa2,-2.0618,0.0,Metal,I4_1/amd,141,16
ScZn6_id995_E-2.06.cif,ScZn6,-2.0607,0.0,Metal,Fm-3m,225,28
Cd2In2GaSb_id66_E-2.06.cif,Cd2In2GaSb,-2.0602,0.0,Metal,P4_12_12,92,24
LiMg2CdGaSiGe_id2839_E-2.06.cif,LiMg2CdGaSiGe,-2.0584,0.049,Metal,P6_1,169,42
Ba2Li(Mg2Sn)2_id4410_E-2.06.cif,Ba2Li(Mg2Sn)2,-2.0581,0.0,Metal,P6_2,171,27
Na2Cd2In3Sn_id1117_E-2.06.cif,Na2Cd2In3Sn,-2.0579,0.006,Metal,Cmmm,65,16
KMgCdIn7_id4250_E-2.06.cif,KMgCdIn7,-2.0577,0.0,Metal,P312,149,10
Li6CdSn_id523_E-2.06.cif,Li6CdSn,-2.0575,0.0,Metal,F-43m,216,32
NaTe3_id4065_E-2.06.cif,NaTe3,-2.0568,0.0,Metal,Immm,71,8
Li4AlCdSiAs2_id2988_E-2.06.cif,Li4AlCdSiAs2,-2.0568,0.0,Metal,P4_2/mmc,131,18
Ba(LiIn)2_id2371_E-2.06.cif,Ba(LiIn)2,-2.0552,0.0,Metal,P6/mmm,191,10
LiZn2Ga2Sn_id2734_E-2.05.cif,LiZn2Ga2Sn,-2.0546,0.0,Metal,P3_1,144,18
Mg(AlIn2)2_id607_E-2.05.cif,Mg(AlIn2)2,-2.0509,0.0,Metal,P4_2/nnm,134,14
Sr3Li4P_id2892_E-2.05.cif,Sr3Li4P,-2.0505,0.0,Metal,Pm-3m,221,8
Li5In2_id570_E-2.05.cif,Li5In2,-2.0497,0.0,Metal,P6/mmm,191,14
BaSr(Al3Ga)2_id2827_E-2.05.cif,BaSr(Al3Ga)2,-2.0497,0.0,Metal,Amm2,38,20
In_id4310_E-2.05.cif,In,-2.0496,0.0,Metal,P2_12_12_1,19,20
Be4Zn2Ga_id2068_E-2.05.cif,Be4Zn2Ga,-2.0493,0.0,Metal,I2_12_12_1,24,28
ZnGaGe2_id2500_E-2.05.cif,ZnGaGe2,-2.0492,0.0,Metal,P4/mmm,123,4
LiAl5(ZnGa)2_id2854_E-2.05.cif,LiAl5(ZnGa)2,-2.0461,0.0,Metal,Pc,7,20
LiMgIn2_id1186_E-2.05.cif,LiMgIn2,-2.0452,0.0,Metal,P4/mmm,123,8
Li4In_id1971_E-2.04.cif,Li4In,-2.045,0.0,Metal,Ccce,68,20
Mg2AlGa_id278_E-2.04.cif,Mg2AlGa,-2.0427,0.0,Metal,I4_122,98,16
Ba2Na2Li2Ca2Mg(In2Ga)2_id412_E-2.04.cif,Ba2Na2Li2Ca2Mg(In2Ga)2,-2.0425,0.0,Metal,P-1,2,15
NaMg3(AlIn2)2_id839_E-2.04.cif,NaMg3(AlIn2)2,-2.0423,0.003,Metal,Immm,71,20
Zn2Ga3_id3779_E-2.04.cif,Zn2Ga3,-2.0395,0.0,Metal,I4/mcm,140,20
LiAl2Zn5_id2666_E-2.04.cif,LiAl2Zn5,-2.0387,0.0,Metal,I4/mmm,139,16
LiZn5(Ga5Si)2_id4737_E-2.04.cif,LiZn5(Ga5Si)2,-2.036,0.003,Metal,I422,97,36
BaAl(ZnGa)4_id2307_E-2.04.cif,BaAl(ZnGa)4,-2.0356,0.0,Metal,I-4m2,119,20
CdIn2_id4444_E-2.03.cif,CdIn2,-2.0339,0.0,Metal,Cmcm,63,24
Li3(ZnGa4)2_id4821_E-2.03.cif,Li3(ZnGa4)2,-2.0333,0.0,Metal,P-1,2,13
KLi4(BeGa2)4_id4539_E-2.03.cif,KLi4(BeGa2)4,-2.033,0.0,Metal,P4_2/nmc,137,34
Ba6Sr8(LiCa2)3_id2699_E-2.03.cif,Ba6Sr8(LiCa2)3,-2.0323,0.0,Metal,P6/mmm,191,23
Zn4CdGe2_id3566_E-2.03.cif,Zn4CdGe2,-2.0313,0.0,Metal,P-42m,111,7
Li2Mg2Cd3In3Sn2_id4405_E-2.03.cif,Li2Mg2Cd3In3Sn2,-2.0309,0.0,Metal,Pbam,55,24
NaLiMg3TiAs_id4865_E-2.03.cif,NaLiMg3TiAs,-2.0289,0.0,Metal,P6_5,170,42
AlZn4In2Ga_id806_E-2.03.cif,AlZn4In2Ga,-2.0284,0.0,Metal,I4mm,107,16
Li3Ga_id3721_E-2.03.cif,Li3Ga,-2.0277,0.0,Metal,I-42d,122,16
Li3Cd4In(Ga2Ge)2_id4638_E-2.03.cif,Li3Cd4In(Ga2Ge)2,-2.0262,0.0,Metal,P3_112,151,42
Li2CaMg2CdIn3O_id4746_E-2.03.cif,Li2CaMg2CdIn3O,-2.0252,0.0,Metal,P6_5,170,60
Ba2BeZn3Ga2_id3986_E-2.02.cif,Ba2BeZn3Ga2,-2.0246,0.107,Semiconductor,P3_121,152,24
CdSnSbTeO_id475_E-2.02.cif,CdSnSbTeO,-2.0217,0.415,Semiconductor,Pcca,54,40
MgAlZn4Ga2(Sn2Sb)2_id3923_E-2.02.cif,MgAlZn4Ga2(Sn2Sb)2,-2.0216,0.0,Metal,I422,97,28
LiMgCdGaSn2_id2204_E-2.02.cif,LiMgCdGaSn2,-2.0207,0.0,Metal,P4_322,95,24
Na4SrLi2GaSi3Ge_id1717_E-2.02.cif,Na4SrLi2GaSi3Ge,-2.0201,0.0,Metal,P4_3,78,48
KLiAs_id4496_E-2.02.cif,KLiAs,-2.0188,0.866,Semiconductor,P4_32_12,96,12
AlZn4GaSi4Ge_id1094_E-2.02.cif,AlZn4GaSi4Ge,-2.017,0.0,Metal,I422,97,44
Li6CaSc3(CdGa2)2_id1421_E-2.02.cif,Li6CaSc3(CdGa2)2,-2.0166,0.0,Metal,C222,21,32
Na3Sn_id3144_E-2.02.cif,Na3Sn,-2.0156,0.265,Semiconductor,R-3,148,24
Li3Zn6GaSi2_id1718_E-2.01.cif,Li3Zn6GaSi2,-2.0149,0.0,Metal,Ibam,72,48
Ga3Sn_id4753_E-2.01.cif,Ga3Sn,-2.0145,0.0,Metal,I4/mmm,139,8
Mg3Zn2N_id2443_E-2.01.cif,Mg3Zn2N,-2.0137,0.0,Metal,Pn-3m,224,12
Ga_id532_E-2.01.cif,Ga,-2.0133,1.942,Semiconductor,Cmmm,65,22
Li4CaMgAlIn2_id4648_E-2.01.cif,Li4CaMgAlIn2,-2.0121,0.0,Metal,I4/mcm,140,36
LiAlZn2_id969_E-2.01.cif,LiAlZn2,-2.0117,0.0,Metal,Ibam,72,16
Na2Mg2Zn2O_id2751_E-2.01.cif,Na2Mg2Zn2O,-2.0107,0.0,Metal,C222,21,28
Li5Mg2Sn_id4422_E-2.01.cif,Li5Mg2Sn,-2.0101,0.0,Metal,Ibam,72,32
LiMgZnIn_id430_E-2.01.cif,LiMgZnIn,-2.0099,0.0,Metal,F-43m,216,16
K2CdIn4Sn_id2457_E-2.01.cif,K2CdIn4Sn,-2.0098,0.0,Metal,P-42c,112,16
ZnSb_id1797_E-2.01.cif,ZnSb,-2.0095,0.0,Metal,P4_32_12,96,8
KCd(GaGe)2_id4557_E-2.01.cif,KCd(GaGe)2,-2.0093,0.0,Metal,Cmme,67,24
CaZn2Cd2Ga3Ge_id4830_E-2.01.cif,CaZn2Cd2Ga3Ge,-2.0093,0.0,Metal,P2/m,10,9
Li4Zn3Ga2_id4965_E-2.01.cif,Li4Zn3Ga2,-2.0093,0.0,Metal,P2_1/m,11,18
Ba2Cd3In2_id2532_E-2.01.cif,Ba2Cd3In2,-2.0092,0.0,Metal,Pn-3m,224,14
K2In2Sb3_id1589_E-2.01.cif,K2In2Sb3,-2.009,0.053,Semiconductor,I2_12_12_1,24,28
LiAl2(Zn2Ge)3_id3137_E-2.01.cif,LiAl2(Zn2Ge)3,-2.009,0.0,Metal,C222_1,20,48
Zn3Si_id713_E-2.01.cif,Zn3Si,-2.0062,0.0,Metal,Im-3m,229,8
LiMgZn2GaSn2_id1936_E-2.01.cif,LiMgZn2GaSn2,-2.0057,0.0,Metal,I2_12_12_1,24,28
Li4Ga3_id4868_E-2.01.cif,Li4Ga3,-2.0056,0.0,Metal,I-43d,220,28
Li6CdGa3_id2304_E-2.01.cif,Li6CdGa3,-2.0053,0.0,Metal,R-3,148,30
K2Na4SnTe_id2489_E-2.00.cif,K2Na4SnTe,-2.0041,0.003,Metal,P4_2/mcm,132,16
ZnCdGa2_id3123_E-2.00.cif,ZnCdGa2,-2.0033,0.0,Metal,I4/mmm,139,8
K2Ba2Li2Te(PO2)2_id1553_E-2.00.cif,K2Ba2Li2Te(PO2)2,-2.0028,2.766,Semiconductor,Pccn,56,52
Zn2In2Ga3_id1236_E-2.00.cif,Zn2In2Ga3,-2.0027,0.0,Metal,Cccm,66,28
NaSrLiSb4_id3076_E-2.00.cif,NaSrLiSb4,-2.0023,0.0,Metal,P4/mmm,123,28
Na2CdSn_id4484_E-2.00.cif,Na2CdSn,-2.0019,0.0,Metal,Fm-3m,225,16
Na(AlZn)2_id1613_E-2.00.cif,Na(AlZn)2,-2.0019,0.626,Semiconductor,I4/mcm,140,20
Li4Ca7Mg4Zn4In2Ga4(SiGe)2_id3662_E-2.00.cif,Li4Ca7Mg4Zn4In2Ga4(SiGe)2,-1.9982,0.0,Metal,P-1,2,29
Zn2CdGaGe_id3845_E-2.00.cif,Zn2CdGaGe,-1.998,0.0,Metal,Cmme,67,20
Mg4In2Ga5_id2756_E-2.00.cif,Mg4In2Ga5,-1.9978,0.0,Metal,Ccce,68,44
ZnGa6_id1470_E-2.00.cif,ZnGa6,-1.9975,0.0,Metal,P2_12_12_1,19,28
LiAl4Zn4In2Sb_id2510_E-2.00.cif,LiAl4Zn4In2Sb,-1.9972,0.0,Metal,C222,21,24
K2Ge_id3383_E-2.00.cif,K2Ge,-1.9965,0.06,Semiconductor,Pa-3,205,12
KNaSr2TeS4_id2793_E-2.00.cif,KNaSr2TeS4,-1.9952,0.169,Semiconductor,P4/mmm,123,9
CaMg6Ga2Sn_id2647_E-1.99.cif,CaMg6Ga2Sn,-1.9929,0.0,Metal,P42_12,90,20
Li2Ca2InSn_id3638_E-1.99.cif,Li2Ca2InSn,-1.9927,0.0,Metal,Cmmm,65,12
BaBeGaO_id4844_E-1.99.cif,BaBeGaO,-1.9927,0.0,Metal,P3_212,153,12
Mg5SbTe5As_id937_E-1.99.cif,Mg5SbTe5As,-1.9925,0.956,Semiconductor,Cm,8,24
Li4Mg2Ga_id4390_E-1.99.cif,Li4Mg2Ga,-1.9915,0.0,Metal,C2/m,12,14
Na4Li4Ga4Ge_id4644_E-1.99.cif,Na4Li4Ga4Ge,-1.9907,0.0,Metal,P-42_1c,114,26
SrCd4In8SnGe_id2171_E-1.99.cif,SrCd4In8SnGe,-1.9905,0.0,Metal,P-4n2,118,30
CaMg2Zn3Si2_id4291_E-1.99.cif,CaMg2Zn3Si2,-1.9895,0.0,Metal,Cmcm,63,32
Mg2Ga_id793_E-1.99.cif,Mg2Ga,-1.9886,0.0,Metal,Pa-3,205,12
Zn3Se_id154_E-1.99.cif,Zn3Se,-1.9884,0.0,Metal,P3c1,158,8
KMgAlCd4Sn3Sb3Te_id3938_E-1.99.cif,KMgAlCd4Sn3Sb3Te,-1.9881,0.0,Metal,P4_3,78,56
Li(MgAl)2_id3353_E-1.99.cif,Li(MgAl)2,-1.9877,0.0,Metal,P2/c,13,20
LiCa4Ga3_id2090_E-1.99.cif,LiCa4Ga3,-1.9874,0.0,Metal,I4/mcm,140,32
KMg2Cd2InSb2_id1586_E-1.99.cif,KMg2Cd2InSb2,-1.9871,0.0,Metal,P-3m1,164,8
AlZn2_id3754_E-1.99.cif,AlZn2,-1.9854,0.0,Metal,Aem2,39,12
Li15In4(GaSn)2_id3402_E-1.99.cif,Li15In4(GaSn)2,-1.9852,0.0,Metal,P-1,2,23
Ba3LiIn_id2285_E-1.98.cif,Ba3LiIn,-1.9833,0.0,Metal,P4/mmm,123,5
CaZn2CdGa2_id3072_E-1.98.cif,CaZn2CdGa2,-1.983,0.0,Metal,Immm,71,12
KNaScIn18_id710_E-1.98.cif,KNaScIn18,-1.9793,0.0,Metal,P1,1,21
Na2LiIn2_id3476_E-1.98.cif,Na2LiIn2,-1.9783,0.0,Metal,Pn-3m,224,10
Li6CdIn5_id432_E-1.98.cif,Li6CdIn5,-1.9775,0.0,Metal,P-62m,189,12
Ca9Mg4(ScZn)4_id612_E-1.98.cif,Ca9Mg4(ScZn)4,-1.9772,0.0,Metal,P4cc,103,42
BaZnGa4Sn_id4084_E-1.98.cif,BaZnGa4Sn,-1.9757,0.0,Metal,P-6m2,187,7
BaNaIn_id3611_E-1.98.cif,BaNaIn,-1.975,0.0,Metal,Ibca,73,48
LiMg2TiZn3Cd2InGa3Ge2P_id207_E-1.97.cif,LiMg2TiZn3Cd2InGa3Ge2P,-1.9745,0.0,Metal,P3_1,144,48
Sr3LiCa3O_id314_E-1.97.cif,Sr3LiCa3O,-1.9729,0.0,Metal,Pm-3m,221,8
Li2Ga2Te3_id156_E-1.97.cif,Li2Ga2Te3,-1.9719,0.336,Semiconductor,I4_132,214,28
Ba2NaLi2Si_id4131_E-1.97.cif,Ba2NaLi2Si,-1.9718,0.0,Metal,Cmmm,65,12
Li2MgAl2Zn3_id1710_E-1.97.cif,Li2MgAl2Zn3,-1.9716,0.0,Metal,C222,21,16
Cd12In6Sb7_id4160_E-1.97.cif,Cd12In6Sb7,-1.971,0.0,Metal,I23,197,50
K12NaCa3InO6_id4691_E-1.97.cif,K12NaCa3InO6,-1.9703,0.099,Semiconductor,P-31c,163,46
CaCd2In3Ga14_id4306_E-1.97.cif,CaCd2In3Ga14,-1.9694,0.0,Metal,P6/mmm,191,20
Li2CdIn2_id1218_E-1.97.cif,Li2CdIn2,-1.9653,0.0,Metal,Imma,74,20
Mg3Zn2Ge_id1329_E-1.96.cif,Mg3Zn2Ge,-1.965,0.0,Metal,Pn-3m,224,12
Li9AlIn_id4230_E-1.96.cif,Li9AlIn,-1.9643,0.0,Metal,P4/mmm,123,11
Li2MgCdIn2_id1234_E-1.96.cif,Li2MgCdIn2,-1.9641,0.0,Metal,Pmmm,47,6
Na2LiAl6Zn_id2132_E-1.96.cif,Na2LiAl6Zn,-1.9635,0.0,Metal,Fm-3m,225,40
Li4Al2GaGe_id3156_E-1.96.cif,Li4Al2GaGe,-1.9623,0.0,Metal,Pnn2,34,16
NaMg7Al6Zn3O6_id2639_E-1.96.cif,NaMg7Al6Zn3O6,-1.9594,0.114,Semiconductor,Pm-3,200,23
Ba(Zn2Si)2_id1951_E-1.96.cif,Ba(Zn2Si)2,-1.9594,0.0,Metal,I-4c2,120,28
K2In4Ga8Sn_id3586_E-1.96.cif,K2In4Ga8Sn,-1.9592,0.03,Metal,P4_2/mcm,132,30
Na2In2Ge_id109_E-1.96.cif,Na2In2Ge,-1.9583,0.0,Metal,P4_2/mmc,131,10
Zn2CdIn2SbTe_id1748_E-1.96.cif,Zn2CdIn2SbTe,-1.9579,0.0,Metal,P6_5,170,42
Li2MgGa_id4075_E-1.96.cif,Li2MgGa,-1.9567,0.0,Metal,Ibca,73,32
LiGa3_id3550_E-1.96.cif,LiGa3,-1.9559,0.0,Metal,F-43m,216,32
Sn_id2680_E-1.95.cif,Sn,-1.9543,4.502,Insulator,P4/mbm,127,24
Li2In8Ga_id4356_E-1.95.cif,Li2In8Ga,-1.9526,0.0,Metal,Pmmm,47,11
Sr2MgAlIn2Ga_id1856_E-1.95.cif,Sr2MgAlIn2Ga,-1.9518,0.0,Metal,P4/mmm,123,7
KMg2Cd16SnO4_id1305_E-1.95.cif,KMg2Cd16SnO4,-1.9507,1.323,Semiconductor,I-42m,121,48
K2NaGaSnSb3As4_id3848_E-1.95.cif,K2NaGaSnSb3As4,-1.9485,0.0,Metal,P3,143,12
Mg3In4Sn_id337_E-1.95.cif,Mg3In4Sn,-1.9473,0.0,Metal,P-4c2,116,16
Ba4Mg4Al2(CdIn)3_id3888_E-1.95.cif,Ba4Mg4Al2(CdIn)3,-1.9467,0.0,Metal,P-1,2,16
Li4Zn4N_id2195_E-1.95.cif,Li4Zn4N,-1.946,0.0,Metal,P-42_1c,114,18
Li3CaMg2ScAl2Cd2GaSn2SbTe3SeS2_id2013_E-1.95.cif,Li3CaMg2ScAl2Cd2GaSn2SbTe3SeS2,-1.9459,0.768,Semiconductor,P1,1,42
NaMgIn6_id3233_E-1.95.cif,NaMgIn6,-1.9457,0.0,Metal,P-31c,163,16
Li2Mg8Sc3Cd4_id2574_E-1.94.cif,Li2Mg8Sc3Cd4,-1.9425,0.0,Metal,P-1,2,17
Li2Mg2InGe2_id3583_E-1.94.cif,Li2Mg2InGe2,-1.9419,0.858,Semiconductor,I4/mcm,140,28
In_id1836_E-1.94.cif,In,-1.9411,0.0,Metal,P4/mmm,123,10
LiMgIn4_id4091_E-1.94.cif,LiMgIn4,-1.9402,0.0,Metal,P-62m,189,18
LiCd2GaGe_id671_E-1.94.cif,LiCd2GaGe,-1.9399,0.0,Metal,P3_1,144,15
Sr3Al2(CdIn)3_id4324_E-1.94.cif,Sr3Al2(CdIn)3,-1.9395,0.0,Metal,P23,195,22
NaLi2Sc2Cd3Ga2_id4058_E-1.94.cif,NaLi2Sc2Cd3Ga2,-1.939,0.294,Semiconductor,Cccm,66,40
Sr2CdB_id866_E-1.94.cif,Sr2CdB,-1.939,0.07,Semiconductor,P6_422,181,12
Na4Mg(ZnSb)4_id1433_E-1.94.cif,Na4Mg(ZnSb)4,-1.9381,0.393,Semiconductor,I4_1/a,88,52
LiMg2(ZnGa)2_id2524_E-1.94.cif,LiMg2(ZnGa)2,-1.9379,0.0,Metal,P-3m1,164,7
NaCd4As2(NO4)4_id1047_E-1.94.cif,NaCd4As2(NO4)4,-1.9353,2.337,Semiconductor,I222,23,54
Li4Te3_id188_E-1.93.cif,Li4Te3,-1.9337,1.049,Semiconductor,I4_132,214,28
CdGa_id873_E-1.93.cif,CdGa,-1.9334,0.0,Metal,Fd-3m,227,32
MgAl3SiTe2_id3186_E-1.93.cif,MgAl3SiTe2,-1.9327,2.34,Semiconductor,P2_1,4,14
Mg(Cd2S)2_id1677_E-1.93.cif,Mg(Cd2S)2,-1.9318,0.0,Metal,C222_1,20,28
LiZn2Ga_id718_E-1.93.cif,LiZn2Ga,-1.9315,0.0,Metal,Cmme,67,32
In6Ga2Sn_id2704_E-1.93.cif,In6Ga2Sn,-1.931,0.0,Metal,Pmna,53,18
K3Sn_id61_E-1.93.cif,K3Sn,-1.9296,0.0,Metal,Fm-3m,225,16
Mg2In_id3464_E-1.93.cif,Mg2In,-1.9293,0.0,Metal,Fm-3m,225,12
K3Ba6CaInTe_id2174_E-1.93.cif,K3Ba6CaInTe,-1.929,0.0,Metal,P-31c,163,24
Na2SrCdIn2Sb_id1211_E-1.93.cif,Na2SrCdIn2Sb,-1.9262,0.0,Metal,P-6m2,187,7
Zn2Cd3InSn2_id1541_E-1.93.cif,Zn2Cd3InSn2,-1.9261,0.0,Metal,P4_2/nmc,137,16
Ca(ZnGa)4_id2141_E-1.93.cif,Ca(ZnGa)4,-1.9251,0.0,Metal,P4_2/nmc,137,18
Sc4Ti(SeS10)2_id1777_E-1.92.cif,Sc4Ti(SeS10)2,-1.9232,1.746,Semiconductor,P-1,2,27
NaCdIn4_id2737_E-1.92.cif,NaCdIn4,-1.9228,0.0,Metal,P-1,2,12
Cd2InSn4_id681_E-1.92.cif,Cd2InSn4,-1.9225,0.0,Metal,Cmm2,35,14
KNa9Se2_id4494_E-1.92.cif,KNa9Se2,-1.9216,0.0,Metal,C2/c,15,48
K2ZnAs_id4878_E-1.92.cif,K2ZnAs,-1.9211,0.006,Metal,P3_221,154,12
Mg2In_id2240_E-1.92.cif,Mg2In,-1.9204,0.0,Metal,I4/mcm,140,12
Ca2Zn2In_id3320_E-1.92.cif,Ca2Zn2In,-1.9186,0.0,Metal,Pn-3m,224,10
Li4Al2Cd_id489_E-1.92.cif,Li4Al2Cd,-1.9178,0.0,Metal,I-42d,122,28
Ba12CdIn6_id4313_E-1.92.cif,Ba12CdIn6,-1.9176,0.0,Metal,P-43n,218,38
Na8Be12Zn6S5O6_id3555_E-1.92.cif,Na8Be12Zn6S5O6,-1.9157,0.253,Semiconductor,P1,1,37
Mg4BeAl2Zn_id3547_E-1.92.cif,Mg4BeAl2Zn,-1.9156,0.0,Metal,I4/mmm,139,16
Na2LiAl4_id436_E-1.92.cif,Na2LiAl4,-1.9153,0.0,Metal,Fd-3m,227,56
Mg2Cd2In6Ga2Sn6Ge_id1178_E-1.91.cif,Mg2Cd2In6Ga2Sn6Ge,-1.9126,0.06,Semiconductor,P6_4,172,57
Li(InGa)2_id4542_E-1.91.cif,Li(InGa)2,-1.9119,0.0,Metal,P4_2cm,101,40
NaIn_id4581_E-1.91.cif,NaIn,-1.9116,0.0,Metal,C222,21,16
Li2Mg4Sc3Cd_id1685_E-1.91.cif,Li2Mg4Sc3Cd,-1.9106,0.0,Metal,P4_2/mmc,131,20
LiCd2Sb_id3462_E-1.91.cif,LiCd2Sb,-1.9098,0.0,Metal,P-6m2,187,4
LiMg2TiZn_id605_E-1.91.cif,LiMg2TiZn,-1.9072,0.0,Metal,Pmmm,47,10
Al4Sn_id4621_E-1.90.cif,Al4Sn,-1.9048,0.0,Metal,P4_2/nmc,137,10
Ca_id494_E-1.90.cif,Ca,-1.9046,0.0,Metal,P2_12_12_1,19,8
Li2AlGa2Sn_id1209_E-1.90.cif,Li2AlGa2Sn,-1.9033,0.0,Metal,Pmc2_1,26,12
BaSr3ZnIn3Sn2_id3694_E-1.90.cif,BaSr3ZnIn3Sn2,-1.9022,0.0,Metal,P6_122,178,60
KNa7Sb2_id29_E-1.90.cif,KNa7Sb2,-1.9012,0.119,Semiconductor,P312,149,10
Li4Mg2AlGa2_id128_E-1.90.cif,Li4Mg2AlGa2,-1.9011,0.0,Metal,Cmce,64,36
Ba5Ge3_id2483_E-1.90.cif,Ba5Ge3,-1.9008,0.0,Metal,P-4n2,118,16
Be4AlZn2SiGe_id3672_E-1.90.cif,Be4AlZn2SiGe,-1.9003,0.0,Metal,Cmcm,63,36
Cd2InGeP_id2480_E-1.90.cif,Cd2InGeP,-1.8979,0.0,Metal,P4_2/mmc,131,10
NaZn6GaSnSb_id561_E-1.90.cif,NaZn6GaSnSb,-1.8978,0.0,Metal,P312,149,10
Na4Mg3(In2Sn)2_id672_E-1.90.cif,Na4Mg3(In2Sn)2,-1.8967,0.393,Semiconductor,P4_232,208,26
LiCa2Mg(CdSn)2_id2960_E-1.90.cif,LiCa2Mg(CdSn)2,-1.8964,0.0,Metal,Pbam,55,16
CaMg9Sn2_id3945_E-1.90.cif,CaMg9Sn2,-1.8952,0.01,Metal,P4_2bc,106,48
Na6ScAl_id2158_E-1.89.cif,Na6ScAl,-1.8941,0.0,Metal,Fm-3m,225,32
LiMg7Sn2_id4367_E-1.89.cif,LiMg7Sn2,-1.894,0.0,Metal,Fm-3m,225,40
BeZnSi_id384_E-1.89.cif,BeZnSi,-1.8935,0.247,Semiconductor,P4_132,213,24
K3Ba(Li3Ga)4_id2535_E-1.89.cif,K3Ba(Li3Ga)4,-1.8934,0.078,Semiconductor,Im-3,204,40
Ca4Mg7Sc3_id1199_E-1.89.cif,Ca4Mg7Sc3,-1.8927,0.0,Metal,Im-3m,229,28
Li4Al2Zn2In2Ga7_id4430_E-1.89.cif,Li4Al2Zn2In2Ga7,-1.8921,0.0,Metal,P-1,2,17
Mg2In_id3950_E-1.89.cif,Mg2In,-1.8906,0.0,Metal,Cmcm,63,24
Mg2Sn_id1794_E-1.89.cif,Mg2Sn,-1.8896,0.0,Metal,Iba2,45,12
BaNa3SrLi6(CdIn2)6_id4677_E-1.89.cif,BaNa3SrLi6(CdIn2)6,-1.8893,0.0,Metal,Pm-3,200,29
Na2Li4Mg3TiIn2_id4393_E-1.89.cif,Na2Li4Mg3TiIn2,-1.889,0.0,Metal,P-4m2,115,12
Mg9(Ga6C)2_id31_E-1.89.cif,Mg9(Ga6C)2,-1.8874,0.888,Semiconductor,P6/mcc,192,46
Li6ZnGa_id678_E-1.89.cif,Li6ZnGa,-1.8856,0.0,Metal,P-1,2,32
KTe9_id3346_E-1.89.cif,KTe9,-1.8852,0.458,Semiconductor,C2,5,20
K5NaLiGaGe3_id3956_E-1.88.cif,K5NaLiGaGe3,-1.8848,0.0,Metal,P3,143,11
ScBeZn4Ga2Si_id4208_E-1.88.cif,ScBeZn4Ga2Si,-1.8848,0.0,Metal,Amm2,38,18
ZnIn_id3206_E-1.88.cif,ZnIn,-1.8843,0.0,Metal,P4/mmm,123,8
Ga_id670_E-1.88.cif,Ga,-1.8842,0.0,Metal,P2_12_12_1,19,20
Ba_id3051_E-1.88.cif,Ba,-1.883,0.0,Metal,Im-3m,229,16
BeZn3Ga_id1910_E-1.88.cif,BeZn3Ga,-1.8815,0.0,Metal,P4mm,99,10
K4Sn3_id994_E-1.88.cif,K4Sn3,-1.8799,0.0,Metal,F-43m,216,56
Ba2CaCdIn2Ga_id3983_E-1.88.cif,Ba2CaCdIn2Ga,-1.8796,0.0,Metal,P4/mmm,123,7
Ca2ZnCdGaGe2_id902_E-1.88.cif,Ca2ZnCdGaGe2,-1.8793,0.0,Metal,P4nc,104,56
Ba4Sn2B_id679_E-1.88.cif,Ba4Sn2B,-1.8792,0.0,Metal,P4/mnc,128,14
LiIn4_id379_E-1.88.cif,LiIn4,-1.8781,0.0,Metal,P4_2/n,86,10
Na2InGa_id2550_E-1.88.cif,Na2InGa,-1.8777,0.048,Metal,P2/c,13,16
Ba2SiSn4Ge2Sb_id1099_E-1.88.cif,Ba2SiSn4Ge2Sb,-1.877,0.002,Metal,P6_122,178,60
MgZn4Ga3_id504_E-1.87.cif,MgZn4Ga3,-1.8747,0.0,Metal,P-4c2,116,16
Li2Mg2CdIn6_id3200_E-1.87.cif,Li2Mg2CdIn6,-1.8746,0.0,Metal,Fmmm,69,44
LiMg3Cd3Sn2_id639_E-1.87.cif,LiMg3Cd3Sn2,-1.8739,0.0,Metal,P-6m2,187,9
Li3(CdSn)2_id3273_E-1.87.cif,Li3(CdSn)2,-1.8725,0.0,Metal,P6/mmm,191,21
BaLi_id4288_E-1.87.cif,BaLi,-1.8708,0.0,Metal,Pm-3m,221,16
Zn4InGa2_id3584_E-1.87.cif,Zn4InGa2,-1.8707,0.0,Metal,I4/mcm,140,28
ScAl2Zn_id3053_E-1.87.cif,ScAl2Zn,-1.8705,0.0,Metal,P4_2cm,101,8
Cd2In2Ga_id1868_E-1.87.cif,Cd2In2Ga,-1.8699,0.0,Metal,Ccc2,37,40
Na3Mg4Ga3_id2956_E-1.87.cif,Na3Mg4Ga3,-1.8672,0.0,Metal,I-43d,220,40
LiMgZn2(CdGa2)2_id3492_E-1.87.cif,LiMgZn2(CdGa2)2,-1.8671,0.0,Metal,Immm,71,20
Mg3Ga_id2206_E-1.87.cif,Mg3Ga,-1.8667,0.0,Metal,P6_3/mmc,194,8
LiCa4Cd3_id2098_E-1.87.cif,LiCa4Cd3,-1.8661,0.0,Metal,Im-3m,229,16
Ca2Zn3Cd3Ga4_id1093_E-1.87.cif,Ca2Zn3Cd3Ga4,-1.8659,0.0,Metal,I4mm,107,48
Na6CaSi_id4544_E-1.87.cif,Na6CaSi,-1.8655,0.0,Metal,R-3,148,48
KLiZnCd2In12GaSnTeSe_id4590_E-1.86.cif,KLiZnCd2In12GaSnTeSe,-1.8646,0.0,Metal,P2_1,4,42
Zn5(Ga2Sn)2_id1607_E-1.86.cif,Zn5(Ga2Sn)2,-1.8643,0.0,Metal,Pcc2,27,22
In10Sn3Sb_id3241_E-1.86.cif,In10Sn3Sb,-1.8642,0.0,Metal,Pm-3,200,14
Li6CaIn16_id626_E-1.86.cif,Li6CaIn16,-1.8642,0.0,Metal,I23,197,46
KNa4Sn2Sb_id3480_E-1.86.cif,KNa4Sn2Sb,-1.8614,0.0,Metal,P4_2/m,84,16
Al3Ga11Si3_id4020_E-1.86.cif,Al3Ga11Si3,-1.8613,2.78,Semiconductor,P31m,157,17
Ga_id2630_E-1.86.cif,Ga,-1.8604,0.0,Metal,Pm-3n,223,12
LiZn2Cd4(GaSn)2_id4806_E-1.86.cif,LiZn2Cd4(GaSn)2,-1.8575,0.0,Metal,Pban,50,22
Mg5GaSn_id754_E-1.86.cif,Mg5GaSn,-1.857,0.0,Metal,I4mm,107,14
LiSiTe_id3807_E-1.86.cif,LiSiTe,-1.8566,0.589,Semiconductor,P4cc,103,24
SrGa15_id2799_E-1.86.cif,SrGa15,-1.8553,0.0,Metal,Imm2,44,32
MgIn_id2042_E-1.85.cif,MgIn,-1.854,0.0,Metal,P4_3,78,8
Zn3In11_id1688_E-1.85.cif,Zn3In11,-1.8537,0.0,Metal,P6_3cm,185,28
Li3TiZn12(InGa4)3_id1435_E-1.85.cif,Li3TiZn12(InGa4)3,-1.8527,0.0,Metal,Pm-3m,221,31
Ba2NaCa2Ti_id1534_E-1.85.cif,Ba2NaCa2Ti,-1.8523,0.0,Metal,P4/mbm,127,12
Al6ZnGa4_id2367_E-1.85.cif,Al6ZnGa4,-1.8516,0.0,Metal,P-62m,189,11
CdGa_id4578_E-1.85.cif,CdGa,-1.8514,0.0,Metal,P6_222,180,6
BaLi5Sn_id4877_E-1.85.cif,BaLi5Sn,-1.8502,0.0,Metal,P4/mmm,123,28
NaIn5_id2655_E-1.85.cif,NaIn5,-1.8496,0.0,Metal,I4_1/a,88,24
Sc3Zn9O2_id2634_E-1.85.cif,Sc3Zn9O2,-1.8459,0.0,Metal,Pm-3m,221,14
LiCdSn_id3856_E-1.85.cif,LiCdSn,-1.8458,0.0,Metal,P4_122,91,12
KNa2Ga2O_id1509_E-1.84.cif,KNa2Ga2O,-1.845,0.005,Metal,I4/mmm,139,12
Li4Zn4Ga_id4304_E-1.84.cif,Li4Zn4Ga,-1.8425,0.0,Metal,P-42_1c,114,18
AlZn2_id536_E-1.84.cif,AlZn2,-1.8405,0.0,Metal,Cmmm,65,12
Sr4Ga_id4125_E-1.84.cif,Sr4Ga,-1.8395,0.023,Metal,Ccce,68,20
K3Ba2O_id2469_E-1.84.cif,K3Ba2O,-1.8375,0.0,Metal,Pn-3m,224,12
Li12Ga8SiGe_id148_E-1.84.cif,Li12Ga8SiGe,-1.8371,0.0,Metal,P4/mcc,124,44
BaMg5Al_id1483_E-1.84.cif,BaMg5Al,-1.8366,0.0,Metal,I-4m2,119,14
K4Mg2InO2_id1741_E-1.84.cif,K4Mg2InO2,-1.8352,0.0,Metal,P4bm,100,18
Cd2Sn_id1449_E-1.84.cif,Cd2Sn,-1.835,0.0,Metal,P4/mmm,123,12
KLi2(CdSn)4_id2819_E-1.83.cif,KLi2(CdSn)4,-1.8344,0.0,Metal,I-4c2,120,44
LiMg2Cd2Sn_id4610_E-1.83.cif,LiMg2Cd2Sn,-1.8339,0.0,Metal,P2/m,10,6
ZnGa_id1136_E-1.83.cif,ZnGa,-1.833,0.0,Metal,P6_1,169,36
KSrMgZn2BO_id249_E-1.83.cif,KSrMgZn2BO,-1.8329,0.0,Metal,P6_5,170,42
BaLi6CaSc_id4955_E-1.83.cif,BaLi6CaSc,-1.8326,0.0,Metal,P-31c,163,18
Al2Zn4Cd(InGa)2_id1758_E-1.83.cif,Al2Zn4Cd(InGa)2,-1.8326,0.0,Metal,P2,3,11
Ca4MgCd3_id4300_E-1.83.cif,Ca4MgCd3,-1.8323,0.0,Metal,Im-3m,229,16
MgAlZn2O_id3341_E-1.83.cif,MgAlZn2O,-1.832,0.0,Metal,Cmc2_1,36,20
Mg2Te_id1244_E-1.83.cif,Mg2Te,-1.832,0.0,Metal,P4/m,83,12
Li4Be2NO12_id3288_E-1.83.cif,Li4Be2NO12,-1.8317,0.0,Metal,P4/mcc,124,38
KIn_id3356_E-1.83.cif,KIn,-1.8313,0.214,Semiconductor,Cmmm,65,16
ZnInGa_id3110_E-1.83.cif,ZnInGa,-1.8296,0.0,Metal,P4_2bc,106,24
K7CdSn3_id2246_E-1.83.cif,K7CdSn3,-1.8278,0.018,Metal,P-31c,163,22
Zn2As_id3319_E-1.83.cif,Zn2As,-1.8266,0.0,Metal,Pmmm,47,6
MgCd2In5_id3844_E-1.82.cif,MgCd2In5,-1.8246,0.0,Metal,C2/m,12,16
BaLi12(Cd2N)3_id1445_E-1.82.cif,BaLi12(Cd2N)3,-1.8235,0.0,Metal,Im-3,204,44
Li4ZnIn_id2126_E-1.82.cif,Li4ZnIn,-1.8226,0.0,Metal,Aem2,39,24
Li2Mg2Zn2In5Sn2_id1281_E-1.82.cif,Li2Mg2Zn2In5Sn2,-1.8217,0.0,Metal,P2_1/c,14,26
Ba2Mg_id2843_E-1.82.cif,Ba2Mg,-1.82,0.0,Metal,I4/mcm,140,12
Li19MgTiAl2Ga_id1385_E-1.82.cif,Li19MgTiAl2Ga,-1.8198,0.0,Metal,P2,3,24
Mg2TiZnCd2_id99_E-1.82.cif,Mg2TiZnCd2,-1.8196,0.0,Metal,Pmmm,47,6
Zn2Ga_id2916_E-1.82.cif,Zn2Ga,-1.8192,0.0,Metal,Ibam,72,24
Mg3Sc5_id1466_E-1.82.cif,Mg3Sc5,-1.8188,0.0,Metal,P-4c2,116,16
K2Ba3Sn_id3610_E-1.82.cif,K2Ba3Sn,-1.8183,0.0,Metal,Cmmm,65,12
Ca_id2616_E-1.82.cif,Ca,-1.8183,0.0,Metal,I4_1/acd,142,16
Al4Zn5_id4372_E-1.81.cif,Al4Zn5,-1.8139,0.0,Metal,P4_232,208,54
Ba2Sb3As2_id2007_E-1.81.cif,Ba2Sb3As2,-1.8129,1.962,Semiconductor,Pm,6,28
Li_id4681_E-1.81.cif,Li,-1.8125,0.0,Metal,I4_1/acd,142,48
Zn2Ga5_id1664_E-1.81.cif,Zn2Ga5,-1.812,0.0,Metal,P4_2/nnm,134,14
Zn3Sb_id3275_E-1.81.cif,Zn3Sb,-1.8108,0.0,Metal,P3_121,152,12
Mg2Cd3In2Sn_id2637_E-1.81.cif,Mg2Cd3In2Sn,-1.8106,0.0,Metal,Pbam,55,16
LiIn3_id4614_E-1.81.cif,LiIn3,-1.8096,0.0,Metal,Pm-3m,221,12
NaSr2CdSn_id1746_E-1.81.cif,NaSr2CdSn,-1.8095,0.0,Metal,Pnnn,48,20
Li2Be3Zn2GaSiSn_id3351_E-1.81.cif,Li2Be3Zn2GaSiSn,-1.8093,0.0,Metal,P4_3,78,40
Ga_id1128_E-1.81.cif,Ga,-1.8081,0.0,Metal,P3_212,153,3
In11Ga_id3981_E-1.81.cif,In11Ga,-1.807,0.607,Semiconductor,P6/mmm,191,12
KMg2Sn_id3484_E-1.81.cif,KMg2Sn,-1.8068,0.0,Metal,P4_122,91,16
Ga_id4655_E-1.80.cif,Ga,-1.8035,0.0,Metal,I4/mmm,139,8
Li(MgGa)4_id4536_E-1.80.cif,Li(MgGa)4,-1.8022,0.0,Metal,Ccce,68,36
Zn4GaB_id4361_E-1.80.cif,Zn4GaB,-1.8007,0.0,Metal,I2_12_12_1,24,48
SrCa5_id3007_E-1.80.cif,SrCa5,-1.8,0.0,Metal,P6/mmm,191,6
Cd4In3Ga2SnGe2_id4520_E-1.80.cif,Cd4In3Ga2SnGe2,-1.7993,0.0,Metal,Fmm2,42,48
ZnCdInGa_id3138_E-1.80.cif,ZnCdInGa,-1.7992,0.0,Metal,Cmme,67,16
LiCdIn2_id1424_E-1.80.cif,LiCdIn2,-1.7985,0.0,Metal,Pmma,51,8
Ba4(CaMg)3_id2761_E-1.80.cif,Ba4(CaMg)3,-1.797,0.0,Metal,I-43d,220,40
Li5Mg4In2Ga_id537_E-1.80.cif,Li5Mg4In2Ga,-1.7968,0.0,Metal,P-42_1c,114,24
BaMg_id4221_E-1.80.cif,BaMg,-1.7965,0.0,Metal,Pm-3m,221,16
Zn2B_id1680_E-1.80.cif,Zn2B,-1.796,0.387,Semiconductor,P6_422,181,9
Ca8Sc2GeP_id3038_E-1.80.cif,Ca8Sc2GeP,-1.7959,0.0,Metal,P1,1,24
K2Ga2Si_id3059_E-1.80.cif,K2Ga2Si,-1.7958,0.419,Semiconductor,I4/mmm,139,10
In8Sn_id1867_E-1.79.cif,In8Sn,-1.7948,0.0,Metal,P4_222,93,18
Li2Mg3ZnIn2_id3086_E-1.79.cif,Li2Mg3ZnIn2,-1.7914,0.0,Metal,Pbam,55,16
BaCa2_id3454_E-1.79.cif,BaCa2,-1.7887,0.0,Metal,P6/mmm,191,6
BaCa2_id2465_E-1.79.cif,BaCa2,-1.7887,0.0,Metal,P6/mmm,191,6
AlZn5(InGa)2_id3290_E-1.79.cif,AlZn5(InGa)2,-1.7878,0.0,Metal,I422,97,20
In_id2464_E-1.79.cif,In,-1.787,0.239,Semiconductor,P222,16,24
NaLi12Mg2Al2(In3Sn)2_id4122_E-1.79.cif,NaLi12Mg2Al2(In3Sn)2,-1.7865,0.0,Metal,P2,3,25
Ga3Si2GeSbTe_id2236_E-1.78.cif,Ga3Si2GeSbTe,-1.7846,1.06,Semiconductor,P4_32_12,96,32
MgIn_id2965_E-1.78.cif,MgIn,-1.7806,0.0,Metal,I-43d,220,24
Ba2SrAsP_id1778_E-1.78.cif,Ba2SrAsP,-1.7805,0.0,Metal,P4_2mc,105,20
NaLi4Mg3In_id4597_E-1.78.cif,NaLi4Mg3In,-1.7802,0.0,Metal,I-4m2,119,18
Al2Zn2InGe_id3534_E-1.78.cif,Al2Zn2InGe,-1.7795,0.0,Metal,P6_222,180,18
AlZn6Ga_id145_E-1.78.cif,AlZn6Ga,-1.7793,0.0,Metal,Pm-3,200,8
SrAl(Zn2Ga)4_id1169_E-1.78.cif,SrAl(Zn2Ga)4,-1.7792,0.0,Metal,I-4m2,119,28
Ba12Ca(ZnTe)4_id3348_E-1.78.cif,Ba12Ca(ZnTe)4,-1.7772,0.0,Metal,P4_2/n,86,42
Li5Zn3Ga_id1496_E-1.78.cif,Li5Zn3Ga,-1.7764,0.0,Metal,I4/mcm,140,36
ZnCd2Sb_id2072_E-1.78.cif,ZnCd2Sb,-1.7757,0.0,Metal,I4/mmm,139,8
Na2CaIn3_id2611_E-1.78.cif,Na2CaIn3,-1.7757,0.0,Metal,P4/mmm,123,6
NaIn4_id2512_E-1.78.cif,NaIn4,-1.7752,0.0,Metal,P4_2/n,86,10
Mg(ZnGa)4_id3963_E-1.78.cif,Mg(ZnGa)4,-1.775,0.0,Metal,P4_2/nmc,137,18
Ba2BeB_id876_E-1.77.cif,Ba2BeB,-1.7747,0.0,Metal,P6_422,181,12
Sr2Ca3In_id3562_E-1.77.cif,Sr2Ca3In,-1.7744,0.039,Metal,Pbam,55,12
CdIn_id3416_E-1.77.cif,CdIn,-1.7741,0.0,Metal,P4/nmm,129,8
LiAlZn4_id3784_E-1.77.cif,LiAlZn4,-1.7737,0.0,Metal,I422,97,12
Li3Cd2_id4639_E-1.77.cif,Li3Cd2,-1.7735,0.083,Semiconductor,F-43m,216,40
CdGa_id2590_E-1.77.cif,CdGa,-1.7734,0.0,Metal,Cmcm,63,24
CdIn_id1143_E-1.77.cif,CdIn,-1.7731,0.0,Metal,P4/nmm,129,8
GeSb6Te_id3037_E-1.77.cif,GeSb6Te,-1.773,0.0,Metal,I4/mmm,139,16
Na2SnSb2Se3_id2261_E-1.77.cif,Na2SnSb2Se3,-1.7723,3.891,Insulator,P4/mmm,123,8
MgGa_id3070_E-1.77.cif,MgGa,-1.772,0.0,Metal,P4_32_12,96,8
Ba3Sr5Ca3_id2485_E-1.77.cif,Ba3Sr5Ca3,-1.7717,0.0,Metal,P-6m2,187,11
Mg7In_id1915_E-1.77.cif,Mg7In,-1.7711,0.0,Metal,Fm-3m,225,32
LiCd3In5_id913_E-1.77.cif,LiCd3In5,-1.7708,0.0,Metal,Pmna,53,18
Ti3Zn7_id3115_E-1.77.cif,Ti3Zn7,-1.7696,0.137,Semiconductor,Pm-3,200,10
Mg4(ZnGa)3_id1486_E-1.77.cif,Mg4(ZnGa)3,-1.7691,0.0,Metal,Pbam,55,20
Ba4Mg3Zn_id3213_E-1.77.cif,Ba4Mg3Zn,-1.769,0.0,Metal,Im-3m,229,16
Ba2MgCd_id1996_E-1.77.cif,Ba2MgCd,-1.7689,0.0,Metal,Fm-3m,225,16
Al2Zn9Ga7S2_id1907_E-1.77.cif,Al2Zn9Ga7S2,-1.7688,0.0,Metal,P-1,2,20
LiAl5InSb_id2137_E-1.77.cif,LiAl5InSb,-1.7685,0.0,Metal,P2_1/m,11,16
Na7CaInSb_id1791_E-1.77.cif,Na7CaInSb,-1.7684,0.024,Metal,P312,149,10
Mg4Sc3ZnGa4_id233_E-1.77.cif,Mg4Sc3ZnGa4,-1.768,0.0,Metal,F-43m,216,48
Al(Zn2Ga)2_id1233_E-1.77.cif,Al(Zn2Ga)2,-1.7677,0.0,Metal,Pnnn,48,28
ZnGa_id2951_E-1.77.cif,ZnGa,-1.7676,0.0,Metal,Immm,71,8
CdIn_id4690_E-1.77.cif,CdIn,-1.7676,0.0,Metal,I4_1/acd,142,32
Ba_id1098_E-1.77.cif,Ba,-1.7671,0.0,Metal,P-31m,162,12
Li2CaZn2_id3228_E-1.77.cif,Li2CaZn2,-1.7661,0.0,Metal,I4/mcm,140,20
Mg3AlZn4_id4966_E-1.77.cif,Mg3AlZn4,-1.766,0.0,Metal,Im-3m,229,16
MgCdAs2_id4101_E-1.76.cif,MgCdAs2,-1.7649,0.0,Metal,Pccm,49,8
Ca11Mg_id3798_E-1.76.cif,Ca11Mg,-1.7643,0.0,Metal,P-31m,162,12
Ba2Sr2Ca4Mg_id4946_E-1.76.cif,Ba2Sr2Ca4Mg,-1.7643,0.0,Metal,P4/mmm,123,9
Sr2Li5Mg5(In2Sn)2_id2980_E-1.76.cif,Sr2Li5Mg5(In2Sn)2,-1.7643,0.082,Semiconductor,P-1,2,18
ZnGa2Sn_id3951_E-1.76.cif,ZnGa2Sn,-1.764,0.0,Metal,P4_2/mcm,132,8
Mg2In_id79_E-1.76.cif,Mg2In,-1.7639,0.0,Metal,I4_1/acd,142,24
Mg7InSn_id3597_E-1.76.cif,Mg7InSn,-1.7637,0.0,Metal,P-6m2,187,9
Zn3GaSb_id3864_E-1.76.cif,Zn3GaSb,-1.7637,0.0,Metal,Pccm,49,10
In4Sn_id3343_E-1.76.cif,In4Sn,-1.7635,0.0,Metal,P-43m,215,5
K6Na7ZnGa2GeSbAs3_id1148_E-1.76.cif,K6Na7ZnGa2GeSbAs3,-1.7624,0.798,Semiconductor,P1,1,21
K4Ti2Si_id921_E-1.76.cif,K4Ti2Si,-1.7622,0.453,Semiconductor,P4/mcc,124,28
Li6Zn5Cd2(GaTe2)2_id4097_E-1.76.cif,Li6Zn5Cd2(GaTe2)2,-1.7617,0.0,Metal,Immm,71,38
Na2Be2AlGaGe_id3606_E-1.76.cif,Na2Be2AlGaGe,-1.7614,0.95,Semiconductor,P3_112,151,21
K(Zn3Ga7)2_id868_E-1.76.cif,K(Zn3Ga7)2,-1.7602,0.0,Metal,Pmna,53,42
MgCd3GaSn_id3216_E-1.76.cif,MgCd3GaSn,-1.7583,0.0,Metal,P-1,2,12
ZnCd2Ga5_id1682_E-1.76.cif,ZnCd2Ga5,-1.7581,0.0,Metal,Cmcm,63,32
Zn2B_id235_E-1.76.cif,Zn2B,-1.7572,0.111,Semiconductor,P6_422,181,9
Mg5(Zn2Ge)4_id4199_E-1.76.cif,Mg5(Zn2Ge)4,-1.7568,0.0,Metal,I422,97,34
Cd2InSn_id550_E-1.76.cif,Cd2InSn,-1.7565,0.0,Metal,P6_3/mmc,194,8
Mg3Zn4Sn_id4051_E-1.76.cif,Mg3Zn4Sn,-1.7556,0.0,Metal,Im-3m,229,16
Cd2Sn_id4995_E-1.75.cif,Cd2Sn,-1.7548,0.0,Metal,I4/mmm,139,6
K3Na6(LiAs)2_id1642_E-1.75.cif,K3Na6(LiAs)2,-1.7539,0.869,Semiconductor,R-3,148,39
Mg4In7_id2253_E-1.75.cif,Mg4In7,-1.7531,0.0,Metal,P4_22_12,94,22
MgZnIn_id1149_E-1.75.cif,MgZnIn,-1.7528,0.0,Metal,F-43m,216,12
Li(MgIn)2_id4657_E-1.75.cif,Li(MgIn)2,-1.7527,0.0,Metal,Imm2,44,10
BaNa2(CdIn)2_id2786_E-1.75.cif,BaNa2(CdIn)2,-1.7527,0.0,Metal,I4/mmm,139,14
BaCd_id3308_E-1.75.cif,BaCd,-1.7524,0.0,Metal,Pm-3m,221,16
Li2MgZnSn_id950_E-1.75.cif,Li2MgZnSn,-1.7516,0.0,Metal,P4_2/mmc,131,10
Na7In3_id716_E-1.75.cif,Na7In3,-1.751,0.453,Semiconductor,I-43d,220,40
Ca4Zn_id4140_E-1.75.cif,Ca4Zn,-1.7509,0.0,Metal,I4_1/a,88,20
Zn3Ga2_id1695_E-1.75.cif,Zn3Ga2,-1.7499,0.0,Metal,P4/mmm,123,5
Ba2Cd_id4046_E-1.75.cif,Ba2Cd,-1.7496,0.0,Metal,Fm-3m,225,12
Mg4ScAl_id281_E-1.75.cif,Mg4ScAl,-1.7485,0.0,Metal,P2_12_12_1,19,24
K4Na3Sn2_id1459_E-1.75.cif,K4Na3Sn2,-1.7479,0.943,Semiconductor,P4/ncc,130,36
Na12Li8Zn4Cd12In4Si5Te4SO_id1628_E-1.75.cif,Na12Li8Zn4Cd12In4Si5Te4SO,-1.7478,1.858,Semiconductor,P4,75,51
Li3ZnCdGa2_id55_E-1.75.cif,Li3ZnCdGa2,-1.7471,0.0,Metal,Pmna,53,14
LiMg(Cd2In3)2_id3218_E-1.75.cif,LiMg(Cd2In3)2,-1.7465,0.0,Metal,I4/mmm,139,48
Na7In3_id2973_E-1.75.cif,Na7In3,-1.7461,0.599,Semiconductor,I-43d,220,40
SrMg8Al_id2376_E-1.74.cif,SrMg8Al,-1.7446,0.0,Metal,P-6m2,187,10
Ba2SrMg_id1568_E-1.74.cif,Ba2SrMg,-1.7442,0.0,Metal,Fm-3m,225,16
Li4Cd_id3786_E-1.74.cif,Li4Cd,-1.7441,0.0,Metal,P2/c,13,10
Mg3Ga_id1131_E-1.74.cif,Mg3Ga,-1.7429,0.0,Metal,P6/mcc,192,32
Ba6SrMg_id1745_E-1.74.cif,Ba6SrMg,-1.7412,0.0,Metal,P-31c,163,16
Li3Zn2Cd2Ga_id757_E-1.74.cif,Li3Zn2Cd2Ga,-1.7403,0.0,Metal,Ibam,72,32
SrCa2Zn4InSe4_id3370_E-1.74.cif,SrCa2Zn4InSe4,-1.7396,0.986,Semiconductor,I4/mcm,140,48
Ba_id2341_E-1.74.cif,Ba,-1.739,0.0,Metal,P-31m,162,12
Ba4Zn3Cd_id159_E-1.74.cif,Ba4Zn3Cd,-1.7382,0.0,Metal,Im-3m,229,16
Li2Mg10Sc5Cd12(In4Sn)2_id1921_E-1.74.cif,Li2Mg10Sc5Cd12(In4Sn)2,-1.7357,0.0,Metal,P-1,2,39
KLiGaSn2_id2048_E-1.74.cif,KLiGaSn2,-1.7353,0.0,Metal,I2_12_12_1,24,20
LiAlZn6_id529_E-1.74.cif,LiAlZn6,-1.7352,0.0,Metal,Fm-3m,225,32
Ba2NaLi_id1824_E-1.73.cif,Ba2NaLi,-1.7326,0.0,Metal,Fm-3m,225,16
BaLi8Cd_id3164_E-1.73.cif,BaLi8Cd,-1.7323,0.0,Metal,P4/nbm,125,20
Ba3Li4_id1404_E-1.73.cif,Ba3Li4,-1.7323,0.0,Metal,P4/nbm,125,14
Ba2CaZn_id1079_E-1.73.cif,Ba2CaZn,-1.7322,0.0,Metal,Fm-3m,225,16
Ca2Mg3_id2396_E-1.73.cif,Ca2Mg3,-1.7298,0.0,Metal,I-4m2,119,20
Cd2As_id309_E-1.73.cif,Cd2As,-1.7287,0.0,Metal,Pca2_1,29,12
Ca3(SiGe)2_id2994_E-1.73.cif,Ca3(SiGe)2,-1.7284,0.182,Semiconductor,Pm,6,7
Li2Cd_id4155_E-1.73.cif,Li2Cd,-1.7282,0.0,Metal,I4/mcm,140,12
Li2Zn2Ga_id656_E-1.73.cif,Li2Zn2Ga,-1.7265,0.0,Metal,I4/mcm,140,20
CdTe_id80_E-1.73.cif,CdTe,-1.7265,0.452,Semiconductor,P4_2/mmc,131,8
Sr4Li3Cd_id938_E-1.73.cif,Sr4Li3Cd,-1.7253,0.0,Metal,Im-3m,229,16
Mg4Cd3Sn_id553_E-1.73.cif,Mg4Cd3Sn,-1.7252,0.0,Metal,Im-3m,229,16
Zn4Ge_id1007_E-1.72.cif,Zn4Ge,-1.7232,0.0,Metal,Pbam,55,20
KBaNaCdIn2_id3399_E-1.72.cif,KBaNaCdIn2,-1.7223,0.0,Metal,P4_3,78,24
LiAl3Zn8_id2127_E-1.72.cif,LiAl3Zn8,-1.7219,0.0,Metal,I422,97,24
Ca_id2077_E-1.72.cif,Ca,-1.7217,0.0,Metal,Cccm,66,52
Na4Cd4In16Ga_id1345_E-1.72.cif,Na4Cd4In16Ga,-1.721,0.0,Metal,P2_1/c,14,50
BaMg4(CdIn)2_id2499_E-1.72.cif,BaMg4(CdIn)2,-1.7183,0.0,Metal,I4/mcm,140,36
BaLi4_id4849_E-1.72.cif,BaLi4,-1.717,0.0,Metal,P4_2/nmc,137,10
ScZnCdIn3Ga5Sn_id3519_E-1.72.cif,ScZnCdIn3Ga5Sn,-1.7169,0.0,Metal,P4_3,78,48
NaLi4In2SnSb_id2907_E-1.72.cif,NaLi4In2SnSb,-1.7164,0.0,Metal,Pmna,53,18
LiCaCd2_id4029_E-1.71.cif,LiCaCd2,-1.7148,0.005,Metal,P4/mmm,123,4
LiCaMg_id4377_E-1.71.cif,LiCaMg,-1.7147,0.0,Metal,Ibca,73,24
Mg3Ga_id2066_E-1.71.cif,Mg3Ga,-1.7145,0.0,Metal,P6_322,182,16
SrCa3TiAs_id1786_E-1.71.cif,SrCa3TiAs,-1.7129,0.0,Metal,P6_3/mmc,194,24
LiZn10(Ga2Si)2_id3362_E-1.71.cif,LiZn10(Ga2Si)2,-1.7126,0.0,Metal,I422,97,34
Ba_id3770_E-1.71.cif,Ba,-1.7122,0.0,Metal,Fm-3m,225,12
Li2Mg5Sn_id2748_E-1.71.cif,Li2Mg5Sn,-1.7118,0.0,Metal,Cmmm,65,16
Ba_id4213_E-1.71.cif,Ba,-1.7116,0.0,Metal,P-31m,162,12
MgCdIn_id1019_E-1.71.cif,MgCdIn,-1.7111,0.0,Metal,Ibca,73,24
K3AlZn6(InGa)2_id111_E-1.71.cif,K3AlZn6(InGa)2,-1.7101,0.0,Metal,P321,150,14
Li3Zn2CdGa2_id4686_E-1.71.cif,Li3Zn2CdGa2,-1.7093,0.0,Metal,P-4m2,115,8
Sc5CdIn_id527_E-1.71.cif,Sc5CdIn,-1.709,0.155,Semiconductor,P4/mmm,123,7
NaLiCa3_id4787_E-1.71.cif,NaLiCa3,-1.7068,0.0,Metal,I4_132,214,40
BaCa2Zn_id3195_E-1.71.cif,BaCa2Zn,-1.7065,0.0,Metal,Fm-3m,225,16
Li4Ca_id3716_E-1.71.cif,Li4Ca,-1.7057,0.0,Metal,R-3m,166,15
KNaCd3In3Sn_id3890_E-1.71.cif,KNaCd3In3Sn,-1.705,0.0,Metal,P6_1,169,54
K2Na2BeCdGaTe_id975_E-1.70.cif,K2Na2BeCdGaTe,-1.7048,0.933,Semiconductor,P6,168,48
K6BaZn2(InTe)2_id1183_E-1.70.cif,K6BaZn2(InTe)2,-1.7044,3.878,Insulator,Cmc2_1,36,52
LiAl4Zn4Cd4InGa5_id467_E-1.70.cif,LiAl4Zn4Cd4InGa5,-1.7042,0.0,Metal,I-4,82,38
Sr3CdIn_id4735_E-1.70.cif,Sr3CdIn,-1.702,0.0,Metal,Pm-3m,221,5
Li17Mg2Al2(Zn2In3)2_id4067_E-1.70.cif,Li17Mg2Al2(Zn2In3)2,-1.7014,0.0,Metal,P-1,2,31
Mg7Al2_id1255_E-1.70.cif,Mg7Al2,-1.7012,0.0,Metal,Fmm2,42,36
SrCa2Cd_id4696_E-1.70.cif,SrCa2Cd,-1.7009,0.0,Metal,Fm-3m,225,16
Al3Zn6Ga23Sn3_id809_E-1.70.cif,Al3Zn6Ga23Sn3,-1.6999,0.0,Metal,P6,168,35
LiIn4_id136_E-1.70.cif,LiIn4,-1.6993,0.0,Metal,P4_332,212,20
KZnIn2_id566_E-1.70.cif,KZnIn2,-1.6983,0.024,Metal,P4/mmm,123,4
NaLiGa_id118_E-1.70.cif,NaLiGa,-1.6971,0.0,Metal,P4_122,91,12
Sr2Ca5_id288_E-1.69.cif,Sr2Ca5,-1.6938,0.0,Metal,P2/m,10,7
LiAlZn4_id687_E-1.69.cif,LiAlZn4,-1.6935,0.0,Metal,Ibam,72,24
KCdIn_id4937_E-1.69.cif,KCdIn,-1.6932,0.0,Metal,P-6m2,187,3
Ba2Mg2Cd3(InGa)2_id1851_E-1.69.cif,Ba2Mg2Cd3(InGa)2,-1.6928,0.0,Metal,Fmmm,69,44
KMg4Cd4(In4Ga)2_id3413_E-1.69.cif,KMg4Cd4(In4Ga)2,-1.6928,0.0,Metal,I-4m2,119,38
LiBe3(AlZn2)2_id1660_E-1.69.cif,LiBe3(AlZn2)2,-1.6923,2.883,Semiconductor,P-1,2,20
LiCaGa_id2548_E-1.69.cif,LiCaGa,-1.6909,0.0,Metal,P4_2/nnm,134,24
Li4Zn12InSn3_id2710_E-1.69.cif,Li4Zn12InSn3,-1.6894,0.0,Metal,Im-3m,229,40
Na2MgIn2_id164_E-1.69.cif,Na2MgIn2,-1.6885,0.508,Semiconductor,Cmce,64,20
BaNaCd(TeS)2_id1811_E-1.69.cif,BaNaCd(TeS)2,-1.6885,0.269,Semiconductor,P2_1/m,11,14
NaSr7Li4CdGa3_id4145_E-1.69.cif,NaSr7Li4CdGa3,-1.6884,4.784,Insulator,P-6m2,187,16
Li6TiAl_id4559_E-1.68.cif,Li6TiAl,-1.6844,0.006,Metal,Fm-3m,225,32
Li19Cd9Sn2_id3978_E-1.68.cif,Li19Cd9Sn2,-1.6834,0.0,Metal,P-31m,162,30
Be3Cd3P_id385_E-1.68.cif,Be3Cd3P,-1.6829,0.281,Semiconductor,Pm-3n,223,14
P4C_id1004_E-1.68.cif,P4C,-1.6828,0.643,Semiconductor,I4_1/amd,141,20
NaCa6AsN2_id2800_E-1.68.cif,NaCa6AsN2,-1.6828,0.0,Metal,P1,1,20
Ba_id2858_E-1.68.cif,Ba,-1.6825,0.0,Metal,C2/m,12,10
K3In2_id1341_E-1.68.cif,K3In2,-1.6802,0.279,Semiconductor,I4/mmm,139,20
Ba_id3866_E-1.68.cif,Ba,-1.6794,0.0,Metal,P4_132,213,20
Zn2Sn_id1005_E-1.68.cif,Zn2Sn,-1.6793,0.0,Metal,Pn-3m,224,6
Mg(ZnGa)2_id2620_E-1.68.cif,Mg(ZnGa)2,-1.679,0.0,Metal,P2/c,13,20
Li8Zn5Ga4_id728_E-1.68.cif,Li8Zn5Ga4,-1.6781,0.0,Metal,P-1,2,17
Ba2Sr2Ca4Mg(CdSi)2_id1083_E-1.68.cif,Ba2Sr2Ca4Mg(CdSi)2,-1.678,0.0,Metal,P4/mnc,128,52
Li6Zn3B_id1649_E-1.68.cif,Li6Zn3B,-1.6774,1.663,Semiconductor,P6_3/m,176,20
Li_id623_E-1.68.cif,Li,-1.6773,0.0,Metal,I4_1/acd,142,48
SrMg_id2672_E-1.68.cif,SrMg,-1.6763,0.0,Metal,Pm-3m,221,16
BaNa4Ge_id421_E-1.68.cif,BaNa4Ge,-1.6752,0.811,Semiconductor,Pnn2,34,12
Mg4TiZn5Te4_id620_E-1.67.cif,Mg4TiZn5Te4,-1.6741,0.0,Metal,P4_2/n,86,28
BaSr2Mg_id4595_E-1.67.cif,BaSr2Mg,-1.674,0.0,Metal,Fm-3m,225,16
LiMg3CdGa_id4694_E-1.67.cif,LiMg3CdGa,-1.6728,0.0,Metal,I4mm,107,12
K4Li4Zn4Ga4Sn_id3369_E-1.67.cif,K4Li4Zn4Ga4Sn,-1.6722,0.0,Metal,Pban,50,34
Na2TiZn4Te_id352_E-1.67.cif,Na2TiZn4Te,-1.6719,0.0,Metal,P4_2/mcm,132,16
BaLi3_id2305_E-1.67.cif,BaLi3,-1.671,0.0,Metal,P-6c2,188,16
Li3Cd2_id328_E-1.67.cif,Li3Cd2,-1.6678,0.004,Metal,Cmce,64,20
BaCa3_id4467_E-1.67.cif,BaCa3,-1.6672,0.0,Metal,P6/mmm,191,12
Na3In2_id4785_E-1.67.cif,Na3In2,-1.6671,0.0,Metal,P6/mmm,191,10
CdIn6_id2287_E-1.67.cif,CdIn6,-1.6669,0.0,Metal,Pmma,51,14
Na4Li(ZnSn)2_id1657_E-1.67.cif,Na4Li(ZnSn)2,-1.6656,0.0,Metal,P4_2/mcm,132,18
CaZnCd_id2442_E-1.66.cif,CaZnCd,-1.6627,0.058,Semiconductor,P6_3/mmc,194,6
Ca4Mg3Zn3Ga4_id3794_E-1.66.cif,Ca4Mg3Zn3Ga4,-1.6616,0.0,Metal,I-43d,220,56
Sr_id3632_E-1.66.cif,Sr,-1.6608,0.0,Metal,Imma,74,8
Cd2In5_id3918_E-1.66.cif,Cd2In5,-1.6607,0.0,Metal,Fmmm,69,28
Sr4Zn4Ga_id283_E-1.66.cif,Sr4Zn4Ga,-1.6601,0.0,Metal,P-42_1c,114,18
Na11(InSn)2_id4073_E-1.66.cif,Na11(InSn)2,-1.6598,0.071,Semiconductor,P3_112,151,45
K19Cd6Sn7Sb3_id4026_E-1.66.cif,K19Cd6Sn7Sb3,-1.6589,0.241,Semiconductor,P6,168,35
KGa_id3148_E-1.66.cif,KGa,-1.6552,0.001,Metal,P4_2/mbc,135,32
Li12CaMg6In_id1384_E-1.65.cif,Li12CaMg6In,-1.6548,0.0,Metal,Pm-3,200,20
In_id2758_E-1.65.cif,In,-1.6544,0.0,Metal,Pm-3n,223,12
Na2Sr2Cd2Sn_id30_E-1.65.cif,Na2Sr2Cd2Sn,-1.6541,0.0,Metal,P4_22_12,94,28
CaAlZnCd4_id1730_E-1.65.cif,CaAlZnCd4,-1.6522,0.0,Metal,I-4m2,119,14
BaSrIn2Ga_id3561_E-1.65.cif,BaSrIn2Ga,-1.6519,0.0,Metal,Pcc2,27,20
Li8Mg_id3852_E-1.65.cif,Li8Mg,-1.6518,0.0,Metal,P6/mcc,192,36
Mg3Zn2Ga_id1549_E-1.65.cif,Mg3Zn2Ga,-1.6511,0.0,Metal,Immm,71,12
Mg(ZnIn)3_id759_E-1.65.cif,Mg(ZnIn)3,-1.6487,0.0,Metal,Pm-3n,223,14
K4Ti2SnGe2_id1359_E-1.65.cif,K4Ti2SnGe2,-1.6482,0.0,Metal,Ccce,68,36
Zn2In3Ga5_id3886_E-1.65.cif,Zn2In3Ga5,-1.6481,0.0,Metal,Cmm2,35,20
Cd3Sn_id1617_E-1.65.cif,Cd3Sn,-1.6474,0.0,Metal,Pm-3n,223,8
Mg4Al_id1242_E-1.65.cif,Mg4Al,-1.6473,0.0,Metal,Ccce,68,20
Zn5Ga3_id1204_E-1.65.cif,Zn5Ga3,-1.6472,0.0,Metal,P-4m2,115,8
Ba4AlZn4_id930_E-1.65.cif,Ba4AlZn4,-1.6468,0.0,Metal,P4_2/nmc,137,18
Na2Al(Zn2Ga)2_id1599_E-1.65.cif,Na2Al(Zn2Ga)2,-1.6463,0.0,Metal,Ibam,72,36
AlZn5Sn_id2675_E-1.65.cif,AlZn5Sn,-1.6458,0.0,Metal,I422,97,28
K4NaGa3_id3682_E-1.65.cif,K4NaGa3,-1.6457,0.0,Metal,Im-3m,229,16
LiTi2Zn8Cd5(In2Ga)2_id2985_E-1.65.cif,LiTi2Zn8Cd5(In2Ga)2,-1.6453,0.0,Metal,P2_12_12,18,44
Cd4Si_id2695_E-1.64.cif,Cd4Si,-1.6447,0.0,Metal,P-42_1c,114,10
Mg7In2_id2731_E-1.64.cif,Mg7In2,-1.6441,0.0,Metal,Amm2,38,18
SrCd_id2936_E-1.64.cif,SrCd,-1.644,0.0,Metal,Pm-3m,221,16
CaAlCd2In3_id2044_E-1.64.cif,CaAlCd2In3,-1.6438,0.0,Metal,P2/m,10,7
Al(ZnGa)2_id3646_E-1.64.cif,Al(ZnGa)2,-1.6435,0.0,Metal,Pmmn,59,10
Li6Zn2Si3_id2069_E-1.64.cif,Li6Zn2Si3,-1.6416,0.0,Metal,P6_3/mcm,193,22
In7TeS4_id3064_E-1.64.cif,In7TeS4,-1.6377,1.196,Semiconductor,F-43m,216,48
Na2Al_id4816_E-1.64.cif,Na2Al,-1.6373,0.0,Metal,Pa-3,205,12
BaSr2CdGa4_id1855_E-1.64.cif,BaSr2CdGa4,-1.6372,0.0,Metal,I4/mcm,140,32
Cd2Sn_id3052_E-1.64.cif,Cd2Sn,-1.6363,0.0,Metal,P4/mmm,123,12
Li2Mg2BeZn_id1829_E-1.64.cif,Li2Mg2BeZn,-1.6351,0.0,Metal,Pnnm,58,12
Zn2In_id771_E-1.63.cif,Zn2In,-1.6344,0.0,Metal,Pbam,55,12
Ba2Na2Sr2ZnSn_id615_E-1.63.cif,Ba2Na2Sr2ZnSn,-1.6324,0.0,Metal,Cmcm,63,32
LiMg2Cd_id1853_E-1.63.cif,LiMg2Cd,-1.6322,0.0,Metal,Fm-3m,225,16
K2Na6Li2GaAs_id885_E-1.63.cif,K2Na6Li2GaAs,-1.6321,0.498,Semiconductor,P3_112,151,36
BaNaIn_id1990_E-1.63.cif,BaNaIn,-1.6319,0.0,Metal,C222,21,12
Ba2SrCa7_id1062_E-1.63.cif,Ba2SrCa7,-1.6318,0.0,Metal,C2/m,12,20
NaAl2(ZnGa2)2_id2713_E-1.63.cif,NaAl2(ZnGa2)2,-1.6311,0.0,Metal,P3_212,153,27
Li5Ca(ZnSn)2_id3182_E-1.63.cif,Li5Ca(ZnSn)2,-1.6307,0.0,Metal,I4/mcm,140,40
Mg3Cd3In6Ga_id3313_E-1.63.cif,Mg3Cd3In6Ga,-1.6305,0.0,Metal,P31c,159,26
BaSr2_id228_E-1.63.cif,BaSr2,-1.6295,0.0,Metal,I4/mcm,140,12
K3(NaTe)2_id4666_E-1.63.cif,K3(NaTe)2,-1.6293,0.066,Semiconductor,P4bm,100,14
Ba2Na4Mg3Sb_id3463_E-1.63.cif,Ba2Na4Mg3Sb,-1.6293,0.0,Metal,Cmmm,65,20
NaLi2MgCdGa_id2696_E-1.63.cif,NaLi2MgCdGa,-1.6293,0.0,Metal,P4mm,99,6
BaNa(AlCd3)2_id3472_E-1.63.cif,BaNa(AlCd3)2,-1.6291,0.0,Metal,P321,150,10
Ca_id4556_E-1.63.cif,Ca,-1.6289,0.0,Metal,Fm-3m,225,12
LiSc3Zn8Ga3_id2668_E-1.63.cif,LiSc3Zn8Ga3,-1.627,0.0,Metal,Pm,6,15
Cd2Sn_id2914_E-1.63.cif,Cd2Sn,-1.6265,0.016,Metal,Pn-3m,224,6
AlCd4In_id3281_E-1.62.cif,AlCd4In,-1.6243,0.0,Metal,P4/nbm,125,12
MgGa_id858_E-1.62.cif,MgGa,-1.623,0.0,Metal,P4_232,208,24
Ba(AlZn)2_id4922_E-1.62.cif,Ba(AlZn)2,-1.6213,0.0,Metal,I-4c2,120,20
Li3Mg6In_id3736_E-1.62.cif,Li3Mg6In,-1.6209,0.0,Metal,Pm-3m,221,30
K2Ba2Na4LiCa(InGa)2_id3835_E-1.62.cif,K2Ba2Na4LiCa(InGa)2,-1.6196,0.238,Semiconductor,P6_2,171,42
Ba2Sr3Ca_id1252_E-1.62.cif,Ba2Sr3Ca,-1.6187,0.0,Metal,P6/mmm,191,6
Ca2Mg2Sn_id2019_E-1.62.cif,Ca2Mg2Sn,-1.618,0.0,Metal,Imma,74,20
Mg2In_id907_E-1.62.cif,Mg2In,-1.6174,0.0,Metal,P4_2/nmc,137,12
Li3Cd2Sn_id2954_E-1.62.cif,Li3Cd2Sn,-1.6173,0.0,Metal,Pmmm,47,6
LiMg2Cd2In_id2565_E-1.62.cif,LiMg2Cd2In,-1.6172,0.0,Metal,Cmmm,65,12
LiZn_id339_E-1.62.cif,LiZn,-1.617,0.0,Metal,P6/mmm,191,8
Li3Zn4_id2553_E-1.62.cif,Li3Zn4,-1.6158,0.0,Metal,I-43d,220,28
Na2LiIn12_id4526_E-1.62.cif,Na2LiIn12,-1.6156,0.0,Metal,P4_232,208,30
BaIn2_id1674_E-1.61.cif,BaIn2,-1.6138,0.0,Metal,P6/mcc,192,36
Mg3Zn4In4Ga_id1506_E-1.61.cif,Mg3Zn4In4Ga,-1.6134,0.0,Metal,P4_2/m,84,24
Na2As_id3469_E-1.61.cif,Na2As,-1.6125,0.029,Metal,P4/mmm,123,12
K2Li2ScZn2_id1406_E-1.61.cif,K2Li2ScZn2,-1.6124,0.001,Metal,P4/ncc,130,56
MgCd2Ga_id3960_E-1.61.cif,MgCd2Ga,-1.6117,0.0,Metal,P4_2/mmc,131,8
K4Ba5(CdIn2)4_id2045_E-1.61.cif,K4Ba5(CdIn2)4,-1.6106,0.0,Metal,P4_2/n,86,42
Li3Mg4Cd2(Ga2Sn)2_id4978_E-1.61.cif,Li3Mg4Cd2(Ga2Sn)2,-1.6101,0.0,Metal,Cmce,64,60
Zn2InGa2_id472_E-1.61.cif,Zn2InGa2,-1.6091,0.0,Metal,P4_2/mmc,131,10
NaCa2Mg6In_id3262_E-1.61.cif,NaCa2Mg6In,-1.6089,0.0,Metal,Immm,71,20
MgAlCd2_id4489_E-1.61.cif,MgAlCd2,-1.6087,0.0,Metal,I4/mmm,139,8
K2Na4Li2ZnO2_id3980_E-1.61.cif,K2Na4Li2ZnO2,-1.6086,3.044,Semiconductor,P1,1,22
BaCa2_id1883_E-1.61.cif,BaCa2,-1.6069,0.729,Semiconductor,P1,1,36
Ca2Cd_id3762_E-1.61.cif,Ca2Cd,-1.6061,0.0,Metal,Ibca,73,24
K4NaCd(GaSn)2_id2906_E-1.61.cif,K4NaCd(GaSn)2,-1.6057,0.007,Metal,Ibam,72,40
Sr2Mg2In_id1796_E-1.61.cif,Sr2Mg2In,-1.6057,0.0,Metal,P4/mmm,123,5
ZnCdGa_id801_E-1.60.cif,ZnCdGa,-1.603,0.0,Metal,Pmmn,59,6
K3Sc3Cd_id4454_E-1.60.cif,K3Sc3Cd,-1.6025,0.0,Metal,Pm-3n,223,14
Ba6SrLiTi_id4136_E-1.60.cif,Ba6SrLiTi,-1.6023,0.0,Metal,P-31c,163,18
Mg4Al_id4630_E-1.60.cif,Mg4Al,-1.6007,0.0,Metal,Ccce,68,20
Mg7(AlIn)2_id2502_E-1.60.cif,Mg7(AlIn)2,-1.5993,0.0,Metal,Fmm2,42,44
Na(CdGa)2_id1724_E-1.60.cif,Na(CdGa)2,-1.5984,0.0,Metal,P6_3/mmc,194,10
Li4MgCd4In5Ga4_id4177_E-1.60.cif,Li4MgCd4In5Ga4,-1.5963,0.0,Metal,C222,21,36
Na4Cd3Sn_id829_E-1.60.cif,Na4Cd3Sn,-1.5957,0.0,Metal,Im-3m,229,16
BaCa5Mg2_id3881_E-1.59.cif,BaCa5Mg2,-1.5948,0.0,Metal,I4/mmm,139,16
AlZn5_id1243_E-1.59.cif,AlZn5,-1.5944,0.0,Metal,I422,97,12
Zn4Cd2Ga3_id2142_E-1.59.cif,Zn4Cd2Ga3,-1.5943,0.0,Metal,C222,21,18
Li3Cd2_id2108_E-1.59.cif,Li3Cd2,-1.5942,0.0,Metal,R-3m,166,15
KBaSrCa2Be2Zn4CdSbTeAs2_id4592_E-1.59.cif,KBaSrCa2Be2Zn4CdSbTeAs2,-1.5938,0.452,Semiconductor,P3_1,144,48
Zn3Te_id4256_E-1.59.cif,Zn3Te,-1.5934,0.0,Metal,P4_2/m,84,16
K3Zn2O_id2025_E-1.59.cif,K3Zn2O,-1.5934,0.275,Semiconductor,Pn-3m,224,12
BaZn4CdGa_id3314_E-1.59.cif,BaZn4CdGa,-1.5934,0.0,Metal,I-4m2,119,14
Na2Li4Zn_id4997_E-1.59.cif,Na2Li4Zn,-1.5932,0.0,Metal,I4/mcm,140,28
LiMg2_id2202_E-1.59.cif,LiMg2,-1.5903,0.0,Metal,Ibca,73,24
Mg2ZnCd4(In3Sn)2_id2114_E-1.59.cif,Mg2ZnCd4(In3Sn)2,-1.5902,0.0,Metal,Cmce,64,60
Ba5Na5Sr4Ca6As5_id1020_E-1.59.cif,Ba5Na5Sr4Ca6As5,-1.5902,0.0,Metal,P1,1,50
Sr(LiGa)4_id3897_E-1.59.cif,Sr(LiGa)4,-1.5899,0.119,Semiconductor,P4_2/nmc,137,18
AlZn4_id3660_E-1.59.cif,AlZn4,-1.5897,0.0,Metal,I4_1/a,88,20
Mg6AlIn14_id2084_E-1.59.cif,Mg6AlIn14,-1.5897,0.0,Metal,P-31m,162,21
KLi(Cd2Ga)4_id1212_E-1.59.cif,KLi(Cd2Ga)4,-1.5862,0.0,Metal,I422,97,28
K2NaLi3Zn2Ga_id1835_E-1.59.cif,K2NaLi3Zn2Ga,-1.586,0.013,Metal,C222,21,36
Zn5Ga3_id3900_E-1.59.cif,Zn5Ga3,-1.5856,0.0,Metal,P-4m2,115,8
NaSrLiCd3InSn2_id4483_E-1.59.cif,NaSrLiCd3InSn2,-1.5855,0.0,Metal,P-1,2,18
BeAl3Zn3InGa5Ge_id431_E-1.58.cif,BeAl3Zn3InGa5Ge,-1.5842,0.0,Metal,Pm,6,56
NaSr2Mg_id2806_E-1.58.cif,NaSr2Mg,-1.5838,0.0,Metal,Fm-3m,225,16
Ba4Li7Zn3_id487_E-1.58.cif,Ba4Li7Zn3,-1.5828,0.0,Metal,I-43m,217,28
Al2Zn2N3_id762_E-1.58.cif,Al2Zn2N3,-1.5816,2.076,Semiconductor,P4_32_12,96,28
Mg_id1738_E-1.58.cif,Mg,-1.5803,5.05,Insulator,I4/mmm,139,20
LiIn2Sn_id3622_E-1.58.cif,LiIn2Sn,-1.5801,0.0,Metal,Pnnn,48,16
Cd3In2_id3101_E-1.58.cif,Cd3In2,-1.5798,0.0,Metal,Cccm,66,20
LiCaMgInAs7_id1975_E-1.58.cif,LiCaMgInAs7,-1.5798,0.386,Semiconductor,R3,146,33
Li4MgZn4_id1278_E-1.58.cif,Li4MgZn4,-1.5793,0.0,Metal,P4_2/nmc,137,18
Na2Cd2Te_id3100_E-1.58.cif,Na2Cd2Te,-1.5787,1.016,Semiconductor,P1,1,5
Na3Ca2Mg6Sc_id1304_E-1.58.cif,Na3Ca2Mg6Sc,-1.5782,0.0,Metal,P2/c,13,24
CdGa_id3796_E-1.58.cif,CdGa,-1.5776,0.0,Metal,F-43m,216,8
MgZn8Ga3Ge2_id356_E-1.58.cif,MgZn8Ga3Ge2,-1.5753,0.0,Metal,I422,97,28
Zn4Ga_id59_E-1.57.cif,Zn4Ga,-1.5744,0.0,Metal,Ccce,68,20
Sr2LiMgSi3SnGe_id4709_E-1.57.cif,Sr2LiMgSi3SnGe,-1.5718,3.023,Semiconductor,Pm,6,18
Li6MgZn2_id4591_E-1.57.cif,Li6MgZn2,-1.5691,0.021,Metal,Fm-3m,225,36
SrCa2_id1235_E-1.57.cif,SrCa2,-1.5679,0.0,Metal,I4/mcm,140,12
ZnP_id2562_E-1.57.cif,ZnP,-1.5677,1.586,Semiconductor,F-43m,216,32
Cd2Ga_id2604_E-1.57.cif,Cd2Ga,-1.5674,0.0,Metal,I4/mmm,139,12
BaMg(InTe)2_id3996_E-1.57.cif,BaMg(InTe)2,-1.5667,0.0,Metal,R-3m,166,18
Li2Zn5Sn_id1826_E-1.57.cif,Li2Zn5Sn,-1.5664,0.0,Metal,P2/c,13,16
Ca_id182_E-1.57.cif,Ca,-1.5664,0.0,Metal,Aea2,41,16
K2MgZn2In5_id2520_E-1.57.cif,K2MgZn2In5,-1.5661,0.0,Metal,P4/mbm,127,20
Li6MgSc6(CdIn2)6_id1147_E-1.57.cif,Li6MgSc6(CdIn2)6,-1.5653,0.0,Metal,P23,195,31
NaLiZnCdSn_id3242_E-1.56.cif,NaLiZnCdSn,-1.5634,3.087,Semiconductor,Pcc2,27,20
K2Na5B2Sb_id2898_E-1.56.cif,K2Na5B2Sb,-1.5631,0.122,Semiconductor,I222,23,20
Cd9(InGa2)2_id2424_E-1.56.cif,Cd9(InGa2)2,-1.5623,0.0,Metal,P-31m,162,15
AlZn4_id12_E-1.56.cif,AlZn4,-1.5609,0.0,Metal,Fddd,70,40
Li4MgSc(Cd4Sn)2_id1643_E-1.56.cif,Li4MgSc(Cd4Sn)2,-1.5584,0.0,Metal,P422,89,16
Zn2InGa_id3946_E-1.56.cif,Zn2InGa,-1.5574,0.0,Metal,P4/ncc,130,32
CdIn_id3444_E-1.56.cif,CdIn,-1.5572,0.0,Metal,Pbca,61,16
KNa3Li2(Be2Ga)2_id3034_E-1.56.cif,KNa3Li2(Be2Ga)2,-1.5569,0.0,Metal,C222,21,48
Ba4Na_id3830_E-1.56.cif,Ba4Na,-1.5568,0.0,Metal,Im-3m,229,10
TiZn7_id2844_E-1.56.cif,TiZn7,-1.5566,0.0,Metal,P6_322,182,16
In_id3718_E-1.56.cif,In,-1.5566,0.0,Metal,P4/m,83,18
Ba2SrZnCd_id4876_E-1.55.cif,Ba2SrZnCd,-1.5546,0.034,Metal,P6_5,170,30
Zn4Ga_id1721_E-1.55.cif,Zn4Ga,-1.5536,0.0,Metal,Cmmm,65,10
Li2MgZn2Ga_id3174_E-1.55.cif,Li2MgZn2Ga,-1.5521,0.0,Metal,P6_4,172,18
Na2CaCd6Sb_id2654_E-1.55.cif,Na2CaCd6Sb,-1.5508,0.0,Metal,P312,149,10
LiMgZnGaSi_id417_E-1.55.cif,LiMgZnGaSi,-1.5501,0.0,Metal,Iba2,45,40
TiZn7Sn3_id613_E-1.55.cif,TiZn7Sn3,-1.5499,0.0,Metal,Pm-3,200,11
LiMg2Cd2In_id1346_E-1.55.cif,LiMg2Cd2In,-1.5483,0.0,Metal,Cmmm,65,12
LiZn3_id789_E-1.55.cif,LiZn3,-1.546,0.0,Metal,Pm-3,200,8
Li2Zn_id2896_E-1.55.cif,Li2Zn,-1.5459,0.0,Metal,C222,21,12
Li3Ca2Mg4ZnCd6In6GaSn2_id3943_E-1.54.cif,Li3Ca2Mg4ZnCd6In6GaSn2,-1.545,0.0,Metal,Pcc2,27,50
Na4In_id505_E-1.54.cif,Na4In,-1.5443,0.0,Metal,I4_1/a,88,20
Li3Mg4_id2088_E-1.54.cif,Li3Mg4,-1.5441,0.0,Metal,P4_2/nnm,134,28
Mg4ZnGa4_id2738_E-1.54.cif,Mg4ZnGa4,-1.5438,2.882,Semiconductor,P4_2/nmc,137,18
CdIn_id2032_E-1.54.cif,CdIn,-1.5436,0.0,Metal,F-43m,216,8
BaLiMg_id3194_E-1.54.cif,BaLiMg,-1.5432,0.0,Metal,I-4m2,119,6
BaCa3_id4169_E-1.54.cif,BaCa3,-1.5415,0.0,Metal,P2/m,10,4
Li2Mg4Sc_id4186_E-1.54.cif,Li2Mg4Sc,-1.5412,0.0,Metal,P4_322,95,28
Ca6Zn6Ga_id3418_E-1.54.cif,Ca6Zn6Ga,-1.5397,0.0,Metal,R-3,148,39
LiMg2AlCd_id514_E-1.54.cif,LiMg2AlCd,-1.5395,0.0,Metal,Cmme,67,20
K2Al11Zn10Ga17_id1127_E-1.54.cif,K2Al11Zn10Ga17,-1.5393,0.0,Metal,P-1,2,40
Li15In2_id1755_E-1.54.cif,Li15In2,-1.5382,0.0,Metal,Pn-3,201,34
KNa2Zn2As_id250_E-1.54.cif,KNa2Zn2As,-1.5377,0.034,Metal,P-6m2,187,6
Li6Mg6Cd_id1689_E-1.54.cif,Li6Mg6Cd,-1.5376,0.0,Metal,Fm-3m,225,52
Na4LiMgIn2_id4446_E-1.54.cif,Na4LiMgIn2,-1.5368,0.0,Metal,P6_5,170,48
AlZn3_id4095_E-1.54.cif,AlZn3,-1.5366,0.0,Metal,Pa-3,205,16
GeSbTe11As2P2(SeS)2_id3749_E-1.54.cif,GeSbTe11As2P2(SeS)2,-1.5363,1.496,Semiconductor,P1,1,21
Na3Ca2Sc2As_id474_E-1.54.cif,Na3Ca2Sc2As,-1.5362,0.0,Metal,P4/mbm,127,16
KAl2Cd2In2(GaSn)2_id4571_E-1.54.cif,KAl2Cd2In2(GaSn)2,-1.5358,0.0,Metal,P4_12_12,92,44
Zn5Ga_id598_E-1.53.cif,Zn5Ga,-1.5348,0.0,Metal,P-4m2,115,6
Ca2ScAlCd4In_id2477_E-1.53.cif,Ca2ScAlCd4In,-1.5347,0.0,Metal,Amm2,38,18
LiMgZn5Ga2Si_id4402_E-1.53.cif,LiMgZn5Ga2Si,-1.5343,0.0,Metal,P-1,2,20
Na2Mg4Zn2In5_id1140_E-1.53.cif,Na2Mg4Zn2In5,-1.5338,0.0,Metal,C222,21,26
Mg3Ga_id3761_E-1.53.cif,Mg3Ga,-1.5325,0.0,Metal,P4/mbm,127,8
LiMg2_id3147_E-1.53.cif,LiMg2,-1.532,0.0,Metal,P6/mmm,191,24
Li2MgAl6Cd4Ge_id2190_E-1.53.cif,Li2MgAl6Cd4Ge,-1.5316,0.0,Metal,I422,97,28
Mg3Cd3In2_id1885_E-1.53.cif,Mg3Cd3In2,-1.531,0.0,Metal,P4/mmm,123,8
Na3Li3Be2Zn_id1201_E-1.53.cif,Na3Li3Be2Zn,-1.5308,0.0,Metal,P-6c2,188,18
Al2Zn5Sb2_id3987_E-1.53.cif,Al2Zn5Sb2,-1.5302,0.0,Metal,P4_322,95,36
Li7Zn_id3381_E-1.53.cif,Li7Zn,-1.5301,0.0,Metal,P4_12_12,92,32
Li5Mg2Cd_id1986_E-1.53.cif,Li5Mg2Cd,-1.529,0.0,Metal,P2/c,13,16
ZnGeS_id120_E-1.53.cif,ZnGeS,-1.5283,0.0,Metal,P6_522,179,18
LiZn_id2809_E-1.53.cif,LiZn,-1.528,0.0,Metal,I4_1/acd,142,32
Ca4Cd3_id4705_E-1.53.cif,Ca4Cd3,-1.5278,0.0,Metal,I-43d,220,28
KBe2Cd_id3992_E-1.53.cif,KBe2Cd,-1.5256,0.0,Metal,I-42d,122,16
Li2AlZn10CdIn2_id1432_E-1.53.cif,Li2AlZn10CdIn2,-1.5255,0.0,Metal,P4/mmm,123,16
SrLi2Zn_id899_E-1.52.cif,SrLi2Zn,-1.5239,0.0,Metal,P4_2/m,84,16
Mg2Zn_id157_E-1.52.cif,Mg2Zn,-1.5237,0.0,Metal,I4/mmm,139,12
Zn12In4Ga_id3520_E-1.52.cif,Zn12In4Ga,-1.5237,0.0,Metal,Im-3m,229,34
SrCa2_id2378_E-1.52.cif,SrCa2,-1.5234,0.0,Metal,Fm-3m,225,12
Li2Mg2CdIn2Ga_id388_E-1.52.cif,Li2Mg2CdIn2Ga,-1.5231,0.0,Metal,P6_5,170,48
LiZn2_id4198_E-1.52.cif,LiZn2,-1.5223,0.0,Metal,I4/mcm,140,12
Cd3Sn_id2060_E-1.52.cif,Cd3Sn,-1.522,0.0,Metal,Ia-3,206,32
MgBe4Al(CdGa6)2_id1419_E-1.52.cif,MgBe4Al(CdGa6)2,-1.5211,0.005,Metal,P4/mnc,128,40
Li2CaMgGa2_id828_E-1.52.cif,Li2CaMgGa2,-1.5168,0.022,Metal,P1,1,36
NaCa2Mg_id708_E-1.52.cif,NaCa2Mg,-1.5165,0.0,Metal,I-42d,122,16
K23In9(GaAs)6_id1141_E-1.52.cif,K23In9(GaAs)6,-1.5152,0.0,Metal,P6,168,44
KMg12Sn_id2461_E-1.51.cif,KMg12Sn,-1.5148,0.0,Metal,I422,97,28
Li4ZnCd4_id2339_E-1.51.cif,Li4ZnCd4,-1.5139,0.0,Metal,P-6m2,187,9
NaCdGaSe_id2028_E-1.51.cif,NaCdGaSe,-1.5137,0.0,Metal,I4mm,107,8
Na6In_id441_E-1.51.cif,Na6In,-1.5111,0.0,Metal,Fm-3m,225,28
BeAl2Zn9_id1319_E-1.51.cif,BeAl2Zn9,-1.5105,0.0,Metal,I422,97,24
Li4Al_id842_E-1.51.cif,Li4Al,-1.5104,0.0,Metal,Ccce,68,20
BeZn3Ga_id860_E-1.51.cif,BeZn3Ga,-1.5103,0.0,Metal,P-42_1m,113,20
Na4PO2_id345_E-1.51.cif,Na4PO2,-1.5072,4.203,Insulator,P42_12,90,14
NaCd2In_id4755_E-1.51.cif,NaCd2In,-1.5071,0.0,Metal,C2/m,12,8
Sr6LiMg4_id2769_E-1.51.cif,Sr6LiMg4,-1.5066,0.0,Metal,P-31c,163,22
K24Ti12As_id551_E-1.51.cif,K24Ti12As,-1.5053,0.508,Semiconductor,Pm-3,200,37
Li3Zn4(CdIn)2_id1375_E-1.51.cif,Li3Zn4(CdIn)2,-1.5053,1.284,Semiconductor,Ibam,72,44
Ba12Na6LiMgSc_id387_E-1.50.cif,Ba12Na6LiMgSc,-1.504,1.174,Semiconductor,P-31c,163,42
Na2GeNO3_id1893_E-1.50.cif,Na2GeNO3,-1.5036,0.115,Semiconductor,P3_212,153,21
Li7Mg12_id3819_E-1.50.cif,Li7Mg12,-1.5028,0.0,Metal,Im-3,204,38
Sc(CdIn)2_id272_E-1.50.cif,Sc(CdIn)2,-1.5012,0.0,Metal,P4_322,95,20
NaCaCd2_id87_E-1.50.cif,NaCaCd2,-1.5011,0.004,Metal,Fm-3m,225,16
Mg2Zn2Ga_id1676_E-1.50.cif,Mg2Zn2Ga,-1.501,0.0,Metal,Cmce,64,20
Li4MgAl4(ZnGa2)4_id3050_E-1.50.cif,Li4MgAl4(ZnGa2)4,-1.5001,0.0,Metal,Pm,6,42
BaIn5(GaSn4)2_id394_E-1.50.cif,BaIn5(GaSn4)2,-1.4977,4.931,Insulator,Pm,6,16
Ba6CdSn3_id3691_E-1.50.cif,Ba6CdSn3,-1.4977,0.0,Metal,Pm-3m,221,10
BaMgZn2(CdIn)2_id1399_E-1.50.cif,BaMgZn2(CdIn)2,-1.4967,2.654,Semiconductor,Immm,71,16
K(NaLi6)3_id932_E-1.50.cif,K(NaLi6)3,-1.4959,0.0,Metal,Im-3,204,44
NaLi6Cd_id3582_E-1.49.cif,NaLi6Cd,-1.4935,0.0,Metal,P2_1/m,11,16
LiMg4Cd3In_id4283_E-1.49.cif,LiMg4Cd3In,-1.493,0.0,Metal,P-6m2,187,9
Li2Mg3Cd2_id4465_E-1.49.cif,Li2Mg3Cd2,-1.4929,0.0,Metal,C222_1,20,28
LiMg3In_id1831_E-1.49.cif,LiMg3In,-1.4929,0.0,Metal,Cmm2,35,20
Na2Li3ScZnCd2Ga_id3524_E-1.49.cif,Na2Li3ScZnCd2Ga,-1.4916,0.0,Metal,P3_112,151,30
MgCd8In5Ge_id447_E-1.49.cif,MgCd8In5Ge,-1.4914,0.0,Metal,Pnnn,48,30
CaAlCd6_id1619_E-1.49.cif,CaAlCd6,-1.4912,0.0,Metal,Fm-3m,225,32
Mg4ScZn3_id2001_E-1.49.cif,Mg4ScZn3,-1.4902,0.0,Metal,Cmmm,65,16
Ba4Li3Ca_id3058_E-1.49.cif,Ba4Li3Ca,-1.4879,0.0,Metal,P-4b2,117,16
Mg6In10Sn_id1633_E-1.49.cif,Mg6In10Sn,-1.4875,0.0,Metal,Pm-3,200,17
Zn4Ga5_id3283_E-1.49.cif,Zn4Ga5,-1.4861,0.0,Metal,P-43m,215,9
CdGaGe_id588_E-1.49.cif,CdGaGe,-1.4861,0.0,Metal,Aem2,39,12
Li4ZnCd5Ga2_id3757_E-1.48.cif,Li4ZnCd5Ga2,-1.4849,0.0,Metal,P-42_1c,114,24
Sr(Cd2In3)2_id3486_E-1.48.cif,Sr(Cd2In3)2,-1.4846,0.0,Metal,I4/mcm,140,44
Na4Li9_id3329_E-1.48.cif,Na4Li9,-1.4841,0.0,Metal,P-42_1c,114,26
LiCd_id1028_E-1.48.cif,LiCd,-1.4837,0.0,Metal,I4_1/acd,142,32
Mg8In3_id1443_E-1.48.cif,Mg8In3,-1.4836,0.0,Metal,Immm,71,22
NaLiMg_id435_E-1.48.cif,NaLiMg,-1.4833,0.0,Metal,Ibca,73,24
Cd2In_id949_E-1.48.cif,Cd2In,-1.4822,0.0,Metal,P3m1,156,6
Mg_id2269_E-1.48.cif,Mg,-1.4816,0.0,Metal,I4_1/acd,142,32
Li3Cd4Sn_id2455_E-1.48.cif,Li3Cd4Sn,-1.4811,0.0,Metal,Immm,71,16
Ba2Mg2Al2Zn_id2501_E-1.48.cif,Ba2Mg2Al2Zn,-1.4805,0.0,Metal,Ibam,72,28
LiZn3_id1146_E-1.48.cif,LiZn3,-1.4796,0.0,Metal,C222,21,16
BaMg3Cd2_id2281_E-1.48.cif,BaMg3Cd2,-1.4781,0.0,Metal,P-3m1,164,6
Mg3Cd_id2440_E-1.48.cif,Mg3Cd,-1.4763,0.0,Metal,Fm-3m,225,16
MgCd2Ga_id2398_E-1.48.cif,MgCd2Ga,-1.4754,0.0,Metal,Cmme,67,16
Ba2SrZn4In_id1687_E-1.48.cif,Ba2SrZn4In,-1.4752,0.0,Metal,I4/mcm,140,32
MgSn2_id3849_E-1.48.cif,MgSn2,-1.4751,0.0,Metal,P-62m,189,9
CaAlZn3Cd_id3535_E-1.47.cif,CaAlZn3Cd,-1.4748,0.0,Metal,Cmm2,35,12
K4MgCd6In5_id2902_E-1.47.cif,K4MgCd6In5,-1.4742,0.1,Semiconductor,I-42m,121,32
Na6Ca(MgGa)2_id960_E-1.47.cif,Na6Ca(MgGa)2,-1.474,0.0,Metal,Cmce,64,44
Na2Li4Ga_id4994_E-1.47.cif,Na2Li4Ga,-1.473,0.198,Semiconductor,Fd-3m,227,56
NaSr2In4GaSn_id4588_E-1.47.cif,NaSr2In4GaSn,-1.4726,0.0,Metal,P4/mmm,123,9
KNaCdGa_id4237_E-1.47.cif,KNaCdGa,-1.4724,0.237,Semiconductor,P4_122,91,16
Zn3(Cd2Sn)2_id3883_E-1.47.cif,Zn3(Cd2Sn)2,-1.4721,0.0,Metal,Pbcn,60,36
In2Ga_id3565_E-1.47.cif,In2Ga,-1.4716,0.0,Metal,P3_212,153,9
SrLi_id215_E-1.47.cif,SrLi,-1.4703,0.0,Metal,P4/nmm,129,8
ScCd2_id4857_E-1.47.cif,ScCd2,-1.4696,0.0,Metal,P4/mmm,123,12
CaMgZn6_id3074_E-1.47.cif,CaMgZn6,-1.4696,0.0,Metal,Fm-3m,225,32
BaZnInGa5_id269_E-1.47.cif,BaZnInGa5,-1.4687,0.0,Metal,Pm,6,8
Ba3NaAlIn_id2212_E-1.47.cif,Ba3NaAlIn,-1.467,0.0,Metal,Pmm2,25,6
Zn4CdGaSn_id964_E-1.47.cif,Zn4CdGaSn,-1.4652,0.0,Metal,P-42m,111,7
Mg8Al5Zn9_id1035_E-1.46.cif,Mg8Al5Zn9,-1.4648,0.0,Metal,P4/mcc,124,44
Zn6CdGa2_id1923_E-1.46.cif,Zn6CdGa2,-1.4644,0.0,Metal,P-42m,111,9
Ca3Cd4Sn_id946_E-1.46.cif,Ca3Cd4Sn,-1.4637,0.0,Metal,Pma2,28,16
Cd4In4Sn_id2094_E-1.46.cif,Cd4In4Sn,-1.4634,0.0,Metal,Pnnn,48,18
Ba2CaCd2_id141_E-1.46.cif,Ba2CaCd2,-1.4615,0.0,Metal,P4/mmm,123,10
Mg5(In2Sn)2_id2484_E-1.46.cif,Mg5(In2Sn)2,-1.4594,0.0,Metal,P4_22_12,94,22
Li2BeZn2_id1475_E-1.46.cif,Li2BeZn2,-1.4572,0.0,Metal,P-42c,112,20
Ca8Mg9_id2342_E-1.46.cif,Ca8Mg9,-1.4563,0.0,Metal,P6cc,184,34
Li5Zn_id3407_E-1.46.cif,Li5Zn,-1.4559,0.001,Metal,P2_12_12_1,19,24
NaAl8(Zn4Cd)2_id4676_E-1.46.cif,NaAl8(Zn4Cd)2,-1.4553,0.0,Metal,I422,97,38
AlGa5_id2224_E-1.46.cif,AlGa5,-1.455,0.0,Metal,P4/mmm,123,24
K3(NaGa3)2_id1276_E-1.45.cif,K3(NaGa3)2,-1.453,0.0,Metal,P6/mmm,191,11
Li4Mg2Cd_id1065_E-1.45.cif,Li4Mg2Cd,-1.4528,0.0,Metal,Pmma,51,14
Ba2In_id3679_E-1.45.cif,Ba2In,-1.4523,0.0,Metal,P3_121,152,18
CaMg8In3_id3030_E-1.45.cif,CaMg8In3,-1.4512,0.0,Metal,P6/mmm,191,12
Ba2Na_id601_E-1.45.cif,Ba2Na,-1.4502,0.0,Metal,P4/mmm,123,6
Cd2In_id2569_E-1.45.cif,Cd2In,-1.4493,0.0,Metal,Ibca,73,24
Ca3Mg2Zn_id2410_E-1.45.cif,Ca3Mg2Zn,-1.4486,0.0,Metal,P6_3/mmc,194,12
Na3Ga2_id4509_E-1.45.cif,Na3Ga2,-1.4476,0.0,Metal,P4/nnc,126,40
LiMgZn_id3349_E-1.45.cif,LiMgZn,-1.4465,0.0,Metal,Ibca,73,24
Mg_id3558_E-1.45.cif,Mg,-1.4461,0.0,Metal,Ibca,73,16
Ba3LiCaMgGe_id4712_E-1.45.cif,Ba3LiCaMgGe,-1.4457,0.023,Metal,P-6m2,187,7
Sr4Zn_id3135_E-1.45.cif,Sr4Zn,-1.4456,0.0,Metal,Ibam,72,20
Li2Zn7Ga2_id1694_E-1.44.cif,Li2Zn7Ga2,-1.444,0.0,Metal,I-4m2,119,22
Mg_id893_E-1.44.cif,Mg,-1.4427,0.0,Metal,I4/mmm,139,20
Ca2Mg3_id3421_E-1.44.cif,Ca2Mg3,-1.4425,0.0,Metal,P4/mbm,127,20
Li5CaZnSi_id2360_E-1.44.cif,Li5CaZnSi,-1.442,0.0,Metal,P4/mmm,123,32
Li12Mg7_id4848_E-1.44.cif,Li12Mg7,-1.4414,0.0,Metal,Im-3,204,38
Li(Mg3Zn)2_id3498_E-1.44.cif,Li(Mg3Zn)2,-1.4409,0.0,Metal,Fm-3m,225,36
Na3Zn4Sb_id2037_E-1.44.cif,Na3Zn4Sb,-1.4391,0.0,Metal,P4_2/m,84,16
SrCa_id643_E-1.44.cif,SrCa,-1.4376,0.0,Metal,P4/mmm,123,8
Ca2Mg4Cd3In_id587_E-1.44.cif,Ca2Mg4Cd3In,-1.4366,0.0,Metal,P6_3/mcm,193,20
Cd5Ga2_id3481_E-1.44.cif,Cd5Ga2,-1.4357,0.0,Metal,I-42m,121,14
Zn6GaGe3_id3857_E-1.43.cif,Zn6GaGe3,-1.4345,0.0,Metal,Pm-3m,221,10
LiCa2Mg9_id3756_E-1.43.cif,LiCa2Mg9,-1.4342,0.0,Metal,P-31m,162,12
AlGa5_id4831_E-1.43.cif,AlGa5,-1.4337,0.0,Metal,P4/mmm,123,6
Zn4Sb_id3764_E-1.43.cif,Zn4Sb,-1.4332,0.0,Metal,Pccm,49,10
K4NaIn3Ge_id630_E-1.43.cif,K4NaIn3Ge,-1.4331,0.0,Metal,P4/mmm,123,9
BaLiCa_id3102_E-1.43.cif,BaLiCa,-1.4326,0.0,Metal,Immm,71,6
Li(Zn5Ga2)2_id4334_E-1.43.cif,Li(Zn5Ga2)2,-1.4325,0.0,Metal,P2,3,30
Zn5Ga2_id3607_E-1.43.cif,Zn5Ga2,-1.4293,0.0,Metal,Aem2,39,28
Zn5In_id1158_E-1.43.cif,Zn5In,-1.4283,0.0,Metal,Pn-3m,224,12
Li3MgZn2CdGa2_id1520_E-1.43.cif,Li3MgZn2CdGa2,-1.428,0.0,Metal,P6_5,170,54
Mg(CdIn)2_id3249_E-1.43.cif,Mg(CdIn)2,-1.4273,0.0,Metal,I4/mcm,140,20
Li4Cd2Ga4SnGe_id3084_E-1.43.cif,Li4Cd2Ga4SnGe,-1.4269,0.0,Metal,P4_2/m,84,24
K2Ga_id3698_E-1.43.cif,K2Ga,-1.4266,0.664,Semiconductor,Pa-3,205,12
Na14In5_id4488_E-1.43.cif,Na14In5,-1.4265,0.0,Metal,C222,21,38
Li3Mg6ScIn5_id3580_E-1.43.cif,Li3Mg6ScIn5,-1.4255,0.0,Metal,P6/mmm,191,15
Li4Mg2Cd9In_id1078_E-1.42.cif,Li4Mg2Cd9In,-1.4245,0.0,Metal,Pbam,55,32
Mg9In(TeSe2)2_id4954_E-1.42.cif,Mg9In(TeSe2)2,-1.4244,0.069,Semiconductor,P2_12_12,18,32
KNa6Zn12CdIn6_id2825_E-1.42.cif,KNa6Zn12CdIn6,-1.4238,0.0,Metal,Pm-3,200,26
K2Li2Al10Zn7In2Ga5_id1200_E-1.42.cif,K2Li2Al10Zn7In2Ga5,-1.4232,0.0,Metal,P1,1,28
Na4(LiZn)3_id2618_E-1.42.cif,Na4(LiZn)3,-1.4225,0.0,Metal,I-43d,220,40
Na2Li2Cd3Te_id4941_E-1.42.cif,Na2Li2Cd3Te,-1.4206,2.266,Semiconductor,C2/m,12,16
BaZn2_id1250_E-1.42.cif,BaZn2,-1.4205,0.0,Metal,C2/m,12,6
LiZn4_id3386_E-1.42.cif,LiZn4,-1.4204,0.0,Metal,P4_2/nmc,137,10
KNa2Ga_id3005_E-1.42.cif,KNa2Ga,-1.4202,0.126,Semiconductor,Cmmm,65,16
Na2Li2MgZnGa_id440_E-1.42.cif,Na2Li2MgZnGa,-1.4195,0.04,Metal,C222,21,28
Li5Zn_id3243_E-1.42.cif,Li5Zn,-1.4189,4.134,Insulator,P4_12_12,92,24
BaLi24Mg9GaGe_id2780_E-1.42.cif,BaLi24Mg9GaGe,-1.4186,0.0,Metal,P4,75,36
Li6Mg2TiAlZnSi_id1771_E-1.42.cif,Li6Mg2TiAlZnSi,-1.4177,2.871,Semiconductor,P1,1,36
K2Ga_id1097_E-1.42.cif,K2Ga,-1.417,0.0,Metal,P4_2/mmc,131,6
BaNa2Ca_id1488_E-1.42.cif,BaNa2Ca,-1.4157,0.0,Metal,P4/mmm,123,8
NaAl4Cd8Sn_id448_E-1.42.cif,NaAl4Cd8Sn,-1.4156,0.0,Metal,Immm,71,28
LiMg4_id1525_E-1.41.cif,LiMg4,-1.4135,4.033,Insulator,I4_1/amd,141,20
Li3Zn2_id2545_E-1.41.cif,Li3Zn2,-1.4135,0.0,Metal,Ibca,73,40
In_id4209_E-1.41.cif,In,-1.4135,0.0,Metal,Amm2,38,8
SrLi4Al2CdGa2_id2660_E-1.41.cif,SrLi4Al2CdGa2,-1.4126,0.0,Metal,I4/mcm,140,40
Sr6Cd8In2N_id4783_E-1.41.cif,Sr6Cd8In2N,-1.4122,0.0,Metal,P4/mmm,123,17
Cd2In_id1760_E-1.41.cif,Cd2In,-1.412,0.0,Metal,Cmmm,65,12
ScAl2Zn8In_id4049_E-1.41.cif,ScAl2Zn8In,-1.4104,0.0,Metal,P4/mbm,127,24
Cd2Ga_id573_E-1.41.cif,Cd2Ga,-1.4101,0.0,Metal,P4/m,83,12
LiMgZn6_id4962_E-1.41.cif,LiMgZn6,-1.4089,0.0,Metal,Pm-3,200,8
Mg_id3488_E-1.41.cif,Mg,-1.408,0.0,Metal,I4_1/acd,142,16
Na(LiZn)2_id4888_E-1.41.cif,Na(LiZn)2,-1.4069,0.0,Metal,Ccce,68,20
K3Na3Li2(ZnGa)4_id3998_E-1.41.cif,K3Na3Li2(ZnGa)4,-1.4064,0.405,Semiconductor,C222,21,32
Li4MgCd_id1659_E-1.41.cif,Li4MgCd,-1.4057,0.0,Metal,Ccc2,37,24
BaZnCd6Te_id1578_E-1.40.cif,BaZnCd6Te,-1.4046,0.0,Metal,P312,149,9
BaAl2Zn5Ga_id3805_E-1.40.cif,BaAl2Zn5Ga,-1.4043,0.0,Metal,Aea2,41,36
Li6MgZnCd4_id4323_E-1.40.cif,Li6MgZnCd4,-1.4035,0.018,Metal,P4_22_12,94,24
Na3Li4Cd3_id1364_E-1.40.cif,Na3Li4Cd3,-1.4018,0.032,Metal,I-43d,220,40
Ba2SrMg2_id1562_E-1.40.cif,Ba2SrMg2,-1.4011,0.0,Metal,P4/mmm,123,5
Cd3Ga_id3093_E-1.40.cif,Cd3Ga,-1.4011,0.0,Metal,Pm-3n,223,8
Li2MgZn2_id3968_E-1.40.cif,Li2MgZn2,-1.3996,0.0,Metal,Cmce,64,20
Ba(Mg2Cd)2_id749_E-1.40.cif,Ba(Mg2Cd)2,-1.3986,0.0,Metal,I4/mmm,139,14
Ba6Sr6MgZn_id611_E-1.40.cif,Ba6Sr6MgZn,-1.3967,0.0,Metal,P-31c,163,28
Ca3Mg_id3103_E-1.40.cif,Ca3Mg,-1.3963,0.0,Metal,Cccm,66,32
Ba2SrLi2Ca_id1336_E-1.39.cif,Ba2SrLi2Ca,-1.3945,0.0,Metal,P4_2/mbc,135,24
Na3In_id2011_E-1.39.cif,Na3In,-1.3945,0.0,Metal,P4/mbm,127,16
LiZn4_id3089_E-1.39.cif,LiZn4,-1.3935,0.007,Metal,P4_2/nmc,137,10
Be2Cd4In_id2129_E-1.39.cif,Be2Cd4In,-1.3935,0.0,Metal,P4_2/mcm,132,14
Ca_id2689_E-1.39.cif,Ca,-1.393,0.0,Metal,P4_2mc,105,16
NaInGa4SbTe2P2Se4(SO2)4_id3782_E-1.39.cif,NaInGa4SbTe2P2Se4(SO2)4,-1.3926,1.425,Semiconductor,P-4,81,27
Ba12Li19Mg14Sn3_id4669_E-1.39.cif,Ba12Li19Mg14Sn3,-1.3918,0.098,Semiconductor,P622,177,48
Sr2MgP2_id2632_E-1.39.cif,Sr2MgP2,-1.3916,1.098,Semiconductor,P4_132,213,20
BaCa4MgCd4_id3741_E-1.39.cif,BaCa4MgCd4,-1.3909,0.0,Metal,I-4m2,119,20
NaCd6Sn_id1195_E-1.39.cif,NaCd6Sn,-1.3906,0.0,Metal,Fm-3m,225,32
Ba4SrZn5_id572_E-1.39.cif,Ba4SrZn5,-1.3904,0.0,Metal,P6/mmm,191,10
Ba4(NaLi)3_id2027_E-1.39.cif,Ba4(NaLi)3,-1.3896,0.0,Metal,P4_2/nnm,134,20
Li4Zn4Cd4Sn2S_id4740_E-1.39.cif,Li4Zn4Cd4Sn2S,-1.3851,0.0,Metal,Pbcn,60,60
LiCa(MgIn)2_id1239_E-1.38.cif,LiCa(MgIn)2,-1.3841,0.0,Metal,P6_5,170,36
Na2ZnGa3Ge3(BO2)3_id2557_E-1.38.cif,Na2ZnGa3Ge3(BO2)3,-1.3834,0.248,Semiconductor,P-6c2,188,36
Li40Sn_id4188_E-1.38.cif,Li40Sn,-1.3823,0.0,Metal,P622,177,41
Ca_id3376_E-1.38.cif,Ca,-1.3818,0.0,Metal,P4/mmm,123,12
Na2Li4Mg4Zn4Cd4Sn4Sb_id4706_E-1.38.cif,Na2Li4Mg4Zn4Cd4Sn4Sb,-1.3814,0.0,Metal,P1,1,23
Li3Mg3In_id2101_E-1.38.cif,Li3Mg3In,-1.3812,0.0,Metal,Pm-3n,223,14
MgSi_id3969_E-1.38.cif,MgSi,-1.381,0.0,Metal,I4_1/acd,142,32
K2NaBe2Al3Zn(InGa)2_id1753_E-1.38.cif,K2NaBe2Al3Zn(InGa)2,-1.3804,0.0,Metal,P6_4,172,39
Li11MgIn4_id3184_E-1.38.cif,Li11MgIn4,-1.3801,0.0,Metal,P4/mmm,123,16
Ba2LiCaAlZn_id3673_E-1.38.cif,Ba2LiCaAlZn,-1.3779,0.0,Metal,Pnma,62,24
Li6Mg2Al(ZnCd)2_id3642_E-1.38.cif,Li6Mg2Al(ZnCd)2,-1.3774,0.0,Metal,Pnnm,58,26
Li2CaZn4CdGaGe_id837_E-1.38.cif,Li2CaZn4CdGaGe,-1.3769,0.0,Metal,Pcc2,27,40
K2Cd2Ga_id1864_E-1.38.cif,K2Cd2Ga,-1.3757,0.451,Semiconductor,P2_12_12,18,10
LiZn7Ga2_id783_E-1.38.cif,LiZn7Ga2,-1.3757,0.0,Metal,I4/mmm,139,20
Li2Zn3_id4920_E-1.37.cif,Li2Zn3,-1.3745,0.0,Metal,Cmme,67,20
KNa6Mg2In2GaSn2_id3932_E-1.37.cif,KNa6Mg2In2GaSn2,-1.3741,0.0,Metal,P4_2nm,102,28
CaMg2Cd_id3965_E-1.37.cif,CaMg2Cd,-1.3739,0.0,Metal,P4/mmm,123,16
Mg7Sc2_id4339_E-1.37.cif,Mg7Sc2,-1.3725,0.0,Metal,P4_22_12,94,18
Sr3Li4Ca3_id1439_E-1.37.cif,Sr3Li4Ca3,-1.3723,0.0,Metal,P6_3/m,176,20
Li8Mg8Cd_id2347_E-1.37.cif,Li8Mg8Cd,-1.3722,0.0,Metal,P4_2/n,86,34
K2CdInSn_id3044_E-1.37.cif,K2CdInSn,-1.3718,0.532,Semiconductor,Pmmn,59,10
NaLi4Mg2CdIn2_id1405_E-1.37.cif,NaLi4Mg2CdIn2,-1.3715,2.962,Semiconductor,C222,21,20
BaCa2ZnCd2_id2431_E-1.37.cif,BaCa2ZnCd2,-1.3714,0.0,Metal,Pmmm,47,6
Sr_id849_E-1.37.cif,Sr,-1.371,0.0,Metal,C2/m,12,14
Ba2TiP2O_id392_E-1.37.cif,Ba2TiP2O,-1.3698,0.132,Semiconductor,P1,1,18
Ca7Zn12_id3295_E-1.37.cif,Ca7Zn12,-1.3691,0.0,Metal,Im-3,204,38
Li32Ca_id2067_E-1.37.cif,Li32Ca,-1.3686,0.0,Metal,P-31m,162,33
Mg2Zn3_id4605_E-1.37.cif,Mg2Zn3,-1.3658,0.0,Metal,C222,21,10
Li8ScZn8(CdIn)4_id1942_E-1.37.cif,Li8ScZn8(CdIn)4,-1.3651,0.0,Metal,P4_2/n,86,50
Cd9Sn4_id1477_E-1.36.cif,Cd9Sn4,-1.3637,0.0,Metal,P4_2/nnm,134,52
Mg3Zn2Cd_id3971_E-1.36.cif,Mg3Zn2Cd,-1.3636,0.0,Metal,Pn-3m,224,12
Na2Zn2Sn_id2930_E-1.36.cif,Na2Zn2Sn,-1.3629,0.0,Metal,I4/mcm,140,20
KCd2In_id558_E-1.36.cif,KCd2In,-1.3607,0.0,Metal,I4/mmm,139,8
Ca_id2159_E-1.36.cif,Ca,-1.3601,0.0,Metal,P-31m,162,15
Li3Zn3Cd3In_id177_E-1.36.cif,Li3Zn3Cd3In,-1.3587,0.0,Metal,P6_3/m,176,20
LiMg10_id2628_E-1.36.cif,LiMg10,-1.3578,0.0,Metal,P3_112,151,33
Mg4Cd3_id3113_E-1.36.cif,Mg4Cd3,-1.357,0.0,Metal,Im-3m,229,14
MgCd3Sn_id4855_E-1.36.cif,MgCd3Sn,-1.3565,0.0,Metal,P4/mmm,123,10
LiMgAlZn2In_id1454_E-1.36.cif,LiMgAlZn2In,-1.3552,0.0,Metal,P6_1,169,36
Be3Al2Zn2Ga_id212_E-1.35.cif,Be3Al2Zn2Ga,-1.3537,0.0,Metal,P6_122,178,48
Zn4Ga_id2049_E-1.35.cif,Zn4Ga,-1.3526,0.0,Metal,Ccce,68,20
Li6Mg5_id2335_E-1.35.cif,Li6Mg5,-1.3524,0.0,Metal,C222,21,22
LiZn4Cd2In_id781_E-1.35.cif,LiZn4Cd2In,-1.3524,0.0,Metal,I4/mmm,139,16
Li2Mg3ScZn3Ga_id3538_E-1.35.cif,Li2Mg3ScZn3Ga,-1.3524,0.0,Metal,P4/mmm,123,10
NaCaMgIn2_id1031_E-1.35.cif,NaCaMgIn2,-1.3521,0.0,Metal,Imma,74,20
CaMg4_id3985_E-1.35.cif,CaMg4,-1.3519,0.0,Metal,I4cm,108,20
Li2Ca2Mg4Cd_id4001_E-1.35.cif,Li2Ca2Mg4Cd,-1.3516,0.0,Metal,Immm,71,18
Mg(CdIn)2_id2746_E-1.35.cif,Mg(CdIn)2,-1.3514,0.0,Metal,Cmce,64,20
MgCd_id4235_E-1.35.cif,MgCd,-1.35,0.0,Metal,Pm-3m,221,16
MgCd_id2558_E-1.35.cif,MgCd,-1.35,0.0,Metal,Pm-3m,221,16
LiCa2Mg2Sc(In2Sn)2_id3142_E-1.35.cif,LiCa2Mg2Sc(In2Sn)2,-1.35,0.0,Metal,P4/mmm,123,12
Zn7Ga_id2679_E-1.35.cif,Zn7Ga,-1.3499,0.0,Metal,Pbam,55,16
Ba2Sr2Li3Si2_id1116_E-1.35.cif,Ba2Sr2Li3Si2,-1.3492,0.0,Metal,P-43m,215,18
Na2Li9_id3401_E-1.35.cif,Na2Li9,-1.3491,0.015,Metal,Im-3m,229,44
Li3ScZn6(InGa2)3_id4738_E-1.35.cif,Li3ScZn6(InGa2)3,-1.3484,0.01,Metal,Pm-3m,221,19
K2NaLiIn_id4141_E-1.35.cif,K2NaLiIn,-1.3458,0.0,Metal,P42_12,90,10
Ca_id3479_E-1.34.cif,Ca,-1.3445,0.0,Metal,P6/mmm,191,12
BaNa4Sr3Li_id4429_E-1.34.cif,BaNa4Sr3Li,-1.3442,0.0,Metal,P2/m,10,9
K2Be4Sn_id766_E-1.34.cif,K2Be4Sn,-1.3439,0.0,Metal,P4_2/mcm,132,14
KMgZn3Ga2_id4242_E-1.34.cif,KMgZn3Ga2,-1.3428,0.0,Metal,P-62m,189,21
Ba6Na6SrScIn_id1039_E-1.34.cif,Ba6Na6SrScIn,-1.3425,0.0,Metal,P-31c,163,30
BeZn3_id2492_E-1.34.cif,BeZn3,-1.3423,0.0,Metal,P4_132,213,32
SrCd2In_id44_E-1.34.cif,SrCd2In,-1.3416,0.0,Metal,C222,21,16
LiCd2_id52_E-1.34.cif,LiCd2,-1.3379,0.0,Metal,R-3m,166,18
Na2BeZn_id2425_E-1.34.cif,Na2BeZn,-1.3378,0.0,Metal,Fm-3m,225,16
Li4Mg5Al4In_id1726_E-1.34.cif,Li4Mg5Al4In,-1.3373,0.0,Metal,I2_12_12_1,24,56
K6Ba2Na2LiIn3(SnO)2_id4762_E-1.34.cif,K6Ba2Na2LiIn3(SnO)2,-1.3372,11.241,Insulator,P6_2,171,54
K(Na2In)2_id871_E-1.34.cif,K(Na2In)2,-1.3361,0.0,Metal,Pnnn,48,14
Mg_id1030_E-1.34.cif,Mg,-1.3356,0.0,Metal,I4/mmm,139,20
Al2Ga4Ge4O5_id4351_E-1.34.cif,Al2Ga4Ge4O5,-1.3354,0.321,Semiconductor,P4/mmm,123,15
Na10Li8Sn3_id2586_E-1.34.cif,Na10Li8Sn3,-1.3353,0.0,Metal,I-43m,217,42
NaMg2Cd2Ga_id3235_E-1.34.cif,NaMg2Cd2Ga,-1.335,0.0,Metal,Cmcm,63,24
Mg2Al(In6Ga)2_id3105_E-1.33.cif,Mg2Al(In6Ga)2,-1.3338,0.0,Metal,P4_232,208,34
LiCd3_id3527_E-1.33.cif,LiCd3,-1.3337,0.0,Metal,Pm-3m,221,32
Na8Li8Mg2Ga_id1973_E-1.33.cif,Na8Li8Mg2Ga,-1.3334,0.091,Semiconductor,P4/mnc,128,38
SrCa5_id1367_E-1.33.cif,SrCa5,-1.3333,0.002,Metal,Pm,6,24
KLi2MgZn2_id200_E-1.33.cif,KLi2MgZn2,-1.3331,0.0,Metal,Immm,71,12
Li4MgCd2_id265_E-1.33.cif,Li4MgCd2,-1.333,0.0,Metal,Ibca,73,56
AlZn_id4054_E-1.33.cif,AlZn,-1.3321,0.0,Metal,I4_1/acd,142,32
SrCa3_id381_E-1.33.cif,SrCa3,-1.3319,0.0,Metal,Ibca,73,32
BaCd6In_id1414_E-1.33.cif,BaCd6In,-1.3309,0.0,Metal,I4/mcm,140,32
MgZn_id2966_E-1.33.cif,MgZn,-1.3305,0.002,Metal,P6_3/mmc,194,8
MgZn_id4050_E-1.33.cif,MgZn,-1.3303,0.0,Metal,Fm-3m,225,8
K4Te_id4688_E-1.33.cif,K4Te,-1.3296,0.0,Metal,Pn-3n,222,60
LiZn2Ge_id3620_E-1.33.cif,LiZn2Ge,-1.3289,0.0,Metal,P6_222,180,12
Na2Ca4MgCd2_id735_E-1.33.cif,Na2Ca4MgCd2,-1.3287,0.0,Metal,Cmce,64,36
Cd3In_id1084_E-1.33.cif,Cd3In,-1.3275,0.0,Metal,Pm-3n,223,8
Li3ZnO8_id3171_E-1.33.cif,Li3ZnO8,-1.3268,0.238,Semiconductor,P3_121,152,36
Zn6InGa3_id4628_E-1.33.cif,Zn6InGa3,-1.3251,0.0,Metal,Pmmm,47,10
Na3Li4Zn3_id4106_E-1.32.cif,Na3Li4Zn3,-1.3243,0.0,Metal,I-43d,220,40
Mg_id2093_E-1.32.cif,Mg,-1.3242,0.0,Metal,I4_1/a,88,20
NaLi2Zn2Sn_id53_E-1.32.cif,NaLi2Zn2Sn,-1.3242,0.0,Metal,Iba2,45,48
KNa2LiCdSb_id3568_E-1.32.cif,KNa2LiCdSb,-1.3238,0.118,Semiconductor,C222_1,20,24
Na3Mg_id4178_E-1.32.cif,Na3Mg,-1.3237,0.0,Metal,Pm-3m,221,32
NaMgAlZn3In_id4808_E-1.32.cif,NaMgAlZn3In,-1.3233,2.966,Semiconductor,P4_3,78,28
Mg4In5_id4062_E-1.32.cif,Mg4In5,-1.3219,0.0,Metal,Pm-3m,221,27
Na6Ca2Cd_id2315_E-1.32.cif,Na6Ca2Cd,-1.3211,0.078,Semiconductor,I4mm,107,18
NaLi29(MgZn)2_id3872_E-1.32.cif,NaLi29(MgZn)2,-1.3209,0.0,Metal,P-1,2,34
Ba2Li3(Ca3Sc)2_id1888_E-1.32.cif,Ba2Li3(Ca3Sc)2,-1.3203,0.001,Metal,R-3,148,39
Li3ZnCd2_id218_E-1.32.cif,Li3ZnCd2,-1.3185,0.0,Metal,Cmcm,63,24
Ca5Mg_id2498_E-1.32.cif,Ca5Mg,-1.3179,0.0,Metal,P4/mbm,127,24
Ba2SrLiMgZnSn_id2128_E-1.32.cif,Ba2SrLiMgZnSn,-1.3158,0.0,Metal,Cmcm,63,28
KBaCd3In3GaSn_id426_E-1.32.cif,KBaCd3In3GaSn,-1.3155,0.0,Metal,P-6m2,187,10
K8Al2ZnSi_id821_E-1.31.cif,K8Al2ZnSi,-1.3133,0.124,Semiconductor,I422,97,24
Li2Mg(BeCd)2_id942_E-1.31.cif,Li2Mg(BeCd)2,-1.3125,0.0,Metal,C2/m,12,14
SrLiCa2_id4684_E-1.31.cif,SrLiCa2,-1.3125,0.0,Metal,Ibca,73,32
Zn9Ga_id1134_E-1.31.cif,Zn9Ga,-1.3115,0.0,Metal,P-4m2,115,10
CaBe4(Zn2Ga)4_id2665_E-1.31.cif,CaBe4(Zn2Ga)4,-1.3113,0.0,Metal,P4_2/nmc,137,34
SrLi2Cd_id1458_E-1.31.cif,SrLi2Cd,-1.3112,0.0,Metal,Cmmm,65,16
Na2Li2Be2Ge_id4700_E-1.31.cif,Na2Li2Be2Ge,-1.3107,1.018,Semiconductor,P1,1,28
LiCdIn2_id1171_E-1.31.cif,LiCdIn2,-1.3104,0.0,Metal,P4_122,91,16
Ba6NaLi_id149_E-1.31.cif,Ba6NaLi,-1.3103,0.013,Metal,F-43m,216,32
BaSr2Zn_id1785_E-1.31.cif,BaSr2Zn,-1.3102,0.0,Metal,Ibca,73,32
Na(Cd2In)6_id4052_E-1.31.cif,Na(Cd2In)6,-1.3096,0.0,Metal,I23,197,38
Sr_id219_E-1.31.cif,Sr,-1.3093,0.0,Metal,Pmna,53,36
NaCd3Sn_id2964_E-1.31.cif,NaCd3Sn,-1.3093,0.0,Metal,Imm2,44,10
Na6Ca3In4_id1621_E-1.31.cif,Na6Ca3In4,-1.3075,0.19,Semiconductor,P432,207,52
Na6LiCa3_id2797_E-1.31.cif,Na6LiCa3,-1.3073,0.0,Metal,Ibam,72,40
Te2As_id3430_E-1.31.cif,Te2As,-1.3071,0.756,Semiconductor,Cmmm,65,12
KLi4MgZn2_id1263_E-1.31.cif,KLi4MgZn2,-1.3065,0.0,Metal,P-42c,112,16
MgZn5_id63_E-1.31.cif,MgZn5,-1.3062,0.0,Metal,Cmcm,63,24
K5CdIn3Ga_id1632_E-1.31.cif,K5CdIn3Ga,-1.3062,0.319,Semiconductor,P4_3,78,40
Ba2Li14CaZnCd2_id4347_E-1.30.cif,Ba2Li14CaZnCd2,-1.3015,0.0,Metal,P2/m,10,20
Ba2Sr2Cd_id4875_E-1.30.cif,Ba2Sr2Cd,-1.3013,0.0,Metal,I4/mcm,140,20
BaNa4Cd4Ge_id4796_E-1.30.cif,BaNa4Cd4Ge,-1.3012,0.531,Semiconductor,I4_1/a,88,40
Na3Mg3Cd2_id89_E-1.30.cif,Na3Mg3Cd2,-1.3005,0.0,Metal,R-3,148,48
Ba2CaCd6Ga_id3026_E-1.30.cif,Ba2CaCd6Ga,-1.2999,0.0,Metal,Pbam,55,20
Ca_id158_E-1.30.cif,Ca,-1.298,0.277,Semiconductor,Pmna,53,30
NaCdIn_id1675_E-1.30.cif,NaCdIn,-1.2976,0.159,Semiconductor,P4/mmm,123,12
K2Cd5Sn_id50_E-1.30.cif,K2Cd5Sn,-1.297,0.0,Metal,Pbam,55,16
Na2Li4Mg3_id3595_E-1.30.cif,Na2Li4Mg3,-1.2962,0.0,Metal,Cmce,64,36
MgZn6_id420_E-1.29.cif,MgZn6,-1.294,0.0,Metal,Fm-3m,225,28
K2Ba4Sr_id1977_E-1.29.cif,K2Ba4Sr,-1.2932,0.0,Metal,Cmce,64,28
K7CdSnSb_id2735_E-1.29.cif,K7CdSnSb,-1.2929,0.106,Semiconductor,P312,149,10
K2Ba_id2325_E-1.29.cif,K2Ba,-1.2925,0.0,Metal,P-3c1,165,12
Mg2Cd4In_id4364_E-1.29.cif,Mg2Cd4In,-1.2916,0.0,Metal,Cmce,64,28
CaCd4_id2185_E-1.29.cif,CaCd4,-1.291,0.0,Metal,I4/mmm,139,10
Mg2ZnCd(InTe)2_id2262_E-1.29.cif,Mg2ZnCd(InTe)2,-1.2908,0.026,Metal,P4mm,99,8
KBaSr_id2271_E-1.29.cif,KBaSr,-1.2904,0.0,Metal,I-4m2,119,6
Li4Mg6Al3Zn7(Cd3Ga4)2_id2152_E-1.29.cif,Li4Mg6Al3Zn7(Cd3Ga4)2,-1.2894,0.0,Metal,P-1,2,34
Mg2Zn3_id2151_E-1.29.cif,Mg2Zn3,-1.2887,0.0,Metal,Cmmm,65,10
Mg3ZnIn_id2804_E-1.29.cif,Mg3ZnIn,-1.2885,0.0,Metal,Pm-3m,221,5
In4Ga_id4599_E-1.29.cif,In4Ga,-1.2885,0.0,Metal,P6/mmm,191,5
Mg4Cd_id4769_E-1.29.cif,Mg4Cd,-1.2884,0.0,Metal,Im-3m,229,10
AlZnCd2_id1129_E-1.29.cif,AlZnCd2,-1.2873,0.0,Metal,Iba2,45,16
Zn2Cd6(InGa)3_id4194_E-1.29.cif,Zn2Cd6(InGa)3,-1.287,0.0,Metal,P6cc,184,28
Na4ScCd4_id2742_E-1.29.cif,Na4ScCd4,-1.2869,0.0,Metal,P-42_1c,114,18
Li2Zn8Ga_id645_E-1.29.cif,Li2Zn8Ga,-1.2867,0.0,Metal,Aea2,41,44
Li8Mg9ScIn3_id2291_E-1.28.cif,Li8Mg9ScIn3,-1.2845,0.033,Metal,P6/mmm,191,21
Sr_id49_E-1.28.cif,Sr,-1.2844,0.0,Metal,P4_2mc,105,10
K_id2650_E-1.28.cif,K,-1.2835,1.627,Semiconductor,P6_3/mcm,193,18
Na9(Li2Mg)2_id4947_E-1.28.cif,Na9(Li2Mg)2,-1.2821,0.0,Metal,P2_1/c,14,30
KNa10Mg4ZnCd8In4Sn4Ge4Te4AsSe2_id512_E-1.28.cif,KNa10Mg4ZnCd8In4Sn4Ge4Te4AsSe2,-1.2821,0.111,Semiconductor,P4,75,43
LiZn_id277_E-1.28.cif,LiZn,-1.2819,0.0,Metal,I4_1/acd,142,32
InGa3_id1462_E-1.28.cif,InGa3,-1.2814,0.0,Metal,P4/mmm,123,8
K7Zn6GaSb_id1863_E-1.28.cif,K7Zn6GaSb,-1.2813,0.111,Semiconductor,P312,149,15
MgCd_id1866_E-1.28.cif,MgCd,-1.2811,0.0,Metal,P4_32_12,96,8
Li2Cd_id478_E-1.28.cif,Li2Cd,-1.2787,0.0,Metal,Pn-3m,224,6
KNaCd6Sn_id622_E-1.28.cif,KNaCd6Sn,-1.2784,0.0,Metal,P-6m2,187,9
K7CdSn_id2521_E-1.28.cif,K7CdSn,-1.2777,0.0,Metal,P-31c,163,18
K2Ba_id1091_E-1.28.cif,K2Ba,-1.2768,0.0,Metal,P4/mmm,123,12
BaNa4LiZn2As_id1816_E-1.28.cif,BaNa4LiZn2As,-1.2757,0.0,Metal,I4/mcm,140,36
K(Na7In3)2_id3209_E-1.27.cif,K(Na7In3)2,-1.2747,0.0,Metal,P-6m2,187,21
LiTeP2Se2S9_id254_E-1.27.cif,LiTeP2Se2S9,-1.2737,1.548,Semiconductor,P2_1/c,14,60
ScZn2_id1431_E-1.27.cif,ScZn2,-1.2737,2.366,Semiconductor,Amm2,38,6
Li2Cd5In7_id2046_E-1.27.cif,Li2Cd5In7,-1.2733,0.0,Metal,P2_1/c,14,28
Cd4Ga_id3572_E-1.27.cif,Cd4Ga,-1.2727,0.0,Metal,P-42_1c,114,10
KCaMg12_id3027_E-1.27.cif,KCaMg12,-1.2708,0.0,Metal,I-4m2,119,28
Na2LiMg2_id306_E-1.27.cif,Na2LiMg2,-1.2696,0.0,Metal,I23,197,60
MgZn_id549_E-1.27.cif,MgZn,-1.269,0.0,Metal,P4/nmm,129,8
Zn4In_id1313_E-1.27.cif,Zn4In,-1.2687,0.0,Metal,I4/mcm,140,20
Li4Mg2BeZnIn2SiGe_id3609_E-1.27.cif,Li4Mg2BeZnIn2SiGe,-1.268,0.181,Semiconductor,Amm2,38,24
LiZn_id4928_E-1.27.cif,LiZn,-1.2678,0.004,Metal,F-43m,216,8
Mg3Cd2In_id3719_E-1.27.cif,Mg3Cd2In,-1.267,0.0,Metal,Pmmm,47,6
Ca7(Mg2Cd)2_id4486_E-1.27.cif,Ca7(Mg2Cd)2,-1.2664,0.0,Metal,Cmce,64,52
Li8Zn7_id2161_E-1.27.cif,Li8Zn7,-1.2663,0.01,Metal,P1,1,60
Li3(MgCd)4_id968_E-1.26.cif,Li3(MgCd)4,-1.2632,0.0,Metal,P-43n,218,22
Ba4Te3O10_id330_E-1.26.cif,Ba4Te3O10,-1.2617,4.648,Insulator,I23,197,34
Be4Al4Zn2Ga3O2_id1323_E-1.26.cif,Be4Al4Zn2Ga3O2,-1.2604,0.817,Semiconductor,C222,21,30
ScCd8_id2445_E-1.26.cif,ScCd8,-1.2598,0.0,Metal,Pn-3,201,18
Mg_id1499_E-1.26.cif,Mg,-1.2596,0.0,Metal,Cmce,64,20
Na3Cd_id4580_E-1.26.cif,Na3Cd,-1.2574,0.0,Metal,Pm-3m,221,32
Na13Ge2_id501_E-1.26.cif,Na13Ge2,-1.2573,1.305,Semiconductor,C2/c,15,60
Sr2Li3Ca4P_id2602_E-1.26.cif,Sr2Li3Ca4P,-1.2566,0.0,Metal,P42_12,90,20
Ba5Ca2_id271_E-1.26.cif,Ba5Ca2,-1.2559,0.0,Metal,P4/nbm,125,14
MgZn3_id1742_E-1.25.cif,MgZn3,-1.2536,0.0,Metal,Pm-3,200,8
KNaIn2_id1555_E-1.25.cif,KNaIn2,-1.2529,0.023,Metal,P4/mbm,127,8
Li3Ca3(MgZn)4_id2568_E-1.25.cif,Li3Ca3(MgZn)4,-1.2528,0.0,Metal,P6_3mc,186,28
Mg4Ti(BeZn4)4_id492_E-1.25.cif,Mg4Ti(BeZn4)4,-1.2521,0.0,Metal,P-42_1c,114,50
NaLiCd4_id2002_E-1.25.cif,NaLiCd4,-1.2465,0.0,Metal,R3m,160,18
Mg4Al3Zn4InSn_id1383_E-1.25.cif,Mg4Al3Zn4InSn,-1.2462,0.0,Metal,Pc,7,26
Ba3Na3LiCd_id4742_E-1.24.cif,Ba3Na3LiCd,-1.2449,0.0,Metal,P6_5,170,48
KBa2Mg7_id3178_E-1.24.cif,KBa2Mg7,-1.2437,0.0,Metal,Fm-3m,225,40
BaCa7_id2559_E-1.24.cif,BaCa7,-1.2432,0.0,Metal,P6/mmm,191,8
Li3Ca4Zn2In3_id3140_E-1.24.cif,Li3Ca4Zn2In3,-1.2429,0.0,Metal,Pn-3,201,48
KNa6Ca_id2432_E-1.24.cif,KNa6Ca,-1.2426,0.0,Metal,P-31c,163,16
SrCd_id736_E-1.24.cif,SrCd,-1.2419,0.0,Metal,P4/mmm,123,8
K2Li_id1351_E-1.24.cif,K2Li,-1.2415,0.0,Metal,I4/mcm,140,12
Sr(Zn4In)2_id4833_E-1.24.cif,Sr(Zn4In)2,-1.2404,0.0,Metal,I422,97,22
K2LiMg_id4924_E-1.24.cif,K2LiMg,-1.2377,0.0,Metal,Fm-3m,225,16
K4SrSc_id2133_E-1.24.cif,K4SrSc,-1.2373,0.0,Metal,P4/mmm,123,12
Na2CdIn2_id1862_E-1.24.cif,Na2CdIn2,-1.2364,0.176,Semiconductor,P4_222,93,20
Li12Mg15Zn_id4671_E-1.24.cif,Li12Mg15Zn,-1.2357,0.0,Metal,Pm-3m,221,28
Na(SrCa2)2_id944_E-1.24.cif,Na(SrCa2)2,-1.2355,0.0,Metal,P2/c,13,14
Li2Mg2(ZnCd)3_id3231_E-1.24.cif,Li2Mg2(ZnCd)3,-1.2354,0.0,Metal,P4mm,99,10
Li5Cd9In4_id4260_E-1.24.cif,Li5Cd9In4,-1.2351,0.116,Semiconductor,P4_2/n,86,36
BaMgZn_id2220_E-1.23.cif,BaMgZn,-1.2349,0.0,Metal,F-43m,216,12
Mg4Cd_id3817_E-1.23.cif,Mg4Cd,-1.2349,0.0,Metal,P4_2/m,84,20
KCaCdIn2Sn3_id3013_E-1.23.cif,KCaCdIn2Sn3,-1.2327,0.0,Metal,P6_5,170,48
Na2Li4BeGa3O2_id1054_E-1.23.cif,Na2Li4BeGa3O2,-1.2326,2.648,Semiconductor,P6_422,181,36
KNa2LiCd2_id2217_E-1.23.cif,KNa2LiCd2,-1.23,0.617,Semiconductor,C2/m,12,12
KLi2MgZn2_id1700_E-1.23.cif,KLi2MgZn2,-1.2289,0.0,Metal,P-6m2,187,12
Ba2Sr6CaCdIn_id1358_E-1.23.cif,Ba2Sr6CaCdIn,-1.228,0.0,Metal,P6,168,11
Mg7ScIn4_id114_E-1.23.cif,Mg7ScIn4,-1.2271,0.219,Semiconductor,P-42_1c,114,24
Cd2InGa_id361_E-1.23.cif,Cd2InGa,-1.2266,0.0,Metal,P4_2/mbc,135,32
Li2Al(ZnGa)2_id3790_E-1.23.cif,Li2Al(ZnGa)2,-1.2266,0.0,Metal,Cccm,66,28
MgCd_id2848_E-1.23.cif,MgCd,-1.2265,0.0,Metal,Pn-3m,224,12
Na7Zn_id3001_E-1.23.cif,Na7Zn,-1.2261,0.0,Metal,P-31c,163,16
K2B_id3392_E-1.23.cif,K2B,-1.2258,0.0,Metal,P6_422,181,18
KCa_id4749_E-1.22.cif,KCa,-1.2244,0.0,Metal,Ibca,73,32
Ba2LiZnCd8_id2119_E-1.22.cif,Ba2LiZnCd8,-1.2233,0.0,Metal,R-3,148,36
LiMgCd4InGe_id1731_E-1.22.cif,LiMgCd4InGe,-1.2232,0.0,Metal,P4_322,95,32
Na3Mg2Cd2In_id2859_E-1.22.cif,Na3Mg2Cd2In,-1.2232,0.114,Semiconductor,P-3m1,164,8
Na4Li8ZnIn_id3180_E-1.22.cif,Na4Li8ZnIn,-1.2224,0.0,Metal,P4_2nm,102,28
K6AlZn_id1989_E-1.22.cif,K6AlZn,-1.2212,0.0,Metal,Pm-3,200,8
Ca3Cd_id2712_E-1.22.cif,Ca3Cd,-1.2211,0.16,Semiconductor,P6_5,170,24
Sr2Li2Ca3Mg3(ZnCd)2_id51_E-1.22.cif,Sr2Li2Ca3Mg3(ZnCd)2,-1.221,0.0,Metal,C2/m,12,28
Li6Zn13_id3203_E-1.22.cif,Li6Zn13,-1.2187,0.003,Metal,Im-3,204,38
LiCd4Sn_id4790_E-1.22.cif,LiCd4Sn,-1.2176,0.0,Metal,P4cc,103,12
AlZn11_id1157_E-1.22.cif,AlZn11,-1.2158,0.0,Metal,I422,97,24
LiZn2_id3220_E-1.22.cif,LiZn2,-1.2152,0.0,Metal,I4_1/acd,142,48
Li4Mg2CdIn_id4394_E-1.21.cif,Li4Mg2CdIn,-1.2132,0.0,Metal,I4/mcm,140,32
NaSrLi_id18_E-1.21.cif,NaSrLi,-1.2132,0.0,Metal,P-6m2,187,6
Li2Ca2Mg7_id382_E-1.21.cif,Li2Ca2Mg7,-1.2129,0.0,Metal,Cmce,64,44
ZnGa_id191_E-1.21.cif,ZnGa,-1.2112,0.0,Metal,P4_122,91,8
Na3Li_id4055_E-1.21.cif,Na3Li,-1.2105,0.0,Metal,Aem2,39,16
BaNa4LiAl2_id4729_E-1.21.cif,BaNa4LiAl2,-1.2099,0.0,Metal,I4/mcm,140,32
Ba2Sr2Li3Mg3Ga2_id2263_E-1.21.cif,Ba2Sr2Li3Mg3Ga2,-1.2095,0.0,Metal,Fmmm,69,48
ZnGa_id2909_E-1.21.cif,ZnGa,-1.2094,0.0,Metal,I4_1/acd,142,32
K2Na2Cd2Ga_id2658_E-1.21.cif,K2Na2Cd2Ga,-1.2079,0.583,Semiconductor,Cmce,64,28
Li6AlCd_id2823_E-1.21.cif,Li6AlCd,-1.2078,0.0,Metal,F-43m,216,32
LiCd2_id1290_E-1.21.cif,LiCd2,-1.2071,0.0,Metal,Cmce,64,36
K4Ba(Na3Ca2)2_id1095_E-1.21.cif,K4Ba(Na3Ca2)2,-1.2061,0.0,Metal,P4_22_12,94,30
NaSr2Li(ZnCd2)2_id1330_E-1.21.cif,NaSr2Li(ZnCd2)2,-1.2059,0.0,Metal,Ibam,72,40
ZnCd2GaSn_id2166_E-1.21.cif,ZnCd2GaSn,-1.2057,0.0,Metal,C222_1,20,40
BaNa2ZnCd4_id1008_E-1.21.cif,BaNa2ZnCd4,-1.2054,0.039,Metal,I4/mcm,140,32
Zn_id2015_E-1.20.cif,Zn,-1.204,0.0,Metal,I4_1/acd,142,16
Ba_id2192_E-1.20.cif,Ba,-1.2039,0.0,Metal,Im-3m,229,6
Ba_id3465_E-1.20.cif,Ba,-1.2037,0.0,Metal,P4/mmm,123,4
Zn_id2497_E-1.20.cif,Zn,-1.2035,0.0,Metal,P4/nmm,129,6
Li21Mg12ScCd3In_id2312_E-1.20.cif,Li21Mg12ScCd3In,-1.203,0.017,Metal,Pm-3m,221,38
Zn_id308_E-1.20.cif,Zn,-1.202,0.0,Metal,I4_1/acd,142,16
KAl2_id1505_E-1.20.cif,KAl2,-1.2014,0.0,Metal,I4_1cd,110,48
Ba4Ca3_id2355_E-1.20.cif,Ba4Ca3,-1.2009,0.0,Metal,Fd-3m,227,56
Sr6Ca2MgSi_id4887_E-1.20.cif,Sr6Ca2MgSi,-1.1999,0.0,Metal,P42_12,90,20
Mg2Cd_id185_E-1.20.cif,Mg2Cd,-1.1996,0.0,Metal,Pa-3,205,12
Li(ZnCd)2_id689_E-1.20.cif,Li(ZnCd)2,-1.1996,0.0,Metal,Pn-3m,224,10
Zn_id825_E-1.20.cif,Zn,-1.1965,0.0,Metal,I4_1/acd,142,16
NaMg2Cd_id3284_E-1.20.cif,NaMg2Cd,-1.1955,0.0,Metal,I-42d,122,16
LiMgZn_id162_E-1.20.cif,LiMgZn,-1.1952,0.0,Metal,Ibca,73,48
LiCa2_id2537_E-1.19.cif,LiCa2,-1.1946,0.0,Metal,Fd-3m,227,48
Zn_id4596_E-1.19.cif,Zn,-1.1944,0.0,Metal,I4_1/acd,142,16
Na_id3255_E-1.19.cif,Na,-1.1908,0.0,Metal,P4_2mc,105,12
ScTiZn12_id2944_E-1.19.cif,ScTiZn12,-1.1907,0.0,Metal,Pm-3,200,14
Na3CaCd2_id1783_E-1.19.cif,Na3CaCd2,-1.1906,0.0,Metal,Pmmm,47,6
Na9Cd2Sn_id2642_E-1.19.cif,Na9Cd2Sn,-1.1904,3.834,Insulator,P-4c2,116,24
AlZnGa2_id4340_E-1.19.cif,AlZnGa2,-1.1902,0.0,Metal,Pmc2_1,26,8
Na4Sr2In_id1285_E-1.19.cif,Na4Sr2In,-1.1899,0.0,Metal,P-6c2,188,14
Zn_id4411_E-1.19.cif,Zn,-1.1893,0.0,Metal,P-4c2,116,16
Zn_id3988_E-1.19.cif,Zn,-1.1882,0.0,Metal,I4/mmm,139,20
MgZn_id3654_E-1.19.cif,MgZn,-1.1874,0.0,Metal,I4_1/acd,142,32
K2Li_id2106_E-1.19.cif,K2Li,-1.1862,0.0,Metal,Pbcn,60,12
LiCd2_id3294_E-1.19.cif,LiCd2,-1.1858,0.0,Metal,I4/mmm,139,6
K3NaLi12Ga8(C3O13)2_id46_E-1.19.cif,K3NaLi12Ga8(C3O13)2,-1.1851,0.825,Semiconductor,P-3,147,56
Na4Cd_id411_E-1.18.cif,Na4Cd,-1.1825,0.0,Metal,Im-3m,229,10
Li2Zn5Ga_id552_E-1.18.cif,Li2Zn5Ga,-1.1824,0.0,Metal,Cmmm,65,16
AlZnGa8_id2104_E-1.18.cif,AlZnGa8,-1.182,3.35,Semiconductor,Pmmm,47,10
Zn4Cd3In2Ga_id2507_E-1.18.cif,Zn4Cd3In2Ga,-1.182,0.0,Metal,P4_2/m,84,20
LiZn3_id4819_E-1.18.cif,LiZn3,-1.1816,0.0,Metal,P4_132,213,16
Zn_id4462_E-1.18.cif,Zn,-1.1796,0.0,Metal,P6/mmm,191,12
K4Ca4TiAlZn4_id247_E-1.18.cif,K4Ca4TiAlZn4,-1.1793,0.159,Semiconductor,P42_12,90,28
BaMgZn2_id331_E-1.18.cif,BaMgZn2,-1.1785,0.047,Metal,Cmmm,65,16
NaZn4_id3161_E-1.18.cif,NaZn4,-1.1763,0.0,Metal,P4_2/nmc,137,10
CaMg10In3Ga2_id317_E-1.18.cif,CaMg10In3Ga2,-1.1762,0.0,Metal,P6/mmm,191,16
LiZn5_id4466_E-1.18.cif,LiZn5,-1.1758,0.0,Metal,Immm,71,12
Li6CaAlZn2Ga3_id3648_E-1.18.cif,Li6CaAlZn2Ga3,-1.1755,2.252,Semiconductor,P1,1,52
BaCd6_id3024_E-1.17.cif,BaCd6,-1.1746,0.0,Metal,Cmmm,65,14
Mg10Cd3InSn_id2708_E-1.17.cif,Mg10Cd3InSn,-1.1732,0.0,Metal,P2/c,13,60
Cd4In_id3769_E-1.17.cif,Cd4In,-1.173,2.811,Semiconductor,P4/nbm,125,20
Zn_id4612_E-1.17.cif,Zn,-1.1715,0.0,Metal,Cmcm,63,16
Li9ZnCd5_id1934_E-1.17.cif,Li9ZnCd5,-1.1714,0.0,Metal,P-31m,162,15
Na_id4923_E-1.17.cif,Na,-1.1713,0.0,Metal,Aem2,39,20
NaZn3_id633_E-1.17.cif,NaZn3,-1.1709,0.0,Metal,P-31c,163,16
Ba2Sr9Ca_id2146_E-1.17.cif,Ba2Sr9Ca,-1.1706,0.0,Metal,P6/mmm,191,12
Na2Zn4Cd4Sn_id3080_E-1.17.cif,Na2Zn4Cd4Sn,-1.1703,0.0,Metal,P4_2/mcm,132,22
Ba4Zn_id606_E-1.17.cif,Ba4Zn,-1.168,0.0,Metal,Ccce,68,20
NaLiMgAlZnCd3_id3132_E-1.16.cif,NaLiMgAlZnCd3,-1.1649,0.0,Metal,P4_3,78,32
ScCd2_id2831_E-1.16.cif,ScCd2,-1.1639,0.0,Metal,I4/mmm,139,6
Mg_id1296_E-1.16.cif,Mg,-1.1633,0.0,Metal,P-42_1m,113,14
Li2Mg7_id3851_E-1.16.cif,Li2Mg7,-1.1622,0.006,Metal,Pccn,56,36
Zn3Ga5_id2717_E-1.16.cif,Zn3Ga5,-1.1616,0.0,Metal,P4/m,83,32
BaSrCa_id4611_E-1.16.cif,BaSrCa,-1.1609,0.0,Metal,P6_2,171,18
Mg_id4172_E-1.16.cif,Mg,-1.1602,0.0,Metal,P2_12_12_1,19,32
Ba2Li7Ca4_id4794_E-1.16.cif,Ba2Li7Ca4,-1.1597,0.0,Metal,P6/mmm,191,13
CaCd7In3Ga_id4442_E-1.16.cif,CaCd7In3Ga,-1.1594,0.0,Metal,Pmm2,25,12
Na2Be2Ge2B2As2O_id1298_E-1.16.cif,Na2Be2Ge2B2As2O,-1.1588,0.07,Semiconductor,P4_32_12,96,44
Mg8ScZn4In_id261_E-1.16.cif,Mg8ScZn4In,-1.1574,0.0,Metal,P4cc,103,28
Li2Ca5Mg2ScZn2_id961_E-1.16.cif,Li2Ca5Mg2ScZn2,-1.1569,2.992,Semiconductor,Pmmm,47,12
K3LiCa_id462_E-1.16.cif,K3LiCa,-1.1566,0.004,Metal,P-6m2,187,10
K2Sr_id3173_E-1.16.cif,K2Sr,-1.156,0.0,Metal,P-3c1,165,12
K6Ga3Sn_id3902_E-1.15.cif,K6Ga3Sn,-1.1549,0.0,Metal,Pm-3,200,10
BaCa_id3931_E-1.15.cif,BaCa,-1.1528,0.0,Metal,P4/mmm,123,4
K6BaMg2Cd5Sn3_id1151_E-1.15.cif,K6BaMg2Cd5Sn3,-1.1506,0.033,Metal,P4bm,100,34
Mg8Zn9Si2Ge_id2413_E-1.15.cif,Mg8Zn9Si2Ge,-1.1501,0.0,Metal,I422,97,40
Na2Zn_id3808_E-1.15.cif,Na2Zn,-1.1469,0.001,Metal,Pa-3,205,12
Mg_id3922_E-1.15.cif,Mg,-1.1463,0.0,Metal,I-4m2,119,16
Zn_id3162_E-1.15.cif,Zn,-1.1459,0.0,Metal,P4/nmm,129,8
SrCa2Zn6Cd_id2063_E-1.14.cif,SrCa2Zn6Cd,-1.1449,2.624,Semiconductor,I4/mcm,140,40
KNa8Mg_id1801_E-1.14.cif,KNa8Mg,-1.1448,0.0,Metal,P4/nbm,125,20
Zn_id4423_E-1.14.cif,Zn,-1.1446,0.0,Metal,Pm-3m,221,8
Zn_id906_E-1.14.cif,Zn,-1.1446,0.0,Metal,Pm-3m,221,8
NaZn12Ga_id3775_E-1.14.cif,NaZn12Ga,-1.1432,0.0,Metal,I422,97,28
K7CaCd6Sn_id4958_E-1.14.cif,K7CaCd6Sn,-1.1431,0.015,Metal,P-31c,163,30
Zn_id1360_E-1.14.cif,Zn,-1.143,0.0,Metal,Ccce,68,20
NaZnCd5Sn_id4800_E-1.14.cif,NaZnCd5Sn,-1.143,0.0,Metal,P4mm,99,8
Zn5(Cd2Ga)2_id1376_E-1.14.cif,Zn5(Cd2Ga)2,-1.1427,0.0,Metal,P2_12_12,18,22
AlCdIn_id482_E-1.14.cif,AlCdIn,-1.1411,0.0,Metal,P4mm,99,3
KCd8In4Sn_id522_E-1.14.cif,KCd8In4Sn,-1.1409,0.0,Metal,P4/nbm,125,28
SrZn8Ga_id3929_E-1.14.cif,SrZn8Ga,-1.1407,0.0,Metal,I-4m2,119,20
Mg15Cd_id3658_E-1.14.cif,Mg15Cd,-1.1396,0.0,Metal,Pm-3,200,16
BaCd4_id3678_E-1.14.cif,BaCd4,-1.1364,0.0,Metal,P4_2/n,86,10
Cd4In_id4982_E-1.13.cif,Cd4In,-1.1349,0.0,Metal,Ccce,68,20
LiMg6ZnIn3_id4362_E-1.13.cif,LiMg6ZnIn3,-1.1344,0.0,Metal,P-6m2,187,11
Mg2Cd3In2Sn_id733_E-1.13.cif,Mg2Cd3In2Sn,-1.1325,0.0,Metal,Pmmm,47,8
Na3CaZn4_id4931_E-1.13.cif,Na3CaZn4,-1.1325,0.168,Semiconductor,P4_2/m,84,16
Al2Zn6Cd2Ga_id4524_E-1.13.cif,Al2Zn6Cd2Ga,-1.1323,2.238,Semiconductor,C222,21,22
KSr3(Li2Cd)6_id3_E-1.13.cif,KSr3(Li2Cd)6,-1.1323,0.0,Metal,Im-3m,229,44
Mg4AlIn4_id3793_E-1.13.cif,Mg4AlIn4,-1.1313,0.0,Metal,P4_22_12,94,18
K4Li2Ga_id70_E-1.13.cif,K4Li2Ga,-1.1311,0.0,Metal,Fd-3m,227,56
Sr2CaMg13_id742_E-1.13.cif,Sr2CaMg13,-1.1311,0.0,Metal,P422,89,16
K3ZnCd2In3_id1825_E-1.13.cif,K3ZnCd2In3,-1.1302,0.0,Metal,P6_5,170,54
Zn3Cd_id4191_E-1.13.cif,Zn3Cd,-1.1301,0.0,Metal,Pm-3n,223,8
Na2Zn_id2182_E-1.13.cif,Na2Zn,-1.1298,0.069,Semiconductor,Pbcn,60,12
KBa5_id2494_E-1.13.cif,KBa5,-1.1294,0.0,Metal,P4/ncc,130,24
Li9Mg3InSn_id559_E-1.13.cif,Li9Mg3InSn,-1.1288,0.868,Semiconductor,Pm-3m,221,14
K8As_id56_E-1.13.cif,K8As,-1.1283,0.0,Metal,Cmm2,35,18
Mg_id3286_E-1.13.cif,Mg,-1.1277,0.0,Metal,I4_1/acd,142,16
Mg7Cd6_id3553_E-1.13.cif,Mg7Cd6,-1.1276,0.0,Metal,Fm-3m,225,52
KZn8(CdSn)4_id720_E-1.13.cif,KZn8(CdSn)4,-1.1275,0.0,Metal,P4_2/nmc,137,34
Zn3In_id209_E-1.13.cif,Zn3In,-1.1273,0.063,Semiconductor,Pmmm,47,4
Li4Ca2MgZn4_id1970_E-1.13.cif,Li4Ca2MgZn4,-1.1272,0.0,Metal,Pban,50,22
Mg_id62_E-1.13.cif,Mg,-1.1271,0.0,Metal,Pba2,32,16
Mg4Cd5In_id1913_E-1.13.cif,Mg4Cd5In,-1.1268,0.0,Metal,P6_3/mcm,193,20
KBaIn2Ga4Sb_id2779_E-1.13.cif,KBaIn2Ga4Sb,-1.1261,0.0,Metal,I4/mcm,140,36
Li9Cd2_id4715_E-1.12.cif,Li9Cd2,-1.124,0.099,Semiconductor,Pmna,53,44
KLi(BeZn4)2_id4443_E-1.12.cif,KLi(BeZn4)2,-1.1225,0.0,Metal,I422,97,24
Ba2SrMg(Cd3In)2_id4944_E-1.12.cif,Ba2SrMg(Cd3In)2,-1.1221,0.0,Metal,I4/mmm,139,24
K2Na3Se_id1357_E-1.12.cif,K2Na3Se,-1.1203,0.0,Metal,P6_122,178,36
Na31In3_id582_E-1.12.cif,Na31In3,-1.1202,0.0,Metal,Pm-3m,221,34
Na2Zn_id2297_E-1.12.cif,Na2Zn,-1.1192,0.055,Semiconductor,Pa-3,205,12
Mg2CdIn_id4004_E-1.12.cif,Mg2CdIn,-1.1179,0.0,Metal,Pmma,51,8
Li10CaAl2Zn_id1774_E-1.12.cif,Li10CaAl2Zn,-1.1177,4.886,Insulator,P1,1,28
Na4Li7(MgCd)2_id3522_E-1.12.cif,Na4Li7(MgCd)2,-1.1172,0.0,Metal,Pcc2,27,30
Ba2LiMg2(Zn4Ga)3_id690_E-1.12.cif,Ba2LiMg2(Zn4Ga)3,-1.1161,2.379,Semiconductor,Cm,8,20
MgZn_id1061_E-1.11.cif,MgZn,-1.1136,0.0,Metal,P4_2/mmc,131,8
Cd3In_id2508_E-1.11.cif,Cd3In,-1.1128,0.0,Metal,Cmmm,65,16
Cd13Ga6_id569_E-1.11.cif,Cd13Ga6,-1.1122,0.0,Metal,I23,197,38
Na3Sr2Ca3_id2678_E-1.11.cif,Na3Sr2Ca3,-1.1107,0.132,Semiconductor,Cmmm,65,16
BaIn4_id4634_E-1.11.cif,BaIn4,-1.1106,0.0,Metal,P3m1,156,5
Na2LiAl_id4415_E-1.11.cif,Na2LiAl,-1.1103,0.19,Semiconductor,I23,197,48
Mg_id4613_E-1.11.cif,Mg,-1.1103,0.459,Semiconductor,Pm,6,22
Na8Ca2Sn_id2745_E-1.11.cif,Na8Ca2Sn,-1.1099,3.581,Insulator,P4_2bc,106,44
AlCd4_id4909_E-1.11.cif,AlCd4,-1.1089,0.0,Metal,P3_112,151,15
Na3Cd6In_id3227_E-1.11.cif,Na3Cd6In,-1.1089,0.004,Metal,P6/mmm,191,10
Mg_id850_E-1.11.cif,Mg,-1.108,0.0,Metal,P2_12_12_1,19,24
SrLi(Ca2Zn)2_id1272_E-1.11.cif,SrLi(Ca2Zn)2,-1.1075,0.0,Metal,I4/mcm,140,32
MgZn4_id1450_E-1.11.cif,MgZn4,-1.1066,0.0,Metal,P6/mmm,191,10
MgCd_id3554_E-1.11.cif,MgCd,-1.1062,0.0,Metal,I4_1/acd,142,32
NaLi(CdIn)5_id3907_E-1.11.cif,NaLi(CdIn)5,-1.1061,0.0,Metal,I4mm,107,24
Ca4Mg_id4518_E-1.11.cif,Ca4Mg,-1.106,1.185,Semiconductor,Ccce,68,20
NaCa(MgCd2)2_id4471_E-1.11.cif,NaCa(MgCd2)2,-1.1051,0.0,Metal,P4_2/m,84,16
BaNaSr_id203_E-1.10.cif,BaNaSr,-1.1042,0.0,Metal,P4/mmm,123,6
LiZn3_id85_E-1.10.cif,LiZn3,-1.1037,0.0,Metal,I2_12_12_1,24,32
NaMg2Cd_id2785_E-1.10.cif,NaMg2Cd,-1.1029,0.0,Metal,Pnnn,48,16
Na2Cd_id2635_E-1.10.cif,Na2Cd,-1.1011,0.0,Metal,I4_1/acd,142,24
Zn_id1353_E-1.10.cif,Zn,-1.0992,0.0,Metal,Pm-3m,221,12
Li3Mg3Cd4_id3055_E-1.10.cif,Li3Mg3Cd4,-1.0992,0.0,Metal,P6_3/m,176,20
Li2Zn3_id3840_E-1.10.cif,Li2Zn3,-1.098,0.0,Metal,P2/c,13,10
NaMg(CdIn)4_id609_E-1.10.cif,NaMg(CdIn)4,-1.0974,0.0,Metal,I-4m2,119,20
Ca(Mg8In)3_id3591_E-1.10.cif,Ca(Mg8In)3,-1.0974,0.0,Metal,Pm-3m,221,28
K12SnGe_id1841_E-1.10.cif,K12SnGe,-1.0967,0.0,Metal,R-3,148,42
K4Zn6In_id1311_E-1.10.cif,K4Zn6In,-1.0962,0.576,Semiconductor,Im-3m,229,22
Li5(Mg4Ti)3_id3267_E-1.09.cif,Li5(Mg4Ti)3,-1.0938,0.0,Metal,P4_232,208,40
LiMgAlCd_id2609_E-1.09.cif,LiMgAlCd,-1.0913,0.04,Metal,Pcc2,27,16
NaZn4_id4513_E-1.09.cif,NaZn4,-1.0903,0.0,Metal,P4_2/nmc,137,10
TiZn(SO)2_id400_E-1.09.cif,TiZn(SO)2,-1.0902,0.287,Semiconductor,Cmmm,65,12
ScZn6_id4584_E-1.09.cif,ScZn6,-1.0902,0.0,Metal,Cmce,64,28
Sr3Li3In_id4417_E-1.09.cif,Sr3Li3In,-1.0892,0.0,Metal,P6_3/m,176,14
Li2Ga_id4476_E-1.09.cif,Li2Ga,-1.089,0.0,Metal,Pa-3,205,12
LiZn5_id604_E-1.09.cif,LiZn5,-1.0889,0.0,Metal,P4/m,83,12
Na6CaMg12Sc4In3_id2519_E-1.09.cif,Na6CaMg12Sc4In3,-1.0882,0.0,Metal,P4_232,208,52
KSr2Ca3Si_id807_E-1.09.cif,KSr2Ca3Si,-1.0877,0.0,Metal,Amm2,38,14
Li4CaMg6_id1434_E-1.09.cif,Li4CaMg6,-1.0871,0.0,Metal,I-4m2,119,22
Zn4Ga_id454_E-1.09.cif,Zn4Ga,-1.0869,0.0,Metal,Pma2,28,10
K_id4964_E-1.09.cif,K,-1.0868,0.0,Metal,Im-3m,229,8
CaMg5_id97_E-1.09.cif,CaMg5,-1.0851,0.0,Metal,Pnnn,48,24
NaLiMg4Cd8In3(SnSb)2_id1808_E-1.09.cif,NaLiMg4Cd8In3(SnSb)2,-1.0851,0.0,Metal,P1,1,21
K7Ba2_id3704_E-1.08.cif,K7Ba2,-1.0843,0.387,Semiconductor,P-3c1,165,18
K12Li6Mg_id4764_E-1.08.cif,K12Li6Mg,-1.0841,0.0,Metal,Im-3,204,38
Mg3Cd_id1221_E-1.08.cif,Mg3Cd,-1.084,0.0,Metal,P-4m2,115,12
K6MgScZnSn_id4102_E-1.08.cif,K6MgScZnSn,-1.084,0.302,Semiconductor,P312,149,10
K(BaNa)12_id2754_E-1.08.cif,K(BaNa)12,-1.0809,0.0,Metal,I23,197,50
KCd8Sn_id3810_E-1.08.cif,KCd8Sn,-1.0795,0.0,Metal,I-4m2,119,20
Na12MgCd6_id1698_E-1.08.cif,Na12MgCd6,-1.0779,0.0,Metal,Im-3,204,38
Sr2MgGa2_id2493_E-1.08.cif,Sr2MgGa2,-1.0776,0.0,Metal,P3_212,153,15
BaSrMg3_id4382_E-1.08.cif,BaSrMg3,-1.0774,0.0,Metal,R3m,160,15
Na3LiZn_id253_E-1.08.cif,Na3LiZn,-1.0763,0.0,Metal,P4/mbm,127,20
Na3Mg2In2Sn_id2840_E-1.08.cif,Na3Mg2In2Sn,-1.0756,0.608,Semiconductor,P4_2/nmc,137,16
SrMg4Zn2In3_id3258_E-1.07.cif,SrMg4Zn2In3,-1.075,0.0,Metal,Ccc2,37,40
ZnSn_id3952_E-1.07.cif,ZnSn,-1.0749,0.0,Metal,P4/mmm,123,16
Ca2Cd_id4758_E-1.07.cif,Ca2Cd,-1.0731,0.0,Metal,P4_122,91,12
Zn_id4450_E-1.07.cif,Zn,-1.0728,0.0,Metal,Ibca,73,24
LiCaZn2Cd_id2927_E-1.07.cif,LiCaZn2Cd,-1.0716,0.0,Metal,I4/mmm,139,20
Li2Mg4BeB_id1229_E-1.07.cif,Li2Mg4BeB,-1.07,0.0,Metal,P6_422,181,24
Zn7Ga_id2164_E-1.07.cif,Zn7Ga,-1.0694,0.0,Metal,P4/mmm,123,8
Mg4Zn_id315_E-1.07.cif,Mg4Zn,-1.0691,0.0,Metal,Ccce,68,20
Li2Mg(Cd4In)2_id1961_E-1.07.cif,Li2Mg(Cd4In)2,-1.0684,0.0,Metal,Ccc2,37,52
NaMg4Cd_id3724_E-1.07.cif,NaMg4Cd,-1.0678,0.0,Metal,P-6m2,187,12
MgCd_id4099_E-1.07.cif,MgCd,-1.0673,0.006,Metal,C222_1,20,16
Li5Cd6Sn_id3578_E-1.07.cif,Li5Cd6Sn,-1.0651,0.0,Metal,P4/mmm,123,12
LiMg2Cd_id2109_E-1.06.cif,LiMg2Cd,-1.0635,0.006,Metal,P4/m,83,8
Li4Cd_id301_E-1.06.cif,Li4Cd,-1.0633,0.007,Metal,P4_2/nnm,134,10
Na13Li24(CaGa)3_id4163_E-1.06.cif,Na13Li24(CaGa)3,-1.0621,0.0,Metal,Pm-3m,221,43
Mg2Cd3_id2372_E-1.06.cif,Mg2Cd3,-1.0612,0.0,Metal,I4/mmm,139,20
Li4Zn9_id238_E-1.06.cif,Li4Zn9,-1.0607,0.0,Metal,P4_2/nnm,134,26
Zn2Cd4Ga3_id4076_E-1.06.cif,Zn2Cd4Ga3,-1.0604,0.0,Metal,Cmm2,35,18
K4Na4Sr4Li5Zn8Cd4Ge(B2O)2_id705_E-1.06.cif,K4Na4Sr4Li5Zn8Cd4Ge(B2O)2,-1.0602,0.0,Metal,P4,75,36
SrMgGa_id2134_E-1.06.cif,SrMgGa,-1.0602,0.0,Metal,P6_222,180,18
K_id2580_E-1.06.cif,K,-1.0597,0.0,Metal,Fm-3m,225,28
K2Na13In2_id353_E-1.06.cif,K2Na13In2,-1.0595,0.011,Metal,Amm2,38,34
Mg9Cd4_id3882_E-1.06.cif,Mg9Cd4,-1.0586,0.0,Metal,P4_222,93,26
Na3Li11_id2175_E-1.06.cif,Na3Li11,-1.0585,0.0,Metal,P-43n,218,56
Na4LiCd3_id2336_E-1.06.cif,Na4LiCd3,-1.0579,0.006,Metal,C222,21,16
K7In2_id4788_E-1.05.cif,K7In2,-1.0517,0.0,Metal,P2/c,13,18
Na(MgCd3)2_id945_E-1.05.cif,Na(MgCd3)2,-1.0515,0.0,Metal,Fm-3m,225,36
Li3Mg4Ga_id3702_E-1.05.cif,Li3Mg4Ga,-1.0514,0.0,Metal,I-4m2,119,16
Zn_id4949_E-1.05.cif,Zn,-1.0503,0.0,Metal,Pm-3m,221,12
ZnGa_id5000_E-1.05.cif,ZnGa,-1.0497,0.0,Metal,P2_12_12,18,16
LiMg5Cd2_id3079_E-1.05.cif,LiMg5Cd2,-1.0494,0.0,Metal,P4/mmm,123,16
Mg2Cd_id2384_E-1.05.cif,Mg2Cd,-1.0488,0.0,Metal,P4_2/nmc,137,12
K12Mg6Sn_id1196_E-1.05.cif,K12Mg6Sn,-1.048,0.0,Metal,Im-3,204,38
MgCd2_id2420_E-1.05.cif,MgCd2,-1.0479,0.0,Metal,Cmcm,63,12
Cd5In_id1002_E-1.05.cif,Cd5In,-1.0478,0.0,Metal,Immm,71,12
Li2Zn5_id2404_E-1.05.cif,Li2Zn5,-1.0471,0.0,Metal,P4_232,208,42
CaCd3_id2449_E-1.05.cif,CaCd3,-1.0459,0.0,Metal,Fmm2,42,32
NaMg4Cd3_id910_E-1.04.cif,NaMg4Cd3,-1.0446,0.0,Metal,P-1,2,8
KZnCd5_id3253_E-1.04.cif,KZnCd5,-1.0427,0.0,Metal,I-4m2,119,14
K4BaCdIn3Sn2_id3531_E-1.04.cif,K4BaCdIn3Sn2,-1.0403,0.0,Metal,P1,1,22
KMg2Zn3Cd6(InGa)2_id257_E-1.04.cif,KMg2Zn3Cd6(InGa)2,-1.0394,0.0,Metal,P-1,2,16
Ba6Sr13Mg_id2940_E-1.04.cif,Ba6Sr13Mg,-1.0374,0.0,Metal,P-31c,163,40
Zn_id976_E-1.04.cif,Zn,-1.0362,0.0,Metal,P-62m,189,9
Zn2Sn_id3417_E-1.04.cif,Zn2Sn,-1.0358,0.0,Metal,Pmm2,25,6
Li12Al_id4170_E-1.04.cif,Li12Al,-1.035,0.0,Metal,Fm-3m,225,52
BaSr_id3577_E-1.03.cif,BaSr,-1.0341,0.0,Metal,F-43m,216,8
Mg7Al_id4326_E-1.03.cif,Mg7Al,-1.0341,0.0,Metal,Pbcn,60,32
KZnCd2In_id3959_E-1.03.cif,KZnCd2In,-1.033,0.0,Metal,Ibca,73,40
BaNa8Li_id1003_E-1.03.cif,BaNa8Li,-1.0323,0.0,Metal,Cmm2,35,20
Mg3Zn2_id4906_E-1.03.cif,Mg3Zn2,-1.0315,0.0,Metal,P6_322,182,20
CaCd4_id1955_E-1.03.cif,CaCd4,-1.0309,0.0,Metal,Pmna,53,10
Li2Mg3Zn_id4919_E-1.03.cif,Li2Mg3Zn,-1.0309,0.0,Metal,P4_222,93,12
K5Na2_id3394_E-1.03.cif,K5Na2,-1.0308,0.0,Metal,Ccce,68,28
MgCd6_id755_E-1.03.cif,MgCd6,-1.0305,0.0,Metal,Fm-3m,225,28
K7Na4Sr_id4274_E-1.03.cif,K7Na4Sr,-1.0299,0.0,Metal,P6/mmm,191,12
BaMg2Ga_id1962_E-1.03.cif,BaMg2Ga,-1.0297,0.019,Metal,Imma,74,16
Ba2Na5_id4153_E-1.03.cif,Ba2Na5,-1.0292,0.0,Metal,Ibca,73,56
NaCd4_id134_E-1.03.cif,NaCd4,-1.0285,0.0,Metal,P4_2/nmc,137,10
ZnCd_id3612_E-1.03.cif,ZnCd,-1.0281,0.0,Metal,Pm-3m,221,16
K_id437_E-1.03.cif,K,-1.028,0.0,Metal,I4/mcm,140,12
SrMg_id919_E-1.03.cif,SrMg,-1.0279,0.0,Metal,Pmmm,47,8
Li19Mg5_id2834_E-1.03.cif,Li19Mg5,-1.0269,0.0,Metal,P622,177,24
Ca3MgCd2_id2947_E-1.03.cif,Ca3MgCd2,-1.0261,0.0,Metal,Pbam,55,12
K4Cd8Si_id2556_E-1.03.cif,K4Cd8Si,-1.0253,0.215,Semiconductor,P-42_1c,114,26
KCd2_id541_E-1.02.cif,KCd2,-1.0248,0.0,Metal,C2/m,12,6
K4Zn5Ga_id3686_E-1.02.cif,K4Zn5Ga,-1.0248,0.0,Metal,P6/mmm,191,10
BaSr2LiCa3MgZn2InSb_id1583_E-1.02.cif,BaSr2LiCa3MgZn2InSb,-1.0232,6.329,Insulator,Pm,6,24
Sr6LiMg_id422_E-1.02.cif,Sr6LiMg,-1.0231,0.0,Metal,P-31c,163,16
LiZn4_id1337_E-1.02.cif,LiZn4,-1.0221,0.0,Metal,P-6,174,15
NaSr6Li6Ca_id1163_E-1.02.cif,NaSr6Li6Ca,-1.0215,0.0,Metal,Pm-3,200,14
K9Ba3Cd4Ge_id458_E-1.02.cif,K9Ba3Cd4Ge,-1.0211,0.0,Metal,P-6,174,17
Cd6GaSn_id4219_E-1.02.cif,Cd6GaSn,-1.0198,0.0,Metal,P-42c,112,16
Zn_id1852_E-1.02.cif,Zn,-1.0179,0.034,Metal,I4/mmm,139,12
Ba_id651_E-1.02.cif,Ba,-1.0156,0.0,Metal,P2_12_12_1,19,20
Al7Zn_id1930_E-1.02.cif,Al7Zn,-1.0156,0.0,Metal,I4/mmm,139,16
K4NaInGa2Ge_id2818_E-1.02.cif,K4NaInGa2Ge,-1.0153,0.0,Metal,P1,1,54
Ca4InGa4_id4109_E-1.01.cif,Ca4InGa4,-1.0136,0.0,Metal,I4_1/a,88,36
Mg6Zn_id753_E-1.01.cif,Mg6Zn,-1.0133,0.0,Metal,P6_3cm,185,14
MgZnCd2_id4953_E-1.01.cif,MgZnCd2,-1.009,0.0,Metal,Cmme,67,16
K5Mg2Ti_id1627_E-1.01.cif,K5Mg2Ti,-1.0072,0.085,Semiconductor,I4_1/a,88,32
KCd_id1997_E-1.01.cif,KCd,-1.0071,0.0,Metal,C222_1,20,16
Na22Sr2Li_id3543_E-1.01.cif,Na22Sr2Li,-1.0071,0.001,Metal,P6/m,175,25
Sr2Zn_id4118_E-1.01.cif,Sr2Zn,-1.0069,0.0,Metal,P622,177,18
K_id704_E-1.01.cif,K,-1.0052,0.0,Metal,I4_1/acd,142,16
Zn_id4031_E-1.00.cif,Zn,-1.0039,0.0,Metal,I4/mmm,139,14
Zn8CdIn4_id3788_E-1.00.cif,Zn8CdIn4,-1.0028,0.0,Metal,P4_2/nmc,137,26
K2Zn4CdGa2_id3176_E-1.00.cif,K2Zn4CdGa2,-1.0027,0.006,Metal,Cmme,67,36
Li3Zn13Ge3_id3541_E-1.00.cif,Li3Zn13Ge3,-1.0026,0.0,Metal,P6_3/mcm,193,38
Ca_id287_E-1.00.cif,Ca,-1.0014,0.0,Metal,P-31m,162,15
Ca_id3482_E-1.00.cif,Ca,-1.0009,0.0,Metal,P6/m,175,9
K2Na9_id1081_E-1.00.cif,K2Na9,-0.9997,0.0,Metal,P2_12_12_1,19,44
Li5MgCd4(GaSn)4_id1144_E-1.00.cif,Li5MgCd4(GaSn)4,-0.9992,5.32,Insulator,P1,1,36
MgZn_id1644_E-1.00.cif,MgZn,-0.9967,0.0,Metal,F-43m,216,8
Li4Mg(Al2Cd)2_id1972_E-1.00.cif,Li4Mg(Al2Cd)2,-0.9959,0.0,Metal,Imm2,44,22
Na2Sr3Ca10_id1749_E-1.00.cif,Na2Sr3Ca10,-0.9955,13.687,Insulator,P1,1,30
CaZn10_id2564_E-1.00.cif,CaZn10,-0.9954,0.0,Metal,I422,97,22
K4Ga_id2358_E-0.99.cif,K4Ga,-0.9932,0.0,Metal,Ccce,68,20
K3MgZn2_id2162_E-0.99.cif,K3MgZn2,-0.9924,0.425,Semiconductor,Pn-3m,224,12
Li5MgInSn_id4986_E-0.99.cif,Li5MgInSn,-0.9922,0.0,Metal,F-43m,216,32
KNa3GeO27_id2000_E-0.99.cif,KNa3GeO27,-0.9922,0.73,Semiconductor,P-6,174,32
KLi4Cd2InSn2_id4604_E-0.99.cif,KLi4Cd2InSn2,-0.9882,0.0,Metal,P-3m1,164,10
Zn_id105_E-0.99.cif,Zn,-0.985,0.0,Metal,I4_1/acd,142,16
Mg7Cd2_id2488_E-0.98.cif,Mg7Cd2,-0.9847,0.0,Metal,Imm2,44,18
K9Li2_id3426_E-0.98.cif,K9Li2,-0.9832,0.0,Metal,P-31c,163,22
KNa_id3596_E-0.98.cif,KNa,-0.9832,0.0,Metal,I-42d,122,16
SrLiMgCd8In_id4632_E-0.98.cif,SrLiMgCd8In,-0.9822,0.094,Semiconductor,P4mm,99,12
LiCd5_id455_E-0.98.cif,LiCd5,-0.9814,0.0,Metal,C2/c,15,24
Sr3(Li2Ca)4_id1332_E-0.98.cif,Sr3(Li2Ca)4,-0.9802,0.0,Metal,P6/mmm,191,15
LiCd3_id1268_E-0.98.cif,LiCd3,-0.977,0.0,Metal,Imma,74,16
LiCd2_id2911_E-0.98.cif,LiCd2,-0.9757,0.0,Metal,P4_3,78,12
Zn3Ga2_id3109_E-0.98.cif,Zn3Ga2,-0.9752,0.077,Semiconductor,Pnnn,48,20
K11Sr_id1006_E-0.97.cif,K11Sr,-0.9749,0.0,Metal,P-31m,162,12
Ca7Zn_id1356_E-0.97.cif,Ca7Zn,-0.9744,1.257,Semiconductor,Cmc2_1,36,32
Mg3Al_id1409_E-0.97.cif,Mg3Al,-0.9743,0.0,Metal,Cc,9,16
K8Na2Li_id2815_E-0.97.cif,K8Na2Li,-0.9741,0.001,Metal,Pn-3,201,22
K7NaCd6_id3600_E-0.97.cif,K7NaCd6,-0.9731,0.464,Semiconductor,R-3,148,42
MgZnCd2_id2743_E-0.97.cif,MgZnCd2,-0.9728,0.0,Metal,P4mm,99,4
Na_id2365_E-0.97.cif,Na,-0.9723,0.021,Metal,P2_12_12_1,19,24
Zn4Sn_id4215_E-0.97.cif,Zn4Sn,-0.9716,0.0,Metal,P4_2/nmc,137,10
ZnGa_id1872_E-0.97.cif,ZnGa,-0.9706,0.0,Metal,P-1,2,8
K2Li4Zn4InGa(S2N)4_id4854_E-0.97.cif,K2Li4Zn4InGa(S2N)4,-0.9705,2.12,Semiconductor,I-42m,121,48
MgCd7Sb_id3226_E-0.97.cif,MgCd7Sb,-0.9704,0.0,Metal,Pm,6,9
Zn_id870_E-0.97.cif,Zn,-0.9701,0.0,Metal,P4/nmm,129,12
Zn13Ga2_id1765_E-0.97.cif,Zn13Ga2,-0.9699,0.0,Metal,Pmna,53,30
Na_id2150_E-0.97.cif,Na,-0.9692,0.0,Metal,P2_12_12_1,19,32
SrCd2_id3948_E-0.97.cif,SrCd2,-0.9692,0.0,Metal,P4/mmm,123,12
Na2Li3Cd2In_id2958_E-0.97.cif,Na2Li3Cd2In,-0.969,0.0,Metal,Imma,74,32
Cd3In_id297_E-0.97.cif,Cd3In,-0.9688,0.0,Metal,P6_122,178,24
Mg2Al_id3503_E-0.97.cif,Mg2Al,-0.9686,0.0,Metal,I4_1/acd,142,48
Cd12In17_id292_E-0.97.cif,Cd12In17,-0.9678,0.0,Metal,Im-3m,229,58
KBaAs4(SeS)6_id1833_E-0.97.cif,KBaAs4(SeS)6,-0.9669,0.203,Semiconductor,P6_2,171,54
Li2Zn3Cd_id2463_E-0.97.cif,Li2Zn3Cd,-0.9655,0.0,Metal,P4_2/mcm,132,24
LiMg2Cd3_id2245_E-0.96.cif,LiMg2Cd3,-0.9643,0.0,Metal,P4/mmm,123,12
Li7MgSiO6_id1661_E-0.96.cif,Li7MgSiO6,-0.9641,3.529,Insulator,Pnn2,34,30
Cd11InSn_id303_E-0.96.cif,Cd11InSn,-0.9615,0.0,Metal,Imm2,44,26
LiCd4_id4303_E-0.96.cif,LiCd4,-0.9605,0.0,Metal,C222,21,20
Mg10Zn3Ga2_id3507_E-0.96.cif,Mg10Zn3Ga2,-0.96,0.0,Metal,P4_22_12,94,60
Mg7Sc_id4553_E-0.96.cif,Mg7Sc,-0.9598,0.0,Metal,P-4c2,116,16
Sr7Ca9_id2181_E-0.96.cif,Sr7Ca9,-0.9593,0.0,Metal,P6/mmm,191,16
Na4Zn4Cd5_id4019_E-0.96.cif,Na4Zn4Cd5,-0.9589,0.0,Metal,P4_2/nmc,137,26
Zn_id1436_E-0.96.cif,Zn,-0.9584,0.0,Metal,Pmmm,47,10
LiMg4_id887_E-0.96.cif,LiMg4,-0.9581,0.0,Metal,P4_232,208,30
K3Na_id4212_E-0.96.cif,K3Na,-0.956,0.002,Metal,Im-3m,229,8
K18Sn_id3021_E-0.96.cif,K18Sn,-0.9556,0.0,Metal,R-3,148,57
K7Ca_id2364_E-0.96.cif,K7Ca,-0.9552,0.005,Metal,P-31c,163,16
Li2BeZn3Ga_id2148_E-0.95.cif,Li2BeZn3Ga,-0.9542,0.0,Metal,Ibca,73,56
Li2Zn3Cd_id2085_E-0.95.cif,Li2Zn3Cd,-0.9536,0.0,Metal,P6_5,170,36
Ba6Na12Sr_id3017_E-0.95.cif,Ba6Na12Sr,-0.9524,0.272,Semiconductor,I23,197,38
SrCdGa_id804_E-0.95.cif,SrCdGa,-0.9516,0.0,Metal,I4/mcm,140,24
Na2CdInSn_id1924_E-0.95.cif,Na2CdInSn,-0.9498,0.0,Metal,P4mm,99,5
LiMg2Cd16Sn_id4273_E-0.95.cif,LiMg2Cd16Sn,-0.9492,0.0,Metal,I4/mmm,139,40
K5Na12_id2539_E-0.95.cif,K5Na12,-0.9471,0.0,Metal,Im-3,204,34
Li_id2359_E-0.95.cif,Li,-0.947,0.0,Metal,Pn-3n,222,48
Li2Zn8In2Ga3_id1386_E-0.95.cif,Li2Zn8In2Ga3,-0.9459,0.0,Metal,Cccm,66,60
Mg9Te2_id3723_E-0.95.cif,Mg9Te2,-0.9452,0.176,Semiconductor,P-42_1m,113,22
ZnCd4Ga_id989_E-0.94.cif,ZnCd4Ga,-0.9445,0.0,Metal,P4mm,99,6
KCd2_id2887_E-0.94.cif,KCd2,-0.9418,0.0,Metal,P4/mmm,123,12
K7Sn_id765_E-0.94.cif,K7Sn,-0.9386,0.0,Metal,P-31c,163,16
K_id2723_E-0.94.cif,K,-0.9383,0.0,Metal,P2_12_12_1,19,16
NaCdIn2_id358_E-0.94.cif,NaCdIn2,-0.9379,0.0,Metal,I4/mmm,139,8
Ba_id2619_E-0.94.cif,Ba,-0.9378,0.38,Semiconductor,Pcc2,27,14
Mg_id744_E-0.94.cif,Mg,-0.9377,0.019,Metal,Pm,6,26
Zn2Cd_id2615_E-0.94.cif,Zn2Cd,-0.9369,0.0,Metal,C222_1,20,24
BaCa8_id3336_E-0.94.cif,BaCa8,-0.9365,0.0,Metal,P4_232,208,54
BaZn_id2039_E-0.94.cif,BaZn,-0.9363,0.0,Metal,Pm-3m,221,24
MgAl3Ge_id201_E-0.94.cif,MgAl3Ge,-0.9362,0.196,Semiconductor,P4_3,78,20
Zn3Cd2_id2186_E-0.94.cif,Zn3Cd2,-0.9359,0.0,Metal,Cmce,64,20
CaCd4_id1260_E-0.94.cif,CaCd4,-0.9355,0.0,Metal,Im-3m,229,10
Li4Mg12CdIn4_id916_E-0.93.cif,Li4Mg12CdIn4,-0.935,0.0,Metal,P1,1,21
NaCd6(InSn)2_id3169_E-0.93.cif,NaCd6(InSn)2,-0.9349,0.0,Metal,Pmm2,25,11
BaCa3_id2110_E-0.93.cif,BaCa3,-0.9333,0.121,Semiconductor,P1,1,48
K6CdO_id3738_E-0.93.cif,K6CdO,-0.9322,0.0,Metal,P6_322,182,16
K3Mg3Al5_id956_E-0.93.cif,K3Mg3Al5,-0.9317,0.0,Metal,P23,195,22
K2Cd8Ge_id2889_E-0.93.cif,K2Cd8Ge,-0.9285,0.0,Metal,P4_2/mcm,132,22
KCd4In_id1109_E-0.93.cif,KCd4In,-0.9275,0.0,Metal,P-3m1,164,6
CaZn4_id1759_E-0.93.cif,CaZn4,-0.9264,0.0,Metal,P42_12,90,10
Na2Mg3Zn_id442_E-0.93.cif,Na2Mg3Zn,-0.9253,0.0,Metal,Pa-3,205,24
K5Cd4_id3303_E-0.92.cif,K5Cd4,-0.9237,0.0,Metal,P4_2/n,86,18
Na3Li36ZnIn12_id1526_E-0.92.cif,Na3Li36ZnIn12,-0.9232,0.0,Metal,P432,207,52
ZnCd2_id4425_E-0.92.cif,ZnCd2,-0.9219,0.0,Metal,I4/mmm,139,12
KLiMgZn_id719_E-0.92.cif,KLiMgZn,-0.9219,0.0,Metal,P6_122,178,48
Na4Ca_id11_E-0.92.cif,Na4Ca,-0.9208,0.0,Metal,Pbcn,60,20
Ba3Sr_id3453_E-0.92.cif,Ba3Sr,-0.9198,0.0,Metal,P4_2/m,84,24
Zn_id3846_E-0.92.cif,Zn,-0.9171,0.006,Metal,P4/nbm,125,18
KBa_id1064_E-0.92.cif,KBa,-0.9162,0.0,Metal,P4/mmm,123,4
Sr2MgCd6_id3974_E-0.92.cif,Sr2MgCd6,-0.9162,0.0,Metal,P6/mmm,191,9
Mg11Al_id2467_E-0.91.cif,Mg11Al,-0.9149,0.0,Metal,Cmm2,35,24
Li7ZnGa6_id542_E-0.91.cif,Li7ZnGa6,-0.9144,0.0,Metal,Pm-3,200,14
Zn4Ga_id2613_E-0.91.cif,Zn4Ga,-0.9132,0.0,Metal,P4_2/nnm,134,10
Zn2InGa_id142_E-0.91.cif,Zn2InGa,-0.9132,0.0,Metal,P6_3/mmc,194,8
Ba(Zn5Cd4)2_id4853_E-0.91.cif,Ba(Zn5Cd4)2,-0.9131,0.0,Metal,I422,97,38
Na37Cd15_id1954_E-0.91.cif,Na37Cd15,-0.9131,0.001,Metal,P432,207,52
Na9Ca_id4827_E-0.91.cif,Na9Ca,-0.9105,0.012,Metal,P2_12_12_1,19,40
SrZn12_id1626_E-0.91.cif,SrZn12,-0.9101,0.0,Metal,P4_2/nmc,137,26
Na2Li7In_id2215_E-0.91.cif,Na2Li7In,-0.9072,0.039,Metal,P-6c2,188,20
Mg4Cd3_id3628_E-0.91.cif,Mg4Cd3,-0.9051,0.0,Metal,Pm-3n,223,14
Zn_id1966_E-0.90.cif,Zn,-0.904,0.0,Metal,P4/ncc,130,24
Cd2In_id3063_E-0.90.cif,Cd2In,-0.9037,0.0,Metal,Cmme,67,24
Zn_id4514_E-0.90.cif,Zn,-0.9013,0.0,Metal,Pmma,51,18
Li6Sc2SeS7_id3526_E-0.90.cif,Li6Sc2SeS7,-0.8997,2.874,Semiconductor,R-3m,166,48
Ba_id2061_E-0.90.cif,Ba,-0.8983,0.0,Metal,P4/m,83,12
Mg(ZnCd)3_id872_E-0.90.cif,Mg(ZnCd)3,-0.8964,0.0,Metal,P3_1,144,21
Li12CaZn2Cd9_id4704_E-0.89.cif,Li12CaZn2Cd9,-0.8926,0.0,Metal,P6/mmm,191,24
ZnCd3_id4438_E-0.89.cif,ZnCd3,-0.8925,0.0,Metal,Im-3m,229,8
BaLi2SnSb_id3191_E-0.89.cif,BaLi2SnSb,-0.89,2.448,Semiconductor,P2_1/m,11,10
Ba_id2363_E-0.89.cif,Ba,-0.8894,0.0,Metal,Ia-3d,230,32
K_id1528_E-0.89.cif,K,-0.8875,0.0,Metal,I4/mcm,140,24
ZnCd2_id1280_E-0.89.cif,ZnCd2,-0.8875,0.0,Metal,Ibca,73,24
Cd2Ga_id3989_E-0.89.cif,Cd2Ga,-0.8875,0.0,Metal,P4/mmm,123,12
Cd_id2528_E-0.89.cif,Cd,-0.8858,0.0,Metal,Fd-3m,227,32
Ba4Na9Li4_id958_E-0.89.cif,Ba4Na9Li4,-0.8857,0.0,Metal,P4_2/n,86,34
KBaZn2Cd3Ga_id1325_E-0.88.cif,KBaZn2Cd3Ga,-0.8847,0.0,Metal,Cmme,67,32
SrCa23_id3559_E-0.88.cif,SrCa23,-0.8844,0.0,Metal,Pm-3m,221,24
Li(ZnCd)4_id163_E-0.88.cif,Li(ZnCd)4,-0.884,0.0,Metal,P4/ncc,130,36
K13Na12Mg_id1508_E-0.88.cif,K13Na12Mg,-0.8821,0.022,Metal,P-31c,163,52
Cd_id3211_E-0.88.cif,Cd,-0.879,0.0,Metal,Cmcm,63,16
K4Na2Mg4Cd4In2Sn_id373_E-0.88.cif,K4Na2Mg4Cd4In2Sn,-0.8768,0.0,Metal,P4_22_12,94,34
Na4In_id3122_E-0.88.cif,Na4In,-0.8755,0.0,Metal,P4_2/mmc,131,10
Ba4SrLiMg4InGa2_id4661_E-0.88.cif,Ba4SrLiMg4InGa2,-0.875,0.0,Metal,I-4m2,119,26
Na3(Li4Sn)2_id4418_E-0.87.cif,Na3(Li4Sn)2,-0.8746,0.018,Metal,Pm,6,52
KNaZnCd4In_id4298_E-0.87.cif,KNaZnCd4In,-0.872,0.049,Metal,P2_1/c,14,32
Li(CdGa)3_id4633_E-0.87.cif,Li(CdGa)3,-0.8716,0.0,Metal,Pm-3n,223,14
Mg19Sc2_id2201_E-0.87.cif,Mg19Sc2,-0.8715,0.0,Metal,P4mm,99,21
Mg7In4_id4782_E-0.87.cif,Mg7In4,-0.8713,0.0,Metal,P-31m,162,22
BaSr9Li8Ca3_id1819_E-0.87.cif,BaSr9Li8Ca3,-0.8693,0.0,Metal,P6/mmm,191,21
Na(MgCd)2_id289_E-0.87.cif,Na(MgCd)2,-0.869,0.0,Metal,Pmmm,47,5
K(NaCd)2_id2583_E-0.87.cif,K(NaCd)2,-0.8679,0.378,Semiconductor,Pn-3m,224,10
Zn_id4961_E-0.87.cif,Zn,-0.8659,0.0,Metal,I4/mmm,139,24
K_id3470_E-0.87.cif,K,-0.8657,0.0,Metal,P4/mmm,123,12
MgZn2Cd_id1237_E-0.86.cif,MgZn2Cd,-0.8642,0.0,Metal,Cmcm,63,16
Na(Li2Ca)6_id1635_E-0.86.cif,Na(Li2Ca)6,-0.8638,0.0,Metal,P6/mcc,192,38
NaCd_id862_E-0.86.cif,NaCd,-0.8623,0.0,Metal,F-43m,216,8
NaCd_id4408_E-0.86.cif,NaCd,-0.8607,0.0,Metal,P4_2/mmc,131,4
K2Na_id2117_E-0.86.cif,K2Na,-0.8587,0.0,Metal,Cmce,64,36
K4Na_id1368_E-0.86.cif,K4Na,-0.8582,0.048,Metal,I4/mcm,140,20
K12Sr_id3018_E-0.86.cif,K12Sr,-0.8577,0.0,Metal,Pmna,53,26
K3Cd4_id3699_E-0.86.cif,K3Cd4,-0.8559,0.416,Semiconductor,I-4c2,120,28
Cd2In_id4586_E-0.86.cif,Cd2In,-0.8557,0.0,Metal,Cmmm,65,12
Na5LiCd_id4594_E-0.86.cif,Na5LiCd,-0.8556,0.0,Metal,P2/c,13,14
MgAlZn2In_id2370_E-0.86.cif,MgAlZn2In,-0.8552,0.0,Metal,P4_2/m,84,20
MgZn2O_id2829_E-0.85.cif,MgZn2O,-0.8541,0.0,Metal,P4_2/ncm,138,16
LiMg23_id3048_E-0.85.cif,LiMg23,-0.8537,0.005,Metal,P2/c,13,48
Cd_id3429_E-0.85.cif,Cd,-0.8527,0.0,Metal,I4_1/acd,142,16
MgZn6Ge_id1010_E-0.85.cif,MgZn6Ge,-0.8509,0.0,Metal,P6_322,182,16
Ca_id3935_E-0.85.cif,Ca,-0.8508,2.563,Semiconductor,C2,5,12
Zn2Cd_id3473_E-0.85.cif,Zn2Cd,-0.8498,0.0,Metal,Cmme,67,24
Mg4Cd3_id178_E-0.85.cif,Mg4Cd3,-0.8482,0.0,Metal,P4/mnc,128,14
AlZn2Ga_id438_E-0.85.cif,AlZn2Ga,-0.8473,0.0,Metal,P4/mmm,123,16
K_id2603_E-0.85.cif,K,-0.8472,0.0,Metal,Pmna,53,18
Ca_id4585_E-0.85.cif,Ca,-0.8459,0.0,Metal,P-4c2,116,16
Cd_id2808_E-0.84.cif,Cd,-0.845,0.0,Metal,Pm-3m,221,8
LiMg3(AlCd)2_id1258_E-0.84.cif,LiMg3(AlCd)2,-0.8429,0.0,Metal,Pmmm,47,8
KZn_id4658_E-0.84.cif,KZn,-0.8408,0.0,Metal,P3_221,154,6
BaLi(CdIn)2_id1297_E-0.84.cif,BaLi(CdIn)2,-0.8407,0.035,Metal,R-3m,166,18
Mg2Zn3Cd7_id2299_E-0.84.cif,Mg2Zn3Cd7,-0.8405,0.0,Metal,P31m,157,12
Li6Ga_id3490_E-0.84.cif,Li6Ga,-0.8395,0.0,Metal,Pa-3,205,28
MgAl3Zn4_id3090_E-0.84.cif,MgAl3Zn4,-0.8387,0.0,Metal,P4_2/m,84,16
KZnCd_id1769_E-0.84.cif,KZnCd,-0.8385,0.0,Metal,Aea2,41,24
K_id997_E-0.84.cif,K,-0.8375,0.0,Metal,I4_1/acd,142,16
LiTiZnCd6Ge_id3396_E-0.84.cif,LiTiZnCd6Ge,-0.8364,0.0,Metal,P312,149,10
NaZn8_id2260_E-0.83.cif,NaZn8,-0.8311,0.0,Metal,I4/m,87,18
Ba_id3010_E-0.83.cif,Ba,-0.8307,0.0,Metal,I4/mmm,139,4
Cd11Sn_id820_E-0.83.cif,Cd11Sn,-0.8304,0.0,Metal,I4/mmm,139,24
Ca_id1370_E-0.83.cif,Ca,-0.8298,0.771,Semiconductor,Pmna,53,34
Cd_id826_E-0.83.cif,Cd,-0.8294,0.0,Metal,Cmcm,63,8
Zn2Cd5_id2663_E-0.83.cif,Zn2Cd5,-0.8293,0.0,Metal,I4/mmm,139,14
NaCd4_id4121_E-0.83.cif,NaCd4,-0.8287,0.0,Metal,Ccce,68,20
K_id2071_E-0.83.cif,K,-0.8284,0.001,Metal,Pmna,53,36
Ba3Li3Ca7Cd2_id3930_E-0.83.cif,Ba3Li3Ca7Cd2,-0.827,0.0,Metal,P6/mmm,191,15
Mg_id3683_E-0.83.cif,Mg,-0.8251,0.06,Semiconductor,P1,1,32
ZnCd4_id3833_E-0.82.cif,ZnCd4,-0.8244,0.0,Metal,P4_2/n,86,10
NaCd6_id1560_E-0.82.cif,NaCd6,-0.822,0.0,Metal,Pmma,51,14
Sr6Li4Mg9Sc_id2073_E-0.82.cif,Sr6Li4Mg9Sc,-0.8217,0.0,Metal,P4_232,208,40
K4Sr(LiCd4)3_id367_E-0.82.cif,K4Sr(LiCd4)3,-0.8204,0.0,Metal,Im-3,204,40
NaLiCd3_id267_E-0.82.cif,NaLiCd3,-0.8184,0.007,Metal,C222,21,20
B(TeSe)12_id2661_E-0.82.cif,B(TeSe)12,-0.8174,0.791,Semiconductor,I432,211,50
LiAlSb13As6_id2155_E-0.82.cif,LiAlSb13As6,-0.8171,0.0,Metal,P1,1,21
K2LiMg2Zn3_id2776_E-0.82.cif,K2LiMg2Zn3,-0.8165,0.0,Metal,Pbam,55,16
SrCa2Zn_id680_E-0.82.cif,SrCa2Zn,-0.816,0.0,Metal,I4/mcm,140,16
K7Cd_id2962_E-0.82.cif,K7Cd,-0.8155,0.0,Metal,P-31c,163,16
Ba5Mg2_id2653_E-0.81.cif,Ba5Mg2,-0.8137,0.0,Metal,I4/mmm,139,14
Li3(Mg2Cd3)2_id236_E-0.81.cif,Li3(Mg2Cd3)2,-0.8128,0.0,Metal,P6_3/m,176,26
KNaCd_id947_E-0.81.cif,KNaCd,-0.8123,0.0,Metal,P4_2cm,101,24
SrLi5Mg3Cd_id4017_E-0.81.cif,SrLi5Mg3Cd,-0.8119,0.0,Metal,P1,1,30
ZnCd_id543_E-0.81.cif,ZnCd,-0.8117,0.0,Metal,Immm,71,12
LiBeZn3_id1502_E-0.81.cif,LiBeZn3,-0.8112,0.0,Metal,I4/mcm,140,20
Mg6Zn12In_id4883_E-0.81.cif,Mg6Zn12In,-0.8112,0.0,Metal,Im-3,204,38
Cd13In4_id3088_E-0.81.cif,Cd13In4,-0.8111,0.0,Metal,Pmna,53,34
Li10Zn4Cd(InP)4_id2990_E-0.81.cif,Li10Zn4Cd(InP)4,-0.8102,0.0,Metal,I-43m,217,46
Ca2Al3Ga2_id3751_E-0.81.cif,Ca2Al3Ga2,-0.8098,0.0,Metal,P4/mmm,123,14
Zn2Cd3_id171_E-0.80.cif,Zn2Cd3,-0.8029,0.0,Metal,P2/m,10,5
LiCaZnCd4_id3355_E-0.80.cif,LiCaZnCd4,-0.8024,0.0,Metal,I-4m2,119,14
K7Na2_id2208_E-0.80.cif,K7Na2,-0.8017,0.0,Metal,Cmcm,63,36
MgZn4In2Sb_id595_E-0.80.cif,MgZn4In2Sb,-0.8015,0.0,Metal,P4bm,100,16
Na11Ca4_id3710_E-0.80.cif,Na11Ca4,-0.7993,0.0,Metal,P-31m,162,15
KBa4Na4Mg2(SeO2)4_id4130_E-0.80.cif,KBa4Na4Mg2(SeO2)4,-0.799,1.418,Semiconductor,P4_2/n,86,46
Sr3Ca_id4921_E-0.80.cif,Sr3Ca,-0.7984,0.002,Metal,C2/m,12,16
Mg2Cd_id1671_E-0.80.cif,Mg2Cd,-0.797,0.0,Metal,P4_122,91,12
Zn4InGa2_id4989_E-0.80.cif,Zn4InGa2,-0.7962,0.017,Metal,P4_2cm,101,56
Cd8Sb_id2408_E-0.80.cif,Cd8Sb,-0.7953,0.0,Metal,P4_2/nnm,134,18
Na5(LiCd2)2_id3542_E-0.79.cif,Na5(LiCd2)2,-0.7947,0.558,Semiconductor,Cmmm,65,22
Mg_id2183_E-0.79.cif,Mg,-0.7937,0.0,Metal,Iba2,45,28
Mg_id1382_E-0.79.cif,Mg,-0.7927,0.0,Metal,Pmna,53,42
ZnCd2_id4059_E-0.79.cif,ZnCd2,-0.7905,0.0,Metal,P4/mmm,123,12
ZnCd2_id1665_E-0.79.cif,ZnCd2,-0.7905,0.0,Metal,P4/mmm,123,12
K4Sn_id3785_E-0.79.cif,K4Sn,-0.79,0.0,Metal,Pban,50,10
Ca_id2552_E-0.79.cif,Ca,-0.7898,0.0,Metal,P31m,157,8
Cd_id1979_E-0.79.cif,Cd,-0.7896,0.0,Metal,I23,197,38
Cd_id4531_E-0.79.cif,Cd,-0.7872,0.0,Metal,P6/mmm,191,12
ZnCd_id3291_E-0.79.cif,ZnCd,-0.7869,0.0,Metal,Pbca,61,16
Sr7Ca_id4583_E-0.78.cif,Sr7Ca,-0.7842,0.0,Metal,Amm2,38,16
Cd_id3924_E-0.78.cif,Cd,-0.7832,0.0,Metal,Ccce,68,20
Mg2ScCd11_id3573_E-0.78.cif,Mg2ScCd11,-0.7831,0.0,Metal,P6/mmm,191,14
Cd_id1696_E-0.78.cif,Cd,-0.7828,0.0,Metal,I4/mmm,139,24
NaCd3Sn_id4414_E-0.78.cif,NaCd3Sn,-0.782,0.0,Metal,P-1,2,10
Zn13Ga_id4369_E-0.78.cif,Zn13Ga,-0.7813,0.0,Metal,Pc,7,28
Mg7Cd4_id3458_E-0.78.cif,Mg7Cd4,-0.7813,0.0,Metal,P4/m,83,22
Cd_id2099_E-0.78.cif,Cd,-0.781,0.0,Metal,I4_1/acd,142,32
K8Na8Li4Ti4In4Sn4Te6SO4_id3914_E-0.78.cif,K8Na8Li4Ti4In4Sn4Te6SO4,-0.7799,0.0,Metal,P2,3,43
KZn6Cd3In2_id452_E-0.78.cif,KZn6Cd3In2,-0.777,0.0,Metal,P321,150,12
Cd_id2683_E-0.78.cif,Cd,-0.7754,0.0,Metal,P2_12_12_1,19,8
ZnCd4_id3824_E-0.77.cif,ZnCd4,-0.7737,0.0,Metal,P4_2/n,86,10
Na11Ca16_id3509_E-0.77.cif,Na11Ca16,-0.7736,0.0,Metal,P-31m,162,27
Mg12Ga_id4150_E-0.77.cif,Mg12Ga,-0.772,0.0,Metal,P-6m2,187,13
BaLi4(AlZn2)8_id3517_E-0.77.cif,BaLi4(AlZn2)8,-0.7719,0.0,Metal,P4_2/nmc,137,58
Ca_id3435_E-0.77.cif,Ca,-0.771,0.0,Metal,P23,195,12
KCd_id4003_E-0.77.cif,KCd,-0.7697,0.791,Semiconductor,P6/mmm,191,12
BaLi4Ca4Si_id408_E-0.77.cif,BaLi4Ca4Si,-0.7689,0.0,Metal,I4/mcm,140,40
Na2ZnCd8_id4905_E-0.77.cif,Na2ZnCd8,-0.7684,0.0,Metal,P4/nbm,125,22
NaLiCd_id4880_E-0.77.cif,NaLiCd,-0.7681,0.154,Semiconductor,P4_2/mmc,131,6
Zn_id2841_E-0.77.cif,Zn,-0.7674,0.0,Metal,Cmm2,35,16
BaTiAlGa2As2CNO6_id1022_E-0.77.cif,BaTiAlGa2As2CNO6,-0.7672,2.626,Semiconductor,P3_221,154,45
ZnCd5_id1507_E-0.76.cif,ZnCd5,-0.7643,0.0,Metal,Pbam,55,12
Cd_id242_E-0.76.cif,Cd,-0.7627,0.0,Metal,Pm-3m,221,12
Zn_id1292_E-0.76.cif,Zn,-0.7619,0.0,Metal,P4cc,103,18
K_id1254_E-0.76.cif,K,-0.7617,0.004,Metal,P2_12_12_1,19,24
Mg2Cd7_id1804_E-0.76.cif,Mg2Cd7,-0.7583,0.0,Metal,Cmm2,35,18
ZnCd_id3659_E-0.76.cif,ZnCd,-0.7577,0.0,Metal,P4_2/ncm,138,8
KCd4P_id579_E-0.76.cif,KCd4P,-0.7577,0.0,Metal,P4/mmm,123,12
CaMg4(ZnIn)4_id1529_E-0.76.cif,CaMg4(ZnIn)4,-0.7558,0.0,Metal,P42_12,90,26
NaMg4Cd2In2Ga_id1029_E-0.76.cif,NaMg4Cd2In2Ga,-0.7557,0.0,Metal,P-42_1c,114,20
K4Na6Li_id3036_E-0.76.cif,K4Na6Li,-0.7552,0.004,Metal,P2/m,10,11
Mg5Cd3Ga_id4421_E-0.75.cif,Mg5Cd3Ga,-0.7526,1.7,Semiconductor,P4_2cm,101,18
BaSrCa48_id2822_E-0.75.cif,BaSrCa48,-0.7515,0.0,Metal,P622,177,50
Na2ZnCd4_id3546_E-0.75.cif,Na2ZnCd4,-0.7515,0.0,Metal,P4_22_12,94,28
Li4Mg13Ga_id126_E-0.75.cif,Li4Mg13Ga,-0.7493,0.0,Metal,C2/m,12,36
ZnCd6_id790_E-0.75.cif,ZnCd6,-0.7493,0.0,Metal,P4_2/m,84,14
Li9In2_id4081_E-0.75.cif,Li9In2,-0.7476,0.041,Metal,Pm-3,200,11
Cd_id4144_E-0.75.cif,Cd,-0.7475,0.0,Metal,I4_1/acd,142,16
K_id1487_E-0.75.cif,K,-0.7474,0.0,Metal,Ibca,73,48
MgCd3_id1814_E-0.75.cif,MgCd3,-0.7473,0.0,Metal,Pbam,55,32
NaCa4ZnCd5In4_id2790_E-0.75.cif,NaCa4ZnCd5In4,-0.7472,3.659,Insulator,Pc,7,30
BaLi3(Cd3In)4_id4165_E-0.75.cif,BaLi3(Cd3In)4,-0.7468,0.0,Metal,Im-3,204,40
LiMg12Al_id3937_E-0.75.cif,LiMg12Al,-0.7464,0.0,Metal,I4/mmm,139,28
ZnCd2_id1516_E-0.74.cif,ZnCd2,-0.7444,0.0,Metal,Pccn,56,12
Ba3(Ca2Mg)2_id3428_E-0.74.cif,Ba3(Ca2Mg)2,-0.7441,0.02,Metal,P6/mmm,191,9
MgZn2Ga3_id1544_E-0.74.cif,MgZn2Ga3,-0.7441,0.0,Metal,P4/mmm,123,12
Sr6Ca18Cd12In_id1747_E-0.74.cif,Sr6Ca18Cd12In,-0.7437,0.0,Metal,P23,195,37
Na4Li_id1725_E-0.74.cif,Na4Li,-0.7422,0.735,Semiconductor,P1,1,20
K11Ba4_id1891_E-0.74.cif,K11Ba4,-0.7392,0.0,Metal,Pm-3m,221,30
LiAl(Zn3Cd2)2_id2021_E-0.74.cif,LiAl(Zn3Cd2)2,-0.7383,0.0,Metal,I-4m2,119,24
Ca_id1686_E-0.74.cif,Ca,-0.7374,0.0,Metal,Fd-3m,227,32
Mg_id1210_E-0.74.cif,Mg,-0.7374,0.0,Metal,Pma2,28,42
KSr4_id3085_E-0.74.cif,KSr4,-0.7374,0.0,Metal,P-6m2,187,5
Zn_id4680_E-0.74.cif,Zn,-0.7371,0.0,Metal,I4_1/a,88,20
MgZn4B_id409_E-0.74.cif,MgZn4B,-0.7353,0.0,Metal,P4/mbm,127,12
MgZn_id4779_E-0.73.cif,MgZn,-0.7319,0.0,Metal,I4_1/acd,142,32
Ba2SrGa2_id2846_E-0.73.cif,Ba2SrGa2,-0.7318,0.0,Metal,Pmmm,47,5
Mg3Cd11_id1603_E-0.73.cif,Mg3Cd11,-0.7292,0.0,Metal,P-62m,189,14
NaMgIn2_id585_E-0.73.cif,NaMgIn2,-0.726,2.08,Semiconductor,I4/mmm,139,16
Cd_id1995_E-0.72.cif,Cd,-0.7233,0.0,Metal,Pmmm,47,5
Mg14In_id4693_E-0.72.cif,Mg14In,-0.7231,0.018,Metal,Cmce,64,60
Zn4InGaP2_id2014_E-0.72.cif,Zn4InGaP2,-0.722,1.475,Semiconductor,P432,207,48
K_id2393_E-0.72.cif,K,-0.7191,0.0,Metal,P-3c1,165,18
K2NaCd3In2_id3955_E-0.71.cif,K2NaCd3In2,-0.7136,0.227,Semiconductor,P-3c1,165,16
Na4Li2Ca4Mg_id1287_E-0.71.cif,Na4Li2Ca4Mg,-0.7131,0.602,Semiconductor,P4_22_12,94,22
Na2Cd5_id2572_E-0.71.cif,Na2Cd5,-0.7128,0.0,Metal,Pn-3,201,28
Cd_id4818_E-0.71.cif,Cd,-0.7111,0.0,Metal,Pmna,53,10
K4Ba4Sn3_id4105_E-0.71.cif,K4Ba4Sn3,-0.71,0.0,Metal,Pm-3m,221,22
Na3Li11_id2833_E-0.71.cif,Na3Li11,-0.7096,0.008,Metal,P2/c,13,28
Ca2CdSb_id3700_E-0.71.cif,Ca2CdSb,-0.7091,3.236,Semiconductor,P4_2/mmc,131,8
Ba5Sr17_id1168_E-0.71.cif,Ba5Sr17,-0.709,0.0,Metal,P-31m,162,22
Al2Cd4In_id2949_E-0.71.cif,Al2Cd4In,-0.7085,0.0,Metal,P3_212,153,21
Cd_id2646_E-0.71.cif,Cd,-0.7057,0.0,Metal,Pnnn,48,16
Ba(LiCd)2_id4238_E-0.70.cif,Ba(LiCd)2,-0.7028,0.0,Metal,P42_12,90,10
Sr4Ca3_id4615_E-0.70.cif,Sr4Ca3,-0.7014,0.0,Metal,P4/nbm,125,14
BaSr4(CaIn2)2_id2826_E-0.70.cif,BaSr4(CaIn2)2,-0.7008,0.0,Metal,P4/nbm,125,22
K8Na(ZnCd3)2_id1757_E-0.70.cif,K8Na(ZnCd3)2,-0.7007,0.088,Semiconductor,P6/mmm,191,17
BaNaSrLiCaMg2(CdIn)2_id1693_E-0.70.cif,BaNaSrLiCaMg2(CdIn)2,-0.6998,0.0,Metal,P2_1/m,11,22
Ca7Mg4_id341_E-0.70.cif,Ca7Mg4,-0.6965,0.0,Metal,P6/mmm,191,22
Cd_id4660_E-0.70.cif,Cd,-0.6962,0.0,Metal,I4/mmm,139,28
MgAlCd2_id637_E-0.70.cif,MgAlCd2,-0.6957,0.0,Metal,P4_322,95,16
Li6MgZn6Cd3Ga2_id1482_E-0.69.cif,Li6MgZn6Cd3Ga2,-0.6943,0.0,Metal,P6/mmm,191,18
LiAl2Cd11_id2383_E-0.69.cif,LiAl2Cd11,-0.6942,0.0,Metal,P4mm,99,14
K13Zn3Cd4_id510_E-0.69.cif,K13Zn3Cd4,-0.6927,1.905,Semiconductor,Im-3m,229,40
NaCd2_id3680_E-0.69.cif,NaCd2,-0.6904,0.0,Metal,P4_2/mmc,131,6
CaMgCd10In_id3635_E-0.69.cif,CaMgCd10In,-0.6856,0.0,Metal,Pmmm,47,13
KZn16Cd3InSn_id3158_E-0.69.cif,KZn16Cd3InSn,-0.6853,0.0,Metal,P-6m2,187,22
Li2Cd4Ga_id1124_E-0.68.cif,Li2Cd4Ga,-0.6846,0.0,Metal,P4/mmm,123,14
KNa5_id4938_E-0.68.cif,KNa5,-0.6826,0.0,Metal,Pmna,53,24
K2Na3_id2392_E-0.68.cif,K2Na3,-0.682,0.0,Metal,Pnnn,48,20
KLiZnCd3In_id4723_E-0.68.cif,KLiZnCd3In,-0.682,0.0,Metal,P3_121,152,21
SrLiCd6InSn_id4908_E-0.68.cif,SrLiCd6InSn,-0.6804,0.0,Metal,P1,1,40
KCd4_id451_E-0.68.cif,KCd4,-0.6792,0.0,Metal,P4_2/n,86,10
Zn_id2933_E-0.68.cif,Zn,-0.6764,0.0,Metal,Cmme,67,20
MgTiIn(SeO)6_id3847_E-0.68.cif,MgTiIn(SeO)6,-0.6759,1.477,Semiconductor,P-31c,163,30
MgZn4In3O8_id1956_E-0.67.cif,MgZn4In3O8,-0.6742,3.053,Semiconductor,P-42c,112,32
Na2Cd3_id503_E-0.67.cif,Na2Cd3,-0.6698,0.0,Metal,P422,89,20
Cd_id2270_E-0.67.cif,Cd,-0.6685,0.0,Metal,P-31m,162,15
Mg6ZnIn_id189_E-0.67.cif,Mg6ZnIn,-0.6674,0.0,Metal,Pm-3m,221,8
MgBe_id1969_E-0.67.cif,MgBe,-0.6655,0.0,Metal,I4_1/acd,142,32
Na_id1519_E-0.66.cif,Na,-0.6636,0.0,Metal,P2_12_12_1,19,16
Ca_id2727_E-0.66.cif,Ca,-0.6627,0.0,Metal,P6_2,171,24
Cd_id4115_E-0.66.cif,Cd,-0.6615,0.0,Metal,P4_2/ncm,138,16
K2Zn3B_id1570_E-0.66.cif,K2Zn3B,-0.6611,0.0,Metal,Ibam,72,48
Na8Li7(AlZn4)3_id1912_E-0.66.cif,Na8Li7(AlZn4)3,-0.6597,0.909,Semiconductor,P-1,2,60
K6BaNa_id764_E-0.66.cif,K6BaNa,-0.6595,0.0,Metal,P3_112,151,24
K_id2913_E-0.66.cif,K,-0.6569,0.0,Metal,Pnnn,48,16
Cd_id1699_E-0.66.cif,Cd,-0.6563,0.0,Metal,P4_2/mmc,131,4
Mg5Cd5In_id1437_E-0.66.cif,Mg5Cd5In,-0.6556,0.0,Metal,Pmmm,47,11
LiCd4_id3625_E-0.65.cif,LiCd4,-0.6533,0.0,Metal,Ccce,68,20
K_id4811_E-0.65.cif,K,-0.6531,0.199,Semiconductor,P1,1,32
Na6Li3CaCd28_id835_E-0.65.cif,Na6Li3CaCd28,-0.6495,0.0,Metal,P31m,157,38
BaNa15_id3467_E-0.65.cif,BaNa15,-0.6482,0.0,Metal,Pm-3m,221,16
Na2CaMg9_id65_E-0.65.cif,Na2CaMg9,-0.6455,0.426,Semiconductor,P2_12_12,18,24
K2Na_id290_E-0.64.cif,K2Na,-0.645,0.0,Metal,P1,1,60
KNaSn(S2O)8_id3970_E-0.64.cif,KNaSn(S2O)8,-0.6448,2.976,Semiconductor,P1,1,54
Li3Mg(ZnCd)3_id3452_E-0.64.cif,Li3Mg(ZnCd)3,-0.6429,0.0,Metal,P31m,157,20
Na6Zn3Cd12In3Sn_id1781_E-0.64.cif,Na6Zn3Cd12In3Sn,-0.6421,0.0,Metal,P-43n,218,50
Zn_id900_E-0.64.cif,Zn,-0.6408,0.0,Metal,I4_1/acd,142,16
MgZn2_id4480_E-0.64.cif,MgZn2,-0.6402,0.0,Metal,Pn-3m,224,6
K10Cd_id285_E-0.64.cif,K10Cd,-0.6394,0.0,Metal,P-6,174,11
BaCdIn_id3598_E-0.64.cif,BaCdIn,-0.6372,0.0,Metal,P-6m2,187,3
NaIn2Sn3_id600_E-0.64.cif,NaIn2Sn3,-0.6366,0.0,Metal,P2,3,48
Cd_id1517_E-0.64.cif,Cd,-0.6356,0.0,Metal,I4_1/acd,142,16
NaZn3_id3406_E-0.63.cif,NaZn3,-0.6308,0.0,Metal,P4_2/mcm,132,16
Cd_id1126_E-0.63.cif,Cd,-0.6305,0.0,Metal,I4_1/acd,142,16
Mg4In_id2600_E-0.63.cif,Mg4In,-0.6286,0.0,Metal,Ibca,73,40
BaCd7_id4292_E-0.63.cif,BaCd7,-0.6256,0.0,Metal,I4/mcm,140,32
CdIn_id554_E-0.62.cif,CdIn,-0.6225,0.0,Metal,P4/mmm,123,4
Na_id2450_E-0.62.cif,Na,-0.6223,0.0,Metal,Pm-3n,223,12
K(Na10Li)3_id220_E-0.62.cif,K(Na10Li)3,-0.6222,0.0,Metal,Pm-3m,221,34
Li2CaMg2Cd_id1938_E-0.62.cif,Li2CaMg2Cd,-0.6219,0.0,Metal,P4_3,78,24
Na5Cd8_id316_E-0.62.cif,Na5Cd8,-0.6197,0.024,Metal,Pn-3,201,52
MgSc4Zn3_id4261_E-0.62.cif,MgSc4Zn3,-0.6188,0.0,Metal,I4/mmm,139,16
BaCdInSiTe_id2331_E-0.61.cif,BaCdInSiTe,-0.6097,24.391,Insulator,P3c1,158,30
Ba4MgGe2_id1352_E-0.61.cif,Ba4MgGe2,-0.6093,0.0,Metal,I4_1/a,88,28
K10Ba9_id624_E-0.61.cif,K10Ba9,-0.6079,1.309,Semiconductor,P4_232,208,38
LiZn5Ga_id3450_E-0.61.cif,LiZn5Ga,-0.6075,0.0,Metal,Pma2,28,14
KZn4_id2380_E-0.60.cif,KZn4,-0.6035,0.0,Metal,P4_2/nmc,137,10
Na_id3895_E-0.60.cif,Na,-0.5985,0.0,Metal,P-31m,162,24
K3Ba2Cd4In_id3771_E-0.60.cif,K3Ba2Cd4In,-0.598,0.203,Semiconductor,P2/m,10,10
K4(CdIn)3_id4945_E-0.60.cif,K4(CdIn)3,-0.5975,0.0,Metal,P6_3/m,176,20
BaMg2Zn3Cd7In6GaSn_id908_E-0.59.cif,BaMg2Zn3Cd7In6GaSn,-0.5928,0.0,Metal,P-1,2,42
Ga_id3121_E-0.59.cif,Ga,-0.5913,0.302,Semiconductor,P6/mmm,191,11
LiMgCd_id3854_E-0.59.cif,LiMgCd,-0.5906,0.0,Metal,Im-3,204,36
Na2Cd3In_id1702_E-0.59.cif,Na2Cd3In,-0.5887,0.0,Metal,P4_2/mmc,131,12
NaMg11Cd3_id1452_E-0.59.cif,NaMg11Cd3,-0.5885,0.0,Metal,Pmna,53,30
Cd_id787_E-0.59.cif,Cd,-0.5883,0.0,Metal,C2/c,15,20
NaSr4Ca2Zn5_id3221_E-0.59.cif,NaSr4Ca2Zn5,-0.5878,0.033,Metal,P42_12,90,24
MgCd2_id2741_E-0.59.cif,MgCd2,-0.5857,0.0,Metal,Cmcm,63,24
Mg_id402_E-0.58.cif,Mg,-0.5846,0.0,Metal,P6cc,184,18
Zn_id139_E-0.58.cif,Zn,-0.5827,0.491,Semiconductor,P4/mmm,123,4
Zn3Cd4_id3477_E-0.58.cif,Zn3Cd4,-0.5814,0.0,Metal,Cmce,64,28
MgZn3InSi_id2598_E-0.57.cif,MgZn3InSi,-0.5701,0.003,Metal,Imma,74,24
NaLi6AlS4_id2264_E-0.57.cif,NaLi6AlS4,-0.5689,2.797,Semiconductor,I-4m2,119,24
Zn_id3466_E-0.57.cif,Zn,-0.5659,0.0,Metal,Pmn2_1,31,8
NaSrLiO4_id4318_E-0.56.cif,NaSrLiO4,-0.5624,0.347,Semiconductor,C2/m,12,28
Cd_id941_E-0.56.cif,Cd,-0.5609,0.0,Metal,Pm-3m,221,12
Zn_id127_E-0.56.cif,Zn,-0.5604,0.078,Semiconductor,P432,207,36
Cd_id557_E-0.56.cif,Cd,-0.5576,0.0,Metal,P-1,2,23
LiZn9_id4538_E-0.56.cif,LiZn9,-0.5576,0.0,Metal,Im-3m,229,20
KZn3Cd4_id2812_E-0.56.cif,KZn3Cd4,-0.5576,0.0,Metal,P-4m2,115,16
AlZn5Cd_id3997_E-0.56.cif,AlZn5Cd,-0.5573,0.0,Metal,P-42m,111,7
Ca2Cd6Sn_id3863_E-0.55.cif,Ca2Cd6Sn,-0.5501,0.0,Metal,I4/mmm,139,18
Ca5Mg24_id2544_E-0.54.cif,Ca5Mg24,-0.5438,4.785,Insulator,P1,1,29
Zn_id368_E-0.54.cif,Zn,-0.5435,0.0,Metal,P4_32_12,96,8
Sr3Ca2_id568_E-0.54.cif,Sr3Ca2,-0.5428,0.0,Metal,P4_2mc,105,10
KBaSr3_id3544_E-0.54.cif,KBaSr3,-0.5404,0.0,Metal,P6/mmm,191,15
K2LiZn4SbO6_id4027_E-0.54.cif,K2LiZn4SbO6,-0.5383,0.01,Metal,P4bm,100,28
Li2ScCd4_id1577_E-0.54.cif,Li2ScCd4,-0.5363,0.585,Semiconductor,P4_2cm,101,14
Sr2LiCa2_id641_E-0.54.cif,Sr2LiCa2,-0.5359,0.0,Metal,I4/mmm,139,10
LiCa(Mg10Cd)2_id1896_E-0.53.cif,LiCa(Mg10Cd)2,-0.5313,0.0,Metal,P6/mmm,191,24
Mg4Zn4Cd8Sb_id2943_E-0.53.cif,Mg4Zn4Cd8Sb,-0.5304,0.0,Metal,I422,97,34
Zn12Cd7In3_id2591_E-0.53.cif,Zn12Cd7In3,-0.529,0.0,Metal,Im-3,204,44
Na_id3676_E-0.53.cif,Na,-0.5267,2.68,Semiconductor,P2_12_12_1,19,20
Cd_id4603_E-0.53.cif,Cd,-0.5252,0.0,Metal,Pmna,53,26
BaSr2_id4440_E-0.52.cif,BaSr2,-0.5231,0.0,Metal,I4/mmm,139,6
LiMgZn6_id4472_E-0.52.cif,LiMgZn6,-0.5229,0.0,Metal,P-4c2,116,16
KBa(LiSb)2_id1442_E-0.52.cif,KBa(LiSb)2,-0.52,0.0,Metal,Pm,6,12
Cd_id4078_E-0.52.cif,Cd,-0.5182,0.0,Metal,Aem2,39,16
SrCa3_id4825_E-0.52.cif,SrCa3,-0.5167,0.0,Metal,P4_2mc,105,16
NaCaCd2_id3954_E-0.51.cif,NaCaCd2,-0.5147,0.0,Metal,P4_3,78,16
Li4CaMgCd14In_id1344_E-0.51.cif,Li4CaMgCd14In,-0.5147,0.0,Metal,P1,1,21
KCd_id1013_E-0.51.cif,KCd,-0.5145,0.219,Semiconductor,P4/nmm,129,16
SrCd2_id959_E-0.51.cif,SrCd2,-0.5114,0.0,Metal,Pn-3m,224,6
Ba6Na2Sr2Cd7_id3592_E-0.51.cif,Ba6Na2Sr2Cd7,-0.5105,0.0,Metal,Pmmm,47,17
BaSr2Ca3_id1295_E-0.51.cif,BaSr2Ca3,-0.5101,0.0,Metal,P31m,157,18
KMgZnCd4GaSn_id3274_E-0.51.cif,KMgZnCd4GaSn,-0.5097,0.0,Metal,P4mm,99,9
KMgCd3_id1087_E-0.51.cif,KMgCd3,-0.5095,0.0,Metal,Pm-3m,221,5
Cd_id1943_E-0.51.cif,Cd,-0.5082,0.0,Metal,P2_12_12_1,19,8
Li2Ca5Mg10ScCd4_id4568_E-0.50.cif,Li2Ca5Mg10ScCd4,-0.5046,3.92,Insulator,P1,1,22
NaCd8In_id1100_E-0.50.cif,NaCd8In,-0.5044,0.0,Metal,C222_1,20,40
Zn9In_id4498_E-0.50.cif,Zn9In,-0.5025,0.0,Metal,P4,75,10
Mg3AlZnCd2SnTe2_id943_E-0.50.cif,Mg3AlZnCd2SnTe2,-0.5009,0.902,Semiconductor,P6_2,171,60
MgZn6_id2283_E-0.50.cif,MgZn6,-0.4975,0.0,Metal,Fm-3m,225,28
CaZn12(Cd6Ga)2_id27_E-0.50.cif,CaZn12(Cd6Ga)2,-0.497,0.0,Metal,P6/mmm,191,27
Cd_id4521_E-0.49.cif,Cd,-0.492,0.0,Metal,P6,168,38
NaLi2Mg4(ZnCd6)2_id2197_E-0.49.cif,NaLi2Mg4(ZnCd6)2,-0.4898,0.0,Metal,P1,1,21
SrCaZn4_id3054_E-0.49.cif,SrCaZn4,-0.489,0.0,Metal,I4_1/a,88,24
K3NaCd4In_id202_E-0.49.cif,K3NaCd4In,-0.488,0.149,Semiconductor,I-4m2,119,18
Cd_id1491_E-0.49.cif,Cd,-0.4865,0.732,Semiconductor,P4_2/nbc,133,24
K3Zn6Cd4InGa7_id4577_E-0.49.cif,K3Zn6Cd4InGa7,-0.4862,0.0,Metal,Pm,6,42
K4Mg3Cd5_id1929_E-0.49.cif,K4Mg3Cd5,-0.4853,0.776,Semiconductor,P4_2/m,84,24
KSr5Ca5Zn_id1606_E-0.48.cif,KSr5Ca5Zn,-0.4796,0.0,Metal,P4_3,78,48
CaMg12Zn2In3_id2888_E-0.48.cif,CaMg12Zn2In3,-0.4788,0.0,Metal,P6/mmm,191,18
Na3Cd3Ge2_id2570_E-0.48.cif,Na3Cd3Ge2,-0.4777,0.143,Semiconductor,P1,1,16
Na3Cd2_id788_E-0.48.cif,Na3Cd2,-0.4775,0.0,Metal,I4/mmm,139,10
Sr2MgZn2In_id2677_E-0.48.cif,Sr2MgZn2In,-0.4757,0.0,Metal,P4/mbm,127,12
K19Na9_id2230_E-0.47.cif,K19Na9,-0.4739,0.654,Semiconductor,Pm-3,200,28
KCd2_id2968_E-0.47.cif,KCd2,-0.4705,0.0,Metal,Imm2,44,12
Ba3Ca2Mg(CdIn)2_id4240_E-0.47.cif,Ba3Ca2Mg(CdIn)2,-0.4687,2.823,Semiconductor,P1,1,10
NaCd8_id23_E-0.47.cif,NaCd8,-0.4686,0.0,Metal,P6/mcc,192,36
LiZn9_id1743_E-0.47.cif,LiZn9,-0.4654,0.0,Metal,Pmma,51,20
Ca(ZnCd)4_id4545_E-0.45.cif,Ca(ZnCd)4,-0.4525,3.861,Insulator,P4_2/nmc,137,18
Ba3(CaCd2)4_id4799_E-0.45.cif,Ba3(CaCd2)4,-0.4483,0.039,Metal,P6/mmm,191,15
K2Zn_id2446_E-0.45.cif,K2Zn,-0.4468,0.0,Metal,P4_122,91,12
Zn_id4012_E-0.44.cif,Zn,-0.4407,0.0,Metal,Pcc2,27,12
K(Zn2Ga)2_id1530_E-0.44.cif,K(Zn2Ga)2,-0.4396,0.0,Metal,I-4,82,14
AlSiSnTeAsSe3SN2_id4551_E-0.44.cif,AlSiSnTeAsSe3SN2,-0.4373,0.621,Semiconductor,Pca2_1,29,44
Cd_id1598_E-0.43.cif,Cd,-0.4349,0.0,Metal,P4nc,104,16
MgCd_id2972_E-0.43.cif,MgCd,-0.4349,3.665,Insulator,Pm,6,12
Mg10Cd_id3707_E-0.43.cif,Mg10Cd,-0.4349,0.0,Metal,Pmma,51,22
LiZn5_id4493_E-0.43.cif,LiZn5,-0.4329,0.0,Metal,P4/m,83,12
Mg_id1878_E-0.43.cif,Mg,-0.4328,0.032,Metal,I4_1/acd,142,16
MgCd3_id784_E-0.43.cif,MgCd3,-0.43,0.0,Metal,P4_2/m,84,16
Cd_id2441_E-0.43.cif,Cd,-0.4285,0.978,Semiconductor,Pn-3m,224,16
Na3Li7Ca3Mg6(ZnCd)6_id3364_E-0.42.cif,Na3Li7Ca3Mg6(ZnCd)6,-0.4242,4.093,Insulator,P31m,157,31
Ba3Mg14_id732_E-0.42.cif,Ba3Mg14,-0.4174,0.0,Metal,P3m1,156,17
Li2(MgCd)3_id597_E-0.41.cif,Li2(MgCd)3,-0.4145,0.0,Metal,Pm-3,200,16
Cd_id4492_E-0.41.cif,Cd,-0.4123,0.0,Metal,Pmna,53,18
Ba_id3933_E-0.41.cif,Ba,-0.4119,0.0,Metal,P-6m2,187,5
Zn3(CdGa)2_id3685_E-0.41.cif,Zn3(CdGa)2,-0.4097,0.0,Metal,Pmmm,47,7
Li2MgZn15_id469_E-0.41.cif,Li2MgZn15,-0.4096,0.0,Metal,P222,16,18
Li(MgZn)2_id2173_E-0.41.cif,Li(MgZn)2,-0.4096,0.0,Metal,R-3m,166,15
BaSr3Ca_id42_E-0.41.cif,BaSr3Ca,-0.4079,0.0,Metal,P6_4,172,15
Mg5Zn(Cd2In)2_id534_E-0.41.cif,Mg5Zn(Cd2In)2,-0.4054,0.0,Metal,P4/mmm,123,12
Li5Mg6Cd10In3_id3802_E-0.40.cif,Li5Mg6Cd10In3,-0.4043,4.484,Insulator,P6,168,24
LiMg6Zn4Cd_id4713_E-0.40.cif,LiMg6Zn4Cd,-0.4031,0.0,Metal,Immm,71,24
Cd_id1050_E-0.40.cif,Cd,-0.4007,0.0,Metal,Pn-3m,224,20
Ca7Mg6_id9_E-0.40.cif,Ca7Mg6,-0.3995,0.016,Metal,P1,1,26
KZn7Sn_id195_E-0.40.cif,KZn7Sn,-0.3967,0.0,Metal,P312,149,9
KNa3Cd_id1105_E-0.40.cif,KNa3Cd,-0.3961,0.968,Semiconductor,C222,21,20
BaCd3_id1154_E-0.39.cif,BaCd3,-0.3939,0.0,Metal,Pmm2,25,4
SrCd_id4474_E-0.39.cif,SrCd,-0.3933,0.0,Metal,Pmmm,47,8
LiZn11_id450_E-0.39.cif,LiZn11,-0.3893,0.0,Metal,P4/m,83,24
InGaPCSe3SN3_id3049_E-0.39.cif,InGaPCSe3SN3,-0.3868,1.715,Semiconductor,Pna2_1,33,44
Cd_id2238_E-0.39.cif,Cd,-0.3859,0.0,Metal,P2,3,18
ZnCd_id1338_E-0.39.cif,ZnCd,-0.3857,0.0,Metal,Immm,71,12
Li2Cd2Ge_id4011_E-0.38.cif,Li2Cd2Ge,-0.3845,0.0,Metal,Cmcm,63,20
Mg4Cd8Ga3_id973_E-0.38.cif,Mg4Cd8Ga3,-0.3841,0.0,Metal,I-43d,220,60
Zn_id3975_E-0.38.cif,Zn,-0.3836,0.0,Metal,Pm-3m,221,28
Mg4Zn4Cd_id660_E-0.38.cif,Mg4Zn4Cd,-0.3833,0.0,Metal,P4_2/nmc,137,18
Zn4Cd_id4930_E-0.38.cif,Zn4Cd,-0.3824,0.0,Metal,I4_1/a,88,20
KCd2_id1879_E-0.38.cif,KCd2,-0.379,0.0,Metal,I4/mmm,139,12
Na2Ca2In_id3674_E-0.38.cif,Na2Ca2In,-0.376,0.922,Semiconductor,Immm,71,10
Sr_id4420_E-0.37.cif,Sr,-0.3715,0.0,Metal,Aem2,39,20
Mg_id2732_E-0.37.cif,Mg,-0.3707,0.0,Metal,P4_2mc,105,22
Cd_id540_E-0.36.cif,Cd,-0.3649,0.0,Metal,P23,195,12
LiAl3Cd2_id3424_E-0.36.cif,LiAl3Cd2,-0.3633,0.0,Metal,P4_332,212,24
Mg_id4077_E-0.35.cif,Mg,-0.3476,0.007,Metal,P-43n,218,48
Sr2CaZn2_id2140_E-0.35.cif,Sr2CaZn2,-0.3467,0.0,Metal,Pm,6,5
SnGe6Se_id3834_E-0.34.cif,SnGe6Se,-0.3436,0.0,Metal,P1,1,32
Cd_id2351_E-0.34.cif,Cd,-0.3389,0.0,Metal,Ia-3d,230,32
LiCa16_id4113_E-0.34.cif,LiCa16,-0.3358,0.0,Metal,P-31m,162,17
Ca25Mg9_id4579_E-0.34.cif,Ca25Mg9,-0.3356,0.0,Metal,Pm-3m,221,34
K7GaSn2_id666_E-0.34.cif,K7GaSn2,-0.3355,2.307,Semiconductor,Pcc2,27,20
Cd5In_id1219_E-0.34.cif,Cd5In,-0.3355,0.0,Metal,P4/mmm,123,6
Cd_id144_E-0.33.cif,Cd,-0.33,0.0,Metal,Pban,50,18
NaLi4(Ca2Mg)3_id3621_E-0.33.cif,NaLi4(Ca2Mg)3,-0.3265,0.0,Metal,Im-3m,229,28
Sr5Ca_id3106_E-0.31.cif,Sr5Ca,-0.3107,0.0,Metal,P4/mmm,123,12
MgCd4_id1779_E-0.31.cif,MgCd4,-0.3097,0.0,Metal,P4_2/n,86,10
Zn_id4882_E-0.31.cif,Zn,-0.306,0.0,Metal,C222_1,20,12
Ca2Mg2Al_id4257_E-0.31.cif,Ca2Mg2Al,-0.305,0.0,Metal,P4_232,208,30
Ca5Mg_id3530_E-0.30.cif,Ca5Mg,-0.2981,0.0,Metal,P4/mmm,123,12
Sr_id1925_E-0.30.cif,Sr,-0.2979,0.0,Metal,P6/mmm,191,19
Li2MgZn4Ga_id545_E-0.30.cif,Li2MgZn4Ga,-0.2962,0.288,Semiconductor,P1,1,24
Li5Zn13Cd12InGa6Sn_id817_E-0.29.cif,Li5Zn13Cd12InGa6Sn,-0.2896,1.846,Semiconductor,P31m,157,38
Na23Ca_id1080_E-0.28.cif,Na23Ca,-0.2829,1.126,Semiconductor,P2/c,13,48
NaMg2AlCd2TeP2N2O3_id26_E-0.28.cif,NaMg2AlCd2TeP2N2O3,-0.2794,0.786,Semiconductor,P1,1,56
Mg2Cd_id2356_E-0.28.cif,Mg2Cd,-0.2771,0.0,Metal,Iba2,45,36
K5Cd4Te4(SO)4_id1092_E-0.27.cif,K5Cd4Te4(SO)4,-0.2748,4.372,Insulator,P4_2/n,86,42
Ba(ZnS)6_id405_E-0.27.cif,Ba(ZnS)6,-0.2701,1.716,Semiconductor,P4_332,212,52
LiGa_id1198_E-0.27.cif,LiGa,-0.2664,0.0,Metal,P4/mmm,123,16
Sr(MgZn)3_id4934_E-0.27.cif,Sr(MgZn)3,-0.2664,0.0,Metal,P6_3/m,176,14
Li(MgZn)3_id2852_E-0.26.cif,Li(MgZn)3,-0.2569,0.033,Metal,Pm-3,200,14
LiCaMg2_id963_E-0.26.cif,LiCaMg2,-0.2558,2.181,Semiconductor,C2,5,32
Mg_id4895_E-0.26.cif,Mg,-0.2557,0.817,Semiconductor,Iba2,45,32
Ba2Zn15_id1993_E-0.25.cif,Ba2Zn15,-0.2477,0.0,Metal,P6/mmm,191,17
NaTiSiGe_id737_E-0.25.cif,NaTiSiGe,-0.2473,1.009,Semiconductor,P3_1,144,12
Mg7Zn_id4252_E-0.25.cif,Mg7Zn,-0.2453,0.0,Metal,P-6m2,187,8
Zn_id101_E-0.24.cif,Zn,-0.2413,0.0,Metal,P3_112,151,18
SrN_id1172_E-0.23.cif,SrN,-0.2334,0.936,Semiconductor,P4_2/nnm,134,16
CaCd_id3726_E-0.23.cif,CaCd,-0.2299,0.0,Metal,Cmcm,63,8
InGe2SO4_id1768_E-0.21.cif,InGe2SO4,-0.2119,0.0,Metal,P4_2mc,105,32
NaSrCa4_id1844_E-0.21.cif,NaSrCa4,-0.208,0.0,Metal,I-4m2,119,12
Zn(SnS2)2_id90_E-0.20.cif,Zn(SnS2)2,-0.1969,3.176,Semiconductor,Aem2,39,28
SrCa3_id586_E-0.18.cif,SrCa3,-0.1761,0.0,Metal,I4/mmm,139,16
LiMgZn5Cd_id4445_E-0.17.cif,LiMgZn5Cd,-0.1688,0.0,Metal,I-4m2,119,16
Zn_id2268_E-0.15.cif,Zn,-0.1546,0.0,Metal,Pbca,61,16
CaMg3Zn2CdIn3_id1108_E-0.15.cif,CaMg3Zn2CdIn3,-0.146,0.114,Semiconductor,Cm,8,10
Li(Mg3Cd)2_id280_E-0.15.cif,Li(Mg3Cd)2,-0.1453,0.0,Metal,Pn-3m,224,18
BaLi2Mg6Cd2In2Ga_id2789_E-0.13.cif,BaLi2Mg6Cd2In2Ga,-0.1281,0.446,Semiconductor,I4/mcm,140,56
Na2Mg5Cd9_id3358_E-0.12.cif,Na2Mg5Cd9,-0.1158,3.704,Insulator,P6mm,183,16
Si3Ge2(Se2S)2_id4008_E-0.11.cif,Si3Ge2(Se2S)2,-0.1128,0.483,Semiconductor,P-42_1m,113,22
Ba5Sr2_id3449_E-0.11.cif,Ba5Sr2,-0.1076,3.701,Insulator,Cm,8,14
Ba2NaSnTe3Se5(SO)4_id4646_E-0.10.cif,Ba2NaSnTe3Se5(SO)4,-0.1005,1.377,Semiconductor,P1,1,40
Zn3Cd2_id2752_E-0.09.cif,Zn3Cd2,-0.0923,0.0,Metal,P4_332,212,20
Na4Li7Zn3Sb4Te6As4P3_id4243_E-0.09.cif,Na4Li7Zn3Sb4Te6As4P3,-0.09,2.022,Semiconductor,P3,143,31
K13Sn3_id3634_E-0.08.cif,K13Sn3,-0.0834,0.0,Metal,P-31m,162,16
CaSn_id4500_E-0.08.cif,CaSn,-0.0795,0.0,Metal,P4/nmm,129,16
Mg2In14GaTe4(Se3S)2_id3179_E-0.06.cif,Mg2In14GaTe4(Se3S)2,-0.0573,0.021,Metal,C2,5,58
Li7Sb_id1216_E-0.05.cif,Li7Sb,-0.0537,0.22,Semiconductor,P2_12_12_1,19,32
Sr2Ca3Mg_id3410_E-0.03.cif,Sr2Ca3Mg,-0.0317,1.844,Semiconductor,Pbam,55,12
Se_id4607_E-0.03.cif,Se,-0.0284,1.96,Semiconductor,P1,1,42
Li(Mg5Zn4)3_id936_E-0.03.cif,Li(Mg5Zn4)3,-0.0258,0.0,Metal,I23,197,56
Li3Mg10Al3In2_id1667_E-0.02.cif,Li3Mg10Al3In2,-0.0242,0.226,Semiconductor,Imm2,44,36
Li2Si(GeP)2_id4305_E-0.02.cif,Li2Si(GeP)2,-0.0239,3.82,Insulator,I4_1,80,28
Ba2Ca3Mg_id712_E-0.01.cif,Ba2Ca3Mg,-0.0138,0.648,Semiconductor,Ibca,73,48
Sr5Ca9_id4279_E-0.00.cif,Sr5Ca9,-0.0047,0.017,Metal,Pmma,51,28
Ti3AlO4_id1176_E-8.34.cif,Ti3AlO4,-8.3387,0.0,Metal,Pm-3m,221,8
Ti3GaN_id1010_E-8.11.cif,Ti3GaN,-8.1068,0.0,Metal,Pm-3m,221,5
Ti2O_id1951_E-8.08.cif,Ti2O,-8.0789,0.0,Metal,P321,150,9
Ti2O_id2745_E-8.03.cif,Ti2O,-8.0338,0.0,Metal,I4/mmm,139,12
TiSiC2_id486_E-7.84.cif,TiSiC2,-7.8433,0.0,Metal,P6_3/mmc,194,8
Ti3SiO4_id374_E-7.84.cif,Ti3SiO4,-7.843,0.0,Metal,Cmcm,63,32
TiS_id3172_E-7.78.cif,TiS,-7.7805,2.747,Semiconductor,Im-3m,229,24
Sc3GeN_id866_E-7.75.cif,Sc3GeN,-7.7524,0.252,Semiconductor,Pm-3m,221,5
ScN2_id1980_E-7.70.cif,ScN2,-7.7044,0.065,Semiconductor,Pca2_1,29,12
Ti42GaGe7_id1013_E-7.53.cif,Ti42GaGe7,-7.5334,0.0,Metal,P1,1,50
Ti_id3192_E-7.50.cif,Ti,-7.5028,0.0,Metal,Pm-3m,221,64
TiC_id700_E-7.49.cif,TiC,-7.4865,0.0,Metal,I4_1/amd,141,8
ScN_id1837_E-7.42.cif,ScN,-7.4177,0.0,Metal,P6_522,179,12
Sc2SiO4_id2464_E-7.37.cif,Sc2SiO4,-7.3718,3.377,Semiconductor,P2/c,13,28
Sc3GaN_id2498_E-7.31.cif,Sc3GaN,-7.3078,0.0,Metal,Pm-3m,221,5
Ti4As(PO)2_id1643_E-7.17.cif,Ti4As(PO)2,-7.1735,0.0,Metal,P-42m,111,9
NaTi7O3_id1046_E-7.16.cif,NaTi7O3,-7.1558,0.0,Metal,Pm-3n,223,22
TiS_id2641_E-7.13.cif,TiS,-7.1268,0.173,Semiconductor,P4/nmm,129,8
C_id224_E-7.10.cif,C,-7.1012,0.883,Semiconductor,Cmmm,65,11
TiSeO3_id842_E-7.02.cif,TiSeO3,-7.0216,2.432,Semiconductor,P6_3mc,186,10
Sc2C_id1920_E-7.00.cif,Sc2C,-6.997,0.0,Metal,P4_2/nmc,137,12
SrN10_id1581_E-7.00.cif,SrN10,-6.9969,0.324,Semiconductor,I-42d,122,44
CaN30_id761_E-6.95.cif,CaN30,-6.9506,1.92,Semiconductor,R-3,148,93
N2_id2383_E-6.94.cif,N2,-6.9407,2.471,Semiconductor,P1,1,12
ScBO_id3299_E-6.89.cif,ScBO,-6.8913,0.0,Metal,Pbca,61,24
MgN14_id1582_E-6.88.cif,MgN14,-6.8823,1.592,Semiconductor,Cc,9,60
Sc2CdBO4_id3039_E-6.84.cif,Sc2CdBO4,-6.8442,0.669,Semiconductor,P-42c,112,16
Sc4TiS2_id2824_E-6.83.cif,Sc4TiS2,-6.8321,0.0,Metal,Cmce,64,28
C_id2719_E-6.81.cif,C,-6.8069,0.052,Semiconductor,Pbcn,60,12
Li2Ti2O5_id2311_E-6.80.cif,Li2Ti2O5,-6.8023,2.583,Semiconductor,Pbcn,60,36
Ti3(SnO)2_id3279_E-6.78.cif,Ti3(SnO)2,-6.7842,0.683,Semiconductor,P4/mnc,128,28
BaScO4_id1197_E-6.74.cif,BaScO4,-6.7424,0.0,Metal,P4/nbm,125,12
Ti2C7_id2655_E-6.66.cif,Ti2C7,-6.6575,0.29,Semiconductor,P4_2/nbc,133,36
CO3_id2196_E-6.63.cif,CO3,-6.6284,5.4,Insulator,Ibca,73,32
BeC6N5_id2000_E-6.61.cif,BeC6N5,-6.6114,0.008,Metal,P1,1,24
Ti2Ga_id571_E-6.58.cif,Ti2Ga,-6.5848,0.0,Metal,I4/mmm,139,12
Sc2Te2P2C25(SeN)2_id46_E-6.58.cif,Sc2Te2P2C25(SeN)2,-6.5842,1.348,Semiconductor,P2_1/c,14,70
NO_id609_E-6.58.cif,NO,-6.5828,5.684,Insulator,P4/nmm,129,8
TiGaO_id2817_E-6.55.cif,TiGaO,-6.5462,0.106,Semiconductor,Pbca,61,24
N12O7_id1711_E-6.54.cif,N12O7,-6.5414,1.625,Semiconductor,R-3,148,57
LiSiO2_id2531_E-6.54.cif,LiSiO2,-6.5397,0.797,Semiconductor,I4_122,98,16
P2O3_id2811_E-6.54.cif,P2O3,-6.5352,3.916,Insulator,Pbcn,60,20
Ti7GaO6_id1510_E-6.53.cif,Ti7GaO6,-6.5309,1.13,Semiconductor,P1,1,56
B2PC8_id2556_E-6.47.cif,B2PC8,-6.4733,0.263,Semiconductor,I422,97,22
Mg2Sc2O5_id2806_E-6.47.cif,Mg2Sc2O5,-6.4702,0.059,Semiconductor,Pccn,56,36
Ti5Sb2_id2377_E-6.46.cif,Ti5Sb2,-6.4565,0.0,Metal,Pmmm,47,28
Sc2SeS_id880_E-6.44.cif,Sc2SeS,-6.4383,0.0,Metal,C2/m,12,8
Ti4Ga_id2715_E-6.43.cif,Ti4Ga,-6.4276,0.0,Metal,P4_2/nmc,137,20
Al2C2O3_id359_E-6.40.cif,Al2C2O3,-6.399,0.27,Semiconductor,Pbcn,60,28
C_id464_E-6.39.cif,C,-6.3935,0.0,Metal,Fm-3,202,124
N2O_id759_E-6.38.cif,N2O,-6.3802,1.606,Semiconductor,Pca2_1,29,12
SrC8_id1953_E-6.38.cif,SrC8,-6.3791,0.027,Metal,P-6m2,187,9
AlN_id2713_E-6.35.cif,AlN,-6.3451,1.943,Semiconductor,Aea2,41,16
Sc_id1683_E-6.33.cif,Sc,-6.3332,0.194,Semiconductor,Fm-3c,226,96
Ca2N5_id2630_E-6.32.cif,Ca2N5,-6.3239,1.49,Semiconductor,Pccn,56,28
Ti5Sb2_id275_E-6.32.cif,Ti5Sb2,-6.3154,0.0,Metal,P4_22_12,94,14
C_id2634_E-6.31.cif,C,-6.3128,2.015,Semiconductor,Fm-3m,225,64
ScC4O_id3055_E-6.31.cif,ScC4O,-6.3122,0.0,Metal,P321,150,12
Ti12Zn6SbO12_id2980_E-6.30.cif,Ti12Zn6SbO12,-6.2972,0.949,Semiconductor,Im-3,204,62
InCO4_id1566_E-6.29.cif,InCO4,-6.2899,2.053,Semiconductor,I4_1/a,88,24
K2Sc4BN3_id2396_E-6.27.cif,K2Sc4BN3,-6.2713,0.0,Metal,C2/m,12,20
Ca3MgNO3_id893_E-6.24.cif,Ca3MgNO3,-6.2438,2.222,Semiconductor,Pm-3m,221,8
Ba(N4O)3_id2670_E-6.23.cif,Ba(N4O)3,-6.2295,1.315,Semiconductor,P6_3/m,176,32
Sc3Sn_id3227_E-6.22.cif,Sc3Sn,-6.2159,0.0,Metal,Pm-3m,221,4
Sc3Se4_id2748_E-6.21.cif,Sc3Se4,-6.208,0.932,Semiconductor,I-43d,220,28
MgAl2(BO2)2_id2494_E-6.21.cif,MgAl2(BO2)2,-6.2052,4.228,Insulator,P4/mmm,123,9
Sc2P_id310_E-6.19.cif,Sc2P,-6.1931,0.0,Metal,Pn-3m,224,6
Ti3Al2C3_id520_E-6.19.cif,Ti3Al2C3,-6.1882,0.29,Semiconductor,Cmc2_1,36,32
Ti2B7_id3116_E-6.18.cif,Ti2B7,-6.1766,1.433,Semiconductor,C222_1,20,36
B2C_id1625_E-6.17.cif,B2C,-6.1733,1.646,Semiconductor,Pbcn,60,12
NaCaSc2O6_id741_E-6.16.cif,NaCaSc2O6,-6.1627,3.061,Semiconductor,P2/m,10,10
LiTiN_id1437_E-6.13.cif,LiTiN,-6.1301,1.4,Semiconductor,P2_12_12_1,19,12
Ti2Be2B_id2089_E-6.11.cif,Ti2Be2B,-6.1086,1.948,Semiconductor,P6_422,181,15
Ti(AsN)4_id518_E-6.11.cif,Ti(AsN)4,-6.1068,0.0,Metal,I-42d,122,36
Sc6Zn3N4_id877_E-6.06.cif,Sc6Zn3N4,-6.0612,0.0,Metal,P1,1,52
ScAsN3_id575_E-6.05.cif,ScAsN3,-6.0473,0.0,Metal,Pm-3m,221,5
C_id2496_E-6.05.cif,C,-6.0454,0.292,Semiconductor,Cmm2,35,24
Ti11Zn2_id361_E-6.04.cif,Ti11Zn2,-6.0447,0.347,Semiconductor,P1,1,26
Ti10ZnSi4NO10_id2348_E-6.04.cif,Ti10ZnSi4NO10,-6.0373,1.626,Semiconductor,P4bm,100,52
Sc5Si6_id712_E-6.04.cif,Sc5Si6,-6.035,0.0,Metal,P6_3/mcm,193,22
K3GeC6(SO)6_id1117_E-6.03.cif,K3GeC6(SO)6,-6.0346,1.16,Semiconductor,P321,150,22
Sc_id2240_E-6.03.cif,Sc,-6.0288,0.0,Metal,C2/c,15,20
Ca2Si2C15_id2917_E-6.01.cif,Ca2Si2C15,-6.0119,0.114,Semiconductor,R-3,148,57
ZnP2C6(NO)6_id1508_E-5.99.cif,ZnP2C6(NO)6,-5.9856,0.072,Semiconductor,P2_1,4,42
Ti2Ga_id1972_E-5.98.cif,Ti2Ga,-5.9827,0.0,Metal,I4_1/acd,142,24
Ti2Al_id698_E-5.98.cif,Ti2Al,-5.9753,0.0,Metal,P4_12_12,92,12
TiSn_id184_E-5.97.cif,TiSn,-5.9734,0.0,Metal,Fm-3m,225,64
MgN2_id2298_E-5.97.cif,MgN2,-5.9734,1.9,Semiconductor,P-6m2,187,3
SrO_id2868_E-5.97.cif,SrO,-5.9724,0.052,Semiconductor,P4_2/mmc,131,4
NO_id3379_E-5.97.cif,NO,-5.9691,1.582,Semiconductor,Pbca,61,16
Mg5N12_id2310_E-5.97.cif,Mg5N12,-5.9662,1.913,Semiconductor,P-42_1c,114,34
Sc2C3_id1527_E-5.96.cif,Sc2C3,-5.9556,0.0,Metal,Pbcn,60,20
K2TiO4_id1558_E-5.95.cif,K2TiO4,-5.9512,4.643,Insulator,I4/mmm,139,28
CaO2_id1340_E-5.93.cif,CaO2,-5.9317,0.0,Metal,P3m1,156,6
Sc_id3128_E-5.92.cif,Sc,-5.9192,0.0,Metal,I4_1/amd,141,12
Sc_id2205_E-5.88.cif,Sc,-5.8769,0.0,Metal,P6/mmm,191,9
CaGeO4_id1187_E-5.84.cif,CaGeO4,-5.8425,0.068,Semiconductor,P4/nbm,125,12
Sc_id966_E-5.84.cif,Sc,-5.8385,0.0,Metal,P-4c2,116,16
SnGeO2_id1335_E-5.82.cif,SnGeO2,-5.824,0.0,Metal,I4_122,98,16
InN3_id1794_E-5.82.cif,InN3,-5.8212,1.396,Semiconductor,Cc,9,16
Sc6Ti2GeSe3_id2676_E-5.82.cif,Sc6Ti2GeSe3,-5.8208,0.565,Semiconductor,Pbam,55,24
TiP3S_id2617_E-5.82.cif,TiP3S,-5.8152,0.0,Metal,P2_13,198,20
ZnCd(S2N3)4_id2737_E-5.81.cif,ZnCd(S2N3)4,-5.8105,0.962,Semiconductor,R-3,148,66
MgO2_id2104_E-5.79.cif,MgO2,-5.7926,3.715,Insulator,P4_2/ncm,138,12
K2Sc4CdO5_id2115_E-5.79.cif,K2Sc4CdO5,-5.7923,1.799,Semiconductor,I4/m,87,24
Sc3B4_id629_E-5.79.cif,Sc3B4,-5.7858,0.071,Semiconductor,P4_2/nnm,134,28
Ti2S3_id3069_E-5.79.cif,Ti2S3,-5.7852,0.0,Metal,Pn-3,201,20
LiMgTi6Al2Zn2CdO8_id1132_E-5.78.cif,LiMgTi6Al2Zn2CdO8,-5.7812,0.157,Semiconductor,P4_3,78,84
Sc2Al2CO2_id1830_E-5.78.cif,Sc2Al2CO2,-5.7808,0.0,Metal,C2/m,12,28
Sc3Ti2_id1618_E-5.75.cif,Sc3Ti2,-5.748,0.0,Metal,P-31m,162,15
CaGePC7N11_id1276_E-5.74.cif,CaGePC7N11,-5.7413,0.968,Semiconductor,P1,1,84
LiTi4C4SeO3_id2616_E-5.74.cif,LiTi4C4SeO3,-5.7388,1.285,Semiconductor,P4,75,13
NaLi2TiO4_id1572_E-5.73.cif,NaLi2TiO4,-5.7305,2.332,Semiconductor,Pnn2,34,16
Sc5Se2_id1640_E-5.72.cif,Sc5Se2,-5.7199,0.003,Metal,Cmce,64,28
MgAsO2_id1295_E-5.72.cif,MgAsO2,-5.7182,0.874,Semiconductor,I4_122,98,16
Sc_id2329_E-5.69.cif,Sc,-5.6928,0.0,Metal,Cccm,66,36
Ti3Ga2O_id2838_E-5.69.cif,Ti3Ga2O,-5.689,0.0,Metal,Pn-3m,224,12
Sc3In_id308_E-5.68.cif,Sc3In,-5.6843,0.0,Metal,Fm-3m,225,16
Ga(GeO2)2_id1277_E-5.65.cif,Ga(GeO2)2,-5.6531,1.126,Semiconductor,P1,1,28
Sc_id957_E-5.64.cif,Sc,-5.6411,0.237,Semiconductor,P4/mmm,123,32
MgSc3B_id2888_E-5.63.cif,MgSc3B,-5.6255,0.0,Metal,Pm-3m,221,5
Sc5Ti_id3032_E-5.62.cif,Sc5Ti,-5.6218,0.0,Metal,P4/mmm,123,6
TiAs_id2339_E-5.62.cif,TiAs,-5.6208,0.0,Metal,P3_221,154,6
BaCaO4_id1287_E-5.61.cif,BaCaO4,-5.6109,3.48,Semiconductor,P4/nbm,125,12
Si2SO_id1488_E-5.61.cif,Si2SO,-5.6105,0.0,Metal,P4_12_12,92,16
Mg2Ti3P2O_id2724_E-5.60.cif,Mg2Ti3P2O,-5.6041,0.0,Metal,Pn-3m,224,16
Sc2SbO2_id2959_E-5.60.cif,Sc2SbO2,-5.6026,0.289,Semiconductor,Pa-3,205,20
BaNO_id3332_E-5.60.cif,BaNO,-5.5963,1.008,Semiconductor,P4_2/mmc,131,6
CO3_id1156_E-5.58.cif,CO3,-5.5827,4.299,Insulator,Pna2_1,33,16
KMgB2(SO2)2_id568_E-5.58.cif,KMgB2(SO2)2,-5.5795,2.373,Semiconductor,I4_1/amd,141,40
BP2_id2419_E-5.57.cif,BP2,-5.5705,0.0,Metal,Pccm,49,6
B_id1836_E-5.56.cif,B,-5.5632,0.0,Metal,P4_32_12,96,8
Sc3SnTe4_id2764_E-5.56.cif,Sc3SnTe4,-5.5565,0.503,Semiconductor,Pm-3m,221,8
N2O5_id2950_E-5.55.cif,N2O5,-5.545,3.326,Semiconductor,P4_2/nnm,134,56
GeSbNO2_id2378_E-5.54.cif,GeSbNO2,-5.5438,0.455,Semiconductor,Pca2_1,29,20
P3O2_id1169_E-5.54.cif,P3O2,-5.5361,3.422,Semiconductor,P2_12_12_1,19,20
ScSb2_id772_E-5.53.cif,ScSb2,-5.5265,0.0,Metal,Pbcn,60,12
BaGaAs2P2(CO)4_id305_E-5.53.cif,BaGaAs2P2(CO)4,-5.5264,1.43,Semiconductor,C2,5,28
ScAs_id2604_E-5.52.cif,ScAs,-5.5232,0.0,Metal,Pbca,61,16
Ca4TeO4_id1843_E-5.52.cif,Ca4TeO4,-5.5217,0.044,Metal,P-42_1c,114,18
TiO6_id2542_E-5.51.cif,TiO6,-5.5134,1.282,Semiconductor,P-1,2,7
MgSc6_id1681_E-5.50.cif,MgSc6,-5.4973,0.0,Metal,Fm-3m,225,28
BeC_id763_E-5.46.cif,BeC,-5.4601,0.059,Semiconductor,Pbca,61,16
Sc_id1833_E-5.46.cif,Sc,-5.4552,0.0,Metal,P-31m,162,15
Ca3Sc4In4O9_id2823_E-5.45.cif,Ca3Sc4In4O9,-5.4516,0.563,Semiconductor,I4/m,87,40
C_id547_E-5.45.cif,C,-5.4513,0.258,Semiconductor,P-6m2,187,6
KTiGe2SbO6_id1321_E-5.45.cif,KTiGe2SbO6,-5.4498,0.0,Metal,I222,23,22
In2SnO9_id3276_E-5.45.cif,In2SnO9,-5.4451,0.0,Metal,I222,23,24
InGa(SnO2)2_id1764_E-5.44.cif,InGa(SnO2)2,-5.4421,1.431,Semiconductor,P-42_1c,114,16
GeO2_id345_E-5.44.cif,GeO2,-5.4414,1.252,Semiconductor,P4/nnc,126,24
B(P3N2)2_id1631_E-5.44.cif,B(P3N2)2,-5.4401,0.671,Semiconductor,P4/n,85,22
SrMg8B2(CN)8_id959_E-5.44.cif,SrMg8B2(CN)8,-5.4394,0.018,Metal,I422,97,54
Na2CaMgC3N8_id2246_E-5.43.cif,Na2CaMgC3N8,-5.4343,1.375,Semiconductor,P1,1,60
NaMgBeInB3TeN2O11_id36_E-5.43.cif,NaMgBeInB3TeN2O11,-5.4296,0.014,Metal,P3_2,145,63
Sc4Ge3(PSe)3_id2034_E-5.43.cif,Sc4Ge3(PSe)3,-5.4285,0.229,Semiconductor,R-3c,167,78
CdN2O5_id1701_E-5.42.cif,CdN2O5,-5.4165,0.092,Semiconductor,C222_1,20,32
N2O3_id2019_E-5.41.cif,N2O3,-5.4144,2.002,Semiconductor,Pccn,56,20
Sc6CdIn_id1693_E-5.40.cif,Sc6CdIn,-5.4,0.0,Metal,Pm-3,200,8
Sc_id3256_E-5.40.cif,Sc,-5.3969,0.0,Metal,P6_2,171,18
Sc_id781_E-5.39.cif,Sc,-5.388,0.585,Semiconductor,Pmm2,25,15
AlNO_id3146_E-5.37.cif,AlNO,-5.3719,1.777,Semiconductor,Pca2_1,29,12
Na2Li2B2S2N2O5_id1647_E-5.37.cif,Na2Li2B2S2N2O5,-5.3717,2.887,Semiconductor,P1,1,60
Ca2TiSN2_id413_E-5.37.cif,Ca2TiSN2,-5.3666,1.712,Semiconductor,I4_122,98,24
KLiScTi(SO4)2_id1749_E-5.37.cif,KLiScTi(SO4)2,-5.3655,1.009,Semiconductor,P2,3,14
Ba4LiIn3O6_id1476_E-5.36.cif,Ba4LiIn3O6,-5.3621,0.351,Semiconductor,Im-3m,229,28
Ti3O7_id1090_E-5.36.cif,Ti3O7,-5.3596,0.53,Semiconductor,P6_3mc,186,20
LiSc4_id2076_E-5.34.cif,LiSc4,-5.3367,4.186,Insulator,Ibca,73,40
Sc2Ti20O5_id1564_E-5.33.cif,Sc2Ti20O5,-5.3326,0.038,Metal,Pm,6,54
MgGaN2_id1828_E-5.33.cif,MgGaN2,-5.3305,0.077,Semiconductor,P4/mmm,123,8
PO3_id393_E-5.33.cif,PO3,-5.328,1.028,Semiconductor,P-62m,189,12
SrCaO8_id2761_E-5.33.cif,SrCaO8,-5.3271,1.33,Semiconductor,P4/nbm,125,20
MgSc3O18_id1067_E-5.31.cif,MgSc3O18,-5.3138,1.645,Semiconductor,P2/c,13,44
P3NO5_id126_E-5.30.cif,P3NO5,-5.3033,1.084,Semiconductor,P2/c,13,36
Ti(InS2)2_id3364_E-5.30.cif,Ti(InS2)2,-5.2975,1.296,Semiconductor,Pban,50,14
BaInGaO3_id3354_E-5.30.cif,BaInGaO3,-5.2954,1.104,Semiconductor,Pcc2,27,24
MgSiGePO4_id174_E-5.29.cif,MgSiGePO4,-5.2925,2.276,Semiconductor,Pmmm,47,8
CaSc4Al3O3_id2079_E-5.29.cif,CaSc4Al3O3,-5.2906,0.0,Metal,Pm-3n,223,22
BaN2_id1325_E-5.28.cif,BaN2,-5.281,0.0,Metal,P6_3/mmc,194,6
PO6_id810_E-5.27.cif,PO6,-5.2706,3.462,Semiconductor,Aea2,41,56
K3Ti2(Ga3O5)2_id311_E-5.26.cif,K3Ti2(Ga3O5)2,-5.2592,0.096,Semiconductor,R-3,148,63
Ti2Be4Si2Te(AsO2)2_id115_E-5.25.cif,Ti2Be4Si2Te(AsO2)2,-5.2478,2.49,Semiconductor,P1,1,15
Ba4Li2SnGeO12_id2392_E-5.24.cif,Ba4Li2SnGeO12,-5.2414,0.853,Semiconductor,I-42m,121,40
GaO_id1406_E-5.24.cif,GaO,-5.2362,1.769,Semiconductor,P4_2/ncm,138,8
TiGaGe_id3063_E-5.23.cif,TiGaGe,-5.23,0.0,Metal,F-43m,216,12
Ti2Ga2B_id1208_E-5.23.cif,Ti2Ga2B,-5.227,0.0,Metal,P6_422,181,15
Ca2GeO2_id453_E-5.21.cif,Ca2GeO2,-5.2063,0.0,Metal,Pa-3,205,20
NO2_id2686_E-5.20.cif,NO2,-5.1965,4.488,Insulator,Pba2,32,18
Mg(BO3)2_id2492_E-5.19.cif,Mg(BO3)2,-5.1921,1.954,Semiconductor,Pc,7,36
K2Ti4BeCdGa2BNO9_id248_E-5.19.cif,K2Ti4BeCdGa2BNO9,-5.1855,0.963,Semiconductor,P3_1,144,63
Sc_id1307_E-5.18.cif,Sc,-5.1762,0.0,Metal,Pmc2_1,26,10
K2(SnO2)3_id2820_E-5.18.cif,K2(SnO2)3,-5.1752,1.523,Semiconductor,P-31c,163,22
Ti12AlInGa(AsO18)2_id2941_E-5.17.cif,Ti12AlInGa(AsO18)2,-5.1715,2.317,Semiconductor,P31m,157,53
S_id2625_E-5.17.cif,S,-5.1708,0.73,Semiconductor,F432,209,96
N2_id38_E-5.17.cif,N2,-5.1665,5.079,Insulator,P1,1,12
C9(NO)4_id1742_E-5.16.cif,C9(NO)4,-5.1567,0.0,Metal,P-43n,218,34
Sn2SO_id684_E-5.14.cif,Sn2SO,-5.1414,0.0,Metal,P6_222,180,12
Sc4BeAl4Ga4Si2B4C16(N19O2)2_id2835_E-5.14.cif,Sc4BeAl4Ga4Si2B4C16(N19O2)2,-5.1381,0.045,Metal,P4/n,85,154
Ba2TiIn2(N9O)2_id3209_E-5.14.cif,Ba2TiIn2(N9O)2,-5.1367,0.425,Semiconductor,P4/mnc,128,100
NaSn5(GeO2)2_id2614_E-5.12.cif,NaSn5(GeO2)2,-5.119,0.26,Semiconductor,P-4m2,115,12
BeSbCN_id2793_E-5.12.cif,BeSbCN,-5.1162,1.023,Semiconductor,Pca2_1,29,16
Ca4GeO10_id2889_E-5.11.cif,Ca4GeO10,-5.1141,0.0,Metal,P1,1,30
CdGeO2_id1149_E-5.11.cif,CdGeO2,-5.1103,0.0,Metal,I4_122,98,16
Sc4(GaS2)3_id1274_E-5.10.cif,Sc4(GaS2)3,-5.0994,0.0,Metal,Cmce,64,52
NaAl(C3O2)2_id2570_E-5.09.cif,NaAl(C3O2)2,-5.0924,0.303,Semiconductor,Pban,50,24
ScGa3(AsO2)6_id2885_E-5.08.cif,ScGa3(AsO2)6,-5.0822,0.339,Semiconductor,P6_3,173,44
ScAlSb_id1210_E-5.07.cif,ScAlSb,-5.0715,0.952,Semiconductor,P4/nmm,129,6
K(AsO)2_id3386_E-5.07.cif,K(AsO)2,-5.0694,1.391,Semiconductor,P4/mnc,128,20
Ti2Ga2B6NO_id2697_E-5.06.cif,Ti2Ga2B6NO,-5.0638,0.517,Semiconductor,P4_2/m,84,24
Ti2AlZn_id3211_E-5.06.cif,Ti2AlZn,-5.0627,0.0,Metal,P4/mmm,123,8
LiMg2SnN4_id2491_E-5.06.cif,LiMg2SnN4,-5.0562,0.0,Metal,I4/mmm,139,16
MgTi2BeSi4B8Te12S8(N2O3)4_id1221_E-5.05.cif,MgTi2BeSi4B8Te12S8(N2O3)4,-5.0466,3.075,Semiconductor,P-42c,112,112
MgSbO4_id2184_E-5.04.cif,MgSbO4,-5.0444,0.806,Semiconductor,Cmmm,65,12
MgSc7Ge_id3042_E-5.04.cif,MgSc7Ge,-5.0397,0.0,Metal,P4/mmm,123,9
Ti6BeSi_id2792_E-5.04.cif,Ti6BeSi,-5.0381,0.0,Metal,P6_322,182,16
CaN21_id63_E-5.04.cif,CaN21,-5.0377,0.0,Metal,I4/m,87,44
ScGa_id272_E-5.02.cif,ScGa,-5.0221,0.0,Metal,P6_3/mmc,194,12
LiGa2(SnO2)2_id3384_E-5.02.cif,LiGa2(SnO2)2,-5.0157,0.011,Metal,P6/mmm,191,18
Li5Al2ZnGaSiO11_id778_E-5.01.cif,Li5Al2ZnGaSiO11,-5.0115,1.258,Semiconductor,Pc,7,42
KCaO8_id3371_E-5.01.cif,KCaO8,-5.009,2.116,Semiconductor,P4/nbm,125,20
TiSiB2_id881_E-5.01.cif,TiSiB2,-5.0085,0.0,Metal,P1,1,32
AlB3PO16_id1635_E-5.01.cif,AlB3PO16,-5.0074,1.098,Semiconductor,P2_1,4,42
Sc3Ga_id2829_E-5.00.cif,Sc3Ga,-5.0043,2.259,Semiconductor,Pmmn,59,8
KScTiO_id2924_E-5.00.cif,KScTiO,-5.0018,0.08,Semiconductor,P-3m1,164,8
Ca(SeO)3_id50_E-5.00.cif,Ca(SeO)3,-4.9987,2.073,Semiconductor,P6_3,173,14
C_id1963_E-5.00.cif,C,-4.9982,1.252,Semiconductor,Pm,6,116
MgScB2N2O3_id1518_E-5.00.cif,MgScB2N2O3,-4.9976,0.0,Metal,Cm,8,36
CaSn2(GeO2)2_id2709_E-5.00.cif,CaSn2(GeO2)2,-4.9966,0.948,Semiconductor,P4_2/m,84,18
LiAsO6_id3323_E-4.99.cif,LiAsO6,-4.9928,0.787,Semiconductor,P6_322,182,16
CaO4_id1205_E-4.99.cif,CaO4,-4.9912,1.907,Semiconductor,P-42_1c,114,10
Be4Si2B4S3_id1373_E-4.99.cif,Be4Si2B4S3,-4.9854,1.81,Semiconductor,Pccn,56,52
KCd2Te(CO)3_id1509_E-4.98.cif,KCd2Te(CO)3,-4.9831,0.603,Semiconductor,P-1,2,20
Ba2Ti3S4_id75_E-4.98.cif,Ba2Ti3S4,-4.9829,1.288,Semiconductor,I4/mmm,139,36
ScAl_id3009_E-4.98.cif,ScAl,-4.9826,0.0,Metal,Cmmm,65,12
LiSc24Ti8Ga(C3O2)2_id1752_E-4.98.cif,LiSc24Ti8Ga(C3O2)2,-4.981,0.0,Metal,I4/m,87,88
Sc3Ti8BeAlS3NO22_id717_E-4.98.cif,Sc3Ti8BeAlS3NO22,-4.9803,1.844,Semiconductor,P1,1,117
Ba4MgCd3O6_id1730_E-4.98.cif,Ba4MgCd3O6,-4.9785,0.007,Metal,Im-3m,229,28
Na2ScO2_id3260_E-4.97.cif,Na2ScO2,-4.9729,2.781,Semiconductor,P6/mmm,191,10
Sc4Ti29Zn4_id1366_E-4.97.cif,Sc4Ti29Zn4,-4.972,0.343,Semiconductor,Pmm2,25,37
PNO4_id267_E-4.97.cif,PNO4,-4.9718,2.756,Semiconductor,P1,1,24
Ge3PO2_id3118_E-4.97.cif,Ge3PO2,-4.9685,0.393,Semiconductor,P-4n2,118,12
MgInO6_id843_E-4.97.cif,MgInO6,-4.967,1.507,Semiconductor,P-31c,163,16
Li2Mg(AsO3)2_id958_E-4.96.cif,Li2Mg(AsO3)2,-4.9642,0.104,Semiconductor,P4/mnc,128,44
ScGe4_id2916_E-4.96.cif,ScGe4,-4.9574,0.0,Metal,Ccce,68,20
MgTiGeAs2_id2803_E-4.94.cif,MgTiGeAs2,-4.9368,0.194,Semiconductor,Pmmm,47,10
Li2ScAl2Ge(PN)2_id1868_E-4.93.cif,Li2ScAl2Ge(PN)2,-4.9345,0.0,Metal,C2/m,12,10
ScTi33Al2SiP_id385_E-4.93.cif,ScTi33Al2SiP,-4.9342,0.0,Metal,P2,3,76
Ba2Sc2AsSN2_id1709_E-4.93.cif,Ba2Sc2AsSN2,-4.9258,0.0,Metal,P-3m1,164,8
TiB5C14N_id3134_E-4.92.cif,TiB5C14N,-4.9236,0.4,Semiconductor,P2_12_12_1,19,84
K2BO2_id35_E-4.92.cif,K2BO2,-4.9206,5.588,Insulator,P1,1,60
Sc_id2736_E-4.92.cif,Sc,-4.9186,2.539,Semiconductor,P1,1,28
BaBe4GaO4_id2024_E-4.91.cif,BaBe4GaO4,-4.9127,3.993,Insulator,I4_1/a,88,40
Ti7Sn4_id2594_E-4.91.cif,Ti7Sn4,-4.9106,0.0,Metal,Pm-3,200,11
MgN_id873_E-4.90.cif,MgN,-4.9013,0.341,Semiconductor,P4_2/ncm,138,8
NaCaP6SO12_id3325_E-4.90.cif,NaCaP6SO12,-4.9009,1.45,Semiconductor,P2_1/c,14,84
Sr3C4N3_id1899_E-4.90.cif,Sr3C4N3,-4.8998,0.0,Metal,I-43d,220,40
B2As2S3_id2138_E-4.90.cif,B2As2S3,-4.8989,2.188,Semiconductor,P4_2mc,105,14
NaSiCNO_id1136_E-4.89.cif,NaSiCNO,-4.8889,0.307,Semiconductor,P6_522,179,30
NaLi2MgO4_id1590_E-4.89.cif,NaLi2MgO4,-4.8864,3.262,Semiconductor,Pccm,49,16
Li2CdAsP4S4(NO2)4_id1995_E-4.88.cif,Li2CdAsP4S4(NO2)4,-4.8842,0.079,Semiconductor,P4/n,85,48
Li2As2N2O_id813_E-4.88.cif,Li2As2N2O,-4.8795,1.178,Semiconductor,Pccn,56,28
MgO2_id1179_E-4.88.cif,MgO2,-4.8794,2.189,Semiconductor,Pbca,61,12
CaO6_id2759_E-4.86.cif,CaO6,-4.8629,3.033,Semiconductor,P4/nbm,125,28
BeBO2_id1673_E-4.86.cif,BeBO2,-4.8563,2.47,Semiconductor,P6_222,180,12
Sc23S8_id3126_E-4.85.cif,Sc23S8,-4.8544,0.0,Metal,Pc,7,62
O2_id1214_E-4.85.cif,O2,-4.8538,4.516,Insulator,P4_2/ncm,138,16
Ba2Ca2AsS2O7_id2939_E-4.85.cif,Ba2Ca2AsS2O7,-4.8513,1.759,Semiconductor,P3_221,154,42
As4SO10_id1003_E-4.85.cif,As4SO10,-4.85,0.619,Semiconductor,P222,16,120
SbAs3_id917_E-4.84.cif,SbAs3,-4.8449,0.729,Semiconductor,P4_12_12,92,32
SrZnGaC3SNO13_id2848_E-4.84.cif,SrZnGaC3SNO13,-4.8437,2.053,Semiconductor,P3_2,145,63
ScTiO18_id3079_E-4.84.cif,ScTiO18,-4.841,0.743,Semiconductor,P-31c,163,40
O2_id2183_E-4.84.cif,O2,-4.84,4.857,Insulator,Pm-3n,223,12
CaCNO6_id1398_E-4.84.cif,CaCNO6,-4.8378,2.767,Semiconductor,P1,1,18
SrZnO4_id1917_E-4.84.cif,SrZnO4,-4.8362,1.699,Semiconductor,P-42_1c,114,12
Sc_id193_E-4.83.cif,Sc,-4.83,0.0,Metal,P6/mmm,191,16
KMgSi9CO3_id138_E-4.83.cif,KMgSi9CO3,-4.8283,0.476,Semiconductor,P6_322,182,30
Sc3N5O13_id2262_E-4.82.cif,Sc3N5O13,-4.8211,1.896,Semiconductor,P-31m,162,42
Sc2GaSiO4_id2705_E-4.82.cif,Sc2GaSiO4,-4.8197,2.698,Semiconductor,P-42c,112,16
O2_id1059_E-4.82.cif,O2,-4.8186,2.251,Semiconductor,P6_222,180,6
O2_id261_E-4.82.cif,O2,-4.8186,2.258,Semiconductor,P6_3/mmc,194,4
SeSO2_id711_E-4.82.cif,SeSO2,-4.8153,2.554,Semiconductor,P4_2/mmc,131,16
KB3_id1483_E-4.81.cif,KB3,-4.814,1.433,Semiconductor,P6/mmm,191,4
Ge2O3_id247_E-4.81.cif,Ge2O3,-4.8105,1.4,Semiconductor,Pbcn,60,20
BP2_id1000_E-4.81.cif,BP2,-4.8084,1.102,Semiconductor,F-43m,216,12
BP12_id3366_E-4.80.cif,BP12,-4.7983,0.102,Semiconductor,I432,211,26
P_id556_E-4.79.cif,P,-4.7923,2.509,Semiconductor,Fm-3m,225,32
NaLi4Mg2As(PO6)4_id274_E-4.79.cif,NaLi4Mg2As(PO6)4,-4.7872,1.661,Semiconductor,P4/n,85,72
ZnBO4_id1311_E-4.79.cif,ZnBO4,-4.786,2.872,Semiconductor,P-42c,112,24
CO20_id919_E-4.79.cif,CO20,-4.7853,0.917,Semiconductor,Pc,7,42
BaLiGeO3_id2409_E-4.78.cif,BaLiGeO3,-4.7787,1.297,Semiconductor,P-6m2,187,6
AlZn2BPN3O4_id2319_E-4.77.cif,AlZn2BPN3O4,-4.7707,1.708,Semiconductor,Pca2_1,29,48
Sc2Al2In_id2248_E-4.77.cif,Sc2Al2In,-4.7704,0.0,Metal,I-4m2,119,10
ScTeS2_id2035_E-4.77.cif,ScTeS2,-4.7676,0.205,Semiconductor,P3m1,156,4
Na2ScTi7ZnS2O3_id1901_E-4.77.cif,Na2ScTi7ZnS2O3,-4.7668,2.853,Semiconductor,P1,1,48
LiB2_id901_E-4.76.cif,LiB2,-4.758,0.0,Metal,P6_222,180,9
Ge2P3_id2092_E-4.76.cif,Ge2P3,-4.7553,0.0,Metal,I4_1/amd,141,20
SrCaO8_id2606_E-4.75.cif,SrCaO8,-4.7514,3.606,Insulator,P4/nbm,125,20
O2_id2166_E-4.74.cif,O2,-4.7418,0.281,Semiconductor,Pbca,61,16
ScGa_id1628_E-4.74.cif,ScGa,-4.7411,0.0,Metal,P4/nmm,129,8
Ba2SbTe2SeO4_id895_E-4.73.cif,Ba2SbTe2SeO4,-4.7321,1.299,Semiconductor,P2/m,10,10
SiGe6O23_id3247_E-4.73.cif,SiGe6O23,-4.7307,2.248,Semiconductor,C2,5,30
SrSi10_id25_E-4.73.cif,SrSi10,-4.7273,0.11,Semiconductor,Pmma,51,44
BeAl2(SN)2_id1608_E-4.72.cif,BeAl2(SN)2,-4.7235,2.785,Semiconductor,Pa-3,205,28
Na2CaTiGeB(SO14)2_id2890_E-4.72.cif,Na2CaTiGeB(SO14)2,-4.7189,1.885,Semiconductor,I222,23,72
SeO_id2320_E-4.72.cif,SeO,-4.7186,1.572,Semiconductor,Pbca,61,16
Sn3SN_id2649_E-4.72.cif,Sn3SN,-4.7168,0.0,Metal,Pm-3m,221,5
LiSiSb2AsSe2NO6_id1419_E-4.72.cif,LiSiSb2AsSe2NO6,-4.7167,2.869,Semiconductor,P2_1/c,14,56
SiGe_id2033_E-4.72.cif,SiGe,-4.7152,0.0,Metal,P4/mmm,123,8
LiMgBe2Al4GaSiO6_id3369_E-4.71.cif,LiMgBe2Al4GaSiO6,-4.7117,3.153,Semiconductor,P4/mmm,123,16
LiGa2Se2S4O5_id2337_E-4.71.cif,LiGa2Se2S4O5,-4.7112,1.778,Semiconductor,Pcca,54,56
NaLi3BeAlTeC3(N3O17)2_id1832_E-4.71.cif,NaLi3BeAlTeC3(N3O17)2,-4.7097,1.393,Semiconductor,P3,143,100
Na4Cd(GaO2)3_id2472_E-4.71.cif,Na4Cd(GaO2)3,-4.7053,0.816,Semiconductor,Im-3m,229,28
KSrCaO12_id610_E-4.70.cif,KSrCaO12,-4.7028,0.0,Metal,Pban,50,30
Te4AsO4_id2525_E-4.70.cif,Te4AsO4,-4.6964,1.808,Semiconductor,I4_1/a,88,36
Na2N3O2_id3001_E-4.69.cif,Na2N3O2,-4.6936,1.238,Semiconductor,P2/c,13,14
BaCdO6_id3208_E-4.69.cif,BaCdO6,-4.6931,0.059,Semiconductor,P6_322,182,16
Li6Mg4Zn4In2Ga3B6As2P12(NO)12_id1675_E-4.69.cif,Li6Mg4Zn4In2Ga3B6As2P12(NO)12,-4.6925,2.016,Semiconductor,C2,5,63
Li3O2_id1126_E-4.69.cif,Li3O2,-4.692,4.862,Insulator,P-42_1m,113,10
BaO7_id2175_E-4.69.cif,BaO7,-4.6919,1.802,Semiconductor,P6_322,182,16
B(AsN)12_id933_E-4.69.cif,B(AsN)12,-4.6912,1.158,Semiconductor,I432,211,50
ZnSi5B7P8_id3385_E-4.69.cif,ZnSi5B7P8,-4.6903,0.0,Metal,P31m,157,21
MgSc12O3_id323_E-4.69.cif,MgSc12O3,-4.6866,0.0,Metal,Pm-3n,223,32
Li2Si5O4_id232_E-4.68.cif,Li2Si5O4,-4.6808,0.0,Metal,P1,1,44
ZnGeSbP3SNO6_id2362_E-4.68.cif,ZnGeSbP3SNO6,-4.6781,1.465,Semiconductor,P2_1/m,11,28
Na2CaAs2(SO3)2_id2176_E-4.67.cif,Na2CaAs2(SO3)2,-4.6736,2.881,Semiconductor,P3_121,152,39
TiZnGaO2_id2804_E-4.67.cif,TiZnGaO2,-4.671,1.444,Semiconductor,Cmme,67,20
TiGaBCNO16_id2859_E-4.67.cif,TiGaBCNO16,-4.6674,1.243,Semiconductor,Pm,6,42
Li3TiZnCdGa(SiO6)2_id542_E-4.67.cif,Li3TiZnCdGa(SiO6)2,-4.6672,1.045,Semiconductor,Pc,7,42
Sc5Zn_id2822_E-4.65.cif,Sc5Zn,-4.6544,0.0,Metal,P2_12_12_1,19,24
Ge(AsS2)2_id730_E-4.65.cif,Ge(AsS2)2,-4.6524,1.206,Semiconductor,I-42d,122,28
SiSb(AsP8)2_id863_E-4.65.cif,SiSb(AsP8)2,-4.65,0.72,Semiconductor,P1,1,20
LiZnSiPCO6_id1424_E-4.64.cif,LiZnSiPCO6,-4.6382,3.1,Semiconductor,Cmm2,35,22
Ge2As6P15Se2_id3273_E-4.64.cif,Ge2As6P15Se2,-4.6366,0.0,Metal,R-3,148,75
Sr3As2P14S3(NO4)3_id421_E-4.63.cif,Sr3As2P14S3(NO4)3,-4.6314,0.238,Semiconductor,P31m,157,37
K2N3O_id2127_E-4.63.cif,K2N3O,-4.6296,1.216,Semiconductor,I4_1/amd,141,24
LiMg(SO)2_id898_E-4.62.cif,LiMg(SO)2,-4.6229,2.718,Semiconductor,C222_1,20,24
BaN2_id1374_E-4.62.cif,BaN2,-4.6213,0.0,Metal,Pn-3m,224,6
Si6O19_id262_E-4.62.cif,Si6O19,-4.6186,1.065,Semiconductor,P6/mmm,191,25
As2P3_id1155_E-4.62.cif,As2P3,-4.6152,0.0,Metal,Pmmm,47,5
SbTeO4_id2979_E-4.61.cif,SbTeO4,-4.6085,0.006,Metal,P4,75,6
NaAs(SO)4_id242_E-4.60.cif,NaAs(SO)4,-4.603,0.93,Semiconductor,P4/nbm,125,20
Mg2Ti2CO2_id474_E-4.60.cif,Mg2Ti2CO2,-4.6029,1.471,Semiconductor,P1,1,28
BaLiBe6Cd2Sn2(NO2)6_id2160_E-4.60.cif,BaLiBe6Cd2Sn2(NO2)6,-4.6029,2.899,Semiconductor,P321,150,30
Sc3Zn2O_id95_E-4.60.cif,Sc3Zn2O,-4.6023,0.0,Metal,Fmm2,42,48
LiSbCO_id2603_E-4.60.cif,LiSbCO,-4.5989,2.46,Semiconductor,P4/nmm,129,8
SiS2_id2849_E-4.60.cif,SiS2,-4.597,0.088,Semiconductor,I4_1/amd,141,12
K(SeO2)2_id381_E-4.60.cif,K(SeO2)2,-4.5967,2.567,Semiconductor,I4_1/a,88,28
GaO4_id1353_E-4.60.cif,GaO4,-4.5959,0.176,Semiconductor,Pmm2,25,10
BeAl4Cd4GaGe4C4N9_id505_E-4.59.cif,BeAl4Cd4GaGe4C4N9,-4.5933,0.0,Metal,I4,79,54
CaAlZn(SnO)4_id747_E-4.59.cif,CaAlZn(SnO)4,-4.5892,0.0,Metal,I-4m2,119,22
Li3Ca2SbO6_id2582_E-4.59.cif,Li3Ca2SbO6,-4.587,2.477,Semiconductor,Pnn2,34,24
Li2O5_id1363_E-4.58.cif,Li2O5,-4.5841,0.0,Metal,C222,21,28
Sc2Ti2PCO7_id3028_E-4.58.cif,Sc2Ti2PCO7,-4.5814,2.651,Semiconductor,Pnma,62,52
Mg3N2_id1588_E-4.58.cif,Mg3N2,-4.5777,0.038,Metal,Pm-3m,221,5
C_id2620_E-4.58.cif,C,-4.577,0.067,Semiconductor,P3c1,158,10
GeAsP3_id1206_E-4.57.cif,GeAsP3,-4.5747,0.0,Metal,Pmmm,47,5
SiSnS2_id2658_E-4.57.cif,SiSnS2,-4.5723,0.067,Semiconductor,P6_522,179,24
CN3_id3265_E-4.57.cif,CN3,-4.5701,0.098,Semiconductor,Fm-3m,225,16
Ti6Se4S3_id775_E-4.57.cif,Ti6Se4S3,-4.5698,0.937,Semiconductor,Pm-3m,221,26
BaSeO4_id2687_E-4.57.cif,BaSeO4,-4.5683,2.401,Semiconductor,Pnnn,48,24
NaCd(SbN2)2_id1732_E-4.57.cif,NaCd(SbN2)2,-4.5679,0.0,Metal,P4_2/m,84,16
BaNa4Li4Zn4(BO6)4_id1639_E-4.57.cif,BaNa4Li4Zn4(BO6)4,-4.5678,2.579,Semiconductor,P4_2/n,86,82
Sc_id479_E-4.57.cif,Sc,-4.567,0.0,Metal,P1,1,33
Na4Sr4Li4CaO12_id1372_E-4.56.cif,Na4Sr4Li4CaO12,-4.5587,3.318,Semiconductor,P4_2/n,86,50
Li5Si2Sb2P4C2O25_id844_E-4.56.cif,Li5Si2Sb2P4C2O25,-4.558,1.527,Semiconductor,Pnc2,30,80
Ba3Li2AsO15_id2711_E-4.56.cif,Ba3Li2AsO15,-4.5576,1.581,Semiconductor,P31m,157,21
SbS4_id3149_E-4.56.cif,SbS4,-4.5555,3.373,Semiconductor,I4_1/a,88,20
Li3ZnBO9_id2644_E-4.55.cif,Li3ZnBO9,-4.5523,2.779,Semiconductor,Pna2_1,33,56
BaAs6_id1686_E-4.55.cif,BaAs6,-4.5504,0.081,Semiconductor,P4_332,212,28
BaAs5O8_id2600_E-4.54.cif,BaAs5O8,-4.5429,1.657,Semiconductor,I222,23,28
BaSO5_id2107_E-4.54.cif,BaSO5,-4.5395,0.041,Metal,Pban,50,14
BeSiGeP2_id2114_E-4.54.cif,BeSiGeP2,-4.5374,0.089,Semiconductor,P2_12_12_1,19,20
LiScZnInO4_id229_E-4.54.cif,LiScZnInO4,-4.5362,2.497,Semiconductor,F-43m,216,32
Ba2Be6Ge6P13(N2O)3_id183_E-4.53.cif,Ba2Be6Ge6P13(N2O)3,-4.5345,0.009,Metal,P321,150,36
CaSiSb(PO)2_id566_E-4.53.cif,CaSiSb(PO)2,-4.5285,3.385,Semiconductor,P4_32_12,96,56
NaZn2In3(S5O7)3_id3115_E-4.52.cif,NaZn2In3(S5O7)3,-4.5232,2.06,Semiconductor,P31c,159,84
NaPN2_id3352_E-4.52.cif,NaPN2,-4.5224,2.255,Semiconductor,I4_122,98,16
BaNaLi2InGaCSO12_id799_E-4.52.cif,BaNaLi2InGaCSO12,-4.5206,2.442,Semiconductor,P1,1,80
Li4O11_id204_E-4.52.cif,Li4O11,-4.5198,1.246,Semiconductor,P2,3,15
Ga2Sn2O7_id663_E-4.52.cif,Ga2Sn2O7,-4.5158,0.223,Semiconductor,Pba2,32,22
AsS_id785_E-4.51.cif,AsS,-4.512,1.511,Semiconductor,Pca2_1,29,8
LiO2_id628_E-4.51.cif,LiO2,-4.5119,4.642,Insulator,P4_2/ncm,138,12
Li2Ti2Al2Ga2SO8_id97_E-4.51.cif,Li2Ti2Al2Ga2SO8,-4.5117,0.558,Semiconductor,Pccn,56,68
BaBeAlSiGeSb2(NO6)2_id2678_E-4.51.cif,BaBeAlSiGeSb2(NO6)2,-4.5112,2.073,Semiconductor,P1,1,42
Sc4GeSe3_id383_E-4.51.cif,Sc4GeSe3,-4.5109,2.289,Semiconductor,Pbam,55,16
ScCdSe2(SO)2_id667_E-4.50.cif,ScCdSe2(SO)2,-4.5039,1.995,Semiconductor,P3_221,154,24
LiTi4Si5_id1283_E-4.50.cif,LiTi4Si5,-4.5024,1.343,Semiconductor,P1,1,20
InSe(N2O5)2_id3075_E-4.50.cif,InSe(N2O5)2,-4.4969,0.792,Semiconductor,Pm,6,32
GaSi6_id2545_E-4.49.cif,GaSi6,-4.4935,0.0,Metal,I-42d,122,28
GaP2_id1174_E-4.49.cif,GaP2,-4.4905,0.0,Metal,P4_12_12,92,12
LiSO_id1782_E-4.49.cif,LiSO,-4.4869,2.705,Semiconductor,P2_12_12_1,19,12
PS_id1223_E-4.49.cif,PS,-4.4866,2.57,Semiconductor,Pbca,61,16
BaZn2SnO18_id875_E-4.49.cif,BaZn2SnO18,-4.4855,1.22,Semiconductor,P-3,147,22
GeS2_id817_E-4.48.cif,GeS2,-4.4834,0.694,Semiconductor,P3_221,154,9
ScGa_id1900_E-4.48.cif,ScGa,-4.4829,0.0,Metal,P4_2/mmc,131,8
ScZn2O2_id1718_E-4.48.cif,ScZn2O2,-4.4824,0.0,Metal,P4/mnc,128,20
S6N4O3_id2743_E-4.48.cif,S6N4O3,-4.4807,1.911,Semiconductor,Fm-3m,225,104
Ba2LiPO5_id3151_E-4.48.cif,Ba2LiPO5,-4.4765,0.059,Semiconductor,Cmcm,63,36
Sc9(TeSe)4_id382_E-4.47.cif,Sc9(TeSe)4,-4.4747,0.0,Metal,P4/ncc,130,68
BaP_id316_E-4.47.cif,BaP,-4.4745,0.734,Semiconductor,P6_3/mmc,194,4
K2GaSnO24_id1699_E-4.47.cif,K2GaSnO24,-4.4739,0.045,Metal,P4/n,85,56
O2_id1247_E-4.46.cif,O2,-4.4644,4.422,Insulator,Pccn,56,12
BaSc4O29_id683_E-4.46.cif,BaSc4O29,-4.4553,1.501,Semiconductor,P4/n,85,68
Be8SiB5_id2805_E-4.45.cif,Be8SiB5,-4.4545,1.807,Semiconductor,P4/mcc,124,28
K2Li2CaSiSnGeBTeCO10_id2605_E-4.45.cif,K2Li2CaSiSnGeBTeCO10,-4.4542,0.341,Semiconductor,Pna2_1,33,84
LiAlZn2SiC2N9O5_id569_E-4.45.cif,LiAlZn2SiC2N9O5,-4.4523,1.636,Semiconductor,Pna2_1,33,84
LiO2_id1950_E-4.45.cif,LiO2,-4.4486,1.683,Semiconductor,Pbca,61,12
ZnTeO6_id2061_E-4.44.cif,ZnTeO6,-4.4356,0.01,Metal,C2,5,16
Si3(B2P)2_id2161_E-4.43.cif,Si3(B2P)2,-4.4348,1.802,Semiconductor,P31m,157,18
AlSi3_id2624_E-4.43.cif,AlSi3,-4.4322,1.303,Semiconductor,Ibam,72,32
BaNa2SrLi6Ca2Mg2As2(P5O7)2_id3184_E-4.43.cif,BaNa2SrLi6Ca2Mg2As2(P5O7)2,-4.4274,0.0,Metal,P2,3,80
Na2CaO8_id442_E-4.43.cif,Na2CaO8,-4.4253,1.821,Semiconductor,C2/c,15,44
KBe3In3Ga3Si3B6Sb3P3C6(NO4)6_id3255_E-4.42.cif,KBe3In3Ga3Si3B6Sb3P3C6(NO4)6,-4.4249,0.954,Semiconductor,P1,1,122
CaInP2O9_id2574_E-4.42.cif,CaInP2O9,-4.4248,0.134,Semiconductor,P1,1,52
Si(PO)2_id572_E-4.42.cif,Si(PO)2,-4.4196,1.412,Semiconductor,P6_522,179,30
BaNa2O8_id870_E-4.42.cif,BaNa2O8,-4.4157,0.0,Metal,Cccm,66,44
MgAlSn2P14C2(SeO9)2_id1440_E-4.41.cif,MgAlSn2P14C2(SeO9)2,-4.4138,0.307,Semiconductor,Pnc2,30,80
Ba2Ga6Sb2(N2O)3_id822_E-4.41.cif,Ba2Ga6Sb2(N2O)3,-4.4131,0.575,Semiconductor,R-3,148,57
LiGe3SbS6_id2842_E-4.41.cif,LiGe3SbS6,-4.4051,0.0,Metal,P-31c,163,22
MgN6O11_id581_E-4.40.cif,MgN6O11,-4.4017,3.494,Semiconductor,P1,1,54
As_id473_E-4.40.cif,As,-4.3965,0.885,Semiconductor,P4_132,213,20
Ge_id1_E-4.39.cif,Ge,-4.3856,0.0,Metal,Ia-3d,230,24
ScSiO19_id923_E-4.38.cif,ScSiO19,-4.3849,0.589,Semiconductor,P1,1,42
Sn2SbS4_id2610_E-4.38.cif,Sn2SbS4,-4.3849,0.285,Semiconductor,I-42d,122,28
Ba3SbSe3_id2434_E-4.38.cif,Ba3SbSe3,-4.3844,0.951,Semiconductor,R-3,148,42
LiAlInGeC2(NO2)5_id1064_E-4.38.cif,LiAlInGeC2(NO2)5,-4.3834,0.0,Metal,Pna2_1,33,84
Li3ScSb3S4_id1992_E-4.38.cif,Li3ScSb3S4,-4.3785,0.221,Semiconductor,Pm-3n,223,22
Sc2In_id1938_E-4.38.cif,Sc2In,-4.3754,0.0,Metal,P1,1,12
ScTe3_id2628_E-4.37.cif,ScTe3,-4.3665,1.143,Semiconductor,P4_2/m,84,16
Li4ZnB12_id380_E-4.36.cif,Li4ZnB12,-4.3641,0.0,Metal,Im-3,204,34
MgBe2AlO4_id2470_E-4.36.cif,MgBe2AlO4,-4.3622,4.508,Insulator,P-42_1m,113,16
NaO2_id2178_E-4.36.cif,NaO2,-4.3618,0.0,Metal,P4_2/ncm,138,12
ZnO2_id2989_E-4.36.cif,ZnO2,-4.36,1.255,Semiconductor,Fm-3m,225,12
LiSeS3O2_id326_E-4.35.cif,LiSeS3O2,-4.3528,2.615,Semiconductor,P1,1,28
Ge2As3_id2245_E-4.35.cif,Ge2As3,-4.3521,0.0,Metal,P4_132,213,20
Li2O2_id2344_E-4.35.cif,Li2O2,-4.3489,1.886,Semiconductor,P4_2/ncm,138,8
Ba2S2N2O17_id2672_E-4.35.cif,Ba2S2N2O17,-4.3486,0.164,Semiconductor,P1,1,46
MgCdO8_id3302_E-4.35.cif,MgCdO8,-4.3471,1.125,Semiconductor,Pban,50,20
ZnSiBNO_id2309_E-4.34.cif,ZnSiBNO,-4.3418,0.0,Metal,Pca2_1,29,20
O2_id502_E-4.34.cif,O2,-4.3371,1.115,Semiconductor,Pba2,32,30
LiO2_id2195_E-4.34.cif,LiO2,-4.3369,4.922,Insulator,Fm-3m,225,12
KBeGaSbTeO6_id1049_E-4.33.cif,KBeGaSbTeO6,-4.3344,2.213,Semiconductor,P1,1,33
SbO11_id1039_E-4.33.cif,SbO11,-4.3343,0.523,Semiconductor,P2,3,24
Na2Li4BeSiAs2P4C4Se2(NO9)2_id2422_E-4.33.cif,Na2Li4BeSiAs2P4C4Se2(NO9)2,-4.329,1.017,Semiconductor,Pcca,54,160
Ti4ZnIn3_id344_E-4.33.cif,Ti4ZnIn3,-4.326,0.0,Metal,Pn-3m,224,16
O2_id3106_E-4.33.cif,O2,-4.325,1.006,Semiconductor,I4/mmm,139,8
Li8GePO11_id154_E-4.32.cif,Li8GePO11,-4.3244,0.0,Metal,P1,1,42
NaIn(SO4)3_id1773_E-4.32.cif,NaIn(SO4)3,-4.3243,2.629,Semiconductor,P6_322,182,34
MgGaO2_id1146_E-4.32.cif,MgGaO2,-4.3232,3.983,Insulator,Pm,6,16
LiCaBeGaBO16_id12_E-4.32.cif,LiCaBeGaBO16,-4.321,1.77,Semiconductor,P1,1,42
As4P_id1772_E-4.32.cif,As4P,-4.3169,0.393,Semiconductor,I4_1/a,88,20
NaLiSb(SO2)2_id3351_E-4.32.cif,NaLiSb(SO2)2,-4.3165,2.665,Semiconductor,P2,3,18
TiGa2_id2524_E-4.32.cif,TiGa2,-4.3153,0.0,Metal,P4_222,93,12
CaSi2Ge2As_id348_E-4.31.cif,CaSi2Ge2As,-4.3114,0.0,Metal,P-4n2,118,12
KSc2AlTe4As2Se3_id1194_E-4.31.cif,KSc2AlTe4As2Se3,-4.3107,0.0,Metal,P6_4,172,39
BaN20_id2964_E-4.31.cif,BaN20,-4.3103,1.936,Semiconductor,Pm,6,84
Li5Be2Ga2Si4As2P6Se2(NO2)2_id296_E-4.31.cif,Li5Be2Ga2Si4As2P6Se2(NO2)2,-4.3102,0.498,Semiconductor,Pc,7,116
KLiPO14_id1475_E-4.31.cif,KLiPO14,-4.3074,2.527,Semiconductor,P1,1,17
ScZn2P2N_id1104_E-4.30.cif,ScZn2P2N,-4.3048,0.0,Metal,I4_122,98,24
Li2Ga4O5_id379_E-4.30.cif,Li2Ga4O5,-4.3017,0.0,Metal,P4_2/mbc,135,44
BaMg4Cd4S4(NO3)4_id1110_E-4.30.cif,BaMg4Cd4S4(NO3)4,-4.3007,2.436,Semiconductor,P4_2/n,86,58
SbAs6_id2669_E-4.30.cif,SbAs6,-4.3003,0.0,Metal,I-42d,122,28
BaSiAsPSe_id481_E-4.29.cif,BaSiAsPSe,-4.286,1.635,Semiconductor,P4_32_12,96,40
TiO11_id1261_E-4.28.cif,TiO11,-4.2842,0.0,Metal,P1,1,24
Sc2C6N11_id637_E-4.28.cif,Sc2C6N11,-4.284,0.301,Semiconductor,P1,1,38
KP2O_id425_E-4.28.cif,KP2O,-4.2838,1.222,Semiconductor,I4_1/amd,141,16
As2Se_id3038_E-4.28.cif,As2Se,-4.2832,0.655,Semiconductor,Pbcn,60,12
Be(NO4)2_id2775_E-4.28.cif,Be(NO4)2,-4.2827,2.778,Semiconductor,P1,1,44
ScSi2_id782_E-4.28.cif,ScSi2,-4.2824,0.241,Semiconductor,Pn-3m,224,6
AlSi_id1487_E-4.28.cif,AlSi,-4.2821,0.424,Semiconductor,Pbca,61,16
Be4GeCS2_id1762_E-4.28.cif,Be4GeCS2,-4.2766,0.389,Semiconductor,Fd-3m,227,64
KCaO3_id2789_E-4.28.cif,KCaO3,-4.276,0.162,Semiconductor,Pm-3m,221,5
KC14_id1243_E-4.27.cif,KC14,-4.2744,0.361,Semiconductor,P1,1,15
O2_id168_E-4.27.cif,O2,-4.2737,0.282,Semiconductor,Pccn,56,12
K2MgSe2(SO3)4_id1202_E-4.27.cif,K2MgSe2(SO3)4,-4.2735,1.577,Semiconductor,I222,23,42
SeS3O_id2536_E-4.27.cif,SeS3O,-4.2731,1.628,Semiconductor,P6_4,172,30
LiB_id2998_E-4.27.cif,LiB,-4.2684,0.001,Metal,P6_422,181,12
Ti2Al_id888_E-4.27.cif,Ti2Al,-4.2676,0.0,Metal,P3_112,151,9
Li2ScCO4_id460_E-4.27.cif,Li2ScCO4,-4.2663,3.65,Insulator,Ibam,72,64
K2NO3_id251_E-4.26.cif,K2NO3,-4.2584,3.717,Insulator,P4_2/nbc,133,48
Ba3O11_id3119_E-4.26.cif,Ba3O11,-4.2577,2.449,Semiconductor,Cm,8,14
NaO2_id408_E-4.26.cif,NaO2,-4.2576,0.553,Semiconductor,Pbca,61,24
Ca2N_id839_E-4.26.cif,Ca2N,-4.2562,0.0,Metal,P4_22_12,94,12
As_id59_E-4.25.cif,As,-4.2514,0.376,Semiconductor,I2_12_12_1,24,24
LiAs4(Se2S)2_id3237_E-4.24.cif,LiAs4(Se2S)2,-4.2424,1.456,Semiconductor,I4/m,87,22
Ba2Li(SnSe)2_id871_E-4.24.cif,Ba2Li(SnSe)2,-4.2405,0.974,Semiconductor,P-42_1m,113,14
KGa2Te4As3(SO10)2_id743_E-4.24.cif,KGa2Te4As3(SO10)2,-4.2371,0.152,Semiconductor,I222,23,64
K5Na2SnTe4As5O16_id3132_E-4.23.cif,K5Na2SnTe4As5O16,-4.2331,1.839,Semiconductor,I4,79,66
Li2BeCdO17_id2031_E-4.23.cif,Li2BeCdO17,-4.2313,0.0,Metal,Pna2_1,33,84
BaB(AsC)2_id52_E-4.23.cif,BaB(AsC)2,-4.2302,0.0,Metal,P-3m1,164,6
K4NaAl6Cd3Ge3B9As3C3S3(N5O3)3_id1840_E-4.23.cif,K4NaAl6Cd3Ge3B9As3C3S3(N5O3)3,-4.2301,0.003,Metal,P1,1,118
Ti6Al12ZnGaB12_id2182_E-4.23.cif,Ti6Al12ZnGaB12,-4.2285,0.0,Metal,Pm-3,200,32
LiTi2GeN_id802_E-4.23.cif,LiTi2GeN,-4.2269,1.032,Semiconductor,Pm,6,10
Li8Mg5AlZn2Ga2S2(NO9)2_id2652_E-4.23.cif,Li8Mg5AlZn2Ga2S2(NO9)2,-4.2258,0.773,Semiconductor,P-1,2,40
Si3Ge3S2_id660_E-4.23.cif,Si3Ge3S2,-4.2253,0.0,Metal,Pnn2,34,16
Li2Sc2SnSe6_id2354_E-4.22.cif,Li2Sc2SnSe6,-4.2212,0.791,Semiconductor,Cccm,66,44
Mg2In2SnN4_id754_E-4.22.cif,Mg2In2SnN4,-4.2196,0.0,Metal,P4_2/mnm,136,18
BaO2_id1807_E-4.22.cif,BaO2,-4.2184,0.207,Semiconductor,P-6m2,187,3
Ca3GaN_id1602_E-4.21.cif,Ca3GaN,-4.2133,0.013,Metal,Pm-3m,221,5
TiBe4Al4Zn4B3O8_id1645_E-4.21.cif,TiBe4Al4Zn4B3O8,-4.2132,1.067,Semiconductor,P-43m,215,24
KSc2Sn_id1578_E-4.21.cif,KSc2Sn,-4.2103,0.0,Metal,P4_122,91,16
Ca4C7N3_id2002_E-4.21.cif,Ca4C7N3,-4.2088,0.791,Semiconductor,P1,1,42
GaSiGe_id3329_E-4.20.cif,GaSiGe,-4.2047,0.0,Metal,P6_522,179,18
Be2O15_id2005_E-4.20.cif,Be2O15,-4.2042,0.0,Metal,P2,3,17
KBeO2_id555_E-4.20.cif,KBeO2,-4.2027,2.944,Semiconductor,Fm-3m,225,16
NaSc(N2O7)2_id101_E-4.20.cif,NaSc(N2O7)2,-4.2021,0.0,Metal,P1,1,80
Ba2Na4Li2Ti2SiAsO26_id1746_E-4.20.cif,Ba2Na4Li2Ti2SiAsO26,-4.2017,0.555,Semiconductor,Pnc2,30,76
AlAs2_id478_E-4.20.cif,AlAs2,-4.2016,0.776,Semiconductor,I4_1cd,110,48
BaSrCa2O2_id3357_E-4.20.cif,BaSrCa2O2,-4.2015,0.0,Metal,P4_2/m,84,24
MgCdO4_id1817_E-4.20.cif,MgCdO4,-4.2006,1.186,Semiconductor,P-4m2,115,12
K2Ti2Be2Al2Zn2Ga2S2O3_id3061_E-4.20.cif,K2Ti2Be2Al2Zn2Ga2S2O3,-4.2006,0.0,Metal,Pccn,56,68
Na(PSe2)2_id1955_E-4.20.cif,Na(PSe2)2,-4.2005,1.396,Semiconductor,P-42m,111,7
Li6Be2Si4B(N3O)2_id2009_E-4.20.cif,Li6Be2Si4B(N3O)2,-4.1979,2.058,Semiconductor,Cccm,66,84
LiGe6(AsO2)2_id540_E-4.20.cif,LiGe6(AsO2)2,-4.1971,1.211,Semiconductor,P3_121,152,39
K4Te13O24_id448_E-4.19.cif,K4Te13O24,-4.191,0.127,Semiconductor,Pn-3n,222,82
LiGa2Sb(AsN2)2_id1162_E-4.19.cif,LiGa2Sb(AsN2)2,-4.1874,0.023,Metal,P1,1,20
NaLiO6_id1025_E-4.19.cif,NaLiO6,-4.1866,1.646,Semiconductor,Pmmn,59,16
BaLi4O8_id1616_E-4.18.cif,BaLi4O8,-4.1811,2.594,Semiconductor,P4_2/n,86,26
SnGe5As2_id2380_E-4.18.cif,SnGe5As2,-4.1787,0.0,Metal,C2,5,16
ZnO2_id2152_E-4.18.cif,ZnO2,-4.1758,0.323,Semiconductor,Pbca,61,12
Ca2Mg2InO18_id1257_E-4.17.cif,Ca2Mg2InO18,-4.1748,2.853,Semiconductor,P1,1,46
Li6AlO14_id1144_E-4.17.cif,Li6AlO14,-4.1728,0.0,Metal,P1,1,21
TiSi4_id161_E-4.17.cif,TiSi4,-4.1721,0.016,Metal,Ccce,68,20
BaNa5Li2Mg2As4(PO12)2_id2643_E-4.17.cif,BaNa5Li2Mg2As4(PO12)2,-4.1703,1.963,Semiconductor,C2,5,80
LiP2SeO17_id1141_E-4.17.cif,LiP2SeO17,-4.1703,1.633,Semiconductor,P2_1,4,42
K4Ti4CdB2S4NO4_id1553_E-4.16.cif,K4Ti4CdB2S4NO4,-4.1649,2.184,Semiconductor,I4/m,87,40
K9Be6In8Sn8Se6(SO4)3_id831_E-4.16.cif,K9Be6In8Sn8Se6(SO4)3,-4.1644,1.038,Semiconductor,P6,168,52
KScTiBe3Zn3GaB8NO2_id1978_E-4.16.cif,KScTiBe3Zn3GaB8NO2,-4.1603,1.769,Semiconductor,P4_3,78,84
Ge_id2486_E-4.16.cif,Ge,-4.1596,0.0,Metal,Aea2,41,24
ScAl2_id1188_E-4.16.cif,ScAl2,-4.1568,0.0,Metal,I4/mmm,139,6
Na2Li4ZnInGa3SiGe2TePCN8O21_id2417_E-4.15.cif,Na2Li4ZnInGa3SiGe2TePCN8O21,-4.1547,0.267,Semiconductor,P1,1,92
Li3AlSbSe4_id1065_E-4.15.cif,Li3AlSbSe4,-4.1546,0.954,Semiconductor,P-43m,215,9
KSr12Ge3(N3O)4_id1536_E-4.15.cif,KSr12Ge3(N3O)4,-4.1513,0.0,Metal,Pm-3n,223,64
ScGa2Te_id489_E-4.15.cif,ScGa2Te,-4.1508,0.0,Metal,P4/mmm,123,4
KLi3Se3O4_id1728_E-4.15.cif,KLi3Se3O4,-4.1501,2.496,Semiconductor,Pm-3n,223,22
Sr6ZnC3_id780_E-4.15.cif,Sr6ZnC3,-4.1496,0.0,Metal,P312,149,20
Zn(Ge3P)2_id3215_E-4.14.cif,Zn(Ge3P)2,-4.1448,0.034,Metal,P-42m,111,9
Ga4Si2O_id1329_E-4.14.cif,Ga4Si2O,-4.1388,0.0,Metal,I422,97,14
Li2MgBeAl2GaBTe2Se2S5NO3_id1186_E-4.14.cif,Li2MgBeAl2GaBTe2Se2S5NO3,-4.1386,0.06,Semiconductor,Pna2_1,33,84
CO7_id1573_E-4.14.cif,CO7,-4.1369,0.007,Metal,P1,1,32
TiCdIn2Sn2Sb(N2O5)6_id2954_E-4.13.cif,TiCdIn2Sn2Sb(N2O5)6,-4.1342,0.059,Semiconductor,P1,1,98
Mg2Sc4Ti2Zn3C_id821_E-4.13.cif,Mg2Sc4Ti2Zn3C,-4.1321,0.0,Metal,Pmmn,59,24
MgBeAlGa3Si2SnTeP(SO4)2_id2537_E-4.13.cif,MgBeAlGa3Si2SnTeP(SO4)2,-4.1283,0.0,Metal,P1,1,21
Li4TiAl2(GaO14)2_id2580_E-4.13.cif,Li4TiAl2(GaO14)2,-4.1263,1.637,Semiconductor,P1,1,37
ZnO_id2693_E-4.12.cif,ZnO,-4.1247,2.447,Semiconductor,P4_2/ncm,138,8
Sc(AlGe)2_id2101_E-4.12.cif,Sc(AlGe)2,-4.1245,0.0,Metal,P4_332,212,20
KO2_id1861_E-4.12.cif,KO2,-4.1239,1.208,Semiconductor,Pbca,61,12
BeAlPSeS11O_id116_E-4.12.cif,BeAlPSeS11O,-4.1207,2.088,Semiconductor,P2_1,4,32
NaO8_id3327_E-4.12.cif,NaO8,-4.1201,1.169,Semiconductor,Pba2,32,36
Na2Li9In2Ga2SnSe2(S8O3)2_id2967_E-4.12.cif,Na2Li9In2Ga2SnSe2(S8O3)2,-4.1194,2.139,Semiconductor,P1,1,80
Be3ZnGeP4C3N5O4_id216_E-4.12.cif,Be3ZnGeP4C3N5O4,-4.1166,0.114,Semiconductor,P1,1,84
MgO_id446_E-4.11.cif,MgO,-4.1135,2.2,Semiconductor,P4_2/mmc,131,8
S_id1831_E-4.11.cif,S,-4.1075,1.116,Semiconductor,Pbca,61,16
ScZnGe_id1085_E-4.11.cif,ScZnGe,-4.1071,0.0,Metal,Pbca,61,24
Sc4C15O2_id777_E-4.11.cif,Sc4C15O2,-4.1059,0.661,Semiconductor,Pm,6,42
CaSi3B4P_id250_E-4.11.cif,CaSi3B4P,-4.1055,1.708,Semiconductor,P-4n2,118,18
AlInSi6P_id1915_E-4.10.cif,AlInSi6P,-4.1047,0.539,Semiconductor,P312,149,9
KBa2P2S11_id2150_E-4.10.cif,KBa2P2S11,-4.1045,0.0,Metal,Immm,71,32
S_id437_E-4.10.cif,S,-4.104,1.064,Semiconductor,Iba2,45,16
O2_id2826_E-4.10.cif,O2,-4.1038,1.014,Semiconductor,P1,1,34
Li8Mg2ScZn2Ga2P2S4(N2O3)4_id104_E-4.10.cif,Li8Mg2ScZn2Ga2P2S4(N2O3)4,-4.1024,2.387,Semiconductor,P4_2,77,82
Be10ZnSiBO8_id2963_E-4.10.cif,Be10ZnSiBO8,-4.1008,2.977,Semiconductor,P1,1,84
S_id770_E-4.10.cif,S,-4.0995,0.015,Metal,P4/m,83,4
BaCa2(NO6)2_id1766_E-4.10.cif,BaCa2(NO6)2,-4.0989,1.606,Semiconductor,P1,1,34
S_id807_E-4.09.cif,S,-4.095,1.664,Semiconductor,P4/m,83,4
CdInSn9Sb6(SO)6_id564_E-4.09.cif,CdInSn9Sb6(SO)6,-4.0939,0.0,Metal,P-31c,163,58
NaLi4Ti(Se2O3)2_id61_E-4.09.cif,NaLi4Ti(Se2O3)2,-4.0937,0.952,Semiconductor,P1,1,32
KBaCa3SiO8_id599_E-4.09.cif,KBaCa3SiO8,-4.0928,3.043,Semiconductor,Pm,6,28
Zn2AsSO4_id859_E-4.09.cif,Zn2AsSO4,-4.0899,0.0,Metal,P3_221,154,24
Se_id3250_E-4.09.cif,Se,-4.0874,0.464,Semiconductor,F432,209,96
S_id1727_E-4.09.cif,S,-4.0864,1.217,Semiconductor,Pbca,61,8
In3CO3_id1575_E-4.09.cif,In3CO3,-4.0861,0.0,Metal,R-3c,167,42
Li3O2_id2295_E-4.09.cif,Li3O2,-4.0859,3.956,Insulator,P1,1,20
Ge3Sb8As_id729_E-4.08.cif,Ge3Sb8As,-4.0819,0.0,Metal,I4_1/a,88,48
Li7BSb2O11_id283_E-4.08.cif,Li7BSb2O11,-4.0808,1.698,Semiconductor,Pna2_1,33,84
Sn2Ge_id3035_E-4.08.cif,Sn2Ge,-4.0805,0.0,Metal,Pa-3,205,12
AlSnS4_id363_E-4.07.cif,AlSnS4,-4.0745,0.044,Metal,P3_221,154,18
LiScInSi_id3080_E-4.07.cif,LiScInSi,-4.0731,0.0,Metal,P-6m2,187,4
ScSiO19_id990_E-4.07.cif,ScSiO19,-4.073,0.268,Semiconductor,Pc,7,42
KLiTeO2_id2808_E-4.07.cif,KLiTeO2,-4.07,0.182,Semiconductor,Cm,8,20
Ba2Sn(NO)2_id2613_E-4.07.cif,Ba2Sn(NO)2,-4.0695,3.305,Semiconductor,P1,1,28
MgS_id265_E-4.07.cif,MgS,-4.0689,0.61,Semiconductor,Pmmm,47,8
NaAlIn2GeAs5S6_id2966_E-4.07.cif,NaAlIn2GeAs5S6,-4.0659,1.961,Semiconductor,Pnn2,34,32
Sr3Ca3N4_id2093_E-4.07.cif,Sr3Ca3N4,-4.0659,0.862,Semiconductor,I-43d,220,40
K3As4(NO2)3_id1493_E-4.06.cif,K3As4(NO2)3,-4.0646,1.308,Semiconductor,C222,21,32
Na2Li2BSbPSN5O6_id1450_E-4.06.cif,Na2Li2BSbPSN5O6,-4.0645,2.65,Semiconductor,Pc,7,76
KLi2MgSi2O15_id2174_E-4.06.cif,KLi2MgSi2O15,-4.064,1.554,Semiconductor,Pc,7,42
SnO8_id2712_E-4.06.cif,SnO8,-4.0637,0.073,Semiconductor,Fm-3m,225,36
Li3AsO4_id2642_E-4.06.cif,Li3AsO4,-4.0609,4.588,Insulator,I-42m,121,32
KLiGaB2AsPCO13_id443_E-4.06.cif,KLiGaB2AsPCO13,-4.0593,1.804,Semiconductor,Pna2_1,33,84
LiCaSbAs2O_id3341_E-4.06.cif,LiCaSbAs2O,-4.0558,2.434,Semiconductor,Pba2,32,24
KZn2BO4_id1310_E-4.05.cif,KZn2BO4,-4.0529,2.304,Semiconductor,P6_422,181,24
GaTeAs2P_id968_E-4.05.cif,GaTeAs2P,-4.0522,0.0,Metal,P2/m,10,5
MgBeN2_id2597_E-4.05.cif,MgBeN2,-4.0491,0.0,Metal,P6_222,180,12
CaSiO5_id1863_E-4.04.cif,CaSiO5,-4.045,0.51,Semiconductor,Pm,6,28
S_id1597_E-4.04.cif,S,-4.044,1.725,Semiconductor,Pbca,61,16
Ba2Li2MgCdTe3P2Se2S8(N6O)2_id2872_E-4.04.cif,Ba2Li2MgCdTe3P2Se2S8(N6O)2,-4.0422,2.465,Semiconductor,P1,1,140
Mg(GeAs)2_id771_E-4.04.cif,Mg(GeAs)2,-4.0382,0.0,Metal,Pccm,49,10
Sr2Li4CaZnGa4Si2(PO12)2_id2886_E-4.04.cif,Sr2Li4CaZnGa4Si2(PO12)2,-4.0369,2.79,Semiconductor,P2_1/c,14,80
KSiTeSO2_id2957_E-4.03.cif,KSiTeSO2,-4.0334,1.367,Semiconductor,P3_221,154,18
Al3ZnInS4_id2097_E-4.03.cif,Al3ZnInS4,-4.0315,0.226,Semiconductor,P-43m,215,9
KLi2Cd4Te3As(PO2)4_id1016_E-4.03.cif,KLi2Cd4Te3As(PO2)4,-4.0269,0.409,Semiconductor,I222,23,46
S_id1754_E-4.03.cif,S,-4.0253,0.782,Semiconductor,Pbca,61,16
K5Na4Li4ZnCd4Sb4P4C4S5O18_id276_E-4.02.cif,K5Na4Li4ZnCd4Sb4P4C4S5O18,-4.0242,0.01,Metal,P1,1,53
SnSb2Se5_id1142_E-4.02.cif,SnSb2Se5,-4.024,0.943,Semiconductor,I-42d,122,32
LiTiTePC4Se6S7_id2353_E-4.02.cif,LiTiTePC4Se6S7,-4.0236,1.402,Semiconductor,P4_1,76,84
K8BaNa6Ca6Te6(NO14)6_id1846_E-4.02.cif,K8BaNa6Ca6Te6(NO14)6,-4.0232,0.145,Semiconductor,P1,1,117
S_id1303_E-4.02.cif,S,-4.023,2.568,Semiconductor,Pbca,61,16
KNaO19_id503_E-4.02.cif,KNaO19,-4.0215,0.927,Semiconductor,P1,1,21
Li5TiBeSeNO12_id1904_E-4.02.cif,Li5TiBeSeNO12,-4.0204,2.255,Semiconductor,P1,1,84
O2_id3368_E-4.02.cif,O2,-4.0202,1.064,Semiconductor,Pbca,61,24
Al2Ga4SiSnO4_id3127_E-4.01.cif,Al2Ga4SiSnO4,-4.0147,0.1,Semiconductor,P4/mmm,123,12
MgGaC_id1612_E-4.01.cif,MgGaC,-4.0145,0.0,Metal,Immm,71,6
Ba2Al2Si4P_id1411_E-4.01.cif,Ba2Al2Si4P,-4.0136,0.036,Metal,P4/mmm,123,9
AlIn3Sn(BS)3_id593_E-4.01.cif,AlIn3Sn(BS)3,-4.0109,0.0,Metal,P6_3,173,22
LiGaP2O13_id2782_E-4.01.cif,LiGaP2O13,-4.01,1.168,Semiconductor,C222,21,34
NaMgTe2(N3O13)2_id55_E-4.01.cif,NaMgTe2(N3O13)2,-4.0097,1.367,Semiconductor,P-3,147,36
KO20_id3014_E-4.01.cif,KO20,-4.0088,3.736,Insulator,P1,1,21
Li3Al3Ge6B3SbTe3As3SeS6(N3O4)4_id2475_E-4.01.cif,Li3Al3Ge6B3SbTe3As3SeS6(N3O4)4,-4.0062,2.258,Semiconductor,P1,1,114
MgTiGaSbAs4_id701_E-4.00.cif,MgTiGaSbAs4,-4.0042,0.0,Metal,I4_1md,109,32
TiP2_id1477_E-4.00.cif,TiP2,-4.0031,0.04,Metal,I4_1/amd,141,12
K2Be4Al5Zn2GaSi2Ge3(PO4)4_id2549_E-4.00.cif,K2Be4Al5Zn2GaSi2Ge3(PO4)4,-4.0017,0.125,Semiconductor,P2,3,78
Sb3As_id2389_E-4.00.cif,Sb3As,-4.0014,0.0,Metal,P4/mmm,123,4
Ca2Ge2As5S2_id1515_E-4.00.cif,Ca2Ge2As5S2,-4.0013,0.005,Metal,P4_32_12,96,44
GeS10_id999_E-4.00.cif,GeS10,-3.9985,1.834,Semiconductor,P2/m,10,11
BaSrSe2(SO11)6_id1826_E-4.00.cif,BaSrSe2(SO11)6,-3.9981,1.124,Semiconductor,P-3,147,76
SiS9_id28_E-4.00.cif,SiS9,-3.9951,1.303,Semiconductor,P2/m,10,10
K4BaLi2Sb5(SeO3)4_id2514_E-3.99.cif,K4BaLi2Sb5(SeO3)4,-3.9946,2.267,Semiconductor,I-42m,121,56
BaP_id1447_E-3.99.cif,BaP,-3.9915,0.16,Semiconductor,I4_1/a,88,40
ScZn2B_id2085_E-3.99.cif,ScZn2B,-3.9901,0.0,Metal,P6_222,180,12
ScZnGa_id78_E-3.99.cif,ScZnGa,-3.9899,0.0,Metal,P6_3/mmc,194,6
AsS3_id2012_E-3.99.cif,AsS3,-3.9886,0.997,Semiconductor,P2/m,10,8
S_id3165_E-3.99.cif,S,-3.9879,1.125,Semiconductor,Pba2,32,18
KAl8Ga4(SeO)4_id137_E-3.99.cif,KAl8Ga4(SeO)4,-3.9864,0.0,Metal,P1,1,21
LiTi2Te3Se2(SO)2_id1161_E-3.99.cif,LiTi2Te3Se2(SO)2,-3.9859,0.144,Semiconductor,P1,1,48
Ti8Ga8BO30_id2840_E-3.99.cif,Ti8Ga8BO30,-3.9858,0.944,Semiconductor,P4_2cm,101,94
NaCaSnSbP2Se3(SO3)3_id649_E-3.98.cif,NaCaSnSbP2Se3(SO3)3,-3.983,1.798,Semiconductor,P1,1,84
InGe6_id1313_E-3.98.cif,InGe6,-3.98,0.0,Metal,I-42m,121,14
Na2LiMgScBeZn2Se(SO3)3_id221_E-3.98.cif,Na2LiMgScBeZn2Se(SO3)3,-3.978,2.162,Semiconductor,P3_2,145,63
Na2In2GaTe2(N3O14)2_id1038_E-3.98.cif,Na2In2GaTe2(N3O14)2,-3.9776,2.395,Semiconductor,P4_2,77,82
K2NaScBeTe5PSe2S3N2O3_id3019_E-3.98.cif,K2NaScBeTe5PSe2S3N2O3,-3.9775,0.107,Semiconductor,P1,1,84
GaS_id404_E-3.98.cif,GaS,-3.9771,0.616,Semiconductor,P6_522,179,12
S_id2211_E-3.98.cif,S,-3.977,1.074,Semiconductor,P4_222,93,12
Sc7Ti3Zn2_id2663_E-3.98.cif,Sc7Ti3Zn2,-3.9763,0.081,Semiconductor,P-31m,162,12
Li2Ca2Sc5_id2864_E-3.97.cif,Li2Ca2Sc5,-3.9744,0.0,Metal,C2/m,12,18
Na4Ca2P8O_id1741_E-3.97.cif,Na4Ca2P8O,-3.9713,0.0,Metal,P1,1,30
Li2TeP2(SeS3)2_id493_E-3.97.cif,Li2TeP2(SeS3)2,-3.9707,1.153,Semiconductor,P4_22_12,94,26
Li2Be2Si5P_id3065_E-3.97.cif,Li2Be2Si5P,-3.9679,3.04,Semiconductor,P4_12_12,92,40
Sr(InSi2)2_id797_E-3.97.cif,Sr(InSi2)2,-3.9675,0.0,Metal,P6/mmm,191,7
KMg2TiCdSnTeP2CNO10_id1569_E-3.96.cif,KMg2TiCdSnTeP2CNO10,-3.9646,1.763,Semiconductor,P3_2,145,63
Ba3Be4O3_id2126_E-3.96.cif,Ba3Be4O3,-3.9609,0.0,Metal,I-43d,220,40
MgSc2Cd_id2559_E-3.96.cif,MgSc2Cd,-3.9609,0.0,Metal,Fm-3m,225,16
KInSbSe8_id1343_E-3.96.cif,KInSbSe8,-3.9601,2.325,Semiconductor,P4/mmm,123,11
Li2Zn4Si2GeP4O27_id173_E-3.96.cif,Li2Zn4Si2GeP4O27,-3.9569,0.475,Semiconductor,C2,5,80
As17P_id2635_E-3.96.cif,As17P,-3.9555,0.452,Semiconductor,P-62m,189,18
GaSi3_id2201_E-3.95.cif,GaSi3,-3.9527,0.287,Semiconductor,Imma,74,16
BaCd2BSO16_id1937_E-3.95.cif,BaCd2BSO16,-3.9496,0.469,Semiconductor,P1,1,63
GaSiAs_id278_E-3.95.cif,GaSiAs,-3.9492,0.0,Metal,P4_32_12,96,12
As(P3S7)2_id548_E-3.95.cif,As(P3S7)2,-3.9476,1.629,Semiconductor,Pc,7,42
CaGa2S2(NO2)12_id586_E-3.95.cif,CaGa2S2(NO2)12,-3.9471,2.193,Semiconductor,P1,1,82
Be4Cd3Ga3Si3Sb6PSN3O29_id389_E-3.95.cif,Be4Cd3Ga3Si3Sb6PSN3O29,-3.947,0.222,Semiconductor,P1,1,106
NaMgS12_id1557_E-3.95.cif,NaMgS12,-3.9467,1.242,Semiconductor,Fd-3,203,112
Mg2O_id1577_E-3.95.cif,Mg2O,-3.9454,0.0,Metal,Pba2,32,6
Ba2Zn2GeO2_id2057_E-3.94.cif,Ba2Zn2GeO2,-3.9426,0.004,Metal,C222,21,28
BaSrSnN_id1685_E-3.94.cif,BaSrSnN,-3.94,0.778,Semiconductor,Pm,6,32
SnGe2Sb_id3318_E-3.94.cif,SnGe2Sb,-3.9395,0.0,Metal,P6_5,170,24
BaSr2NO2_id1642_E-3.94.cif,BaSr2NO2,-3.9395,0.968,Semiconductor,P1,1,24
BaCdSO7_id2109_E-3.94.cif,BaCdSO7,-3.9363,2.345,Semiconductor,Pm,6,20
BaInGeAs3_id587_E-3.93.cif,BaInGeAs3,-3.9321,1.722,Semiconductor,Pm,6,24
CaGaS_id169_E-3.93.cif,CaGaS,-3.932,0.0,Metal,P6_222,180,18
GeTe_id1630_E-3.93.cif,GeTe,-3.9314,0.187,Semiconductor,Pca2_1,29,8
KIn(SeO4)2_id2942_E-3.93.cif,KIn(SeO4)2,-3.931,1.991,Semiconductor,P-1,2,12
Li(GaO)4_id598_E-3.93.cif,Li(GaO)4,-3.9282,0.0,Metal,I-43m,217,18
LiSeS_id3343_E-3.93.cif,LiSeS,-3.927,0.908,Semiconductor,Pcc2,27,12
K3O4_id733_E-3.93.cif,K3O4,-3.9258,1.238,Semiconductor,I-43d,220,28
Si_id2142_E-3.92.cif,Si,-3.9239,0.712,Semiconductor,P4_2bc,106,40
LiZn2O8_id774_E-3.92.cif,LiZn2O8,-3.9231,0.098,Semiconductor,Pm,6,22
K2Li4Be2ZnCd2Ga2As2Se2(S11O)2_id3159_E-3.92.cif,K2Li4Be2ZnCd2Ga2As2Se2(S11O)2,-3.922,1.456,Semiconductor,P4_2,77,82
NaCdSO5_id2438_E-3.92.cif,NaCdSO5,-3.9209,2.416,Semiconductor,P321,150,16
AsS5_id2407_E-3.92.cif,AsS5,-3.9208,1.678,Semiconductor,Pcca,54,24
MgSeS2_id1748_E-3.92.cif,MgSeS2,-3.9199,0.029,Metal,P4_2/ncm,138,16
Ba2ZnSnAsPN13O2_id2460_E-3.92.cif,Ba2ZnSnAsPN13O2,-3.9194,2.242,Semiconductor,Cc,9,84
LiTi2(Se3S5)2_id3198_E-3.92.cif,LiTi2(Se3S5)2,-3.9193,0.551,Semiconductor,Cmc2_1,36,76
S_id832_E-3.92.cif,S,-3.9172,1.65,Semiconductor,Pba2,32,22
Zn2Si(GeO)2_id66_E-3.91.cif,Zn2Si(GeO)2,-3.9132,0.004,Metal,Pc,7,28
GaGeB2AsP2(SeS6)2_id2350_E-3.91.cif,GaGeB2AsP2(SeS6)2,-3.9103,1.592,Semiconductor,P4_1,76,84
Ca4MgZn2Ga4SnO8_id2414_E-3.91.cif,Ca4MgZn2Ga4SnO8,-3.9097,0.0,Metal,I-42m,121,40
CO2_id1145_E-3.91.cif,CO2,-3.9094,2.354,Semiconductor,P1,1,144
Sn2Sb5Te_id1849_E-3.91.cif,Sn2Sb5Te,-3.9091,0.0,Metal,I4/mmm,139,16
NaLi2CaTiSnO12_id815_E-3.91.cif,NaLi2CaTiSnO12,-3.9087,0.121,Semiconductor,P1,1,18
LiCa2O18_id2252_E-3.90.cif,LiCa2O18,-3.9027,0.004,Metal,P1,1,42
KNaLiMgInGaBAsPSe2S7O3_id1967_E-3.90.cif,KNaLiMgInGaBAsPSe2S7O3,-3.9015,1.676,Semiconductor,P1,1,63
Ge2N5O11_id953_E-3.90.cif,Ge2N5O11,-3.8984,2.828,Semiconductor,P-4c2,116,36
KAs4_id1694_E-3.90.cif,KAs4,-3.8969,0.597,Semiconductor,P4_122,91,20
GeAs2Se7_id1066_E-3.89.cif,GeAs2Se7,-3.8922,0.901,Semiconductor,P2/m,10,10
SeS2_id2607_E-3.89.cif,SeS2,-3.8909,2.391,Semiconductor,Pbca,61,24
Sn_id1542_E-3.89.cif,Sn,-3.8892,0.0,Metal,Amm2,38,12
S_id790_E-3.89.cif,S,-3.8875,2.872,Semiconductor,I4_132,214,48
Sc9(Al4Ga)2_id1030_E-3.89.cif,Sc9(Al4Ga)2,-3.8872,0.0,Metal,Ccc2,37,76
Sb4As7PS6_id972_E-3.89.cif,Sb4As7PS6,-3.8868,3.145,Semiconductor,Ima2,46,72
Li2CdO2_id1209_E-3.89.cif,Li2CdO2,-3.8858,0.568,Semiconductor,Cmcm,63,20
TeO_id2965_E-3.88.cif,TeO,-3.885,2.093,Semiconductor,P6_222,180,12
LiAs3_id256_E-3.88.cif,LiAs3,-3.8821,0.006,Metal,C2/c,15,48
GeSb2As25Se_id648_E-3.88.cif,GeSb2As25Se,-3.8806,0.0,Metal,P2/c,13,58
InSi4_id2618_E-3.88.cif,InSi4,-3.8794,1.483,Semiconductor,I4_1/a,88,20
S_id1531_E-3.88.cif,S,-3.8763,1.809,Semiconductor,Pbca,61,16
AlGe_id1051_E-3.87.cif,AlGe,-3.8743,0.0,Metal,P4_2/mmc,131,4
Sr2CSO_id1998_E-3.87.cif,Sr2CSO,-3.8734,0.506,Semiconductor,P2/m,10,5
TiZn4SiP4(NO4)6_id3270_E-3.87.cif,TiZn4SiP4(NO4)6,-3.8708,5.196,Insulator,P1,1,80
BaLi2Ge5P3O_id3070_E-3.87.cif,BaLi2Ge5P3O,-3.8705,0.748,Semiconductor,P1,1,48
NO19_id255_E-3.87.cif,NO19,-3.8698,0.959,Semiconductor,P2/c,13,80
BaLi2TiGaO6_id792_E-3.87.cif,BaLi2TiGaO6,-3.8685,1.335,Semiconductor,P1,1,44
LiMg3Be6Al3Zn7Ga(SiO9)3_id1423_E-3.87.cif,LiMg3Be6Al3Zn7Ga(SiO9)3,-3.8682,0.466,Semiconductor,P1,1,102
Li2S_id2313_E-3.86.cif,Li2S,-3.8649,1.684,Semiconductor,Pbcn,60,12
Ca3Sc8Ti2AlGa3(N2O3)3_id2944_E-3.86.cif,Ca3Sc8Ti2AlGa3(N2O3)3,-3.8647,0.657,Semiconductor,Cmcm,63,64
LiBO_id2740_E-3.86.cif,LiBO,-3.8636,3.414,Semiconductor,P4_2/mmc,131,6
S_id1700_E-3.86.cif,S,-3.8627,0.009,Metal,Pbca,61,8
NaO2_id1705_E-3.86.cif,NaO2,-3.8625,3.146,Semiconductor,Fm-3m,225,12
CaZn4CdO4_id1504_E-3.86.cif,CaZn4CdO4,-3.8614,1.119,Semiconductor,P4bm,100,20
SeS_id2165_E-3.86.cif,SeS,-3.8604,0.0,Metal,Pbca,61,16
K4Na4Li4Be4GeB8Te4As5P4(CO2)4_id2046_E-3.86.cif,K4Na4Li4Be4GeB8Te4As5P4(CO2)4,-3.8564,0.0,Metal,P4,75,50
Sn_id544_E-3.86.cif,Sn,-3.856,0.0,Metal,I4/mmm,139,6
KSrGa(B2O7)2_id2619_E-3.86.cif,KSrGa(B2O7)2,-3.8557,0.984,Semiconductor,P1,1,84
SnGe_id532_E-3.86.cif,SnGe,-3.8556,0.02,Metal,P4_22_12,94,16
O2_id195_E-3.85.cif,O2,-3.8546,1.148,Semiconductor,P4/n,85,16
Cd(GaSe2)2_id2968_E-3.85.cif,Cd(GaSe2)2,-3.854,1.145,Semiconductor,P-42m,111,7
Sb2AsSe6_id600_E-3.85.cif,Sb2AsSe6,-3.845,0.0,Metal,Pma2,28,18
Li2Ca3Te12Se4(S4O3)2_id441_E-3.84.cif,Li2Ca3Te12Se4(S4O3)2,-3.8448,0.81,Semiconductor,P1,1,70
Sr4Be4GaNO4_id1842_E-3.84.cif,Sr4Be4GaNO4,-3.8447,2.748,Semiconductor,P4bm,100,28
Ti5ZnInGa_id2282_E-3.84.cif,Ti5ZnInGa,-3.8422,0.0,Metal,P2_12_12_1,19,32
Na4SiS6_id253_E-3.84.cif,Na4SiS6,-3.8415,1.86,Semiconductor,P-42_1m,113,22
Ca4Sn4Sb5Te4As4(NO5)8_id1697_E-3.84.cif,Ca4Sn4Sb5Te4As4(NO5)8,-3.8397,1.617,Semiconductor,P4/n,85,138
Ba3Sb4As4S3_id1298_E-3.84.cif,Ba3Sb4As4S3,-3.8385,1.217,Semiconductor,P6_3,173,28
LiO10_id3007_E-3.84.cif,LiO10,-3.8359,0.666,Semiconductor,Aem2,39,44
Be2InTe4As2(SeS)4_id26_E-3.84.cif,Be2InTe4As2(SeS)4,-3.8355,3.964,Insulator,Cccm,66,68
ZnGeSe2_id552_E-3.84.cif,ZnGeSe2,-3.8351,0.702,Semiconductor,I-42d,122,16
CdSi2Ge9S2_id3169_E-3.83.cif,CdSi2Ge9S2,-3.8342,0.944,Semiconductor,Pnn2,34,28
S_id2006_E-3.83.cif,S,-3.8336,0.399,Semiconductor,Pbca,61,8
As2P4NO7_id42_E-3.83.cif,As2P4NO7,-3.8328,0.539,Semiconductor,P2_12_12_1,19,56
Zn2CdInGa(SO)4_id1092_E-3.83.cif,Zn2CdInGa(SO)4,-3.8321,0.008,Metal,Pban,50,26
SeS2_id1279_E-3.83.cif,SeS2,-3.8282,1.762,Semiconductor,P3_112,151,9
BaSi2B2P2(NO)2_id2632_E-3.83.cif,BaSi2B2P2(NO)2,-3.826,0.587,Semiconductor,P1,1,44
GaAs_id1278_E-3.82.cif,GaAs,-3.8243,0.0,Metal,P4_32_12,96,8
LiAl(GaN)2_id2497_E-3.82.cif,LiAl(GaN)2,-3.8217,2.265,Semiconductor,P2,3,18
SrGaTe2_id213_E-3.82.cif,SrGaTe2,-3.8198,1.239,Semiconductor,I4_1/amd,141,16
Li2MgSc3TiZnO13_id1048_E-3.82.cif,Li2MgSc3TiZnO13,-3.8191,0.084,Semiconductor,Pc,7,42
Sn_id3012_E-3.82.cif,Sn,-3.8173,0.0,Metal,Fm-3m,225,12
NaGeO2_id1660_E-3.82.cif,NaGeO2,-3.8162,1.37,Semiconductor,I4_122,98,16
Ti3ZnGaO6_id2638_E-3.82.cif,Ti3ZnGaO6,-3.8153,0.0,Metal,P1,1,44
KZn2O4_id2323_E-3.81.cif,KZn2O4,-3.8135,2.745,Semiconductor,P-42_1m,113,14
Ge_id1267_E-3.81.cif,Ge,-3.8131,0.661,Semiconductor,P1,1,36
Se2S5_id1072_E-3.81.cif,Se2S5,-3.8126,1.272,Semiconductor,Pba2,32,14
NaSi3(GeTe)3_id652_E-3.81.cif,NaSi3(GeTe)3,-3.8121,1.555,Semiconductor,R-3c,167,60
CaZn5(GaO2)6_id1896_E-3.81.cif,CaZn5(GaO2)6,-3.8111,0.073,Semiconductor,P6/mmm,191,24
LiSn2Ge3_id588_E-3.81.cif,LiSn2Ge3,-3.8086,0.0,Metal,P-4m2,115,6
Li12ScZn2B2P2(N3O8)2_id946_E-3.81.cif,Li12ScZn2B2P2(N3O8)2,-3.8074,2.715,Semiconductor,P1,1,82
LiSeS_id1057_E-3.80.cif,LiSeS,-3.8035,0.687,Semiconductor,Cmcm,63,12
AsS4O_id3129_E-3.80.cif,AsS4O,-3.8027,2.058,Semiconductor,P2_12_12_1,19,24
S_id2741_E-3.80.cif,S,-3.8026,2.324,Semiconductor,Pbca,61,8
Sr2Zn2In2GaO4_id92_E-3.80.cif,Sr2Zn2In2GaO4,-3.8023,0.0,Metal,I222,23,22
KLi2Be2ZnSbTePCSe2S4O5_id2032_E-3.80.cif,KLi2Be2ZnSbTePCSe2S4O5,-3.8019,1.669,Semiconductor,P1,1,63
Sn_id371_E-3.80.cif,Sn,-3.799,0.0,Metal,P4_2/mmc,131,4
MgZnGe3Se4_id1078_E-3.80.cif,MgZnGe3Se4,-3.7984,0.0,Metal,P-43m,215,9
Li2Mg2Ti2B2Te5(SO8)2_id1983_E-3.80.cif,Li2Mg2Ti2B2Te5(SO8)2,-3.7982,2.077,Semiconductor,Pccn,56,124
Ga4Si3_id3238_E-3.80.cif,Ga4Si3,-3.798,0.0,Metal,I-43d,220,28
Na2PO_id2064_E-3.80.cif,Na2PO,-3.7974,2.446,Semiconductor,P4/mmm,123,16
KNa2PO5_id3011_E-3.80.cif,KNa2PO5,-3.7966,0.056,Semiconductor,P2,3,18
GeTeP_id603_E-3.80.cif,GeTeP,-3.7953,0.149,Semiconductor,Pccm,49,12
LiMgBeZnSiAsP6_id1228_E-3.79.cif,LiMgBeZnSiAsP6,-3.7946,1.473,Semiconductor,Pca2_1,29,48
Li2SbSe2_id449_E-3.79.cif,Li2SbSe2,-3.7893,1.339,Semiconductor,I4/mmm,139,10
Sc3Cd2_id325_E-3.79.cif,Sc3Cd2,-3.7892,0.0,Metal,Cmmm,65,10
LiSe2O3_id390_E-3.79.cif,LiSe2O3,-3.7879,2.931,Semiconductor,P1,1,24
SnAs2_id1293_E-3.79.cif,SnAs2,-3.7859,0.0,Metal,P6_522,179,18
Li2Sc5Ti_id662_E-3.78.cif,Li2Sc5Ti,-3.7846,0.0,Metal,P2/m,10,8
KBaO32_id1430_E-3.78.cif,KBaO32,-3.7834,1.8,Semiconductor,P-3,147,34
Mg3Cd3InSe8(S2O)4_id1821_E-3.78.cif,Mg3Cd3InSe8(S2O)4,-3.782,1.851,Semiconductor,R3m,160,27
Ca4ScTiO_id915_E-3.78.cif,Ca4ScTiO,-3.7819,2.726,Semiconductor,P1,1,21
Ba4Li4SbP21_id2279_E-3.78.cif,Ba4Li4SbP21,-3.779,1.573,Semiconductor,P4/mcc,124,60
K2SbO5_id1613_E-3.78.cif,K2SbO5,-3.7777,1.131,Semiconductor,Pmmm,47,8
SrLiZn2O2_id3358_E-3.78.cif,SrLiZn2O2,-3.7774,0.0,Metal,P-3m1,164,6
Ga2Ge3_id328_E-3.77.cif,Ga2Ge3,-3.7736,0.0,Metal,I4/mmm,139,10
Be(ZnSi4)2_id2442_E-3.77.cif,Be(ZnSi4)2,-3.7719,1.762,Semiconductor,Cmcm,63,44
Sr3Li2O3_id2717_E-3.77.cif,Sr3Li2O3,-3.7716,0.0,Metal,Pn-3m,224,16
Sc6BeZn2GeB_id127_E-3.77.cif,Sc6BeZn2GeB,-3.7694,0.0,Metal,P1,1,33
Sc8In_id1012_E-3.77.cif,Sc8In,-3.7682,0.0,Metal,Pmna,53,18
Sb_id1300_E-3.77.cif,Sb,-3.768,0.0,Metal,F-43m,216,20
Na3LiSnSb3(SO)3_id106_E-3.77.cif,Na3LiSnSb3(SO)3,-3.7678,2.259,Semiconductor,P6_3,173,28
Sn(AsSe2)2_id1638_E-3.77.cif,Sn(AsSe2)2,-3.7675,0.0,Metal,I-42d,122,28
ScAs2P4(SeS3)5_id624_E-3.77.cif,ScAs2P4(SeS3)5,-3.7671,1.671,Semiconductor,Ccc2,37,108
K2NaO2_id3181_E-3.77.cif,K2NaO2,-3.766,1.912,Semiconductor,Pbca,61,20
K2Si3O2_id3142_E-3.76.cif,K2Si3O2,-3.7649,0.005,Metal,C222,21,14
KTiCd2PO5_id605_E-3.76.cif,KTiCd2PO5,-3.7639,0.895,Semiconductor,Cm,8,10
Li2Ca2Be2Si2Sb3As7P3_id303_E-3.76.cif,Li2Ca2Be2Si2Sb3As7P3,-3.7621,0.043,Metal,P1,1,21
GaAs_id2315_E-3.76.cif,GaAs,-3.7619,0.744,Semiconductor,P4_32_12,96,8
AsPSe2_id1874_E-3.76.cif,AsPSe2,-3.7619,1.482,Semiconductor,I-42d,122,16
K2O2_id2723_E-3.76.cif,K2O2,-3.7598,1.356,Semiconductor,I4_1/amd,141,8
Sc18Cd6InSn4_id122_E-3.76.cif,Sc18Cd6InSn4,-3.7577,0.0,Metal,P1,1,29
Ca2ZnGa3O2_id199_E-3.76.cif,Ca2ZnGa3O2,-3.7557,0.005,Metal,R-3m,166,24
BeAl2Ga2Te4As2PO2_id2484_E-3.75.cif,BeAl2Ga2Te4As2PO2,-3.7549,0.0,Metal,Pcca,54,56
KTe2(NO2)4_id3185_E-3.75.cif,KTe2(NO2)4,-3.7546,1.086,Semiconductor,P1,1,60
Ba6Na6ScTi12_id857_E-3.75.cif,Ba6Na6ScTi12,-3.7482,1.979,Semiconductor,P1,1,50
Li2Ti2Cd2Ga2(SnO10)3_id3296_E-3.75.cif,Li2Ti2Cd2Ga2(SnO10)3,-3.7481,0.0,Metal,P2_12_12,18,82
Be2Al2Si2BO14_id580_E-3.75.cif,Be2Al2Si2BO14,-3.7479,1.872,Semiconductor,P3_121,152,63
K2Ba2Na6Ga2Se2(NO8)3_id22_E-3.75.cif,K2Ba2Na6Ga2Se2(NO8)3,-3.7479,2.236,Semiconductor,P1,1,82
TiAl4Ga_id1239_E-3.75.cif,TiAl4Ga,-3.7461,0.0,Metal,Immm,71,12
GaSb2As_id347_E-3.74.cif,GaSb2As,-3.7449,0.0,Metal,Pccm,49,8
O2_id709_E-3.74.cif,O2,-3.7444,5.725,Insulator,P6_222,180,6
BO4_id940_E-3.74.cif,BO4,-3.743,8.1,Insulator,P4/nmm,129,10
K4Na16Li4Mg4TiCdGaSn4Ge4Sb8As4(PO2)8_id447_E-3.74.cif,K4Na16Li4Mg4TiCdGaSn4Ge4Sb8As4(PO2)8,-3.7424,1.116,Semiconductor,I-4,82,150
InO16_id765_E-3.74.cif,InO16,-3.7403,0.0,Metal,P4_2/nmc,137,34
Al3Ga3Sn3N3O_id1560_E-3.74.cif,Al3Ga3Sn3N3O,-3.7394,2.211,Semiconductor,P1,1,78
NaP2_id1706_E-3.74.cif,NaP2,-3.7391,0.0,Metal,Cmmm,65,12
K(CaSi2)2_id2763_E-3.74.cif,K(CaSi2)2,-3.7391,0.205,Semiconductor,I-4c2,120,28
Ba7CaGa6Si2(PO43)2_id1341_E-3.74.cif,Ba7CaGa6Si2(PO43)2,-3.7386,1.162,Semiconductor,P1,1,104
Ba3CaTi2(TeO5)2_id2188_E-3.74.cif,Ba3CaTi2(TeO5)2,-3.7367,0.18,Semiconductor,P1,1,18
Ti2Be2ZnGa4(Si2Ge)2_id1444_E-3.74.cif,Ti2Be2ZnGa4(Si2Ge)2,-3.7361,3.348,Semiconductor,P1,1,60
Si4Sn2Ge5_id2271_E-3.74.cif,Si4Sn2Ge5,-3.7359,2.052,Semiconductor,I4_1/amd,141,44
AsSeS2_id188_E-3.74.cif,AsSeS2,-3.7352,0.0,Metal,P4/mmm,123,4
LiGe2_id2045_E-3.73.cif,LiGe2,-3.7343,0.0,Metal,Pbcn,60,12
LiO6_id3288_E-3.73.cif,LiO6,-3.7332,0.02,Metal,Pm,6,42
Be2GaSiTe(AsP3)4_id430_E-3.73.cif,Be2GaSiTe(AsP3)4,-3.73,0.958,Semiconductor,P1,1,84
Li3NO3_id3218_E-3.73.cif,Li3NO3,-3.7279,0.038,Metal,Pm,6,42
SeS4O_id2233_E-3.73.cif,SeS4O,-3.7259,1.109,Semiconductor,P-6m2,187,6
Li5Si2Te12P2Se2(S4O3)2_id1600_E-3.73.cif,Li5Si2Te12P2Se2(S4O3)2,-3.7257,1.054,Semiconductor,P1,1,148
Ti2AlZn2SiP_id1445_E-3.72.cif,Ti2AlZn2SiP,-3.7247,0.0,Metal,P3_1,144,21
Sn(GeO5)2_id3087_E-3.72.cif,Sn(GeO5)2,-3.723,2.741,Semiconductor,Pm,6,13
S4O_id2372_E-3.72.cif,S4O,-3.7222,0.116,Semiconductor,Pnn2,34,10
CaSnO19_id1433_E-3.72.cif,CaSnO19,-3.7217,0.006,Metal,P1,1,21
GaSn10_id3224_E-3.72.cif,GaSn10,-3.7175,0.0,Metal,P6/mmm,191,11
MgN_id364_E-3.72.cif,MgN,-3.7168,2.75,Semiconductor,Pn-3m,224,128
GaSiSnSbAs6PS2_id388_E-3.72.cif,GaSiSnSbAs6PS2,-3.7161,1.703,Semiconductor,P1,1,52
BaCa6Sc3O2_id210_E-3.71.cif,BaCa6Sc3O2,-3.7149,1.035,Semiconductor,P6mm,183,12
Ba2AsS5_id1232_E-3.71.cif,Ba2AsS5,-3.7147,0.0,Metal,Immm,71,16
KBO16_id3094_E-3.71.cif,KBO16,-3.713,0.855,Semiconductor,P1,1,72
TeS_id869_E-3.71.cif,TeS,-3.7122,0.935,Semiconductor,P4/m,83,8
Na2Sc8Ti2ZnGa2_id1731_E-3.71.cif,Na2Sc8Ti2ZnGa2,-3.7113,0.044,Metal,P1,1,60
Sc2Ge3Te2(Se2S)2_id1112_E-3.71.cif,Sc2Ge3Te2(Se2S)2,-3.7101,1.737,Semiconductor,Cm,8,26
Ca2SnGe_id2060_E-3.71.cif,Ca2SnGe,-3.7097,0.0,Metal,Pbca,61,16
K11In3(BO)6_id2455_E-3.71.cif,K11In3(BO)6,-3.709,2.766,Semiconductor,P-31c,163,52
InSiSn_id2355_E-3.70.cif,InSiSn,-3.7036,0.0,Metal,P-6m2,187,3
Zn5GaO21_id1330_E-3.70.cif,Zn5GaO21,-3.7035,1.675,Semiconductor,I4,79,54
K4Ba2SrGaGe2(SO4)3_id2232_E-3.70.cif,K4Ba2SrGaGe2(SO4)3,-3.7034,6.82,Insulator,Cm,8,50
InSnTe2_id565_E-3.70.cif,InSnTe2,-3.6974,0.058,Semiconductor,I4/mmm,139,8
MgSiPSe_id1396_E-3.69.cif,MgSiPSe,-3.6936,1.454,Semiconductor,Pca2_1,29,16
K12Sb3O56_id1007_E-3.69.cif,K12Sb3O56,-3.6908,0.0,Metal,P1,1,71
LiTiGa_id2932_E-3.69.cif,LiTiGa,-3.6905,0.0,Metal,Immm,71,6
Sn7Ge_id1692_E-3.69.cif,Sn7Ge,-3.6883,0.0,Metal,Pmmm,47,8
BeGe_id2841_E-3.69.cif,BeGe,-3.6854,0.0,Metal,P4_12_12,92,8
CaIn2GaSi6_id1865_E-3.68.cif,CaIn2GaSi6,-3.6835,0.0,Metal,P312,149,10
KGa(Sn3O)2_id2317_E-3.68.cif,KGa(Sn3O)2,-3.6819,0.0,Metal,P321,150,10
TeS_id2189_E-3.68.cif,TeS,-3.68,0.0,Metal,Pbca,61,16
Ga2Si_id1538_E-3.68.cif,Ga2Si,-3.6795,0.0,Metal,Pa-3,205,12
Ti2Be2In2Se3(S4O)2_id289_E-3.68.cif,Ti2Be2In2Se3(S4O)2,-3.6782,2.018,Semiconductor,P1,1,76
Ba4Ca9Mg2Ti3(GeO14)3_id1408_E-3.67.cif,Ba4Ca9Mg2Ti3(GeO14)3,-3.675,0.326,Semiconductor,P1,1,63
Zn2Si7_id2656_E-3.67.cif,Zn2Si7,-3.6747,0.0,Metal,P-62c,190,18
Ca4Si3_id31_E-3.67.cif,Ca4Si3,-3.6746,0.0,Metal,I-43d,220,28
LiMgScTi4O14_id2548_E-3.67.cif,LiMgScTi4O14,-3.6743,1.638,Semiconductor,Cm,8,42
Al3S2_id3016_E-3.67.cif,Al3S2,-3.6743,0.0,Metal,Aea2,41,20
Ba4CaO4_id1379_E-3.67.cif,Ba4CaO4,-3.6735,1.282,Semiconductor,P4_2/n,86,18
Li2AlGaSe4_id434_E-3.67.cif,Li2AlGaSe4,-3.6729,0.391,Semiconductor,I-42d,122,32
GeTe3_id2511_E-3.67.cif,GeTe3,-3.6727,0.0,Metal,P6_3/m,176,8
Li3GaGeTe4_id3083_E-3.67.cif,Li3GaGeTe4,-3.6719,0.087,Semiconductor,P-43m,215,9
Ca2In2PS7_id340_E-3.67.cif,Ca2In2PS7,-3.6688,0.647,Semiconductor,Pmmm,47,24
LiAlTe5O4_id350_E-3.67.cif,LiAlTe5O4,-3.6674,2.232,Semiconductor,P-42m,111,11
Mg2Ti2InGa_id827_E-3.66.cif,Mg2Ti2InGa,-3.6637,0.0,Metal,Cmmm,65,12
KMg(TeO)4_id722_E-3.66.cif,KMg(TeO)4,-3.6633,2.831,Semiconductor,P4/nbm,125,20
K3MgZn2(GaO3)6_id3262_E-3.66.cif,K3MgZn2(GaO3)6,-3.6613,1.931,Semiconductor,P-3,147,30
Ba4GaAs4_id2450_E-3.66.cif,Ba4GaAs4,-3.6593,0.529,Semiconductor,P3_121,152,27
Sn4Sb9_id3020_E-3.66.cif,Sn4Sb9,-3.6591,0.0,Metal,Pban,50,26
BeZnSi4_id2976_E-3.66.cif,BeZnSi4,-3.659,0.0,Metal,I422,97,12
AsP33_id2795_E-3.66.cif,AsP33,-3.6585,0.0,Metal,P-31m,162,34
Si8B_id176_E-3.66.cif,Si8B,-3.6566,0.114,Semiconductor,Pm,6,18
LiMgSc6AlZn2Cd2Te2P2Se3S_id2243_E-3.66.cif,LiMgSc6AlZn2Cd2Te2P2Se3S,-3.6558,0.0,Metal,P1,1,84
Mg2BeSe2(SO)2_id165_E-3.66.cif,Mg2BeSe2(SO)2,-3.6551,1.271,Semiconductor,P1,1,36
Na2Al2AsS12_id3167_E-3.65.cif,Na2Al2AsS12,-3.6538,0.0,Metal,P-42m,111,17
MgSiB2PSeS14N_id1393_E-3.65.cif,MgSiB2PSeS14N,-3.6533,1.289,Semiconductor,P1,1,21
SrAl2Ga(Si2B)4_id3328_E-3.65.cif,SrAl2Ga(Si2B)4,-3.6527,0.353,Semiconductor,Pm,6,64
K2NaIn3Si3SnGe3AsP3_id2891_E-3.65.cif,K2NaIn3Si3SnGe3AsP3,-3.6516,0.451,Semiconductor,P3,143,17
KAlSn3(Se2S)2_id177_E-3.65.cif,KAlSn3(Se2S)2,-3.6503,0.0,Metal,Ima2,46,44
Be(AlSi)2_id3201_E-3.65.cif,Be(AlSi)2,-3.6496,0.0,Metal,Aea2,41,40
NaCaMgZn2CdGaCS2N5O6_id1027_E-3.65.cif,NaCaMgZn2CdGaCS2N5O6,-3.6478,2.244,Semiconductor,P1,1,63
K3CaO5_id1735_E-3.65.cif,K3CaO5,-3.6467,1.115,Semiconductor,P-3m1,164,9
Ba4Sr2Li2Ga2As2Se2S2N7O12_id208_E-3.64.cif,Ba4Sr2Li2Ga2As2Se2S2N7O12,-3.644,1.805,Semiconductor,P1,1,70
CaMgSn6_id1872_E-3.64.cif,CaMgSn6,-3.6415,0.0,Metal,Fm-3m,225,32
BaMgSn6_id422_E-3.64.cif,BaMgSn6,-3.6415,0.0,Metal,Fm-3m,225,32
K3As(SeS)3_id632_E-3.64.cif,K3As(SeS)3,-3.6407,0.252,Semiconductor,R-3,148,60
Ba4NaGa4Sn4Ge2C4O37_id1959_E-3.64.cif,Ba4NaGa4Sn4Ge2C4O37,-3.6378,3.581,Insulator,Pc,7,112
AlSnTe3PS_id3173_E-3.64.cif,AlSnTe3PS,-3.6377,1.201,Semiconductor,Pca2_1,29,28
K5Na3InS(NO2)2_id72_E-3.64.cif,K5Na3InS(NO2)2,-3.6371,2.969,Semiconductor,P2_1/m,11,32
Ba6PO_id2529_E-3.63.cif,Ba6PO,-3.6328,0.0,Metal,P6_422,181,24
LiIn3S4_id455_E-3.63.cif,LiIn3S4,-3.6306,0.023,Metal,Pm-3m,221,8
CaO6_id1740_E-3.63.cif,CaO6,-3.6294,0.097,Semiconductor,P1,1,7
Na2O_id794_E-3.63.cif,Na2O,-3.6288,0.072,Semiconductor,Pbca,61,12
LiP_id2995_E-3.63.cif,LiP,-3.6286,2.003,Semiconductor,P1,1,32
Sb_id2144_E-3.63.cif,Sb,-3.6261,0.0,Metal,I2_12_12_1,24,28
O2_id10_E-3.63.cif,O2,-3.6254,0.957,Semiconductor,Pba2,32,10
K6NaSbTeO6_id980_E-3.62.cif,K6NaSbTeO6,-3.6244,0.709,Semiconductor,P-31c,163,30
Sc3(AlGa2)2_id1442_E-3.62.cif,Sc3(AlGa2)2,-3.6222,2.615,Semiconductor,Amm2,38,18
B2C6N2O_id2082_E-3.62.cif,B2C6N2O,-3.6153,0.583,Semiconductor,P1,1,22
NaZn2GaO4_id2281_E-3.61.cif,NaZn2GaO4,-3.6134,0.785,Semiconductor,P4/mmm,123,16
KNa2GaS6_id679_E-3.61.cif,KNa2GaS6,-3.6131,2.44,Semiconductor,Cmme,67,40
KMgS2O3_id583_E-3.61.cif,KMgS2O3,-3.611,0.508,Semiconductor,R32,155,21
MgCd3P4(SO)4_id795_E-3.61.cif,MgCd3P4(SO)4,-3.6101,2.495,Semiconductor,P-43m,215,16
Zn2SnO9_id1384_E-3.61.cif,Zn2SnO9,-3.6082,1.186,Semiconductor,P1,1,24
KLiO8_id1130_E-3.60.cif,KLiO8,-3.605,1.627,Semiconductor,P4/nbm,125,20
TiBeZn2(GaGe)2_id1898_E-3.60.cif,TiBeZn2(GaGe)2,-3.6029,0.0,Metal,P6_422,181,24
NaLiMg2TiAsPSO13_id2356_E-3.60.cif,NaLiMg2TiAsPSO13,-3.601,0.569,Semiconductor,P2_1/c,14,84
Li2SeS2_id1596_E-3.60.cif,Li2SeS2,-3.5981,1.648,Semiconductor,P4_32_12,96,20
Ca2Sc2C7(N2O)2_id1113_E-3.60.cif,Ca2Sc2C7(N2O)2,-3.597,0.317,Semiconductor,P1,1,68
KNaB2N3O14_id3027_E-3.60.cif,KNaB2N3O14,-3.595,2.022,Semiconductor,P1,1,63
Na3MgN2_id1621_E-3.58.cif,Na3MgN2,-3.5843,0.515,Semiconductor,Pn-3m,224,12
Ba9Sr4Mg4In4Ga4Sn4(SO2)4_id1245_E-3.58.cif,Ba9Sr4Mg4In4Ga4Sn4(SO2)4,-3.5826,0.0,Metal,P4_2/n,86,82
KNaLi4ZnGa3O11_id2040_E-3.58.cif,KNaLi4ZnGa3O11,-3.5791,0.853,Semiconductor,Pna2_1,33,84
Ga2Sn5_id2291_E-3.58.cif,Ga2Sn5,-3.578,0.0,Metal,I-42d,122,28
Na2Mg5Cd2Si(PO4)6_id1004_E-3.58.cif,Na2Mg5Cd2Si(PO4)6,-3.5776,2.116,Semiconductor,Pnc2,30,80
Ba2Sc4SnTe5_id1466_E-3.58.cif,Ba2Sc4SnTe5,-3.5766,1.71,Semiconductor,Pbam,55,24
Na2LiS4_id1767_E-3.57.cif,Na2LiS4,-3.5728,0.163,Semiconductor,Pban,50,14
Zn2Si7_id2194_E-3.57.cif,Zn2Si7,-3.5725,0.0,Metal,C222,21,18
Al2GaBO_id400_E-3.57.cif,Al2GaBO,-3.5721,0.0,Metal,P-4c2,116,20
Na(SbAs)2_id2733_E-3.57.cif,Na(SbAs)2,-3.5703,0.0,Metal,I4/mcm,140,20
PSe2_id543_E-3.57.cif,PSe2,-3.5698,1.003,Semiconductor,Aea2,41,24
K3Ge(Se4S3)2_id3235_E-3.57.cif,K3Ge(Se4S3)2,-3.5681,1.137,Semiconductor,P31m,157,18
KSn4(GeTe2)2_id1192_E-3.57.cif,KSn4(GeTe2)2,-3.5679,0.959,Semiconductor,I-42m,121,22
Sr2N8O17_id1446_E-3.57.cif,Sr2N8O17,-3.5657,0.177,Semiconductor,P1,1,54
NaLi6MgBeZn2Si3GeO4_id1096_E-3.57.cif,NaLi6MgBeZn2Si3GeO4,-3.5652,0.032,Metal,P1,1,76
Si13P4_id2701_E-3.56.cif,Si13P4,-3.5642,1.319,Semiconductor,P1,1,68
Na2LiMg2(SeS7)2_id3257_E-3.56.cif,Na2LiMg2(SeS7)2,-3.5616,1.946,Semiconductor,Cccm,66,84
Al6Ga3Sn4Ge_id71_E-3.56.cif,Al6Ga3Sn4Ge,-3.5615,1.926,Semiconductor,P6_322,182,28
CaSnTe4(Se4S)4_id2861_E-3.56.cif,CaSnTe4(Se4S)4,-3.5613,0.809,Semiconductor,P1,1,78
MgSb3_id2796_E-3.56.cif,MgSb3,-3.5608,0.0,Metal,Pm-3n,223,8
TiO2_id269_E-3.56.cif,TiO2,-3.5606,0.197,Semiconductor,I4/mmm,139,12
K2BaS8_id1103_E-3.56.cif,K2BaS8,-3.5604,2.478,Semiconductor,I422,97,22
GaSbTe_id1876_E-3.56.cif,GaSbTe,-3.5593,0.0,Metal,Pbca,61,24
KZn(GaAs3)2_id744_E-3.56.cif,KZn(GaAs3)2,-3.5573,0.169,Semiconductor,P321,150,10
LiCaTiAl_id2681_E-3.56.cif,LiCaTiAl,-3.5565,0.0,Metal,F-43m,216,16
Ba4Sr3(GeS)4_id845_E-3.56.cif,Ba4Sr3(GeS)4,-3.5562,2.323,Semiconductor,I-43m,217,30
Li2Be3PN2_id226_E-3.55.cif,Li2Be3PN2,-3.5534,2.362,Semiconductor,P2_1,4,32
KBaSn7_id1893_E-3.55.cif,KBaSn7,-3.5531,0.0,Metal,P312,149,9
Mg3Sc13In4_id647_E-3.55.cif,Mg3Sc13In4,-3.5531,0.0,Metal,Cmm2,35,40
CdInSb3O2_id58_E-3.55.cif,CdInSb3O2,-3.5513,0.862,Semiconductor,P4/mmm,123,14
KO3_id2911_E-3.55.cif,KO3,-3.5494,0.458,Semiconductor,Cmmm,65,16
KLi3Mg2Ti4Be4P2C2S2N_id1544_E-3.55.cif,KLi3Mg2Ti4Be4P2C2S2N,-3.5454,1.253,Semiconductor,P1,1,84
Ba(AlS)2_id1912_E-3.54.cif,Ba(AlS)2,-3.5429,2.553,Semiconductor,Pn-3m,224,10
BaGe2TeO2_id30_E-3.54.cif,BaGe2TeO2,-3.5362,0.0,Metal,P-6m2,187,6
K2LiSc(NO14)2_id2190_E-3.53.cif,K2LiSc(NO14)2,-3.5344,1.331,Semiconductor,P1,1,68
Ti2Be3Al2B_id2512_E-3.53.cif,Ti2Be3Al2B,-3.5344,1.712,Semiconductor,P6_422,181,24
Cd3CO10_id128_E-3.53.cif,Cd3CO10,-3.5334,2.574,Semiconductor,R32,155,42
LiSi_id1614_E-3.53.cif,LiSi,-3.533,0.014,Metal,P4/mmm,123,8
Sc2SeS_id3199_E-3.53.cif,Sc2SeS,-3.5329,0.0,Metal,P1,1,12
MgS2_id2809_E-3.53.cif,MgS2,-3.5315,0.663,Semiconductor,P4/nnc,126,24
Al_id512_E-3.53.cif,Al,-3.5271,0.0,Metal,Pm-3,200,7
AlSb_id2436_E-3.53.cif,AlSb,-3.5267,0.0,Metal,P4_32_12,96,8
MgSe_id2056_E-3.53.cif,MgSe,-3.5263,1.108,Semiconductor,P4/m,83,8
NaLiGe2Te(Se2S)2_id2517_E-3.52.cif,NaLiGe2Te(Se2S)2,-3.5244,3.099,Semiconductor,Pm,6,22
GaSe2_id2870_E-3.52.cif,GaSe2,-3.524,0.0,Metal,Pbcn,60,12
Ba4Na16Ca8Ge4As4P8(C3O4)3_id1355_E-3.52.cif,Ba4Na16Ca8Ge4As4P8(C3O4)3,-3.5237,0.965,Semiconductor,P4cc,103,130
CdGaGeBC3SNO_id1873_E-3.52.cif,CdGaGeBC3SNO,-3.5176,0.0,Metal,P1,1,40
K5Ca4Mg4ZnSiB4S4(N3O8)4_id178_E-3.52.cif,K5Ca4Mg4ZnSiB4S4(N3O8)4,-3.5174,1.198,Semiconductor,P1,1,134
Zn2Ga2Si2Ge7_id142_E-3.52.cif,Zn2Ga2Si2Ge7,-3.5167,0.851,Semiconductor,P2,3,52
CaAlZnCdO17_id2358_E-3.52.cif,CaAlZnCdO17,-3.5164,0.768,Semiconductor,Pc,7,42
O2_id424_E-3.52.cif,O2,-3.5163,1.122,Semiconductor,Pba2,32,18
Al3Ga2Si_id2110_E-3.52.cif,Al3Ga2Si,-3.5152,0.0,Metal,I-4m2,119,24
NaN_id2930_E-3.51.cif,,-3.5136,1.706,Semiconductor,P4_2bc,106,16
SeS_id1988_E-3.51.cif,SeS,-3.5115,0.149,Semiconductor,P4/m,83,8
Ti2ZnGa2_id823_E-3.51.cif,Ti2ZnGa2,-3.5102,0.0,Metal,P4_2/mnm,136,10
Li36AsO21_id1663_E-3.51.cif,Li36AsO21,-3.5079,0.02,Metal,P1,1,58
Se_id719_E-3.51.cif,Se,-3.5075,0.0,Metal,P4/m,83,4
NaLiMg2CdSbSe4S2O9_id1270_E-3.51.cif,NaLiMg2CdSbSe4S2O9,-3.5072,0.867,Semiconductor,P1,1,84
Te3Se_id485_E-3.51.cif,Te3Se,-3.5069,0.386,Semiconductor,P3_212,153,12
NaSiGe2_id1422_E-3.51.cif,NaSiGe2,-3.5064,0.566,Semiconductor,P4_2bc,106,32
LiO7_id1710_E-3.50.cif,LiO7,-3.5041,1.891,Semiconductor,R3m,160,24
K2Na4Li2Ge4AsO4_id2568_E-3.50.cif,K2Na4Li2Ge4AsO4,-3.5041,1.917,Semiconductor,P42_12,90,34
ZnSnTe4(SeO)2_id3263_E-3.50.cif,ZnSnTe4(SeO)2,-3.5038,0.0,Metal,Cm,8,40
CaInAsSeS2_id705_E-3.50.cif,CaInAsSeS2,-3.5013,1.309,Semiconductor,P4/nmm,129,12
Al2GaSn_id3105_E-3.50.cif,Al2GaSn,-3.5003,0.0,Metal,I-42d,122,16
Sc4TiAl4Ga4Si_id2710_E-3.50.cif,Sc4TiAl4Ga4Si,-3.4976,0.0,Metal,P42_12,90,28
SbTe4_id3228_E-3.50.cif,SbTe4,-3.4957,0.014,Metal,P4nc,104,10
K2BeAl2CdGaGe3SbTeAsSe3S4O_id1902_E-3.49.cif,K2BeAl2CdGaGe3SbTeAsSe3S4O,-3.4934,1.195,Semiconductor,P3_1,144,63
MgAl6Si_id969_E-3.49.cif,MgAl6Si,-3.4933,0.169,Semiconductor,I4mm,107,16
LiSn4_id626_E-3.49.cif,LiSn4,-3.4927,0.0,Metal,Ccce,68,20
Sb2Te3As_id514_E-3.49.cif,Sb2Te3As,-3.4907,0.515,Semiconductor,C2/m,12,12
KLiMgAl2SnO15_id2827_E-3.49.cif,KLiMgAl2SnO15,-3.4893,0.693,Semiconductor,Pc,7,42
ZnTeS2_id2018_E-3.49.cif,ZnTeS2,-3.4888,1.167,Semiconductor,P2_1,4,8
ScGeBS18_id146_E-3.49.cif,ScGeBS18,-3.4885,1.648,Semiconductor,P1,1,21
Ba2Li4CdGaSbO12_id973_E-3.49.cif,Ba2Li4CdGaSbO12,-3.4854,4.453,Insulator,P4,75,21
Mg4Sc2Al_id189_E-3.48.cif,Mg4Sc2Al,-3.485,0.022,Metal,F-43m,216,28
LiSiBO18_id666_E-3.48.cif,LiSiBO18,-3.4815,0.0,Metal,P1,1,42
K2BaPN_id2413_E-3.48.cif,K2BaPN,-3.4812,0.0,Metal,P6_3/mmc,194,10
Sc4AlIn4_id3150_E-3.48.cif,Sc4AlIn4,-3.4805,0.0,Metal,P-42_1c,114,18
Na2Li4ScAl2Zn2Cd4Sn(AsO9)2_id987_E-3.48.cif,Na2Li4ScAl2Zn2Cd4Sn(AsO9)2,-3.4796,1.212,Semiconductor,P1,1,72
KLi2Be2O12_id1986_E-3.48.cif,KLi2Be2O12,-3.4796,4.207,Insulator,P1,1,17
KSr2Sn(PO7)2_id1412_E-3.48.cif,KSr2Sn(PO7)2,-3.4789,1.385,Semiconductor,P2_1/c,14,40
Li4N3O_id1459_E-3.48.cif,Li4N3O,-3.4783,0.001,Metal,Pban,50,16
KLi2GaAs4_id2637_E-3.48.cif,KLi2GaAs4,-3.4763,0.0,Metal,I422,97,16
K3BaLi3Se4_id1153_E-3.48.cif,K3BaLi3Se4,-3.4751,1.932,Semiconductor,Pm-3n,223,22
K12Ca6MgGa3SbP6(S2O11)3_id2164_E-3.47.cif,K12Ca6MgGa3SbP6(S2O11)3,-3.4736,2.349,Semiconductor,P6_322,182,136
BaLiAl2(TeO34)2_id227_E-3.47.cif,BaLiAl2(TeO34)2,-3.4717,1.678,Semiconductor,P1,1,74
SrIn7SbAs3P3Se2S9N7O2_id1154_E-3.47.cif,SrIn7SbAs3P3Se2S9N7O2,-3.4686,0.022,Metal,P1,1,35
K2Na2SrO36_id433_E-3.47.cif,K2Na2SrO36,-3.4679,1.163,Semiconductor,P1,1,82
LiMgScTiZn3GeSbAsSeO4_id1077_E-3.46.cif,LiMgScTiZn3GeSbAsSeO4,-3.4639,0.195,Semiconductor,P1,1,30
MgS_id2898_E-3.46.cif,MgS,-3.4616,1.545,Semiconductor,Pm,6,2
Ga12SnGe6_id3226_E-3.46.cif,Ga12SnGe6,-3.4614,0.0,Metal,Im-3,204,38
Ca5Sn2AsP2_id2855_E-3.46.cif,Ca5Sn2AsP2,-3.4585,0.0,Metal,I4_1/a,88,40
Li9Ga12Si4B(SeS2)12_id1777_E-3.46.cif,Li9Ga12Si4B(SeS2)12,-3.4577,2.55,Semiconductor,I432,211,124
Li5AsO2_id1533_E-3.45.cif,Li5AsO2,-3.4549,2.776,Semiconductor,C222,21,16
KNaAsS17_id1470_E-3.45.cif,KNaAsS17,-3.4527,0.746,Semiconductor,P1,1,80
KLiInGaTe2O9_id3109_E-3.45.cif,KLiInGaTe2O9,-3.4526,3.178,Semiconductor,P1,1,60
O2_id235_E-3.45.cif,O2,-3.4524,5.051,Insulator,P4_2/mcm,132,8
Ba2CaTi2AlGaB2P6O23_id1360_E-3.45.cif,Ba2CaTi2AlGaB2P6O23,-3.4517,0.978,Semiconductor,Pnc2,30,76
KGeP_id524_E-3.45.cif,KGeP,-3.4514,0.0,Metal,P-6m2,187,3
Ba2Si2Ge4O_id1344_E-3.45.cif,Ba2Si2Ge4O,-3.4503,0.16,Semiconductor,Pmma,51,18
Li5S6_id2423_E-3.45.cif,Li5S6,-3.4498,2.352,Semiconductor,P-42_1m,113,22
BaCaIn2Sb3_id2083_E-3.45.cif,BaCaIn2Sb3,-3.4495,0.0,Metal,P3,143,7
InSiS19_id120_E-3.45.cif,InSiS19,-3.4487,1.896,Semiconductor,P1,1,21
SnAs4Se3_id601_E-3.45.cif,SnAs4Se3,-3.4482,1.168,Semiconductor,I-42d,122,32
CdS2N_id1854_E-3.45.cif,CdS2N,-3.4465,1.938,Semiconductor,Pca2_1,29,16
LiZnO2_id1251_E-3.44.cif,LiZnO2,-3.4425,2.669,Semiconductor,Cmc2_1,36,32
Sb_id2359_E-3.44.cif,Sb,-3.4408,0.222,Semiconductor,P1,1,20
Ba3ScGaB2TeNO11_id2645_E-3.44.cif,Ba3ScGaB2TeNO11,-3.4368,0.0,Metal,P1,1,60
MgAl4In3N_id196_E-3.43.cif,MgAl4In3N,-3.4313,0.0,Metal,P4/mmm,123,9
ScCd4O24_id3213_E-3.43.cif,ScCd4O24,-3.4292,2.751,Semiconductor,P1,1,29
TeAs2(Se10S)2_id373_E-3.43.cif,TeAs2(Se10S)2,-3.428,0.0,Metal,Pba2,32,50
SnSb2TeSe6_id166_E-3.43.cif,SnSb2TeSe6,-3.4276,0.022,Metal,P321,150,10
BaGaSnSbTeAs11P4S_id721_E-3.43.cif,BaGaSnSbTeAs11P4S,-3.4271,0.746,Semiconductor,Pca2_1,29,84
SrTiC2_id2125_E-3.42.cif,SrTiC2,-3.4242,0.818,Semiconductor,I4_1/amd,141,16
K(Sr2C)2_id614_E-3.42.cif,K(Sr2C)2,-3.4234,0.0,Metal,I4_1md,109,28
Li3Sc3Sn_id1009_E-3.42.cif,Li3Sc3Sn,-3.4233,0.0,Metal,P6_3/m,176,14
KNaGeO3_id1266_E-3.42.cif,KNaGeO3,-3.4228,1.75,Semiconductor,P6_3mc,186,12
LiAlSbS6_id1042_E-3.42.cif,LiAlSbS6,-3.4198,2.979,Semiconductor,Cmme,67,36
InTe_id551_E-3.42.cif,InTe,-3.4176,0.0,Metal,Aea2,41,16
Be18B7_id1083_E-3.42.cif,Be18B7,-3.4166,0.0,Metal,P6_322,182,50
Li4Sb4As2S_id2163_E-3.42.cif,Li4Sb4As2S,-3.4162,0.286,Semiconductor,P6_2,171,33
Se_id1935_E-3.41.cif,Se,-3.4138,0.0,Metal,Pc,7,14
LiSiBC2N3O13_id3188_E-3.41.cif,LiSiBC2N3O13,-3.4104,2.667,Semiconductor,P3_2,145,63
KSnSb_id152_E-3.41.cif,KSnSb,-3.4098,4.111,Insulator,P4_32_12,96,12
LiTeSe_id2297_E-3.41.cif,LiTeSe,-3.4087,0.888,Semiconductor,P4_32_12,96,24
MgAlTe2SeS_id3052_E-3.40.cif,MgAlTe2SeS,-3.4048,2.816,Semiconductor,P-42_1m,113,24
Cd5In3Te4Se12(SO)4_id129_E-3.40.cif,Cd5In3Te4Se12(SO)4,-3.4039,1.195,Semiconductor,P-42c,112,64
K4Si2PO2_id1158_E-3.40.cif,K4Si2PO2,-3.4027,1.388,Semiconductor,P-42m,111,9
Ti2O45_id2832_E-3.40.cif,Ti2O45,-3.4021,2.068,Semiconductor,P4/n,85,94
Mg3Te2(SeS6)2_id498_E-3.40.cif,Mg3Te2(SeS6)2,-3.4008,1.567,Semiconductor,P-42_1m,113,38
CdSb2AsPSe(SO2)2_id860_E-3.40.cif,CdSb2AsPSe(SO2)2,-3.4007,2.798,Semiconductor,P1,1,48
InSn3_id266_E-3.40.cif,InSn3,-3.3996,0.0,Metal,I-42d,122,16
NaMg2InSe4_id1258_E-3.40.cif,NaMg2InSe4,-3.3983,1.768,Semiconductor,I-42d,122,32
Li5MgCdGaP(NO5)2_id868_E-3.40.cif,Li5MgCdGaP(NO5)2,-3.3976,1.882,Semiconductor,Pma2,28,42
K2SiS2_id3180_E-3.40.cif,K2SiS2,-3.3956,0.0,Metal,P-42_1m,113,10
Al4Ga_id1636_E-3.40.cif,Al4Ga,-3.3954,0.0,Metal,P4mm,99,10
Sc_id1002_E-3.39.cif,Sc,-3.3946,0.062,Semiconductor,Cc,9,14
ScIn2_id1299_E-3.39.cif,ScIn2,-3.3902,0.0,Metal,Pmn2_1,31,6
Ca4Al(TeSe2)3_id1662_E-3.39.cif,Ca4Al(TeSe2)3,-3.3859,0.311,Semiconductor,Im-3m,229,28
InGaSeS4O3_id2977_E-3.39.cif,InGaSeS4O3,-3.3857,3.486,Semiconductor,P1,1,40
Mg3Sn3Sb4_id1370_E-3.38.cif,Mg3Sn3Sb4,-3.383,0.0,Metal,I-43d,220,40
GeSe3O2_id686_E-3.38.cif,GeSe3O2,-3.3824,0.786,Semiconductor,Pbam,55,12
O2_id3077_E-3.38.cif,O2,-3.3812,1.613,Semiconductor,P4/nmm,129,14
Li3ScAs_id1624_E-3.38.cif,Li3ScAs,-3.3811,0.254,Semiconductor,Pm-3m,221,5
Se_id429_E-3.38.cif,Se,-3.3768,0.0,Metal,Pbca,61,8
NaTeSe_id2087_E-3.38.cif,NaTeSe,-3.3768,0.82,Semiconductor,Aea2,41,24
TiBeZnSiSb2O15_id2466_E-3.38.cif,TiBeZnSiSb2O15,-3.3762,0.059,Semiconductor,Pc,7,42
BaSc2Ga4Sb4Te10(SeS2)4_id530_E-3.38.cif,BaSc2Ga4Sb4Te10(SeS2)4,-3.375,0.022,Metal,P4_2/m,84,66
Ba5Ca3O3_id1315_E-3.37.cif,Ba5Ca3O3,-3.3716,0.015,Metal,Pm-3n,223,22
K2SO_id3176_E-3.37.cif,K2SO,-3.3703,0.0,Metal,P6_122,178,24
Ba3Na3Sr3In2SiSn2Te4AsP3Se3(N7O)3_id2021_E-3.37.cif,Ba3Na3Sr3In2SiSn2Te4AsP3Se3(N7O)3,-3.3682,1.367,Semiconductor,P3,143,98
Na2SrSi(Te2Se)2_id1084_E-3.37.cif,Na2SrSi(Te2Se)2,-3.3654,0.451,Semiconductor,P-42_1m,113,20
SnGe_id2732_E-3.36.cif,SnGe,-3.3639,0.0,Metal,P6mm,183,6
CdSn4Sb_id48_E-3.36.cif,CdSn4Sb,-3.3636,0.0,Metal,Immm,71,12
Zn2CdSeS13_id1615_E-3.36.cif,Zn2CdSeS13,-3.3631,0.0,Metal,P1,1,68
Li3Sb2Te2As3(SeS)4_id2879_E-3.36.cif,Li3Sb2Te2As3(SeS)4,-3.3622,1.455,Semiconductor,Pnn2,34,36
LiScSi2B_id1887_E-3.36.cif,LiScSi2B,-3.357,0.003,Metal,I4_1md,109,20
In2As_id910_E-3.35.cif,In2As,-3.3548,0.0,Metal,P4_332,212,12
BeGaSi_id3303_E-3.35.cif,BeGaSi,-3.3538,0.002,Metal,P4_2/mmc,131,6
Ca2Si2Sn7Ge2_id2229_E-3.35.cif,Ca2Si2Sn7Ge2,-3.3536,0.0,Metal,P2/c,13,26
BaNa2Mg2ScIn2O2_id529_E-3.35.cif,BaNa2Mg2ScIn2O2,-3.3529,3.11,Semiconductor,P-3m1,164,10
Li3SnSb3Te_id2852_E-3.35.cif,Li3SnSb3Te,-3.3525,0.032,Metal,Pm-3m,221,8
K3BaLiCa3Te8_id2572_E-3.35.cif,K3BaLiCa3Te8,-3.3524,0.0,Metal,R-3m,166,48
As_id3029_E-3.35.cif,As,-3.3464,0.0,Metal,I2_12_12_1,24,28
K2Ba18NaLi18Ca6Mg2Sc6Be2Al6InTe2C6(NO3)6_id1650_E-3.35.cif,K2Ba18NaLi18Ca6Mg2Sc6Be2Al6InTe2C6(NO3)6,-3.3459,0.0,Metal,P321,150,94
BaSrCa2AlAsPO3_id1619_E-3.34.cif,BaSrCa2AlAsPO3,-3.3441,4.287,Insulator,P1,1,40
K3Na6In4(GaO4)6_id1996_E-3.34.cif,K3Na6In4(GaO4)6,-3.3424,2.278,Semiconductor,Pn-3n,222,86
Ga4GeSb_id602_E-3.34.cif,Ga4GeSb,-3.3406,0.0,Metal,I4_1/a,88,24
KLi4CaSb(AsO)2_id2457_E-3.34.cif,KLi4CaSb(AsO)2,-3.337,1.286,Semiconductor,I222,23,22
TeSe_id2784_E-3.34.cif,TeSe,-3.3362,0.974,Semiconductor,Pbca,61,16
Te18Se25_id2623_E-3.33.cif,Te18Se25,-3.3334,0.0,Metal,I23,197,86
Al_id2230_E-3.33.cif,Al,-3.3332,0.0,Metal,Pa-3,205,12
Mg4ScCdBTe2C2Se2N5_id3373_E-3.33.cif,Mg4ScCdBTe2C2Se2N5,-3.3301,0.717,Semiconductor,Cm,8,36
K4Sr3Be6Cd3B3Te3As3C12Se3S6(N4O)3_id2716_E-3.33.cif,K4Sr3Be6Cd3B3Te3As3C12Se3S6(N4O)3,-3.3297,1.56,Semiconductor,P1,1,122
B_id886_E-3.33.cif,B,-3.3274,0.167,Semiconductor,P1,1,16
AlSi2As2P3_id2469_E-3.33.cif,AlSi2As2P3,-3.3264,0.023,Metal,P4/mmm,123,8
MgSc2_id162_E-3.33.cif,MgSc2,-3.3258,0.327,Semiconductor,P1,1,18
LiSi_id3037_E-3.32.cif,LiSi,-3.325,0.0,Metal,C2/c,15,32
Li7B(AsO2)2_id1838_E-3.32.cif,Li7B(AsO2)2,-3.3249,2.911,Semiconductor,P-42_1m,113,28
MgSnS_id2241_E-3.32.cif,MgSnS,-3.3234,0.217,Semiconductor,P2_1,4,6
Ba2Cd4In2Ge2Te2As2P4S18O_id1973_E-3.32.cif,Ba2Cd4In2Ge2Te2As2P4S18O,-3.3223,0.49,Semiconductor,P1,1,111
Li8Sc2Zn3In3(NO2)3_id533_E-3.32.cif,Li8Sc2Zn3In3(NO2)3,-3.3212,0.0,Metal,P31m,157,25
As2S3O5_id3360_E-3.32.cif,As2S3O5,-3.3212,0.0,Metal,P1,1,40
Li2Mg6Ti9Sb6(Te2Se)9_id1272_E-3.32.cif,Li2Mg6Ti9Sb6(Te2Se)9,-3.3209,1.015,Semiconductor,P6cc,184,100
KGaTe6_id3315_E-3.32.cif,KGaTe6,-3.3208,0.0,Metal,P-31c,163,16
BaAl3_id801_E-3.32.cif,BaAl3,-3.3188,0.0,Metal,P3m1,156,8
Li4Ge(TeS10)4_id1023_E-3.32.cif,Li4Ge(TeS10)4,-3.3165,4.072,Insulator,P1,1,49
MgGa3Sn4_id47_E-3.32.cif,MgGa3Sn4,-3.316,0.0,Metal,Im-3m,229,16
Te_id1910_E-3.31.cif,Te,-3.315,0.002,Metal,Im-3m,229,20
CaSi_id2029_E-3.31.cif,CaSi,-3.3147,0.017,Metal,P3m1,156,4
KAlZn2O6_id2493_E-3.31.cif,KAlZn2O6,-3.3142,2.225,Semiconductor,P321,150,10
Ba2LiS2O3_id3099_E-3.31.cif,Ba2LiS2O3,-3.3134,0.508,Semiconductor,P6_222,180,24
K2Zn3GaGe2(SO3)2_id2384_E-3.31.cif,K2Zn3GaGe2(SO3)2,-3.3132,0.433,Semiconductor,P-42_1m,113,32
Sr2Li2Ga3O2_id828_E-3.31.cif,Sr2Li2Ga3O2,-3.3109,0.115,Semiconductor,P4_2mc,105,18
K2Mg6Zn6Cd12Ge(BO4)6_id944_E-3.31.cif,K2Mg6Zn6Cd12Ge(BO4)6,-3.3098,1.707,Semiconductor,P-3c1,165,114
Ga2Si2AsSe3S2_id3092_E-3.31.cif,Ga2Si2AsSe3S2,-3.3091,3.074,Semiconductor,Cmmm,65,20
As_id366_E-3.31.cif,As,-3.3087,0.059,Semiconductor,I2_12_12_1,24,28
Mg2Sc11Cd3InGaO3_id470_E-3.31.cif,Mg2Sc11Cd3InGaO3,-3.3086,0.0,Metal,Cm,8,42
K2BaTe2(SeS4)2_id1006_E-3.31.cif,K2BaTe2(SeS4)2,-3.308,0.0,Metal,Cccm,66,60
Li4MgAlIn3Sn2Te8As2Se12S6(NO5)4_id2290_E-3.31.cif,Li4MgAlIn3Sn2Te8As2Se12S6(NO5)4,-3.3078,2.121,Semiconductor,P-4,81,63
KInTe4_id3117_E-3.31.cif,KInTe4,-3.3069,0.121,Semiconductor,I-42d,122,24
KGa2B2P3O4_id1323_E-3.31.cif,KGa2B2P3O4,-3.3067,4.188,Insulator,Immm,71,24
MgGaP_id693_E-3.31.cif,MgGaP,-3.3065,0.288,Semiconductor,P4/nmm,129,6
BaNaIn2(TeO31)2_id929_E-3.30.cif,BaNaIn2(TeO31)2,-3.3022,3.509,Insulator,P-3,147,68
Li6Ti3Ga2_id766_E-3.30.cif,Li6Ti3Ga2,-3.3019,0.478,Semiconductor,P-31c,163,22
ZnSnSb2_id2151_E-3.30.cif,ZnSnSb2,-3.3016,0.0,Metal,P3m1,156,8
InSiGe_id1143_E-3.30.cif,InSiGe,-3.3,0.0,Metal,P4_132,213,24
BaSr2Ti4SbN_id214_E-3.30.cif,BaSr2Ti4SbN,-3.3,0.0,Metal,I4/mcm,140,36
Na2LiInN2O33_id2674_E-3.30.cif,Na2LiInN2O33,-3.299,0.13,Semiconductor,P4_2,77,78
CaZnO_id1556_E-3.30.cif,CaZnO,-3.2972,0.0,Metal,P4/nmm,129,6
ScTiZn9BO9_id2454_E-3.30.cif,ScTiZn9BO9,-3.2963,1.272,Semiconductor,P1,1,21
KTi4Be3Al3Zn2GaSiSbPO4_id89_E-3.30.cif,KTi4Be3Al3Zn2GaSiSbPO4,-3.2955,1.305,Semiconductor,P1,1,126
KInO8_id2210_E-3.29.cif,KInO8,-3.2949,1.288,Semiconductor,I4_1/a,88,40
Li3Mg2Zn2CdSnB2Te3SeS2NO3_id1076_E-3.29.cif,Li3Mg2Zn2CdSnB2Te3SeS2NO3,-3.2941,0.276,Semiconductor,P1,1,84
SrGa(SiO3)2_id1687_E-3.29.cif,SrGa(SiO3)2,-3.289,1.236,Semiconductor,P-3m1,164,10
AlCdInSeS_id1425_E-3.29.cif,AlCdInSeS,-3.2889,0.824,Semiconductor,Aea2,41,40
LiAl4InGe_id3046_E-3.28.cif,LiAl4InGe,-3.2833,0.0,Metal,I4/mcm,140,28
CaSc(InGa3)2_id779_E-3.28.cif,CaSc(InGa3)2,-3.282,0.0,Metal,P4_132,213,40
BaSrZn2(PO49)2_id3361_E-3.28.cif,BaSrZn2(PO49)2,-3.2791,2.496,Semiconductor,P-3,147,104
MgSi_id1449_E-3.28.cif,MgSi,-3.2783,0.396,Semiconductor,I4_1/amd,141,8
Li2CaSb4(AsS)4_id2066_E-3.28.cif,Li2CaSb4(AsS)4,-3.2781,0.041,Metal,P1,1,30
Na2Li3MgZnInGaAsPO7_id302_E-3.28.cif,Na2Li3MgZnInGaAsPO7,-3.278,2.777,Semiconductor,P1,1,36
Ca3S_id147_E-3.27.cif,Ca3S,-3.2745,0.0,Metal,P4mm,99,4
K11Li2Al2Cd4In2Ga(SO8)2_id1545_E-3.27.cif,K11Li2Al2Cd4In2Ga(SO8)2,-3.2741,2.895,Semiconductor,P1,1,80
Al_id282_E-3.27.cif,Al,-3.2716,0.0,Metal,Pmma,51,8
Na4LiIn2GaGeTe4AsSeSO5_id2221_E-3.27.cif,Na4LiIn2GaGeTe4AsSeSO5,-3.2701,1.723,Semiconductor,Cc,9,84
Ge2SbAs_id3290_E-3.27.cif,Ge2SbAs,-3.2671,0.0,Metal,P4/mmm,123,4
Li5ScGa4O9_id805_E-3.26.cif,Li5ScGa4O9,-3.2649,1.977,Semiconductor,Pm,6,38
AlGa_id209_E-3.26.cif,AlGa,-3.2641,0.0,Metal,P-43n,218,48
LiBeSiGe2_id2361_E-3.26.cif,LiBeSiGe2,-3.2609,0.47,Semiconductor,Pccm,49,10
Li2GeO2_id482_E-3.26.cif,Li2GeO2,-3.2606,0.264,Semiconductor,Pm,6,20
InSb_id930_E-3.26.cif,InSb,-3.259,0.0,Metal,Aea2,41,16
K2Zn5O4_id3334_E-3.26.cif,K2Zn5O4,-3.2574,0.318,Semiconductor,I4/m,87,22
ZnInTe2Se3_id300_E-3.26.cif,ZnInTe2Se3,-3.2566,0.19,Semiconductor,Pm,6,7
Li2MgAl(Se3S2)4_id452_E-3.26.cif,Li2MgAl(Se3S2)4,-3.2556,0.334,Semiconductor,P1,1,48
Li3Te2_id2900_E-3.26.cif,Li3Te2,-3.2551,1.138,Semiconductor,P-42_1m,113,10
Si2PSeS_id2583_E-3.25.cif,Si2PSeS,-3.2527,1.973,Semiconductor,P2/m,10,5
Na10SrCa4O36_id3130_E-3.25.cif,Na10SrCa4O36,-3.2515,0.0,Metal,P1,1,51
ScTiGa2Ge2TeSeO2_id1562_E-3.25.cif,ScTiGa2Ge2TeSeO2,-3.2511,0.412,Semiconductor,Cm,8,20
Sn_id2098_E-3.25.cif,Sn,-3.2492,0.07,Semiconductor,P4/mmm,123,7
Na3Li6CaMg3Zn3Ga2(SnO4)3_id656_E-3.25.cif,Na3Li6CaMg3Zn3Ga2(SnO4)3,-3.2483,2.344,Semiconductor,P1,1,33
Mg(GaGe)2_id612_E-3.25.cif,Mg(GaGe)2,-3.2474,2.085,Semiconductor,P4_332,212,20
BeGa6Si_id2633_E-3.24.cif,BeGa6Si,-3.2414,0.0,Metal,P6_322,182,16
KMgAlCdInTe5SeS9O_id2349_E-3.24.cif,KMgAlCdInTe5SeS9O,-3.2412,1.607,Semiconductor,P1,1,84
LiCaZnCdGaPO15_id96_E-3.24.cif,LiCaZnCdGaPO15,-3.2401,0.58,Semiconductor,Pna2_1,33,84
Ba3Ti3Ga8Si_id2478_E-3.24.cif,Ba3Ti3Ga8Si,-3.2369,0.509,Semiconductor,P-62m,189,15
K2CaAl2Si2GeB2(N2O5)2_id2128_E-3.24.cif,K2CaAl2Si2GeB2(N2O5)2,-3.2361,7.76,Insulator,P1,1,72
SrAl2_id2437_E-3.23.cif,SrAl2,-3.2334,0.0,Metal,P6/mmm,191,3
KInTe4(Se3S2)3_id804_E-3.23.cif,KInTe4(Se3S2)3,-3.2322,1.611,Semiconductor,P1,1,84
K2Ca(Sc2Ge)2_id2860_E-3.23.cif,K2Ca(Sc2Ge)2,-3.2319,0.0,Metal,P2/c,13,18
Si4SnGe4_id2626_E-3.23.cif,Si4SnGe4,-3.2311,0.0,Metal,P-42_1c,114,18
N2_id884_E-3.23.cif,N2,-3.2309,0.192,Semiconductor,P6_3/mmc,194,4
Li2Ge3_id1032_E-3.23.cif,Li2Ge3,-3.2271,0.0,Metal,P4_132,213,20
MgGaSe3S2O_id2398_E-3.23.cif,MgGaSe3S2O,-3.2263,0.628,Semiconductor,Cm,8,8
Na2Te2As4Se3(SO)2_id710_E-3.23.cif,Na2Te2As4Se3(SO)2,-3.2252,2.626,Semiconductor,P1,1,30
Sr4LiGe3_id939_E-3.22.cif,Sr4LiGe3,-3.225,0.0,Metal,Im-3m,229,16
KBaLi2InSe2S8O_id3194_E-3.22.cif,KBaLi2InSe2S8O,-3.2224,1.977,Semiconductor,Cm,8,48
ZnSe2_id1555_E-3.22.cif,ZnSe2,-3.2218,0.338,Semiconductor,Pnnn,48,12
Na3GaSn19_id818_E-3.22.cif,Na3GaSn19,-3.2206,0.0,Metal,Pm-3,200,23
Ga2Sn_id3339_E-3.22.cif,Ga2Sn,-3.2204,0.0,Metal,I4mm,107,12
Na2Al2Si2BO14_id3264_E-3.22.cif,Na2Al2Si2BO14,-3.2176,3.66,Insulator,Pcca,54,84
KLiGa2Te2As2Se8S2(NO)2_id1530_E-3.22.cif,KLiGa2Te2As2Se8S2(NO)2,-3.2172,1.165,Semiconductor,Pcca,54,88
LiSe2S5_id2735_E-3.22.cif,LiSe2S5,-3.2169,0.0,Metal,P4/nmm,129,16
NaIn3Te28_id1019_E-3.22.cif,NaIn3Te28,-3.2165,2.453,Semiconductor,I4/m,87,64
LiMgSnSbO10_id1497_E-3.22.cif,LiMgSnSbO10,-3.2153,0.0,Metal,Pmmn,59,28
K2GaP2O_id1668_E-3.22.cif,K2GaP2O,-3.2152,0.448,Semiconductor,Pcc2,27,24
Sn(GeS)2_id2983_E-3.21.cif,Sn(GeS)2,-3.2108,0.361,Semiconductor,P1,1,20
Sn3Ge2Sb8(As13P)2_id1275_E-3.21.cif,Sn3Ge2Sb8(As13P)2,-3.2102,0.0,Metal,P-4c2,116,82
Li3SbO4_id1432_E-3.21.cif,Li3SbO4,-3.2093,0.0,Metal,P4/mmm,123,16
BaGa3SiSn3(NO)3_id836_E-3.20.cif,BaGa3SiSn3(NO)3,-3.2041,0.0,Metal,P1,1,56
KSn2Ge(Te2O)2_id86_E-3.20.cif,KSn2Ge(Te2O)2,-3.2039,0.0,Metal,I4_1/a,88,40
SrBeGaSi2SnBSbAsP6C_id702_E-3.20.cif,SrBeGaSi2SnBSbAsP6C,-3.2028,0.002,Metal,Aem2,39,64
Cd2Ga2Si3O31_id18_E-3.20.cif,Cd2Ga2Si3O31,-3.2013,3.585,Insulator,P31m,157,38
K7BaNa(GeO2)4_id646_E-3.20.cif,K7BaNa(GeO2)4,-3.2003,1.82,Semiconductor,P1,1,42
K2LiScTi4Al3Zn4CdSnSeS2O_id892_E-3.20.cif,K2LiScTi4Al3Zn4CdSnSeS2O,-3.1986,3.481,Semiconductor,Pm,6,84
Mg2Si2Ge2O_id2327_E-3.20.cif,Mg2Si2Ge2O,-3.1985,0.0,Metal,I4_1/amd,141,56
SbAs17P3_id1921_E-3.19.cif,SbAs17P3,-3.1945,0.738,Semiconductor,P1,1,84
K2Na2Li12ScCd2Te2P2Se2S8(NO)4_id1906_E-3.19.cif,K2Na2Li12ScCd2Te2P2Se2S8(NO)4,-3.1942,1.414,Semiconductor,P1,1,82
LiZn2TeSe4S4O_id3203_E-3.19.cif,LiZn2TeSe4S4O,-3.1929,1.564,Semiconductor,Cc,9,52
Na3LiCa3CdSe7S4O9_id2122_E-3.19.cif,Na3LiCa3CdSe7S4O9,-3.1928,1.765,Semiconductor,R3m,160,84
Ge_id535_E-3.19.cif,Ge,-3.1927,0.111,Semiconductor,P4_132,213,32
Sr4Li2(SbO4)3_id139_E-3.19.cif,Sr4Li2(SbO4)3,-3.1917,0.0,Metal,P6/mmm,191,21
Al2GaSi2_id2919_E-3.19.cif,Al2GaSi2,-3.1917,0.0,Metal,P4_122,91,20
Al_id2100_E-3.19.cif,Al,-3.1913,0.0,Metal,P4_2/m,84,20
As_id243_E-3.19.cif,As,-3.1859,0.416,Semiconductor,P2_12_12,18,10
MgCdGaBSbTe3PCSe4S5NO_id1803_E-3.18.cif,MgCdGaBSbTe3PCSe4S5NO,-3.1843,1.838,Semiconductor,P1,1,84
Ge6Te3As3Se7_id899_E-3.18.cif,Ge6Te3As3Se7,-3.1842,1.378,Semiconductor,P1,1,114
K2Be3Si2PC3_id2685_E-3.18.cif,K2Be3Si2PC3,-3.1815,0.208,Semiconductor,P1,1,33
K6Li13Sc6Ti12ZnSn6Te6As6(NO23)2_id534_E-3.18.cif,K6Li13Sc6Ti12ZnSn6Te6As6(NO23)2,-3.181,1.601,Semiconductor,P321,150,104
Al(GaTe4)2_id2485_E-3.18.cif,Al(GaTe4)2,-3.1794,3.157,Semiconductor,P-42m,111,11
N2_id2595_E-3.17.cif,N2,-3.1725,1.779,Semiconductor,I-43m,217,8
Li4Mg3Zn2Cd4Ga2P10S4(N2O)4_id1407_E-3.17.cif,Li4Mg3Zn2Cd4Ga2P10S4(N2O)4,-3.1708,3.213,Semiconductor,P4_2,77,82
LiTe3_id928_E-3.17.cif,LiTe3,-3.1697,0.0,Metal,Ia-3d,230,128
NaAlCdSn2TeP2_id850_E-3.17.cif,NaAlCdSn2TeP2,-3.1688,0.471,Semiconductor,Pca2_1,29,32
Li3ZnO_id2129_E-3.17.cif,Li3ZnO,-3.1675,0.992,Semiconductor,P1,1,10
BeAl2Ga3Si2Ge_id384_E-3.17.cif,BeAl2Ga3Si2Ge,-3.166,0.13,Semiconductor,P4_2/m,84,18
CaTiSn6_id273_E-3.17.cif,CaTiSn6,-3.1656,0.0,Metal,Pm-3m,221,8
Sr3Li4Be4Ga4Ge4(PO7)4_id3316_E-3.17.cif,Sr3Li4Be4Ga4Ge4(PO7)4,-3.1656,4.309,Insulator,P1,1,102
K2ZnSn(SeS2)6_id346_E-3.16.cif,K2ZnSn(SeS2)6,-3.1645,0.076,Semiconductor,P1,1,44
Cd3SnSbSe4_id2593_E-3.16.cif,Cd3SnSbSe4,-3.1637,0.0,Metal,P-43m,215,9
Al3Ga_id720_E-3.16.cif,Al3Ga,-3.1597,0.0,Metal,Pmmn,59,8
NaGa2(AsP2)2_id3258_E-3.16.cif,NaGa2(AsP2)2,-3.1596,0.448,Semiconductor,P1,1,36
Te_id950_E-3.16.cif,Te,-3.1595,0.067,Semiconductor,P4_2/ncm,138,16
K3Ba4Cd4P12(SO)12_id1240_E-3.16.cif,K3Ba4Cd4P12(SO)12,-3.1591,0.0,Metal,P432,207,94
Li8AlGaGe32_id846_E-3.16.cif,Li8AlGaGe32,-3.1562,0.052,Semiconductor,P4/mcc,124,84
Li5Be2ZnGeBP2S2N5O2_id2925_E-3.15.cif,Li5Be2ZnGeBP2S2N5O2,-3.1509,0.0,Metal,P2_1/m,11,42
Te_id2661_E-3.15.cif,Te,-3.1475,0.0,Metal,P4/m,83,8
Al14In_id1805_E-3.15.cif,Al14In,-3.1461,0.44,Semiconductor,C2/c,15,60
Na2Sr2Li2Mg3Ti2Al2In2Sn3As4(PO8)2_id2133_E-3.15.cif,Na2Sr2Li2Mg3Ti2Al2In2Sn3As4(PO8)2,-3.1455,0.98,Semiconductor,Pnc2,30,80
CaGa4_id3191_E-3.15.cif,CaGa4,-3.1453,0.0,Metal,P4_2/nmc,137,10
LiSi_id1500_E-3.14.cif,LiSi,-3.142,0.0,Metal,P222,16,8
Te_id1882_E-3.14.cif,Te,-3.1392,0.038,Metal,Pbca,61,8
Ti4AlZn2CdTe8Se8(S2O)4_id1850_E-3.14.cif,Ti4AlZn2CdTe8Se8(S2O)4,-3.1383,3.448,Semiconductor,P1,1,72
N2_id1985_E-3.14.cif,N2,-3.1368,1.889,Semiconductor,Pn-3m,224,64
Te_id1871_E-3.13.cif,Te,-3.1346,0.0,Metal,Pm-3m,221,12
C(SO9)2_id435_E-3.13.cif,C(SO9)2,-3.1345,1.491,Semiconductor,Pm,6,42
KSc2Al2(SnO11)2_id2553_E-3.13.cif,KSc2Al2(SnO11)2,-3.1329,0.0,Metal,P1,1,58
K2BaZnBO6_id554_E-3.13.cif,K2BaZnBO6,-3.1318,0.0,Metal,P-42_1m,113,22
K2Sc9Zn4_id1835_E-3.13.cif,K2Sc9Zn4,-3.1317,0.0,Metal,P-1,2,15
Te_id613_E-3.13.cif,Te,-3.1305,0.004,Metal,P4/m,83,8
Te_id596_E-3.13.cif,Te,-3.1303,0.637,Semiconductor,P432,207,36
KNa2Li9SnPO6_id2731_E-3.13.cif,KNa2Li9SnPO6,-3.1301,0.932,Semiconductor,C2,5,80
LiSi2_id423_E-3.13.cif,LiSi2,-3.1298,0.0,Metal,Cmme,67,12
TiPO8_id3377_E-3.13.cif,TiPO8,-3.1288,0.314,Semiconductor,P2,3,20
Ge(B2N)2_id731_E-3.13.cif,Ge(B2N)2,-3.1257,0.057,Semiconductor,I4/m,87,14
MgAlCdIn4GaSn2Te3AsSe3S3O_id3206_E-3.13.cif,MgAlCdIn4GaSn2Te3AsSe3S3O,-3.1255,0.0,Metal,P1,1,42
Te_id1403_E-3.13.cif,Te,-3.1253,0.494,Semiconductor,P6/mmm,191,4
Li7(GaSe2)6_id2598_E-3.12.cif,Li7(GaSe2)6,-3.1246,0.0,Metal,Pn-3n,222,100
SrAl2Zn2CdInGaSi2P4SO22_id1903_E-3.12.cif,SrAl2Zn2CdInGaSi2P4SO22,-3.1243,2.043,Semiconductor,Pnc2,30,74
Ga_id714_E-3.12.cif,Ga,-3.124,0.0,Metal,C222_1,20,16
CdPS_id1747_E-3.12.cif,CdPS,-3.1238,0.823,Semiconductor,P4/nmm,129,12
N2_id918_E-3.12.cif,N2,-3.1231,2.238,Semiconductor,I4_1/amd,141,4
Ga2Ge3_id2786_E-3.12.cif,Ga2Ge3,-3.1227,0.0,Metal,P4/mmm,123,5
LiCd2InTe8Se6S2N_id160_E-3.12.cif,LiCd2InTe8Se6S2N,-3.1227,3.008,Semiconductor,P1,1,84
BaScAlGa2SiB3CO11_id1771_E-3.12.cif,BaScAlGa2SiB3CO11,-3.1219,0.0,Metal,Cm,8,42
NaMgSc3TiGaGeTe_id549_E-3.12.cif,NaMgSc3TiGaGeTe,-3.1213,0.066,Semiconductor,P4_3,78,36
LiTi2(GaO5)2_id2181_E-3.12.cif,LiTi2(GaO5)2,-3.119,2.054,Semiconductor,C222_1,20,60
Te_id1082_E-3.12.cif,Te,-3.1172,0.0,Metal,I4/mcm,140,8
Mg3ScAl2_id1886_E-3.11.cif,Mg3ScAl2,-3.1145,0.0,Metal,P6/mmm,191,6
LiBeCdS2NO15_id2547_E-3.11.cif,LiBeCdS2NO15,-3.1144,2.198,Semiconductor,Pna2_1,33,84
Ba2LiAlInO4_id3086_E-3.11.cif,Ba2LiAlInO4,-3.1099,0.0,Metal,Pmmn,59,18
GaTe12As_id2894_E-3.11.cif,GaTe12As,-3.1096,0.0,Metal,P4bm,100,28
KSn3_id284_E-3.11.cif,KSn3,-3.1096,0.0,Metal,Cmce,64,32
Na2In2Sn3Sb2_id2631_E-3.11.cif,Na2In2Sn3Sb2,-3.1086,0.009,Metal,P4_2bc,106,36
CaInSn_id1181_E-3.11.cif,CaInSn,-3.1054,0.0,Metal,F-43m,216,12
Li4GeB2(SbAs)2_id3269_E-3.10.cif,Li4GeB2(SbAs)2,-3.1023,3.05,Semiconductor,P4_2mc,105,22
LiTe_id522_E-3.10.cif,LiTe,-3.1002,0.324,Semiconductor,Pbca,61,16
LiSO11_id1792_E-3.10.cif,LiSO11,-3.1,1.133,Semiconductor,P1,1,26
Na2In4Ga2SbTe4(SeS)2_id1783_E-3.10.cif,Na2In4Ga2SbTe4(SeS)2,-3.0996,0.0,Metal,Pbcn,60,68
Si_id570_E-3.10.cif,Si,-3.0995,0.235,Semiconductor,Pm,6,32
Li28BAsO8_id2539_E-3.10.cif,Li28BAsO8,-3.097,3.337,Semiconductor,Pm,6,76
Na3Li2Zn2Cd4Ga4SnTe2(AsO9)2_id2587_E-3.10.cif,Na3Li2Zn2Cd4Ga4SnTe2(AsO9)2,-3.0966,2.698,Semiconductor,P2,3,76
Mg2Te3_id1358_E-3.10.cif,Mg2Te3,-3.0951,0.0,Metal,P4_2/nnm,134,20
LiCa2O2_id2177_E-3.09.cif,LiCa2O2,-3.0943,3.425,Semiconductor,Ia-3,206,40
K2Na7B6(S7O10)6_id1620_E-3.09.cif,K2Na7B6(S7O10)6,-3.0938,2.516,Semiconductor,P-3,147,117
K2Ga2SnSe3_id2456_E-3.09.cif,K2Ga2SnSe3,-3.0934,1.059,Semiconductor,Pbam,55,16
KAl6InSb_id773_E-3.09.cif,KAl6InSb,-3.0926,0.0,Metal,P312,149,9
Ba4SrAlGa3Ge5Sb2AsP(NO)2_id1024_E-3.09.cif,Ba4SrAlGa3Ge5Sb2AsP(NO)2,-3.0919,1.418,Semiconductor,P1,1,66
Li4Sc3CS2_id2750_E-3.09.cif,Li4Sc3CS2,-3.0916,0.003,Metal,Immm,71,20
Mg4AlS3_id1511_E-3.09.cif,Mg4AlS3,-3.087,1.649,Semiconductor,P6_3,173,16
K8NaAs28_id2839_E-3.09.cif,K8NaAs28,-3.0867,0.0,Metal,P4/mcc,124,74
ScZnCdIn2GaSn3SbTeAsP3C_id1657_E-3.09.cif,ScZnCdIn2GaSn3SbTeAsP3C,-3.0858,0.0,Metal,P1,1,96
AlGa_id1722_E-3.09.cif,AlGa,-3.0858,0.0,Metal,P4/mmm,123,8
BaSrCdSbS2_id236_E-3.08.cif,BaSrCdSbS2,-3.0837,0.0,Metal,Cmme,67,24
BeAl3Ga8_id3241_E-3.08.cif,BeAl3Ga8,-3.0837,0.0,Metal,I422,97,24
Ti3Zn5O2_id2831_E-3.08.cif,Ti3Zn5O2,-3.0821,0.148,Semiconductor,Pm,6,30
In5Se2_id99_E-3.08.cif,In5Se2,-3.081,0.0,Metal,I4/mmm,139,28
Be_id1320_E-3.08.cif,Be,-3.0795,0.0,Metal,P4_132,213,20
K2Ba2Na2Sr2Li2In2GaSn2Te6(SeS)2_id2588_E-3.08.cif,K2Ba2Na2Sr2Li2In2GaSn2Te6(SeS)2,-3.078,0.008,Metal,P2_1/c,14,50
Na2Se_id2010_E-3.07.cif,Na2Se,-3.0744,0.067,Semiconductor,I4/m,87,24
NaLiCa3Ti6ZnInGa3_id1860_E-3.07.cif,NaLiCa3Ti6ZnInGa3,-3.0737,0.0,Metal,P-6m2,187,16
Te_id1914_E-3.07.cif,Te,-3.073,0.0,Metal,I4/mcm,140,8
Li5O8_id967_E-3.07.cif,Li5O8,-3.0715,0.934,Semiconductor,P1,1,39
TiAl2Zn_id1801_E-3.07.cif,TiAl2Zn,-3.0708,0.0,Metal,P4/mmm,123,8
MgSnSb_id1252_E-3.07.cif,MgSnSb,-3.0687,3.345,Semiconductor,P2_12_12_1,19,12
Zn2In2GaSe5S2_id523_E-3.07.cif,Zn2In2GaSe5S2,-3.0685,1.83,Semiconductor,Pm,6,24
Na6SrLiIn3SiGeO3_id2907_E-3.07.cif,Na6SrLiIn3SiGeO3,-3.0684,3.177,Semiconductor,P1,1,48
LiCaSn_id2726_E-3.07.cif,LiCaSn,-3.0675,0.0,Metal,P-6m2,187,3
K2Ti2Al2ZnGa3(SnGe3)2_id475_E-3.07.cif,K2Ti2Al2ZnGa3(SnGe3)2,-3.0657,0.0,Metal,Fddd,70,144
LiGa4Si_id117_E-3.06.cif,LiGa4Si,-3.0648,0.0,Metal,Cmcm,63,24
Li7Ca3(SiAs)3_id330_E-3.06.cif,Li7Ca3(SiAs)3,-3.063,1.304,Semiconductor,P31m,157,16
KIn(TeO3)4_id2069_E-3.06.cif,KIn(TeO3)4,-3.0618,1.844,Semiconductor,P4/nbm,125,36
K2LiTi6Zn4Cd2(GaO4)2_id2589_E-3.06.cif,K2LiTi6Zn4Cd2(GaO4)2,-3.0603,0.854,Semiconductor,P1,1,25
BaNa3SrAl2O3_id1550_E-3.06.cif,BaNa3SrAl2O3,-3.0603,0.2,Semiconductor,R3m,160,30
K2Na2Mg2AlCd2Se8S17_id3183_E-3.06.cif,K2Na2Mg2AlCd2Se8S17,-3.0582,1.866,Semiconductor,P1,1,68
Mg(GaSn)3_id2476_E-3.05.cif,Mg(GaSn)3,-3.0536,0.0,Metal,Pm-3n,223,14
Na4Sr2CaSbNO3_id2273_E-3.05.cif,Na4Sr2CaSbNO3,-3.0496,2.081,Semiconductor,P1,1,24
Li6Zn2Ga3Sn2Te14Se5(S3O)2_id1678_E-3.05.cif,Li6Zn2Ga3Sn2Te14Se5(S3O)2,-3.049,1.548,Semiconductor,Pm,6,80
SrGa4_id164_E-3.05.cif,SrGa4,-3.0459,0.0,Metal,P4_2/nmc,137,10
BaLi8TiTe4_id2544_E-3.05.cif,BaLi8TiTe4,-3.0457,0.781,Semiconductor,I222,23,28
BeZnCdGaTe3CSe2S5(NO2)2_id156_E-3.04.cif,BeZnCdGaTe3CSe2S5(NO2)2,-3.0449,1.293,Semiconductor,Cc,9,84
Li3MgTi3Zn2Sn3_id2247_E-3.04.cif,Li3MgTi3Zn2Sn3,-3.0409,0.0,Metal,I2_12_12_1,24,48
Al9Ga2_id2773_E-3.04.cif,Al9Ga2,-3.0407,2.439,Semiconductor,P1,1,44
K2Li2Be2Al2As2P2CSO_id989_E-3.04.cif,K2Li2Be2Al2As2P2CSO,-3.0357,0.053,Semiconductor,P1,1,60
KNaTi6AlZn6_id1617_E-3.04.cif,KNaTi6AlZn6,-3.0356,0.0,Metal,P312,149,15
KGaSeS2_id279_E-3.04.cif,KGaSeS2,-3.0356,1.867,Semiconductor,P6_522,179,30
Sr2Ti6As(S6O)2_id2360_E-3.03.cif,Sr2Ti6As(S6O)2,-3.0332,0.388,Semiconductor,Pa-3,205,92
InAs_id1352_E-3.03.cif,InAs,-3.0322,1.756,Semiconductor,P4/mmm,123,16
Ge2Te2As_id1839_E-3.03.cif,Ge2Te2As,-3.0313,0.0,Metal,P2/m,10,5
In4SnTe3_id2013_E-3.03.cif,In4SnTe3,-3.0261,0.0,Metal,I-42d,122,32
Na3O11_id1296_E-3.02.cif,Na3O11,-3.0203,3.842,Insulator,P1,1,14
Ga4Sn_id2565_E-3.02.cif,Ga4Sn,-3.0198,0.0,Metal,Pma2,28,10
BaCa2CdN_id1761_E-3.02.cif,BaCa2CdN,-3.0198,0.011,Metal,Pmm2,25,5
KCd2Te4As_id29_E-3.02.cif,KCd2Te4As,-3.0174,1.07,Semiconductor,I-42m,121,16
LiAl2ZnGa2GeAs_id2647_E-3.02.cif,LiAl2ZnGa2GeAs,-3.0173,0.0,Metal,P6_1,169,48
AsO21_id1604_E-3.01.cif,AsO21,-3.011,0.256,Semiconductor,P4bm,100,44
Be2ZnBN2O_id521_E-3.01.cif,Be2ZnBN2O,-3.0107,2.262,Semiconductor,P4_12_12,92,28
Ti2Al3Zn7B3C2O3_id241_E-3.01.cif,Ti2Al3Zn7B3C2O3,-3.0103,0.016,Metal,R3m,160,60
KNaMg3InGaSnTe2Se2S5NO3_id252_E-3.01.cif,KNaMg3InGaSnTe2Se2S5NO3,-3.0089,1.421,Semiconductor,P1,1,84
Ba7Ca2N20_id1129_E-3.01.cif,Ba7Ca2N20,-3.0086,1.944,Semiconductor,P1,1,29
Al5ZnGe_id1495_E-3.01.cif,Al5ZnGe,-3.006,0.0,Metal,I-4m2,119,14
Ga_id592_E-3.01.cif,Ga,-3.0053,0.0,Metal,Pbca,61,8
Li4Al2ZnSiB2_id431_E-3.00.cif,Li4Al2ZnSiB2,-3.0034,0.0,Metal,P-1,2,40
Na3In2O3_id2481_E-3.00.cif,Na3In2O3,-3.0008,0.0,Metal,P6_3/mcm,193,16
LiGaSnGe2TeAs10Se4S13_id927_E-3.00.cif,LiGaSnGe2TeAs10Se4S13,-2.9995,3.245,Semiconductor,P1,1,66
GaSb5_id2388_E-3.00.cif,GaSb5,-2.9968,0.307,Semiconductor,P2_12_12_1,19,24
Li11Cd(SiO)2_id2718_E-2.99.cif,Li11Cd(SiO)2,-2.9925,0.0,Metal,Cmmm,65,32
Ga_id3287_E-2.99.cif,Ga,-2.9909,0.0,Metal,I4/mmm,139,20
SrLi4Si2(TeAs)2_id2429_E-2.99.cif,SrLi4Si2(TeAs)2,-2.9888,0.118,Semiconductor,P4_122,91,44
KMg5Cd3O3_id3298_E-2.99.cif,KMg5Cd3O3,-2.986,3.628,Insulator,P1,1,24
Li5Zn3(GaO)3_id2199_E-2.98.cif,Li5Zn3(GaO)3,-2.9838,0.0,Metal,Cc,9,28
Li3CaAsO4_id271_E-2.98.cif,Li3CaAsO4,-2.9823,3.559,Insulator,Pmna,53,18
Mg2Zn6Si2As2O3_id2044_E-2.98.cif,Mg2Zn6Si2As2O3,-2.9817,0.017,Metal,P321,150,15
KSc_id2443_E-2.98.cif,KSc,-2.9817,0.0,Metal,Cmce,64,16
KNa2Cd4As3S4_id135_E-2.98.cif,KNa2Cd4As3S4,-2.9796,1.83,Semiconductor,I222,23,28
LiAl2_id1695_E-2.98.cif,LiAl2,-2.9784,0.0,Metal,I4/mmm,139,12
K5Sc6Sn(TeO43)2_id1923_E-2.98.cif,K5Sc6Sn(TeO43)2,-2.9775,0.271,Semiconductor,P-3,147,100
Li4MgBe2ZnIn3SiS6_id402_E-2.98.cif,Li4MgBe2ZnIn3SiS6,-2.9771,2.193,Semiconductor,P2,3,72
In5Sn2_id1634_E-2.98.cif,In5Sn2,-2.9767,0.0,Metal,Pmma,51,14
Ga_id3285_E-2.98.cif,Ga,-2.9762,0.0,Metal,Fm-3m,225,4
Ba5SiSnO2_id2256_E-2.98.cif,Ba5SiSnO2,-2.976,0.0,Metal,P-4n2,118,18
Li2B_id3333_E-2.98.cif,Li2B,-2.9758,0.0,Metal,P6_422,181,9
NaLiAlSe4S_id2874_E-2.97.cif,NaLiAlSe4S,-2.9727,0.0,Metal,P4/mmm,123,32
LiInSn3_id983_E-2.97.cif,LiInSn3,-2.9726,0.0,Metal,P-4m2,115,10
Ba3Ca2TiB3TePN9O_id1892_E-2.97.cif,Ba3Ca2TiB3TePN9O,-2.9719,0.005,Metal,Pc,7,84
InO20_id2609_E-2.97.cif,InO20,-2.9719,0.643,Semiconductor,P1,1,21
MgZnGa2S13_id1157_E-2.97.cif,MgZnGa2S13,-2.9702,2.716,Semiconductor,Cmc2_1,36,68
K2GaSnAs_id2172_E-2.97.cif,K2GaSnAs,-2.9684,0.654,Semiconductor,P2/c,13,20
MgAl16O_id3254_E-2.97.cif,MgAl16O,-2.9652,0.0,Metal,Pm,6,72
LiSc_id2483_E-2.96.cif,LiSc,-2.9603,0.0,Metal,F-43m,216,8
CaMgGa8Si2Sn20Ge7_id1118_E-2.96.cif,CaMgGa8Si2Sn20Ge7,-2.9571,0.0,Metal,P2_12_12,18,78
Mg2Se5_id619_E-2.96.cif,Mg2Se5,-2.9567,0.0,Metal,Pcca,54,28
Na7Ca2Zn2CdTe4P2(Se2O9)2_id74_E-2.95.cif,Na7Ca2Zn2CdTe4P2(Se2O9)2,-2.9533,1.56,Semiconductor,Pm,6,80
Ca2MgC_id3335_E-2.95.cif,Ca2MgC,-2.9528,0.0,Metal,Fm-3m,225,16
Li2Mg4ScAlInGaSnSbTeAsCO6_id1489_E-2.95.cif,Li2Mg4ScAlInGaSnSbTeAsCO6,-2.9509,0.0,Metal,P3_2,145,63
LiGa6(SiAs)2_id1942_E-2.95.cif,LiGa6(SiAs)2,-2.9504,0.181,Semiconductor,P4/mnc,128,44
LiCaAlB2_id1661_E-2.95.cif,LiCaAlB2,-2.9494,0.0,Metal,Immm,71,10
ZnGaSiGe_id2264_E-2.95.cif,ZnGaSiGe,-2.9489,0.0,Metal,P-4n2,118,16
Al2In_id3152_E-2.95.cif,Al2In,-2.9475,0.0,Metal,Pma2,28,12
K3O4_id1676_E-2.95.cif,K3O4,-2.9466,3.312,Semiconductor,P-42_1m,113,14
Ca7S4_id3231_E-2.95.cif,Ca7S4,-2.9461,0.0,Metal,P4_22_12,94,22
O2_id501_E-2.94.cif,O2,-2.941,0.0,Metal,Pbca,61,8
KSO_id1294_E-2.94.cif,KSO,-2.9394,0.479,Semiconductor,P-3m1,164,6
Li7BeGaPSO10_id2530_E-2.94.cif,Li7BeGaPSO10,-2.9369,2.379,Semiconductor,Pna2_1,33,84
Li3Mg5Zn3In3Si6Sn3(GeSb)3_id93_E-2.94.cif,Li3Mg5Zn3In3Si6Sn3(GeSb)3,-2.9355,0.0,Metal,P3c1,158,58
SrGaSi3BP7S2(NO)3_id2341_E-2.93.cif,SrGaSi3BP7S2(NO)3,-2.933,0.042,Metal,Pm,6,84
Li4Be4Si5_id2074_E-2.93.cif,Li4Be4Si5,-2.9329,0.0,Metal,I2_12_12_1,24,52
Na2Li2Si2Ge_id1200_E-2.93.cif,Na2Li2Si2Ge,-2.9263,0.151,Semiconductor,Aea2,41,28
Li3Sc3ZnGa_id1332_E-2.92.cif,Li3Sc3ZnGa,-2.9241,0.0,Metal,P-6m2,187,8
K4Ba3Al2Te3S3O4_id1070_E-2.92.cif,K4Ba3Al2Te3S3O4,-2.9232,1.592,Semiconductor,P1,1,57
ScTi8Sn2Sb_id1346_E-2.92.cif,ScTi8Sn2Sb,-2.9226,0.786,Semiconductor,P1,1,24
SrLi3Ca2Ti2O7_id1207_E-2.92.cif,SrLi3Ca2Ti2O7,-2.9214,2.87,Semiconductor,P1,1,60
Ge(TeSe2)2_id1797_E-2.92.cif,Ge(TeSe2)2,-2.9205,0.902,Semiconductor,P4/mmm,123,14
Te_id2800_E-2.92.cif,Te,-2.9203,0.0,Metal,P4/m,83,4
LiAlGaSi4AsO13_id1739_E-2.92.cif,LiAlGaSi4AsO13,-2.9201,0.616,Semiconductor,Pc,7,42
Li2In2Sb_id976_E-2.92.cif,Li2In2Sb,-2.9163,0.0,Metal,Pbcn,60,20
Li3Mg2Cd3In3Te3(SeS)3_id2938_E-2.91.cif,Li3Mg2Cd3In3Te3(SeS)3,-2.9146,0.0,Metal,P31m,157,20
Ga_id2918_E-2.91.cif,Ga,-2.9133,0.0,Metal,Pmma,51,8
Li2Sc_id187_E-2.91.cif,Li2Sc,-2.9129,0.0,Metal,P2/m,10,6
Ba4Sb_id494_E-2.91.cif,Ba4Sb,-2.9105,0.167,Semiconductor,P4_2/nmc,137,10
In2SnSe_id2749_E-2.91.cif,In2SnSe,-2.9088,0.0,Metal,P4_2/ncm,138,16
KTe_id653_E-2.91.cif,KTe,-2.9074,0.868,Semiconductor,P23,195,24
Li6Mg2Al2Zn4Si2Sn2P2S(NO9)2_id2451_E-2.91.cif,Li6Mg2Al2Zn4Si2Sn2P2S(NO9)2,-2.9073,2.405,Semiconductor,P1,1,164
Li4Sn3Ge_id1911_E-2.91.cif,Li4Sn3Ge,-2.9066,0.0,Metal,Pm-3n,223,16
TiAl6(ZnGa)4_id3313_E-2.90.cif,TiAl6(ZnGa)4,-2.9046,0.0,Metal,I23,197,90
LiTiAlZnSiSbO15_id789_E-2.90.cif,LiTiAlZnSiSbO15,-2.9007,0.607,Semiconductor,Pc,7,42
Li16Ti3Al2Zn7(TeO5)2_id3307_E-2.90.cif,Li16Ti3Al2Zn7(TeO5)2,-2.9002,1.534,Semiconductor,P1,1,40
K2ScGe_id2706_E-2.90.cif,K2ScGe,-2.8993,0.0,Metal,Pbcn,60,16
LiCaGeAsO3_id961_E-2.90.cif,LiCaGeAsO3,-2.8993,0.354,Semiconductor,P2_1,4,42
KGa2As_id1975_E-2.90.cif,KGa2As,-2.8974,0.0,Metal,Immm,71,8
CaGe3C_id293_E-2.90.cif,CaGe3C,-2.8966,0.043,Metal,Pm-3m,221,5
LiBeSiBSe_id2397_E-2.90.cif,LiBeSiBSe,-2.8959,0.936,Semiconductor,P2_1,4,30
Li7Zn2O9_id15_E-2.89.cif,Li7Zn2O9,-2.8948,2.841,Semiconductor,Pm,6,18
MgTiAl4ZnCdInGaSnTe3Se6S_id2112_E-2.89.cif,MgTiAl4ZnCdInGaSnTe3Se6S,-2.8947,1.045,Semiconductor,Pm,6,84
Li2Mg3(SeS)2_id3006_E-2.89.cif,Li2Mg3(SeS)2,-2.8917,1.348,Semiconductor,Pcca,54,36
Li4Sc(AlGa2)2_id1743_E-2.89.cif,Li4Sc(AlGa2)2,-2.8871,0.0,Metal,P4cc,103,22
KLiSb5Te2As9PSe2_id1583_E-2.89.cif,KLiSb5Te2As9PSe2,-2.8862,0.818,Semiconductor,P1,1,84
KLiNO_id1464_E-2.89.cif,KLiNO,-2.8852,1.137,Semiconductor,P1,1,16
Ti3Be11ZnB6_id451_E-2.88.cif,Ti3Be11ZnB6,-2.8835,2.995,Semiconductor,Pm,6,84
NaMg2In2SnO2_id935_E-2.88.cif,NaMg2In2SnO2,-2.8835,0.0,Metal,P1,1,32
Mg3ZnCdGaTePSeS2_id3112_E-2.88.cif,Mg3ZnCdGaTePSeS2,-2.8833,0.829,Semiconductor,P1,1,44
K3Na2Li16ScIn2Te4P2(S3O2)2_id963_E-2.88.cif,K3Na2Li16ScIn2Te4P2(S3O2)2,-2.882,0.014,Metal,P1,1,80
KBaSrTeNO8_id203_E-2.88.cif,KBaSrTeNO8,-2.8813,3.366,Semiconductor,P2_1/m,11,26
Ba4Na8Cd4O9_id2036_E-2.88.cif,Ba4Na8Cd4O9,-2.8801,0.0,Metal,P4_2/nmc,137,50
Ti2O5_id1633_E-2.88.cif,Ti2O5,-2.8767,0.764,Semiconductor,P6mm,183,7
Ge_id2567_E-2.88.cif,Ge,-2.8763,0.21,Semiconductor,Cmcm,63,8
K7Li8Ca6Mg6Ti6In8SbAs6P24C6(S3O10)2_id70_E-2.87.cif,K7Li8Ca6Mg6Ti6In8SbAs6P24C6(S3O10)2,-2.8746,0.023,Metal,P321,150,104
Li2CaSn2Sb3As6(PS3)2_id2227_E-2.87.cif,Li2CaSn2Sb3As6(PS3)2,-2.874,0.053,Semiconductor,P1,1,44
NaCd3(SnSb)3_id220_E-2.87.cif,NaCd3(SnSb)3,-2.8718,0.0,Metal,P6_3/m,176,20
Na2Li14Cd4P2N2O17_id123_E-2.87.cif,Na2Li14Cd4P2N2O17,-2.8716,0.0,Metal,P1,1,164
Sc3Zn2_id1435_E-2.87.cif,Sc3Zn2,-2.8712,0.0,Metal,P4/mbm,127,20
CaIn3_id595_E-2.87.cif,CaIn3,-2.87,0.0,Metal,Fm-3m,225,16
KTe_id3362_E-2.87.cif,KTe,-2.8684,1.061,Semiconductor,P4_2/mmc,131,8
NaLiGaSb_id1439_E-2.86.cif,NaLiGaSb,-2.864,2.503,Semiconductor,P3m1,156,4
ZnCdO_id191_E-2.86.cif,ZnCdO,-2.8627,0.0,Metal,Cmme,67,12
K2NaLi4Cd4Sn4BO9_id1512_E-2.86.cif,K2NaLi4Cd4Sn4BO9,-2.8555,1.156,Semiconductor,P4,75,25
MgAl13_id2974_E-2.85.cif,MgAl13,-2.855,0.0,Metal,I-4m2,119,28
InSbTeSe_id1492_E-2.85.cif,InSbTeSe,-2.8549,0.009,Metal,P4_2/ncm,138,16
Ba2CdSn14(GeTe2)3_id1726_E-2.85.cif,Ba2CdSn14(GeTe2)3,-2.8538,0.597,Semiconductor,P2,3,78
K(ZnAs2)4_id577_E-2.85.cif,K(ZnAs2)4,-2.8532,0.0,Metal,P4_2/nmc,137,26
Ba9Na3In4O6_id3195_E-2.85.cif,Ba9Na3In4O6,-2.8486,0.0,Metal,P6_3/mcm,193,44
Na4SnTeSO13_id3304_E-2.85.cif,Na4SnTeSO13,-2.8457,2.145,Semiconductor,P-1,2,40
Na2Li4AlP2_id994_E-2.84.cif,Na2Li4AlP2,-2.8428,1.615,Semiconductor,I4/mmm,139,18
AlZnSn_id2778_E-2.84.cif,AlZnSn,-2.8406,0.0,Metal,Cmme,67,12
Ga_id879_E-2.84.cif,Ga,-2.8399,0.0,Metal,I4/mcm,140,8
Ca2InSn_id1707_E-2.84.cif,Ca2InSn,-2.839,0.0,Metal,P6_3/mmc,194,8
K2SbTe4_id752_E-2.84.cif,K2SbTe4,-2.8376,0.854,Semiconductor,Pccm,49,14
Li2Cd4Ge2Se2N2O25_id2951_E-2.84.cif,Li2Cd4Ge2Se2N2O25,-2.8359,2.62,Semiconductor,Pccn,56,148
LiTe_id1068_E-2.83.cif,LiTe,-2.8343,0.0,Metal,P4_2/mmc,131,16
In6Sn3Te12(Se5S8)2_id1114_E-2.83.cif,In6Sn3Te12(Se5S8)2,-2.834,1.304,Semiconductor,P3m1,156,47
AlZnSnSb_id1170_E-2.83.cif,AlZnSnSb,-2.8317,0.0,Metal,P4_32_12,96,16
O2_id1286_E-2.83.cif,O2,-2.8296,1.224,Semiconductor,Fm-3,202,96
Na9Te4SeS4_id536_E-2.83.cif,Na9Te4SeS4,-2.8258,1.723,Semiconductor,P4,75,36
Ca2MgSc_id2276_E-2.82.cif,Ca2MgSc,-2.8236,0.0,Metal,Fm-3m,225,16
BaSe20_id436_E-2.82.cif,BaSe20,-2.8211,2.738,Semiconductor,Cmc2_1,36,84
Mg4P5_id2975_E-2.82.cif,Mg4P5,-2.8208,0.017,Metal,I4/mmm,139,18
KBO32_id299_E-2.82.cif,KBO32,-2.8208,3.15,Semiconductor,Pm,6,68
Zn2NO5_id948_E-2.82.cif,Zn2NO5,-2.8202,0.0,Metal,P-4m2,115,16
KCa10Sc3(GeO)6_id2495_E-2.82.cif,KCa10Sc3(GeO)6,-2.8193,0.0,Metal,Im-3m,229,52
Al6ZnIn3_id2260_E-2.82.cif,Al6ZnIn3,-2.8183,0.0,Metal,P1,1,20
Ba4Sr3Li2ZnO6_id1878_E-2.82.cif,Ba4Sr3Li2ZnO6,-2.8163,4.479,Insulator,P1,1,32
Na3SrLiBe3Sn3Sb3TeSe3_id469_E-2.81.cif,Na3SrLiBe3Sn3Sb3TeSe3,-2.8141,1.34,Semiconductor,P1,1,18
Na2In2Sn2Ge2Te3Se4(SN)2_id3281_E-2.81.cif,Na2In2Sn2Ge2Te3Se4(SN)2,-2.8133,2.53,Semiconductor,P1,1,76
PS6_id2853_E-2.81.cif,PS6,-2.8082,2.196,Semiconductor,P4/mmm,123,7
K5BaMgSnGe2As7PSe4S17_id1610_E-2.81.cif,K5BaMgSnGe2As7PSe4S17,-2.8064,2.766,Semiconductor,P1,1,78
Cd2O_id2113_E-2.80.cif,Cd2O,-2.802,0.0,Metal,Pa-3,205,12
Li3MgScAs_id975_E-2.80.cif,Li3MgScAs,-2.7988,0.0,Metal,I-4m2,119,12
BeSi3_id2471_E-2.80.cif,BeSi3,-2.7979,0.0,Metal,I4mm,107,16
K2Li2Ga3(SO)6_id1135_E-2.80.cif,K2Li2Ga3(SO)6,-2.7964,2.51,Semiconductor,P2,3,38
Li4SiSn_id2906_E-2.79.cif,Li4SiSn,-2.7935,0.0,Metal,Cmcm,63,24
Li3Ge2(AsP)2_id1233_E-2.79.cif,Li3Ge2(AsP)2,-2.7933,0.069,Semiconductor,P1,1,18
K3LiMg2B3O47_id2148_E-2.79.cif,K3LiMg2B3O47,-2.7931,0.0,Metal,Pm,6,56
Ti(ZnGa)2_id3101_E-2.79.cif,Ti(ZnGa)2,-2.7927,0.0,Metal,P4_2/nmc,137,10
Ga_id1679_E-2.79.cif,Ga,-2.7916,0.0,Metal,Fd-3m,227,8
Li3Ga2Sn_id2993_E-2.79.cif,Li3Ga2Sn,-2.7913,0.0,Metal,P-4m2,115,6
KLiMgCd2(SeS)2_id2680_E-2.79.cif,KLiMgCd2(SeS)2,-2.7909,2.729,Semiconductor,P3_221,154,27
Mg4Ga2Ge3_id756_E-2.79.cif,Mg4Ga2Ge3,-2.7908,0.0,Metal,P-42m,111,9
MgTe_id1623_E-2.79.cif,MgTe,-2.7896,1.103,Semiconductor,Aea2,41,16
ZnGe_id1242_E-2.79.cif,ZnGe,-2.7855,0.0,Metal,I4_1/amd,141,8
Na4As3_id2026_E-2.78.cif,Na4As3,-2.7836,0.12,Semiconductor,I-43d,220,28
SiGe2BAsP3NO_id787_E-2.78.cif,SiGe2BAsP3NO,-2.7821,0.381,Semiconductor,P4_32_12,96,80
Ca(InSn18)2_id1383_E-2.78.cif,Ca(InSn18)2,-2.7789,0.533,Semiconductor,P2,3,78
NaSrTiBe2AlZnGaB_id81_E-2.77.cif,NaSrTiBe2AlZnGaB,-2.7748,1.55,Semiconductor,Pm,6,36
KO20_id1907_E-2.77.cif,KO20,-2.774,0.031,Metal,P2_1,4,42
Ga_id668_E-2.77.cif,Ga,-2.7735,0.0,Metal,I4/mmm,139,20
Mg2AlS_id1109_E-2.77.cif,Mg2AlS,-2.7721,0.0,Metal,Cmc2_1,36,32
Ba2NaSr2Cd3Sn2B2S2(N4O9)2_id1895_E-2.77.cif,Ba2NaSr2Cd3Sn2B2S2(N4O9)2,-2.7719,3.178,Semiconductor,P3_121,152,120
KLiSnSbO6_id943_E-2.77.cif,KLiSnSbO6,-2.7713,0.0,Metal,Cmmm,65,20
LiAlIn6_id1977_E-2.77.cif,LiAlIn6,-2.7691,0.0,Metal,Fm-3m,225,32
Na4Mg4In2Te4SeS9(NO2)2_id1712_E-2.77.cif,Na4Mg4In2Te4SeS9(NO2)2,-2.7676,2.294,Semiconductor,P1,1,60
LiZn2In2SbS2_id1589_E-2.76.cif,LiZn2In2SbS2,-2.7627,0.0,Metal,P4bm,100,16
LiZn2GaB_id751_E-2.76.cif,LiZn2GaB,-2.7619,0.0,Metal,P4/mmm,123,5
Zn2Te3_id1099_E-2.76.cif,Zn2Te3,-2.7617,0.0,Metal,P6/mmm,191,10
Li4As_id1356_E-2.76.cif,Li4As,-2.7612,0.879,Semiconductor,I-4m2,119,20
Li7MgTiO2_id260_E-2.76.cif,Li7MgTiO2,-2.761,3.623,Insulator,P-6c2,188,22
KBaSe_id3381_E-2.76.cif,KBaSe,-2.7592,2.037,Semiconductor,Immm,71,12
Al(In3Te4)2_id109_E-2.76.cif,Al(In3Te4)2,-2.7587,0.0,Metal,P2,3,60
Al2CdGa6Sn5_id1715_E-2.76.cif,Al2CdGa6Sn5,-2.756,0.417,Semiconductor,P1,1,28
CaSn_id1428_E-2.75.cif,CaSn,-2.7533,0.0,Metal,P-4n2,118,16
Li8CaCd2Ga4Sb5O13_id45_E-2.75.cif,Li8CaCd2Ga4Sb5O13,-2.7506,2.563,Semiconductor,P1,1,33
KTiAlIn2Sn2Sb(Te7Se)2_id3320_E-2.75.cif,KTiAlIn2Sn2Sb(Te7Se)2,-2.7478,2.323,Semiconductor,P4,75,48
CdGa3(Se2S)4_id2020_E-2.75.cif,CdGa3(Se2S)4,-2.7467,1.499,Semiconductor,P-42c,112,32
MgP_id3175_E-2.74.cif,MgP,-2.7433,0.15,Semiconductor,P4_232,208,24
Mg3ScBe_id762_E-2.74.cif,Mg3ScBe,-2.7415,0.0,Metal,Pm-3m,221,5
ScS36_id2798_E-2.74.cif,ScS36,-2.7405,1.001,Semiconductor,Pc,7,74
Na8Zn13(GeO2)6_id1324_E-2.74.cif,Na8Zn13(GeO2)6,-2.7398,0.012,Metal,Im-3,204,78
Li2MgTi2GaSn_id2915_E-2.74.cif,Li2MgTi2GaSn,-2.7391,0.0,Metal,Cmmm,65,14
LiMgGaSn2_id1349_E-2.74.cif,LiMgGaSn2,-2.7389,0.0,Metal,P4_2/mmc,131,10
K6Na3Li6SiSnSb3TeC3(N6O5)3_id3047_E-2.74.cif,K6Na3Li6SiSnSb3TeC3(N6O5)3,-2.7363,0.255,Semiconductor,P1,1,114
LiZn2(As2S)2_id343_E-2.73.cif,LiZn2(As2S)2,-2.7348,0.507,Semiconductor,P3_121,152,27
Sn2Ge2P(Se2S)2_id3_E-2.73.cif,Sn2Ge2P(Se2S)2,-2.7324,2.603,Semiconductor,P1,1,44
Na2BeAlSn3_id2404_E-2.73.cif,Na2BeAlSn3,-2.7314,0.0,Metal,P3,143,7
Ca2Ge37_id2425_E-2.73.cif,Ca2Ge37,-2.7299,0.0,Metal,Pmm2,25,78
K2AsP(SO17)2_id13_E-2.73.cif,K2AsP(SO17)2,-2.7289,0.126,Semiconductor,P1,1,80
LiGaS4_id848_E-2.73.cif,LiGaS4,-2.7287,0.398,Semiconductor,I4_1/a,88,24
Ga6Si_id2721_E-2.73.cif,Ga6Si,-2.7287,0.0,Metal,Pma2,28,14
Zn2O_id3239_E-2.73.cif,Zn2O,-2.7261,1.922,Semiconductor,Pbcn,60,12
K4P3_id3297_E-2.72.cif,K4P3,-2.7248,1.123,Semiconductor,I-43d,220,28
Cd6AsO3_id2945_E-2.72.cif,Cd6AsO3,-2.7208,0.0,Metal,P-1,2,60
SbTe7_id2136_E-2.72.cif,SbTe7,-2.7202,0.0,Metal,Pbcm,57,64
K2NaSn2Sb3As2_id3291_E-2.72.cif,K2NaSn2Sb3As2,-2.7158,0.0,Metal,Fmm2,42,40
NaLiGaTe2As3P(SO10)2_id2543_E-2.72.cif,NaLiGaTe2As3P(SO10)2,-2.7155,1.928,Semiconductor,P1,1,124
AlIn5_id1781_E-2.71.cif,AlIn5,-2.7147,0.0,Metal,Immm,71,12
Li2MgSc2GaTe2_id1949_E-2.71.cif,Li2MgSc2GaTe2,-2.7144,0.0,Metal,P2,3,16
SrGa2Ge2O_id1913_E-2.71.cif,SrGa2Ge2O,-2.7125,0.098,Semiconductor,I4/mmm,139,12
KTeO9_id1776_E-2.71.cif,KTeO9,-2.7101,4.352,Insulator,P-3,147,22
KLi2MgSi2B2TeP2SeS2NO6_id2538_E-2.71.cif,KLi2MgSi2B2TeP2SeS2NO6,-2.7096,3.272,Semiconductor,P3_2,145,63
Na2Ga5Sn_id1326_E-2.71.cif,Na2Ga5Sn,-2.7093,2.223,Semiconductor,Fmm2,42,32
BaAl2Cd2SiSb4(TeSe)4_id951_E-2.71.cif,BaAl2Cd2SiSb4(TeSe)4,-2.7093,0.009,Metal,P1,1,36
Be3AlGe_id3187_E-2.71.cif,Be3AlGe,-2.7089,0.207,Semiconductor,I-43m,217,40
Al2Zn2Si_id854_E-2.71.cif,Al2Zn2Si,-2.7086,0.0,Metal,I4_1/amd,141,40
Na(LiGe2)3_id3261_E-2.71.cif,Na(LiGe2)3,-2.7075,0.0,Metal,Im-3m,229,20
LiSc_id1867_E-2.71.cif,LiSc,-2.7071,0.0,Metal,P4/mmm,123,4
BeZn2(InSe2)2_id1648_E-2.71.cif,BeZn2(InSe2)2,-2.7069,0.0,Metal,P-42m,111,9
KBeAlZnSiSbTe2As(SeS2)4_id159_E-2.71.cif,KBeAlZnSiSbTe2As(SeS2)4,-2.7051,1.824,Semiconductor,P1,1,84
KMg2Zn2In(GaO)2_id2463_E-2.70.cif,KMg2Zn2In(GaO)2,-2.7047,1.821,Semiconductor,P3m1,156,10
Sr2MgSiB2PO2_id1755_E-2.70.cif,Sr2MgSiB2PO2,-2.7038,0.958,Semiconductor,Pmm2,25,36
Ba2Li2Zn2Ge2As2P2C7N2O5_id3217_E-2.70.cif,Ba2Li2Zn2Ge2As2P2C7N2O5,-2.7029,0.356,Semiconductor,P1,1,78
Na2Sn2As3P2Se(S9O)2_id1037_E-2.70.cif,Na2Sn2As3P2Se(S9O)2,-2.7027,2.569,Semiconductor,Fmmm,69,120
NaIn2Sn_id2342_E-2.70.cif,NaIn2Sn,-2.7004,0.0,Metal,P3m1,156,4
KLiCaSnB(PO7)2_id1565_E-2.70.cif,KLiCaSnB(PO7)2,-2.6988,0.326,Semiconductor,Pm,6,21
Ba4Ga_id2992_E-2.70.cif,Ba4Ga,-2.6983,0.017,Metal,Ccce,68,20
Ti3Zn3Sn3Te16_id3058_E-2.70.cif,Ti3Zn3Sn3Te16,-2.6968,1.158,Semiconductor,P6_3/m,176,50
LiGa8Ge_id3045_E-2.70.cif,LiGa8Ge,-2.6965,0.0,Metal,I422,97,20
LiMgGaSn_id874_E-2.69.cif,LiMgGaSn,-2.6948,0.0,Metal,P4_2/mmc,131,8
Li8GaBP3O8_id1546_E-2.69.cif,Li8GaBP3O8,-2.6903,1.883,Semiconductor,Pna2_1,33,84
Li2Ti2Zn_id1008_E-2.69.cif,Li2Ti2Zn,-2.6891,0.0,Metal,P2/c,13,10
NaCaInSnSb_id1378_E-2.69.cif,NaCaInSnSb,-2.6866,0.0,Metal,P6_2,171,30
Mg7Al2Si2Ge2(PN)6_id2090_E-2.69.cif,Mg7Al2Si2Ge2(PN)6,-2.6859,1.052,Semiconductor,P3_121,152,75
In_id192_E-2.69.cif,In,-2.6854,0.0,Metal,Fm-3m,225,28
Ga_id3144_E-2.69.cif,Ga,-2.6852,0.0,Metal,P2_12_12_1,19,12
K2MgIn2Te3(SeS2)2_id351_E-2.69.cif,K2MgIn2Te3(SeS2)2,-2.6852,1.612,Semiconductor,I4cm,108,56
Zn2Ga4Si6Sn2GeB2_id2258_E-2.68.cif,Zn2Ga4Si6Sn2GeB2,-2.6791,0.104,Semiconductor,P4/mmm,123,34
Ba6Ca7Zn6CdIn2Ga2Si2B12C6(N3O7)2_id1924_E-2.68.cif,Ba6Ca7Zn6CdIn2Ga2Si2B12C6(N3O7)2,-2.6754,0.024,Metal,C2,5,64
KBaNa3SrLiCaBeZnGaGeTe2As3P4_id2445_E-2.67.cif,KBaNa3SrLiCaBeZnGaGeTe2As3P4,-2.6746,0.407,Semiconductor,P4_3,78,84
CNO_id634_E-2.67.cif,CNO,-2.6745,1.471,Semiconductor,P-6m2,187,3
Li3Mg3GeP_id3163_E-2.67.cif,Li3Mg3GeP,-2.6728,0.0,Metal,Pm-3m,221,8
KNaSrLiZnCd3GaSbTe8AsSe2_id696_E-2.67.cif,KNaSrLiZnCd3GaSbTe8AsSe2,-2.6703,0.09,Semiconductor,P4_1,76,84
Be4(AlZn)3_id677_E-2.67.cif,Be4(AlZn)3,-2.6685,0.0,Metal,I-43d,220,40
Ba3Li_id2769_E-2.66.cif,Ba3Li,-2.6644,5.705,Insulator,I4_132,214,64
Na3Li3MgZnIn6Ga9Sn3Ge3(SbAs)3_id1241_E-2.66.cif,Na3Li3MgZnIn6Ga9Sn3Ge3(SbAs)3,-2.6631,0.0,Metal,P3,143,35
Ba4Si_id1919_E-2.66.cif,Ba4Si,-2.6584,0.0,Metal,I4_1/a,88,20
NaSr2Li7GeO9_id4_E-2.66.cif,NaSr2Li7GeO9,-2.6579,0.349,Semiconductor,P1,1,80
Li3Ge_id2956_E-2.66.cif,Li3Ge,-2.6563,4.055,Insulator,P6mm,183,16
NaLi2InGe2SbTe2_id1905_E-2.66.cif,NaLi2InGe2SbTe2,-2.6555,0.376,Semiconductor,I-4m2,119,36
TiAl2Zn2(GaSn)2_id1357_E-2.65.cif,TiAl2Zn2(GaSn)2,-2.6537,0.034,Metal,Pm,6,36
SrLi2CaScTiCdGaSiBSbNO9_id3122_E-2.65.cif,SrLi2CaScTiCdGaSiBSbNO9,-2.653,0.0,Metal,P2_1/m,11,42
Al3ZnGa4_id1541_E-2.65.cif,Al3ZnGa4,-2.6512,0.0,Metal,P-43m,215,64
Li3Ga4_id1281_E-2.65.cif,Li3Ga4,-2.6504,0.0,Metal,Ccce,68,28
In_id313_E-2.65.cif,In,-2.6497,0.0,Metal,P4_2/m,84,8
K2SnGe_id2973_E-2.65.cif,K2SnGe,-2.6489,0.311,Semiconductor,Pmmn,59,8
NaZnSe2_id295_E-2.65.cif,NaZnSe2,-2.6486,0.0,Metal,P3_221,154,12
Sr2LiZnTe11As3Se7S9_id2207_E-2.65.cif,Sr2LiZnTe11As3Se7S9,-2.6451,1.639,Semiconductor,P1,1,136
CaMg3Ga2Sn9_id2997_E-2.64.cif,CaMg3Ga2Sn9,-2.6438,0.0,Metal,P6/mmm,191,15
ScTiCd4_id140_E-2.64.cif,ScTiCd4,-2.6426,0.0,Metal,Pmmm,47,6
BeCdSnSb2Te3As7PS5_id1787_E-2.64.cif,BeCdSnSb2Te3As7PS5,-2.6385,1.467,Semiconductor,Cc,9,84
Na2SrLi5MgZn2Ga2SbSe10(S3O4)2_id1948_E-2.63.cif,Na2SrLi5MgZn2Ga2SbSe10(S3O4)2,-2.6334,0.855,Semiconductor,I4cm,108,152
CaAl2ZnInGa_id2799_E-2.63.cif,CaAl2ZnInGa,-2.6333,0.0,Metal,Imma,74,24
BeAl2GaB4P4S2(N5O6)2_id2541_E-2.63.cif,BeAl2GaB4P4S2(N5O6)2,-2.633,2.913,Semiconductor,P3_121,152,108
Sr2Li2Ca2Ge3_id723_E-2.63.cif,Sr2Li2Ca2Ge3,-2.6313,0.0,Metal,Pmm2,25,36
CdInSb(Te2Se3)3_id1528_E-2.63.cif,CdInSb(Te2Se3)3,-2.6291,0.286,Semiconductor,Cc,9,72
KIn12_id2408_E-2.63.cif,KIn12,-2.6269,0.0,Metal,Fm-3m,225,52
KMgAlGaSn_id584_E-2.63.cif,KMgAlGaSn,-2.6265,0.0,Metal,Aem2,39,20
Sr2CaCdInSn_id1795_E-2.63.cif,Sr2CaCdInSn,-2.6263,0.597,Semiconductor,P1,1,18
Ca2Zn3Ge3Sb3(AsP2)3_id1405_E-2.63.cif,Ca2Zn3Ge3Sb3(AsP2)3,-2.626,1.24,Semiconductor,R-3c,167,120
Na2InGaSn5Sb2_id1474_E-2.63.cif,Na2InGaSn5Sb2,-2.6258,0.277,Semiconductor,P1,1,88
Zn3Sn4Te3As9PS3_id3336_E-2.63.cif,Zn3Sn4Te3As9PS3,-2.6252,0.01,Metal,P6_322,182,46
AlGa29_id1989_E-2.62.cif,AlGa29,-2.6239,0.0,Metal,Pm,6,30
Al3ZnGa3_id2465_E-2.62.cif,Al3ZnGa3,-2.6233,0.0,Metal,Pm-3n,223,14
Li2Zn2GaSnTe6AsPSe5S2_id1808_E-2.62.cif,Li2Zn2GaSnTe6AsPSe5S2,-2.6222,1.657,Semiconductor,P1,1,84
Li(ZnGe)3_id372_E-2.62.cif,Li(ZnGe)3,-2.6211,0.287,Semiconductor,Pm-3n,223,14
MgTiCd3GeTe2Se10S3_id2415_E-2.62.cif,MgTiCd3GeTe2Se10S3,-2.6209,0.0,Metal,Pna2_1,33,84
SrIn4_id2847_E-2.62.cif,SrIn4,-2.6199,0.0,Metal,P-42_1c,114,10
Na8CaSbS2O9_id665_E-2.62.cif,Na8CaSbS2O9,-2.6192,0.915,Semiconductor,Pc,7,42
ZnAs_id2928_E-2.62.cif,ZnAs,-2.6192,0.0,Metal,F-43m,216,32
K3Na5CaSe6_id2554_E-2.62.cif,K3Na5CaSe6,-2.6189,0.133,Semiconductor,R32,155,45
CaAl2Ga6(TeSe)6_id2901_E-2.62.cif,CaAl2Ga6(TeSe)6,-2.6164,4.087,Insulator,P6mm,183,21
In3Sn7_id1167_E-2.62.cif,In3Sn7,-2.6152,0.0,Metal,Pm,6,10
CaIn2_id2991_E-2.61.cif,CaIn2,-2.614,0.0,Metal,Fm-3m,225,12
Na4Cd(GeTe2)4_id2305_E-2.61.cif,Na4Cd(GeTe2)4,-2.6121,0.0,Metal,P1,1,17
K5NaInO6_id713_E-2.61.cif,K5NaInO6,-2.6119,0.428,Semiconductor,I4mm,107,26
In_id1855_E-2.61.cif,In,-2.6104,0.0,Metal,Pm-3n,223,12
Na12SnTe6_id2011_E-2.61.cif,Na12SnTe6,-2.6094,0.0,Metal,Im-3,204,38
ZnTeAsSe_id2222_E-2.61.cif,ZnTeAsSe,-2.6091,1.073,Semiconductor,P4_32_12,96,32
LiTi6BeAl4Zn2GaSnTeS2NO_id971_E-2.61.cif,LiTi6BeAl4Zn2GaSnTeS2NO,-2.6091,0.553,Semiconductor,Pm,6,84
Al3Ga_id1908_E-2.61.cif,Al3Ga,-2.6076,3.557,Insulator,P4_22_12,94,32
NaCaMg2CdInGaSbTe12S_id2217_E-2.61.cif,NaCaMg2CdInGaSbTe12S,-2.6064,0.016,Metal,P1,1,21
MgSeO_id3018_E-2.60.cif,MgSeO,-2.6048,2.028,Semiconductor,Im-3,204,36
NaLi3Zn4GaP4(Se3S5)2_id337_E-2.60.cif,NaLi3Zn4GaP4(Se3S5)2,-2.6043,2.166,Semiconductor,Pcc2,27,58
NaSn2_id1011_E-2.60.cif,NaSn2,-2.6039,1.079,Semiconductor,P4/mmm,123,24
MgAl6_id2765_E-2.60.cif,MgAl6,-2.6038,0.0,Metal,P-4m2,115,7
Mg3(Se2S3)2_id2431_E-2.60.cif,Mg3(Se2S3)2,-2.6033,2.171,Semiconductor,P1,1,26
BaNaMgBe2SnBSbTeAsSNO9_id1818_E-2.60.cif,BaNaMgBe2SnBSbTeAsSNO9,-2.603,0.799,Semiconductor,P1,1,63
LiZnSn_id3230_E-2.60.cif,LiZnSn,-2.5989,0.0,Metal,P6_3/mmc,194,6
Li2MgIn3Ga2Sn4Te10Se6(SO)4_id312_E-2.60.cif,Li2MgIn3Ga2Sn4Te10Se6(SO)4,-2.5984,0.787,Semiconductor,Pnna,52,144
NaIn5_id3062_E-2.60.cif,NaIn5,-2.5971,0.416,Semiconductor,I4/mmm,139,12
K4LiMg6Cd4O4_id916_E-2.59.cif,K4LiMg6Cd4O4,-2.5914,0.002,Metal,P4_2/n,86,38
LiZnGa3Sn_id2007_E-2.59.cif,LiZnGa3Sn,-2.5911,0.0,Metal,C222_1,20,48
Sr(AsO)6_id2515_E-2.59.cif,Sr(AsO)6,-2.5886,0.047,Metal,P4_332,212,52
CdGe_id641_E-2.59.cif,CdGe,-2.5876,0.0,Metal,I4_1/amd,141,8
MgAl4(Te3Se2)4_id1029_E-2.59.cif,MgAl4(Te3Se2)4,-2.5862,0.0,Metal,P-42m,111,25
KAlIn4Sn_id2560_E-2.59.cif,KAlIn4Sn,-2.5856,0.0,Metal,Pmma,51,14
Li4Mg2Al4Cd2In2Ga2Sn7Ge_id403_E-2.59.cif,Li4Mg2Al4Cd2In2Ga2Sn7Ge,-2.5853,0.005,Metal,P-1,2,24
K2Na2CaZn2(Ge2As)2_id77_E-2.58.cif,K2Na2CaZn2(Ge2As)2,-2.5847,0.356,Semiconductor,P3_112,151,39
Li8ZnSi2_id3306_E-2.58.cif,Li8ZnSi2,-2.5847,0.0,Metal,I-42d,122,44
O2_id734_E-2.58.cif,O2,-2.5844,0.38,Semiconductor,P4/mmm,123,4
Li4SiSnGe2_id3082_E-2.58.cif,Li4SiSnGe2,-2.5839,0.0,Metal,P4_2/mnm,136,16
LiMg4Sc2CdIn2_id2351_E-2.58.cif,LiMg4Sc2CdIn2,-2.582,0.0,Metal,P4/mmm,123,10
TiAl2(ZnGa)2_id1152_E-2.58.cif,TiAl2(ZnGa)2,-2.5803,0.0,Metal,Immm,71,14
K3Na3Li6Ca3Mg3Be6In4GaSi3Te3(P2S)3_id1751_E-2.57.cif,K3Na3Li6Ca3Mg3Be6In4GaSi3Te3(P2S)3,-2.5748,1.254,Semiconductor,P1,1,132
LiZnInGa4_id2371_E-2.57.cif,LiZnInGa4,-2.5746,0.0,Metal,Imm2,44,14
Na2Li10Be8AlZn2Ga4Te2C2(SO4)2_id1127_E-2.57.cif,Na2Li10Be8AlZn2Ga4Te2C2(SO4)2,-2.5726,1.844,Semiconductor,P1,1,82
KNaAs_id1426_E-2.57.cif,KNaAs,-2.5714,0.935,Semiconductor,P-6m2,187,3
LiMgZn2Ga2Si3Ge4_id3317_E-2.57.cif,LiMgZn2Ga2Si3Ge4,-2.5713,0.026,Metal,P6_5,170,78
Mg2AlSb_id314_E-2.57.cif,Mg2AlSb,-2.571,0.0,Metal,P-6m2,187,4
Sr2MgSc_id2219_E-2.57.cif,Sr2MgSc,-2.5693,0.0,Metal,Fm-3m,225,16
Al3Ga7_id911_E-2.57.cif,Al3Ga7,-2.5661,2.168,Semiconductor,R-3c,167,60
K2Ti8Al2Zn4CdGaTeSO_id3108_E-2.57.cif,K2Ti8Al2Zn4CdGaTeSO,-2.5661,0.456,Semiconductor,Ama2,40,84
K2NaLiSb2TeAs_id2286_E-2.57.cif,K2NaLiSb2TeAs,-2.5661,2.259,Semiconductor,P1,1,32
Ca3(InGe)2_id170_E-2.56.cif,Ca3(InGe)2,-2.5632,0.0,Metal,Iba2,45,28
Mg3Be(GaO)2_id579_E-2.56.cif,Mg3Be(GaO)2,-2.5623,0.0,Metal,P4_2/mmc,131,16
Li3ZnSn2GeB3SO10_id2428_E-2.56.cif,Li3ZnSn2GeB3SO10,-2.5616,1.388,Semiconductor,Pna2_1,33,84
ZnSbTe19_id748_E-2.56.cif,ZnSbTe19,-2.5608,0.248,Semiconductor,P1,1,63
Li2Be2Ga2Ge_id1968_E-2.56.cif,Li2Be2Ga2Ge,-2.5606,0.0,Metal,I4mm,107,28
TiBO2_id2277_E-2.56.cif,TiBO2,-2.5605,1.61,Semiconductor,C222_1,20,16
Sc6GeAs7_id2869_E-2.56.cif,Sc6GeAs7,-2.5591,0.0,Metal,P6_222,180,42
Li10O3_id62_E-2.56.cif,Li10O3,-2.5584,3.452,Semiconductor,P1,1,52
Na2In6Sn10Sb8TeAs_id1218_E-2.56.cif,Na2In6Sn10Sb8TeAs,-2.5577,0.0,Metal,P1,1,56
NaSrLiSeS4_id2382_E-2.56.cif,NaSrLiSeS4,-2.557,0.034,Metal,Cmm2,35,32
Na5Te4_id1579_E-2.55.cif,Na5Te4,-2.5522,0.006,Metal,P-42_1c,114,18
ScBAsP2C9N7_id2259_E-2.55.cif,ScBAsP2C9N7,-2.5514,1.136,Semiconductor,P1,1,84
In_id1414_E-2.55.cif,In,-2.5506,0.0,Metal,P-43n,218,24
Na2Sc3Ti2Ga2(GeN)2_id745_E-2.55.cif,Na2Sc3Ti2Ga2(GeN)2,-2.5505,0.0,Metal,P1,1,26
Sr4Li(AlIn2)3_id3182_E-2.55.cif,Sr4Li(AlIn2)3,-2.5496,0.0,Metal,Im-3m,229,28
Ba2Mg2ScCd2(InS)2_id2903_E-2.55.cif,Ba2Mg2ScCd2(InS)2,-2.5495,0.028,Metal,P-1,2,11
PO3_id1361_E-2.55.cif,PO3,-2.5483,0.0,Metal,Pm-3n,223,8
LiBe3In_id998_E-2.55.cif,LiBe3In,-2.5482,0.0,Metal,P4_332,212,20
K2Ca(GaGe)4_id1166_E-2.55.cif,K2Ca(GaGe)4,-2.5453,0.407,Semiconductor,I4_1cd,110,88
Na2In9Sn(TeSe)2_id2714_E-2.54.cif,Na2In9Sn(TeSe)2,-2.545,0.0,Metal,P6_122,178,96
Ba2SrCaCdIn8_id3300_E-2.54.cif,Ba2SrCaCdIn8,-2.5437,0.0,Metal,Pmmm,47,13
Cd2In4Sn3Te2_id3205_E-2.54.cif,Cd2In4Sn3Te2,-2.5427,0.0,Metal,Aea2,41,44
Li2CaMg2As_id3322_E-2.54.cif,Li2CaMg2As,-2.5421,0.846,Semiconductor,P-3m1,164,6
Li5Ca3Cd6O16_id1273_E-2.54.cif,Li5Ca3Cd6O16,-2.5419,0.0,Metal,I23,197,60
Li3Mg3TiCdGa2_id553_E-2.54.cif,Li3Mg3TiCdGa2,-2.5402,0.0,Metal,P1,1,20
K2Na2Li6CdS2(NO13)2_id2459_E-2.54.cif,K2Na2Li6CdS2(NO13)2,-2.5398,2.482,Semiconductor,P4_2,77,82
LiZnTeSe_id3041_E-2.54.cif,LiZnTeSe,-2.5392,4.045,Insulator,P4nc,104,32
Ca2Sc2TiBe2Zn2Ga_id3349_E-2.54.cif,Ca2Sc2TiBe2Zn2Ga,-2.5382,0.0,Metal,Fmmm,69,40
Al19Ga_id3056_E-2.54.cif,Al19Ga,-2.5377,0.0,Metal,I4,79,40
In_id3331_E-2.54.cif,In,-2.5363,0.0,Metal,Ccce,68,20
LiSc_id1587_E-2.54.cif,LiSc,-2.5356,1.569,Semiconductor,Pmmm,47,24
Na8GaSi(GeAs)8_id336_E-2.54.cif,Na8GaSi(GeAs)8,-2.5354,3.487,Semiconductor,P4/mcc,124,52
CaIn2_id1961_E-2.53.cif,CaIn2,-2.535,0.0,Metal,I4/mmm,139,6
K5Li3Ga3Si3B6(SbO)3_id2244_E-2.53.cif,K5Li3Ga3Si3B6(SbO)3,-2.5308,0.0,Metal,P6_3,173,52
Li3GaSn_id1034_E-2.53.cif,Li3GaSn,-2.5305,0.0,Metal,Pm-3m,221,5
Ca2BeCdS4_id2952_E-2.53.cif,Ca2BeCdS4,-2.528,0.0,Metal,P4/mmm,123,16
Al4Zn_id992_E-2.53.cif,Al4Zn,-2.5265,0.0,Metal,P-62c,190,30
ZnIn2O20_id497_E-2.53.cif,ZnIn2O20,-2.5261,1.044,Semiconductor,P4_2/nnm,134,46
Ba2Na2Sr2SiO2_id2369_E-2.52.cif,Ba2Na2Sr2SiO2,-2.5247,2.243,Semiconductor,P1,1,36
AlZnGeTeSe_id1672_E-2.52.cif,AlZnGeTeSe,-2.5244,1.04,Semiconductor,P6_522,179,30
Ca2Sc5AlCd2_id1180_E-2.52.cif,Ca2Sc5AlCd2,-2.5232,0.0,Metal,P1,1,20
CdIn4Sn7Se2_id978_E-2.52.cif,CdIn4Sn7Se2,-2.5223,0.003,Metal,Pc,7,28
ScSnTe3S3O5_id1147_E-2.52.cif,ScSnTe3S3O5,-2.5215,0.547,Semiconductor,Pm,6,26
KNa6Sr6Al2InGa8B18C6(N3O25)2_id526_E-2.52.cif,KNa6Sr6Al2InGa8B18C6(N3O25)2,-2.5214,0.813,Semiconductor,P1,1,104
Be2Zn6Cd(TeSe)4_id2688_E-2.52.cif,Be2Zn6Cd(TeSe)4,-2.5212,0.0,Metal,P-42m,111,17
K2Na3SiGe2_id1759_E-2.52.cif,K2Na3SiGe2,-2.5171,0.0,Metal,Pn-3m,224,16
LiZn2Si_id2328_E-2.52.cif,LiZn2Si,-2.5171,0.0,Metal,I4/mmm,139,8
Li2MgSb_id2908_E-2.52.cif,Li2MgSb,-2.516,0.005,Metal,P-6m2,187,8
CdSn2_id2381_E-2.52.cif,CdSn2,-2.5159,0.0,Metal,Ia-3,206,24
Na4BeSiSe12_id44_E-2.51.cif,Na4BeSiSe12,-2.5134,6.797,Insulator,Pm,6,36
K3AlInGaSe4_id294_E-2.51.cif,K3AlInGaSe4,-2.513,1.86,Semiconductor,P4/mmm,123,10
Mg4Ge3_id2725_E-2.51.cif,Mg4Ge3,-2.5129,0.115,Semiconductor,Ccce,68,28
Na4Li6Be2Al4Zn2Ga(N3O8)2_id2124_E-2.51.cif,Na4Li6Be2Al4Zn2Ga(N3O8)2,-2.5121,1.383,Semiconductor,P1,1,82
Zn2In2Ga2Sn_id894_E-2.51.cif,Zn2In2Ga2Sn,-2.5114,0.0,Metal,I4/mmm,139,14
NaSrLiZn2CdSnGeSb4_id200_E-2.51.cif,NaSrLiZn2CdSnGeSb4,-2.5107,2.933,Semiconductor,P1,1,36
Na5SrAl4Sb(NO4)4_id902_E-2.51.cif,Na5SrAl4Sb(NO4)4,-2.5075,0.841,Semiconductor,P1,1,124
LiTi2Be2CdGa4NO5_id2557_E-2.51.cif,LiTi2Be2CdGa4NO5,-2.5062,0.0,Metal,P1,1,64
Na4Li2CaZnCd2C4(N2O5)2_id2640_E-2.51.cif,Na4Li2CaZnCd2C4(N2O5)2,-2.506,2.13,Semiconductor,P-42_1c,114,56
Li3(InSb)2_id1890_E-2.51.cif,Li3(InSb)2,-2.5052,3.169,Semiconductor,P1,1,56
Li2Al4GaGe_id2821_E-2.50.cif,Li2Al4GaGe,-2.4999,0.0,Metal,Pbcm,57,32
KGaO_id280_E-2.50.cif,KGaO,-2.4978,0.305,Semiconductor,C222_1,20,12
Li5AlGa4_id820_E-2.50.cif,Li5AlGa4,-2.4975,0.0,Metal,P4_2cm,101,20
K3Li5Al3In7Ge3Sb3Te6As3Se3S15(NO2)3_id1079_E-2.50.cif,K3Li5Al3In7Ge3Sb3Te6As3Se3S15(NO2)3,-2.4975,0.01,Metal,P1,1,60
Na6Li6GaAs6_id689_E-2.50.cif,Na6Li6GaAs6,-2.4973,0.0,Metal,P-3c1,165,38
Sc2Zn4Sn(TeO2)2_id1971_E-2.50.cif,Sc2Zn4Sn(TeO2)2,-2.4972,0.022,Metal,P1,1,26
KInSe2_id2146_E-2.50.cif,KInSe2,-2.4966,0.0,Metal,Pnma,62,16
Zn6SnTeAs3Se2S3_id2781_E-2.50.cif,Zn6SnTeAs3Se2S3,-2.4957,1.001,Semiconductor,R-3m,166,48
K3Na3CdGa3BAs6S13(N2O5)3_id2365_E-2.50.cif,K3Na3CdGa3BAs6S13(N2O5)3,-2.4955,2.323,Semiconductor,P6_3,173,102
KNaInGe_id2447_E-2.50.cif,KNaInGe,-2.495,0.0,Metal,P-6m2,187,4
KNaCdSn3_id1721_E-2.49.cif,KNaCdSn3,-2.4949,0.126,Semiconductor,P-4n2,118,12
K4BeAlZnGa3B3Sb2As2PSO2_id3090_E-2.49.cif,K4BeAlZnGa3B3Sb2As2PSO2,-2.4949,1.373,Semiconductor,P1,1,63
In6Sn15Sb_id1456_E-2.49.cif,In6Sn15Sb,-2.4936,0.0,Metal,Pm,6,44
Al2ZnGa3Si5Ge2_id2988_E-2.49.cif,Al2ZnGa3Si5Ge2,-2.4926,0.036,Metal,P1,1,52
Li2Ga_id2364_E-2.49.cif,Li2Ga,-2.4918,0.0,Metal,I4/mcm,140,12
K2CaSeNO6_id2504_E-2.49.cif,K2CaSeNO6,-2.491,1.517,Semiconductor,Pm,6,88
BaSr2Ca2TiBeGa2P2S2N_id1946_E-2.49.cif,BaSr2Ca2TiBeGa2P2S2N,-2.4908,0.35,Semiconductor,Pnma,62,56
KGa2_id517_E-2.49.cif,KGa2,-2.4893,0.238,Semiconductor,P6/mmm,191,3
KSb_id2937_E-2.49.cif,KSb,-2.4891,0.614,Semiconductor,P-3m1,164,4
CdIn6Ga_id90_E-2.49.cif,CdIn6Ga,-2.4881,0.0,Metal,Fm-3m,225,32
LiMg2Sc3Cd4_id2573_E-2.48.cif,LiMg2Sc3Cd4,-2.4839,0.0,Metal,P2/m,10,10
Na6SrLi8Sc4Zn6Cd12Ga2P6Se18(S2O)6_id2137_E-2.48.cif,Na6SrLi8Sc4Zn6Cd12Ga2P6Se18(S2O)6,-2.4807,1.519,Semiconductor,P1,1,81
Mg2S_id456_E-2.48.cif,Mg2S,-2.4786,2.318,Semiconductor,Imm2,44,12
Na3Si2_id2200_E-2.48.cif,Na3Si2,-2.4785,0.0,Metal,I2_12_12_1,24,20
Na2Sn2GeO_id2830_E-2.48.cif,Na2Sn2GeO,-2.4776,0.092,Semiconductor,Pbam,55,24
NaLi3P_id76_E-2.48.cif,NaLi3P,-2.4774,1.228,Semiconductor,Pnn2,34,10
In2Sn5Sb_id1215_E-2.48.cif,In2Sn5Sb,-2.477,0.0,Metal,P1,1,16
Li2CdSiSnO3_id3220_E-2.48.cif,Li2CdSiSnO3,-2.4768,0.873,Semiconductor,Pccn,56,64
Li2Zn2Si_id476_E-2.47.cif,Li2Zn2Si,-2.4747,0.0,Metal,Immm,71,10
ScCdIn8Ga5SnO8_id3067_E-2.47.cif,ScCdIn8Ga5SnO8,-2.4745,0.389,Semiconductor,F-43m,216,96
Zn3O_id490_E-2.47.cif,Zn3O,-2.4731,1.34,Semiconductor,P4_132,213,32
ScZn6(SeS3)2_id68_E-2.47.cif,ScZn6(SeS3)2,-2.4726,2.998,Semiconductor,P1,1,60
Ge15As4_id528_E-2.47.cif,Ge15As4,-2.4712,0.633,Semiconductor,P1,1,38
Li3Zn3GaO_id986_E-2.47.cif,Li3Zn3GaO,-2.4675,0.009,Metal,Pm-3m,221,8
Ba2Na2Li3Ca2Zn2Ga3GeTeO22_id2303_E-2.47.cif,Ba2Na2Li3Ca2Zn2Ga3GeTeO22,-2.4668,2.127,Semiconductor,Pnc2,30,76
LiAl2Zn2Ga5_id758_E-2.47.cif,LiAl2Zn2Ga5,-2.4663,0.0,Metal,P-4m2,115,10
Li13Ca2Al24Cd8Ga_id1417_E-2.47.cif,Li13Ca2Al24Cd8Ga,-2.4654,0.0,Metal,Fm-3,202,192
Na2Li2Zn6(SnSb3)3_id706_E-2.46.cif,Na2Li2Zn6(SnSb3)3,-2.4629,0.0,Metal,P3,143,22
Ba2LiZn2(CdSb2)2_id2921_E-2.46.cif,Ba2LiZn2(CdSb2)2,-2.4627,2.313,Semiconductor,Ibam,72,44
Li4ScBeAl2Zn3Cd3Ga3SiGeCS_id597_E-2.46.cif,Li4ScBeAl2Zn3Cd3Ga3SiGeCS,-2.4618,0.248,Semiconductor,P4_3,78,84
K9Na4In4C3(NO)3_id342_E-2.46.cif,K9Na4In4C3(NO)3,-2.4618,0.0,Metal,P1,1,26
SrCdGa(SnGe3)2_id2220_E-2.46.cif,SrCdGa(SnGe3)2,-2.4613,0.0,Metal,P6_3/mmc,194,22
K3Na2Li5CdInGa2GeAs2N2O13_id1457_E-2.46.cif,K3Na2Li5CdInGa2GeAs2N2O13,-2.4574,5.922,Insulator,P1,1,64
Li4(InGa2)3_id2675_E-2.46.cif,Li4(InGa2)3,-2.4561,0.0,Metal,I-43d,220,52
Li8O_id862_E-2.45.cif,Li8O,-2.4544,0.226,Semiconductor,P4_2/nmc,137,18
K10ScSn3(AsO)6_id1089_E-2.45.cif,K10ScSn3(AsO)6,-2.4515,0.0,Metal,Im-3m,229,52
NaMg2In2Sb_id1087_E-2.45.cif,NaMg2In2Sb,-2.4503,0.0,Metal,P-3m1,164,6
MgBe2Zn3C_id2314_E-2.45.cif,MgBe2Zn3C,-2.4498,0.0,Metal,P4/mmm,123,7
Zn(InGa2)3_id1297_E-2.45.cif,Zn(InGa2)3,-2.4496,0.0,Metal,I422,97,20
Li2CdIn5SnAs2Se4S2O3_id2135_E-2.45.cif,Li2CdIn5SnAs2Se4S2O3,-2.4478,0.0,Metal,Ccc2,37,80
K4Na2MgB8SO8_id2088_E-2.45.cif,K4Na2MgB8SO8,-2.4464,1.752,Semiconductor,P4_2/mcm,132,48
AlCd2As_id1750_E-2.44.cif,AlCd2As,-2.4435,0.0,Metal,Cmme,67,16
K2ZnCd4Sb2TeAs6PSeS2O_id3233_E-2.44.cif,K2ZnCd4Sb2TeAs6PSeS2O,-2.4428,6.041,Insulator,P4,75,21
Be2CdGa3_id1359_E-2.44.cif,Be2CdGa3,-2.4427,0.0,Metal,P3_212,153,18
Ge_id671_E-2.44.cif,Ge,-2.4396,0.215,Semiconductor,I4_1,80,32
KIn6Sn3Te4_id2332_E-2.44.cif,KIn6Sn3Te4,-2.4395,0.546,Semiconductor,Im-3m,229,28
K5BaNa3Ca2N5O34_id2788_E-2.44.cif,K5BaNa3Ca2N5O34,-2.4387,3.696,Insulator,P1,1,50
Al_id2399_E-2.44.cif,Al,-2.4365,0.005,Metal,P2_12_12_1,19,20
Al3Zn_id3160_E-2.43.cif,Al3Zn,-2.4345,0.0,Metal,Amm2,38,8
KMgSc4_id2581_E-2.43.cif,KMgSc4,-2.4329,0.0,Metal,P1,1,48
LiCa3Al3Zn4InGa3As3(S3O4)3_id3330_E-2.43.cif,LiCa3Al3Zn4InGa3As3(S3O4)3,-2.431,1.076,Semiconductor,P1,1,78
Ti3Si_id1055_E-2.43.cif,Ti3Si,-2.4305,0.0,Metal,Pm-3m,221,4
In4Ga4Sn_id121_E-2.43.cif,In4Ga4Sn,-2.4293,0.0,Metal,P4_2/nmc,137,18
Al_id376_E-2.43.cif,Al,-2.4283,0.0,Metal,P2_12_12_1,19,8
KBaNaScBO16_id2171_E-2.43.cif,KBaNaScBO16,-2.4269,0.0,Metal,Cm,8,42
KS_id2433_E-2.43.cif,KS,-2.4268,2.875,Semiconductor,I4_132,214,48
AlZn8Ga3Te8_id2016_E-2.43.cif,AlZn8Ga3Te8,-2.4265,0.0,Metal,I422,97,40
In_id471_E-2.42.cif,In,-2.4235,0.0,Metal,Fm-3m,225,56
NaIn6_id681_E-2.42.cif,NaIn6,-2.4228,0.088,Semiconductor,Pmma,51,14
TiGa(Te6S)2_id2117_E-2.42.cif,TiGa(Te6S)2,-2.4226,0.811,Semiconductor,Fd-3,203,128
In_id2027_E-2.42.cif,In,-2.4213,0.0,Metal,F432,209,96
NaZnCdIn3GaSb5_id1345_E-2.42.cif,NaZnCdIn3GaSb5,-2.4209,0.0,Metal,P4_322,95,48
Li12Ge5_id783_E-2.42.cif,Li12Ge5,-2.4152,0.0,Metal,F4_132,210,136
KMgSn_id1522_E-2.41.cif,KMgSn,-2.4143,0.184,Semiconductor,P-6m2,187,3
Na12LiGe6_id1317_E-2.41.cif,Na12LiGe6,-2.4119,3.686,Insulator,Pm-3,200,19
GaAs_id2667_E-2.41.cif,GaAs,-2.4113,0.0,Metal,P4_32_12,96,8
K4Na2Al4GaS4_id2599_E-2.41.cif,K4Na2Al4GaS4,-2.4078,2.689,Semiconductor,I-42m,121,30
Li2Ti2Zn2InGa8Sn_id2458_E-2.41.cif,Li2Ti2Zn2InGa8Sn,-2.407,1.911,Semiconductor,P4_22_12,94,32
Mg2Sc6Al8Zn2Ga3_id341_E-2.41.cif,Mg2Sc6Al8Zn2Ga3,-2.4068,0.0,Metal,P2,3,84
KNa3Ti3Cd3AsP2CO25_id1259_E-2.41.cif,KNa3Ti3Cd3AsP2CO25,-2.4068,0.449,Semiconductor,P1,1,39
Na2Zn2Sn2Ge_id2051_E-2.41.cif,Na2Zn2Sn2Ge,-2.4065,0.0,Metal,Cccm,66,28
InSn16Ge3_id694_E-2.40.cif,InSn16Ge3,-2.4032,0.918,Semiconductor,Im-3m,229,40
Ca2Cd4In4Ga8Si2Sn5Ge4(Sb4As)2_id865_E-2.40.cif,Ca2Cd4In4Ga8Si2Sn5Ge4(Sb4As)2,-2.3974,0.0,Metal,P1,1,117
KS_id2375_E-2.40.cif,KS,-2.3966,0.262,Semiconductor,P1,1,16
Li4NO_id2534_E-2.40.cif,Li4NO,-2.3964,0.0,Metal,P4_2/mmc,131,12
Li2ZnGa3_id1656_E-2.40.cif,Li2ZnGa3,-2.3953,1.623,Semiconductor,P1,1,18
Li2Cd2InGa4Ge_id672_E-2.39.cif,Li2Cd2InGa4Ge,-2.3948,0.0,Metal,C2/c,15,40
In2GaSe_id1811_E-2.39.cif,In2GaSe,-2.3947,0.0,Metal,P6_522,179,24
ZnGa2_id1879_E-2.39.cif,ZnGa2,-2.394,0.0,Metal,Pa-3,205,12
LiTiZnO8_id1399_E-2.39.cif,LiTiZnO8,-2.3938,0.0,Metal,Pban,50,22
BaNa2BeZn2Ga(SO2)4_id635_E-2.39.cif,BaNa2BeZn2Ga(SO2)4,-2.3929,2.574,Semiconductor,Pmmn,59,38
Li5O14_id1060_E-2.39.cif,Li5O14,-2.3901,0.483,Semiconductor,P4_2,77,38
KBaMg2GeTe8Se10(S2O)2_id281_E-2.39.cif,KBaMg2GeTe8Se10(S2O)2,-2.3888,0.109,Semiconductor,P1,1,116
K7Ba3NaSr2GaSbSeO5_id212_E-2.39.cif,K7Ba3NaSr2GaSbSeO5,-2.3883,3.093,Semiconductor,P1,1,84
Be(ZnB3)2_id934_E-2.39.cif,Be(ZnB3)2,-2.3881,3.672,Insulator,P1,1,36
K4SrZn4CdO8_id2308_E-2.39.cif,K4SrZn4CdO8,-2.3878,3.309,Semiconductor,P1,1,36
K3(GeAs)2_id3003_E-2.39.cif,K3(GeAs)2,-2.3852,0.03,Metal,P4_122,91,28
BaSc2O3_id997_E-2.38.cif,BaSc2O3,-2.3836,0.343,Semiconductor,P1,1,36
BaNaCaSnGe_id3293_E-2.38.cif,BaNaCaSnGe,-2.3826,0.363,Semiconductor,P3_1,144,15
Cd3In5Sn6_id2767_E-2.38.cif,Cd3In5Sn6,-2.3812,0.0,Metal,Aem2,39,56
Ba2LiCaScIn_id855_E-2.38.cif,Ba2LiCaScIn,-2.381,0.0,Metal,P4/mmm,123,6
Li4ZnGa5_id1733_E-2.38.cif,Li4ZnGa5,-2.3783,0.0,Metal,P42_12,90,20
Mg3ScAl3(AsP)3_id2962_E-2.38.cif,Mg3ScAl3(AsP)3,-2.3765,0.217,Semiconductor,P31c,159,26
CdIn3Ga_id578_E-2.38.cif,CdIn3Ga,-2.3764,0.0,Metal,P4_2/mmc,131,10
Li2CaCdInGaSn2_id417_E-2.38.cif,Li2CaCdInGaSn2,-2.3762,0.0,Metal,P6_5,170,48
In_id2651_E-2.38.cif,In,-2.3758,0.0,Metal,P23,195,12
Li6MgGe_id315_E-2.37.cif,Li6MgGe,-2.3749,0.0,Metal,Fm-3m,225,32
Li3ScGa3_id3289_E-2.37.cif,Li3ScGa3,-2.3713,0.0,Metal,P6_3/m,176,14
LiCa3P_id2503_E-2.37.cif,LiCa3P,-2.3701,0.0,Metal,Pm-3m,221,5
KLiBe(GaO8)2_id1463_E-2.37.cif,KLiBe(GaO8)2,-2.3671,2.693,Semiconductor,Pna2_1,33,84
ScZnSi2TeO16_id495_E-2.36.cif,ScZnSi2TeO16,-2.3647,2.824,Semiconductor,Pc,7,42
AlZnIn2SiSnSbTe3As_id1736_E-2.36.cif,AlZnIn2SiSnSbTe3As,-2.3633,0.012,Metal,P2_1/m,11,22
K2Mg2Sc2AlZn8Ga11Te2Se2(SO2)2_id904_E-2.36.cif,K2Mg2Sc2AlZn8Ga11Te2Se2(SO2)2,-2.363,0.0,Metal,P1,1,144
Li4In14Sn_id2546_E-2.36.cif,Li4In14Sn,-2.3617,0.0,Metal,P6,168,19
LiGeAs_id806_E-2.36.cif,LiGeAs,-2.3614,0.858,Semiconductor,P6_522,179,18
K4Be10Zn3Ga4B6P6C2(NO2)2_id2462_E-2.36.cif,K4Be10Zn3Ga4B6P6C2(NO2)2,-2.3614,3.359,Semiconductor,P1,1,82
LiMg2Al6Zn5S2_id914_E-2.36.cif,LiMg2Al6Zn5S2,-2.3608,0.0,Metal,P1,1,32
Ba2GaSb7Te_id2987_E-2.36.cif,Ba2GaSb7Te,-2.3608,0.349,Semiconductor,P1,1,44
Na2Li11Mg2AlGa2Sb(PO7)2_id1897_E-2.36.cif,Na2Li11Mg2AlGa2Sb(PO7)2,-2.3606,0.828,Semiconductor,P1,1,70
Sc2Cd2Sn_id834_E-2.36.cif,Sc2Cd2Sn,-2.3597,0.143,Semiconductor,P4/mmm,123,20
SrSc(TeO4)3_id1723_E-2.36.cif,SrSc(TeO4)3,-2.358,0.0,Metal,P-31c,163,34
BaLi12Zn12(Ga3Sn)4_id2269_E-2.35.cif,BaLi12Zn12(Ga3Sn)4,-2.3548,0.323,Semiconductor,Im-3,204,82
Be4Zn2In2Ga_id1757_E-2.35.cif,Be4Zn2In2Ga,-2.3543,0.0,Metal,C222,21,18
K3Zn2In(Sb2O3)2_id2285_E-2.35.cif,K3Zn2In(Sb2O3)2,-2.3514,2.483,Semiconductor,P-3m1,164,16
Na2Li15Al4Cd2Ga2Sb2Te4S2(NO3)2_id2934_E-2.35.cif,Na2Li15Al4Cd2Ga2Sb2Te4S2(NO3)2,-2.3507,0.946,Semiconductor,P1,1,82
KLiP_id1053_E-2.35.cif,KLiP,-2.3491,2.034,Semiconductor,P4_2/m,84,12
NaAl_id906_E-2.35.cif,NaAl,-2.3478,0.0,Metal,I4_1/amd,141,8
KCd(Te2Se)2_id1806_E-2.35.cif,KCd(Te2Se)2,-2.3468,0.119,Semiconductor,P4bm,100,16
Ba2Sr2Mg2GaAs5_id2558_E-2.35.cif,Ba2Sr2Mg2GaAs5,-2.3466,1.204,Semiconductor,Pbam,55,24
Al2Ga_id3034_E-2.35.cif,Al2Ga,-2.3458,0.0,Metal,P4_12_12,92,24
CaMg2BeAl3ZnGaSnTeSO_id2777_E-2.34.cif,CaMg2BeAl3ZnGaSnTeSO,-2.3442,1.162,Semiconductor,P1,1,52
Na4Cd3In5Sn4Sb4(TeS)4_id1420_E-2.34.cif,Na4Cd3In5Sn4Sb4(TeS)4,-2.3435,2.12,Semiconductor,I-42m,121,56
Cd4SbSe2_id746_E-2.34.cif,Cd4SbSe2,-2.3389,0.0,Metal,I4_1/a,88,28
Al8Ga_id1717_E-2.34.cif,Al8Ga,-2.3368,0.0,Metal,Pbcm,57,36
BaNaSrCdGaP_id2335_E-2.34.cif,BaNaSrCdGaP,-2.3365,0.043,Metal,P3m1,156,18
MgSn_id2707_E-2.33.cif,MgSn,-2.335,0.0,Metal,P6/mmm,191,12
K4ZnCd4Ga2Ge8(TeAs)4_id17_E-2.33.cif,K4ZnCd4Ga2Ge8(TeAs)4,-2.3344,0.308,Semiconductor,P4_2/mcm,132,54
Ba(LiAl)3_id1929_E-2.33.cif,Ba(LiAl)3,-2.3343,0.0,Metal,P6_3/m,176,14
BaZnGa_id2770_E-2.33.cif,BaZnGa,-2.3317,0.0,Metal,Ibam,72,24
Na2CdIn2Ga3_id2851_E-2.33.cif,Na2CdIn2Ga3,-2.3307,0.0,Metal,P-4m2,115,8
KNaInSn_id338_E-2.33.cif,KNaInSn,-2.3304,0.072,Semiconductor,F-43m,216,16
K2NaSrLi2Al2Ge2B3P_id1567_E-2.33.cif,K2NaSrLi2Al2Ge2B3P,-2.3301,0.552,Semiconductor,P1,1,28
BaLi6Be2Zn2O2_id1547_E-2.33.cif,BaLi6Be2Zn2O2,-2.3301,2.601,Semiconductor,P1,1,52
LiMg4Ti2In8GaSn8_id590_E-2.33.cif,LiMg4Ti2In8GaSn8,-2.3293,1.415,Semiconductor,P6_3cm,185,48
Al4Ga3_id1043_E-2.33.cif,Al4Ga3,-2.3287,4.5,Insulator,P-3m1,164,7
Ti15(Zn2Ga)2_id688_E-2.33.cif,Ti15(Zn2Ga)2,-2.3275,1.594,Semiconductor,P2,3,42
KNaInGeAs_id550_E-2.33.cif,KNaInGeAs,-2.3268,0.057,Semiconductor,P4nc,104,40
Ba2Ti2In2Ga6Si2Sb4Te10Se3S2_id991_E-2.33.cif,Ba2Ti2In2Ga6Si2Sb4Te10Se3S2,-2.3255,1.476,Semiconductor,Cc,9,132
Cd5In6Ga6GeAsSe2S7_id1848_E-2.33.cif,Cd5In6Ga6GeAsSe2S7,-2.3252,0.212,Semiconductor,P1,1,28
Li2Ca2Sc4In5GaSn2_id608_E-2.32.cif,Li2Ca2Sc4In5GaSn2,-2.323,1.129,Semiconductor,P4_2/m,84,32
K4CaIn12_id718_E-2.32.cif,K4CaIn12,-2.3209,0.0,Metal,Im-3,204,34
Li6Ti_id2650_E-2.31.cif,Li6Ti,-2.315,0.025,Metal,Pmma,51,14
Li4Mg6Zn3Cd2In9Ga2Sn2(SbTe5)2_id1670_E-2.31.cif,Li4Mg6Zn3Cd2In9Ga2Sn2(SbTe5)2,-2.3149,0.0,Metal,C2,5,80
BaLi4(In2Sn)4_id2695_E-2.31.cif,BaLi4(In2Sn)4,-2.3144,0.0,Metal,P4_2/nmc,137,34
MgGa2_id1852_E-2.31.cif,MgGa2,-2.3137,0.0,Metal,I4_1/amd,141,12
Li4Mg3InTe4_id306_E-2.31.cif,Li4Mg3InTe4,-2.3134,0.0,Metal,P4bm,100,24
Li3Ga5Ge_id938_E-2.31.cif,Li3Ga5Ge,-2.3126,0.586,Semiconductor,Cmcm,63,36
Na24B(PO)12_id885_E-2.31.cif,Na24B(PO)12,-2.3118,2.51,Semiconductor,I432,211,98
Na5Li8Mg2GaSnGe2Te4(S5O)4_id3124_E-2.31.cif,Na5Li8Mg2GaSnGe2Te4(S5O)4,-2.31,1.871,Semiconductor,P1,1,47
Li2Ga_id2047_E-2.31.cif,Li2Ga,-2.3093,0.0,Metal,Cmme,67,24
LiMgCdIn2GaSn4_id134_E-2.31.cif,LiMgCdIn2GaSn4,-2.3083,0.0,Metal,P6_5,170,60
Zn3In14Ga2Sn6(GeSb2)2_id419_E-2.31.cif,Zn3In14Ga2Sn6(GeSb2)2,-2.3064,0.0,Metal,P1,1,93
Li2MgZn2CdIn2(SO)2_id2042_E-2.31.cif,Li2MgZn2CdIn2(SO)2,-2.306,0.0,Metal,Pnn2,34,24
BeO_id1559_E-2.31.cif,BeO,-2.3055,3.648,Insulator,P4/mmm,123,4
Cd6Ga2(GeN2)3_id2272_E-2.30.cif,Cd6Ga2(GeN2)3,-2.3032,1.154,Semiconductor,P1,1,68
Li8MgZn6Cd2B4(NO9)2_id851_E-2.30.cif,Li8MgZn6Cd2B4(NO9)2,-2.3009,2.731,Semiconductor,P4_2,77,82
K11Na4O5_id557_E-2.30.cif,K11Na4O5,-2.3007,0.957,Semiconductor,P2_12_12,18,80
Li4InSn_id2145_E-2.30.cif,Li4InSn,-2.2994,0.0,Metal,Ccc2,37,24
Al16Zn3CdGaB_id2143_E-2.30.cif,Al16Zn3CdGaB,-2.2991,0.015,Metal,Cmme,67,88
Li3CaSc_id1845_E-2.29.cif,Li3CaSc,-2.2946,0.0,Metal,P-6c2,188,10
Ba2Sr2CaCdGe2_id1392_E-2.29.cif,Ba2Sr2CaCdGe2,-2.2945,0.0,Metal,Pm,6,32
Na2LiSb_id791_E-2.29.cif,Na2LiSb,-2.2925,0.639,Semiconductor,P4_2/mcm,132,16
MgAl_id186_E-2.29.cif,MgAl,-2.2916,0.0,Metal,Fm-3m,225,16
MgAl_id440_E-2.29.cif,MgAl,-2.2913,0.0,Metal,Fm-3m,225,8
LiSc(AlZn2)2_id1671_E-2.29.cif,LiSc(AlZn2)2,-2.2905,0.0,Metal,P6_122,178,48
Mg5ScZn_id6_E-2.29.cif,Mg5ScZn,-2.2899,0.874,Semiconductor,F-43m,216,28
LiP2S3_id1212_E-2.29.cif,LiP2S3,-2.2894,4.068,Insulator,P1,1,24
Zn2In2GaSe_id1124_E-2.29.cif,Zn2In2GaSe,-2.2887,0.0,Metal,I4cm,108,24
Mg6ScIn2_id3164_E-2.29.cif,Mg6ScIn2,-2.2879,0.0,Metal,P6/mmm,191,9
Li6ScZn2Ga19_id2075_E-2.29.cif,Li6ScZn2Ga19,-2.2869,0.0,Metal,P1,1,56
Sb_id167_E-2.29.cif,Sb,-2.2863,0.0,Metal,P4/mmm,123,4
BaSrZnGaBSO13_id392_E-2.28.cif,BaSrZnGaBSO13,-2.2824,0.909,Semiconductor,Pm,6,38
Zn2Ga2Sn(SbTe)2_id377_E-2.28.cif,Zn2Ga2Sn(SbTe)2,-2.2804,0.064,Semiconductor,P3_221,154,27
LiAl2Zn_id3278_E-2.28.cif,LiAl2Zn,-2.2801,0.0,Metal,I-42d,122,16
Li2Ga(SbAs2)2_id462_E-2.28.cif,Li2Ga(SbAs2)2,-2.2778,0.573,Semiconductor,Pm,6,36
ScZn3In2_id2446_E-2.28.cif,ScZn3In2,-2.2773,0.0,Metal,Immm,71,12
Mg2In2Sn_id2729_E-2.28.cif,Mg2In2Sn,-2.2772,0.0,Metal,Pa-3,205,20
K3(CdSn)4_id333_E-2.27.cif,K3(CdSn)4,-2.2745,0.041,Metal,I-43m,217,22
CaMgIn_id824_E-2.27.cif,CaMgIn,-2.2733,0.0,Metal,Ibca,73,24
Al13In4Sn_id1982_E-2.27.cif,Al13In4Sn,-2.2719,0.0,Metal,P1,1,72
Li3Be4Al2Si7_id228_E-2.27.cif,Li3Be4Al2Si7,-2.2712,0.099,Semiconductor,Pm,6,32
LiMg4In2Sn_id1173_E-2.27.cif,LiMg4In2Sn,-2.2709,0.0,Metal,P4/mmm,123,8
Li3BeAlZnGaPSe2O11_id1891_E-2.27.cif,Li3BeAlZnGaPSe2O11,-2.2697,2.919,Semiconductor,Pm,6,42
KZn2Cd8GeS17_id2813_E-2.27.cif,KZn2Cd8GeS17,-2.2693,2.303,Semiconductor,Pm,6,29
MgScZnCdInSn2SbTe12Se_id616_E-2.27.cif,MgScZnCdInSn2SbTe12Se,-2.2677,0.636,Semiconductor,I4mm,107,42
Ca2ScZn2CdGa6_id1875_E-2.27.cif,Ca2ScZn2CdGa6,-2.2654,0.002,Metal,Pm,6,48
K2Sb3_id1458_E-2.27.cif,K2Sb3,-2.2651,0.543,Semiconductor,Pn-3,201,20
Na2Zn4InGa4Sn2Te28As4(Se5S2)4_id113_E-2.26.cif,Na2Zn4InGa4Sn2Te28As4(Se5S2)4,-2.264,1.93,Semiconductor,P-4,81,73
NaIn4Ga_id2439_E-2.26.cif,NaIn4Ga,-2.2632,0.034,Metal,P4/ncc,130,24
LiAl_id2234_E-2.26.cif,LiAl,-2.2592,0.0,Metal,P4_12_12,92,16
Mg2Al2Cd(InGa)2_id3311_E-2.26.cif,Mg2Al2Cd(InGa)2,-2.2572,0.0,Metal,C222,21,18
Ca4BeAl2B(S4O5)2_id2130_E-2.26.cif,Ca4BeAl2B(S4O5)2,-2.2567,3.468,Semiconductor,P-4,81,52
In2Ga2Sn4As2P2S3_id788_E-2.26.cif,In2Ga2Sn4As2P2S3,-2.2551,1.224,Semiconductor,P4nc,104,60
InSn2Sb5(SeO)2_id1974_E-2.25.cif,InSn2Sb5(SeO)2,-2.2547,0.177,Semiconductor,Pnn2,34,24
Li4GeAs_id3189_E-2.25.cif,Li4GeAs,-2.2515,0.744,Semiconductor,P42_12,90,12
Li2Mg4ZnCdSi2Sn2Te3AsP_id2108_E-2.25.cif,Li2Mg4ZnCdSi2Sn2Te3AsP,-2.2497,0.0,Metal,P1,1,68
BaLiMg2GaS2_id1319_E-2.25.cif,BaLiMg2GaS2,-2.2494,3.259,Semiconductor,Pm,6,56
SiSnAs3PS_id2904_E-2.25.cif,SiSnAs3PS,-2.2487,0.2,Semiconductor,P4_32_12,96,56
LiCaMg2As_id1586_E-2.25.cif,LiCaMg2As,-2.2462,0.0,Metal,P4nc,104,40
Mg6SnN_id480_E-2.24.cif,Mg6SnN,-2.2435,0.0,Metal,Pm-3m,221,8
Li14Ga24Ge13_id297_E-2.24.cif,Li14Ga24Ge13,-2.2428,0.0,Metal,Im-3,204,102
Ca2MgAl_id1800_E-2.24.cif,Ca2MgAl,-2.242,0.0,Metal,P6_3/mmc,194,8
Cd2Ga2Sn3_id1523_E-2.24.cif,Cd2Ga2Sn3,-2.2401,0.0,Metal,C222,21,14
Ba2Na4Ca2Be4AlGa5Ge2(As3P)2_id32_E-2.24.cif,Ba2Na4Ca2Be4AlGa5Ge2(As3P)2,-2.2391,0.019,Metal,Pm,6,112
KMgScAl2GaSi5Ge_id3166_E-2.24.cif,KMgScAl2GaSi5Ge,-2.2386,1.868,Semiconductor,P1,1,48
MgAl2Ga_id861_E-2.24.cif,MgAl2Ga,-2.2377,0.0,Metal,I-42d,122,16
KTi3Be3Al2ZnGaGeAs2PS2_id1063_E-2.24.cif,KTi3Be3Al2ZnGaGeAs2PS2,-2.236,2.427,Semiconductor,Pm,6,34
CaZnIn_id1704_E-2.23.cif,CaZnIn,-2.235,0.0,Metal,P6_3/mmc,194,6
LiMgAlZn_id1098_E-2.23.cif,LiMgAlZn,-2.2323,0.0,Metal,F-43m,216,16
BeAlZnCdInTe2Se3S14O_id2682_E-2.23.cif,BeAlZnCdInTe2Se3S14O,-2.2311,0.673,Semiconductor,Ama2,40,100
Cd3In4Ga3_id1965_E-2.23.cif,Cd3In4Ga3,-2.2303,0.0,Metal,I-43d,220,40
ScGa2_id1438_E-2.23.cif,ScGa2,-2.2298,4.199,Insulator,Pmm2,25,12
ZnCdTe3(AsSe)2_id1584_E-2.23.cif,ZnCdTe3(AsSe)2,-2.2285,0.784,Semiconductor,P1,1,54
Zn4Ga3S4_id1418_E-2.23.cif,Zn4Ga3S4,-2.2277,0.535,Semiconductor,P-42_1m,113,22
Na2Li2Ti4GeO27_id244_E-2.23.cif,Na2Li2Ti4GeO27,-2.2274,0.0,Metal,Ima2,46,144
SrMg(AlIn3)2_id1529_E-2.23.cif,SrMg(AlIn3)2,-2.2258,0.0,Metal,Pm,6,20
CaCd2In(Ga5Se)2_id2739_E-2.23.cif,CaCd2In(Ga5Se)2,-2.2257,0.0,Metal,P3_121,152,48
Na2In5_id3050_E-2.22.cif,Na2In5,-2.223,0.0,Metal,Cmmm,65,14
Li3GaSn6_id2266_E-2.22.cif,Li3GaSn6,-2.2225,0.0,Metal,P4/mmm,123,10
NaLi2MgScCdSnGe_id2899_E-2.22.cif,NaLi2MgScCdSnGe,-2.2174,1.814,Semiconductor,Pm,6,32
Sr2MgAl_id2401_E-2.21.cif,Sr2MgAl,-2.2145,0.0,Metal,Fm-3m,225,16
Li3Ca3CdAs_id2099_E-2.21.cif,Li3Ca3CdAs,-2.214,0.0,Metal,Pm-3m,221,8
BaLi3Al3Zn3In3SnGe3_id2596_E-2.21.cif,BaLi3Al3Zn3In3SnGe3,-2.2106,0.0,Metal,P6_3mc,186,34
K4Li6Be2Zn2Ga4Si6Sn4Ge7(Sb2P)2_id459_E-2.21.cif,K4Li6Be2Zn2Ga4Si6Sn4Ge7(Sb2P)2,-2.208,0.0,Metal,P1,1,164
K3Mg3Be3(Ga3Ge2)2_id3131_E-2.21.cif,K3Mg3Be3(Ga3Ge2)2,-2.2077,0.028,Metal,P1,1,38
MgZnIn2Sn_id2400_E-2.21.cif,MgZnIn2Sn,-2.2069,0.0,Metal,P6_2,171,30
Ca2MgTi3BeAl5Zn2Ga3GeN2O_id2490_E-2.21.cif,Ca2MgTi3BeAl5Zn2Ga3GeN2O,-2.2061,0.0,Metal,Ama2,40,84
Li3Mg2Be3AlZn3CdGa2(Si2Ge)2_id409_E-2.21.cif,Li3Mg2Be3AlZn3CdGa2(Si2Ge)2,-2.2058,2.729,Semiconductor,P4_3,78,84
Mg(AlGa)2_id742_E-2.20.cif,Mg(AlGa)2,-2.2028,0.0,Metal,P4_332,212,20
CdIn6Sn_id2131_E-2.20.cif,CdIn6Sn,-2.2022,0.0,Metal,P-4m2,115,8
Ba2NaGa_id2070_E-2.20.cif,Ba2NaGa,-2.2018,0.0,Metal,Fm-3m,225,16
Na(LiAl)2_id9_E-2.20.cif,Na(LiAl)2,-2.2017,0.0,Metal,Fmm2,42,20
Ti5Al2Zn15GaO5_id88_E-2.20.cif,Ti5Al2Zn15GaO5,-2.2016,3.623,Insulator,Pm,6,112
KLi2Mg2Sc(GaGe)2_id1684_E-2.20.cif,KLi2Mg2Sc(GaGe)2,-2.2015,3.189,Semiconductor,P-3m1,164,10
Li3ScInSbTe5(Se2S3)2_id8_E-2.20.cif,Li3ScInSbTe5(Se2S3)2,-2.2007,0.319,Semiconductor,P1,1,84
KCdSn_id439_E-2.20.cif,KCdSn,-2.2002,0.0,Metal,P6_3/mmc,194,6
NaMgSc2SbO16_id2261_E-2.20.cif,NaMgSc2SbO16,-2.1984,0.942,Semiconductor,P1,1,42
C_id2883_E-2.20.cif,C,-2.1981,0.0,Metal,Pbcn,60,12
C_id1106_E-2.20.cif,C,-2.1981,0.0,Metal,Im-3m,229,2
Na2Sn_id1254_E-2.20.cif,Na2Sn,-2.1965,0.093,Semiconductor,P4/mmm,123,12
Sr12Li6NO12_id51_E-2.20.cif,Sr12Li6NO12,-2.1963,4.363,Insulator,Im-3m,229,62
K2MgZnSi4_id231_E-2.20.cif,K2MgZnSi4,-2.1962,0.761,Semiconductor,P3_121,152,24
Li2C2N4O13_id215_E-2.19.cif,Li2C2N4O13,-2.1892,0.156,Semiconductor,Cc,9,84
Li12Be2Zn4Ga4Ge4B2O13_id515_E-2.19.cif,Li12Be2Zn4Ga4Ge4B2O13,-2.1885,1.07,Semiconductor,Pccn,56,164
In_id2657_E-2.19.cif,In,-2.1884,0.0,Metal,P6_3/m,176,8
NaAlZnSi_id2385_E-2.18.cif,NaAlZnSi,-2.1847,0.153,Semiconductor,P1,1,32
K4Na4Mg4Te8(AsO4)3_id2802_E-2.18.cif,K4Na4Mg4Te8(AsO4)3,-2.1828,2.467,Semiconductor,P1,1,35
K7In3SbTe9_id3356_E-2.18.cif,K7In3SbTe9,-2.1822,0.0,Metal,P31m,157,20
Li2Be2Zn(SO)2_id39_E-2.18.cif,Li2Be2Zn(SO)2,-2.1782,0.209,Semiconductor,Pa-3,205,36
KTiBeZnGaTe3Se2S5_id2254_E-2.18.cif,KTiBeZnGaTe3Se2S5,-2.1767,0.369,Semiconductor,P1,1,60
Li3Zn4Ga3SiGe_id2333_E-2.18.cif,Li3Zn4Ga3SiGe,-2.1761,0.0,Metal,I2_12_12_1,24,48
KLi4TiAlZn3GeTeO_id3382_E-2.18.cif,KLi4TiAlZn3GeTeO,-2.1759,1.134,Semiconductor,P3_1,144,39
Na4AlGa4_id1622_E-2.17.cif,Na4AlGa4,-2.1726,0.0,Metal,I4/m,87,18
LiIn_id525_E-2.17.cif,LiIn,-2.1708,0.0,Metal,Pmmm,47,4
AlZnCd2(NO)2_id2169_E-2.17.cif,AlZnCd2(NO)2,-2.1701,0.0,Metal,Pa-3,205,32
MgAlZn3O16_id1177_E-2.17.cif,MgAlZn3O16,-2.17,0.0,Metal,P1,1,42
Na2Li3AlZn2Cd2Ga2Sn2As2P2SeS2_id1829_E-2.17.cif,Na2Li3AlZn2Cd2Ga2Sn2As2P2SeS2,-2.1683,0.017,Metal,P1,1,126
LiAl2Ga4Sn2TeSe5S8_id3015_E-2.17.cif,LiAl2Ga4Sn2TeSe5S8,-2.1658,1.82,Semiconductor,Ama2,40,92
LiCaIn2_id1305_E-2.16.cif,LiCaIn2,-2.1643,0.0,Metal,P4/mbm,127,8
Li2ScTiZnGaSn_id2571_E-2.16.cif,Li2ScTiZnGaSn,-2.1613,0.0,Metal,P3_1,144,21
Na2Li2Sc2B2As2C11S9N8_id1629_E-2.16.cif,Na2Li2Sc2B2As2C11S9N8,-2.1596,0.071,Semiconductor,P2/m,10,38
BaSi2Ge2As_id2368_E-2.16.cif,BaSi2Ge2As,-2.1564,0.0,Metal,Cm,8,12
K8Be2P7(S2O3)6_id1680_E-2.15.cif,K8Be2P7(S2O3)6,-2.151,3.166,Semiconductor,P1,1,47
K2Ba2Si2P_id5_E-2.15.cif,K2Ba2Si2P,-2.1476,0.0,Metal,P6_222,180,21
KLi4MgCdSn3_id979_E-2.15.cif,KLi4MgCdSn3,-2.1456,0.0,Metal,P3,143,10
K2Li2In(N2O15)2_id2646_E-2.15.cif,K2Li2In(N2O15)2,-2.1453,1.376,Semiconductor,P1,1,78
Mg6AlIn3Ga2_id3040_E-2.15.cif,Mg6AlIn3Ga2,-2.1452,0.0,Metal,P6/mmm,191,12
Li2Al2Zn2Ge_id1571_E-2.14.cif,Li2Al2Zn2Ge,-2.1449,0.0,Metal,P4nc,104,28
K8Na3Li3In3Ga3B3P3Se9(S6O)3_id1322_E-2.14.cif,K8Na3Li3In3Ga3B3P3Se9(S6O)3,-2.1446,1.55,Semiconductor,P-3,147,112
CaCd4Sn(Sb2Te)3_id507_E-2.14.cif,CaCd4Sn(Sb2Te)3,-2.143,1.367,Semiconductor,P1,1,15
CdIn5_id539_E-2.14.cif,CdIn5,-2.1429,0.0,Metal,Immm,71,12
NaAl2(ZnAs)2_id604_E-2.14.cif,NaAl2(ZnAs)2,-2.1416,0.02,Metal,I4/mcm,140,28
K2ZnSb6_id1926_E-2.14.cif,K2ZnSb6,-2.1414,1.505,Semiconductor,P4_332,212,36
NaIn_id309_E-2.14.cif,NaIn,-2.1394,0.513,Semiconductor,I4_1/amd,141,8
Ca2Ga2SiGe7_id1563_E-2.14.cif,Ca2Ga2SiGe7,-2.1379,0.0,Metal,Pbam,55,24
KLiGa3_id1014_E-2.14.cif,KLiGa3,-2.1372,0.151,Semiconductor,P6_5,170,30
Na(MgIn)2_id1354_E-2.13.cif,Na(MgIn)2,-2.1335,0.0,Metal,P4/nmm,129,20
LiAl2Cd2GaSn2_id716_E-2.13.cif,LiAl2Cd2GaSn2,-2.1313,0.0,Metal,P4/mmm,123,8
Mg2BN8_id1159_E-2.13.cif,Mg2BN8,-2.1313,0.443,Semiconductor,P1,1,22
K2Na6Mg2In5Ga4Sn3_id642_E-2.13.cif,K2Na6Mg2In5Ga4Sn3,-2.1307,0.081,Semiconductor,P-1,2,22
Cd2Ga3_id2185_E-2.13.cif,Cd2Ga3,-2.1301,0.0,Metal,Cmce,64,20
NaGaSiTe2P4Se3S8O_id645_E-2.13.cif,NaGaSiTe2P4Se3S8O,-2.1271,0.883,Semiconductor,P4_1,76,84
NaSn_id1081_E-2.13.cif,NaSn,-2.126,0.004,Metal,F-43m,216,8
Li6Zn3In6Ga_id737_E-2.13.cif,Li6Zn3In6Ga,-2.1251,0.0,Metal,P6/mmm,191,16
NaGa(BO)2_id561_E-2.12.cif,NaGa(BO)2,-2.1247,8.531,Insulator,Pm-3n,223,36
As2P3_id2984_E-2.12.cif,As2P3,-2.1233,3.916,Insulator,Pmna,53,20
NaLi6Ca2Sc(GaO6)2_id627_E-2.12.cif,NaLi6Ca2Sc(GaO6)2,-2.1227,0.225,Semiconductor,C2/m,12,48
Li4Ga_id1909_E-2.12.cif,Li4Ga,-2.1223,0.0,Metal,Im-3m,229,10
CaZn2S2N_id2845_E-2.12.cif,CaZn2S2N,-2.1204,0.0,Metal,P1,1,24
K2Li2Mg4ScZn2InSnGe_id414_E-2.12.cif,K2Li2Mg4ScZn2InSnGe,-2.1188,0.0,Metal,Pmna,53,28
NO42_id2043_E-2.12.cif,NO42,-2.1187,0.335,Semiconductor,P1,1,43
KGa4_id2622_E-2.12.cif,KGa4,-2.1182,0.0,Metal,P4_2/n,86,10
Li6AlZn2(In8Ga)2_id664_E-2.12.cif,Li6AlZn2(In8Ga)2,-2.1175,0.0,Metal,P2,3,27
Ca7In6_id450_E-2.11.cif,Ca7In6,-2.1149,0.0,Metal,P1,1,26
Mg2Ga_id3026_E-2.11.cif,Mg2Ga,-2.1149,0.0,Metal,I4/mcm,140,12
As2PSeS16_id949_E-2.11.cif,As2PSeS16,-2.1133,1.6,Semiconductor,P2_1,4,40
Li7Sc2_id2510_E-2.11.cif,Li7Sc2,-2.1126,0.221,Semiconductor,Pn-3m,224,18
Li4Al3Zn2Cd(InGa3)2_id704_E-2.11.cif,Li4Al3Zn2Cd(InGa3)2,-2.1122,0.053,Semiconductor,P1,1,72
KBaIn4_id1413_E-2.11.cif,KBaIn4,-2.1101,0.0,Metal,Pmma,51,12
Ca2Mg4ScIn2_id3168_E-2.11.cif,Ca2Mg4ScIn2,-2.1088,0.0,Metal,Cmce,64,36
ZnCdSeS_id1199_E-2.11.cif,ZnCdSeS,-2.1081,1.472,Semiconductor,P1,1,24
Be7Al8Ga_id1380_E-2.11.cif,Be7Al8Ga,-2.1073,0.217,Semiconductor,P1,1,32
Li7(ZnAs)3_id1885_E-2.11.cif,Li7(ZnAs)3,-2.1061,0.303,Semiconductor,R32,155,78
KNa9In2Ga15_id3154_E-2.11.cif,KNa9In2Ga15,-2.1059,0.0,Metal,P-31m,162,27
K3Mg2Zn2Ga(SeO)2_id2209_E-2.10.cif,K3Mg2Zn2Ga(SeO)2,-2.1031,0.013,Metal,P-1,2,24
Li2Zn2SiGeS3O4_id1139_E-2.10.cif,Li2Zn2SiGeS3O4,-2.1028,0.385,Semiconductor,Pm,6,26
KNa4Al2(In2Sn)2_id2949_E-2.10.cif,KNa4Al2(In2Sn)2,-2.1024,0.089,Semiconductor,P4/ncc,130,52
In6Ga_id2801_E-2.10.cif,In6Ga,-2.1022,0.0,Metal,P6/mcc,192,56
Mg2Ga_id335_E-2.10.cif,Mg2Ga,-2.1021,0.0,Metal,Pa-3,205,12
K3AlGa3Ge_id1690_E-2.10.cif,K3AlGa3Ge,-2.0977,0.0,Metal,Ama2,40,16
Ba4Ca3In_id1171_E-2.10.cif,Ba4Ca3In,-2.0961,0.0,Metal,Im-3m,229,16
NaLiZn3GaGe_id1388_E-2.10.cif,NaLiZn3GaGe,-2.0961,0.0,Metal,P3c1,158,14
CaZnSn4SbTe8Se(SO3)4_id3048_E-2.10.cif,CaZnSn4SbTe8Se(SO3)4,-2.0955,3.929,Insulator,C2,5,64
Li6TiZn5GaSn_id1389_E-2.09.cif,Li6TiZn5GaSn,-2.0926,0.0,Metal,C2/c,15,56
Ba4Li2Ca4Cd(InSn)2_id541_E-2.09.cif,Ba4Li2Ca4Cd(InSn)2,-2.0871,0.108,Semiconductor,Cmce,64,60
AlZn2_id1376_E-2.08.cif,AlZn2,-2.0847,0.0,Metal,Ia-3d,230,72
K2NaMgIn3GaSn7Sb3TeSe2_id1734_E-2.08.cif,K2NaMgIn3GaSn7Sb3TeSe2,-2.0837,0.143,Semiconductor,P1,1,84
SrSb12Te_id2390_E-2.08.cif,SrSb12Te,-2.0823,1.618,Semiconductor,Amm2,38,28
K3ZnIn3Ga12Sn_id69_E-2.08.cif,K3ZnIn3Ga12Sn,-2.0817,0.009,Metal,Cmm2,35,40
Al2Zn2In7(TeSe5)2_id491_E-2.08.cif,Al2Zn2In7(TeSe5)2,-2.0794,1.48,Semiconductor,P2_12_12,18,46
BaCdIn3_id2774_E-2.07.cif,BaCdIn3,-2.0744,0.0,Metal,Imm2,44,10
K2Li4Zn5Ga2GeSb4_id362_E-2.07.cif,K2Li4Zn5Ga2GeSb4,-2.0736,0.0,Metal,P-4,81,18
Ti2Zn5_id1381_E-2.07.cif,Ti2Zn5,-2.0734,0.0,Metal,Ccce,68,28
Na3Li3GeSb3(TeS)3_id1351_E-2.07.cif,Na3Li3GeSb3(TeS)3,-2.0731,1.826,Semiconductor,P1,1,128
Al8Ga13_id981_E-2.07.cif,Al8Ga13,-2.0715,0.0,Metal,P2,3,21
Li2Sc2Ti2Be2Al3Zn6Cd4Ga(SnO2)2_id1093_E-2.07.cif,Li2Sc2Ti2Be2Al3Zn6Cd4Ga(SnO2)2,-2.0694,1.313,Semiconductor,Pm,6,56
Mg3Al2_id3095_E-2.07.cif,Mg3Al2,-2.0684,0.0,Metal,Pn-3m,224,10
KMgIn3_id3153_E-2.06.cif,KMgIn3,-2.0631,0.0,Metal,Pm-3m,221,5
MgScTiCdSe_id1107_E-2.06.cif,MgScTiCdSe,-2.0627,0.274,Semiconductor,P4mm,99,5
Zn(InGa2)2_id2140_E-2.06.cif,Zn(InGa2)2,-2.0612,0.0,Metal,P4/mmm,123,14
KNa6Sn2Ge_id230_E-2.06.cif,KNa6Sn2Ge,-2.0597,0.0,Metal,P312,149,10
ScGaSnGeTe_id563_E-2.06.cif,ScGaSnGeTe,-2.059,1.41,Semiconductor,Pmmn,59,10
NaLiAlGa_id1350_E-2.06.cif,NaLiAlGa,-2.057,0.0,Metal,P6_5,170,24
NaCdSn_id1756_E-2.06.cif,NaCdSn,-2.0564,0.0,Metal,P4/nmm,129,6
Li7Al2O2_id924_E-2.06.cif,Li7Al2O2,-2.0554,0.0,Metal,P2,3,11
ZnCdSe_id1391_E-2.05.cif,ZnCdSe,-2.0546,0.0,Metal,P3_121,152,18
Zn3CdGaO13_id19_E-2.05.cif,Zn3CdGaO13,-2.0522,1.04,Semiconductor,P1,1,54
NaLiGa_id558_E-2.05.cif,NaLiGa,-2.0504,0.0,Metal,R-3m,166,18
LiSb3Se4(SO2)2_id3138_E-2.05.cif,LiSb3Se4(SO2)2,-2.05,0.402,Semiconductor,I-42m,121,56
K7S9_id2208_E-2.05.cif,K7S9,-2.0499,2.032,Semiconductor,P1,1,16
K6Li3MgZn3In6Te3(SeS)3_id2933_E-2.05.cif,K6Li3MgZn3In6Te3(SeS)3,-2.0494,0.037,Metal,Pm,6,56
K12Na4Li6Mg4AlZn5Si4Sb4Te10As4(SeO)6_id803_E-2.05.cif,K12Na4Li6Mg4AlZn5Si4Sb4Te10As4(SeO)6,-2.0489,1.835,Semiconductor,P1,1,66
LiZnInSn_id607_E-2.05.cif,LiZnInSn,-2.048,0.0,Metal,P4_2/mmc,131,8
Li6Ca(SnGe)2_id2850_E-2.05.cif,Li6Ca(SnGe)2,-2.0462,0.0,Metal,P1,1,22
Li22CaTi2Zn2O9_id784_E-2.04.cif,Li22CaTi2Zn2O9,-2.0446,0.922,Semiconductor,P1,1,72
K4Ba2InAs_id1554_E-2.04.cif,K4Ba2InAs,-2.0432,0.0,Metal,I4/mcm,140,32
Na2Li3Sc_id2985_E-2.04.cif,Na2Li3Sc,-2.042,0.0,Metal,P2/m,10,6
K2SrZnIn2GaSiSn4GeTe4As4PO7_id415_E-2.04.cif,K2SrZnIn2GaSiSn4GeTe4As4PO7,-2.0414,0.971,Semiconductor,P1,1,58
K4Li8Mg4Be4Zn2SnS8(NO10)4_id739_E-2.04.cif,K4Li8Mg4Be4Zn2SnS8(NO10)4,-2.0408,0.426,Semiconductor,P1,1,150
Ba2Na2MgAlCdInSn4As_id198_E-2.04.cif,Ba2Na2MgAlCdInSn4As,-2.0404,0.55,Semiconductor,P1,1,52
ScBe4Zn2GaSn2_id124_E-2.04.cif,ScBe4Zn2GaSn2,-2.0383,1.876,Semiconductor,P1,1,30
KCa2In_id1790_E-2.04.cif,KCa2In,-2.0381,0.0,Metal,Fm-3m,225,16
CaMgIn_id1537_E-2.04.cif,CaMgIn,-2.038,0.0,Metal,F-43m,216,12
KTi3_id1737_E-2.04.cif,KTi3,-2.0377,0.0,Metal,R-3,148,24
K2Li8Mg5Be4Zn4Ga5_id2363_E-2.04.cif,K2Li8Mg5Be4Zn4Ga5,-2.0371,0.0,Metal,C222,21,56
AlZn3Sn_id2055_E-2.03.cif,AlZn3Sn,-2.033,0.0,Metal,P4mm,99,10
Sr3B2AsP5O9_id2762_E-2.03.cif,Sr3B2AsP5O9,-2.0326,0.0,Metal,P1,1,40
Na6InSn2_id793_E-2.03.cif,Na6InSn2,-2.032,0.262,Semiconductor,P4_2/m,84,18
Te5S4_id1506_E-2.03.cif,Te5S4,-2.0301,2.364,Semiconductor,P-3m1,164,9
Ba6GaSn20_id1674_E-2.02.cif,Ba6GaSn20,-2.0243,0.0,Metal,Fm-3m,225,108
CdGe(AsSe)2_id2231_E-2.02.cif,CdGe(AsSe)2,-2.0239,0.257,Semiconductor,P1,1,12
Na(Li2Sn)2_id2479_E-2.02.cif,Na(Li2Sn)2,-2.0238,0.067,Semiconductor,Pnnn,48,14
Mg2ZnTe2_id3347_E-2.02.cif,Mg2ZnTe2,-2.0225,0.0,Metal,Pbca,61,20
AlS_id3242_E-2.02.cif,AlS,-2.0224,7.888,Insulator,P4_322,95,16
ZnN6_id3374_E-2.02.cif,ZnN6,-2.018,0.0,Metal,Ibam,72,28
K3Si12Sn24P12(Se3O4)4_id1779_E-2.02.cif,K3Si12Sn24P12(Se3O4)4,-2.0175,2.459,Semiconductor,P1,1,158
BaCd3Ga2_id234_E-2.02.cif,BaCd3Ga2,-2.0174,0.0,Metal,P-3m1,164,6
Cd9In14Sn3_id2846_E-2.02.cif,Cd9In14Sn3,-2.0159,0.0,Metal,P6cc,184,52
KZn10CdGa5BO2_id1593_E-2.02.cif,KZn10CdGa5BO2,-2.0152,0.028,Metal,Pc,7,40
CdSb_id3074_E-2.01.cif,CdSb,-2.0129,0.0,Metal,P4_122,91,8
MgP_id2518_E-2.01.cif,MgP,-2.0122,0.842,Semiconductor,P4/mmm,123,16
ZnIn7_id2892_E-2.01.cif,ZnIn7,-2.012,0.0,Metal,P-42c,112,16
KZnGa7Si_id2391_E-2.01.cif,KZnGa7Si,-2.0117,0.0,Metal,P1,1,40
Mg2ZnCd(GaO8)2_id3363_E-2.01.cif,Mg2ZnCd(GaO8)2,-2.0094,0.03,Metal,Pm,6,44
Mg3Ga_id1763_E-2.01.cif,Mg3Ga,-2.009,0.0,Metal,Pm-3n,223,8
ZnB_id64_E-2.01.cif,ZnB,-2.0079,0.0,Metal,I4/mmm,139,4
Ca9Sc_id65_E-2.01.cif,Ca9Sc,-2.0072,0.0,Metal,P-1,2,10
KInGe(Se4S5)2_id1934_E-2.01.cif,KInGe(Se4S5)2,-2.0072,3.342,Semiconductor,Pm,6,84
LiMg2Ti2Zn8InGa2(TeO10)2_id621_E-2.01.cif,LiMg2Ti2Zn8InGa2(TeO10)2,-2.0065,0.931,Semiconductor,P1,1,38
MgAlZnGa2_id796_E-2.01.cif,MgAlZnGa2,-2.0058,0.0,Metal,Pmmm,47,5
Mg2Zn2Ge_id1150_E-2.01.cif,Mg2Zn2Ge,-2.0057,0.0,Metal,Cmcm,63,20
Ba2Na2MgZnCd2(PO)2_id1061_E-2.01.cif,Ba2Na2MgZnCd2(PO)2,-2.0051,0.21,Semiconductor,C2/m,12,48
CaMgSc14Al(ZnGa)2_id288_E-2.00.cif,CaMgSc14Al(ZnGa)2,-2.0039,0.492,Semiconductor,P1,1,42
AlZn2_id1802_E-2.00.cif,AlZn2,-2.003,0.0,Metal,Pmma,51,6
K2Na2Sc3Te24(Se4S)2_id675_E-2.00.cif,K2Na2Sc3Te24(Se4S)2,-2.0015,1.319,Semiconductor,Pm,6,82
Ga5Sn4Ge_id1526_E-2.00.cif,Ga5Sn4Ge,-1.9995,0.0,Metal,P31m,157,10
Na4Cd3Sb2_id753_E-2.00.cif,Na4Cd3Sb2,-1.996,0.132,Semiconductor,P-3c1,165,18
Li6Al(TeSe)4_id2287_E-1.99.cif,Li6Al(TeSe)4,-1.9949,2.256,Semiconductor,P-43m,215,15
MgIn_id3202_E-1.99.cif,MgIn,-1.9928,0.0,Metal,Cmcm,63,8
Ba2AsPS_id320_E-1.99.cif,Ba2AsPS,-1.9918,0.0,Metal,P2/m,10,5
AsO_id2668_E-1.99.cif,AsO,-1.9903,1.586,Semiconductor,P4_32_12,96,8
ZnIn_id1339_E-1.99.cif,ZnIn,-1.9897,0.185,Semiconductor,I4_1/acd,142,32
Cd2As_id118_E-1.99.cif,Cd2As,-1.9876,0.0,Metal,P4_122,91,12
Li2Be4ZnGeSeO12_id2897_E-1.98.cif,Li2Be4ZnGeSeO12,-1.9848,1.561,Semiconductor,Pna2_1,33,84
ZnSi_id1404_E-1.98.cif,ZnSi,-1.9843,0.0,Metal,Pmmm,47,4
Sr2LiAl2ZnGaAs3_id1729_E-1.98.cif,Sr2LiAl2ZnGaAs3,-1.9842,2.581,Semiconductor,P1,1,30
Li3MgGaSiSn_id2896_E-1.98.cif,Li3MgGaSiSn,-1.984,2.554,Semiconductor,P4_2cm,101,56
Sr2LiZn2Ga3_id1140_E-1.98.cif,Sr2LiZn2Ga3,-1.9835,0.0,Metal,P-4m2,115,8
KLiCd2SnGeAsSeN_id131_E-1.98.cif,KLiCd2SnGeAsSeN,-1.9822,0.0,Metal,I4_1cd,110,144
Ba4As_id1074_E-1.98.cif,Ba4As,-1.9818,0.0,Metal,P4_2/nmc,137,10
K4Be2B(AsSe)2_id2639_E-1.98.cif,K4Be2B(AsSe)2,-1.9768,1.892,Semiconductor,Iba2,45,44
CdIn2_id2071_E-1.98.cif,CdIn2,-1.9762,0.0,Metal,P4_2/nmc,137,12
Li2Ga_id292_E-1.97.cif,Li2Ga,-1.9747,0.0,Metal,Pcc2,27,12
Li2P_id3359_E-1.97.cif,Li2P,-1.9744,2.955,Semiconductor,I4/mmm,139,12
Sr3In2_id2352_E-1.97.cif,Sr3In2,-1.9739,0.0,Metal,Cmm2,35,10
Mg2ScZn2_id2509_E-1.97.cif,Mg2ScZn2,-1.9723,0.0,Metal,Cmcm,63,20
ZnInGa8_id458_E-1.97.cif,ZnInGa8,-1.9711,0.0,Metal,P2/m,10,10
Cd3In3SnSb_id2052_E-1.97.cif,Cd3In3SnSb,-1.9695,0.0,Metal,P4mm,99,8
Mg2Al3Zn3Cd2In2Ga4(SnAs)2_id211_E-1.97.cif,Mg2Al3Zn3Cd2In2Ga4(SnAs)2,-1.9693,0.136,Semiconductor,P1,1,40
K2Li(TiBe)2_id2519_E-1.97.cif,K2Li(TiBe)2,-1.9692,1.995,Semiconductor,P6/mmm,191,21
ScZn2(CdGa2)3_id2520_E-1.97.cif,ScZn2(CdGa2)3,-1.9686,0.0,Metal,P6mm,183,24
K9Na2Li9Ca3Zn3In3Ga3Sn9Ge9(Sb2As)3_id995_E-1.97.cif,K9Na2Li9Ca3Zn3In3Ga3Sn9Ge9(Sb2As)3,-1.9676,0.536,Semiconductor,P1,1,59
Mg2CdSn4_id2935_E-1.97.cif,Mg2CdSn4,-1.9667,0.0,Metal,Cmm2,35,56
SrAl2Zn4Cd4Sn3_id2704_E-1.97.cif,SrAl2Zn4Cd4Sn3,-1.9662,0.0,Metal,P-42_1m,113,56
Sr3Li2As2(NO15)2_id876_E-1.97.cif,Sr3Li2As2(NO15)2,-1.9661,0.0,Metal,P1,1,156
Mg5In8_id1957_E-1.96.cif,Mg5In8,-1.9641,0.0,Metal,I4/m,87,26
CdGaGe_id1884_E-1.96.cif,CdGaGe,-1.9639,0.051,Semiconductor,Cmme,67,24
Mg2In3Ga4Sn3_id1386_E-1.96.cif,Mg2In3Ga4Sn3,-1.9597,0.07,Semiconductor,P6_2,171,72
Na2Li2Mg2Ti2Zn3Cd4(In3Sb)2_id2533_E-1.96.cif,Na2Li2Mg2Ti2Zn3Cd4(In3Sb)2,-1.957,0.0,Metal,P6,168,69
Na4SrLiIn_id1271_E-1.96.cif,Na4SrLiIn,-1.9557,0.125,Semiconductor,P1,1,14
Na3In5_id2289_E-1.95.cif,Na3In5,-1.953,0.179,Semiconductor,I-42d,122,32
KLi2Be7In4Ga2GeAs3Se_id2482_E-1.95.cif,KLi2Be7In4Ga2GeAs3Se,-1.9525,1.177,Semiconductor,P1,1,84
Sc3C5N3_id197_E-1.95.cif,Sc3C5N3,-1.9513,0.042,Metal,Cc,9,44
KLiZn3(SbSe)3_id1172_E-1.95.cif,KLiZn3(SbSe)3,-1.9489,1.35,Semiconductor,P31c,159,22
NaLi4MgGa3_id2746_E-1.94.cif,NaLi4MgGa3,-1.9444,0.0,Metal,C222,21,18
Ti3Be14ZnGa3_id410_E-1.94.cif,Ti3Be14ZnGa3,-1.9387,4.098,Insulator,P1,1,84
Li4Al(ZnGa)4_id1574_E-1.93.cif,Li4Al(ZnGa)4,-1.935,0.0,Metal,P-1,2,13
In_id111_E-1.93.cif,In,-1.934,2.27,Semiconductor,Pnnn,48,24
Na8Cd2Ga2Sn4Ge2As2P4SeO6_id1791_E-1.93.cif,Na8Cd2Ga2Sn4Ge2As2P4SeO6,-1.933,1.003,Semiconductor,P1,1,124
Sc2Al7(Ga3Te)2_id925_E-1.93.cif,Sc2Al7(Ga3Te)2,-1.9308,0.727,Semiconductor,P4_2/m,84,34
GaSe_id2448_E-1.93.cif,GaSe,-1.9298,1.933,Semiconductor,P4_232,208,24
BaCaTiGeNO8_id1026_E-1.93.cif,BaCaTiGeNO8,-1.9292,1.834,Semiconductor,P2,3,26
Ba3Na3SnGeS3O32_id852_E-1.93.cif,Ba3Na3SnGeS3O32,-1.9288,1.112,Semiconductor,P-3,147,86
AlZn3Ga14_id1138_E-1.93.cif,AlZn3Ga14,-1.926,0.0,Metal,I422,97,36
K2Na3CaZn3Sn3Sb_id2569_E-1.93.cif,K2Na3CaZn3Sn3Sb,-1.9259,0.0,Metal,P3,143,13
K2Si3Ge_id1062_E-1.93.cif,K2Si3Ge,-1.9257,0.0,Metal,P4_2bc,106,24
Li3Ca3Mg2In3Sn_id406_E-1.92.cif,Li3Ca3Mg2In3Sn,-1.9208,0.0,Metal,P6_3/mcm,193,24
K3Na4Li6Mg2GaSi4Sb3As4P3CS3N3O4_id2780_E-1.92.cif,K3Na4Li6Mg2GaSi4Sb3As4P3CS3N3O4,-1.9208,4.605,Insulator,P1,1,82
Sr5Li4(ZnP)2_id835_E-1.92.cif,Sr5Li4(ZnP)2,-1.9203,3.227,Semiconductor,P4_2/n,86,26
K3Cd3Ga6Si3Sb3P4N3O13_id1804_E-1.92.cif,K3Cd3Ga6Si3Sb3P4N3O13,-1.9195,1.295,Semiconductor,P3,143,38
KLiSn_id576_E-1.92.cif,KLiSn,-1.9193,2.202,Semiconductor,Pmmm,47,6
NaSr2In3Ga2Te2(Se2S)2_id3344_E-1.92.cif,NaSr2In3Ga2Te2(Se2S)2,-1.9167,0.025,Metal,Pm,6,64
Ga24Sn_id54_E-1.91.cif,Ga24Sn,-1.9115,0.0,Metal,P-62c,190,100
ZnIn7Ga2_id1847_E-1.91.cif,ZnIn7Ga2,-1.9106,0.0,Metal,P2_1,4,20
K2Na3Li3Ga2Si2As2S2O23_id1607_E-1.91.cif,K2Na3Li3Ga2Si2As2S2O23,-1.9094,1.81,Semiconductor,P1,1,39
BaNa5Al6_id1375_E-1.91.cif,BaNa5Al6,-1.9079,0.0,Metal,P-3c1,165,24
Na4LiMg3B4_id2961_E-1.91.cif,Na4LiMg3B4,-1.9054,0.0,Metal,P4_2/m,84,24
Li3In10Sn3O4_id401_E-1.91.cif,Li3In10Sn3O4,-1.9051,0.0,Metal,Pm-3m,221,60
NaSr6Zn6Ge7As_id2673_E-1.90.cif,NaSr6Zn6Ge7As,-1.9012,0.0,Metal,P6_322,182,42
GaSn2_id1390_E-1.90.cif,GaSn2,-1.9011,0.0,Metal,P4/mmm,123,3
BaSr2Li4Ca3TiAlSi3GeBCN7_id703_E-1.90.cif,BaSr2Li4Ca3TiAlSi3GeBCN7,-1.8992,0.36,Semiconductor,I4cm,108,100
Ga2Ge4SbAs14S_id1540_E-1.90.cif,Ga2Ge4SbAs14S,-1.8982,3.613,Insulator,I4/mmm,139,44
Li2AlZn2_id2263_E-1.90.cif,Li2AlZn2,-1.8963,0.0,Metal,P4/mmm,123,20
Li7Ca4(AlGa)6_id2426_E-1.89.cif,Li7Ca4(AlGa)6,-1.8947,0.304,Semiconductor,P1,1,23
Zn3Ga4_id903_E-1.89.cif,Zn3Ga4,-1.8939,0.0,Metal,Cmm2,35,14
Li3AlInSn(S2O5)4_id1665_E-1.89.cif,Li3AlInSn(S2O5)4,-1.8903,4.939,Insulator,P-4,81,34
CaAlZn8Ga_id1958_E-1.89.cif,CaAlZn8Ga,-1.8901,2.145,Semiconductor,I-4m2,119,22
Li2Zn2In_id1371_E-1.89.cif,Li2Zn2In,-1.8898,0.0,Metal,Cmme,67,20
Li_id369_E-1.89.cif,Li,-1.8852,4.632,Insulator,P1,1,20
K3AlSn3As4_id2038_E-1.88.cif,K3AlSn3As4,-1.8849,0.599,Semiconductor,P3m1,156,11
Li6Al3Ga2_id3066_E-1.88.cif,Li6Al3Ga2,-1.8835,0.0,Metal,C2/c,15,44
Li7Ge_id636_E-1.88.cif,Li7Ge,-1.8831,0.0,Metal,Ibca,73,64
TiAlZn2CdGaBPNO12_id1585_E-1.88.cif,TiAlZn2CdGaBPNO12,-1.8818,0.65,Semiconductor,Cc,9,84
MgCd4In2(GaSn)3_id2053_E-1.88.cif,MgCd4In2(GaSn)3,-1.8785,0.0,Metal,P3_112,151,78
NaMgZnGa3_id285_E-1.88.cif,NaMgZnGa3,-1.8767,0.0,Metal,Pnma,62,24
KBa6Cd7(GaAs3)2_id695_E-1.87.cif,KBa6Cd7(GaAs3)2,-1.8745,1.218,Semiconductor,Cmm2,35,22
Li4CaMg5In4_id1775_E-1.87.cif,Li4CaMg5In4,-1.8744,0.0,Metal,P3,143,28
Li2GaGeAs2P2S11_id952_E-1.87.cif,Li2GaGeAs2P2S11,-1.8738,3.411,Semiconductor,P2_1,4,38
Mg(CdSn)2_id750_E-1.87.cif,Mg(CdSn)2,-1.872,0.0,Metal,P4_2/mnm,136,10
Li8ZnIn4_id2880_E-1.87.cif,Li8ZnIn4,-1.87,0.0,Metal,I4/m,87,26
K2Ba2Ga2Sb2SeSO5_id732_E-1.87.cif,K2Ba2Ga2Sb2SeSO5,-1.8697,0.055,Semiconductor,Pm,6,60
Li19Ti6O42_id2532_E-1.87.cif,Li19Ti6O42,-1.8695,0.122,Semiconductor,P1,1,67
Li(ZnIn)4_id1394_E-1.87.cif,Li(ZnIn)4,-1.8693,0.0,Metal,P4_2/nmc,137,18
Ba8SrIn3_id2752_E-1.87.cif,Ba8SrIn3,-1.8689,0.0,Metal,P6/mmm,191,12
K3In8_id353_E-1.87.cif,K3In8,-1.8684,0.0,Metal,Pm-3m,221,22
K2Sc_id643_E-1.87.cif,K2Sc,-1.8684,0.0,Metal,I4_1/amd,141,12
BaB2N12O23_id531_E-1.87.cif,BaB2N12O23,-1.8667,2.768,Semiconductor,P6/mmm,191,38
Al3Cd4In_id2751_E-1.87.cif,Al3Cd4In,-1.8653,0.0,Metal,I-4m2,119,16
MgTiZn2CdGa_id360_E-1.86.cif,MgTiZn2CdGa,-1.8646,0.0,Metal,Cmme,67,24
K2Na4Li(In2Sn)2_id304_E-1.86.cif,K2Na4Li(In2Sn)2,-1.8626,0.929,Semiconductor,P2,3,52
Zn3Sn_id513_E-1.86.cif,Zn3Sn,-1.8595,0.0,Metal,I-42d,122,16
K2Al2Cd4Sb2Te9(PSe3)4_id201_E-1.86.cif,K2Al2Cd4Sb2Te9(PSe3)4,-1.8585,1.466,Semiconductor,P1,1,70
ZnCdGa7Sn_id2132_E-1.86.cif,ZnCdGa7Sn,-1.8582,0.022,Metal,P4cc,103,20
Ba6NaSr12Ca6Sc3(Cd2P3)2_id79_E-1.86.cif,Ba6NaSr12Ca6Sc3(Cd2P3)2,-1.8569,1.371,Semiconductor,P1,1,76
ScZnCd2InGa_id1496_E-1.86.cif,ScZnCd2InGa,-1.8567,0.0,Metal,C222_1,20,24
ZnGa3_id2275_E-1.86.cif,ZnGa3,-1.8565,0.0,Metal,P4/mmm,123,4
BaNa(SO45)2_id926_E-1.86.cif,BaNa(SO45)2,-1.856,1.106,Semiconductor,P-3,147,94
Mg3Cd2(Se3S)3_id218_E-1.86.cif,Mg3Cd2(Se3S)3,-1.8555,2.309,Semiconductor,P23,195,34
KSO40_id1698_E-1.85.cif,KSO40,-1.8529,0.75,Semiconductor,P1,1,84
K2NaLi2MgTiBeAlZn3In2Ga2Ge2Te2As_id2453_E-1.85.cif,K2NaLi2MgTiBeAlZn3In2Ga2Ge2Te2As,-1.8515,0.0,Metal,P4_122,91,84
K2LiBe5AlZn3InGaSiAs_id1652_E-1.85.cif,K2LiBe5AlZn3InGaSiAs,-1.8506,0.306,Semiconductor,P6_1,169,96
ScAl3Zn2(GaS)2_id496_E-1.85.cif,ScAl3Zn2(GaS)2,-1.8478,0.031,Metal,Cmc2_1,36,20
ZnTe_id2334_E-1.85.cif,ZnTe,-1.8473,0.0,Metal,I4_1/acd,142,32
KNaCaIn_id301_E-1.85.cif,KNaCaIn,-1.8471,0.0,Metal,R3m,160,12
Be4Si3GeAs3N2_id1927_E-1.85.cif,Be4Si3GeAs3N2,-1.8463,2.289,Semiconductor,Pm,6,26
K6ZnCd4(InSn2)4_id1400_E-1.85.cif,K6ZnCd4(InSn2)4,-1.8461,0.0,Metal,P1,1,46
Ba2Ca2MgCdO3_id1196_E-1.85.cif,Ba2Ca2MgCdO3,-1.8459,0.221,Semiconductor,Cmm2,35,9
Ca2MgCd_id3308_E-1.84.cif,Ca2MgCd,-1.8371,0.0,Metal,Fm-3m,225,16
LiMgSc_id2700_E-1.83.cif,LiMgSc,-1.8323,0.0,Metal,Pmma,51,6
Li11Ti2Al4Zn6Cd6Ga4(Sn3Te)2_id1513_E-1.83.cif,Li11Ti2Al4Zn6Cd6Ga4(Sn3Te)2,-1.8323,0.403,Semiconductor,P4_2,77,82
NaIn6Si_id1348_E-1.83.cif,NaIn6Si,-1.8323,0.0,Metal,Pcc2,27,16
Ba2CaMg_id2003_E-1.83.cif,Ba2CaMg,-1.8322,0.0,Metal,Fm-3m,225,16
K4Na8Li12Ca4MgAl4In4Ga8Te5P4(SO5)4_id1193_E-1.83.cif,K4Na8Li12Ca4MgAl4In4Ga8Te5P4(SO5)4,-1.8304,2.435,Semiconductor,P1,1,78
Ba4Li2CaN3O8_id2299_E-1.83.cif,Ba4Li2CaN3O8,-1.8292,1.828,Semiconductor,P1,1,108
KO4_id1655_E-1.83.cif,KO4,-1.8281,0.106,Semiconductor,P4_2/mbc,135,40
Ca6Mg_id2228_E-1.83.cif,Ca6Mg,-1.8268,0.0,Metal,Fm-3m,225,28
K2Na4SrLi2ZnInGaSiSn4Sb_id357_E-1.82.cif,K2Na4SrLi2ZnInGaSiSn4Sb,-1.8217,0.195,Semiconductor,P1,1,108
KNaLi2Cd2SeO_id322_E-1.82.cif,KNaLi2Cd2SeO,-1.8179,2.08,Semiconductor,Pm,6,16
Li3Zn4Ga_id954_E-1.82.cif,Li3Zn4Ga,-1.8173,0.0,Metal,I-4m2,119,16
Zn2In(Ga7Sn2)2_id2866_E-1.82.cif,Zn2In(Ga7Sn2)2,-1.8158,1.671,Semiconductor,Ima2,46,84
Li2GaSn8_id2204_E-1.81.cif,Li2GaSn8,-1.8134,0.0,Metal,P1,1,44
Li10ZnGaSn2Sb2O5_id2996_E-1.81.cif,Li10ZnGaSn2Sb2O5,-1.813,0.073,Semiconductor,P4_1,76,84
KNaSn_id2516_E-1.81.cif,KNaSn,-1.8129,0.0,Metal,P6_522,179,18
Li2Zn5Ga2_id3049_E-1.81.cif,Li2Zn5Ga2,-1.8115,0.0,Metal,Pmna,53,18
MgAl3Zn2InSn_id2982_E-1.81.cif,MgAl3Zn2InSn,-1.8115,2.032,Semiconductor,Pnn2,34,16
Ba5Li3Ca5Zn2Si2(AsS)3_id2237_E-1.81.cif,Ba5Li3Ca5Zn2Si2(AsS)3,-1.81,0.722,Semiconductor,P2,3,92
Ca_id222_E-1.81.cif,Ca,-1.809,0.0,Metal,P-31m,162,12
Al_id145_E-1.81.cif,Al,-1.8075,0.0,Metal,Pmmm,47,8
Sc2Ti10TeAs2(SeS2)2_id932_E-1.81.cif,Sc2Ti10TeAs2(SeS2)2,-1.8074,0.0,Metal,Ima2,46,84
Mg2Sn_id488_E-1.80.cif,Mg2Sn,-1.8034,2.184,Semiconductor,Pm-3m,221,144
KSr2BeCdTe3As2Se5S3(NO4)2_id1452_E-1.80.cif,KSr2BeCdTe3As2Se5S3(NO4)2,-1.8028,0.0,Metal,P1,1,112
LiMg12Ti2Al3(ZnIn)3_id1552_E-1.80.cif,LiMg12Ti2Al3(ZnIn)3,-1.8027,0.0,Metal,P1,1,48
Sc8TiZn12_id477_E-1.80.cif,Sc8TiZn12,-1.8004,0.0,Metal,I23,197,42
K4Ba6MgBeGe3Sb3Te3P3(N3O8)3_id1658_E-1.80.cif,K4Ba6MgBeGe3Sb3Te3P3(N3O8)3,-1.8003,0.0,Metal,P6_3,173,114
SrCa5_id1431_E-1.80.cif,SrCa5,-1.8,0.0,Metal,P6/mmm,191,6
BaNa2Sr7Ca3CdSiAsP4N_id726_E-1.80.cif,BaNa2Sr7Ca3CdSiAsP4N,-1.7968,0.087,Semiconductor,Pm,6,42
MgZnSn_id387_E-1.79.cif,MgZnSn,-1.7947,0.0,Metal,P4_12_12,92,24
In_id2268_E-1.79.cif,In,-1.7934,0.0,Metal,Pcc2,27,8
Si7GeB2_id2744_E-1.79.cif,Si7GeB2,-1.7926,0.841,Semiconductor,P1,1,40
K9GeO13_id3158_E-1.79.cif,K9GeO13,-1.7863,0.234,Semiconductor,P-42_1m,113,46
KLi3SnTe8P(SeS)5_id2947_E-1.78.cif,KLi3SnTe8P(SeS)5,-1.7842,1.307,Semiconductor,P1,1,96
SrCa4Ga_id970_E-1.78.cif,SrCa4Ga,-1.7836,0.0,Metal,I4_1/amd,141,24
Mg2B_id516_E-1.78.cif,Mg2B,-1.7835,0.295,Semiconductor,P6_422,181,18
KSn2Te2(Se3S5)2_id3145_E-1.78.cif,KSn2Te2(Se3S5)2,-1.783,0.292,Semiconductor,P-42_1m,113,42
Mg3ZnN_id2288_E-1.78.cif,Mg3ZnN,-1.7828,0.061,Semiconductor,Pm-3m,221,5
K9Sb6(Te6P)2_id1925_E-1.78.cif,K9Sb6(Te6P)2,-1.7809,2.385,Semiconductor,C2,5,29
InO6_id2953_E-1.78.cif,InO6,-1.7796,4.011,Insulator,P-1,2,14
Sr2Be2Al6Si5Sn2_id922_E-1.78.cif,Sr2Be2Al6Si5Sn2,-1.7795,2.7,Semiconductor,P23,195,34
LiMg_id1292_E-1.78.cif,LiMg,-1.7783,0.0,Metal,I4_1/acd,142,32
Mg6Ga_id2058_E-1.78.cif,Mg6Ga,-1.778,0.0,Metal,Fm-3m,225,28
K4Te_id1455_E-1.78.cif,K4Te,-1.7775,0.998,Semiconductor,Pccm,49,10
Ga_id2050_E-1.77.cif,Ga,-1.7748,7.527,Insulator,P4_2/ncm,138,16
K4Zn3Cd3In12(Ga3Sn2)3_id724_E-1.77.cif,K4Zn3Cd3In12(Ga3Sn2)3,-1.7731,2.997,Semiconductor,P31m,157,37
Cd2InSnSb5_id171_E-1.77.cif,Cd2InSnSb5,-1.7726,0.012,Metal,P1,1,18
Li2MgGa_id1151_E-1.77.cif,Li2MgGa,-1.7722,0.0,Metal,P4_2/nnm,134,16
LiZnGa4Si_id1641_E-1.77.cif,LiZnGa4Si,-1.7715,0.0,Metal,Pmmm,47,14
MgZn3Ge_id3268_E-1.77.cif,MgZn3Ge,-1.77,0.0,Metal,P4_2/mmc,131,10
Li2Zn5Ga2_id41_E-1.77.cif,Li2Zn5Ga2,-1.7685,0.0,Metal,Pma2,28,18
Li2Mg2CdIn2_id1253_E-1.77.cif,Li2Mg2CdIn2,-1.7685,0.0,Metal,Pmmm,47,7
K2ScCd3In4_id3178_E-1.77.cif,K2ScCd3In4,-1.7656,0.0,Metal,P6_3/mcm,193,20
Li_id1816_E-1.76.cif,Li,-1.7631,0.0,Metal,P2_12_12,18,10
Li4In_id125_E-1.76.cif,Li4In,-1.7631,0.0,Metal,Ccc2,37,20
Li_id2586_E-1.76.cif,Li,-1.7629,0.0,Metal,Cmcm,63,16
NaMgSn17Sb2_id1870_E-1.76.cif,NaMgSn17Sb2,-1.7616,0.689,Semiconductor,P1,1,42
KBa4Sr6CaAl3GePO4_id669_E-1.76.cif,KBa4Sr6CaAl3GePO4,-1.7615,1.597,Semiconductor,Cmc2_1,36,84
Ba3Li2Ca2(CO2)6_id2927_E-1.76.cif,Ba3Li2Ca2(CO2)6,-1.7571,3.472,Semiconductor,R-3,148,75
Mg4Sc_id287_E-1.75.cif,Mg4Sc,-1.7535,0.0,Metal,Cmmm,65,20
Zn4Ga7_id2722_E-1.75.cif,Zn4Ga7,-1.7515,0.0,Metal,Pban,50,22
Zn3CdGa4_id1969_E-1.75.cif,Zn3CdGa4,-1.7497,0.0,Metal,P-42c,112,16
Be3Al4Cd3InS16_id98_E-1.75.cif,Be3Al4Cd3InS16,-1.7488,0.719,Semiconductor,R3m,160,81
LiZn2B_id2487_E-1.75.cif,LiZn2B,-1.7485,0.0,Metal,P6_422,181,24
K3Ti2Zn2Cd2InGa2SeS2_id2242_E-1.75.cif,K3Ti2Zn2Cd2InGa2SeS2,-1.7475,0.0,Metal,Pm,6,60
Ba3CaO2_id179_E-1.75.cif,Ba3CaO2,-1.7462,0.096,Semiconductor,P4_2/m,84,24
ScZn3_id3210_E-1.75.cif,ScZn3,-1.7457,0.0,Metal,F-43m,216,32
K2Ba4NaLi2In2GaSn2_id1036_E-1.74.cif,K2Ba4NaLi2In2GaSn2,-1.7444,0.007,Metal,P2,3,28
K5LiTi6GaGe2_id1990_E-1.74.cif,K5LiTi6GaGe2,-1.7444,0.894,Semiconductor,P42_12,90,30
BaNaLi4CaBeAlZnCd2In2Ga3Sb4_id1260_E-1.74.cif,BaNaLi4CaBeAlZnCd2In2Ga3Sb4,-1.7434,1.171,Semiconductor,P1,1,63
Sb2AsSe2_id1327_E-1.74.cif,Sb2AsSe2,-1.7426,2.484,Semiconductor,C2,5,20
Mg2Sc2TiZn2Ga3_id1561_E-1.74.cif,Mg2Sc2TiZn2Ga3,-1.7405,0.0,Metal,P-1,2,20
K4CaTiSn_id2395_E-1.74.cif,K4CaTiSn,-1.7392,0.0,Metal,I-4m2,119,14
Li2In_id1382_E-1.74.cif,Li2In,-1.7392,0.0,Metal,P4_2/mcm,132,12
MgZn2Cd6(Te3Se)2_id2062_E-1.74.cif,MgZn2Cd6(Te3Se)2,-1.7385,1.41,Semiconductor,C2/c,15,68
K2SbN2O11_id1960_E-1.74.cif,K2SbN2O11,-1.738,1.221,Semiconductor,C2/c,15,64
Ga_id370_E-1.74.cif,Ga,-1.7366,0.0,Metal,Pban,50,34
Li3TiAl3Zn5CdInGa3SnGe2As_id670_E-1.74.cif,Li3TiAl3Zn5CdInGa3SnGe2As,-1.7352,0.331,Semiconductor,P1,1,63
Na4Li16CaAl2Zn4Ga8Sn4(GeB)4_id856_E-1.73.cif,Na4Li16CaAl2Zn4Ga8Sn4(GeB)4,-1.7332,0.0,Metal,P4_2/n,86,94
BaZn_id1005_E-1.73.cif,BaZn,-1.7323,0.0,Metal,Pm-3m,221,16
Na6Mg2Ti8Al12Zn18InGa13Sb6(AsO18)2_id1936_E-1.73.cif,Na6Mg2Ti8Al12Zn18InGa13Sb6(AsO18)2,-1.7314,2.076,Semiconductor,P1,1,104
Sr4CaGe2O_id3346_E-1.73.cif,Sr4CaGe2O,-1.731,0.14,Semiconductor,I4_122,98,32
Zn2InSn_id258_E-1.73.cif,Zn2InSn,-1.7307,0.0,Metal,P4_2/m,84,16
Ca(MgIn)3_id1284_E-1.73.cif,Ca(MgIn)3,-1.7299,0.0,Metal,P6_3/m,176,14
MgZn6In2Si3_id3097_E-1.73.cif,MgZn6In2Si3,-1.7291,0.0,Metal,P6/mmm,191,12
Zn3Ga4_id2999_E-1.73.cif,Zn3Ga4,-1.729,0.0,Metal,P-62m,189,14
K3In3As_id2783_E-1.73.cif,K3In3As,-1.7281,0.0,Metal,P3,143,7
Li5GaTe2_id2564_E-1.73.cif,Li5GaTe2,-1.728,0.253,Semiconductor,P-3m1,164,8
Li7Mg_id996_E-1.73.cif,Li7Mg,-1.7266,2.47,Semiconductor,P1,1,16
Na2Li4(ZnIn4)3_id1312_E-1.73.cif,Na2Li4(ZnIn4)3,-1.7258,0.0,Metal,Pn-3,201,42
KCaSi2SnB2NO13_id2684_E-1.73.cif,KCaSi2SnB2NO13,-1.7258,0.456,Semiconductor,Pna2_1,33,84
Li2MgAlAsSe_id2001_E-1.73.cif,Li2MgAlAsSe,-1.7254,0.93,Semiconductor,I4mm,107,12
K2NaCa2Mg2Cd3Sn2Ge4Sb4As2(PO)2_id3310_E-1.72.cif,K2NaCa2Mg2Cd3Sn2Ge4Sb4As2(PO)2,-1.7246,0.864,Semiconductor,P3_121,152,78
K2NaAl2In3Sb_id1481_E-1.72.cif,K2NaAl2In3Sb,-1.7228,0.063,Semiconductor,P1,1,54
Na3ScZn_id24_E-1.72.cif,Na3ScZn,-1.7219,0.033,Metal,P-6c2,188,10
K4In3_id1999_E-1.72.cif,K4In3,-1.7203,0.126,Semiconductor,P2/m,10,14
Li3Zn_id2863_E-1.72.cif,Li3Zn,-1.7179,0.0,Metal,I-42d,122,16
K2BaNa2SrMgZnInGa3Ge3As_id2149_E-1.72.cif,K2BaNa2SrMgZnInGa3Ge3As,-1.7177,0.003,Metal,P1,1,96
MgAl_id1342_E-1.72.cif,MgAl,-1.7151,0.0,Metal,P6/mmm,191,12
Li2MgZn_id2461_E-1.71.cif,Li2MgZn,-1.7145,0.0,Metal,P6_3/mmc,194,8
Na2Ca6Zn2C_id890_E-1.71.cif,Na2Ca6Zn2C,-1.7116,0.0,Metal,P42_12,90,22
NaLiCaZn2Ga2Ge4As5P8(S2O)2_id2105_E-1.71.cif,NaLiCaZn2Ga2Ge4As5P8(S2O)2,-1.7088,1.982,Semiconductor,C2,5,90
MgAl3Ge4_id1473_E-1.71.cif,MgAl3Ge4,-1.708,0.0,Metal,P4,75,16
Ba_id1190_E-1.71.cif,Ba,-1.7073,0.0,Metal,P-31m,162,12
Ba_id1045_E-1.70.cif,Ba,-1.7044,0.0,Metal,P4_2/nmc,137,6
Mg4Al8Ga4Si5_id830_E-1.70.cif,Mg4Al8Ga4Si5,-1.703,2.704,Semiconductor,Cccm,66,84
Sr2ZnSiAs2O7_id264_E-1.70.cif,Sr2ZnSiAs2O7,-1.7018,2.317,Semiconductor,P1,1,52
Al6Zn_id527_E-1.70.cif,Al6Zn,-1.6994,0.0,Metal,P4_2/nmc,137,14
NaLiNO17_id3225_E-1.70.cif,NaLiNO17,-1.6984,0.104,Semiconductor,P1,1,80
SrCaZn6In2Sn11Ge2_id2366_E-1.70.cif,SrCaZn6In2Sn11Ge2,-1.6983,0.707,Semiconductor,P1,1,23
Li2MgScTi4AlZn2InGaSbTe7_id3229_E-1.70.cif,Li2MgScTi4AlZn2InGaSbTe7,-1.6975,1.384,Semiconductor,P4_1,76,84
K4Ba4LiCd4O12_id956_E-1.70.cif,K4Ba4LiCd4O12,-1.6954,2.848,Semiconductor,P4_2/n,86,50
Li5Al4_id2376_E-1.70.cif,Li5Al4,-1.6951,0.0,Metal,Amm2,38,18
Al4Zn6Sn_id2421_E-1.69.cif,Al4Zn6Sn,-1.6947,0.0,Metal,I-4c2,120,44
Be(AlSi)2_id1021_E-1.69.cif,Be(AlSi)2,-1.6926,0.108,Semiconductor,P1,1,40
SrCa12_id53_E-1.69.cif,SrCa12,-1.6924,0.0,Metal,I4mm,107,26
AlCd3In_id618_E-1.69.cif,AlCd3In,-1.6915,0.0,Metal,Pnnn,48,10
Ba12SrIn3_id2321_E-1.69.cif,Ba12SrIn3,-1.6904,0.21,Semiconductor,Pm,6,32
K12Na7Li4Cd2Ga4Sn8Ge2Sb10(Te2As)4_id73_E-1.69.cif,K12Na7Li4Cd2Ga4Sn8Ge2Sb10(Te2As)4,-1.6896,0.0,Metal,P1,1,61
Li4Mg2AlZn4Cd3In3GaSnSb2_id1598_E-1.69.cif,Li4Mg2AlZn4Cd3In3GaSnSb2,-1.6892,0.051,Semiconductor,Pm,6,84
Ba2CaMg4Al3In6GaSn4_id3266_E-1.69.cif,Ba2CaMg4Al3In6GaSn4,-1.6868,0.037,Metal,Pmna,53,42
CaMg21Sc2_id3085_E-1.68.cif,CaMg21Sc2,-1.6848,0.0,Metal,I4/mmm,139,48
Na3Ga_id811_E-1.68.cif,Na3Ga,-1.6845,0.0,Metal,Pm-3n,223,8
NaScZnCdInGa3_id1539_E-1.68.cif,NaScZnCdInGa3,-1.6842,0.0,Metal,P1,1,64
Ba2Mg2Cd_id157_E-1.68.cif,Ba2Mg2Cd,-1.6809,0.0,Metal,R-3m,166,15
K4BaSrCaBeGaAs_id3314_E-1.68.cif,K4BaSrCaBeGaAs,-1.6805,0.203,Semiconductor,P4,75,20
Na4ZnGaGe_id659_E-1.68.cif,Na4ZnGaGe,-1.6802,0.0,Metal,I4mm,107,14
Li_id1918_E-1.68.cif,Li,-1.6801,0.008,Metal,Pa-3,205,12
Zn2In2Ga_id2432_E-1.68.cif,Zn2In2Ga,-1.6794,0.0,Metal,Ccc2,37,20
KAl(Zn5Ga4)2_id1044_E-1.68.cif,KAl(Zn5Ga4)2,-1.6783,1.702,Semiconductor,P2_1,4,80
ZnCd2Ga3Ge_id3355_E-1.68.cif,ZnCd2Ga3Ge,-1.6774,0.0,Metal,Pm,6,14
Li6MgNO16_id1659_E-1.68.cif,Li6MgNO16,-1.6755,1.478,Semiconductor,Pmn2_1,31,48
CaMg2Zn_id2699_E-1.68.cif,CaMg2Zn,-1.6751,0.0,Metal,P4/mmm,123,16
K2Na3Al(In3Sb)2_id2158_E-1.67.cif,K2Na3Al(In3Sb)2,-1.6726,0.004,Metal,Pm,6,28
BaNaLiZnSiSn2GeTe2SO6_id80_E-1.67.cif,BaNaLiZnSiSn2GeTe2SO6,-1.6662,0.678,Semiconductor,P2_1/m,11,34
Mg2Zn4Cd2In13_id2756_E-1.67.cif,Mg2Zn4Cd2In13,-1.6661,0.0,Metal,C222,21,42
KMgSnSeO3_id1785_E-1.67.cif,KMgSnSeO3,-1.6654,0.032,Metal,P3_221,154,21
Al2Zn2Cd2Ga2Sb_id7_E-1.66.cif,Al2Zn2Cd2Ga2Sb,-1.6646,0.0,Metal,Ccc2,37,36
BaZnCd_id3102_E-1.66.cif,BaZnCd,-1.6632,0.0,Metal,P-6m2,187,3
Ge_id1799_E-1.66.cif,Ge,-1.6611,0.0,Metal,Imma,74,28
LiCd3In4_id2249_E-1.66.cif,LiCd3In4,-1.659,0.0,Metal,P-42c,112,16
SrSi2B11_id2307_E-1.66.cif,SrSi2B11,-1.6566,0.248,Semiconductor,P1,1,28
AlCd_id1111_E-1.66.cif,AlCd,-1.6552,0.0,Metal,F-43m,216,8
Zn4Ga_id3155_E-1.65.cif,Zn4Ga,-1.6541,1.839,Semiconductor,P4_2/nmc,137,10
ScGaSi2Ge17_id2837_E-1.65.cif,ScGaSi2Ge17,-1.6528,0.806,Semiconductor,Pm,6,42
Ba2Sr4Li5Ca4Al2Zn(GaGe)2_id112_E-1.65.cif,Ba2Sr4Li5Ca4Al2Zn(GaGe)2,-1.6496,0.003,Metal,Ibam,72,88
Li3Zn2In2Ga2SiSnGeSb2_id3076_E-1.65.cif,Li3Zn2In2Ga2SiSnGeSb2,-1.649,0.677,Semiconductor,P2_1,4,28
Al_id1649_E-1.65.cif,Al,-1.6486,4.783,Insulator,P4/nmm,129,16
K2Li6Mg3Zn8Ga4(AsO8)2_id33_E-1.65.cif,K2Li6Mg3Zn8Ga4(AsO8)2,-1.6484,2.316,Semiconductor,P1,1,82
KNa6Li6Ca6MgTi2Zn6Ga6B2(S5O12)4_id150_E-1.65.cif,KNa6Li6Ca6MgTi2Zn6Ga6B2(S5O12)4,-1.6483,0.575,Semiconductor,P-3,147,104
K7Sr3Cd2(GaGe)2_id2523_E-1.65.cif,K7Sr3Cd2(GaGe)2,-1.6466,0.294,Semiconductor,C2/c,15,64
Na6Sn_id3232_E-1.64.cif,Na6Sn,-1.6442,0.307,Semiconductor,R-3,148,21
K3Na2LiS_id1184_E-1.64.cif,K3Na2LiS,-1.6433,0.0,Metal,Ibca,73,56
BaSrGaSnGeSbAs2_id2343_E-1.64.cif,BaSrGaSnGeSbAs2,-1.6417,0.0,Metal,C222_1,20,48
K2Na2Li10Mg2ZnSiSn2Sb_id931_E-1.64.cif,K2Na2Li10Mg2ZnSiSn2Sb,-1.6406,5.006,Insulator,P1,1,42
Li3Mg3Zn6Cd3In13Sn3Ge3Te2S9_id1054_E-1.64.cif,Li3Mg3Zn6Cd3In13Sn3Ge3Te2S9,-1.6385,0.585,Semiconductor,P6mm,183,45
KNa2LiCd2SnSbTe13_id1229_E-1.64.cif,KNa2LiCd2SnSbTe13,-1.638,0.027,Metal,Pmc2_1,26,42
NaLiAl15ZnGa2Sn_id2691_E-1.64.cif,NaLiAl15ZnGa2Sn,-1.6357,0.082,Semiconductor,Pbcm,57,84
MgBe2Ge2As2(PO2)2_id2666_E-1.63.cif,MgBe2Ge2As2(PO2)2,-1.6304,0.903,Semiconductor,P1,1,26
K3Al3Zn6In5Ga9(BO)3_id2790_E-1.63.cif,K3Al3Zn6In5Ga9(BO)3,-1.63,0.476,Semiconductor,P6_3cm,185,64
Ti12Be12In3Sn5O24_id1269_E-1.63.cif,Ti12Be12In3Sn5O24,-1.6298,1.253,Semiconductor,Im-3,204,112
ZnCdGa_id708_E-1.63.cif,ZnCdGa,-1.6295,0.0,Metal,Ibca,73,24
Sc3Zn_id2679_E-1.63.cif,Sc3Zn,-1.6251,0.0,Metal,Pm-3m,221,4
Ba2Sr2Li4Al5(ZnGa)6_id2689_E-1.62.cif,Ba2Sr2Li4Al5(ZnGa)6,-1.624,0.0,Metal,Immm,71,50
KLi3MgZnGaSn3Te4SeO3_id562_E-1.62.cif,KLi3MgZnGaSn3Te4SeO3,-1.6239,0.205,Semiconductor,P1,1,72
Li_id492_E-1.62.cif,Li,-1.6234,0.0,Metal,P4_12_12,92,40
Sr3B(NO)18_id955_E-1.62.cif,Sr3B(NO)18,-1.6233,3.143,Semiconductor,Pm,6,80
LiCaMg2S_id3024_E-1.62.cif,LiCaMg2S,-1.6232,0.917,Semiconductor,P4mm,99,5
BaInO24_id1410_E-1.62.cif,BaInO24,-1.6221,0.218,Semiconductor,P1,1,52
In_id3207_E-1.62.cif,In,-1.622,0.0,Metal,P1,1,96
Mg11Sn4_id1234_E-1.62.cif,Mg11Sn4,-1.6195,0.032,Metal,P1,1,60
Be3Zn4In4(Ga3Si2)2_id690_E-1.62.cif,Be3Zn4In4(Ga3Si2)2,-1.6191,1.441,Semiconductor,I-43d,220,84
MgScAlCd3In2BTe12_id1235_E-1.62.cif,MgScAlCd3In2BTe12,-1.6168,0.054,Semiconductor,Ama2,40,84
Sc3Ti9O11_id499_E-1.62.cif,Sc3Ti9O11,-1.6163,0.81,Semiconductor,P1,1,92
Zn5Ga2_id1745_E-1.62.cif,Zn5Ga2,-1.6151,0.0,Metal,P-42m,111,7
LiAl3Cd3Ga3Sb(TeO)3_id3243_E-1.61.cif,LiAl3Cd3Ga3Sb(TeO)3,-1.6134,1.945,Semiconductor,P31m,157,17
Ba4Na4Cd5In4(GaSn2)4_id2758_E-1.61.cif,Ba4Na4Cd5In4(GaSn2)4,-1.6126,0.0,Metal,P4_2/n,86,58
LiTi2(BeIn2)2_id1262_E-1.61.cif,LiTi2(BeIn2)2,-1.6108,0.469,Semiconductor,P1,1,36
Ca2Cd4In_id2833_E-1.61.cif,Ca2Cd4In,-1.6085,0.0,Metal,P4_2/nmc,137,14
KNa2ZnO2_id2367_E-1.61.cif,KNa2ZnO2,-1.6065,0.0,Metal,P-6m2,187,12
NaSrLi_id1302_E-1.61.cif,NaSrLi,-1.6059,5.121,Insulator,P4/nmm,129,12
Li4In3_id3324_E-1.61.cif,Li4In3,-1.6058,0.0,Metal,P4_132,213,56
Li_id1191_E-1.61.cif,Li,-1.6051,0.0,Metal,Pccm,49,4
LiMg3BeZnCdInGa2_id2373_E-1.60.cif,LiMg3BeZnCdInGa2,-1.6047,0.0,Metal,P4_3,78,40
SeS10_id2742_E-1.60.cif,SeS10,-1.6024,2.323,Semiconductor,P1,1,22
K2SrAl2Cd6In2Ga2Ge2Sb4Te2(P2Se)2_id2815_E-1.60.cif,K2SrAl2Cd6In2Ga2Ge2Sb4Te2(P2Se)2,-1.6016,0.19,Semiconductor,P1,1,58
BaNaLi4Cd_id2943_E-1.60.cif,BaNaLi4Cd,-1.6012,0.0,Metal,P-6m2,187,7
NaAlZn3In2_id1119_E-1.60.cif,NaAlZn3In2,-1.6007,0.0,Metal,P6_3/mmc,194,14
KLiIn2_id3326_E-1.60.cif,KLiIn2,-1.5972,0.505,Semiconductor,Iba2,45,32
LiCaMg3In_id546_E-1.60.cif,LiCaMg3In,-1.5957,0.428,Semiconductor,P4mm,99,6
Li2Mg4AlSn2_id2322_E-1.59.cif,Li2Mg4AlSn2,-1.594,0.0,Metal,Pmmm,47,9
Li2Be2ZnSi3PSe2NO9_id2592_E-1.59.cif,Li2Be2ZnSi3PSe2NO9,-1.5935,2.82,Semiconductor,Pna2_1,33,84
Mg2Al16ZnGa2_id2940_E-1.59.cif,Mg2Al16ZnGa2,-1.5908,0.0,Metal,P1,1,42
K6SiSn6_id254_E-1.59.cif,K6SiSn6,-1.5903,0.505,Semiconductor,I-42m,121,26
Mg2Cd4Ga3_id1866_E-1.59.cif,Mg2Cd4Ga3,-1.59,0.0,Metal,Cmce,64,36
Li2Ca2Mg4Cd(InSn)2_id2387_E-1.59.cif,Li2Ca2Mg4Cd(InSn)2,-1.5899,0.0,Metal,Pnnm,58,26
Na(LiSn2)2_id2167_E-1.59.cif,Na(LiSn2)2,-1.5896,0.039,Metal,Amm2,38,14
Zn2In_id354_E-1.59.cif,Zn2In,-1.5892,0.0,Metal,P4_2/mmc,131,12
GaTeSe4S3_id1288_E-1.59.cif,GaTeSe4S3,-1.5858,0.0,Metal,P1,1,9
LiCd_id591_E-1.58.cif,LiCd,-1.5842,0.0,Metal,Pbca,61,16
Mg4ScTi_id964_E-1.58.cif,Mg4ScTi,-1.5822,0.0,Metal,P42_12,90,12
Li2Mg_id85_E-1.58.cif,Li2Mg,-1.5817,5.233,Insulator,I4/mmm,139,6
Li2Sc7(AlZn2)2_id249_E-1.58.cif,Li2Sc7(AlZn2)2,-1.5789,0.204,Semiconductor,P2,3,30
Ga4TeAs4_id416_E-1.58.cif,Ga4TeAs4,-1.5786,0.001,Metal,P2,3,18
K(LiGa)2_id2215_E-1.58.cif,K(LiGa)2,-1.5782,0.0,Metal,I-4c2,120,20
Ba3Na2_id538_E-1.58.cif,Ba3Na2,-1.5777,0.0,Metal,Cmce,64,20
Na3Sr3In4TeAs9C3Se3N7O10_id2506_E-1.58.cif,Na3Sr3In4TeAs9C3Se3N7O10,-1.577,1.486,Semiconductor,P1,1,86
K4BeAlSi_id2727_E-1.57.cif,K4BeAlSi,-1.5745,0.115,Semiconductor,I422,97,28
SrMg12(Cd2Sn)4_id2345_E-1.57.cif,SrMg12(Cd2Sn)4,-1.5745,0.0,Metal,P4_2/nmc,137,50
Na3Li4Ca3AlIn3Ga3Sb5As3Se3(S2O)3_id3004_E-1.57.cif,Na3Li4Ca3AlIn3Ga3Sb5As3Se3(S2O)3,-1.573,2.228,Semiconductor,P6mm,183,37
KLi11Ga3_id2224_E-1.57.cif,KLi11Ga3,-1.573,0.0,Metal,P-31m,162,15
Li4(Cd2Sn)3_id1268_E-1.57.cif,Li4(Cd2Sn)3,-1.5725,0.0,Metal,P3c1,158,26
BaLi2MgZn2_id1606_E-1.57.cif,BaLi2MgZn2,-1.5719,0.0,Metal,P4/mbm,127,12
Na4Ca2Zn4Cd4PO_id921_E-1.57.cif,Na4Ca2Zn4Cd4PO,-1.5718,0.0,Metal,P4,75,16
Li5Mg_id1501_E-1.57.cif,Li5Mg,-1.5715,0.0,Metal,C222,21,12
Li2Zn4Ga_id1198_E-1.57.cif,Li2Zn4Ga,-1.5705,0.0,Metal,Pban,50,14
Al4InGa_id2134_E-1.57.cif,Al4InGa,-1.5695,0.0,Metal,Pm,6,12
Li7Mg_id1073_E-1.57.cif,Li7Mg,-1.5679,0.0,Metal,P2/c,13,32
Mg9ScIn2_id2037_E-1.57.cif,Mg9ScIn2,-1.566,0.0,Metal,P6/mcc,192,48
K12Na12Ga12BO12_id2562_E-1.57.cif,K12Na12Ga12BO12,-1.5657,0.477,Semiconductor,I432,211,98
Al14ZnInGa5_id3125_E-1.56.cif,Al14ZnInGa5,-1.5646,1.329,Semiconductor,P1,1,84
LiMg5Al2In_id2296_E-1.56.cif,LiMg5Al2In,-1.5633,0.0,Metal,I4mm,107,18
K2Ba2CaSiGe6_id2424_E-1.56.cif,K2Ba2CaSiGe6,-1.5609,0.0,Metal,P4_2/m,84,24
Na4(LiCa)3_id23_E-1.56.cif,Na4(LiCa)3,-1.5609,0.0,Metal,I-43d,220,40
Ca2Cd2In5_id1178_E-1.56.cif,Ca2Cd2In5,-1.5586,0.0,Metal,Cmce,64,36
LiMg_id1551_E-1.56.cif,LiMg,-1.5583,0.0,Metal,P4_12_12,92,16
NaLi5ZnSbTeS12_id1482_E-1.56.cif,NaLi5ZnSbTeS12,-1.5555,2.734,Semiconductor,Pm,6,21
LiCa12_id617_E-1.55.cif,LiCa12,-1.554,0.0,Metal,R-3,148,39
CaO_id1784_E-1.55.cif,CaO,-1.5533,0.0,Metal,P4/mmm,123,4
Sc5Al2Zn15_id1121_E-1.55.cif,Sc5Al2Zn15,-1.5526,0.0,Metal,P6/mmm,191,22
K4Na2Li10CaZnCd3GaSn3Sb6Te3As3P4_id3013_E-1.55.cif,K4Na2Li10CaZnCd3GaSn3Sb6Te3As3P4,-1.5499,0.393,Semiconductor,P1,1,123
K14NaCdO5_id504_E-1.55.cif,K14NaCdO5,-1.5458,0.0,Metal,Pm,6,84
LiCd2B_id1534_E-1.54.cif,LiCd2B,-1.5447,0.0,Metal,I4_1/acd,142,64
K2Sr6ZnCd6GaSn6_id3098_E-1.54.cif,K2Sr6ZnCd6GaSn6,-1.544,0.0,Metal,Fm-3m,225,88
LiAlZn4_id2971_E-1.54.cif,LiAlZn4,-1.5438,0.0,Metal,I422,97,12
AlGa2SiSe_id2785_E-1.54.cif,AlGa2SiSe,-1.5433,0.076,Semiconductor,P2_1,4,30
Na2Li2Al(Zn2Ge)2_id3248_E-1.54.cif,Na2Li2Al(Zn2Ge)2,-1.5433,0.0,Metal,P1,1,44
BaLiMg_id825_E-1.54.cif,BaLiMg,-1.5431,0.0,Metal,I-4m2,119,6
K2Ba2Na4LiInGa2_id149_E-1.54.cif,K2Ba2Na4LiInGa2,-1.5419,0.0,Metal,P4mm,99,24
Cd3In2_id339_E-1.54.cif,Cd3In2,-1.5399,0.0,Metal,Cmce,64,20
KCdGe2_id2579_E-1.54.cif,KCdGe2,-1.5397,0.0,Metal,P4/mbm,127,16
Na4CdIn_id1246_E-1.54.cif,Na4CdIn,-1.5387,0.0,Metal,P4/mmm,123,6
MgZn_id27_E-1.54.cif,MgZn,-1.5366,0.0,Metal,Cmcm,63,16
CdIn_id1696_E-1.54.cif,CdIn,-1.5359,0.0,Metal,Pmmm,47,4
Al3Zn2_id658_E-1.54.cif,Al3Zn2,-1.5358,0.314,Semiconductor,Pmm2,25,40
Ca_id510_E-1.53.cif,Ca,-1.5326,0.0,Metal,P-6m2,187,10
GaSn_id445_E-1.53.cif,GaSn,-1.5303,0.0,Metal,P6_3/mmc,194,4
Mg2Ge_id2591_E-1.53.cif,Mg2Ge,-1.5275,4.789,Insulator,P4_2/mmc,131,12
Li45Mg14(Zn6Ga7)2_id1889_E-1.53.cif,Li45Mg14(Zn6Ga7)2,-1.5259,0.0,Metal,P1,1,85
KNaLiMgZn2In3SiSn5Ge2_id2913_E-1.53.cif,KNaLiMgZn2In3SiSn5Ge2,-1.5257,0.0,Metal,P1,1,102
Li5Mg4CdGa4_id2118_E-1.52.cif,Li5Mg4CdGa4,-1.5241,0.355,Semiconductor,Pm,6,14
BaLiZn4Cd_id2501_E-1.52.cif,BaLiZn4Cd,-1.5239,0.0,Metal,I4/mcm,140,28
Na2ZnCd5(SnO2)2_id1434_E-1.52.cif,Na2ZnCd5(SnO2)2,-1.5232,2.456,Semiconductor,P-42_1c,114,28
Zn7Ga2_id411_E-1.52.cif,Zn7Ga2,-1.523,0.0,Metal,C2/c,15,36
Mg_id3244_E-1.52.cif,Mg,-1.5225,0.0,Metal,I4/mmm,139,12
Li9Mg5_id2374_E-1.52.cif,Li9Mg5,-1.5202,0.0,Metal,P-6,174,14
Na6Li2Al2Ge2(SbS)3_id2771_E-1.52.cif,Na6Li2Al2Ge2(SbS)3,-1.5185,0.316,Semiconductor,P6_3cm,185,36
LiMgAl5Zn2CdGa_id3174_E-1.52.cif,LiMgAl5Zn2CdGa,-1.518,0.471,Semiconductor,P1,1,22
Li6Mg4ZnIn2_id692_E-1.52.cif,Li6Mg4ZnIn2,-1.5178,0.0,Metal,I-42m,121,26
Li2Be5(Al2B)2_id2986_E-1.52.cif,Li2Be5(Al2B)2,-1.5163,0.352,Semiconductor,P1,1,26
Li3CaZnCdInSiGeAs_id1822_E-1.52.cif,Li3CaZnCdInSiGeAs,-1.516,1.299,Semiconductor,P1,1,60
Li20Mg_id2922_E-1.51.cif,Li20Mg,-1.5144,4.005,Insulator,Pm,6,42
Ba12Sr7Ca6AlB3C4(NO4)3_id1219_E-1.51.cif,Ba12Sr7Ca6AlB3C4(NO4)3,-1.5141,0.146,Semiconductor,P1,1,48
NaCdIn_id1128_E-1.51.cif,NaCdIn,-1.5121,0.0,Metal,P4/mmm,123,12
Sr8CaMg6ZnIn_id1815_E-1.50.cif,Sr8CaMg6ZnIn,-1.5039,3.448,Semiconductor,Pmmm,47,17
K(InSn4)2_id1549_E-1.50.cif,K(InSn4)2,-1.5038,0.389,Semiconductor,P1,1,22
Li5CaMg4CdIn_id1532_E-1.50.cif,Li5CaMg4CdIn,-1.5024,3.14,Semiconductor,P4mm,99,12
Li10Ga_id2566_E-1.50.cif,Li10Ga,-1.5014,0.0,Metal,P2,3,22
Li4Mg2Cd3In2_id1666_E-1.50.cif,Li4Mg2Cd3In2,-1.5008,0.0,Metal,P-1,2,22
Na8Li4Mg3SnGe4Te8P16S12(NO5)4_id3245_E-1.50.cif,Na8Li4Mg3SnGe4Te8P16S12(NO5)4,-1.5004,4.247,Insulator,P1,1,80
K4Ba5Ca2Cd8Sn5O6_id2893_E-1.50.cif,K4Ba5Ca2Cd8Sn5O6,-1.5001,2.191,Semiconductor,Imm2,44,60
Na2MgCd2(InSb)2_id1471_E-1.50.cif,Na2MgCd2(InSb)2,-1.4981,0.0,Metal,P6_5,170,54
Mg3Sn2(SO2)2_id506_E-1.50.cif,Mg3Sn2(SO2)2,-1.4968,1.54,Semiconductor,P-42_1m,113,22
In7S_id2405_E-1.49.cif,In7S,-1.4928,1.081,Semiconductor,P4_2/mbc,135,64
LiCaCd2_id1611_E-1.49.cif,LiCaCd2,-1.4921,0.0,Metal,P4/mmm,123,8
Na2Ga_id2563_E-1.49.cif,Na2Ga,-1.4899,0.188,Semiconductor,I4/mmm,139,12
Ba4Mg2Zn3GaSiSnGeSe_id2555_E-1.49.cif,Ba4Mg2Zn3GaSiSnGeSe,-1.4893,0.0,Metal,P1,1,28
Na2Li2Mg2Al_id1443_E-1.49.cif,Na2Li2Mg2Al,-1.4888,0.0,Metal,Iba2,45,28
Na(MgBe2)2_id1505_E-1.49.cif,Na(MgBe2)2,-1.4867,0.0,Metal,I4_1/a,88,28
Ba3Sr2_id20_E-1.49.cif,Ba3Sr2,-1.4856,0.0,Metal,Pn-3m,224,10
Ca2Zn2In2Ga_id2978_E-1.48.cif,Ca2Zn2In2Ga,-1.4839,0.0,Metal,C2,5,28
Zn5In2Sn_id1603_E-1.48.cif,Zn5In2Sn,-1.4828,0.0,Metal,P-42c,112,16
Sc2TiZn8Ga_id1195_E-1.48.cif,Sc2TiZn8Ga,-1.4826,0.0,Metal,Pm,6,24
NaLi4Cd3In4_id2444_E-1.48.cif,NaLi4Cd3In4,-1.482,0.0,Metal,P4_2/m,84,24
NaLiMg2CdIn3_id3212_E-1.48.cif,NaLiMg2CdIn3,-1.4814,0.0,Metal,P-1,2,16
CaTiAlZnN4_id2970_E-1.48.cif,CaTiAlZnN4,-1.481,0.36,Semiconductor,F-43m,216,32
NaSr2Ca4MgGe_id2187_E-1.48.cif,NaSr2Ca4MgGe,-1.4793,0.0,Metal,P42_12,90,18
Li5TiBe7Al2Zn2InSiBTe_id2810_E-1.48.cif,Li5TiBe7Al2Zn2InSiBTe,-1.4758,1.636,Semiconductor,P1,1,126
NaLiCa2MgScAl4Zn_id3294_E-1.47.cif,NaLiCa2MgScAl4Zn,-1.4734,0.0,Metal,P2_1,4,66
Sr3Ca2MgZnCdGa4AsP_id395_E-1.47.cif,Sr3Ca2MgZnCdGa4AsP,-1.4694,0.583,Semiconductor,P1,1,56
Cd4In3_id1502_E-1.47.cif,Cd4In3,-1.4693,0.0,Metal,Cmmm,65,14
Cd12P6S7_id2065_E-1.47.cif,Cd12P6S7,-1.4687,8.42,Insulator,I-43m,217,50
NaZn2In_id194_E-1.46.cif,NaZn2In,-1.4636,0.0,Metal,I-42d,122,16
CaMg2In_id365_E-1.46.cif,CaMg2In,-1.4633,0.0,Metal,Cmmm,65,16
NaLi5BeGeSO3_id2223_E-1.46.cif,NaLi5BeGeSO3,-1.4596,2.577,Semiconductor,Pm,6,48
B8C13_id1028_E-1.46.cif,B8C13,-1.4557,0.704,Semiconductor,P4mm,99,42
Ga4SbTe4(AsS2)4_id1944_E-1.46.cif,Ga4SbTe4(AsS2)4,-1.4557,6.867,Insulator,P1,1,21
Ba4Na12Li8CaCd12(GaSe)4_id1654_E-1.45.cif,Ba4Na12Li8CaCd12(GaSe)4,-1.4545,2.022,Semiconductor,P-1,2,90
TiO7_id3252_E-1.45.cif,TiO7,-1.4531,3.875,Insulator,Aem2,39,32
ScTiAl3Zn10Ga3S_id1768_E-1.45.cif,ScTiAl3Zn10Ga3S,-1.4529,3.23,Semiconductor,P1,1,57
Li2AlZn7_id34_E-1.45.cif,Li2AlZn7,-1.4527,0.0,Metal,Fmmm,69,40
KCdSn2_id1183_E-1.45.cif,KCdSn2,-1.4501,2.696,Semiconductor,C2,5,12
Ba2Li4MgAl2Zn4Cd2In2Ga_id1133_E-1.45.cif,Ba2Li4MgAl2Zn4Cd2In2Ga,-1.4496,0.033,Metal,P1,1,36
MgZnInAs_id2370_E-1.45.cif,MgZnInAs,-1.4482,0.0,Metal,P-6m2,187,4
K4NaCd7In28Sn5_id764_E-1.45.cif,K4NaCd7In28Sn5,-1.4466,0.0,Metal,P1,1,90
BaLi2Mg2Cd2In19Ga2SnTe_id814_E-1.45.cif,BaLi2Mg2Cd2In19Ga2SnTe,-1.4465,0.0,Metal,P2,3,30
Li3CaGa_id1095_E-1.44.cif,Li3CaGa,-1.4444,1.088,Semiconductor,P2/c,13,40
Na2Li10Mg3Sc2Ti3Zn2Cd2In2Ga_id1429_E-1.44.cif,Na2Li10Mg3Sc2Ti3Zn2Cd2In2Ga,-1.4442,2.371,Semiconductor,P1,1,54
Ge5P4_id1255_E-1.44.cif,Ge5P4,-1.4436,0.371,Semiconductor,Cm,8,9
CdIn11SnGeSb(Te2O)2_id2738_E-1.44.cif,CdIn11SnGeSb(Te2O)2,-1.4418,0.395,Semiconductor,P1,1,42
Sr2Ca3Mg9ZnIn4_id358_E-1.44.cif,Sr2Ca3Mg9ZnIn4,-1.4411,2.455,Semiconductor,P1,1,19
Li2Mg_id1367_E-1.44.cif,Li2Mg,-1.4406,0.0,Metal,P4_322,95,12
Li4TiTeSe_id2865_E-1.44.cif,Li4TiTeSe,-1.439,1.255,Semiconductor,Ibca,73,56
Ti3Be30Al2Si_id1225_E-1.43.cif,Ti3Be30Al2Si,-1.4344,0.0,Metal,P1,1,72
LiGe_id412_E-1.43.cif,LiGe,-1.4333,0.0,Metal,P4/mmm,123,4
NaBe2Ga_id2910_E-1.43.cif,NaBe2Ga,-1.4331,2.086,Semiconductor,P4_132,213,32
Al_id2488_E-1.43.cif,Al,-1.4312,0.0,Metal,P4mm,99,10
KMg5Al4Cd(InGa)5_id84_E-1.43.cif,KMg5Al4Cd(InGa)5,-1.43,0.026,Metal,P1,1,21
Mg(CdIn)2_id331_E-1.43.cif,Mg(CdIn)2,-1.4297,0.0,Metal,Pmmm,47,5
Cd5Ga2_id368_E-1.43.cif,Cd5Ga2,-1.4293,0.0,Metal,C2/m,12,14
Li_id3073_E-1.43.cif,Li,-1.4282,0.0,Metal,Pmna,53,34
Ca2MgScTi6BeAlZnInGaP2NO4_id2411_E-1.43.cif,Ca2MgScTi6BeAlZnInGaP2NO4,-1.4282,0.0,Metal,Pm,6,88
K2Na3In2Ga_id900_E-1.43.cif,K2Na3In2Ga,-1.4273,0.074,Semiconductor,P1,1,16
Li6Ca2MgScCd2In2Ga3_id321_E-1.43.cif,Li6Ca2MgScCd2In2Ga3,-1.4272,0.0,Metal,P3_1,144,51
KNa18Li2Cd5In7(Ga2Sn)2_id1318_E-1.43.cif,KNa18Li2Cd5In7(Ga2Sn)2,-1.4271,0.024,Metal,P1,1,78
Li2CaScSbTe8PSe6N_id2435_E-1.42.cif,Li2CaScSbTe8PSe6N,-1.4247,0.917,Semiconductor,P1,1,84
BaSr4(Li3Mg)2_id155_E-1.42.cif,BaSr4(Li3Mg)2,-1.4247,0.0,Metal,P-6m2,187,13
NaIn2_id3060_E-1.42.cif,NaIn2,-1.4239,0.0,Metal,P4_322,95,12
Li4Mg_id2192_E-1.42.cif,Li4Mg,-1.4236,0.0,Metal,I-4m2,119,20
Ca_id484_E-1.42.cif,Ca,-1.4234,0.0,Metal,P-31m,162,24
Mg2CdIn2Te2(Se2S)2_id233_E-1.42.cif,Mg2CdIn2Te2(Se2S)2,-1.4232,0.768,Semiconductor,R-3m,166,39
Li4Zn5GaSn_id1486_E-1.42.cif,Li4Zn5GaSn,-1.4224,0.0,Metal,P1,1,44
LiAs24_id263_E-1.42.cif,LiAs24,-1.421,0.483,Semiconductor,P1,1,25
Cd6Ga35_id2858_E-1.42.cif,Cd6Ga35,-1.421,0.208,Semiconductor,P6/mcc,192,82
Li_id2577_E-1.42.cif,Li,-1.4197,0.0,Metal,P4_2/ncm,138,16
AlZnGa2_id2324_E-1.42.cif,AlZnGa2,-1.4172,0.0,Metal,I4/mmm,139,8
Ba4SrSb_id144_E-1.42.cif,Ba4SrSb,-1.4155,0.18,Semiconductor,P2_1/m,11,24
BaNaSrLiCaZnSeSN3O10_id1894_E-1.41.cif,BaNaSrLiCaZnSeSN3O10,-1.4149,3.629,Insulator,P1,1,84
Ba2Na2LiCd_id2078_E-1.41.cif,Ba2Na2LiCd,-1.4148,0.0,Metal,P4/mmm,123,24
Mg3(CdIn)2_id2757_E-1.41.cif,Mg3(CdIn)2,-1.4139,0.0,Metal,Cmce,64,28
K5NaZn2Te2(AsS)2_id1760_E-1.41.cif,K5NaZn2Te2(AsS)2,-1.4136,1.417,Semiconductor,C222,21,28
SrCaZn2_id3121_E-1.41.cif,SrCaZn2,-1.4089,0.0,Metal,P6/mmm,191,8
Ba6Na3Sr2Ca15Zn3Ge12As9(P2O)3_id3236_E-1.41.cif,Ba6Na3Sr2Ca15Zn3Ge12As9(P2O)3,-1.4064,1.044,Semiconductor,Pm,6,59
Mg6Zn2In3Sn2_id103_E-1.41.cif,Mg6Zn2In3Sn2,-1.4058,0.0,Metal,P4_2/m,84,26
LiCd_id3177_E-1.40.cif,LiCd,-1.4046,0.0,Metal,I4/mmm,139,12
KNa3BeAs4P6Se2SO5_id882_E-1.40.cif,KNa3BeAs4P6Se2SO5,-1.4042,0.015,Metal,P1,1,92
Be2ZnCdSi2B2AsPC3_id3104_E-1.40.cif,Be2ZnCdSi2B2AsPC3,-1.4008,0.745,Semiconductor,P1,1,26
Ba12Se7_id2015_E-1.40.cif,Ba12Se7,-1.3992,0.018,Metal,Pn-3n,222,76
LiZn3_id202_E-1.40.cif,LiZn3,-1.3964,0.0,Metal,Im-3m,229,8
Mg9Cd2In_id1160_E-1.40.cif,Mg9Cd2In,-1.3963,0.0,Metal,I4/mmm,139,24
K4LiMg9Sn4_id1115_E-1.39.cif,K4LiMg9Sn4,-1.3942,0.0,Metal,P4cc,103,36
KNaLi4_id2648_E-1.39.cif,KNaLi4,-1.3939,0.0,Metal,P-3m1,164,6
K4MgCd2Sn_id2103_E-1.38.cif,K4MgCd2Sn,-1.3832,0.125,Semiconductor,Ibam,72,32
SrLi2Zn2In2Ga4Si4(Ge7Te)2_id2877_E-1.38.cif,SrLi2Zn2In2Ga4Si4(Ge7Te)2,-1.3826,0.083,Semiconductor,P1,1,124
Li4Zn_id3367_E-1.38.cif,Li4Zn,-1.3826,0.0,Metal,P-42_1c,114,10
Li3CaAl_id1922_E-1.38.cif,Li3CaAl,-1.3817,0.0,Metal,Pm-3m,221,5
Na2Li7_id2540_E-1.38.cif,Na2Li7,-1.3786,0.0,Metal,P2,3,18
MgGa_id3340_E-1.38.cif,MgGa,-1.3774,0.0,Metal,P4_32_12,96,8
MgIn2Ga2Sn_id1820_E-1.38.cif,MgIn2Ga2Sn,-1.3761,0.0,Metal,P4/mmm,123,6
Al(ZnC)2_id405_E-1.38.cif,Al(ZnC)2,-1.3757,0.0,Metal,C2,5,15
CdO_id217_E-1.38.cif,CdO,-1.3755,0.0,Metal,Fm-3m,225,8
Al(Cd3Se2)2_id650_E-1.37.cif,Al(Cd3Se2)2,-1.3747,18.057,Insulator,P-1,2,22
SrCa5_id1189_E-1.37.cif,SrCa5,-1.3717,0.0,Metal,P3m1,156,12
Zn3In9Ga25_id841_E-1.37.cif,Zn3In9Ga25,-1.37,0.0,Metal,P1,1,74
Mg2Zn2CdCN3_id1421_E-1.37.cif,Mg2Zn2CdCN3,-1.3684,1.255,Semiconductor,Pmmm,47,18
Mg_id1080_E-1.37.cif,Mg,-1.368,0.0,Metal,I4_1/acd,142,32
Mg5ScCdIn2_id2772_E-1.37.cif,Mg5ScCdIn2,-1.3675,0.0,Metal,P4_2/mbc,135,36
Li3Zn4CdGa3_id1041_E-1.37.cif,Li3Zn4CdGa3,-1.3672,0.0,Metal,P4_3,78,44
KLiTi(Zn2Cd)2_id625_E-1.37.cif,KLiTi(Zn2Cd)2,-1.3652,0.0,Metal,P2_1/m,11,18
Ba2Ca7_id1947_E-1.36.cif,Ba2Ca7,-1.365,0.0,Metal,Pmna,53,36
Sr(MgZn)3_id2480_E-1.36.cif,Sr(MgZn)3,-1.3616,0.0,Metal,Cmcm,63,28
K4Sr9Cd4(InB)4_id49_E-1.36.cif,K4Sr9Cd4(InB)4,-1.3603,1.546,Semiconductor,P1,1,50
Ba5Li8MgZn2CdIn2GaGe_id2776_E-1.36.cif,Ba5Li8MgZn2CdIn2GaGe,-1.3579,0.0,Metal,P6_5,170,126
ZnIn2SiSn_id2159_E-1.36.cif,ZnIn2SiSn,-1.3568,0.393,Semiconductor,P6_122,178,60
Mg_id1765_E-1.36.cif,Mg,-1.3565,0.0,Metal,Ibam,72,28
Li6Mg8ScTi_id2116_E-1.36.cif,Li6Mg8ScTi,-1.3553,0.487,Semiconductor,P1,1,16
Li3ZnCd3_id3376_E-1.35.cif,Li3ZnCd3,-1.354,0.0,Metal,P6_3/m,176,14
K5Ba13_id1941_E-1.35.cif,K5Ba13,-1.3538,0.004,Metal,Pm,6,18
Li5Ca(Mg2Sc)2_id3223_E-1.35.cif,Li5Ca(Mg2Sc)2,-1.3527,0.0,Metal,P2/m,10,12
Li3ZnCd2In7_id2912_E-1.35.cif,Li3ZnCd2In7,-1.3525,0.303,Semiconductor,P6,168,26
Na2Li2Cd4In2Sn3_id259_E-1.35.cif,Na2Li2Cd4In2Sn3,-1.352,0.0,Metal,Pm,6,26
InGa3_id1851_E-1.35.cif,InGa3,-1.3519,0.0,Metal,P1,1,48
AlZn3Cd2_id2720_E-1.35.cif,AlZn3Cd2,-1.3496,0.0,Metal,Cmcm,63,24
Li14S3_id3292_E-1.35.cif,Li14S3,-1.3494,3.06,Semiconductor,Pm-3m,221,34
KLi2_id1689_E-1.35.cif,KLi2,-1.3486,0.0,Metal,P4/mmm,123,12
Mg3Al2(ZnSi)2_id691_E-1.35.cif,Mg3Al2(ZnSi)2,-1.3476,0.276,Semiconductor,P1,1,36
Li2Mg3Al_id2585_E-1.35.cif,Li2Mg3Al,-1.3464,0.0,Metal,C222,21,12
MgBeZn2O2_id1480_E-1.35.cif,MgBeZn2O2,-1.3457,0.032,Metal,P4_2/mmc,131,12
Al19Zn12_id2753_E-1.34.cif,Al19Zn12,-1.3447,0.241,Semiconductor,P-43n,218,62
Mg4Zn_id3021_E-1.34.cif,Mg4Zn,-1.3438,0.0,Metal,Ccce,68,20
Na6Ca6O_id2180_E-1.34.cif,Na6Ca6O,-1.3426,0.144,Semiconductor,Pm-3,200,13
NaLi_id2427_E-1.34.cif,NaLi,-1.3421,0.0,Metal,C222,21,20
Mg_id2969_E-1.34.cif,Mg,-1.3402,0.0,Metal,Pm-3m,221,4
Li2ZnCd_id349_E-1.34.cif,Li2ZnCd,-1.3401,0.0,Metal,C222,21,16
Mg_id1823_E-1.34.cif,Mg,-1.3385,0.0,Metal,Pccm,49,4
KLiZn4InGa2_id1409_E-1.34.cif,KLiZn4InGa2,-1.3377,0.0,Metal,P42_12,90,18
Li6CaGa2Te6(Se8S)3_id3353_E-1.33.cif,Li6CaGa2Te6(Se8S)3,-1.333,3.456,Semiconductor,P31m,157,42
Ca4Ge_id3234_E-1.33.cif,Ca4Ge,-1.333,0.0,Metal,P4/ncc,130,20
As5Se2_id974_E-1.33.cif,As5Se2,-1.3326,3.024,Semiconductor,I4_1/amd,141,28
Cd3Sn_id2420_E-1.33.cif,Cd3Sn,-1.3317,0.0,Metal,Pnn2,34,8
CaMg4_id396_E-1.33.cif,CaMg4,-1.33,0.0,Metal,Im-3m,229,40
Al(Zn5Ga7)3_id1824_E-1.33.cif,Al(Zn5Ga7)3,-1.3291,1.668,Semiconductor,P1,1,74
Ba3Li8Zn_id130_E-1.33.cif,Ba3Li8Zn,-1.3286,0.0,Metal,P-3m1,164,12
K2BaCa_id1227_E-1.33.cif,K2BaCa,-1.3273,0.0,Metal,Fm-3m,225,16
Ba8SrCaAsN2_id2828_E-1.33.cif,Ba8SrCaAsN2,-1.3254,0.0,Metal,P1,1,26
Zn4As6P4O_id1793_E-1.32.cif,Zn4As6P4O,-1.3244,3.694,Insulator,P1,1,120
LiZn4_id2255_E-1.32.cif,LiZn4,-1.3241,0.0,Metal,P4/mmm,123,20
Ba3Sr2Be6Ge6P18C6(N4O3)6_id2186_E-1.32.cif,Ba3Sr2Be6Ge6P18C6(N4O3)6,-1.3228,4.196,Insulator,P1,1,83
CaAl12Ga9Ge7Se6_id908_E-1.32.cif,CaAl12Ga9Ge7Se6,-1.3201,0.125,Semiconductor,P2,3,35
Ba5Sr2CaTi2O6_id631_E-1.32.cif,Ba5Sr2CaTi2O6,-1.3198,0.312,Semiconductor,Pmm2,25,32
KNa7In4Sn6Ge15Sb2As_id838_E-1.32.cif,KNa7In4Sn6Ge15Sb2As,-1.3191,0.0,Metal,P1,1,72
Ca2Mg5In3_id1535_E-1.32.cif,Ca2Mg5In3,-1.3174,0.0,Metal,P4/mmm,123,10
Zn4Ga_id182_E-1.32.cif,Zn4Ga,-1.3156,0.0,Metal,Amm2,38,10
CaZn_id3100_E-1.31.cif,CaZn,-1.3141,0.0,Metal,P2_12_12_1,19,8
K11LiZn3Cd2Ga5(Sn2Ge)2_id1724_E-1.31.cif,K11LiZn3Cd2Ga5(Sn2Ge)2,-1.3123,0.462,Semiconductor,P1,1,84
K3(ZnGa2)2_id1441_E-1.31.cif,K3(ZnGa2)2,-1.3122,0.087,Semiconductor,P4_2/nnm,134,72
BaZn6Cd6In6(GaO)6_id585_E-1.31.cif,BaZn6Cd6In6(GaO)6,-1.3118,1.006,Semiconductor,P6/mmm,191,31
LiGe_id2914_E-1.31.cif,LiGe,-1.3116,0.042,Metal,P4/mmm,123,6
Na2Zn3Ge5_id2157_E-1.31.cif,Na2Zn3Ge5,-1.3114,0.0,Metal,P6/mmm,191,10
KCa2Mg3Ga2Ge3_id143_E-1.31.cif,KCa2Mg3Ga2Ge3,-1.311,0.0,Metal,Pm,6,11
TeSeO2_id1605_E-1.31.cif,TeSeO2,-1.3088,2.04,Semiconductor,Fd-3m,227,128
Ga_id1328_E-1.30.cif,Ga,-1.3043,0.0,Metal,P4_2/mmc,131,4
K2Mg2In2Ga2Sn_id324_E-1.30.cif,K2Mg2In2Ga2Sn,-1.304,0.665,Semiconductor,I4_1/amd,141,36
AlZnCdSn2_id2502_E-1.30.cif,AlZnCdSn2,-1.3039,0.021,Metal,P1,1,30
Li4Mg2Ti4Be8Al12Zn16Ga5Si4B4C4S4(NO2)4_id913_E-1.30.cif,Li4Mg2Ti4Be8Al12Zn16Ga5Si4B4C4S4(NO2)4,-1.3029,0.333,Semiconductor,P1,1,79
Na4In17Ga6_id2014_E-1.30.cif,Na4In17Ga6,-1.3023,0.084,Semiconductor,P6/mmm,191,27
SrLiCa11In_id3240_E-1.30.cif,SrLiCa11In,-1.3,0.511,Semiconductor,I4mm,107,28
Li7Mg_id2096_E-1.30.cif,Li7Mg,-1.2981,0.039,Metal,P1,1,96
Na2Sr3Li8MgBe3Zn3Cd3Si6SnGe3Sb(AsP)3_id2902_E-1.30.cif,Na2Sr3Li8MgBe3Zn3Cd3Si6SnGe3Sb(AsP)3,-1.296,0.714,Semiconductor,R3,146,120
KIn_id937_E-1.29.cif,KIn,-1.294,0.0,Metal,P4_32_12,96,8
SrCa5_id3277_E-1.29.cif,SrCa5,-1.293,0.019,Metal,P1,1,18
Zn6Ga_id1050_E-1.29.cif,Zn6Ga,-1.2925,0.0,Metal,Cmmm,65,14
LiCaMgSc3AlZnCd2In3_id3337_E-1.29.cif,LiCaMgSc3AlZnCd2In3,-1.2919,0.006,Metal,P1,1,78
LiCaMgCdIn6_id907_E-1.29.cif,LiCaMgCdIn6,-1.2919,0.0,Metal,P4mm,99,10
BaLi4_id2665_E-1.29.cif,BaLi4,-1.2904,0.0,Metal,Im-3m,229,10
Zn2Cd5Ga2_id1812_E-1.29.cif,Zn2Cd5Ga2,-1.2901,1.267,Semiconductor,Ibam,72,36
Na3Sr_id277_E-1.29.cif,Na3Sr,-1.2871,0.0,Metal,P4/mmm,123,8
Li2Mg3Ga2_id519_E-1.29.cif,Li2Mg3Ga2,-1.2855,0.0,Metal,Ccc2,37,28
Mg2Zn(Cd2In3)2_id2526_E-1.28.cif,Mg2Zn(Cd2In3)2,-1.2844,0.0,Metal,Pmma,51,26
K4Na10Li4Ga6SnSbAs2_id107_E-1.28.cif,K4Na10Li4Ga6SnSbAs2,-1.2833,0.435,Semiconductor,P1,1,56
LiCaMg_id2041_E-1.28.cif,LiCaMg,-1.283,0.0,Metal,I4/mmm,139,24
MgCd_id1468_E-1.28.cif,MgCd,-1.2809,0.0,Metal,P6_3/mmc,194,8
NaLi2Cd_id1201_E-1.28.cif,NaLi2Cd,-1.2798,0.0,Metal,P4_3,78,16
LiZn4_id1101_E-1.28.cif,LiZn4,-1.2792,2.464,Semiconductor,P4_2/nmc,137,10
K3Na4Li2(Cd2In5)2_id2760_E-1.28.cif,K3Na4Li2(Cd2In5)2,-1.2788,0.0,Metal,P-1,2,23
BaCdIn3Sn8_id420_E-1.28.cif,BaCdIn3Sn8,-1.2767,0.0,Metal,Pm,6,26
Li38ScCd2_id2441_E-1.28.cif,Li38ScCd2,-1.2761,3.016,Semiconductor,P1,1,82
Ba2NaSr2Cd3Sn2_id2155_E-1.27.cif,Ba2NaSr2Cd3Sn2,-1.2738,0.0,Metal,Pm,6,40
LiMg6Al2Zn_id1580_E-1.27.cif,LiMg6Al2Zn,-1.2735,0.0,Metal,P4/mmm,123,10
Cd4Ga_id268_E-1.27.cif,Cd4Ga,-1.2735,0.0,Metal,Im-3m,229,10
LiZn4Cd2Ga_id1738_E-1.27.cif,LiZn4Cd2Ga,-1.2717,0.0,Metal,P6_1,169,48
Ba3Zn2Cd7_id611_E-1.27.cif,Ba3Zn2Cd7,-1.2714,0.0,Metal,P1,1,24
Ba(ZnGe)2_id286_E-1.27.cif,Ba(ZnGe)2,-1.2711,0.0,Metal,I4/mcm,140,20
LiZn_id3093_E-1.27.cif,LiZn,-1.2711,4.082,Insulator,P4_12_12,92,16
AlCd6_id878_E-1.27.cif,AlCd6,-1.2699,0.0,Metal,Fm-3m,225,28
NaAlZnCd2Ga2Te3S_id3031_E-1.27.cif,NaAlZnCd2Ga2Te3S,-1.2699,1.64,Semiconductor,P1,1,88
Na2LiMg5_id3000_E-1.27.cif,Na2LiMg5,-1.2691,0.0,Metal,I-4m2,119,16
Na3Ca9Mg_id151_E-1.27.cif,Na3Ca9Mg,-1.269,0.0,Metal,Ia-3,206,104
Mg2ScCd3_id2394_E-1.27.cif,Mg2ScCd3,-1.2684,0.0,Metal,P4_2/m,84,24
Zn3Cd5Sn2_id1862_E-1.27.cif,Zn3Cd5Sn2,-1.2674,0.0,Metal,P2/m,10,10
Li2Zn3_id3057_E-1.27.cif,Li2Zn3,-1.2674,0.0,Metal,Pmmm,47,5
NaLi3(CdGa)3_id2218_E-1.27.cif,NaLi3(CdGa)3,-1.2672,0.0,Metal,P6_3/m,176,20
Li_id3002_E-1.26.cif,Li,-1.2622,0.0,Metal,P1,1,54
Cd2In_id367_E-1.26.cif,Cd2In,-1.2616,0.0,Metal,Pa-3,205,12
SrLi2ScGe_id2306_E-1.26.cif,SrLi2ScGe,-1.2606,4.526,Insulator,Pm,6,20
Na2Li5Cd4In_id2403_E-1.26.cif,Na2Li5Cd4In,-1.2604,0.005,Metal,Cccm,66,48
GaSO2_id1015_E-1.26.cif,GaSO2,-1.2598,4.626,Insulator,P4/nmm,129,32
KCd2(InSn)2_id3380_E-1.26.cif,KCd2(InSn)2,-1.2592,0.037,Metal,I4/mmm,139,14
Na4Sr4MgGa_id3088_E-1.26.cif,Na4Sr4MgGa,-1.2591,0.0,Metal,P42_12,90,20
K4Li2Ti2Zn2Cd4In5S4_id1716_E-1.26.cif,K4Li2Ti2Zn2Cd4In5S4,-1.2553,0.364,Semiconductor,P4_2/m,84,46
Sc(Be9Si)2_id786_E-1.25.cif,Sc(Be9Si)2,-1.2545,0.256,Semiconductor,P1,1,42
Zn3As4S3_id3365_E-1.25.cif,Zn3As4S3,-1.2545,0.003,Metal,P1,1,80
Na_id757_E-1.25.cif,Na,-1.2542,0.0,Metal,Fd-3m,227,32
BeZn5InGa3Ge_id1819_E-1.25.cif,BeZn5InGa3Ge,-1.2515,0.0,Metal,Pm,6,44
Mg9TiAl2Zn6Cd8Ga2(SnO)2_id2095_E-1.25.cif,Mg9TiAl2Zn6Cd8Ga2(SnO)2,-1.25,0.0,Metal,P1,1,32
Ba2Sr_id2191_E-1.25.cif,Ba2Sr,-1.2493,0.0,Metal,P4/mmm,123,12
NaZn2_id2653_E-1.25.cif,NaZn2,-1.2491,0.0,Metal,I4/mcm,140,12
Na_id110_E-1.25.cif,Na,-1.2472,0.0,Metal,P-4c2,116,16
CaZn3GaGe_id849_E-1.25.cif,CaZn3GaGe,-1.2457,2.963,Semiconductor,Amm2,38,12
Ca4Mg11_id1521_E-1.25.cif,Ca4Mg11,-1.2456,0.46,Semiconductor,P1,1,30
K(Zn3Ga2)3_id1236_E-1.25.cif,K(Zn3Ga2)3,-1.2453,0.0,Metal,P1,1,32
MgTiZnCd3In_id1301_E-1.24.cif,MgTiZnCd3In,-1.2436,0.0,Metal,P2/c,13,28
K2Na13Al4Zn8Cd12In12Ga8Sn8(PO)4_id1725_E-1.24.cif,K2Na13Al4Zn8Cd12In12Ga8Sn8(PO)4,-1.2423,0.0,Metal,P1,1,150
K4NaCd2In2Ga_id2154_E-1.24.cif,K4NaCd2In2Ga,-1.2418,0.0,Metal,Ibam,72,40
SrLi_id2239_E-1.24.cif,SrLi,-1.241,0.0,Metal,P3m1,156,4
Li6Al4GaSn_id833_E-1.24.cif,Li6Al4GaSn,-1.2383,3.512,Insulator,P1,1,48
BaLiAlCdIn5GaSn_id3375_E-1.24.cif,BaLiAlCdIn5GaSn,-1.237,0.223,Semiconductor,Pm,6,11
Na_id2981_E-1.24.cif,Na,-1.236,0.0,Metal,I4_1/acd,142,16
Mg2ScTi2(Zn2Ga)2_id3096_E-1.24.cif,Mg2ScTi2(Zn2Ga)2,-1.2355,1.514,Semiconductor,P4_22_12,94,22
Zn(Cd3In2)7_id1997_E-1.23.cif,Zn(Cd3In2)7,-1.235,0.0,Metal,Cm,8,36
Sb_id2834_E-1.23.cif,Sb,-1.235,0.0,Metal,Im-3m,229,2
Mg_id1931_E-1.23.cif,Mg,-1.235,0.0,Metal,P4_2/mbc,135,16
Na4Li_id1503_E-1.23.cif,Na4Li,-1.2349,0.001,Metal,I4_1/a,88,20
Cd4In_id3025_E-1.23.cif,Cd4In,-1.2336,0.0,Metal,I4/m,87,10
KBa(Na2Li)2_id3043_E-1.23.cif,KBa(Na2Li)2,-1.2324,0.0,Metal,P-1,2,16
Li12Mg14TiAl2Zn4Ga5Si2_id2147_E-1.22.cif,Li12Mg14TiAl2Zn4Ga5Si2,-1.2244,0.909,Semiconductor,P1,1,80
Na3Li3Cd2In5Ga_id1265_E-1.22.cif,Na3Li3Cd2In5Ga,-1.2224,0.0,Metal,Iba2,45,56
Na(Li2Mg)2_id2698_E-1.22.cif,Na(Li2Mg)2,-1.2222,1.536,Semiconductor,I4_1/amd,141,28
Li2BeInGa_id3214_E-1.22.cif,Li2BeInGa,-1.2207,0.0,Metal,P3_1,144,15
Li5Sc(ZnGe2)2_id2703_E-1.22.cif,Li5Sc(ZnGe2)2,-1.2201,0.0,Metal,I4_1/amd,141,48
K3Sr6Mg2O6_id3030_E-1.22.cif,K3Sr6Mg2O6,-1.2201,0.452,Semiconductor,P4_132,213,68
K2Na5ScCdIn6Ga4SnGeAs2P_id1592_E-1.22.cif,K2Na5ScCdIn6Ga4SnGeAs2P,-1.2199,0.0,Metal,P1,1,24
Li4(MgZn)3_id622_E-1.22.cif,Li4(MgZn)3,-1.2195,0.0,Metal,P6_3/m,176,20
K2Na2Mg3(CdGa)2_id223_E-1.22.cif,K2Na2Mg3(CdGa)2,-1.218,0.0,Metal,P1,1,88
Li4SiO8_id3282_E-1.22.cif,Li4SiO8,-1.2169,4.294,Insulator,P1,1,13
Li8Mg12AlGa2_id988_E-1.21.cif,Li8Mg12AlGa2,-1.214,0.0,Metal,P-3m1,164,23
Be_id657_E-1.21.cif,Be,-1.2138,0.562,Semiconductor,Pma2,28,42
K2Na2Sr2Li6Be2Cd4In6SnSb2Te_id1714_E-1.21.cif,K2Na2Sr2Li6Be2Cd4In6SnSb2Te,-1.2124,0.0,Metal,Pm,6,28
K2CaMgZnCd5SnAsPSe2S_id3274_E-1.21.cif,K2CaMgZnCd5SnAsPSe2S,-1.2102,0.0,Metal,Pm,6,16
LiCd8In_id2677_E-1.21.cif,LiCd8In,-1.2099,0.0,Metal,P4/nbm,125,20
Na2Li7MgAl2Cd3In2Ga3_id2023_E-1.21.cif,Na2Li7MgAl2Cd3In2Ga3,-1.2097,0.0,Metal,C2,5,60
Na3Li3Mg3In6(GaSn2)4_id3022_E-1.21.cif,Na3Li3Mg3In6(GaSn2)4,-1.2094,0.027,Metal,P1,1,27
Ba4Na4LiAl2Ge5Sb4(NO3)4_id1071_E-1.21.cif,Ba4Na4LiAl2Ge5Sb4(NO3)4,-1.2089,1.479,Semiconductor,Pm,6,72
K6Al6Zn_id257_E-1.21.cif,K6Al6Zn,-1.2085,0.02,Metal,Pm-3,200,13
KLi10Ca(NO2)3_id399_E-1.21.cif,KLi10Ca(NO2)3,-1.2081,3.214,Semiconductor,Pmn2_1,31,42
KScSn3Te2SeNO4_id909_E-1.21.cif,KScSn3Te2SeNO4,-1.2074,0.048,Metal,P3m1,156,39
Ba3SrLi4N_id2102_E-1.21.cif,Ba3SrLi4N,-1.2073,0.0,Metal,Immm,71,18
Li2Zn3In2_id119_E-1.21.cif,Li2Zn3In2,-1.2062,4.026,Insulator,Pmmm,47,7
Mg2Sc2AlCd2_id2452_E-1.20.cif,Mg2Sc2AlCd2,-1.2036,5.302,Insulator,P4mm,99,7
NaLi6BeZnO12_id1056_E-1.20.cif,NaLi6BeZnO12,-1.2033,0.0,Metal,Pmn2_1,31,42
Al2In5Ga3Ge2Te10(Se5S4)2_id1490_E-1.20.cif,Al2In5Ga3Ge2Te10(Se5S4)2,-1.2029,0.128,Semiconductor,P1,1,80
K7MgIn6_id2406_E-1.20.cif,K7MgIn6,-1.2015,0.135,Semiconductor,P-31c,163,28
KBaNaLi4_id920_E-1.20.cif,KBaNaLi4,-1.2009,2.497,Semiconductor,P-4n2,118,14
K4Sr(ZnSi)5_id175_E-1.20.cif,K4Sr(ZnSi)5,-1.1989,0.063,Semiconductor,I-4m2,119,30
CaGa_id2843_E-1.20.cif,CaGa,-1.1966,0.0,Metal,I4_122,98,16
LiTi2Zn4Ge3_id2611_E-1.20.cif,LiTi2Zn4Ge3,-1.1951,0.0,Metal,Pmm2,25,10
Mg3Cd3In5Sn_id3091_E-1.19.cif,Mg3Cd3In5Sn,-1.1944,0.0,Metal,P-62m,189,12
Li8Be2Zn8Cd_id2960_E-1.19.cif,Li8Be2Zn8Cd,-1.1936,4.092,Insulator,P1,1,38
Zn8(InGa3)3_id2123_E-1.19.cif,Zn8(InGa3)3,-1.1931,0.455,Semiconductor,Pm,6,20
Zn2CdGa2_id3280_E-1.19.cif,Zn2CdGa2,-1.1896,0.0,Metal,Aem2,39,20
K2AlCd2_id1213_E-1.19.cif,K2AlCd2,-1.1882,0.0,Metal,P4/mmm,123,10
Ca2Cd2In_id1220_E-1.19.cif,Ca2Cd2In,-1.1881,0.0,Metal,Cmce,64,20
K3Cd15In4Ga4(Se3O2)2_id1387_E-1.19.cif,K3Cd15In4Ga4(Se3O2)2,-1.1878,0.0,Metal,P4/mmm,123,72
K3Na2Li5Mg2(TeP)2_id3141_E-1.19.cif,K3Na2Li5Mg2(TeP)2,-1.1873,0.148,Semiconductor,P4_2/m,84,32
Na4Zn4Cd2In6Ga4Sn5As2_id1769_E-1.19.cif,Na4Zn4Cd2In6Ga4Sn5As2,-1.1872,0.0,Metal,Iba2,45,108
LiCd2_id1285_E-1.19.cif,LiCd2,-1.1859,0.0,Metal,I4/mmm,139,6
KNa2CdIn2Ga3Sn2Ge8AsP_id853_E-1.18.cif,KNa2CdIn2Ga3Sn2Ge8AsP,-1.1848,3.115,Semiconductor,P1,1,42
Na4Li13Mg4Al8Cd2(Ga4B)2_id3186_E-1.18.cif,Na4Li13Mg4Al8Cd2(Ga4B)2,-1.184,3.403,Semiconductor,P1,1,82
Mg_id91_E-1.18.cif,Mg,-1.1815,0.201,Semiconductor,P4_12_12,92,16
BaLi2ZnGa_id1314_E-1.18.cif,BaLi2ZnGa,-1.1813,0.0,Metal,P4_12_12,92,20
SrCa2_id483_E-1.18.cif,SrCa2,-1.1806,0.0,Metal,P4/mmm,123,12
Mg_id2048_E-1.18.cif,Mg,-1.1794,0.0,Metal,P2_12_12_1,19,8
AlZn6Cd_id3072_E-1.18.cif,AlZn6Cd,-1.1794,0.0,Metal,P1,1,24
Mg2Ga_id768_E-1.18.cif,Mg2Ga,-1.1792,0.0,Metal,P4_12_12,92,12
Li2Mg2Zn3_id60_E-1.18.cif,Li2Mg2Zn3,-1.1778,0.0,Metal,P4mm,99,14
KNa3Te12Se6(S3O)4_id1993_E-1.18.cif,KNa3Te12Se6(S3O)4,-1.1775,0.693,Semiconductor,Pnn2,34,76
KCaGeO2_id3197_E-1.18.cif,KCaGeO2,-1.1761,0.741,Semiconductor,P-6m2,187,5
SrLiCd_id2931_E-1.18.cif,SrLiCd,-1.1756,0.0,Metal,P-6m2,187,6
K2Ba2Sr2LiCa2MgTi3Be2Zn2InGa2B10Te4(SeO)2_id3305_E-1.18.cif,K2Ba2Sr2LiCa2MgTi3Be2Zn2InGa2B10Te4(SeO)2,-1.1752,0.02,Metal,P1,1,76
CaMg13_id2818_E-1.17.cif,CaMg13,-1.1731,0.0,Metal,I-4m2,119,28
Ti2Al4Zn18CdGa14_id2251_E-1.17.cif,Ti2Al4Zn18CdGa14,-1.1711,1.331,Semiconductor,P2/c,13,78
Mg4In_id1250_E-1.17.cif,Mg4In,-1.169,0.0,Metal,P1,1,20
KNa4Li4(MgCd)2_id2121_E-1.17.cif,KNa4Li4(MgCd)2,-1.1687,0.0,Metal,C222,21,52
CaCdIn3PSe2(SO5)2_id1075_E-1.17.cif,CaCdIn3PSe2(SO5)2,-1.1687,2.19,Semiconductor,P3_2,145,60
SrLi3Mg2Zn3Si3Sn_id3383_E-1.17.cif,SrLi3Mg2Zn3Si3Sn,-1.1673,0.0,Metal,P6_3mc,186,26
KBaSrCaInSnBSbAs2CSeS5NO3_id100_E-1.16.cif,KBaSrCaInSnBSbAs2CSeS5NO3,-1.1621,0.387,Semiconductor,Pm,6,42
Ba4O9_id2120_E-1.16.cif,Ba4O9,-1.1611,2.322,Semiconductor,P6/mcc,192,104
Li11ScAl2Zn5Cd2_id2608_E-1.16.cif,Li11ScAl2Zn5Cd2,-1.1593,0.0,Metal,P1,1,126
ZnGa12_id3103_E-1.16.cif,ZnGa12,-1.1592,0.0,Metal,Pma2,28,26
NaLi3TiZn4(GaSb)2_id3143_E-1.16.cif,NaLi3TiZn4(GaSb)2,-1.1577,2.201,Semiconductor,P2_1/m,11,26
Sc4Ti3Zn8Ga3_id1825_E-1.16.cif,Sc4Ti3Zn8Ga3,-1.1563,1.41,Semiconductor,R3c,161,72
Sr4Mg3(CdIn)2_id2708_E-1.15.cif,Sr4Mg3(CdIn)2,-1.1537,0.0,Metal,Pmmm,47,11
Ba(CaZn3)2_id1883_E-1.15.cif,Ba(CaZn3)2,-1.1534,0.0,Metal,Fd-3m,227,72
Ba13(SrCa8)3_id982_E-1.15.cif,Ba13(SrCa8)3,-1.1529,3.68,Insulator,P1,1,80
NaSrCd6_id985_E-1.15.cif,NaSrCd6,-1.1517,0.0,Metal,P-31c,163,16
Na6Li12Cd7In3_id83_E-1.15.cif,Na6Li12Cd7In3,-1.1507,0.329,Semiconductor,Pmmm,47,28
Na_id2280_E-1.15.cif,Na,-1.1491,0.0,Metal,P-4c2,116,16
Na12Li6Al_id206_E-1.15.cif,Na12Li6Al,-1.1489,0.0,Metal,Im-3,204,38
Li14SnSb6_id1719_E-1.15.cif,Li14SnSb6,-1.1486,1.548,Semiconductor,Pm,6,42
Sr3Ca3Mg3In_id3190_E-1.15.cif,Sr3Ca3Mg3In,-1.1481,0.0,Metal,P6_3/m,176,20
Li2MgCd3Sn_id190_E-1.15.cif,Li2MgCd3Sn,-1.148,0.0,Metal,P3_1,144,21
Zn5Ga2Ge_id2636_E-1.15.cif,Zn5Ga2Ge,-1.1478,0.027,Metal,P1,1,32
Cd2In_id2022_E-1.15.cif,Cd2In,-1.1458,0.0,Metal,P4_2/nnm,134,24
K14CdInSi2Sn2Ge_id3267_E-1.15.cif,K14CdInSi2Sn2Ge,-1.1456,1.516,Semiconductor,P1,1,84
K9Na13Cd12(InB)12_id685_E-1.14.cif,K9Na13Cd12(InB)12,-1.1445,0.368,Semiconductor,Pmm2,25,116
Sr2Zn_id291_E-1.14.cif,Sr2Zn,-1.144,0.0,Metal,Pn-3m,224,6
Li2TiZn7Cd2_id2340_E-1.14.cif,Li2TiZn7Cd2,-1.1415,0.0,Metal,P1,1,24
Na7Zn3_id3251_E-1.14.cif,Na7Zn3,-1.1413,0.009,Metal,I-43d,220,40
Na2LiGe3_id574_E-1.14.cif,Na2LiGe3,-1.141,0.0,Metal,P4/mmm,123,6
BaNa3(SrSi2)2_id941_E-1.14.cif,BaNa3(SrSi2)2,-1.1406,0.0,Metal,P4/mmm,123,10
LiMgAl2Cd_id2920_E-1.14.cif,LiMgAl2Cd,-1.139,0.0,Metal,P3_212,153,15
Na_id1519_E-1.14.cif,Na,-1.1386,0.0,Metal,Pm-3m,221,12
Ba2Mg2In2SnSb_id454_E-1.14.cif,Ba2Mg2In2SnSb,-1.1375,0.0,Metal,P4bm,100,16
Li2CaMg17Cd_id1336_E-1.14.cif,Li2CaMg17Cd,-1.1374,0.0,Metal,Pmna,53,42
Na_id1244_E-1.14.cif,Na,-1.1369,0.0,Metal,Pban,50,14
Na6SrMg_id1304_E-1.14.cif,Na6SrMg,-1.1366,0.0,Metal,P-31c,163,16
Al2In29GaSn_id2662_E-1.14.cif,Al2In29GaSn,-1.1364,0.0,Metal,Pm,6,66
LiMgBe2Al5ZnCdGaTe2Se2SO4_id2936_E-1.14.cif,LiMgBe2Al5ZnCdGaTe2Se2SO4,-1.1362,0.02,Metal,Pm,6,42
K2Al2Ge2P2O3_id2206_E-1.13.cif,K2Al2Ge2P2O3,-1.1339,0.0,Metal,Pccn,56,44
GaSn3_id673_E-1.13.cif,GaSn3,-1.1338,0.591,Semiconductor,P6/mmm,191,16
K9Na4Mg4Cd6Ga3GeB3SbTe7As6P3O_id1857_E-1.13.cif,K9Na4Mg4Cd6Ga3GeB3SbTe7As6P3O,-1.1338,0.0,Metal,R3,146,144
KBaSr3Ca6Sc_id332_E-1.13.cif,KBaSr3Ca6Sc,-1.1337,0.0,Metal,Pm,6,12
SrAl2Zn8Ga5Ge2_id3081_E-1.13.cif,SrAl2Zn8Ga5Ge2,-1.1315,0.0,Metal,P1,1,36
MgZn_id148_E-1.13.cif,MgZn,-1.1283,0.0,Metal,P4/mmm,123,16
Be_id559_E-1.13.cif,Be,-1.1265,0.0,Metal,Pma2,28,22
NaCaMg3_id3010_E-1.12.cif,NaCaMg3,-1.124,0.0,Metal,P4_2/mmc,131,10
Cd2InSn_id984_E-1.12.cif,Cd2InSn,-1.119,0.0,Metal,Pm,6,16
Cd3In_id1263_E-1.12.cif,Cd3In,-1.1181,0.0,Metal,Cmme,67,16
Zn2Si3Sn3Sb2Te3As6P4Se3(SO4)4_id1280_E-1.12.cif,Zn2Si3Sn3Sb2Te3As6P4Se3(SO4)4,-1.1181,0.141,Semiconductor,P1,1,46
Li34MgZn6_id2958_E-1.12.cif,Li34MgZn6,-1.1153,3.696,Insulator,P1,1,82
Ti5Al2Zn3CdInGa2Te2P(SeO)2_id1479_E-1.11.cif,Ti5Al2Zn3CdInGa2Te2P(SeO)2,-1.1146,0.0,Metal,Ama2,40,84
Ca4Mg3In2_id2905_E-1.11.cif,Ca4Mg3In2,-1.1136,0.0,Metal,P6/mmm,191,9
Mg6Al8In6Te6N3O_id1601_E-1.11.cif,Mg6Al8In6Te6N3O,-1.1118,1.333,Semiconductor,Fm-3m,225,120
KNa6Cd_id582_E-1.11.cif,KNa6Cd,-1.1118,0.0,Metal,P-31c,163,16
Li3Cd2_id1461_E-1.11.cif,Li3Cd2,-1.1096,4.094,Insulator,P-1,2,20
Ca3MgZn3In4_id936_E-1.11.cif,Ca3MgZn3In4,-1.1092,0.0,Metal,P1,1,44
Na4Cd3In2_id2857_E-1.11.cif,Na4Cd3In2,-1.1089,3.268,Semiconductor,P4_22_12,94,36
Li_id2747_E-1.11.cif,Li,-1.1083,0.0,Metal,P2/c,13,84
ZnCd4In3Ga_id2304_E-1.11.cif,ZnCd4In3Ga,-1.1054,0.0,Metal,Pm,6,36
Ba3Li4Ga3Si3Sb3(AsP)3_id3133_E-1.10.cif,Ba3Li4Ga3Si3Sb3(AsP)3,-1.105,0.04,Metal,P-43m,215,44
KBa3InPN5O11_id736_E-1.10.cif,KBa3InPN5O11,-1.1033,0.614,Semiconductor,Pnma,62,88
LiMg2TiZnCd13GaSbO_id1224_E-1.10.cif,LiMg2TiZnCd13GaSbO,-1.0993,0.0,Metal,P4_1,76,84
KNaCdIn_id94_E-1.10.cif,KNaCdIn,-1.0969,0.043,Metal,P6_122,178,48
K2NaIn_id472_E-1.09.cif,K2NaIn,-1.0906,0.0,Metal,P-6m2,187,4
KNa6Li_id3348_E-1.09.cif,KNa6Li,-1.089,0.0,Metal,P2/m,10,8
Li2BeGaPN_id2734_E-1.09.cif,Li2BeGaPN,-1.0882,4.109,Insulator,P1,1,24
SrCaMg_id2004_E-1.09.cif,SrCaMg,-1.0873,0.0,Metal,P4/mmm,123,6
K_id1291_E-1.09.cif,K,-1.0868,0.0,Metal,Im-3m,229,8
Mg4AlInTe3_id1758_E-1.09.cif,Mg4AlInTe3,-1.086,0.24,Semiconductor,P4mm,99,9
Sr2Ca9_id2779_E-1.09.cif,Sr2Ca9,-1.0853,3.961,Insulator,Pm,6,44
Zn2Cd_id1105_E-1.09.cif,Zn2Cd,-1.0852,0.0,Metal,F-43m,216,12
Zn2Cd11(InSn)2_id1507_E-1.08.cif,Zn2Cd11(InSn)2,-1.0849,0.0,Metal,P-1,2,17
K12Na16Li12TiBe4Zn5In4Sb4As4S8O5_id3171_E-1.08.cif,K12Na16Li12TiBe4Zn5In4Sb4As4S8O5,-1.0837,0.197,Semiconductor,P1,1,75
KBaCdSbSO4_id1964_E-1.08.cif,KBaCdSbSO4,-1.0826,3.103,Semiconductor,P1,1,36
Li8Zn2Sb2Te2SeS4_id1249_E-1.08.cif,Li8Zn2Sb2Te2SeS4,-1.0826,1.64,Semiconductor,Cccm,66,76
Mg_id2294_E-1.08.cif,Mg,-1.0824,0.0,Metal,P1,1,9
Li_id2274_E-1.08.cif,Li,-1.0823,0.016,Metal,Ia-3d,230,32
Na2SrGe4(Te2As3)2_id2086_E-1.08.cif,Na2SrGe4(Te2As3)2,-1.0817,0.291,Semiconductor,I-4c2,120,68
K8Ga_id1460_E-1.08.cif,K8Ga,-1.0763,0.0,Metal,Imm2,44,18
Mg2Cd2In2Sn3_id1467_E-1.07.cif,Mg2Cd2In2Sn3,-1.0733,0.843,Semiconductor,P6_3/mmc,194,18
BaCd2_id3036_E-1.07.cif,BaCd2,-1.071,0.0,Metal,P4/mmm,123,12
LiMg7_id867_E-1.07.cif,LiMg7,-1.0708,0.0,Metal,P4/m,83,16
K7Ba2Na2(ZnIn)2_id1859_E-1.07.cif,K7Ba2Na2(ZnIn)2,-1.0703,0.073,Semiconductor,P1,1,30
Si_id2292_E-1.07.cif,Si,-1.0692,0.0,Metal,Im-3m,229,2
K2Li9Mg2Al2ZnCd2(Ga2Si)2_id2073_E-1.07.cif,K2Li9Mg2Al2ZnCd2(Ga2Si)2,-1.0658,0.238,Semiconductor,P1,1,48
LiAl2SiO12_id812_E-1.07.cif,LiAl2SiO12,-1.0655,1.22,Semiconductor,I-42m,121,32
Ga4Sn(Se2O)4_id3312_E-1.06.cif,Ga4Sn(Se2O)4,-1.063,0.0,Metal,P1,1,17
LiBe2Al10Zn4InGa3_id1970_E-1.06.cif,LiBe2Al10Zn4InGa3,-1.0619,0.09,Semiconductor,P1,1,84
LiMgTiAlZn9(CdGa)4_id2202_E-1.06.cif,LiMgTiAlZn9(CdGa)4,-1.0607,0.0,Metal,P1,1,21
K_id105_E-1.06.cif,K,-1.0597,0.0,Metal,Fm-3m,225,28
ZnGaSnGe3Sb7As_id398_E-1.06.cif,ZnGaSnGe3Sb7As,-1.0579,10.287,Insulator,Pm,6,14
Na(Li2Zn3)3_id725_E-1.06.cif,Na(Li2Zn3)3,-1.0578,0.0,Metal,Im-3m,229,32
Zn3Sn_id378_E-1.05.cif,Zn3Sn,-1.0549,0.0,Metal,P4_2/mcm,132,16
KBa2Na15Li8TiCd4In2(SnO2)2_id977_E-1.05.cif,KBa2Na15Li8TiCd4In2(SnO2)2,-1.0539,3.258,Semiconductor,P1,1,78
Na2SrP2_id319_E-1.05.cif,Na2SrP2,-1.0535,0.0,Metal,P6_3/mmc,194,10
Mg2Cd_id1238_E-1.05.cif,Mg2Cd,-1.0508,0.0,Metal,P4_2/nmc,137,12
Li4Ga2S15_id715_E-1.05.cif,Li4Ga2S15,-1.0476,0.0,Metal,Pmn2_1,31,42
Li2Mg4Cd3_id1810_E-1.05.cif,Li2Mg4Cd3,-1.0456,2.307,Semiconductor,P2,3,36
LiMg19_id1976_E-1.04.cif,LiMg19,-1.0448,0.0,Metal,P1,1,40
NaCd_id1022_E-1.04.cif,NaCd,-1.0441,0.047,Metal,P4_32_12,96,8
K4Li(InGa3)4_id1131_E-1.04.cif,K4Li(InGa3)4,-1.0421,1.569,Semiconductor,P4_2/nmc,137,42
SbTe3AsSe2_id3301_E-1.04.cif,SbTe3AsSe2,-1.0405,0.362,Semiconductor,Aem2,39,28
Mg_id816_E-1.04.cif,Mg,-1.0397,0.0,Metal,Ibca,73,56
Zn17Ga4_id3157_E-1.04.cif,Zn17Ga4,-1.0371,0.021,Metal,P1,1,84
Ca3Mg6Zn30(Ga2Sn3)2_id3338_E-1.04.cif,Ca3Mg6Zn30(Ga2Sn3)2,-1.0367,0.0,Metal,P1,1,98
NaLi4CaMg3TiBe3AlZn4Cd2Ga_id1018_E-1.03.cif,NaLi4CaMg3TiBe3AlZn4Cd2Ga,-1.0332,2.182,Semiconductor,P1,1,63
Na4Li2Cd5InSn8Ge_id3259_E-1.03.cif,Na4Li2Cd5InSn8Ge,-1.0328,6.235,Insulator,P1,1,42
Zn(CdIn)2_id2654_E-1.03.cif,Zn(CdIn)2,-1.0327,0.0,Metal,I-4m2,119,10
K2Ba2PC(SO2)3_id1720_E-1.03.cif,K2Ba2PC(SO2)3,-1.0319,4.178,Insulator,P2/m,10,15
Ba(NO5)4_id594_E-1.03.cif,Ba(NO5)4,-1.0297,0.227,Semiconductor,P1,1,50
ZnCd_id2929_E-1.03.cif,ZnCd,-1.0281,0.0,Metal,Pm-3m,221,16
Li2TiZnCd_id687_E-1.03.cif,Li2TiZnCd,-1.0274,0.0,Metal,P4/mmm,123,5
Li4In2Ga_id2513_E-1.03.cif,Li4In2Ga,-1.026,0.19,Semiconductor,I-4m2,119,14
Li2Mg3SiO8_id1667_E-1.03.cif,Li2Mg3SiO8,-1.0257,6.357,Insulator,Cmmm,65,28
Ca2Be2Zn8InGa10SnGe_id606_E-1.02.cif,Ca2Be2Zn8InGa10SnGe,-1.0209,0.0,Metal,P4_2/m,84,50
Mg_id2193_E-1.02.cif,Mg,-1.0202,0.0,Metal,Pmna,53,10
Li3Mg5Cd6Sn_id2410_E-1.02.cif,Li3Mg5Cd6Sn,-1.0165,0.0,Metal,C2,5,45
MgCd2_id1436_E-1.02.cif,MgCd2,-1.0158,0.0,Metal,I4/mmm,139,24
AlInSN2O3_id2856_E-1.01.cif,AlInSN2O3,-1.0129,4.61,Insulator,P4_2/ncm,138,32
Sr2Ca4Mg8AlSi4_id858_E-1.01.cif,Sr2Ca4Mg8AlSi4,-1.0127,0.0,Metal,I4mm,107,38
KLiCd3In2GaSn9(SbAs)2_id3017_E-1.01.cif,KLiCd3In2GaSn9(SbAs)2,-1.0091,0.348,Semiconductor,Pma2,28,84
K4Na2CdIn4Ga_id2797_E-1.01.cif,K4Na2CdIn4Ga,-1.0082,1.897,Semiconductor,P1,1,72
CaSnGe2(As2P)6_id2836_E-1.01.cif,CaSnGe2(As2P)6,-1.0058,0.062,Semiconductor,P31m,157,22
K_id1469_E-1.01.cif,K,-1.0052,0.0,Metal,P6/mmm,191,4
Li15Ca3Zn37Ga7_id2250_E-1.00.cif,Li15Ca3Zn37Ga7,-1.0047,0.0,Metal,P1,1,62
K3Na2Ti_id1813_E-1.00.cif,K3Na2Ti,-1.0042,0.0,Metal,R-3m,166,18
InSe7_id1809_E-1.00.cif,InSe7,-1.0036,0.665,Semiconductor,P1,1,48
Sn_id2265_E-1.00.cif,Sn,-1.0035,0.252,Semiconductor,P1,1,14
KNa2_id905_E-1.00.cif,KNa2,-1.0033,0.0,Metal,I4/mmm,139,6
K5Na19Zn4_id270_E-1.00.cif,K5Na19Zn4,-1.0025,0.023,Metal,Aea2,41,112
NaCd_id461_E-1.00.cif,NaCd,-1.0018,0.0,Metal,Cmcm,63,8
K2NaCaMgCd_id511_E-1.00.cif,K2NaCaMgCd,-0.9983,2.343,Semiconductor,P6_5,170,36
MgZn_id2316_E-1.00.cif,MgZn,-0.9967,0.0,Metal,F-43m,216,8
MgZn_id2584_E-0.99.cif,MgZn,-0.9944,0.0,Metal,P4_32_12,96,8
Sr4Zn8Ga3(AsO)4_id2072_E-0.99.cif,Sr4Zn8Ga3(AsO)4,-0.9933,2.363,Semiconductor,Fdd2,43,92
Na2Sr(Zn2Sn)2_id620_E-0.99.cif,Na2Sr(Zn2Sn)2,-0.9929,0.649,Semiconductor,I4/mcm,140,36
MgZn9_id1397_E-0.99.cif,MgZn9,-0.9911,0.0,Metal,P-4c2,116,20
Na2LiCd3_id2338_E-0.99.cif,Na2LiCd3,-0.9894,0.153,Semiconductor,Pnnn,48,24
ScAl4Ga9_id1165_E-0.99.cif,ScAl4Ga9,-0.9868,0.864,Semiconductor,P4mm,99,28
KZn2_id1377_E-0.99.cif,KZn2,-0.9857,0.0,Metal,P4/mmm,123,12
Na8SrLi4(Zn3In)4_id2754_E-0.98.cif,Na8SrLi4(Zn3In)4,-0.983,0.0,Metal,P4_2/nmc,137,58
NaSr2Mg5InSn_id573_E-0.98.cif,NaSr2Mg5InSn,-0.9812,0.004,Metal,P4/mmm,123,10
Cd4Ga_id654_E-0.98.cif,Cd4Ga,-0.9801,0.0,Metal,P4_12_12,92,40
KZn_id327_E-0.98.cif,KZn,-0.9789,1.08,Semiconductor,I4_1/amd,141,8
ZnCd3In_id2063_E-0.98.cif,ZnCd3In,-0.9766,0.0,Metal,Pbam,55,20
Li19Mg10Al3Zn9(CdGa)3_id428_E-0.98.cif,Li19Mg10Al3Zn9(CdGa)3,-0.9766,3.273,Semiconductor,P1,1,47
KLi11CaZn2In(GaGe)2_id1514_E-0.97.cif,KLi11CaZn2In(GaGe)2,-0.9738,0.0,Metal,Pm,6,40
LiMg9_id1416_E-0.97.cif,LiMg9,-0.9714,0.004,Metal,P2,3,10
LiMg8_id2030_E-0.97.cif,LiMg8,-0.9709,0.0,Metal,P2_1,4,18
NaLi8Cd2O3_id1175_E-0.97.cif,NaLi8Cd2O3,-0.9686,0.508,Semiconductor,I4cm,108,56
Ba2Ca_id2162_E-0.97.cif,Ba2Ca,-0.968,0.0,Metal,P4_22_12,94,12
NaCa_id3107_E-0.97.cif,NaCa,-0.9676,0.056,Semiconductor,P4/mmm,123,4
Li2Mg3TiAl(ZnCd2)2_id1120_E-0.97.cif,Li2Mg3TiAl(ZnCd2)2,-0.9668,0.0,Metal,P2/c,13,26
MgTi(Zn2Ga)4_id3204_E-0.97.cif,MgTi(Zn2Ga)4,-0.966,0.0,Metal,I422,97,28
K2Na2AsS4_id468_E-0.97.cif,K2Na2AsS4,-0.966,0.175,Semiconductor,P-3m1,164,9
NaLi4Cd8Ga_id840_E-0.97.cif,NaLi4Cd8Ga,-0.9653,0.0,Metal,P1,1,28
Li4Ga3_id3135_E-0.96.cif,Li4Ga3,-0.9649,0.0,Metal,P1,1,28
CdIn_id674_E-0.96.cif,CdIn,-0.9648,0.0,Metal,P3m1,156,4
Li29Mg2_id2696_E-0.96.cif,Li29Mg2,-0.9647,4.075,Insulator,P1,1,124
Zn2Cd_id891_E-0.96.cif,Zn2Cd,-0.9637,0.0,Metal,Pmmm,47,6
Ba2Sr2Li3Mg(ZnCd)2_id2862_E-0.96.cif,Ba2Sr2Li3Mg(ZnCd)2,-0.9635,0.0,Metal,P3_112,151,36
KMgZnCd_id2111_E-0.96.cif,KMgZnCd,-0.9605,0.0,Metal,Cmmm,65,16
Li4Sb_id1984_E-0.96.cif,Li4Sb,-0.9556,1.127,Semiconductor,I4/mmm,139,10
KNaZn_id2881_E-0.95.cif,KNaZn,-0.9531,0.599,Semiconductor,P4_322,95,24
Zn(CdGa2)2_id3114_E-0.95.cif,Zn(CdGa2)2,-0.9517,0.103,Semiconductor,Cccm,66,56
Na7Li_id2768_E-0.95.cif,Na7Li,-0.9478,0.0,Metal,P-31c,163,16
KCd2_id57_E-0.95.cif,KCd2,-0.9463,0.0,Metal,P4/mmm,123,12
Li3Ca2O2_id2_E-0.94.cif,Li3Ca2O2,-0.9449,1.188,Semiconductor,Immm,71,14
Ca_id1632_E-0.94.cif,Ca,-0.9425,0.0,Metal,Fd-3m,227,8
Li4AlCd_id2528_E-0.94.cif,Li4AlCd,-0.9425,0.0,Metal,Pnnn,48,24
K2Li2CaMg4TiZn4_id3200_E-0.94.cif,K2Li2CaMg4TiZn4,-0.9416,0.648,Semiconductor,P42_12,90,28
Cd28Sb3_id2550_E-0.94.cif,Cd28Sb3,-0.9394,2.431,Semiconductor,Pn-3n,222,62
Li2Mg5Cd2_id3068_E-0.94.cif,Li2Mg5Cd2,-0.939,0.023,Metal,Pmmm,47,9
BaLiCaGa2Sn5(Sb2Te3)2_id1494_E-0.94.cif,BaLiCaGa2Sn5(Sb2Te3)2,-0.9386,1.252,Semiconductor,P1,1,80
KGa_id735_E-0.94.cif,KGa,-0.9386,0.0,Metal,I4/mmm,139,4
Zn_id1713_E-0.94.cif,Zn,-0.9385,0.0,Metal,P2_12_12_1,19,16
MgZn4GaO8_id2402_E-0.94.cif,MgZn4GaO8,-0.9377,1.548,Semiconductor,Pmmn,59,28
Zn4Cd_id1137_E-0.94.cif,Zn4Cd,-0.9376,0.0,Metal,Cmmm,65,10
Mg_id2235_E-0.94.cif,Mg,-0.9366,0.0,Metal,I23,197,86
Sn3Sb2(As3P)3_id2909_E-0.93.cif,Sn3Sb2(As3P)3,-0.9343,0.0,Metal,R-3c,167,102
Ba2Na2SrLiCa2Sc2TiSi(Te2Se)2_id1484_E-0.93.cif,Ba2Na2SrLiCa2Sc2TiSi(Te2Se)2,-0.9325,1.846,Semiconductor,Pm,6,72
Cd_id1182_E-0.93.cif,Cd,-0.9323,2.839,Semiconductor,I4_1/acd,142,16
Na6CdIn_id680_E-0.93.cif,Na6CdIn,-0.9289,3.242,Semiconductor,P3_1,144,24
NaMg3Cd6In5_id2694_E-0.93.cif,NaMg3Cd6In5,-0.9281,0.0,Metal,P6/mmm,191,15
ScAlZnCdIn2SbSeSO3_id1052_E-0.93.cif,ScAlZnCdIn2SbSeSO3,-0.9265,0.5,Semiconductor,P1,1,24
Te_id2325_E-0.92.cif,Te,-0.9231,0.0,Metal,Im-3m,229,2
Ba3Cd3In3(SnO6)2_id3089_E-0.92.cif,Ba3Cd3In3(SnO6)2,-0.9226,2.029,Semiconductor,Cmc2_1,36,46
Na_id883_E-0.92.cif,Na,-0.922,2.501,Semiconductor,P222,16,16
Li4AlZnCd2Ga2SnTe9Se4_id2449_E-0.92.cif,Li4AlZnCd2Ga2SnTe9Se4,-0.9203,0.017,Metal,P1,1,96
KNaCa3_id1979_E-0.92.cif,KNaCa3,-0.9167,0.0,Metal,P-6m2,187,10
Li4Mg6Zn_id2084_E-0.92.cif,Li4Mg6Zn,-0.9167,0.0,Metal,P-6m2,187,11
KBa_id2106_E-0.92.cif,KBa,-0.9162,0.0,Metal,I-4m2,119,4
Mg2InGa_id1164_E-0.91.cif,Mg2InGa,-0.9127,0.0,Metal,P4/mmm,123,4
SrS20_id180_E-0.91.cif,SrS20,-0.9125,1.142,Semiconductor,Pm,6,84
K2Na5_id3161_E-0.91.cif,K2Na5,-0.9121,0.0,Metal,R-3,148,63
Cd4In_id1609_E-0.91.cif,Cd4In,-0.9111,0.0,Metal,P-42_1c,114,10
Sr7Li_id2119_E-0.91.cif,Sr7Li,-0.9109,0.019,Metal,P4/mmm,123,8
Mg9Ti_id1163_E-0.91.cif,Mg9Ti,-0.9106,0.0,Metal,P-4c2,116,20
K_id2521_E-0.91.cif,K,-0.9106,1.267,Semiconductor,Im-3m,229,40
KSrLiGa2SiP2_id887_E-0.91.cif,KSrLiGa2SiP2,-0.9071,0.227,Semiconductor,Pm,6,16
K2Mg6Zn9Ga_id1770_E-0.91.cif,K2Mg6Zn9Ga,-0.9061,0.0,Metal,P-3c1,165,36
Be(ZnCd)2_id1991_E-0.90.cif,Be(ZnCd)2,-0.9037,0.0,Metal,Pmm2,25,40
K6MgAlZn3Cd2InGa2Sn2Sb2As_id132_E-0.90.cif,K6MgAlZn3Cd2InGa2Sn2Sb2As,-0.9037,0.19,Semiconductor,P1,1,84
MgCd2_id537_E-0.90.cif,MgCd2,-0.9021,0.0,Metal,P4_22_12,94,12
Zn15Ga7_id1226_E-0.90.cif,Zn15Ga7,-0.8981,0.0,Metal,P2,3,22
Li5Mg6Zn4Ga2Sb2Te2P2Se2S2(N2O5)2_id1677_E-0.89.cif,Li5Mg6Zn4Ga2Sb2Te2P2Se2S2(N2O5)2,-0.8947,0.761,Semiconductor,P1,1,82
Mg_id872_E-0.89.cif,Mg,-0.8942,0.0,Metal,P23,195,12
Mg9Sc3Cd4In2Ga_id2257_E-0.89.cif,Mg9Sc3Cd4In2Ga,-0.8912,1.938,Semiconductor,Pmm2,25,38
K8Na9Sn2_id1362_E-0.89.cif,K8Na9Sn2,-0.8898,0.0,Metal,P1,1,76
K4Na5Li4(CdGa)4_id1517_E-0.89.cif,K4Na5Li4(CdGa)4,-0.8872,2.301,Semiconductor,P2/c,13,42
LiMg4(ScAl)2_id237_E-0.89.cif,LiMg4(ScAl)2,-0.8867,3.435,Semiconductor,Pm,6,18
Ba2Ca2MgZnCd4(In3Sn2)2_id1880_E-0.89.cif,Ba2Ca2MgZnCd4(In3Sn2)2,-0.8863,4.226,Insulator,P-42_1c,114,40
CaCd4_id3008_E-0.89.cif,CaCd4,-0.8852,0.0,Metal,P4_2/nmc,137,10
Li2ZnCd6_id697_E-0.88.cif,Li2ZnCd6,-0.8839,0.0,Metal,Cccm,66,36
K2Na(CdGa)2_id567_E-0.88.cif,K2Na(CdGa)2,-0.8838,0.0,Metal,I4/mcm,140,28
TiZnCdGa2Sn_id2477_E-0.88.cif,TiZnCdGa2Sn,-0.8774,1.395,Semiconductor,Cmme,67,24
Ba3Na2SrLi2Ca3AlCdInC3NO3_id2561_E-0.88.cif,Ba3Na2SrLi2Ca3AlCdInC3NO3,-0.8762,2.223,Semiconductor,Pm,6,84
Li2Zn2Ga3Si2Sn_id1943_E-0.88.cif,Li2Zn2Ga3Si2Sn,-0.876,0.0,Metal,P1,1,40
Li8Mg2Zn7In2Ga8Sn3Ge2_id740_E-0.87.cif,Li8Mg2Zn7In2Ga8Sn3Ge2,-0.8731,0.506,Semiconductor,P1,1,96
Li3Mg7(Cd2In)2_id375_E-0.87.cif,Li3Mg7(Cd2In)2,-0.8697,0.0,Metal,P1,1,32
K3Na7Ca_id2067_E-0.87.cif,K3Na7Ca,-0.8696,0.0,Metal,P3_112,151,33
Na_id2357_E-0.87.cif,Na,-0.8689,0.42,Semiconductor,P2_12_12_1,19,44
Li21Mg8Zn7In2_id2575_E-0.87.cif,Li21Mg8Zn7In2,-0.8685,0.0,Metal,P1,1,76
K6BaNa5Cd(SnO3)2_id3372_E-0.87.cif,K6BaNa5Cd(SnO3)2,-0.8659,1.396,Semiconductor,P1,1,42
Zn2Ga_id1231_E-0.87.cif,Zn2Ga,-0.8651,0.0,Metal,Pbam,55,12
K_id307_E-0.86.cif,K,-0.8629,0.0,Metal,Cmce,64,28
KNaLi2Ti2InGaSi2AsP3O7_id2430_E-0.86.cif,KNaLi2Ti2InGaSi2AsP3O7,-0.8623,0.026,Metal,P1,1,84
Mg2Cd3_id3321_E-0.86.cif,Mg2Cd3,-0.8623,0.0,Metal,I4/mcm,140,20
Ba2Na2SrCa5_id246_E-0.86.cif,Ba2Na2SrCa5,-0.8584,1.372,Semiconductor,Amm2,38,20
Mg9Zn_id2077_E-0.86.cif,Mg9Zn,-0.8558,0.0,Metal,Pbcm,57,80
K_id108_E-0.85.cif,K,-0.855,0.0,Metal,I4_1cd,110,32
NaLiMg6Zn2Cd14O16_id1290_E-0.85.cif,NaLiMg6Zn2Cd14O16,-0.8549,0.549,Semiconductor,Pnnm,58,80
K34Na3CaO6_id1402_E-0.85.cif,K34Na3CaO6,-0.8544,0.856,Semiconductor,P1,1,44
Na9Li2_id394_E-0.85.cif,Na9Li2,-0.8525,1.212,Semiconductor,Pnn2,34,22
K4Na4Li10TiZn4Cd4In4Ge4Te4As4(SO7)4_id1626_E-0.85.cif,K4Na4Li10TiZn4Cd4In4Ge4Te4As4(SO7)4,-0.8512,0.032,Metal,P1,1,150
Cd_id2923_E-0.85.cif,Cd,-0.8506,0.0,Metal,I4_1/acd,142,16
MgS_id960_E-0.85.cif,MgS,-0.8499,0.0,Metal,P4/m,83,8
K15NaCaSn5_id1796_E-0.85.cif,K15NaCaSn5,-0.849,1.243,Semiconductor,P1,1,88
Ba3Na3Sr4Li3Cd12O3_id2080_E-0.85.cif,Ba3Na3Sr4Li3Cd12O3,-0.8489,1.544,Semiconductor,Pm,6,56
K2MgCd4_id2552_E-0.85.cif,K2MgCd4,-0.8474,0.0,Metal,P4_2/mcm,132,14
K2BeTe2AsSeSN2_id2990_E-0.85.cif,K2BeTe2AsSeSN2,-0.8471,1.258,Semiconductor,P6_5,170,60
Na5Li2Mg2Cd9In2As_id1780_E-0.85.cif,Na5Li2Mg2Cd9In2As,-0.846,0.0,Metal,Pm,6,84
Na7Li4Mg3Sn_id1334_E-0.84.cif,Na7Li4Mg3Sn,-0.8446,0.0,Metal,P6_3/mcm,193,30
K6Sr2Li2Al4Zn2CdGa2SnP2(SO7)2_id2507_E-0.84.cif,K6Sr2Li2Al4Zn2CdGa2SnP2(SO7)2,-0.8442,2.059,Semiconductor,Pm,6,76
Cd_id1248_E-0.84.cif,Cd,-0.8438,0.0,Metal,Ia-3,206,48
LiCaTiBe11GaGeB3PC_id1333_E-0.84.cif,LiCaTiBe11GaGeB3PC,-0.8417,0.158,Semiconductor,P1,1,63
LiMgZn12_id2819_E-0.84.cif,LiMgZn12,-0.8408,0.0,Metal,Pm,6,28
Al2Zn_id2664_E-0.84.cif,Al2Zn,-0.8398,0.0,Metal,I2_13,199,24
Li4Mg3_id2039_E-0.84.cif,Li4Mg3,-0.8384,3.733,Insulator,P3m1,156,7
K_id2816_E-0.84.cif,K,-0.8374,0.0,Metal,P6/mmm,191,12
Zn11Cd2_id2326_E-0.84.cif,Zn11Cd2,-0.8372,0.0,Metal,P1,1,52
K4SrCaAlZnAs_id2293_E-0.83.cif,K4SrCaAlZnAs,-0.8338,0.0,Metal,P4_122,91,36
Li2CaZn5_id1788_E-0.83.cif,Li2CaZn5,-0.8329,0.0,Metal,Pmmm,47,8
MgAl2_id2522_E-0.83.cif,MgAl2,-0.8317,0.0,Metal,I4/mmm,139,12
Li3MgCd3_id2468_E-0.83.cif,Li3MgCd3,-0.8303,0.0,Metal,P2_1/m,11,14
K4Cd4Ga4As3O28_id829_E-0.83.cif,K4Cd4Ga4As3O28,-0.8296,0.0,Metal,P1,1,43
Ca3Cd40_id114_E-0.83.cif,Ca3Cd40,-0.8283,0.0,Metal,P432,207,43
Li11Mg42(ZnCd3)3_id1364_E-0.83.cif,Li11Mg42(ZnCd3)3,-0.8262,0.0,Metal,P31m,157,65
Na3(SrIn)2_id2267_E-0.82.cif,Na3(SrIn)2,-0.8237,0.844,Semiconductor,P4_2/nmc,137,14
Zn_id2590_E-0.82.cif,Zn,-0.8234,2.491,Semiconductor,P1,1,34
LiInGaSnTe2_id1256_E-0.82.cif,LiInGaSnTe2,-0.8201,0.947,Semiconductor,P1,1,72
LiScInSnTeS2O3_id37_E-0.82.cif,LiScInSnTeS2O3,-0.8191,0.458,Semiconductor,Cm,8,20
Ba2Na5CaGa_id1498_E-0.82.cif,Ba2Na5CaGa,-0.8178,4.56,Insulator,Pmm2,25,18
Zn_id3148_E-0.82.cif,Zn,-0.8177,0.0,Metal,P4_2/ncm,138,16
Li2SiGeSb2Te8(AsS2)2_id465_E-0.82.cif,Li2SiGeSb2Te8(AsS2)2,-0.8175,1.334,Semiconductor,P-42_1m,113,40
Ga_id2500_E-0.81.cif,Ga,-0.8142,0.067,Semiconductor,P6mm,183,10
LiZn3(CdGa2)2_id1956_E-0.81.cif,LiZn3(CdGa2)2,-0.8127,0.0,Metal,Ibca,73,80
K_id1102_E-0.81.cif,K,-0.8122,0.0,Metal,Aem2,39,16
LiCd4_id2330_E-0.81.cif,LiCd4,-0.8103,0.0,Metal,P-42_1c,114,10
Li7Zn_id508_E-0.81.cif,Li7Zn,-0.8068,2.033,Semiconductor,P1,1,16
Ca4Mg2Ga(Te2As)2_id3139_E-0.81.cif,Ca4Mg2Ga(Te2As)2,-0.8056,0.474,Semiconductor,Pnnm,58,52
K4Na8In3Ga5Sn_id1454_E-0.80.cif,K4Na8In3Ga5Sn,-0.8049,0.0,Metal,P1,1,63
Mg(InTe2)2_id3140_E-0.80.cif,Mg(InTe2)2,-0.8046,0.313,Semiconductor,Pmmn,59,14
Li12Sc4Al9Zn28(In2Ga)4_id3222_E-0.80.cif,Li12Sc4Al9Zn28(In2Ga)4,-0.7995,6.746,Insulator,P1,1,130
SrCa12Sc_id181_E-0.80.cif,SrCa12Sc,-0.7995,0.0,Metal,P4mm,99,14
Na2ZnCd2GaGe2(SeS10)2_id1669_E-0.80.cif,Na2ZnCd2GaGe2(SeS10)2,-0.7972,2.323,Semiconductor,P1,1,90
K6NaLi3Zn2InSn7Ge3B3Sb7As3_id2386_E-0.80.cif,K6NaLi3Zn2InSn7Ge3B3Sb7As3,-0.797,0.177,Semiconductor,P1,1,36
Mg_id896_E-0.80.cif,Mg,-0.7959,2.517,Semiconductor,P4/m,83,8
Li24Mg12Sc(AlSn2)3_id1858_E-0.80.cif,Li24Mg12Sc(AlSn2)3,-0.7952,0.148,Semiconductor,I23,197,92
SiGe20_id2794_E-0.79.cif,SiGe20,-0.793,0.022,Metal,Pm,6,21
Na2Al2Zn5Cd2_id245_E-0.79.cif,Na2Al2Zn5Cd2,-0.7924,0.0,Metal,Cccm,66,44
K_id2812_E-0.79.cif,K,-0.7923,5.439,Insulator,P3_112,151,15
LiCa5Mg24ScIn_id1134_E-0.79.cif,LiCa5Mg24ScIn,-0.7882,8.507,Insulator,P222_1,17,64
Ba3(Ca5Mg)2_id1691_E-0.79.cif,Ba3(Ca5Mg)2,-0.7876,0.0,Metal,P6/mmm,191,15
Li4Zn17_id1282_E-0.78.cif,Li4Zn17,-0.7847,0.0,Metal,P4_2/mbc,135,84
Sr3(Zn11Ga)2_id3216_E-0.78.cif,Sr3(Zn11Ga)2,-0.7831,0.0,Metal,P31m,157,27
Ba6Sr2Li2Ca4Mg8Be2Al(Cd4In)3_id1966_E-0.78.cif,Ba6Sr2Li2Ca4Mg8Be2Al(Cd4In)3,-0.783,0.083,Semiconductor,Pm,6,80
Na_id1916_E-0.78.cif,Na,-0.7829,0.0,Metal,P4_132,213,16
ZnIn9GaTe2SeS4O5_id1148_E-0.78.cif,ZnIn9GaTe2SeS4O5,-0.781,0.172,Semiconductor,Cm,8,46
BaMgSc2Zn2Se2O47_id3137_E-0.78.cif,BaMgSc2Zn2Se2O47,-0.7795,2.496,Semiconductor,P1,1,165
Na_id560_E-0.78.cif,Na,-0.7793,1.605,Semiconductor,P1,1,20
K14BaNa2_id651_E-0.78.cif,K14BaNa2,-0.7779,0.0,Metal,P6/m,175,17
LiZn6_id1204_E-0.78.cif,LiZn6,-0.7764,0.0,Metal,P4_2/mcm,132,28
K11Na4_id2871_E-0.78.cif,K11Na4,-0.776,0.0,Metal,P1,1,15
BaNaSrLi2Mg9AlZnCd2N2O_id2017_E-0.78.cif,BaNaSrLi2Mg9AlZnCd2N2O,-0.7754,0.0,Metal,P1,1,84
Sn2SbTe3As11_id2331_E-0.77.cif,Sn2SbTe3As11,-0.774,0.339,Semiconductor,Cm,8,68
Na2Si_id945_E-0.77.cif,Na2Si,-0.7733,0.0,Metal,P3_112,151,9
Ba4Ca2BeCd2(SeN2)2_id2659_E-0.77.cif,Ba4Ca2BeCd2(SeN2)2,-0.7729,0.359,Semiconductor,P1,1,60
Li4MgBe(Zn4Ga)3_id1576_E-0.77.cif,Li4MgBe(Zn4Ga)3,-0.7707,1.957,Semiconductor,P1,1,42
K3BaNaSrInGaSn3_id2346_E-0.77.cif,K3BaNaSrInGaSn3,-0.7679,1.252,Semiconductor,P3m1,156,11
K12Ba10NaSrInGa_id1347_E-0.76.cif,K12Ba10NaSrInGa,-0.7647,0.0,Metal,Pm,6,26
Be5Al3Zn9Ga2Ge_id2412_E-0.76.cif,Be5Al3Zn9Ga2Ge,-0.7623,0.005,Metal,Pbcm,57,80
Na4Ca8Sc8Si(CO2)4_id1594_E-0.76.cif,Na4Ca8Sc8Si(CO2)4,-0.762,0.686,Semiconductor,P1,1,33
Ba9Ca_id2844_E-0.76.cif,Ba9Ca,-0.7608,1.392,Semiconductor,P1,1,20
K2Ba2Na11As4_id1841_E-0.76.cif,K2Ba2Na11As4,-0.7562,2.135,Semiconductor,P1,1,76
Ca_id644_E-0.76.cif,Ca,-0.7552,0.177,Semiconductor,Pmm2,25,15
Cd_id1203_E-0.75.cif,Cd,-0.7544,0.0,Metal,I4_1/acd,142,48
Na2MgGaGeSbTe4As5PSe8S9_id1877_E-0.75.cif,Na2MgGaGeSbTe4As5PSe8S9,-0.7538,1.503,Semiconductor,P1,1,132
Na45Li7_id3084_E-0.75.cif,Na45Li7,-0.7528,3.28,Semiconductor,C2,5,52
Ba5NaLiCaIn3SiB4As_id205_E-0.75.cif,Ba5NaLiCaIn3SiB4As,-0.751,1.12,Semiconductor,P1,1,102
In7Sb_id2578_E-0.75.cif,In7Sb,-0.7498,0.0,Metal,P-4c2,116,16
K3Cd9In_id1097_E-0.75.cif,K3Cd9In,-0.7488,0.0,Metal,R-3,148,78
TiZn5Ga_id2301_E-0.75.cif,TiZn5Ga,-0.7476,0.0,Metal,P4/mmm,123,7
Li11ZnGa_id776_E-0.75.cif,Li11ZnGa,-0.7472,0.0,Metal,Pm,6,26
Al2Zn5_id1385_E-0.75.cif,Al2Zn5,-0.7472,0.008,Metal,Ccc2,37,28
Ba13In7_id1570_E-0.75.cif,Ba13In7,-0.7469,0.041,Metal,P1,1,40
NaLi4Zn8InSnSbAs2P_id2336_E-0.74.cif,NaLi4Zn8InSnSbAs2P,-0.7434,1.202,Semiconductor,P1,1,114
Na_id172_E-0.74.cif,Na,-0.7431,0.0,Metal,F-43m,216,32
Li23Mg8(Zn2Ga)2_id1472_E-0.74.cif,Li23Mg8(Zn2Ga)2,-0.7421,0.662,Semiconductor,P1,1,37
Mg2ScZnCd3Sn2_id2473_E-0.74.cif,Mg2ScZnCd3Sn2,-0.7413,0.0,Metal,Iba2,45,36
K4Cd4Ge_id2527_E-0.74.cif,K4Cd4Ge,-0.7401,0.0,Metal,P4_2/nmc,137,18
Mg12Al3Cd_id2467_E-0.74.cif,Mg12Al3Cd,-0.7395,0.0,Metal,Im-3m,229,32
ZnCd3_id3111_E-0.74.cif,ZnCd3,-0.736,0.0,Metal,P4_2/mmc,131,8
LiMg4Al_id993_E-0.74.cif,LiMg4Al,-0.7357,0.0,Metal,P42_12,90,12
Li_id2153_E-0.74.cif,Li,-0.7353,2.658,Semiconductor,Fd-3m,227,32
K6Ba2Li2Si6Ge2N_id1237_E-0.73.cif,K6Ba2Li2Si6Ge2N,-0.7344,2.077,Semiconductor,P321,150,19
Mg(AlIn4)3_id2318_E-0.73.cif,Mg(AlIn4)3,-0.7328,0.375,Semiconductor,Pc,7,32
Ba2Na2SrLi2InGeSb2(Te4Se)4_id1230_E-0.73.cif,Ba2Na2SrLi2InGeSb2(Te4Se)4,-0.7302,2.479,Semiconductor,Pbcm,57,124
Na4Be2In3Ga(AsS)2_id3053_E-0.73.cif,Na4Be2In3Ga(AsS)2,-0.7278,3.927,Insulator,P-6c2,188,28
KBa5Ca10MgZn2GaSn_id2312_E-0.73.cif,KBa5Ca10MgZn2GaSn,-0.7254,0.04,Metal,P1,1,42
Li2MgSc2TiAlGa_id1856_E-0.72.cif,Li2MgSc2TiAlGa,-0.7233,1.757,Semiconductor,P4_2/mbc,135,128
LiCa6Mg5Zn8Cd_id1753_E-0.72.cif,LiCa6Mg5Zn8Cd,-0.7232,0.0,Metal,P1,1,21
LiMg10Cd_id427_E-0.72.cif,LiMg10Cd,-0.7227,0.844,Semiconductor,P1,1,96
K4Li4Be2Ga4B_id1337_E-0.72.cif,K4Li4Be2Ga4B,-0.7223,0.734,Semiconductor,P1,1,60
Zn3Cd_id1216_E-0.72.cif,Zn3Cd,-0.7205,0.0,Metal,P4_2mc,105,8
In_id2882_E-0.72.cif,In,-0.7189,0.0,Metal,Pmm2,25,3
ZnCd4_id2505_E-0.72.cif,ZnCd4,-0.7184,0.0,Metal,I4/mcm,140,20
CaMg2AlCd2Ga2SiSn2GeAsC_id2173_E-0.72.cif,CaMg2AlCd2Ga2SiSn2GeAsC,-0.7165,0.048,Metal,P1,1,84
K6NaCa3(Cd4In)3_id1798_E-0.71.cif,K6NaCa3(Cd4In)3,-0.7148,0.459,Semiconductor,Pmmm,47,25
NaLi(CdIn)3_id2615_E-0.71.cif,NaLi(CdIn)3,-0.7122,0.0,Metal,P1,1,64
Mg15Sc2_id3219_E-0.71.cif,Mg15Sc2,-0.7061,0.014,Metal,P4mm,99,17
LiSi2SnTeAsC(N2O5)2_id3221_E-0.70.cif,LiSi2SnTeAsC(N2O5)2,-0.7045,0.002,Metal,Cm,8,42
Ba2Li2MgZn(InGa)3_id463_E-0.70.cif,Ba2Li2MgZn(InGa)3,-0.7045,0.0,Metal,Pm,6,12
K5NaSr3_id864_E-0.70.cif,K5NaSr3,-0.7044,0.0,Metal,R-3,148,54
Mg_id800_E-0.70.cif,Mg,-0.703,0.629,Semiconductor,F4_132,210,144
Na_id727_E-0.70.cif,Na,-0.7004,0.0,Metal,Pn-3m,224,6
KNa2Zn4Cd4Ga_id1017_E-0.70.cif,KNa2Zn4Cd4Ga,-0.6963,4.065,Insulator,Pm,6,24
CaZn_id1682_E-0.70.cif,CaZn,-0.6953,0.0,Metal,P4_232,208,24
BaTiAl2ZnIn3_id769_E-0.69.cif,BaTiAl2ZnIn3,-0.692,2.067,Semiconductor,P1,1,32
Na2Li2Mg2Zn2Cd2B2As3Se_id3162_E-0.69.cif,Na2Li2Mg2Zn2Cd2B2As3Se,-0.6906,2.157,Semiconductor,P1,1,64
K9Na6Cd3Sn_id2499_E-0.69.cif,K9Na6Cd3Sn,-0.6889,0.0,Metal,P3_112,151,57
SbTeAs2SeSO5_id3123_E-0.69.cif,SbTeAs2SeSO5,-0.6858,0.105,Semiconductor,P2,3,11
Mg8Sc4Ti(AlIn5)4_id2946_E-0.69.cif,Mg8Sc4Ti(AlIn5)4,-0.6852,0.194,Semiconductor,P2_1,4,74
KNa20ZnTe3O4_id1987_E-0.68.cif,KNa20ZnTe3O4,-0.6849,1.563,Semiconductor,P1,1,58
K4NaCd5_id3271_E-0.68.cif,K4NaCd5,-0.6844,0.01,Metal,Immm,71,20
In2Ga_id3136_E-0.68.cif,In2Ga,-0.6838,0.0,Metal,P-3m1,164,3
Ca7Mg18ScCd4_id444_E-0.68.cif,Ca7Mg18ScCd4,-0.6808,0.0,Metal,P6/mmm,191,60
Li2CdIn3GaSnTe4P2Se2S3NO_id3309_E-0.68.cif,Li2CdIn3GaSnTe4P2Se2S3NO,-0.6793,0.0,Metal,P1,1,84
Na2Mg7Cd5_id1308_E-0.68.cif,Na2Mg7Cd5,-0.6776,2.265,Semiconductor,Pbam,55,28
Mg3Zn10_id2690_E-0.68.cif,Mg3Zn10,-0.6759,0.0,Metal,C222,21,26
K_id2508_E-0.67.cif,K,-0.6746,0.0,Metal,P4/mmm,123,6
K3Cd2InGa2_id661_E-0.67.cif,K3Cd2InGa2,-0.6743,1.575,Semiconductor,P1,1,48
K_id3051_E-0.67.cif,K,-0.6702,0.0,Metal,P4_2cm,101,32
SrLi4CdGa_id1031_E-0.67.cif,SrLi4CdGa,-0.6692,4.013,Insulator,P1,1,14
K7NaO4_id1789_E-0.67.cif,K7NaO4,-0.6663,3.053,Semiconductor,P1,1,24
Li9Mg6Al2(CdGa2)2_id1744_E-0.66.cif,Li9Mg6Al2(CdGa2)2,-0.6639,0.351,Semiconductor,P4_2/m,84,46
LiMgAl(ZnCd)2_id1091_E-0.66.cif,LiMgAl(ZnCd)2,-0.6618,1.34,Semiconductor,Pmna,53,28
LiMg7_id3005_E-0.66.cif,LiMg7,-0.6616,0.007,Metal,P4/m,83,8
TiGa2Sn3_id240_E-0.66.cif,TiGa2Sn3,-0.6616,0.084,Semiconductor,P6_3/mmc,194,12
KSr2Cd7_id682_E-0.66.cif,KSr2Cd7,-0.6611,0.0,Metal,P2,3,40
KSrCd_id43_E-0.65.cif,KSrCd,-0.6545,0.0,Metal,P4_122,91,12
In(TeO8)2_id2671_E-0.65.cif,In(TeO8)2,-0.6541,11.653,Insulator,P23,195,114
NaCa4Al2Zn5Si4SnGe2_id2156_E-0.65.cif,NaCa4Al2Zn5Si4SnGe2,-0.6541,3.265,Semiconductor,Cm,8,38
Zn3Ga2_id2300_E-0.65.cif,Zn3Ga2,-0.6535,0.0,Metal,P6_5,170,30
Li2MgBe2_id2393_E-0.65.cif,Li2MgBe2,-0.6478,2.66,Semiconductor,P4_2/mmc,131,10
K2Li9Mg_id639_E-0.65.cif,K2Li9Mg,-0.6473,0.592,Semiconductor,P1,1,24
K2ZnIn3Ga2_id2692_E-0.65.cif,K2ZnIn3Ga2,-0.6461,0.0,Metal,Aem2,39,32
K2Ba7Sr5CaSnSb5_id1945_E-0.65.cif,K2Ba7Sr5CaSnSb5,-0.645,0.883,Semiconductor,P1,1,42
NaZn4InGePN_id40_E-0.64.cif,NaZn4InGePN,-0.6439,0.116,Semiconductor,Cmcm,63,36
Mg6Zn3Ga3SnSb2Te3_id2379_E-0.64.cif,Mg6Zn3Ga3SnSb2Te3,-0.6429,1.584,Semiconductor,P1,1,18
Ba3Sr3CaMgIn2_id2197_E-0.64.cif,Ba3Sr3CaMgIn2,-0.6422,0.0,Metal,P3c1,158,20
Na2Li2CdIn2Ga_id1930_E-0.64.cif,Na2Li2CdIn2Ga,-0.6403,0.0,Metal,I4_1/acd,142,128
SrCa2_id466_E-0.64.cif,SrCa2,-0.6378,0.0,Metal,Pn-3m,224,6
Na2Li9Mg2Cd2Ga3_id2791_E-0.63.cif,Na2Li9Mg2Cd2Ga3,-0.6336,2.334,Semiconductor,Pnna,52,72
LiZn3_id1834_E-0.62.cif,LiZn3,-0.6236,0.0,Metal,P4_2/mcm,132,8
CaGe2As2P2(SeO6)2_id2025_E-0.62.cif,CaGe2As2P2(SeO6)2,-0.6215,1.748,Semiconductor,P1,1,42
KBe2_id1786_E-0.62.cif,KBe2,-0.6213,0.0,Metal,I4_1/amd,141,12
Li32Al2Zn2Cd(TeO)2_id760_E-0.62.cif,Li32Al2Zn2Cd(TeO)2,-0.6193,2.449,Semiconductor,P4_2,77,82
KBeGeTeSe4S4N2O7_id2629_E-0.62.cif,KBeGeTeSe4S4N2O7,-0.6191,8.139,Insulator,P1,1,84
Ba2Sr6Ca29_id3147_E-0.62.cif,Ba2Sr6Ca29,-0.6166,0.111,Semiconductor,P1,1,37
Sr2LiMg_id947_E-0.62.cif,Sr2LiMg,-0.6161,0.0,Metal,P4/mmm,123,4
ZnCd8_id2955_E-0.62.cif,ZnCd8,-0.6151,0.0,Metal,P-4,81,72
Zn_id3370_E-0.61.cif,Zn,-0.6137,0.326,Semiconductor,Ama2,40,24
Ga_id1591_E-0.61.cif,Ga,-0.6135,0.0,Metal,Cmcm,63,4
Zn_id355_E-0.61.cif,Zn,-0.6105,0.0,Metal,P4/ncc,130,40
Mg3Cd3In8_id2418_E-0.61.cif,Mg3Cd3In8,-0.6095,0.0,Metal,P1,1,28
Sb2As2P_id2612_E-0.61.cif,Sb2As2P,-0.6088,0.0,Metal,I4_1/amd,141,20
In(SO4)4_id2702_E-0.61.cif,In(SO4)4,-0.6081,0.493,Semiconductor,Cm,8,84
Na6SrLi2Zn2Sn_id808_E-0.61.cif,Na6SrLi2Zn2Sn,-0.6077,0.0,Metal,P-6m2,187,24
K2Li5Sb_id2091_E-0.61.cif,K2Li5Sb,-0.6066,0.895,Semiconductor,P1,1,16
NaIn2SnTeAs2Se3S_id3054_E-0.60.cif,NaIn2SnTeAs2Se3S,-0.6029,1.365,Semiconductor,P1,1,22
LiSi2BAsP2N_id623_E-0.60.cif,LiSi2BAsP2N,-0.5982,1.246,Semiconductor,P1,1,48
SrCa_id1368_E-0.60.cif,SrCa,-0.5977,0.0,Metal,P4_2/mmc,131,8
K3Li3TiZn10Cd8In4(Ga2Sn)2_id3295_E-0.60.cif,K3Li3TiZn10Cd8In4(Ga2Sn)2,-0.5958,0.052,Semiconductor,P1,1,140
K2Na6Li2Zn4Ga2SnO2_id239_E-0.60.cif,K2Na6Li2Zn4Ga2SnO2,-0.5953,0.213,Semiconductor,P1,1,38
NaLiCd2InSn_id1864_E-0.59.cif,NaLiCd2InSn,-0.5946,0.055,Semiconductor,Pmm2,25,12
Na(SrCd)2_id487_E-0.59.cif,Na(SrCd)2,-0.594,0.0,Metal,Pnma,62,20
KNaSrLi3Zn2In(GaGe)2_id678_E-0.59.cif,KNaSrLi3Zn2In(GaGe)2,-0.5937,0.0,Metal,Ccc2,37,52
LiScAlZn5CdInGa_id2730_E-0.59.cif,LiScAlZn5CdInGa,-0.5932,0.0,Metal,P1,1,88
LiMgZn5Ga3_id3284_E-0.59.cif,LiMgZn5Ga3,-0.5898,0.091,Semiconductor,Pmmn,59,20
MgAlCd2_id1525_E-0.59.cif,MgAlCd2,-0.5891,0.0,Metal,P4mm,99,4
Na2Li2CaMg4ZnCd4In2Ga2SiGeSb_id3156_E-0.59.cif,Na2Li2CaMg4ZnCd4In2Ga2SiGeSb,-0.5889,0.0,Metal,P1,1,84
MgCd6_id2054_E-0.59.cif,MgCd6,-0.5878,0.0,Metal,P6_322,182,14
Al4Zn6In2Ga9_id3283_E-0.58.cif,Al4Zn6In2Ga9,-0.5839,0.144,Semiconductor,Cm,8,42
Li2Mg6Sn_id2878_E-0.58.cif,Li2Mg6Sn,-0.5838,0.324,Semiconductor,Pm,6,9
Li6Ca3Mg3Cd14_id1827_E-0.58.cif,Li6Ca3Mg3Cd14,-0.5836,3.135,Semiconductor,Pm,6,26
Na7Li12Ca3Mg6Al12Zn6Cd6In9Ge_id633_E-0.58.cif,Na7Li12Ca3Mg6Al12Zn6Cd6In9Ge,-0.5828,0.0,Metal,P1,1,62
BaNa4_id1543_E-0.58.cif,BaNa4,-0.5819,0.0,Metal,P6/mmm,191,5
CaCd31_id1369_E-0.58.cif,CaCd31,-0.5812,2.281,Semiconductor,Pm,6,32
LiMg4Al2Sn_id2576_E-0.58.cif,LiMg4Al2Sn,-0.5809,0.205,Semiconductor,P1,1,32
K3Ba3Li6Mg3Be3Al4In3Ga5Te9(Se5S2)3_id1708_E-0.58.cif,K3Ba3Li6Mg3Be3Al4In3Ga5Te9(Se5S2)3,-0.5803,1.014,Semiconductor,P6mm,183,60
Li17(Mg3Zn)2_id1644_E-0.58.cif,Li17(Mg3Zn)2,-0.5803,3.22,Semiconductor,Pm,6,50
Sc2TiAl20(In5Ga)2_id1595_E-0.58.cif,Sc2TiAl20(In5Ga)2,-0.58,2.602,Semiconductor,P1,1,70
K2Li9Mg2Zn2Cd6Ga3B2Te2Se2N2O_id2214_E-0.58.cif,K2Li9Mg2Zn2Cd6Ga3B2Te2Se2N2O,-0.5787,1.476,Semiconductor,P1,1,66
KNa2Cd2Sn_id82_E-0.58.cif,KNa2Cd2Sn,-0.5775,0.0,Metal,P4/mmm,123,6
Li(Mg3Cd2)2_id1316_E-0.57.cif,Li(Mg3Cd2)2,-0.5749,0.0,Metal,Pm-3m,221,11
Sb11As4_id2683_E-0.57.cif,Sb11As4,-0.5738,0.0,Metal,Amm2,38,30
LiMgCd2_id615_E-0.57.cif,LiMgCd2,-0.5694,0.0,Metal,P4_2/nnm,134,16
K2Na5Li_id912_E-0.57.cif,K2Na5Li,-0.5655,0.421,Semiconductor,P312,149,16
K3Na2Cd2GaSiSnSbAs3Se10_id2884_E-0.56.cif,K3Na2Cd2GaSiSnSbAs3Se10,-0.5629,0.005,Metal,Pm,6,48
BaNa2(Li3Ca)2_id1094_E-0.56.cif,BaNa2(Li3Ca)2,-0.5559,0.599,Semiconductor,P2,3,44
Li8MgZnCd3GaSn_id1881_E-0.55.cif,Li8MgZnCd3GaSn,-0.5517,0.0,Metal,Pmm2,25,60
LiGeS19_id1814_E-0.55.cif,LiGeS19,-0.5512,4.314,Insulator,Pmn2_1,31,42
K20Na13_id386_E-0.55.cif,K20Na13,-0.5508,0.057,Semiconductor,P3,143,33
Mg15Cd5In_id2875_E-0.55.cif,Mg15Cd5In,-0.5481,0.0,Metal,P1,1,21
BaNa3LiCaMg3ZnIn4Ga2Sn2SbPS_id767_E-0.54.cif,BaNa3LiCaMg3ZnIn4Ga2Sn2SbPS,-0.5448,0.0,Metal,Pm,6,84
Li(Mg2Zn)2_id2755_E-0.54.cif,Li(Mg2Zn)2,-0.5448,3.167,Semiconductor,P1,1,28
AlZnInGa3Sn2_id397_E-0.54.cif,AlZnInGa3Sn2,-0.5424,0.475,Semiconductor,Pm,6,16
Ba4Li3Zn2Cd4In2Sn_id798_E-0.54.cif,Ba4Li3Zn2Cd4In2Sn,-0.5411,2.595,Semiconductor,C2/m,12,64
BaNa2Sr2LiMgZn6Cd6InGa_id1888_E-0.54.cif,BaNa2Sr2LiMgZn6Cd6InGa,-0.5406,2.778,Semiconductor,P3_1,144,63
MgZnCdIn_id298_E-0.54.cif,MgZnCdIn,-0.539,0.0,Metal,P4mm,99,4
LiBe2Si2AsSeN4O27_id356_E-0.54.cif,LiBe2Si2AsSeN4O27,-0.537,0.909,Semiconductor,P1,1,76
CaMg_id2212_E-0.54.cif,CaMg,-0.537,0.0,Metal,P4_2cm,101,16
MgAlZnIn_id219_E-0.54.cif,MgAlZnIn,-0.5364,0.0,Metal,P-6m2,187,4
KZnCdO3_id3071_E-0.53.cif,KZnCdO3,-0.534,1.291,Semiconductor,Pbca,61,48
Al_id2049_E-0.53.cif,Al,-0.5326,0.36,Semiconductor,Cm,8,10
K4Li2Be2Zn4Ga3Ge2(SO)4_id2170_E-0.53.cif,K4Li2Be2Zn4Ga3Ge2(SO)4,-0.5324,0.42,Semiconductor,P1,1,25
Zn13Cd8In4Ga8Si8As_id1653_E-0.53.cif,Zn13Cd8In4Ga8Si8As,-0.531,0.085,Semiconductor,P1,1,84
K2Li3Mg2ScZnIn3_id2926_E-0.53.cif,K2Li3Mg2ScZnIn3,-0.5309,0.0,Metal,P-6m2,187,24
Li3Ca2Zn_id545_E-0.53.cif,Li3Ca2Zn,-0.5304,0.0,Metal,P4/mmm,123,6
K2Zn6Cd2(InGa3)3_id3113_E-0.53.cif,K2Zn6Cd2(InGa3)3,-0.5299,0.0,Metal,Cmme,67,88
K20Na11Ga2Sn2(SeS2)2_id2168_E-0.52.cif,K20Na11Ga2Sn2(SeS2)2,-0.5249,3.229,Semiconductor,P2_1/c,14,82
K3NaCd6_id1185_E-0.52.cif,K3NaCd6,-0.5247,0.014,Metal,Im-3m,229,20
Ba12SrCa2Cd8In2Sn_id1869_E-0.52.cif,Ba12SrCa2Cd8In2Sn,-0.5222,0.073,Semiconductor,P1,1,52
Li20Mg_id2601_E-0.52.cif,Li20Mg,-0.5183,4.456,Insulator,P1,1,84
AlZn2In2Ga4SiSnGe_id676_E-0.52.cif,AlZn2In2Ga4SiSnGe,-0.5181,0.159,Semiconductor,P2_1/m,11,24
LiMg19In_id3378_E-0.51.cif,LiMg19In,-0.5121,1.357,Semiconductor,P1,1,42
K3Na15Li3Ca3Mg12Sc4Zn3_id2994_E-0.51.cif,K3Na15Li3Ca3Mg12Sc4Zn3,-0.5093,0.606,Semiconductor,P1,1,86
TiO19_id2278_E-0.50.cif,TiO19,-0.5046,1.525,Semiconductor,Cmm2,35,80
BaSr3MgGa_id749_E-0.50.cif,BaSr3MgGa,-0.5025,0.0,Metal,P-6m2,187,6
Ba6CaMg27_id2660_E-0.50.cif,Ba6CaMg27,-0.4978,0.0,Metal,Pm-3m,221,34
Ba3Ca3Mg_id136_E-0.50.cif,Ba3Ca3Mg,-0.4964,0.592,Semiconductor,Fm-3m,225,56
Li2Mg2Zn7Cd2In2(Ga2Ge)2_id1217_E-0.49.cif,Li2Mg2Zn7Cd2In2(Ga2Ge)2,-0.4931,0.232,Semiconductor,P4_22_12,94,42
Zn6Ga_id1069_E-0.49.cif,Zn6Ga,-0.4911,1.074,Semiconductor,P1,1,14
MgCd2_id11_E-0.49.cif,MgCd2,-0.4904,0.0,Metal,Pbam,55,24
Mg4Cd8Sn3_id2867_E-0.48.cif,Mg4Cd8Sn3,-0.4785,0.035,Metal,P1,1,30
Li_id1086_E-0.48.cif,Li,-0.4774,0.0,Metal,Fm-3m,225,4
KBaNaLiMgPSeO14_id500_E-0.48.cif,KBaNaLiMgPSeO14,-0.4754,1.339,Semiconductor,Cmc2_1,36,84
Na2Cd9Sn_id1520_E-0.47.cif,Na2Cd9Sn,-0.4746,0.064,Semiconductor,P1,1,24
Cd17Ga_id1001_E-0.47.cif,Cd17Ga,-0.4711,0.0,Metal,Im-3m,229,36
NaLi8(CaMg)8_id1548_E-0.47.cif,NaLi8(CaMg)8,-0.4673,0.0,Metal,P4_2/nnm,134,50
Zn5Ga3_id1395_E-0.47.cif,Zn5Ga3,-0.4668,0.0,Metal,Pm,6,16
Zn2Ga4Si2Ge12Sb_id1599_E-0.46.cif,Zn2Ga4Si2Ge12Sb,-0.465,0.0,Metal,I4_1,80,84
Zn_id334_E-0.46.cif,Zn,-0.4644,0.0,Metal,P1,1,16
K6Li8Mg2Cd3In2Ga2(SnGe)6_id3196_E-0.46.cif,K6Li8Mg2Cd3In2Ga2(SnGe)6,-0.4602,0.004,Metal,Cc,9,70
Ba6Na7(Sr4Mg)3_id2766_E-0.46.cif,Ba6Na7(Sr4Mg)3,-0.4578,0.0,Metal,P23,195,28
K4NaInGaGeSbAs3P_id1123_E-0.46.cif,K4NaInGaGeSbAs3P,-0.4578,0.627,Semiconductor,P1,1,13
SrCa2Mg2Cd10(GaSi)2_id1853_E-0.46.cif,SrCa2Mg2Cd10(GaSi)2,-0.4569,0.0,Metal,P1,1,76
Zn7Sn_id826_E-0.46.cif,Zn7Sn,-0.4551,0.0,Metal,I4/mmm,139,16
C20N_id467_E-0.45.cif,C20N,-0.4545,0.0,Metal,Pbcm,57,84
LiMg2In_id3246_E-0.45.cif,LiMg2In,-0.4543,0.0,Metal,I4/mmm,139,8
Cd_id67_E-0.45.cif,Cd,-0.4492,0.0,Metal,P6/mcc,192,36
KSrZn3_id163_E-0.45.cif,KSrZn3,-0.448,0.119,Semiconductor,Pm,6,10
Al_id1338_E-0.44.cif,Al,-0.4449,0.1,Semiconductor,Pm,6,27
LiMgZn2_id3064_E-0.44.cif,LiMgZn2,-0.4433,0.0,Metal,I4_132,214,32
BaZn8_id1627_E-0.44.cif,BaZn8,-0.4419,0.0,Metal,P4_2/nmc,137,18
Li2Ca3Be2Al2Zn6In2Ga7Sn2Sb2As3P_id3179_E-0.44.cif,Li2Ca3Be2Al2Zn6In2Ga7Sn2Sb2As3P,-0.4387,0.027,Metal,Ccc2,37,128
NaZn8Cd6In8(Ga2Te)2_id1462_E-0.43.cif,NaZn8Cd6In8(Ga2Te)2,-0.4334,0.279,Semiconductor,Pm,6,116
Ba2Li3Zn2Cd6Ga_id1331_E-0.43.cif,Ba2Li3Zn2Cd6Ga,-0.4314,0.161,Semiconductor,P6,168,14
K50Cd2SnSb2_id3193_E-0.43.cif,K50Cd2SnSb2,-0.43,0.142,Semiconductor,P1,1,110
K2CaBe3GaB(AsP)3_id2179_E-0.43.cif,K2CaBe3GaB(AsP)3,-0.4252,0.525,Semiconductor,P1,1,28
S_id1020_E-0.42.cif,S,-0.4248,0.316,Semiconductor,P2,3,18
Ba2NaSrCa8MgSO7_id889_E-0.42.cif,Ba2NaSrCa8MgSO7,-0.4245,1.048,Semiconductor,Cm,8,42
Zn_id1499_E-0.42.cif,Zn,-0.4225,0.0,Metal,P2_12_12_1,19,36
K5Li2Cd4(Ga2Sn)2_id1994_E-0.42.cif,K5Li2Cd4(Ga2Sn)2,-0.4203,4.06,Insulator,P1,1,34
KNa_id2270_E-0.42.cif,KNa,-0.42,1.198,Semiconductor,Immm,71,8
ZnCdGa_id2059_E-0.42.cif,ZnCdGa,-0.4185,0.0,Metal,Aem2,39,12
K3Ca2(AlGa)2_id738_E-0.41.cif,K3Ca2(AlGa)2,-0.4143,0.638,Semiconductor,Pm,6,18
Ba(NaCd2)4_id1108_E-0.41.cif,Ba(NaCd2)4,-0.411,0.0,Metal,I-4m2,119,26
Na2Li2CdIn9Sn5_id2895_E-0.41.cif,Na2Li2CdIn9Sn5,-0.4089,0.098,Semiconductor,P2_1/m,11,38
KNa12Li8Cd4In4Ga4Sn12Ge8Sb8Te8(SeS2)4_id819_E-0.41.cif,KNa12Li8Cd4In4Ga4Sn12Ge8Sb8Te8(SeS2)4,-0.4055,0.002,Metal,P4_2/n,86,162
Na2Cd15_id457_E-0.40.cif,Na2Cd15,-0.4048,0.0,Metal,P-1,2,17
K5NaZn2Cd8Ge3_id965_E-0.40.cif,K5NaZn2Cd8Ge3,-0.4045,0.047,Metal,P1,1,38
Zn6Ga_id1939_E-0.40.cif,Zn6Ga,-0.4026,0.0,Metal,I4_1md,109,28
BaCd9_id1465_E-0.40.cif,BaCd9,-0.402,0.0,Metal,Im-3m,229,20
Li2Zn2Cd2Ge_id2873_E-0.40.cif,Li2Zn2Cd2Ge,-0.4007,0.008,Metal,Cccm,66,56
Zn6Cd_id1035_E-0.40.cif,Zn6Cd,-0.3998,0.0,Metal,Pmmn,59,14
K2Cd_id1125_E-0.40.cif,K2Cd,-0.398,0.0,Metal,P4/mmm,123,6
NaCaMg35Al_id2489_E-0.39.cif,NaCaMg35Al,-0.394,0.21,Semiconductor,P1,1,76
MgAl2Zn5Ga4_id2302_E-0.39.cif,MgAl2Zn5Ga4,-0.3939,0.0,Metal,P1,1,36
Zn4Cd5_id1491_E-0.39.cif,Zn4Cd5,-0.39,0.0,Metal,P4_2/nnm,134,18
Zn_id1702_E-0.39.cif,Zn,-0.3893,0.0,Metal,P1,1,40
Li2Be2GaGe11P2_id847_E-0.39.cif,Li2Be2GaGe11P2,-0.3858,0.965,Semiconductor,P4_12_12,92,72
K2Li3ZnCd3In2Ga3Sn(GeS2)2_id1309_E-0.38.cif,K2Li3ZnCd3In2Ga3Sn(GeS2)2,-0.384,0.858,Semiconductor,P6_1,169,126
Ba3Li3Mg12Sc3Cd8In3_id290_E-0.38.cif,Ba3Li3Mg12Sc3Cd8In3,-0.3816,0.0,Metal,P-62m,189,32
Ti(Zn18Ga)2_id2028_E-0.37.cif,Ti(Zn18Ga)2,-0.3738,0.0,Metal,Pm,6,39
K3Cd6In6Sn6Ge6Te6(Se4S3)2_id3044_E-0.37.cif,K3Cd6In6Sn6Ge6Te6(Se4S3)2,-0.3731,1.889,Semiconductor,P1,1,47
Sr4LiMg4InSn3B4Sb6Te4P4Se4(S2O7)4_id962_E-0.37.cif,Sr4LiMg4InSn3B4Sb6Te4P4Se4(S2O7)4,-0.3728,1.2,Semiconductor,P1,1,71
ZnGa_id426_E-0.37.cif,ZnGa,-0.3722,0.0,Metal,P6/mmm,191,8
In12GaSn6_id1774_E-0.37.cif,In12GaSn6,-0.3713,0.101,Semiconductor,P1,1,19
K3Na2CdIn4Sn11_id3319_E-0.36.cif,K3Na2CdIn4Sn11,-0.3634,0.698,Semiconductor,Cm,8,42
Li3Be2Al6Zn23Ga_id1954_E-0.36.cif,Li3Be2Al6Zn23Ga,-0.362,0.061,Semiconductor,P1,1,70
Zn_id1485_E-0.36.cif,Zn,-0.3582,0.0,Metal,Pn-3m,224,64
K2Na3Mg3O54_id2474_E-0.36.cif,K2Na3Mg3O54,-0.3571,1.67,Semiconductor,Pm,6,62
Mg_id3059_E-0.34.cif,Mg,-0.3381,0.0,Metal,P6/mmm,191,12
Li8MgCd4(InTe)2_id2225_E-0.34.cif,Li8MgCd4(InTe)2,-0.3378,0.0,Metal,Ccc2,37,68
Na(CaMg)2_id2236_E-0.33.cif,Na(CaMg)2,-0.3319,0.0,Metal,P4/mmm,123,5
SrCd4_id407_E-0.33.cif,SrCd4,-0.3316,0.0,Metal,P4_2/nmc,137,10
ZnCd4_id2226_E-0.33.cif,ZnCd4,-0.3311,0.0,Metal,Immm,71,10
Li12CdO2_id2284_E-0.33.cif,Li12CdO2,-0.3282,3.611,Insulator,P-6c2,188,30
Li2CaZn2GaO7_id2887_E-0.32.cif,Li2CaZn2GaO7,-0.3249,3.463,Semiconductor,P1,1,39
Cd_id1568_E-0.32.cif,Cd,-0.3232,2.517,Semiconductor,P1,1,32
KAl2In32GaSn_id3249_E-0.32.cif,KAl2In32GaSn,-0.322,0.0,Metal,P4bm,100,74
LiAlGa10Ge3_id509_E-0.32.cif,LiAlGa10Ge3,-0.3214,4.03,Insulator,Pm,6,15
Li2AlZnInGaSn3GeTe2AsSe7S_id352_E-0.32.cif,Li2AlZnInGaSn3GeTe2AsSe7S,-0.3202,2.087,Semiconductor,Pm,6,42
Li24Zn13Te12_id1453_E-0.32.cif,Li24Zn13Te12,-0.3174,1.888,Semiconductor,I23,197,98
Ba2Na2Li15Mg10ScZn2(InSn)2_id14_E-0.31.cif,Ba2Na2Li15Mg10ScZn2(InSn)2,-0.3105,0.0,Metal,P2_1/c,14,72
Zn2Cd2InGa2_id1401_E-0.31.cif,Zn2Cd2InGa2,-0.3073,0.008,Metal,P4/mmm,123,28
Mg(GaN)2_id153_E-0.30.cif,Mg(GaN)2,-0.3039,0.0,Metal,Pn-3,201,60
LiMgSn2_id1222_E-0.30.cif,LiMgSn2,-0.298,0.126,Semiconductor,P4/nmm,129,8
KNaScTi2InGaGe2Te2AsSeS18_id2854_E-0.30.cif,KNaScTi2InGaGe2Te2AsSeS18,-0.2972,2.902,Semiconductor,P1,1,62
NaLi4Ca4Mg16Al8Cd8In8(GaAs)4_id2008_E-0.30.cif,NaLi4Ca4Mg16Al8Cd8In8(GaAs)4,-0.2971,0.068,Semiconductor,P4_2/nmc,137,114
Ti4(Cd2Sn)7_id2440_E-0.30.cif,Ti4(Cd2Sn)7,-0.2961,0.0,Metal,Pm,6,50
Li12Al6Cd3In19(Ga3Sn2)2_id225_E-0.30.cif,Li12Al6Cd3In19(Ga3Sn2)2,-0.2954,0.033,Metal,P1,1,50
Cd3In4_id56_E-0.29.cif,Cd3In4,-0.295,0.338,Semiconductor,Pmmm,47,14
MgZnCd19_id1478_E-0.29.cif,MgZnCd19,-0.2896,1.416,Semiconductor,P2_1,4,42
Al6CdIn3_id2203_E-0.28.cif,Al6CdIn3,-0.2837,0.04,Metal,P6_3/mcm,193,20
Sr2Cd6InGaSb_id655_E-0.28.cif,Sr2Cd6InGaSb,-0.2831,0.0,Metal,P312,149,11
Li4Mg4Zn5_id3078_E-0.28.cif,Li4Mg4Zn5,-0.2829,3.336,Semiconductor,Pmm2,25,13
Cd19In4_id630_E-0.28.cif,Cd19In4,-0.2819,4.8,Insulator,P1,1,46
Li(Mg3Cd2)3_id1058_E-0.28.cif,Li(Mg3Cd2)3,-0.2775,0.0,Metal,Pm-3,200,16
Ca_id318_E-0.28.cif,Ca,-0.2768,1.623,Semiconductor,P-1,2,18
SrZn6Cd9(TeS)6_id1928_E-0.27.cif,SrZn6Cd9(TeS)6,-0.2749,2.948,Semiconductor,P1,1,56
KNa2LiGeP3O13_id1703_E-0.27.cif,KNa2LiGeP3O13,-0.2747,3.867,Insulator,Cm,8,42
Na2Li10Cd2In3Ga2Sn4Se2(SO7)2_id1122_E-0.27.cif,Na2Li10Cd2In3Ga2Sn4Se2(SO7)2,-0.2746,0.101,Semiconductor,Pm,6,82
K6Na12Sr9Ca2Be3Si2Sn3Ge3As6(PS2)3_id1688_E-0.27.cif,K6Na12Sr9Ca2Be3Si2Sn3Ge3As6(PS2)3,-0.2715,0.0,Metal,P1,1,165
K2Ba2Na3SrLi2TiZnAsO3_id1933_E-0.27.cif,K2Ba2Na3SrLi2TiZnAsO3,-0.27,0.809,Semiconductor,Pm,6,32
Ba2LiMg6Al2Sn2(NO6)2_id418_E-0.27.cif,Ba2LiMg6Al2Sn2(NO6)2,-0.2652,0.051,Semiconductor,P1,1,108
KNa2Zn2Cd7In_id102_E-0.26.cif,KNa2Zn2Cd7In,-0.2624,2.34,Semiconductor,Ibam,72,52
Sr4LiAlIn4Sn_id238_E-0.26.cif,Sr4LiAlIn4Sn,-0.2583,0.098,Semiconductor,Pmm2,25,22
Li(ZnGa)2_id2814_E-0.26.cif,Li(ZnGa)2,-0.2578,0.0,Metal,P31m,157,30
BaAl_id3286_E-0.25.cif,BaAl,-0.2539,0.0,Metal,P6_3/mmc,194,4
BaCa2InGe2(Te2O)2_id133_E-0.25.cif,BaCa2InGe2(Te2O)2,-0.2528,2.835,Semiconductor,I4/mmm,139,24
Li2InSnTe2Se2S9O2_id1448_E-0.24.cif,Li2InSnTe2Se2S9O2,-0.242,1.657,Semiconductor,Pnn2,34,38
Li6Mg14Zn2Cd2In_id3023_E-0.24.cif,Li6Mg14Zn2Cd2In,-0.2398,3.813,Insulator,Pm,6,25
K11Ba3Na4Cd4(In2Sn)6_id1524_E-0.24.cif,K11Ba3Na4Cd4(In2Sn)6,-0.2362,1.976,Semiconductor,Pnnm,58,80
Mg13In2_id87_E-0.24.cif,Mg13In2,-0.2352,0.169,Semiconductor,P1,1,60
K2Li12Zn2Cd8In3(Ga6B)2_id2068_E-0.23.cif,K2Li12Zn2Cd8In3(Ga6B)2,-0.2336,0.039,Metal,P4_2,77,82
NaLi4Sc2CdIn2Sn_id2948_E-0.23.cif,NaLi4Sc2CdIn2Sn,-0.2251,0.0,Metal,Imma,74,44
K3Zn12In2Ga9Si_id2416_E-0.22.cif,K3Zn12In2Ga9Si,-0.2177,2.647,Semiconductor,Pm,6,27
Zn4Ga6Ge_id3345_E-0.22.cif,Zn4Ga6Ge,-0.2173,0.838,Semiconductor,P1,1,22
MgZn2_id2621_E-0.21.cif,MgZn2,-0.2122,0.0,Metal,P4/mmm,123,3
LiCd2In2Sn_id1100_E-0.21.cif,LiCd2In2Sn,-0.2091,1.394,Semiconductor,P1,1,48
KLi3O34_id1264_E-0.21.cif,KLi3O34,-0.2084,2.182,Semiconductor,P1,1,76
Na4Li10Sc2Zn2Cd2As6S2O_id3170_E-0.21.cif,Na4Li10Sc2Zn2Cd2As6S2O,-0.2083,0.0,Metal,Pccn,56,116
Ba2Sr3Ca5_id2825_E-0.21.cif,Ba2Sr3Ca5,-0.2083,3.157,Semiconductor,P6_122,178,60
ZnCd_id3120_E-0.21.cif,ZnCd,-0.2078,0.0,Metal,I4_1/acd,142,32
CaMg7Sc8ZnCdSn_id2283_E-0.21.cif,CaMg7Sc8ZnCdSn,-0.2052,0.661,Semiconductor,P1,1,19
Li2Mg3ZnIn_id2198_E-0.21.cif,Li2Mg3ZnIn,-0.205,0.055,Semiconductor,P3m1,156,7
LiZn16Ga5_id837_E-0.20.cif,LiZn16Ga5,-0.2014,0.0,Metal,Pmmn,59,44
Li3Mg12Zn3Cd2(SiSn)2_id3275_E-0.20.cif,Li3Mg12Zn3Cd2(SiSn)2,-0.2001,0.02,Metal,P4nc,104,96
BaSrSc2SeS14_id1952_E-0.20.cif,BaSrSc2SeS14,-0.1958,2.435,Semiconductor,R3m,160,57
Na5Ca34_id1516_E-0.19.cif,Na5Ca34,-0.1938,0.038,Metal,P1,1,39
Li13Sc3(Zn6Ga)4_id755_E-0.19.cif,Li13Sc3(Zn6Ga)4,-0.1936,0.06,Semiconductor,P1,1,88
Li3Si2_id2081_E-0.19.cif,Li3Si2,-0.1936,0.588,Semiconductor,P1,1,80
K3Mg2CdInGa15SnO2_id3342_E-0.19.cif,K3Mg2CdInGa15SnO2,-0.1917,0.975,Semiconductor,Ima2,46,100
K4NaMg2In4Ga2Ge(SbAs2)2_id897_E-0.19.cif,K4NaMg2In4Ga2Ge(SbAs2)2,-0.1885,0.775,Semiconductor,P3m1,156,40
Cd2InGa6_id2347_E-0.18.cif,Cd2InGa6,-0.1825,0.0,Metal,Iba2,45,36
Li12Zn(Cd8Ga)3_id809_E-0.18.cif,Li12Zn(Cd8Ga)3,-0.1824,0.0,Metal,P432,207,40
ScZnSnSbTe3AsSe3_id640_E-0.18.cif,ScZnSnSbTe3AsSe3,-0.1817,0.014,Metal,P2_12_12_1,19,44
K7Na12(Cd6In7)2_id1664_E-0.18.cif,K7Na12(Cd6In7)2,-0.1806,0.142,Semiconductor,P1,1,45
LiMg7Al2(GaTe)2_id1088_E-0.18.cif,LiMg7Al2(GaTe)2,-0.1805,0.455,Semiconductor,Pm,6,56
K12Ba4Na8Sr8Ca3Mg_id1306_E-0.18.cif,K12Ba4Na8Sr8Ca3Mg,-0.1797,1.512,Semiconductor,P4,75,72
ZnCd2_id1289_E-0.18.cif,ZnCd2,-0.1781,0.0,Metal,P4mm,99,3
Li4Zn10Cd4Ga8SnGe_id1844_E-0.18.cif,Li4Zn10Cd4Ga8SnGe,-0.1772,2.132,Semiconductor,P2,3,28
LiBe2Al2ZnGe_id2139_E-0.18.cif,LiBe2Al2ZnGe,-0.1762,0.736,Semiconductor,P1,1,21
K8Li_id317_E-0.17.cif,K8Li,-0.1674,2.731,Semiconductor,Pn-3m,224,18
CaMg3AlZn2CdGaGe_id329_E-0.16.cif,CaMg3AlZn2CdGaGe,-0.1632,0.0,Metal,Pm,6,40
Mg4Cd6In_id3033_E-0.16.cif,Mg4Cd6In,-0.163,0.121,Semiconductor,P1,1,44
Li2ScAl8Zn10Cd4InGa14_id1451_E-0.16.cif,Li2ScAl8Zn10Cd4InGa14,-0.1623,0.121,Semiconductor,Pm,6,80
K2Na21_id728_E-0.16.cif,K2Na21,-0.161,3.032,Semiconductor,P1,1,92
CS6_id1116_E-0.16.cif,CS6,-0.1599,3.452,Semiconductor,P6,168,21
Mg11Sc2Zn2Ga_id699_E-0.16.cif,Mg11Sc2Zn2Ga,-0.1578,0.0,Metal,P1,1,64
Mg3Al2Zn4(InSn)2_id1940_E-0.15.cif,Mg3Al2Zn4(InSn)2,-0.1549,0.153,Semiconductor,P1,1,52
K6CaSbO21_id1646_E-0.15.cif,K6CaSbO21,-0.1512,2.342,Semiconductor,P6_322,182,58
Mg_id2627_E-0.13.cif,Mg,-0.1325,0.21,Semiconductor,P1,1,72
KCaMgZnSi2Ge6As3Se2_id1637_E-0.13.cif,KCaMgZnSi2Ge6As3Se2,-0.1321,0.0,Metal,Pm,6,68
K3BaNaInBC_id3253_E-0.13.cif,K3BaNaInBC,-0.1311,0.784,Semiconductor,P4_2/nmc,137,32
CaAl12Zn8Cd4In4Ga2(Sn3Sb2)2_id438_E-0.13.cif,CaAl12Zn8Cd4In4Ga2(Sn3Sb2)2,-0.1298,0.0,Metal,P1,1,123
K13S4_id2141_E-0.13.cif,K13S4,-0.1265,0.376,Semiconductor,P1,1,17
Li14Mg2Zn8Cd8Ga5(SiTe)2_id2787_E-0.12.cif,Li14Mg2Zn8Cd8Ga5(SiTe)2,-0.12,0.083,Semiconductor,P1,1,82
K6Ba2Na3SrLi2Ca2AlZnIn_id1415_E-0.12.cif,K6Ba2Na3SrLi2Ca2AlZnIn,-0.1195,2.514,Semiconductor,P1,1,114
Ba2Na8Li16Mg5Cd12In8Sb4Se4NO10_id1651_E-0.11.cif,Ba2Na8Li16Mg5Cd12In8Sb4Se4NO10,-0.1148,0.047,Metal,P1,1,70
Ti3Sn2Ge6Sb(Te2As)2_id1040_E-0.11.cif,Ti3Sn2Ge6Sb(Te2As)2,-0.1135,1.217,Semiconductor,P1,1,72
Li2Mg37ScCdIn_id942_E-0.11.cif,Li2Mg37ScCdIn,-0.112,1.491,Semiconductor,P4mm,99,42
Ba_id2216_E-0.11.cif,Ba,-0.1117,3.924,Insulator,P1,1,31
Cd11Ga2_id158_E-0.11.cif,Cd11Ga2,-0.1093,0.086,Semiconductor,Pm,6,13
Te_id185_E-0.11.cif,Te,-0.1088,4.849,Insulator,P1,1,4
Li11Zn2_id207_E-0.11.cif,Li11Zn2,-0.1085,3.893,Insulator,I2_12_12_1,24,52
Sc9(SO32)2_id3272_E-0.11.cif,Sc9(SO32)2,-0.1077,2.228,Semiconductor,P31m,157,75
Na2Li2TiBe7ZnGaSiB2PSO2_id2213_E-0.11.cif,Na2Li2TiBe7ZnGaSiB2PSO2,-0.107,2.002,Semiconductor,P2_1,4,84
NaSr11Ca_id2253_E-0.11.cif,NaSr11Ca,-0.1057,0.598,Semiconductor,P222,16,52
K7Ba7Na12_id21_E-0.10.cif,K7Ba7Na12,-0.1007,0.437,Semiconductor,Pm-3,200,26
K2Mg2Zn4Ga5_id1981_E-0.10.cif,K2Mg2Zn4Ga5,-0.0995,0.019,Metal,P1,1,78
Na4Cd3_id2238_E-0.10.cif,Na4Cd3,-0.0983,0.265,Semiconductor,P3m1,156,7
Li2AlZn2Ga3_id1778_E-0.09.cif,Li2AlZn2Ga3,-0.0908,1.351,Semiconductor,P-1,2,16
Na6Cd23_id1211_E-0.09.cif,Na6Cd23,-0.0879,4.104,Insulator,P-4c2,116,58
LiZn2In9Ga2Sn3SbAs3_id2972_E-0.08.cif,LiZn2In9Ga2Sn3SbAs3,-0.0779,7.899,Insulator,P1,1,21
K9Na2_id2876_E-0.08.cif,K9Na2,-0.0772,0.588,Semiconductor,P1,1,66
NaCd9In7Ga4_id1047_E-0.08.cif,NaCd9In7Ga4,-0.077,0.0,Metal,Cmc2_1,36,84
Sc8Cd13_id391_E-0.07.cif,Sc8Cd13,-0.0731,0.094,Semiconductor,Pmn2_1,31,42
Li9Mg4(Cd2Ga5)2_id1365_E-0.07.cif,Li9Mg4(Cd2Ga5)2,-0.0697,0.175,Semiconductor,Pn-3m,224,54
Na2Li3MgCd3In3Sn8Sb_id432_E-0.06.cif,Na2Li3MgCd3In3Sn8Sb,-0.065,0.505,Semiconductor,P1,1,42
Mg_id16_E-0.06.cif,Mg,-0.0608,0.0,Metal,P4/mmm,123,4
BaAs(Se4S3)2_id1932_E-0.06.cif,BaAs(Se4S3)2,-0.0576,2.689,Semiconductor,Cmc2_1,36,64
Ba3Te2As(Se2S)2_id1033_E-0.06.cif,Ba3Te2As(Se2S)2,-0.056,1.537,Semiconductor,P2_12_12,18,24
KMgInSi8B3_id1962_E-0.05.cif,KMgInSi8B3,-0.0473,0.297,Semiconductor,Pm,6,56
MgCdGeBAsP6S2O13_id638_E-0.05.cif,MgCdGeBAsP6S2O13,-0.046,0.153,Semiconductor,P1,1,104
Na4Li2Be2As2P_id2728_E-0.04.cif,Na4Li2Be2As2P,-0.0445,1.978,Semiconductor,P4_2/mnm,136,22
Sr2Cd(As3P)6_id2807_E-0.04.cif,Sr2Cd(As3P)6,-0.0419,0.371,Semiconductor,P31m,157,27
K8Ba4Sr4Li4AlZn4In5Ga4Sn4Sb12As16P4O5_id707_E-0.04.cif,K8Ba4Sr4Li4AlZn4In5Ga4Sn4Sb12As16P4O5,-0.0387,0.0,Metal,P1,1,150
BaCd_id141_E-0.03.cif,BaCd,-0.0314,0.0,Metal,P4/nmm,129,8
Li5Mg5Al5Zn32Cd8Ga12(SiSb)4_id1427_E-0.03.cif,Li5Mg5Al5Zn32Cd8Ga12(SiSb)4,-0.0312,0.018,Metal,I-4,82,150
Mg7ZnCd28_id3350_E-0.02.cif,Mg7ZnCd28,-0.0227,1.683,Semiconductor,P222_1,17,72
Ti2Zn5GaSn5Te24(Se2S)4_id1168_E-0.02.cif,Ti2Zn5GaSn5Te24(Se2S)4,-0.017,0.954,Semiconductor,I4,79,98
Ca9Ga_id2602_E-0.01.cif,Ca9Ga,-0.0125,3.248,Semiconductor,Pbam,55,20
K13As_id2551_E-0.01.cif,K13As,-0.0087,4.969,Insulator,P1,1,56
KLi3ZnCd4In3(GaSb)2_id2094_E-0.01.cif,KLi3ZnCd4In3(GaSb)2,-0.0084,0.0,Metal,P1,1,96
Zn3In2(GaO2)2_id589_E-0.00.cif,Zn3In2(GaO2)2,-0.004,0.798,Semiconductor,Pm,6,22
Na(Mg2Zn)4_id3110_E-0.00.cif,Na(Mg2Zn)4,-0.0014,0.002,Metal,P4_2/nmc,137,26
K2Li18Sc_id2535_E-0.00.cif,K2Li18Sc,-0.0001,4.759,Insulator,P1,1,21
BaTiO3_id3706_E-8.38.cif,BaTiO3,-8.3803,1.188,Semiconductor,Fm-3m,225,40
Ti3SO3_id1431_E-8.37.cif,Ti3SO3,-8.3746,1.26,Semiconductor,R-3c,167,42
NaSc4O6_id1490_E-8.24.cif,NaSc4O6,-8.2374,0.0,Metal,I4/m,87,22
ScTi3O2_id1726_E-8.19.cif,ScTi3O2,-8.1884,0.0,Metal,Pn-3m,224,12
Ti2N_id3404_E-8.16.cif,Ti2N,-8.1595,0.0,Metal,Pbcn,60,12
Sc3O2_id4900_E-7.99.cif,Sc3O2,-7.9858,0.0,Metal,P23,195,10
BaTi3O7_id1372_E-7.97.cif,BaTi3O7,-7.9721,0.0,Metal,Pm-3n,223,22
Ti9GaO6_id4084_E-7.92.cif,Ti9GaO6,-7.9201,0.302,Semiconductor,Pm-3,200,16
Ti2C3_id2550_E-7.92.cif,Ti2C3,-7.9162,1.069,Semiconductor,P4_22_12,94,20
ScN4_id2605_E-7.84.cif,ScN4,-7.837,1.006,Semiconductor,I4_1/a,88,20
Sc3ZnO4_id4739_E-7.81.cif,Sc3ZnO4,-7.8129,1.147,Semiconductor,Pm-3m,221,8
Ti6N2O7_id4198_E-7.78.cif,Ti6N2O7,-7.7804,0.0,Metal,P321,150,15
Ti6O7_id1624_E-7.77.cif,Ti6O7,-7.7652,1.835,Semiconductor,C2/m,12,26
Sc2O3_id4280_E-7.76.cif,Sc2O3,-7.764,3.651,Insulator,Pbcn,60,20
Ti3C2O_id1446_E-7.75.cif,Ti3C2O,-7.7539,0.0,Metal,P4_2/m,84,24
TiPO2_id228_E-7.72.cif,TiPO2,-7.7207,1.683,Semiconductor,Pbca,61,32
Ti_id204_E-7.71.cif,Ti,-7.706,0.0,Metal,P6/mcc,192,26
Ti2BC_id1543_E-7.69.cif,Ti2BC,-7.6915,0.0,Metal,P6_222,180,12
Ti2N15_id4140_E-7.64.cif,Ti2N15,-7.6436,0.38,Semiconductor,C2/m,12,34
Ti2N2O3_id1284_E-7.62.cif,Ti2N2O3,-7.6236,1.434,Semiconductor,P6_222,180,21
Ti4N5_id3569_E-7.61.cif,Ti4N5,-7.605,0.0,Metal,Cmcm,63,36
Ti_id2815_E-7.60.cif,Ti,-7.6015,0.0,Metal,Pmna,53,18
Sc3SnN_id2957_E-7.59.cif,Sc3SnN,-7.5887,0.0,Metal,Pm-3m,221,5
Sc4N5_id3478_E-7.56.cif,Sc4N5,-7.5576,0.805,Semiconductor,F-43m,216,36
Ti2B_id3048_E-7.55.cif,Ti2B,-7.5477,0.0,Metal,P6_422,181,9
CaC2NO2_id686_E-7.54.cif,CaC2NO2,-7.5395,1.731,Semiconductor,Pnma,62,24
KTi4O5_id1238_E-7.53.cif,KTi4O5,-7.5284,0.0,Metal,I4_1/a,88,40
Ti2B_id4800_E-7.52.cif,Ti2B,-7.5233,0.0,Metal,P6_422,181,9
KSc3O7_id4652_E-7.44.cif,KSc3O7,-7.4444,0.456,Semiconductor,Pm-3n,223,22
Ti7Al_id164_E-7.44.cif,Ti7Al,-7.4353,0.0,Metal,Pm-3,200,8
Ti6GeO12_id3181_E-7.42.cif,Ti6GeO12,-7.4167,2.337,Semiconductor,Im-3,204,38
Ti2B_id1553_E-7.40.cif,Ti2B,-7.4043,0.0,Metal,Pa-3,205,12
Sc3SnO_id4693_E-7.36.cif,Sc3SnO,-7.3572,0.0,Metal,Pm-3m,221,5
TiN3_id4774_E-7.35.cif,TiN3,-7.3482,0.294,Semiconductor,Cmcm,63,32
Ti5Sn2O5_id272_E-7.34.cif,Ti5Sn2O5,-7.3362,0.849,Semiconductor,P4/mnc,128,24
Sc2BC4_id1080_E-7.31.cif,Sc2BC4,-7.3106,2.233,Semiconductor,P2_1/m,11,14
C_id1257_E-7.29.cif,C,-7.2931,0.435,Semiconductor,C2/c,15,60
Ti2CSe_id3485_E-7.29.cif,Ti2CSe,-7.2897,0.0,Metal,P6_3/mmc,194,8
Sc4N_id2303_E-7.25.cif,Sc4N,-7.2461,0.0,Metal,I422,97,10
Sc5O4_id403_E-7.17.cif,Sc5O4,-7.1687,1.257,Semiconductor,P4_2/n,86,18
C2N5_id372_E-7.14.cif,C2N5,-7.1415,2.55,Semiconductor,Pbcn,60,28
Ti6BeP_id363_E-7.11.cif,Ti6BeP,-7.1129,0.0,Metal,I4/mmm,139,16
Ti_id3518_E-7.11.cif,Ti,-7.1069,0.0,Metal,P-1,2,48
Ti_id634_E-7.08.cif,Ti,-7.078,0.0,Metal,P4_12_12,92,32
KSc3N7_id4195_E-7.01.cif,KSc3N7,-7.0102,0.482,Semiconductor,Pm-3n,223,22
Ti3O10_id3682_E-6.99.cif,Ti3O10,-6.993,0.741,Semiconductor,P31c,159,26
Ti3Ga_id696_E-6.98.cif,Ti3Ga,-6.9782,0.0,Metal,Pm-3n,223,8
Ca2ScO4_id4795_E-6.95.cif,Ca2ScO4,-6.9508,0.0,Metal,Cmce,64,28
TiInO2_id2723_E-6.94.cif,TiInO2,-6.935,0.008,Metal,I4_122,98,16
Ti7O2_id4944_E-6.91.cif,Ti7O2,-6.9138,0.0,Metal,Cmcm,63,36
ZnN8_id49_E-6.91.cif,ZnN8,-6.9054,1.505,Semiconductor,Ccce,68,36
Ti_id1833_E-6.90.cif,Ti,-6.8984,0.0,Metal,P-4c2,116,16
TiO_id2295_E-6.88.cif,TiO,-6.879,0.0,Metal,Cmmm,65,16
C2N3O5_id3634_E-6.88.cif,C2N3O5,-6.8784,1.796,Semiconductor,C222_1,20,40
ScTi3O_id3378_E-6.87.cif,ScTi3O,-6.8705,0.0,Metal,Cmme,67,20
Sc2P_id1371_E-6.86.cif,Sc2P,-6.8644,0.652,Semiconductor,Pa-3,205,12
C_id2181_E-6.86.cif,C,-6.8598,0.0,Metal,Cc,9,40
Sc2Ti2Ga2O5_id3_E-6.86.cif,Sc2Ti2Ga2O5,-6.8571,0.124,Semiconductor,P321,150,33
Sc3AlGa3N8_id2978_E-6.85.cif,Sc3AlGa3N8,-6.8483,0.17,Semiconductor,Pm-3m,221,15
Ti7Al_id480_E-6.84.cif,Ti7Al,-6.8374,0.0,Metal,P6_322,182,16
Sc6C5_id980_E-6.83.cif,Sc6C5,-6.8331,0.0,Metal,P4/mmm,123,11
Ti_id984_E-6.82.cif,Ti,-6.8246,0.0,Metal,P-4c2,116,40
LiTiN2O_id3427_E-6.82.cif,LiTiN2O,-6.824,1.956,Semiconductor,C2/m,12,20
Sc3Ti3C_id139_E-6.82.cif,Sc3Ti3C,-6.8153,0.0,Metal,R-3,148,42
MgTi3O5_id3516_E-6.76.cif,MgTi3O5,-6.7552,1.579,Semiconductor,Cccm,66,36
Sc6TiN2_id1462_E-6.74.cif,Sc6TiN2,-6.7408,0.0,Metal,Cmce,64,36
Sc4AsS3_id4894_E-6.74.cif,Sc4AsS3,-6.7353,0.0,Metal,P-43m,215,8
N2_id517_E-6.73.cif,N2,-6.7271,0.0,Metal,Ia-3,206,56
Sc2B_id2627_E-6.70.cif,Sc2B,-6.7041,0.0,Metal,Pa-3,205,12
TiO2_id1620_E-6.69.cif,TiO2,-6.6927,1.01,Semiconductor,Pcca,54,24
InN4_id1482_E-6.69.cif,InN4,-6.6888,0.82,Semiconductor,Ccce,68,20
Sc10N_id1794_E-6.69.cif,Sc10N,-6.6885,0.0,Metal,P4/mmm,123,11
Sc2NO5_id3840_E-6.68.cif,Sc2NO5,-6.6809,0.094,Semiconductor,I4_122,98,32
CaScGaO6_id2410_E-6.67.cif,CaScGaO6,-6.6712,4.104,Insulator,P-31c,163,18
Ti3Ga_id2778_E-6.67.cif,Ti3Ga,-6.6661,0.0,Metal,P6_3/mmc,194,8
Sc2B_id2257_E-6.66.cif,Sc2B,-6.658,0.0,Metal,Fm-3m,225,12
Sc3Ti2O3_id610_E-6.65.cif,Sc3Ti2O3,-6.6544,0.0,Metal,Pn-3m,224,16
SrBN2_id1247_E-6.64.cif,SrBN2,-6.6374,1.858,Semiconductor,P6_222,180,12
Sc5N7_id3009_E-6.64.cif,Sc5N7,-6.6373,0.0,Metal,Pn-3m,224,24
Sc5C2_id345_E-6.60.cif,Sc5C2,-6.5979,1.546,Semiconductor,P4_22_12,94,28
Al2C7_id4879_E-6.59.cif,Al2C7,-6.5918,0.357,Semiconductor,Cmce,64,36
CaB2(CN)2_id2620_E-6.55.cif,CaB2(CN)2,-6.5511,0.028,Metal,Pa-3,205,28
Sc3TiInS4_id1588_E-6.55.cif,Sc3TiInS4,-6.5487,0.0,Metal,P-43m,215,9
Ti4Al_id2174_E-6.55.cif,Ti4Al,-6.5463,0.0,Metal,Im-3m,229,10
ScC2_id3418_E-6.53.cif,ScC2,-6.5331,0.0,Metal,Ibca,73,48
BaScO4_id50_E-6.51.cif,BaScO4,-6.506,0.042,Metal,P4/nbm,125,12
PO2_id122_E-6.47.cif,PO2,-6.4717,5.335,Insulator,Pbca,61,24
Ti3ZnC_id3591_E-6.47.cif,Ti3ZnC,-6.4676,0.0,Metal,Cmcm,63,20
Sc2S3_id4201_E-6.46.cif,Sc2S3,-6.464,0.0,Metal,P4/mnc,128,20
ScSnN2O_id3792_E-6.46.cif,ScSnN2O,-6.4568,0.0,Metal,Pca2_1,29,20
Sc7O2_id4442_E-6.44.cif,Sc7O2,-6.4362,0.0,Metal,Cmce,64,36
Sc2CSe_id3036_E-6.43.cif,Sc2CSe,-6.4336,0.0,Metal,P6_3/mmc,194,8
AsPCNO2_id3195_E-6.43.cif,AsPCNO2,-6.428,2.64,Semiconductor,C222_1,20,48
TiCdO4_id3902_E-6.42.cif,TiCdO4,-6.4217,0.822,Semiconductor,P4/nbm,125,12
Ca2Ti(NO)2_id624_E-6.40.cif,Ca2Ti(NO)2,-6.4047,1.411,Semiconductor,Cmce,64,28
Ca4GaO6_id1810_E-6.40.cif,Ca4GaO6,-6.3981,1.061,Semiconductor,Im-3m,229,22
Sc5N2O_id1302_E-6.37.cif,Sc5N2O,-6.3731,0.537,Semiconductor,Pn-3m,224,16
KTi4Te3O4_id4010_E-6.37.cif,KTi4Te3O4,-6.3662,0.467,Semiconductor,I4_1/a,88,48
Ti2Si2B_id1701_E-6.35.cif,Ti2Si2B,-6.3529,0.0,Metal,P6_422,181,15
BaB4SbO4_id4161_E-6.34.cif,BaB4SbO4,-6.3409,0.0,Metal,I222,23,20
Sc2SN_id296_E-6.31.cif,Sc2SN,-6.307,0.0,Metal,Pnma,62,16
MgSc2As(NO)2_id1615_E-6.30.cif,MgSc2As(NO)2,-6.3016,0.002,Metal,I4_122,98,32
Sc5Se2_id2118_E-6.30.cif,Sc5Se2,-6.2962,0.0,Metal,Cmce,64,28
Ca(SiO2)4_id3268_E-6.29.cif,Ca(SiO2)4,-6.2858,1.607,Semiconductor,P-42_1c,114,26
ScGa3O4_id1667_E-6.28.cif,ScGa3O4,-6.2827,1.065,Semiconductor,P-6,174,8
Sc_id3796_E-6.27.cif,Sc,-6.2731,0.0,Metal,Fd-3m,227,32
Sc_id2904_E-6.26.cif,Sc,-6.2608,0.0,Metal,Im-3m,229,16
Sc_id4430_E-6.26.cif,Sc,-6.2608,0.0,Metal,Im-3m,229,16
Ca4N9_id166_E-6.26.cif,Ca4N9,-6.2589,0.289,Semiconductor,I4/m,87,26
Ca3O4_id3601_E-6.25.cif,Ca3O4,-6.2474,0.0,Metal,I-43d,220,28
ScPN_id2157_E-6.24.cif,ScPN,-6.2391,0.488,Semiconductor,Pca2_1,29,12
Sc2GaN_id2232_E-6.23.cif,Sc2GaN,-6.2294,0.45,Semiconductor,I4_122,98,16
MgTiO6_id3948_E-6.23.cif,MgTiO6,-6.2287,2.482,Semiconductor,P-31c,163,16
Sr2TiPO2_id3092_E-6.22.cif,Sr2TiPO2,-6.223,0.929,Semiconductor,P3_221,154,18
K2Ti3O6_id1770_E-6.20.cif,K2Ti3O6,-6.1962,0.469,Semiconductor,Im-3,204,44
Sc_id3784_E-6.16.cif,Sc,-6.1649,0.0,Metal,Im-3m,229,14
BaCaTi2(PO)2_id288_E-6.14.cif,BaCaTi2(PO)2,-6.1449,1.036,Semiconductor,P-3m1,164,8
MgSc12Cd_id1605_E-6.14.cif,MgSc12Cd,-6.1418,0.0,Metal,Fm-3m,225,56
ScCdO4_id1141_E-6.14.cif,ScCdO4,-6.141,0.285,Semiconductor,P4/nbm,125,12
Ti2Ga_id2676_E-6.14.cif,Ti2Ga,-6.1389,0.0,Metal,Cmm2,35,18
P3CN3_id3942_E-6.13.cif,P3CN3,-6.1342,4.422,Insulator,P6_3mc,186,14
AlGeO3_id3120_E-6.13.cif,AlGeO3,-6.1283,0.0,Metal,P-31m,162,15
Ti2S3_id2258_E-6.12.cif,Ti2S3,-6.1196,0.0,Metal,P6/mcc,192,60
BaPN2_id736_E-6.12.cif,BaPN2,-6.1185,1.345,Semiconductor,I4_122,98,16
Sc_id905_E-6.09.cif,Sc,-6.0901,0.0,Metal,P6/mmm,191,6
BaCaO3_id2613_E-6.08.cif,BaCaO3,-6.083,0.0,Metal,Pm-3m,221,5
Ti2Be2B_id1872_E-6.08.cif,Ti2Be2B,-6.0824,0.0,Metal,I4_1/amd,141,40
Ca2Si2C17S2(N2O)2_id3958_E-6.06.cif,Ca2Si2C17S2(N2O)2,-6.0558,0.979,Semiconductor,P2/c,13,58
ScCdO3_id2875_E-6.06.cif,ScCdO3,-6.0551,0.0,Metal,P4/nmm,129,10
Ti2Al_id4148_E-6.05.cif,Ti2Al,-6.0489,0.0,Metal,Pa-3,205,12
Ti4Cd_id1845_E-6.04.cif,Ti4Cd,-6.0446,0.0,Metal,I4_1/a,88,20
BaBN2_id2382_E-6.04.cif,BaBN2,-6.0355,2.05,Semiconductor,P6_222,180,12
Sc_id4330_E-6.03.cif,Sc,-6.0318,0.0,Metal,Pn-3m,224,16
ZnIn(N4O3)3_id484_E-6.02.cif,ZnIn(N4O3)3,-6.0218,2.166,Semiconductor,P6_322,182,46
Sc2Ti4Ga3_id862_E-6.02.cif,Sc2Ti4Ga3,-6.0163,0.0,Metal,P6/mmm,191,9
SrO_id1489_E-6.02.cif,SrO,-6.0158,0.0,Metal,Pm-3m,221,4
Li2Be(N3O)2_id2105_E-6.01.cif,Li2Be(N3O)2,-6.0137,2.598,Semiconductor,Pbcn,60,44
Si2GeO2_id3871_E-6.01.cif,Si2GeO2,-6.0118,0.0,Metal,P4_2mc,105,10
CaGaO2_id3684_E-5.99.cif,CaGaO2,-5.9897,0.02,Metal,I4_122,98,16
LiTi4GaSi_id4631_E-5.99.cif,LiTi4GaSi,-5.9868,0.0,Metal,I-4m2,119,14
Ca3(Si4O3)2_id1242_E-5.98.cif,Ca3(Si4O3)2,-5.9843,0.0,Metal,P6cc,184,34
Ti4AlGa3_id3351_E-5.98.cif,Ti4AlGa3,-5.9768,0.0,Metal,Im-3m,229,16
Ti2GeSe2_id1073_E-5.97.cif,Ti2GeSe2,-5.9734,0.0,Metal,Pa-3,205,20
KScGaO6_id3451_E-5.97.cif,KScGaO6,-5.9653,3.494,Semiconductor,P-31c,163,18
Ti3Si3As4_id1607_E-5.96.cif,Ti3Si3As4,-5.9621,0.0,Metal,I-43d,220,40
Ge3N3O_id1218_E-5.96.cif,Ge3N3O,-5.9599,1.318,Semiconductor,P6_3mc,186,14
Ca2TiO6_id401_E-5.93.cif,Ca2TiO6,-5.9339,1.87,Semiconductor,Cmce,64,36
Ti2Si7_id1510_E-5.92.cif,Ti2Si7,-5.9241,0.344,Semiconductor,Immm,71,18
As2SeN4_id4118_E-5.92.cif,As2SeN4,-5.9189,1.527,Semiconductor,Pbcn,60,28
Ti2GaAsP_id588_E-5.92.cif,Ti2GaAsP,-5.9167,0.0,Metal,P6_3/mmc,194,10
ScB_id1778_E-5.92.cif,ScB,-5.9162,0.0,Metal,I-43d,220,24
Ti3Be2C_id687_E-5.91.cif,Ti3Be2C,-5.9118,0.0,Metal,Pn-3m,224,12
Sc2CdO10_id641_E-5.91.cif,Sc2CdO10,-5.9079,0.0,Metal,P-1,2,13
TiP6N_id1868_E-5.90.cif,TiP6N,-5.9048,1.05,Semiconductor,R-3,148,48
SeN_id173_E-5.90.cif,SeN,-5.8989,1.354,Semiconductor,P4/m,83,8
Sc8Sn_id4468_E-5.89.cif,Sc8Sn,-5.8942,0.0,Metal,I4mm,107,18
LiPO2_id2880_E-5.89.cif,LiPO2,-5.8939,3.746,Insulator,I4_122,98,16
LiGeO2_id3932_E-5.88.cif,LiGeO2,-5.8822,3.239,Semiconductor,I4_122,98,16
Ti4Al3_id1736_E-5.87.cif,Ti4Al3,-5.8685,0.0,Metal,I-43d,220,28
CaTiAlO_id2995_E-5.87.cif,CaTiAlO,-5.8675,0.0,Metal,P4/nmm,129,8
ScAlB4_id764_E-5.87.cif,ScAlB4,-5.8674,0.0,Metal,I4_1/a,88,24
Sc2Ga2TeSN2_id4345_E-5.86.cif,Sc2Ga2TeSN2,-5.8641,0.0,Metal,P-3m1,164,8
BaSbO4_id1182_E-5.85.cif,BaSbO4,-5.8543,0.342,Semiconductor,P4/nbm,125,12
Sc2Si_id4791_E-5.85.cif,Sc2Si,-5.854,0.0,Metal,P4_2/nmc,137,12
LiAlO2_id2496_E-5.85.cif,LiAlO2,-5.8525,4.151,Insulator,I-42d,122,32
Ti3Zn_id715_E-5.84.cif,Ti3Zn,-5.837,0.0,Metal,Im-3m,229,8
LiGeO2_id3436_E-5.83.cif,LiGeO2,-5.834,2.551,Semiconductor,I4_122,98,16
LiGeO2_id472_E-5.83.cif,LiGeO2,-5.8324,0.028,Metal,I4_122,98,16
Ti10Ga_id3223_E-5.83.cif,Ti10Ga,-5.8305,0.0,Metal,P2_12_12,18,44
Ti4Ge_id1479_E-5.83.cif,Ti4Ge,-5.8284,0.0,Metal,P4_2/nmc,137,10
Sc6SnN_id4548_E-5.83.cif,Sc6SnN,-5.8279,0.0,Metal,Pm-3m,221,8
Ti(GaO)4_id4003_E-5.82.cif,Ti(GaO)4,-5.8175,0.266,Semiconductor,P-43m,215,9
LiScO_id2882_E-5.82.cif,LiScO,-5.8161,0.0,Metal,P4_2/nbc,133,24
KMgScO6_id3869_E-5.81.cif,KMgScO6,-5.8148,1.019,Semiconductor,P-31c,163,18
Ti2Zn_id4587_E-5.81.cif,Ti2Zn,-5.8129,0.0,Metal,I4/mmm,139,12
Al2SnB2O5_id1937_E-5.79.cif,Al2SnB2O5,-5.7886,1.721,Semiconductor,C2/c,15,40
GaSiO2_id4361_E-5.79.cif,GaSiO2,-5.7881,2.788,Semiconductor,I4_122,98,16
Sc4Ti2Cd_id1884_E-5.78.cif,Sc4Ti2Cd,-5.7847,0.0,Metal,I4mm,107,14
ScSi2_id4180_E-5.78.cif,ScSi2,-5.7826,0.0,Metal,I4_1/amd,141,12
AsO3_id2126_E-5.78.cif,AsO3,-5.7816,2.482,Semiconductor,R-3c,167,24
TiSeSN_id3126_E-5.78.cif,TiSeSN,-5.7779,0.711,Semiconductor,P6_522,179,24
Ti4O15_id1212_E-5.78.cif,Ti4O15,-5.7766,1.837,Semiconductor,P4/n,85,38
NaMgScO6_id706_E-5.76.cif,NaMgScO6,-5.7642,2.558,Semiconductor,P-31c,163,18
Sc8AlO8_id3457_E-5.76.cif,Sc8AlO8,-5.7633,0.0,Metal,P4mm,99,17
SrCa2O4_id2386_E-5.75.cif,SrCa2O4,-5.7493,0.269,Semiconductor,Pban,50,14
LiGeO2_id258_E-5.75.cif,LiGeO2,-5.7492,2.88,Semiconductor,I4_122,98,16
Sc3B2_id4874_E-5.74.cif,Sc3B2,-5.7365,1.494,Semiconductor,I23,197,60
BaGe3O8_id2290_E-5.73.cif,BaGe3O8,-5.734,2.28,Semiconductor,I222,23,24
SrSnGeO3_id2810_E-5.73.cif,SrSnGeO3,-5.7338,1.446,Semiconductor,P-6m2,187,6
CaTiAl3N3O_id2735_E-5.73.cif,CaTiAl3N3O,-5.7263,0.0,Metal,P4/nmm,129,18
BeO2_id37_E-5.72.cif,BeO2,-5.7204,3.126,Semiconductor,Pbca,61,24
Ba2NaTi2O3_id843_E-5.72.cif,Ba2NaTi2O3,-5.7153,2.283,Semiconductor,I4_122,98,32
NaTiO4_id817_E-5.71.cif,NaTiO4,-5.7122,0.983,Semiconductor,I-42m,121,24
Ca3CNO3_id1304_E-5.71.cif,Ca3CNO3,-5.7096,2.504,Semiconductor,R32,155,24
SnN_id3354_E-5.70.cif,SnN,-5.7004,0.0,Metal,I4_122,98,16
LiAsO2_id4071_E-5.69.cif,LiAsO2,-5.6892,2.572,Semiconductor,I4_122,98,16
Sc_id601_E-5.67.cif,Sc,-5.6671,0.0,Metal,P6/mmm,191,12
Sn(GeN)3_id4606_E-5.67.cif,Sn(GeN)3,-5.6664,0.0,Metal,R-3c,167,42
Sr(SnC2)2_id3667_E-5.66.cif,Sr(SnC2)2,-5.6609,0.0,Metal,P4_2/m,84,14
KTi2O_id23_E-5.66.cif,KTi2O,-5.6604,0.0,Metal,I4_1/amd,141,16
SrCaO4_id163_E-5.66.cif,SrCaO4,-5.6556,0.86,Semiconductor,P4/nbm,125,12
KLi3(SnO3)4_id670_E-5.66.cif,KLi3(SnO3)4,-5.6554,0.481,Semiconductor,Im-3,204,40
SrSc3P_id729_E-5.65.cif,SrSc3P,-5.6529,0.0,Metal,Pm-3m,221,5
CaAl(Si3O2)2_id1118_E-5.65.cif,CaAl(Si3O2)2,-5.6525,2.605,Semiconductor,I-42m,121,24
BaO2_id4057_E-5.65.cif,BaO2,-5.6521,0.0,Metal,I4/mmm,139,6
SrCaO4_id2752_E-5.65.cif,SrCaO4,-5.6517,1.864,Semiconductor,P4/nbm,125,12
KNa2C2NO2_id738_E-5.65.cif,KNa2C2NO2,-5.6459,0.646,Semiconductor,Aea2,41,32
Mg3InO4_id252_E-5.64.cif,Mg3InO4,-5.6386,0.075,Semiconductor,Pm-3n,223,16
Sc2AlSn_id2565_E-5.64.cif,Sc2AlSn,-5.6386,0.0,Metal,Fm-3m,225,16
Sc_id4642_E-5.64.cif,Sc,-5.6379,0.0,Metal,I4/mmm,139,24
LiTi2Si_id513_E-5.64.cif,LiTi2Si,-5.637,0.0,Metal,I-42d,122,16
Sb3O4_id693_E-5.63.cif,Sb3O4,-5.6252,0.0,Metal,I4_1/a,88,28
TiSe_id4056_E-5.62.cif,TiSe,-5.623,0.0,Metal,P6_122,178,24
Si4O11_id565_E-5.60.cif,Si4O11,-5.6015,1.402,Semiconductor,Pba2,32,30
Ti6AlGa6Ge_id523_E-5.59.cif,Ti6AlGa6Ge,-5.595,0.0,Metal,Pm-3,200,14
Sc3Ti2_id2958_E-5.59.cif,Sc3Ti2,-5.595,0.0,Metal,P4_322,95,20
CaSc2PC_id4098_E-5.59.cif,CaSc2PC,-5.5949,0.0,Metal,Cmcm,63,20
SrCaO4_id3030_E-5.59.cif,SrCaO4,-5.5946,3.289,Semiconductor,P4/nbm,125,12
ScAs(PO)4_id2767_E-5.59.cif,ScAs(PO)4,-5.5917,0.948,Semiconductor,I4_1/a,88,40
ScInPSO2_id4698_E-5.59.cif,ScInPSO2,-5.5909,1.558,Semiconductor,P2_1/m,11,12
TiAlSi4_id18_E-5.59.cif,TiAlSi4,-5.5908,0.0,Metal,I422,97,12
Sc12C25_id938_E-5.59.cif,Sc12C25,-5.5879,0.005,Metal,Pm-3m,221,37
BaLiCa8B12(NO2)6_id3556_E-5.59.cif,BaLiCa8B12(NO2)6,-5.5857,1.123,Semiconductor,P321,150,40
KCaB6Sb(TeO2)3_id3007_E-5.58.cif,KCaB6Sb(TeO2)3,-5.5847,1.986,Semiconductor,P-31c,163,36
Sc7Si_id2856_E-5.57.cif,Sc7Si,-5.5744,0.0,Metal,Pbam,55,16
Sc2Ge_id1656_E-5.57.cif,Sc2Ge,-5.569,0.0,Metal,P4_2/nmc,137,12
GaO2_id2892_E-5.57.cif,GaO2,-5.566,1.358,Semiconductor,I4_122,98,12
ScAlO2_id587_E-5.57.cif,ScAlO2,-5.5656,1.167,Semiconductor,P3_221,154,12
TiSbP2_id3630_E-5.56.cif,TiSbP2,-5.5638,0.0,Metal,P6_522,179,24
Sc_id2942_E-5.56.cif,Sc,-5.5609,0.0,Metal,P6/mmm,191,34
Sc9Se2_id61_E-5.56.cif,Sc9Se2,-5.558,1.962,Semiconductor,Cmce,64,44
Be2AsN8_id2490_E-5.55.cif,Be2AsN8,-5.5546,1.7,Semiconductor,I422,97,22
Ti4Be4C_id543_E-5.55.cif,Ti4Be4C,-5.5516,0.041,Metal,I422,97,18
Si2GeN2_id3062_E-5.55.cif,Si2GeN2,-5.5491,0.183,Semiconductor,P4_12_12,92,20
BN24_id2321_E-5.54.cif,BN24,-5.5435,2.652,Semiconductor,I432,211,50
Sc4BCN_id4001_E-5.54.cif,Sc4BCN,-5.5432,0.0,Metal,P6_222,180,21
P3S2N4O11_id4333_E-5.54.cif,P3S2N4O11,-5.541,2.944,Semiconductor,P2/c,13,40
BaSrO4_id4881_E-5.54.cif,BaSrO4,-5.5388,0.326,Semiconductor,P4/nbm,125,12
LiScTi2_id2294_E-5.53.cif,LiScTi2,-5.5317,0.0,Metal,I-42d,122,16
LiSc3TeS3_id4932_E-5.52.cif,LiSc3TeS3,-5.5179,0.173,Semiconductor,Pm-3m,221,8
GeO_id913_E-5.51.cif,GeO,-5.5142,2.937,Semiconductor,Pbca,61,16
SrInO2_id2461_E-5.51.cif,SrInO2,-5.5092,0.0,Metal,I4_122,98,16
Sc_id4052_E-5.50.cif,Sc,-5.5008,0.0,Metal,P4_232,208,54
MgSc6_id2857_E-5.50.cif,MgSc6,-5.4973,0.0,Metal,Fm-3m,225,28
GaO_id3674_E-5.49.cif,GaO,-5.489,1.517,Semiconductor,Aea2,41,16
BaO2_id3006_E-5.48.cif,BaO2,-5.4794,3.171,Semiconductor,P4_2/ncm,138,12
Ca3Sn2(NO2)4_id2650_E-5.47.cif,Ca3Sn2(NO2)4,-5.4664,1.477,Semiconductor,Pban,50,34
MgSbO2_id2354_E-5.46.cif,MgSbO2,-5.4564,1.375,Semiconductor,P3_221,154,12
Ti9AlZn_id1056_E-5.46.cif,Ti9AlZn,-5.4564,0.0,Metal,Pm-3,200,11
Ti3SbTe3_id2841_E-5.45.cif,Ti3SbTe3,-5.4485,0.0,Metal,P6_3/m,176,14
ScSb2_id387_E-5.44.cif,ScSb2,-5.4407,0.0,Metal,P4/nmm,129,6
LiSc3Te3S4_id3752_E-5.44.cif,LiSc3Te3S4,-5.4356,0.0,Metal,Pm-3n,223,22
LiMg(PN)4_id4177_E-5.43.cif,LiMg(PN)4,-5.4339,1.387,Semiconductor,I4_1/a,88,40
Li4AsO4_id1753_E-5.43.cif,Li4AsO4,-5.4253,3.447,Semiconductor,P-42_1c,114,18
K(PN)4_id3335_E-5.42.cif,K(PN)4,-5.4191,1.343,Semiconductor,Ccce,68,36
BaGeO5_id2097_E-5.42.cif,BaGeO5,-5.4164,3.992,Insulator,Pnma,62,28
Ba4MgIn3O6_id4277_E-5.41.cif,Ba4MgIn3O6,-5.4146,0.046,Metal,Im-3m,229,28
Sc_id2304_E-5.41.cif,Sc,-5.4108,0.0,Metal,P4/mmm,123,6
CN2_id30_E-5.40.cif,CN2,-5.4049,1.723,Semiconductor,C2,5,24
ScBeGa2SnPO9_id883_E-5.40.cif,ScBeGa2SnPO9,-5.4047,2.342,Semiconductor,Cc,9,60
Ga2Si2P2N2O_id4936_E-5.40.cif,Ga2Si2P2N2O,-5.4022,1.315,Semiconductor,Pbcn,60,36
P2O_id1773_E-5.40.cif,P2O,-5.3992,1.434,Semiconductor,Aea2,41,12
P_id3875_E-5.39.cif,P,-5.3943,0.0,Metal,Pccm,49,6
Ge2N_id2_E-5.39.cif,Ge2N,-5.3871,0.71,Semiconductor,Pbcn,60,12
NaSn(N2O)2_id2056_E-5.38.cif,NaSn(N2O)2,-5.3756,0.967,Semiconductor,Pc,7,32
SrCS2(NO)2_id342_E-5.37.cif,SrCS2(NO)2,-5.3746,2.406,Semiconductor,P6_3cm,185,48
Be2InPN4_id535_E-5.37.cif,Be2InPN4,-5.3711,0.491,Semiconductor,P4bm,100,32
Ba2Ca2N3O_id1047_E-5.37.cif,Ba2Ca2N3O,-5.3655,0.0,Metal,Pn-3m,224,16
Li2Mg3Sc2Ti5Zn2O8_id4663_E-5.36.cif,Li2Mg3Sc2Ti5Zn2O8,-5.3578,0.0,Metal,P1,1,44
Ti2(GaO)3_id4412_E-5.36.cif,Ti2(GaO)3,-5.3562,0.061,Semiconductor,Pn-3m,224,16
GaSbO2_id4596_E-5.35.cif,GaSbO2,-5.3527,0.01,Metal,I4_122,98,16
AlIn2(SnO4)2_id2209_E-5.35.cif,AlIn2(SnO4)2,-5.3512,0.0,Metal,P-4,81,13
Ca4ScO4_id2246_E-5.35.cif,Ca4ScO4,-5.348,0.652,Semiconductor,Cmce,64,36
SrSc8(N2O)2_id831_E-5.34.cif,SrSc8(N2O)2,-5.3435,0.0,Metal,P4_2/mnm,136,30
SnN_id4611_E-5.34.cif,SnN,-5.3384,0.025,Metal,P6_3/mmc,194,8
Be6Sn4O9_id3383_E-5.34.cif,Be6Sn4O9,-5.338,1.83,Semiconductor,P6_322,182,38
K3Ga2(BO2)6_id2776_E-5.34.cif,K3Ga2(BO2)6,-5.3353,2.576,Semiconductor,P4_232,208,46
LiPO2_id2453_E-5.33.cif,LiPO2,-5.3266,1.769,Semiconductor,I4_122,98,16
NaGa(BO)2_id1521_E-5.32.cif,NaGa(BO)2,-5.323,0.003,Metal,P4_2/mmc,131,12
SrCaO8_id3713_E-5.32.cif,SrCaO8,-5.3201,1.721,Semiconductor,P4/nbm,125,20
ScZnO3_id310_E-5.32.cif,ScZnO3,-5.3181,1.223,Semiconductor,Cmcm,63,20
Ti2Al3O_id409_E-5.32.cif,Ti2Al3O,-5.3174,0.0,Metal,Pn-3m,224,12
Sc2BTe2_id4844_E-5.32.cif,Sc2BTe2,-5.3173,0.115,Semiconductor,I4/mmm,139,10
KBa4SnO8_id1719_E-5.32.cif,KBa4SnO8,-5.3162,1.014,Semiconductor,P4/mcc,124,28
Ca6Mg2(NO)3_id1976_E-5.31.cif,Ca6Mg2(NO)3,-5.3123,1.018,Semiconductor,P321,150,14
BaSnO6_id4044_E-5.31.cif,BaSnO6,-5.3116,0.855,Semiconductor,P6_322,182,16
NaTi4Ga_id2710_E-5.31.cif,NaTi4Ga,-5.3052,0.0,Metal,I4_1/a,88,24
Sc11C_id2441_E-5.30.cif,Sc11C,-5.2995,0.0,Metal,I4/mmm,139,24
ScTeO2_id79_E-5.30.cif,ScTeO2,-5.2995,1.167,Semiconductor,P-6m2,187,8
Be2O3_id1457_E-5.28.cif,Be2O3,-5.2819,1.059,Semiconductor,Pbcn,60,20
CaSc5Ti_id1974_E-5.28.cif,CaSc5Ti,-5.28,0.0,Metal,I-4m2,119,14
MgZnO2_id4207_E-5.28.cif,MgZnO2,-5.2776,1.136,Semiconductor,I4_122,98,16
SrNO5_id2426_E-5.28.cif,SrNO5,-5.2775,2.497,Semiconductor,C2/m,12,14
B(PO)12_id763_E-5.27.cif,B(PO)12,-5.274,1.935,Semiconductor,I432,211,50
ScSi4_id396_E-5.27.cif,ScSi4,-5.2733,0.0,Metal,Ccce,68,20
Sc_id3874_E-5.27.cif,Sc,-5.2714,0.0,Metal,Fm-3m,225,52
Ba4AlO4_id2830_E-5.27.cif,Ba4AlO4,-5.2711,1.608,Semiconductor,I4_1/a,88,36
Ba(AsO)6_id2927_E-5.27.cif,Ba(AsO)6,-5.2667,0.0,Metal,P6/mmm,191,13
Mg4CO4_id4372_E-5.26.cif,Mg4CO4,-5.2617,0.034,Metal,P-42_1c,114,18
NaCaO4_id43_E-5.26.cif,NaCaO4,-5.2603,3.531,Insulator,P4/nbm,125,12
Ba4Mg3GaO6_id1464_E-5.26.cif,Ba4Mg3GaO6,-5.2598,2.322,Semiconductor,Im-3m,229,28
Ti2Te2S_id4155_E-5.26.cif,Ti2Te2S,-5.2591,0.0,Metal,P-42_1m,113,20
Sc2Al_id3199_E-5.26.cif,Sc2Al,-5.2553,0.0,Metal,Pa-3,205,12
BaO3_id2802_E-5.25.cif,BaO3,-5.2481,1.269,Semiconductor,P6_522,179,24
AsPO_id399_E-5.25.cif,AsPO,-5.2469,1.635,Semiconductor,Pbca,61,24
Ti2Ge2Sb(AsP)2_id964_E-5.24.cif,Ti2Ge2Sb(AsP)2,-5.2412,0.0,Metal,P-4m2,115,9
Ti2Al2Si_id2013_E-5.24.cif,Ti2Al2Si,-5.2406,0.0,Metal,I4/mcm,140,20
TiO8_id2596_E-5.24.cif,TiO8,-5.2396,0.951,Semiconductor,Aea2,41,36
Ti4GaGe13_id636_E-5.24.cif,Ti4GaGe13,-5.2363,0.0,Metal,P4/mcc,124,36
Sc2SnTe2Se3_id4643_E-5.24.cif,Sc2SnTe2Se3,-5.2355,0.0,Metal,Pbam,55,16
BPCS3NO2_id1616_E-5.23.cif,BPCS3NO2,-5.2327,1.809,Semiconductor,P2/c,13,36
NaAsO2_id3307_E-5.23.cif,NaAsO2,-5.2281,2.179,Semiconductor,I4_122,98,16
NaPO2_id4919_E-5.23.cif,NaPO2,-5.2258,2.258,Semiconductor,I4_122,98,16
Ga2C3_id864_E-5.22.cif,Ga2C3,-5.2228,0.0,Metal,P4_222,93,10
K2PN2_id4509_E-5.22.cif,K2PN2,-5.2221,1.386,Semiconductor,Iba2,45,20
LiSiGeO6_id3197_E-5.22.cif,LiSiGeO6,-5.221,3.34,Semiconductor,P2_12_12_1,19,36
ScGe3_id4706_E-5.21.cif,ScGe3,-5.2134,0.0,Metal,Im-3m,229,8
KSc17GaSiN_id3311_E-5.21.cif,KSc17GaSiN,-5.2124,0.0,Metal,P1,1,21
TiInO8_id2862_E-5.21.cif,TiInO8,-5.2115,1.936,Semiconductor,P4/nbm,125,20
MgO_id4804_E-5.21.cif,MgO,-5.2106,4.161,Insulator,Pccn,56,16
Ge3S2(NO)2_id3626_E-5.21.cif,Ge3S2(NO)2,-5.2103,1.427,Semiconductor,Pnn2,34,18
SrSnO8_id934_E-5.21.cif,SrSnO8,-5.2057,2.448,Semiconductor,P4/nbm,125,20
BAs3P12N5_id1527_E-5.20.cif,BAs3P12N5,-5.1998,1.168,Semiconductor,P2_1,4,42
TiIn2(S3N2)3_id1901_E-5.20.cif,TiIn2(S3N2)3,-5.1961,1.283,Semiconductor,P6/mmm,191,18
PO10_id434_E-5.20.cif,PO10,-5.1958,1.329,Semiconductor,Pcca,54,44
K2Sr(NO2)3_id1995_E-5.19.cif,K2Sr(NO2)3,-5.193,0.29,Semiconductor,P-3c1,165,48
BaO3_id2399_E-5.19.cif,BaO3,-5.1928,3.578,Insulator,C222_1,20,16
BaNO7_id1706_E-5.19.cif,BaNO7,-5.1885,0.369,Semiconductor,Pba2,32,36
KSrLiSb2Te4(AsO6)2_id902_E-5.18.cif,KSrLiSb2Te4(AsO6)2,-5.1843,1.156,Semiconductor,I222,23,46
CdAsN2_id4675_E-5.18.cif,CdAsN2,-5.1838,0.73,Semiconductor,I4_122,98,16
BaSn4GeO4_id644_E-5.17.cif,BaSn4GeO4,-5.174,0.453,Semiconductor,I4/m,87,20
BaGeSb2AsO4_id19_E-5.17.cif,BaGeSb2AsO4,-5.1738,0.0,Metal,I222,23,18
NaSiBSb4As2N5O6_id2749_E-5.17.cif,NaSiBSb4As2N5O6,-5.1724,2.237,Semiconductor,P3_121,152,60
ZnSNO_id2920_E-5.17.cif,ZnSNO,-5.1702,1.868,Semiconductor,Pca2_1,29,16
Sc_id1936_E-5.16.cif,Sc,-5.1626,0.0,Metal,P4_232,208,42
TiTe_id2353_E-5.16.cif,TiTe,-5.1575,0.0,Metal,P4_232,208,24
Sc3Ga2O_id4647_E-5.16.cif,Sc3Ga2O,-5.1551,0.0,Metal,Pn-3m,224,12
SNO_id2112_E-5.15.cif,SNO,-5.154,0.953,Semiconductor,P6_522,179,18
LiMg3Ti4O3_id2478_E-5.15.cif,LiMg3Ti4O3,-5.1536,0.008,Metal,Pm-3n,223,22
GaO3_id4288_E-5.15.cif,GaO3,-5.1536,1.466,Semiconductor,Im-3m,229,8
Sr2P4O3_id1556_E-5.15.cif,Sr2P4O3,-5.151,1.544,Semiconductor,P4_32_12,96,36
CaAlTeO4_id4111_E-5.15.cif,CaAlTeO4,-5.1509,2.03,Semiconductor,P4/mmm,123,28
GaPO_id3339_E-5.15.cif,GaPO,-5.1486,0.494,Semiconductor,P3_212,153,9
Li2Si4NO21_id732_E-5.14.cif,Li2Si4NO21,-5.1431,0.0,Metal,P4/n,85,56
TiZnS2_id2813_E-5.14.cif,TiZnS2,-5.1376,0.0,Metal,I-42d,122,32
Sc2TiCd_id11_E-5.14.cif,Sc2TiCd,-5.1368,0.0,Metal,P4/mmm,123,4
Sc2InGa_id3793_E-5.13.cif,Sc2InGa,-5.1325,0.0,Metal,Fm-3m,225,16
Sc_id4096_E-5.12.cif,Sc,-5.1203,0.0,Metal,Amm2,38,20
Ti4In_id4833_E-5.12.cif,Ti4In,-5.1182,0.0,Metal,Pmma,51,10
ScTe_id723_E-5.12.cif,ScTe,-5.1163,0.0,Metal,Cmmm,65,12
Sc2Al_id1843_E-5.11.cif,Sc2Al,-5.1138,0.0,Metal,Pa-3,205,12
SrAs4PO4_id1613_E-5.11.cif,SrAs4PO4,-5.1137,1.376,Semiconductor,P-4n2,118,20
Ti12Al21SiGe_id2124_E-5.11.cif,Ti12Al21SiGe,-5.1133,0.0,Metal,Pm-3,200,35
NaAsO2_id4507_E-5.11.cif,NaAsO2,-5.1133,2.045,Semiconductor,I4_122,98,16
BaCa2SbO10_id930_E-5.11.cif,BaCa2SbO10,-5.1112,3.292,Semiconductor,I4_1/a,88,56
BaIn3N7_id2516_E-5.11.cif,BaIn3N7,-5.1093,0.815,Semiconductor,Pm-3n,223,22
Sc37Ti2O2_id168_E-5.11.cif,Sc37Ti2O2,-5.1084,1.58,Semiconductor,P-1,2,41
ScAlZn2O2_id2247_E-5.11.cif,ScAlZn2O2,-5.1072,0.0,Metal,Pmmn,59,12
Sc9(TeSe2)2_id3013_E-5.10.cif,Sc9(TeSe2)2,-5.1032,0.0,Metal,Cmce,64,60
Ti2ZnSnSb_id2653_E-5.10.cif,Ti2ZnSnSb,-5.1023,0.0,Metal,P4mm,99,10
Li3Ca2Sc2O4_id4521_E-5.09.cif,Li3Ca2Sc2O4,-5.0947,3.745,Insulator,Cmce,64,44
ScAlGe2_id4520_E-5.09.cif,ScAlGe2,-5.0947,0.0,Metal,I-42d,122,16
Sc4In_id2355_E-5.09.cif,Sc4In,-5.0946,0.0,Metal,Ccce,68,20
Ti3As2_id3047_E-5.09.cif,Ti3As2,-5.0929,0.092,Semiconductor,P4_122,91,20
NaGaTe(NO4)3_id3194_E-5.09.cif,NaGaTe(NO4)3,-5.0903,2.703,Semiconductor,P-31c,163,36
Sc3Cd_id1861_E-5.09.cif,Sc3Cd,-5.0878,0.0,Metal,I4/mmm,139,8
TiSnGe2_id2475_E-5.08.cif,TiSnGe2,-5.0813,0.0,Metal,P-6m2,187,4
SiP13_id3768_E-5.08.cif,SiP13,-5.0758,0.0,Metal,Pccm,49,28
KSe6(SN3)3_id2757_E-5.07.cif,KSe6(SN3)3,-5.0738,0.795,Semiconductor,P6_3,173,38
Ba4CaCd3O6_id1647_E-5.07.cif,Ba4CaCd3O6,-5.0732,0.0,Metal,Im-3m,229,28
MgTi2Cd3O3_id3463_E-5.07.cif,MgTi2Cd3O3,-5.0687,0.437,Semiconductor,P4_322,95,36
K2CNO_id2026_E-5.07.cif,K2CNO,-5.0683,3.7,Insulator,C222_1,20,20
Ti3Ga2Te3S2_id2443_E-5.07.cif,Ti3Ga2Te3S2,-5.068,0.0,Metal,P6mm,183,10
Ba5(AsO)6_id1943_E-5.06.cif,Ba5(AsO)6,-5.0646,1.085,Semiconductor,P6/mmm,191,17
Al2ZnGa4BO4_id2308_E-5.06.cif,Al2ZnGa4BO4,-5.0636,0.0,Metal,P-42c,112,24
Sn2O_id3962_E-5.06.cif,Sn2O,-5.0598,0.272,Semiconductor,Immm,71,12
Ti3Ga4C_id953_E-5.06.cif,Ti3Ga4C,-5.0587,0.0,Metal,Pm-3m,221,8
BaN4O5_id3473_E-5.06.cif,BaN4O5,-5.0568,1.369,Semiconductor,C222,21,20
SbO_id4230_E-5.05.cif,SbO,-5.0542,0.0,Metal,P4/mmm,123,4
NaCa(BS)6_id2191_E-5.04.cif,NaCa(BS)6,-5.0445,2.879,Semiconductor,R-3,148,42
NaSrO6_id4401_E-5.04.cif,NaSrO6,-5.041,2.815,Semiconductor,P-31c,163,16
Li(CdN2)2_id41_E-5.04.cif,Li(CdN2)2,-5.0398,1.619,Semiconductor,I-42d,122,28
Li2CaMgO12_id4093_E-5.04.cif,Li2CaMgO12,-5.0397,0.0,Metal,R-3,148,48
BAs3PN_id2758_E-5.04.cif,BAs3PN,-5.0387,1.245,Semiconductor,Pca2_1,29,24
Sc5Zn2C_id2028_E-5.04.cif,Sc5Zn2C,-5.0363,0.0,Metal,Pn-3m,224,16
Sc_id859_E-5.04.cif,Sc,-5.035,0.0,Metal,P6/mmm,191,12
Ti5Se4_id1993_E-5.03.cif,Ti5Se4,-5.0282,0.0,Metal,P4_2/n,86,18
KBaO12_id1129_E-5.03.cif,KBaO12,-5.0252,0.0,Metal,P4/nbm,125,28
MgTi6(AlS4)3_id4142_E-5.02.cif,MgTi6(AlS4)3,-5.025,0.007,Metal,I432,211,44
Ti3In_id365_E-5.02.cif,Ti3In,-5.0211,0.0,Metal,Cmcm,63,16
P_id2994_E-5.02.cif,P,-5.0169,0.0,Metal,P4_132,213,32
SrO_id358_E-5.01.cif,SrO,-5.0138,0.0,Metal,C2/m,12,8
Mg4InO4_id1060_E-5.01.cif,Mg4InO4,-5.0125,0.089,Semiconductor,P4_2/n,86,18
BaAlO8_id88_E-5.01.cif,BaAlO8,-5.0119,0.0,Metal,I4_1/a,88,40
CaO4_id3224_E-5.01.cif,CaO4,-5.0096,1.921,Semiconductor,I4_1/a,88,20
Sc2ZnSn_id3709_E-5.01.cif,Sc2ZnSn,-5.0081,0.0,Metal,Fm-3m,225,16
Li4CaO6_id508_E-5.00.cif,Li4CaO6,-4.9994,3.214,Semiconductor,Im-3m,229,22
TeN_id4620_E-5.00.cif,TeN,-4.9969,1.998,Semiconductor,C222_1,20,16
Mg3NO_id1016_E-5.00.cif,Mg3NO,-4.9967,2.153,Semiconductor,R-3c,167,30
ZnInC2SN2_id1982_E-5.00.cif,ZnInC2SN2,-4.9955,0.156,Semiconductor,P3_1,144,21
KSrO6_id2075_E-4.99.cif,KSrO6,-4.9933,3.377,Semiconductor,P-31c,163,16
Sc_id3178_E-4.99.cif,Sc,-4.9918,0.276,Semiconductor,P4/mmm,123,12
BaN2_id1068_E-4.99.cif,BaN2,-4.9909,0.0,Metal,R-3m,166,9
Sb3P2C3_id4417_E-4.99.cif,Sb3P2C3,-4.9898,0.0,Metal,R-3c,167,48
P_id3909_E-4.99.cif,P,-4.9862,0.0,Metal,I2_12_12_1,24,12
Sc2In_id3106_E-4.98.cif,Sc2In,-4.9843,0.02,Metal,Pa-3,205,12
ScSi4Sn_id2393_E-4.98.cif,ScSi4Sn,-4.9841,1.122,Semiconductor,P-4n2,118,12
ScIn_id3396_E-4.98.cif,ScIn,-4.9839,0.0,Metal,Pm-3m,221,16
Sc7Ti2Cd2Si2(SnO6)2_id3020_E-4.98.cif,Sc7Ti2Cd2Si2(SnO6)2,-4.9825,0.0,Metal,P2_1/c,14,54
NaGeO4_id3882_E-4.98.cif,NaGeO4,-4.9804,2.564,Semiconductor,I4_122,98,24
NaGeO2_id410_E-4.98.cif,NaGeO2,-4.9788,0.0,Metal,I4_122,98,16
Li(GeO)2_id3295_E-4.98.cif,Li(GeO)2,-4.9751,0.695,Semiconductor,Ibam,72,40
TiGa2O_id1134_E-4.97.cif,TiGa2O,-4.9748,0.0,Metal,Fm-3m,225,16
GaTeO2_id1286_E-4.97.cif,GaTeO2,-4.971,1.578,Semiconductor,C2/m,12,8
Ti2Al3GeB4_id749_E-4.97.cif,Ti2Al3GeB4,-4.9703,0.0,Metal,P-6m2,187,10
BaIn3GaB2O5_id370_E-4.96.cif,BaIn3GaB2O5,-4.964,1.943,Semiconductor,R32,155,36
SnSb7O8_id4511_E-4.96.cif,SnSb7O8,-4.9611,0.82,Semiconductor,P2_12_12,18,32
GaSiBO18_id1398_E-4.96.cif,GaSiBO18,-4.9558,0.0,Metal,Pc,7,42
Si_id113_E-4.96.cif,Si,-4.9556,0.0,Metal,I-43d,220,28
Si_id311_E-4.96.cif,Si,-4.9552,1.178,Semiconductor,Ccce,68,20
BeCd(BO8)2_id1915_E-4.95.cif,BeCd(BO8)2,-4.9542,0.0,Metal,P-42c,112,40
Na3Sr3O8_id4344_E-4.95.cif,Na3Sr3O8,-4.9541,1.694,Semiconductor,I-43d,220,56
Si_id3173_E-4.95.cif,Si,-4.9515,0.066,Semiconductor,Ccce,68,20
Li3TiO8_id1100_E-4.95.cif,Li3TiO8,-4.9487,1.524,Semiconductor,I-42d,122,48
Sb3(TeO3)2_id1295_E-4.95.cif,Sb3(TeO3)2,-4.9459,0.915,Semiconductor,P2,3,11
B2NO_id3919_E-4.94.cif,B2NO,-4.9448,2.789,Semiconductor,Fm-3m,225,16
SrCa2Al2Si2(SbO2)2_id847_E-4.94.cif,SrCa2Al2Si2(SbO2)2,-4.9425,0.0,Metal,P4_2/m,84,26
SrNO3_id4156_E-4.94.cif,SrNO3,-4.9413,1.327,Semiconductor,C222_1,20,20
Si_id629_E-4.94.cif,Si,-4.9399,0.0,Metal,I4/mmm,139,8
BaNaO12_id1166_E-4.93.cif,BaNaO12,-4.9344,0.0,Metal,P6_322,182,28
SrLiSiSbO2_id460_E-4.93.cif,SrLiSiSbO2,-4.9329,0.86,Semiconductor,P4/nmm,129,12
KTi2Si6SbO50_id4235_E-4.93.cif,KTi2Si6SbO50,-4.9258,1.608,Semiconductor,P-3,147,60
Na3Ti6B_id640_E-4.92.cif,Na3Ti6B,-4.9232,0.0,Metal,Pm-3m,221,10
Li3SO6_id2006_E-4.92.cif,Li3SO6,-4.9201,2.348,Semiconductor,P2_1/c,14,40
Si_id727_E-4.92.cif,Si,-4.9197,0.217,Semiconductor,I-42d,122,28
Ca2Sc2O_id315_E-4.92.cif,Ca2Sc2O,-4.9193,0.0,Metal,Pn-3m,224,10
Li2As3O2_id398_E-4.92.cif,Li2As3O2,-4.9162,1.441,Semiconductor,P4,75,14
Si3P_id4260_E-4.92.cif,Si3P,-4.9158,0.668,Semiconductor,P4_32_12,96,16
BaCa2AlO4_id2782_E-4.91.cif,BaCa2AlO4,-4.9133,0.027,Metal,I4/mcm,140,32
SN12_id262_E-4.91.cif,SN12,-4.9127,1.864,Semiconductor,Fmmm,69,52
Li2Ti3O_id4895_E-4.91.cif,Li2Ti3O,-4.9123,0.0,Metal,Pn-3m,224,12
NaLiMgPCNO2_id772_E-4.91.cif,NaLiMgPCNO2,-4.9106,2.188,Semiconductor,Pca2_1,29,32
Li2Si2S2N3_id2446_E-4.90.cif,Li2Si2S2N3,-4.9028,2.039,Semiconductor,P6_2,171,27
O2_id1236_E-4.90.cif,O2,-4.9027,1.214,Semiconductor,Pbca,61,16
Be2Cd2O3_id4913_E-4.90.cif,Be2Cd2O3,-4.9016,2.667,Semiconductor,P4_2/mcm,132,14
LiAlGeO8_id1008_E-4.90.cif,LiAlGeO8,-4.901,1.862,Semiconductor,Pban,50,22
Ba12SrO32_id3079_E-4.90.cif,Ba12SrO32,-4.9009,1.633,Semiconductor,P-3,147,45
CaGaO10_id4441_E-4.90.cif,CaGaO10,-4.8995,1.651,Semiconductor,R32,155,36
SrLiIn2Ga2(SO2)6_id652_E-4.90.cif,SrLiIn2Ga2(SO2)6,-4.8984,2.451,Semiconductor,P321,150,24
P_id2114_E-4.89.cif,P,-4.8943,0.594,Semiconductor,P2_12_12_1,19,12
AsP2_id2742_E-4.89.cif,AsP2,-4.8929,1.168,Semiconductor,Pbcn,60,12
Ti2TeSe4_id612_E-4.89.cif,Ti2TeSe4,-4.8899,2.113,Semiconductor,P6/mcc,192,42
KNaB12_id3738_E-4.89.cif,KNaB12,-4.8898,0.0,Metal,R-3,148,42
K2LiBAs2(PO5)2_id3531_E-4.89.cif,K2LiBAs2(PO5)2,-4.8865,0.0,Metal,C2,5,36
BaSrO6_id948_E-4.88.cif,BaSrO6,-4.8836,0.057,Semiconductor,R-3,148,24
KBa2Na2Li10Si(PO6)2_id3439_E-4.88.cif,KBa2Na2Li10Si(PO6)2,-4.8817,0.0,Metal,P-1,2,30
ScO2_id2241_E-4.88.cif,ScO2,-4.8814,3.939,Insulator,R-3m,166,18
P3S4_id4872_E-4.88.cif,P3S4,-4.8795,1.895,Semiconductor,Fm-3m,225,56
Sc2Al2Ga3N_id4728_E-4.88.cif,Sc2Al2Ga3N,-4.8788,0.0,Metal,Pn-3m,224,16
BeP4_id1288_E-4.88.cif,BeP4,-4.8775,0.0,Metal,Pccm,49,10
Ti2Cd2B2C3_id285_E-4.88.cif,Ti2Cd2B2C3,-4.8774,0.0,Metal,Pbcn,60,36
AsPO9_id4549_E-4.88.cif,AsPO9,-4.8769,1.338,Semiconductor,P2,3,11
Na(CO2)3_id2546_E-4.88.cif,Na(CO2)3,-4.8765,2.134,Semiconductor,R-3c,167,60
NaSiO_id26_E-4.88.cif,NaSiO,-4.8758,0.0,Metal,Pbca,61,24
BaAl4O6_id1405_E-4.88.cif,BaAl4O6,-4.8753,2.931,Semiconductor,Im-3m,229,22
Na3CaSc4O3_id575_E-4.87.cif,Na3CaSc4O3,-4.875,0.0,Metal,Pm-3n,223,22
Ti3Zn2O_id4362_E-4.87.cif,Ti3Zn2O,-4.8697,0.0,Metal,Pn-3m,224,12
LiO4_id4921_E-4.87.cif,LiO4,-4.8688,4.907,Insulator,Ccce,68,20
Li5O8_id477_E-4.87.cif,Li5O8,-4.8661,3.288,Semiconductor,Ccce,68,52
NaSnP(SO5)4_id3263_E-4.86.cif,NaSnP(SO5)4,-4.864,0.0,Metal,P4/n,85,54
Ba2InO2_id4573_E-4.86.cif,Ba2InO2,-4.8635,0.068,Semiconductor,Ibca,73,40
LiO8_id879_E-4.86.cif,LiO8,-4.8626,2.058,Semiconductor,Ccce,68,36
SiAsS2_id2682_E-4.86.cif,SiAsS2,-4.8603,0.296,Semiconductor,I-42d,122,16
Li4BeGa2Si3O11_id4012_E-4.86.cif,Li4BeGa2Si3O11,-4.8586,2.697,Semiconductor,P1,1,42
TiO6_id2073_E-4.85.cif,TiO6,-4.8519,3.392,Semiconductor,P4/n,85,14
P_id4687_E-4.85.cif,P,-4.8473,0.0,Metal,I-43d,220,16
Na4Ti(Si2O3)2_id1984_E-4.85.cif,Na4Ti(Si2O3)2,-4.8451,1.474,Semiconductor,I4/m,87,30
MgSiP2_id827_E-4.84.cif,MgSiP2,-4.8431,1.4,Semiconductor,I-42d,122,16
BaAl2SnGe2(SO)4_id4393_E-4.84.cif,BaAl2SnGe2(SO)4,-4.8418,2.044,Semiconductor,I222,23,28
BaO4_id4405_E-4.84.cif,BaO4,-4.8418,0.328,Semiconductor,I4/mmm,139,10
O2_id4835_E-4.84.cif,O2,-4.8412,4.222,Insulator,P4_2/mbc,135,32
Sb(As2O)2_id4244_E-4.84.cif,Sb(As2O)2,-4.8381,0.003,Metal,Iba2,45,28
KBeO4_id1306_E-4.84.cif,KBeO4,-4.8365,3.348,Semiconductor,I4_1/a,88,24
Sr2AlO2_id1477_E-4.83.cif,Sr2AlO2,-4.8317,0.0,Metal,Pa-3,205,20
TiGa2_id952_E-4.83.cif,TiGa2,-4.8302,0.0,Metal,Pbam,55,12
BeB3N2O_id81_E-4.83.cif,BeB3N2O,-4.8298,2.809,Semiconductor,Pca2_1,29,28
LiMgO6_id289_E-4.83.cif,LiMgO6,-4.8277,3.896,Insulator,P-31c,163,16
Li3TiS3_id1230_E-4.83.cif,Li3TiS3,-4.8263,0.962,Semiconductor,R-3,148,42
LiSiO4_id1818_E-4.82.cif,LiSiO4,-4.8248,0.001,Metal,I4_122,98,24
Sb5O4_id1748_E-4.82.cif,Sb5O4,-4.8241,0.0,Metal,I4_1/a,88,36
Zn2As2P2O5_id777_E-4.82.cif,Zn2As2P2O5,-4.8196,1.942,Semiconductor,Pbcn,60,44
NaLi2GaGeB4(TeO)4_id4110_E-4.82.cif,NaLi2GaGeB4(TeO)4,-4.8177,1.786,Semiconductor,I222,23,34
KMg2Al6Zn(NO)6_id2369_E-4.81.cif,KMg2Al6Zn(NO)6,-4.8125,0.0,Metal,P321,150,22
K2(GeO2)3_id676_E-4.81.cif,K2(GeO2)3,-4.8123,1.844,Semiconductor,R3m,160,33
Mg2BeN2O3_id1082_E-4.81.cif,Mg2BeN2O3,-4.8115,4.708,Insulator,P6_222,180,24
SiGe2BPO2_id3187_E-4.81.cif,SiGe2BPO2,-4.8098,0.788,Semiconductor,P1,1,56
SnBPCO_id3705_E-4.80.cif,SnBPCO,-4.8048,0.0,Metal,Pca2_1,29,20
CaSe_id956_E-4.80.cif,CaSe,-4.8038,0.24,Semiconductor,Pm-3m,221,12
Si2GeBSbAsPSeSO12_id4903_E-4.80.cif,Si2GeBSbAsPSeSO12,-4.8038,0.606,Semiconductor,P1,1,42
MgGaSnO2_id2463_E-4.80.cif,MgGaSnO2,-4.803,0.033,Metal,Pccm,49,10
TiGe4_id1454_E-4.80.cif,TiGe4,-4.7979,0.0,Metal,Ccce,68,20
BaSbO6_id4342_E-4.79.cif,BaSbO6,-4.7942,0.48,Semiconductor,I222,23,16
Sc5Zn2_id1499_E-4.79.cif,Sc5Zn2,-4.7926,0.0,Metal,I4/mmm,139,14
Na2Mg2Sc2ZnIn(P3O2)2_id3294_E-4.79.cif,Na2Mg2Sc2ZnIn(P3O2)2,-4.792,0.0,Metal,P-1,2,18
Li3CaO4_id2636_E-4.79.cif,Li3CaO4,-4.7895,3.331,Semiconductor,I-42d,122,32
Ba(NO)6_id2724_E-4.79.cif,Ba(NO)6,-4.7881,2.956,Semiconductor,P6/mmm,191,13
SrO4_id559_E-4.79.cif,SrO4,-4.785,2.458,Semiconductor,P4/nbm,125,30
In2SnO6_id3382_E-4.78.cif,In2SnO6,-4.7843,0.243,Semiconductor,P-3c1,165,18
Sc8Zn_id2201_E-4.78.cif,Sc8Zn,-4.7838,0.0,Metal,Fmmm,69,36
S3(NO6)2_id1076_E-4.78.cif,S3(NO6)2,-4.7825,0.0,Metal,Pba2,32,34
BAs2_id1491_E-4.78.cif,BAs2,-4.7815,0.008,Metal,Pccm,49,6
BaNaO2_id1541_E-4.78.cif,BaNaO2,-4.7796,1.996,Semiconductor,Pca2_1,29,16
NaCdAsPCSNO5_id4577_E-4.78.cif,NaCdAsPCSNO5,-4.7774,2.238,Semiconductor,Pca2_1,29,48
Na2Cd(NO)6_id1641_E-4.77.cif,Na2Cd(NO)6,-4.7718,1.847,Semiconductor,P6/mmm,191,15
BP12_id2102_E-4.77.cif,BP12,-4.7717,0.777,Semiconductor,I432,211,26
Si_id3393_E-4.77.cif,Si,-4.768,0.0,Metal,P6_122,178,24
Mg3Ga2P4(SO2)2_id3332_E-4.77.cif,Mg3Ga2P4(SO2)2,-4.767,0.0,Metal,Pnn2,34,30
BaLi3N4O3_id2992_E-4.76.cif,BaLi3N4O3,-4.7631,0.0,Metal,Pm-3n,223,22
Sr(TiGa)2_id4396_E-4.76.cif,Sr(TiGa)2,-4.7615,0.0,Metal,P4_332,212,20
SrCaSe2_id275_E-4.76.cif,SrCaSe2,-4.7601,0.294,Semiconductor,R-3m,166,12
C2SeO4_id305_E-4.75.cif,C2SeO4,-4.7548,2.302,Semiconductor,Pmna,53,14
Sc(TiZn)2_id1855_E-4.75.cif,Sc(TiZn)2,-4.754,0.0,Metal,R-3m,166,15
Sc5Ga2_id2707_E-4.75.cif,Sc5Ga2,-4.754,0.0,Metal,P4_2mc,105,14
NaSc2Sn_id2701_E-4.75.cif,NaSc2Sn,-4.7528,0.0,Metal,Fm-3m,225,16
Si4Sb_id1132_E-4.75.cif,Si4Sb,-4.7524,0.957,Semiconductor,P3_121,152,15
Ba3Li3CaGeO6_id1857_E-4.75.cif,Ba3Li3CaGeO6,-4.75,0.998,Semiconductor,P-6,174,14
Ti2ZnGa_id845_E-4.75.cif,Ti2ZnGa,-4.7478,0.0,Metal,I4/mmm,139,8
Sr(S3O2)2_id2540_E-4.75.cif,Sr(S3O2)2,-4.7475,2.401,Semiconductor,P4_22_12,94,44
KBa(GaO24)2_id4090_E-4.74.cif,KBa(GaO24)2,-4.7416,1.984,Semiconductor,P-3,147,52
BaCdSnO4_id2334_E-4.74.cif,BaCdSnO4,-4.7376,0.474,Semiconductor,I-4m2,119,14
BP12_id1052_E-4.74.cif,BP12,-4.7372,0.608,Semiconductor,I432,211,26
NaLiTe2AsO4_id452_E-4.74.cif,NaLiTe2AsO4,-4.7367,1.594,Semiconductor,I222,23,18
Mg3O8_id1348_E-4.74.cif,Mg3O8,-4.7353,1.769,Semiconductor,Pnn2,34,22
Sr2Ge2C3N_id175_E-4.73.cif,Sr2Ge2C3N,-4.7347,0.0,Metal,Pn-3m,224,16
SrC2O_id3023_E-4.73.cif,SrC2O,-4.7346,0.945,Semiconductor,I4/mmm,139,8
BaSr2O6_id1417_E-4.73.cif,BaSr2O6,-4.7342,0.106,Semiconductor,P31m,157,18
Ca3As4N3_id2746_E-4.73.cif,Ca3As4N3,-4.7326,0.125,Semiconductor,P6_3mc,186,20
Si_id1085_E-4.73.cif,Si,-4.7324,0.0,Metal,P4_132,213,20
Ba7Ca2In6(CO)6_id731_E-4.73.cif,Ba7Ca2In6(CO)6,-4.7317,0.0,Metal,P-3c1,165,54
KIn3(GaO3)2_id2198_E-4.73.cif,KIn3(GaO3)2,-4.7315,0.347,Semiconductor,P-3c1,165,24
AlB2NO17_id4829_E-4.73.cif,AlB2NO17,-4.7305,0.0,Metal,P1,1,21
Sc_id4327_E-4.73.cif,Sc,-4.7288,0.0,Metal,P6/mcc,192,36
Sc2Zn_id2834_E-4.73.cif,Sc2Zn,-4.7283,0.0,Metal,I4/mmm,139,12
BaLi6Sc(GaO19)2_id1850_E-4.73.cif,BaLi6Sc(GaO19)2,-4.7268,0.0,Metal,P-3,147,48
NaCaO6_id4462_E-4.73.cif,NaCaO6,-4.7265,1.44,Semiconductor,P-31c,163,16
Si2SnAs(SO3)2_id1155_E-4.72.cif,Si2SnAs(SO3)2,-4.7247,0.041,Metal,Pnn2,34,24
Ca3Se4N3_id2713_E-4.72.cif,Ca3Se4N3,-4.7233,0.22,Semiconductor,I-43d,220,40
LiO4_id783_E-4.72.cif,LiO4,-4.7196,0.28,Semiconductor,Ccce,68,20
Sc2InTe6_id1313_E-4.71.cif,Sc2InTe6,-4.7125,0.054,Semiconductor,P-31c,163,18
LiScS7_id579_E-4.71.cif,LiScS7,-4.711,2.149,Semiconductor,Pnma,62,36
AlGe3Se4(S2O)2_id2766_E-4.71.cif,AlGe3Se4(S2O)2,-4.7104,0.258,Semiconductor,Pnn2,34,28
TiBe2BP_id2276_E-4.71.cif,TiBe2BP,-4.7089,0.137,Semiconductor,P3_112,151,15
Si3Ge_id3989_E-4.71.cif,Si3Ge,-4.7066,0.0,Metal,P4_132,213,32
Sc3Zn_id1019_E-4.71.cif,Sc3Zn,-4.7062,0.0,Metal,Im-3m,229,8
Ba3Sn2(BO10)2_id1547_E-4.71.cif,Ba3Sn2(BO10)2,-4.7056,0.18,Semiconductor,P-1,2,27
MgSc12Sn7_id2035_E-4.70.cif,MgSc12Sn7,-4.6973,0.0,Metal,Pm-3,200,20
KTiGaSiSnO16_id4453_E-4.70.cif,KTiGaSiSnO16,-4.6971,0.443,Semiconductor,P1,1,42
NaCaCdO4_id3367_E-4.69.cif,NaCaCdO4,-4.6938,0.484,Semiconductor,P4/nbm,125,14
Sc5In2_id1316_E-4.69.cif,Sc5In2,-4.691,0.0,Metal,Pban,50,14
LiBO19_id3536_E-4.69.cif,LiBO19,-4.6885,1.602,Semiconductor,P2_1,4,42
BPSeO18_id4585_E-4.69.cif,BPSeO18,-4.6851,0.93,Semiconductor,P2_1,4,42
Ca3N2_id3037_E-4.68.cif,Ca3N2,-4.6841,0.0,Metal,I-43d,220,40
ScSn2_id3420_E-4.68.cif,ScSn2,-4.6824,0.0,Metal,Pbcn,60,12
Sc_id2301_E-4.68.cif,Sc,-4.6804,0.0,Metal,P2/c,13,12
Si5As2_id2370_E-4.68.cif,Si5As2,-4.68,0.0,Metal,I-42d,122,28
Si3Ge4_id3429_E-4.68.cif,Si3Ge4,-4.6772,0.0,Metal,I-43d,220,28
O2_id3978_E-4.68.cif,O2,-4.6752,4.218,Insulator,P6/mcc,192,36
BaCdSb2O11_id585_E-4.67.cif,BaCdSb2O11,-4.6733,0.979,Semiconductor,P-3m1,164,15
Na2BSe4(SO3)2_id1623_E-4.67.cif,Na2BSe4(SO3)2,-4.669,2.709,Semiconductor,Pcca,54,60
Sc5Ga2Sn_id2219_E-4.67.cif,Sc5Ga2Sn,-4.6689,0.0,Metal,Immm,71,16
MgSc2Ga_id1622_E-4.67.cif,MgSc2Ga,-4.6683,0.0,Metal,Fm-3m,225,16
SrSO6_id4159_E-4.67.cif,SrSO6,-4.6655,0.995,Semiconductor,P6_322,182,16
Ti2AlGaSi_id3448_E-4.66.cif,Ti2AlGaSi,-4.6638,0.0,Metal,I422,97,20
AsP2_id45_E-4.66.cif,AsP2,-4.6636,1.27,Semiconductor,I4_1cd,110,48
Sb3O7_id3584_E-4.66.cif,Sb3O7,-4.6635,1.775,Semiconductor,P6/mmm,191,10
KNaAs2(SO)4_id2918_E-4.66.cif,KNaAs2(SO)4,-4.66,1.507,Semiconductor,I222,23,24
MgTi2CdGaO6_id1852_E-4.66.cif,MgTi2CdGaO6,-4.6591,1.091,Semiconductor,P3_221,154,33
ScTe_id314_E-4.66.cif,ScTe,-4.6583,0.0,Metal,I4/mmm,139,4
Sc(SbTe)2_id1898_E-4.66.cif,Sc(SbTe)2,-4.6561,0.634,Semiconductor,I4_1/amd,141,20
MgSc2Al_id3099_E-4.65.cif,MgSc2Al,-4.6548,0.0,Metal,F-43m,216,16
CaSeO_id2019_E-4.65.cif,CaSeO,-4.6539,2.053,Semiconductor,P4_2/mmc,131,12
KAl6Zn(BO12)2_id215_E-4.65.cif,KAl6Zn(BO12)2,-4.6525,1.261,Semiconductor,P321,150,34
P4C_id3546_E-4.65.cif,P4C,-4.6514,0.0,Metal,P4_232,208,30
Sc2Ti4Zn2Ga2C_id2863_E-4.65.cif,Sc2Ti4Zn2Ga2C,-4.651,0.0,Metal,P4/mmm,123,11
Si2Ge_id4988_E-4.65.cif,Si2Ge,-4.65,0.0,Metal,Fd-3m,227,24
K(SeO12)2_id1127_E-4.65.cif,K(SeO12)2,-4.6478,0.613,Semiconductor,P-3,147,27
O2_id1126_E-4.65.cif,O2,-4.6461,3.468,Semiconductor,Pba2,32,30
Ti7BeAl3_id808_E-4.65.cif,Ti7BeAl3,-4.646,0.0,Metal,Pm-3,200,11
SrC2_id3176_E-4.64.cif,SrC2,-4.6416,0.685,Semiconductor,I4/mcm,140,12
LiTi3ZnGe2_id2969_E-4.64.cif,LiTi3ZnGe2,-4.6415,0.0,Metal,P42_12,90,14
Ga2O_id3304_E-4.64.cif,Ga2O,-4.641,0.104,Semiconductor,Pbcn,60,12
Ge4P3_id3753_E-4.64.cif,Ge4P3,-4.6404,0.0,Metal,I-43d,220,28
BaAlS2_id4736_E-4.64.cif,BaAlS2,-4.6403,0.005,Metal,R-3m,166,12
SO5_id1752_E-4.64.cif,SO5,-4.6369,1.246,Semiconductor,P6_2,171,36
KGa4TeO4_id330_E-4.64.cif,KGa4TeO4,-4.6359,1.046,Semiconductor,I222,23,20
Ba3GeO3_id2784_E-4.63.cif,Ba3GeO3,-4.6324,1.313,Semiconductor,P6_3,173,14
Na2Li3Mg2(SbO4)3_id4636_E-4.63.cif,Na2Li3Mg2(SbO4)3,-4.6299,2.001,Semiconductor,P31c,159,44
LiSbO2_id919_E-4.63.cif,LiSbO2,-4.6296,2.173,Semiconductor,I4_122,98,16
Li3GaB(PO7)2_id1117_E-4.63.cif,Li3GaB(PO7)2,-4.6292,2.796,Semiconductor,P1,1,21
LiO3_id4660_E-4.63.cif,LiO3,-4.6258,3.693,Insulator,Pbca,61,32
NaSnO8_id1941_E-4.62.cif,NaSnO8,-4.6203,1.165,Semiconductor,P4/nbm,125,20
TiSb5As2_id302_E-4.62.cif,TiSb5As2,-4.6194,0.0,Metal,P2/c,13,16
BaCaGa2(SO27)2_id4645_E-4.62.cif,BaCaGa2(SO27)2,-4.6163,0.84,Semiconductor,P-3,147,60
Ca2GaS3_id3391_E-4.62.cif,Ca2GaS3,-4.6158,2.127,Semiconductor,C2/m,12,12
BaSn2Ge(SbO2)2_id4723_E-4.61.cif,BaSn2Ge(SbO2)2,-4.6105,2.389,Semiconductor,I222,23,20
Si3Ge4_id2014_E-4.61.cif,Si3Ge4,-4.6061,0.0,Metal,I-43d,220,28
O2_id1911_E-4.60.cif,O2,-4.6046,1.088,Semiconductor,Pba2,32,18
BeS3O_id2835_E-4.60.cif,BeS3O,-4.6037,0.257,Semiconductor,Pna2_1,33,20
Sc_id1234_E-4.60.cif,Sc,-4.6036,0.0,Metal,P4_2/mmc,131,12
KNaLi(TeO2)2_id1754_E-4.60.cif,KNaLi(TeO2)2,-4.6013,2.103,Semiconductor,I222,23,18
Sr2Ca(AsO)2_id3053_E-4.60.cif,Sr2Ca(AsO)2,-4.6002,1.627,Semiconductor,C222,21,28
MgSO_id1452_E-4.60.cif,MgSO,-4.5996,3.244,Semiconductor,P4_2/ncm,138,12
ScBe2Ge2B_id1450_E-4.60.cif,ScBe2Ge2B,-4.5993,0.0,Metal,P4_122,91,24
LiBO11_id1836_E-4.60.cif,LiBO11,-4.5971,0.0,Metal,P1,1,26
Sc2Zn_id4989_E-4.60.cif,Sc2Zn,-4.5952,0.0,Metal,Pa-3,205,12
GeAsP_id635_E-4.59.cif,GeAsP,-4.5948,0.829,Semiconductor,Cmc2_1,36,12
Li3TiNO8_id3246_E-4.59.cif,Li3TiNO8,-4.5937,0.89,Semiconductor,Cmcm,63,52
Al2CdGa2SnO12_id3057_E-4.59.cif,Al2CdGa2SnO12,-4.5931,0.844,Semiconductor,Pnn2,34,36
BaGe(AsO)2_id778_E-4.59.cif,BaGe(AsO)2,-4.5914,0.584,Semiconductor,Immm,71,12
P_id4190_E-4.59.cif,P,-4.5911,1.267,Semiconductor,I2_12_12_1,24,32
CaGeS6_id4295_E-4.59.cif,CaGeS6,-4.5903,1.831,Semiconductor,P-31c,163,16
MgO13_id2643_E-4.59.cif,MgO13,-4.5875,1.052,Semiconductor,Pbam,55,28
GaSi10_id1222_E-4.59.cif,GaSi10,-4.5874,0.792,Semiconductor,I2_12_12_1,24,44
SiAsSe3N_id2048_E-4.59.cif,SiAsSe3N,-4.5872,1.259,Semiconductor,P2_1/m,11,12
TeO_id3565_E-4.58.cif,TeO,-4.5837,0.893,Semiconductor,P6/mmm,191,12
Na2Li2MgGa2(NO4)2_id949_E-4.58.cif,Na2Li2MgGa2(NO4)2,-4.5837,2.337,Semiconductor,P4_2,77,34
SnP2O_id1456_E-4.58.cif,SnP2O,-4.581,0.0,Metal,P3_221,154,12
Na4Zn2SnGeO8_id767_E-4.58.cif,Na4Zn2SnGeO8,-4.5777,0.902,Semiconductor,I-42m,121,32
SrCa(PO4)2_id1523_E-4.58.cif,SrCa(PO4)2,-4.5765,3.709,Insulator,P-3m1,164,12
Sr2SeN_id355_E-4.58.cif,Sr2SeN,-4.5753,1.423,Semiconductor,P6_3/mmc,194,8
BP12_id2436_E-4.57.cif,BP12,-4.5728,0.0,Metal,I432,211,26
AsS2_id149_E-4.57.cif,AsS2,-4.5692,2.005,Semiconductor,I-42d,122,12
Ba4N3_id910_E-4.57.cif,Ba4N3,-4.568,1.513,Semiconductor,P31c,159,14
In2SnO9_id1776_E-4.57.cif,In2SnO9,-4.567,2.762,Semiconductor,P31m,157,12
SiSe_id900_E-4.56.cif,SiSe,-4.5591,0.0,Metal,Pbcm,57,8
KAlGeB5As4(SO)4_id3592_E-4.56.cif,KAlGeB5As4(SO)4,-4.5551,1.562,Semiconductor,P4,75,20
Sc_id775_E-4.55.cif,Sc,-4.5536,0.0,Metal,P-6m2,187,15
Al2Si2O_id4240_E-4.55.cif,Al2Si2O,-4.5535,3.006,Semiconductor,P1,1,20
Si3As4_id268_E-4.55.cif,Si3As4,-4.5531,0.0,Metal,I-43d,220,28
SrAs(P2O3)2_id820_E-4.55.cif,SrAs(P2O3)2,-4.5514,2.33,Semiconductor,I222,23,24
MgO4_id4857_E-4.55.cif,MgO4,-4.5494,3.596,Insulator,P4/mnc,128,20
LiScO19_id1415_E-4.55.cif,LiScO19,-4.5485,0.88,Semiconductor,P1,1,42
Be2AlZn2In2O5_id561_E-4.55.cif,Be2AlZn2In2O5,-4.5482,0.0,Metal,P4_322,95,48
KC3N4O3_id2671_E-4.55.cif,KC3N4O3,-4.5479,0.906,Semiconductor,Pm-3n,223,22
AlTeN4_id1380_E-4.55.cif,AlTeN4,-4.5475,2.392,Semiconductor,P4_2/ncm,138,24
As2P_id2906_E-4.54.cif,As2P,-4.5403,1.259,Semiconductor,Cmmm,65,6
Mg2In5(SeO2)2_id3399_E-4.54.cif,Mg2In5(SeO2)2,-4.5387,0.0,Metal,C222,21,26
GeNO8_id2788_E-4.54.cif,GeNO8,-4.5385,0.0,Metal,P2/c,13,40
ScTe4_id4639_E-4.54.cif,ScTe4,-4.5376,0.892,Semiconductor,P3_112,151,15
AlTeSeS3O4_id4115_E-4.54.cif,AlTeSeS3O4,-4.5367,2.05,Semiconductor,Pnna,52,40
PSeSN2O_id969_E-4.54.cif,PSeSN2O,-4.5362,1.915,Semiconductor,P4_12_12,92,24
Sc2Sn_id4224_E-4.54.cif,Sc2Sn,-4.5358,0.0,Metal,Pmma,51,6
CdO6_id3736_E-4.53.cif,CdO6,-4.5346,0.0,Metal,P6_322,182,14
P_id4888_E-4.53.cif,P,-4.5342,0.0,Metal,P4_12_12,92,32
BP24_id386_E-4.53.cif,BP24,-4.5337,0.664,Semiconductor,I432,211,50
Mg2O5_id2559_E-4.53.cif,Mg2O5,-4.5317,3.977,Insulator,Ibca,73,56
Na2LiO8_id1964_E-4.53.cif,Na2LiO8,-4.5276,1.299,Semiconductor,Pcca,54,44
O2_id4334_E-4.53.cif,O2,-4.5276,0.968,Semiconductor,Pba2,32,24
MgSc2In_id2564_E-4.53.cif,MgSc2In,-4.5259,0.0,Metal,Fm-3m,225,16
MgSc2In_id1626_E-4.53.cif,MgSc2In,-4.5259,0.0,Metal,Fm-3m,225,16
Ca2ZnGe2AsSeNO13_id2846_E-4.52.cif,Ca2ZnGe2AsSeNO13,-4.5198,0.735,Semiconductor,P1,1,42
Ba2BN5_id2753_E-4.52.cif,Ba2BN5,-4.519,0.0,Metal,Pn-3m,224,16
Al(AsP)3_id4618_E-4.52.cif,Al(AsP)3,-4.5189,0.613,Semiconductor,P31c,159,14
GaGeBAsSe2S2N2O_id2481_E-4.52.cif,GaGeBAsSe2S2N2O,-4.5167,1.932,Semiconductor,Pcca,54,44
Ca2N3_id3640_E-4.51.cif,Ca2N3,-4.5143,0.152,Semiconductor,P6_122,178,30
AsSeN_id1560_E-4.51.cif,AsSeN,-4.5106,0.0,Metal,Pca2_1,29,12
NaTeSO2_id4559_E-4.51.cif,NaTeSO2,-4.5102,1.541,Semiconductor,Aea2,41,40
Ti3In3N_id4946_E-4.51.cif,Ti3In3N,-4.509,0.0,Metal,R-3c,167,42
Li2ScTi2ZnC_id4672_E-4.51.cif,Li2ScTi2ZnC,-4.5075,0.0,Metal,P4/mmm,123,7
CaInGa(SO)2_id429_E-4.51.cif,CaInGa(SO)2,-4.5074,0.0,Metal,Pmc2_1,26,14
SnSe(SO)2_id1894_E-4.50.cif,SnSe(SO)2,-4.5027,1.733,Semiconductor,P3_221,154,18
LiScSn2_id3218_E-4.49.cif,LiScSn2,-4.4932,0.0,Metal,Fm-3m,225,16
LiO2_id2451_E-4.49.cif,LiO2,-4.4929,2.401,Semiconductor,P4_12_12,92,24
Na3Be4BN12_id521_E-4.49.cif,Na3Be4BN12,-4.4874,1.248,Semiconductor,I432,211,40
Cd2InGa(SnO2)2_id1369_E-4.49.cif,Cd2InGa(SnO2)2,-4.4873,0.037,Metal,P-42_1c,114,20
Ca2ScS4_id2233_E-4.49.cif,Ca2ScS4,-4.486,0.496,Semiconductor,Cmme,67,28
ScGa4S4O_id109_E-4.48.cif,ScGa4S4O,-4.4842,1.321,Semiconductor,P-1,2,20
Ba2Be2SeS6_id643_E-4.48.cif,Ba2Be2SeS6,-4.4831,2.085,Semiconductor,P2/m,10,11
Si2As4PS_id1334_E-4.48.cif,Si2As4PS,-4.4806,1.104,Semiconductor,P-4n2,118,16
KO2_id3808_E-4.48.cif,KO2,-4.4803,4.575,Insulator,Pban,50,12
ScAl2GaSi3_id4589_E-4.48.cif,ScAl2GaSi3,-4.4797,0.001,Metal,Amm2,38,14
O2_id1086_E-4.48.cif,O2,-4.4791,1.023,Semiconductor,C222_1,20,28
Sr4Li4Be2ZnGe4(BO6)2_id161_E-4.48.cif,Sr4Li4Be2ZnGe4(BO6)2,-4.4764,0.0,Metal,P1,1,58
Li12C43_id1088_E-4.47.cif,Li12C43,-4.4702,0.237,Semiconductor,Pm-3m,221,55
As_id1598_E-4.47.cif,As,-4.4698,0.478,Semiconductor,Pccm,49,10
BaCd2O9_id3779_E-4.47.cif,BaCd2O9,-4.4686,1.997,Semiconductor,I-42d,122,48
CdSn3(SbO2)2_id4566_E-4.47.cif,CdSn3(SbO2)2,-4.4663,0.0,Metal,P6/mmm,191,10
BaAsPSeO2_id2871_E-4.46.cif,BaAsPSeO2,-4.4648,2.181,Semiconductor,P1,1,36
P2O15_id3743_E-4.46.cif,P2O15,-4.4645,0.426,Semiconductor,Pba2,32,34
Si2Ge3_id286_E-4.46.cif,Si2Ge3,-4.4643,0.0,Metal,P4_132,213,20
Sc_id791_E-4.46.cif,Sc,-4.4641,0.0,Metal,P4_2/mmc,131,6
Zn(CO4)2_id2287_E-4.46.cif,Zn(CO4)2,-4.4626,2.816,Semiconductor,P-42_1m,113,22
CaBeSiAs_id654_E-4.46.cif,CaBeSiAs,-4.4618,0.754,Semiconductor,P4/nmm,129,8
ZnInGaO2_id815_E-4.46.cif,ZnInGaO2,-4.4603,0.0,Metal,P-42_1c,114,20
CaInO12_id65_E-4.45.cif,CaInO12,-4.4549,1.461,Semiconductor,P4_2/mcm,132,28
B(AsP)12_id1954_E-4.45.cif,B(AsP)12,-4.4549,0.0,Metal,I432,211,50
Ca2S9N_id2738_E-4.45.cif,Ca2S9N,-4.4538,1.641,Semiconductor,C2/m,12,24
Ba2Sr2In2TeAsP2Se2S8O7_id2419_E-4.45.cif,Ba2Sr2In2TeAsP2Se2S8O7,-4.4521,0.688,Semiconductor,Pnn2,34,54
Sc3Ga2_id2225_E-4.45.cif,Sc3Ga2,-4.4514,0.0,Metal,P4_322,95,20
LiZn(GaO3)2_id3560_E-4.45.cif,LiZn(GaO3)2,-4.4514,2.42,Semiconductor,C222,21,20
K6MgTiAsO12_id4210_E-4.45.cif,K6MgTiAsO12,-4.4509,0.158,Semiconductor,P6_322,182,42
P2S2N_id3847_E-4.45.cif,P2S2N,-4.4507,2.359,Semiconductor,Aea2,41,20
CaSc2Al6(NO)2_id2335_E-4.45.cif,CaSc2Al6(NO)2,-4.4495,0.0,Metal,Pa-3,205,52
Al2Ga2Si3N2_id2041_E-4.45.cif,Al2Ga2Si3N2,-4.4486,0.0,Metal,C222_1,20,36
KNa2SnSb(SO)4_id3286_E-4.45.cif,KNa2SnSb(SO)4,-4.4475,1.278,Semiconductor,I222,23,26
SrO4_id1399_E-4.44.cif,SrO4,-4.4443,2.899,Semiconductor,Im-3m,229,10
ScTi(Al2N)2_id3083_E-4.44.cif,ScTi(Al2N)2,-4.444,0.0,Metal,P3_121,152,24
SrMg13O12_id4543_E-4.44.cif,SrMg13O12,-4.4405,3.835,Insulator,P6_322,182,52
Li10GaO10_id1278_E-4.44.cif,Li10GaO10,-4.4394,2.433,Semiconductor,P1,1,21
AsS8N_id3209_E-4.44.cif,AsS8N,-4.4357,1.588,Semiconductor,P2/c,13,20
Ba2P(SeS)3_id2272_E-4.44.cif,Ba2P(SeS)3,-4.4354,0.179,Semiconductor,P2/m,10,9
KBaAlIn4GaO4_id3728_E-4.44.cif,KBaAlIn4GaO4,-4.4353,0.0,Metal,I-4m2,119,24
SiP_id1684_E-4.43.cif,SiP,-4.4339,0.0,Metal,P4_2/mbc,135,32
KLiIn4O4_id3270_E-4.43.cif,KLiIn4O4,-4.4325,0.454,Semiconductor,P-42_1c,114,20
NaSrGa2As2O13_id419_E-4.43.cif,NaSrGa2As2O13,-4.4318,2.899,Semiconductor,P4bm,100,38
Ti3Zn(GeO4)3_id1034_E-4.43.cif,Ti3Zn(GeO4)3,-4.431,1.271,Semiconductor,P-43m,215,19
ScTiAl6_id2147_E-4.43.cif,ScTiAl6,-4.4305,0.0,Metal,P4/mmm,123,8
MgGaSi2SO16_id538_E-4.43.cif,MgGaSi2SO16,-4.4279,2.163,Semiconductor,Pc,7,42
Li4O5_id2268_E-4.43.cif,Li4O5,-4.4258,2.76,Semiconductor,Pbcn,60,36
NaSnO_id1229_E-4.42.cif,NaSnO,-4.4241,1.769,Semiconductor,P6_522,179,18
SrCaBeSiP14_id4477_E-4.42.cif,SrCaBeSiP14,-4.424,1.53,Semiconductor,P1,1,18
NaO12_id1653_E-4.42.cif,NaO12,-4.4202,0.0,Metal,Pba2,32,52
Si3S4_id3490_E-4.42.cif,Si3S4,-4.42,0.215,Semiconductor,I-42d,122,28
Ca6SiP13_id4469_E-4.41.cif,Ca6SiP13,-4.4132,0.0,Metal,R-3,148,60
Ca2Sc(SnSe)2_id66_E-4.41.cif,Ca2Sc(SnSe)2,-4.41,0.0,Metal,C2/m,12,14
Na4MgSiSnO4_id2445_E-4.41.cif,Na4MgSiSnO4,-4.4087,1.713,Semiconductor,I222,23,22
MgO9_id917_E-4.41.cif,MgO9,-4.4076,1.559,Semiconductor,Pba2,32,40
SnS4_id343_E-4.41.cif,SnS4,-4.4076,0.0,Metal,I4_1/a,88,20
Ba(AsS2)2_id1311_E-4.41.cif,Ba(AsS2)2,-4.4067,1.559,Semiconductor,P4_2/nnm,134,28
SrZnO19_id928_E-4.41.cif,SrZnO19,-4.4056,0.0,Metal,P1,1,21
KNaCdInGaSeO5_id1892_E-4.40.cif,KNaCdInGaSeO5,-4.4047,1.466,Semiconductor,Pmc2_1,26,22
Ba2NaSnP2(SO4)2_id4624_E-4.40.cif,Ba2NaSnP2(SO4)2,-4.4034,2.71,Semiconductor,P3_121,152,48
ZnPO19_id3093_E-4.40.cif,ZnPO19,-4.4022,0.01,Metal,P1,1,21
BaSr(SeO15)2_id423_E-4.40.cif,BaSr(SeO15)2,-4.4017,2.206,Semiconductor,P-3,147,34
CS5N2_id4216_E-4.40.cif,CS5N2,-4.3989,0.0,Metal,C2/m,12,16
KSc4_id1635_E-4.40.cif,KSc4,-4.3981,0.0,Metal,P2/c,13,10
Ge3As2_id4256_E-4.40.cif,Ge3As2,-4.3954,0.0,Metal,P4_32_12,96,20
KO20_id497_E-4.39.cif,KO20,-4.3943,1.649,Semiconductor,Pc,7,42
Li4Mg2As2P2CO8_id1139_E-4.39.cif,Li4Mg2As2P2CO8,-4.3918,0.69,Semiconductor,P2_1/c,14,38
KScO8_id2926_E-4.39.cif,KScO8,-4.3898,1.769,Semiconductor,P4/mmm,123,20
Li2AlAs3SO3_id2861_E-4.39.cif,Li2AlAs3SO3,-4.3882,1.977,Semiconductor,P321,150,20
GeAs2_id4457_E-4.39.cif,GeAs2,-4.3854,0.0,Metal,Pccm,49,6
Ba2SeO10_id4390_E-4.38.cif,Ba2SeO10,-4.3847,1.518,Semiconductor,P3_2,145,39
Li4AlGa4As2O5_id4269_E-4.38.cif,Li4AlGa4As2O5,-4.3833,0.369,Semiconductor,I4/m,87,32
Li2MgZn4GaO8_id3198_E-4.38.cif,Li2MgZn4GaO8,-4.3814,2.622,Semiconductor,C222,21,32
KSbO20_id4488_E-4.38.cif,KSbO20,-4.3799,1.298,Semiconductor,P-3,147,22
KS3O2_id1186_E-4.38.cif,KS3O2,-4.3773,2.096,Semiconductor,Cmmm,65,12
Na2SrO2_id4125_E-4.38.cif,Na2SrO2,-4.3762,1.24,Semiconductor,Pca2_1,29,20
Sn5S6_id2617_E-4.38.cif,Sn5S6,-4.3756,1.406,Semiconductor,C2/m,12,22
Ti2SbTe3S_id3643_E-4.38.cif,Ti2SbTe3S,-4.3752,0.001,Metal,Pnnm,58,28
BaCd4(BO)4_id3606_E-4.38.cif,BaCd4(BO)4,-4.3751,2.679,Semiconductor,P4_2/n,86,26
TiSe2S5_id3794_E-4.37.cif,TiSe2S5,-4.3738,0.0,Metal,Pn-3m,224,16
NaSiP2SeS2_id1112_E-4.37.cif,NaSiP2SeS2,-4.3719,0.054,Semiconductor,Pca2_1,29,28
SrIn4(SnO2)2_id4237_E-4.37.cif,SrIn4(SnO2)2,-4.3716,0.451,Semiconductor,I-4m2,119,22
Si2SnGe3_id1533_E-4.37.cif,Si2SnGe3,-4.3704,0.0,Metal,P-4n2,118,12
Te3PN2_id4880_E-4.37.cif,Te3PN2,-4.3683,1.445,Semiconductor,C2/m,12,12
TiSn4_id3131_E-4.37.cif,TiSn4,-4.3675,0.0,Metal,P-42_1c,114,10
Sb2Te2O5_id798_E-4.37.cif,Sb2Te2O5,-4.3657,2.428,Semiconductor,P2_1/c,14,18
As_id2318_E-4.37.cif,As,-4.3655,0.13,Semiconductor,I4_1/acd,142,16
LiO5_id1856_E-4.37.cif,LiO5,-4.3655,2.356,Semiconductor,I4_1/a,88,24
CaCdO4_id2030_E-4.36.cif,CaCdO4,-4.3646,0.185,Semiconductor,I4_1/a,88,24
ScInSn4_id226_E-4.36.cif,ScInSn4,-4.3641,0.0,Metal,P4/nbm,125,12
Sc2Cd_id1354_E-4.36.cif,Sc2Cd,-4.3637,0.0,Metal,P4_2/nmc,137,12
TiGa2_id4075_E-4.36.cif,TiGa2,-4.3618,0.0,Metal,P4_12_12,92,12
Ti2SiGe4_id1190_E-4.35.cif,Ti2SiGe4,-4.3542,0.0,Metal,P4/mmm,123,28
KBa2Zn2Sb4AsO4_id2152_E-4.35.cif,KBa2Zn2Sb4AsO4,-4.3534,0.0,Metal,I222,23,28
LiSbAsS2_id972_E-4.35.cif,LiSbAsS2,-4.3527,0.0,Metal,P-4m2,115,10
Ge_id33_E-4.35.cif,Ge,-4.3498,0.0,Metal,Pccm,49,8
KIn3Sn3O4_id2568_E-4.35.cif,KIn3Sn3O4,-4.3492,0.0,Metal,P-43m,215,11
BeSiSbO18_id2561_E-4.35.cif,BeSiSbO18,-4.348,0.039,Metal,Pc,7,42
Se3N2_id3045_E-4.35.cif,Se3N2,-4.3468,1.598,Semiconductor,R-3m,166,15
CaSc5N2_id3815_E-4.35.cif,CaSc5N2,-4.3465,0.0,Metal,P4_2/nbc,133,32
TiIn2TeN_id4848_E-4.34.cif,TiIn2TeN,-4.3428,0.0,Metal,P4/nmm,129,10
TiAlZn_id3775_E-4.34.cif,TiAlZn,-4.3423,0.0,Metal,P6_3/mmc,194,12
SrS2_id3821_E-4.34.cif,SrS2,-4.3394,0.266,Semiconductor,P2/m,10,6
MgInAsP6_id1293_E-4.34.cif,MgInAsP6,-4.3386,0.367,Semiconductor,Pccm,49,18
Na2Sn2Sb(SeO)4_id3562_E-4.34.cif,Na2Sn2Sb(SeO)4,-4.3381,1.135,Semiconductor,Fmm2,42,52
As_id1788_E-4.34.cif,As,-4.3358,0.104,Semiconductor,Ia-3,206,56
K2TiIn(SeS5)2_id478_E-4.34.cif,K2TiIn(SeS5)2,-4.3358,0.191,Semiconductor,P-1,2,16
K(GaS2)2_id3921_E-4.33.cif,K(GaS2)2,-4.3344,1.969,Semiconductor,I4_122,98,28
SrO12_id2267_E-4.33.cif,SrO12,-4.3335,0.162,Semiconductor,P6/mmm,191,13
As11P6_id4120_E-4.33.cif,As11P6,-4.3332,0.0,Metal,P6/mmm,191,17
K3TiO6_id3627_E-4.33.cif,K3TiO6,-4.3331,3.456,Semiconductor,P6_3/m,176,20
NaCdO6_id2379_E-4.33.cif,NaCdO6,-4.3324,2.599,Semiconductor,P6_322,182,16
Ga2P3N_id4450_E-4.33.cif,Ga2P3N,-4.3311,0.0,Metal,Pn-3m,224,12
Si_id4483_E-4.33.cif,Si,-4.3289,0.0,Metal,P4_12_12,92,16
Li2O7_id4635_E-4.33.cif,Li2O7,-4.3281,0.677,Semiconductor,Pbcn,60,36
MgTi_id264_E-4.33.cif,MgTi,-4.3276,0.0,Metal,P4/mmm,123,16
Mg3Sc4Ga_id2059_E-4.33.cif,Mg3Sc4Ga,-4.3267,0.0,Metal,Im-3m,229,16
PSe_id1206_E-4.32.cif,PSe,-4.3237,1.289,Semiconductor,P6_522,179,12
Sc2Zn_id1679_E-4.32.cif,Sc2Zn,-4.3232,0.0,Metal,P4_2/nmc,137,12
Ge2AsP_id4482_E-4.32.cif,Ge2AsP,-4.322,0.0,Metal,I-4m2,119,8
Li2SiSnAsSO15_id1956_E-4.32.cif,Li2SiSnAsSO15,-4.319,1.487,Semiconductor,P1,1,42
Ge_id334_E-4.32.cif,Ge,-4.3166,0.0,Metal,Ccce,68,20
MgAl2Ga3O2_id3698_E-4.32.cif,MgAl2Ga3O2,-4.3166,0.0,Metal,C222,21,16
As3SeS4_id2955_E-4.32.cif,As3SeS4,-4.3153,0.969,Semiconductor,Pnnm,58,16
As_id2222_E-4.31.cif,As,-4.3149,0.0,Metal,P-62c,190,16
Sc_id4505_E-4.31.cif,Sc,-4.3107,0.0,Metal,P4_232,208,24
SiAs5P2_id2462_E-4.31.cif,SiAs5P2,-4.3106,0.922,Semiconductor,Pca2_1,29,32
KLiO2_id4541_E-4.31.cif,KLiO2,-4.3102,1.742,Semiconductor,I4_122,98,16
BaO26_id4443_E-4.31.cif,BaO26,-4.3093,0.0,Metal,P-1,2,27
Si_id2069_E-4.31.cif,Si,-4.3089,0.0,Metal,P4_2bc,106,44
Na3Sc6CdTeS5_id690_E-4.31.cif,Na3Sc6CdTeS5,-4.3088,0.523,Semiconductor,R-3m,166,48
As_id4789_E-4.31.cif,As,-4.3086,0.18,Semiconductor,I4_1/a,88,24
ScGaSn_id4914_E-4.31.cif,ScGaSn,-4.3075,0.0,Metal,P4/mmm,123,12
NaSnO8_id2869_E-4.31.cif,NaSnO8,-4.3074,1.018,Semiconductor,Ibam,72,40
Al4Si3_id3955_E-4.30.cif,Al4Si3,-4.3035,0.004,Metal,I-43d,220,28
SbO_id52_E-4.30.cif,SbO,-4.3019,0.919,Semiconductor,P6_222,180,12
Si(GeP)2_id1459_E-4.30.cif,Si(GeP)2,-4.3018,0.0,Metal,P4/mmm,123,10
SbAs2PS4_id1971_E-4.30.cif,SbAs2PS4,-4.3001,0.724,Semiconductor,P4,75,8
MgInGaSbO2_id5_E-4.30.cif,MgInGaSbO2,-4.2987,0.0,Metal,P2_13,198,24
Ge_id2704_E-4.30.cif,Ge,-4.2983,0.0,Metal,I4/mmm,139,8
Cd(SiSe2)2_id835_E-4.30.cif,Cd(SiSe2)2,-4.2976,0.415,Semiconductor,P-42m,111,7
Sb(AsSe)2_id2914_E-4.30.cif,Sb(AsSe)2,-4.2973,0.514,Semiconductor,Pcca,54,20
Sc20Cd_id4461_E-4.29.cif,Sc20Cd,-4.2946,0.0,Metal,P-31m,162,21
LiZnGaP2(SeO)2_id1742_E-4.29.cif,LiZnGaP2(SeO)2,-4.2946,0.816,Semiconductor,P3_221,154,27
CaAs_id3577_E-4.29.cif,CaAs,-4.2929,0.0,Metal,P6_3/mmc,194,8
K2TeO4_id3941_E-4.29.cif,K2TeO4,-4.2928,1.926,Semiconductor,Cmme,67,28
Ca3Ge3P3O_id3545_E-4.29.cif,Ca3Ge3P3O,-4.2915,0.0,Metal,P3c1,158,20
SrO12_id1010_E-4.29.cif,SrO12,-4.2913,1.687,Semiconductor,P6/mmm,191,13
Cd2GaAsO17_id838_E-4.29.cif,Cd2GaAsO17,-4.2912,2.243,Semiconductor,P2_1,4,42
SrGe(CO)2_id4181_E-4.29.cif,SrGe(CO)2,-4.29,0.257,Semiconductor,Immm,71,12
CaBe2InO2_id1621_E-4.29.cif,CaBe2InO2,-4.2886,0.0,Metal,I4/mmm,139,12
As_id1568_E-4.29.cif,As,-4.2852,0.0,Metal,Pccm,49,6
KCaO6_id3077_E-4.28.cif,KCaO6,-4.2848,2.2,Semiconductor,P-31c,163,16
Ga2Ge2N_id3495_E-4.28.cif,Ga2Ge2N,-4.2843,0.0,Metal,Pn-3m,224,10
As5Se2_id57_E-4.28.cif,As5Se2,-4.2825,0.0,Metal,Pbcn,60,28
Sc4(S3N)3_id2939_E-4.28.cif,Sc4(S3N)3,-4.2805,1.902,Semiconductor,R3m,160,48
SiSb2_id4825_E-4.28.cif,SiSb2,-4.2782,0.0,Metal,Pccm,49,6
Sc3CdIn2_id1442_E-4.28.cif,Sc3CdIn2,-4.2782,0.0,Metal,Pn-3m,224,12
Sc2Zn3P2N_id2821_E-4.28.cif,Sc2Zn3P2N,-4.2763,0.0,Metal,Pn-3m,224,16
Sc_id4303_E-4.27.cif,Sc,-4.2721,0.0,Metal,Fd-3m,227,32
Li5As4(PO7)2_id4763_E-4.27.cif,Li5As4(PO7)2,-4.2702,0.149,Semiconductor,Pnn2,34,50
Ge_id4526_E-4.27.cif,Ge,-4.2701,0.0,Metal,C2/c,15,28
O2_id4011_E-4.27.cif,O2,-4.2663,1.041,Semiconductor,Pba2,32,22
GeS2_id1226_E-4.26.cif,GeS2,-4.2643,2.213,Semiconductor,I4_1/amd,141,12
Ti2Ga2BAs2_id3734_E-4.26.cif,Ti2Ga2BAs2,-4.2639,0.0,Metal,P3_221,154,21
BaGe5_id955_E-4.26.cif,BaGe5,-4.2632,0.0,Metal,P-6m2,187,6
GeS_id3510_E-4.26.cif,GeS,-4.2629,0.0,Metal,P6_3/mmc,194,8
K2Ti2N_id691_E-4.26.cif,K2Ti2N,-4.262,4.293,Insulator,P4_2/mmc,131,20
ScZnSb2S_id3600_E-4.26.cif,ScZnSb2S,-4.2578,0.004,Metal,Cmme,67,20
LiCaS6_id1317_E-4.26.cif,LiCaS6,-4.2564,1.904,Semiconductor,P1,1,32
As5P4_id578_E-4.26.cif,As5P4,-4.2563,0.0,Metal,Pc,7,18
Li3Sc2Ga6S2N3_id669_E-4.25.cif,Li3Sc2Ga6S2N3,-4.2541,0.0,Metal,R-3m,166,48
TiGaSnP_id3323_E-4.25.cif,TiGaSnP,-4.2534,0.0,Metal,P4_32_12,96,16
Ga2Si6P_id1513_E-4.25.cif,Ga2Si6P,-4.2529,0.366,Semiconductor,Pnnn,48,18
NaZnO2_id914_E-4.25.cif,NaZnO2,-4.2517,1.253,Semiconductor,I4_122,98,16
PSe2_id64_E-4.25.cif,PSe2,-4.2458,0.913,Semiconductor,Pcca,54,12
KLi(SnS2)2_id1455_E-4.24.cif,KLi(SnS2)2,-4.2421,0.453,Semiconductor,I-42d,122,32
AsO5_id3885_E-4.24.cif,AsO5,-4.2404,0.913,Semiconductor,P2_12_12_1,19,24
SiSnGe4_id2839_E-4.24.cif,SiSnGe4,-4.2402,0.0,Metal,P-4n2,118,12
Te2O15_id3188_E-4.24.cif,Te2O15,-4.2392,0.9,Semiconductor,Pba2,32,34
SnGe6_id4926_E-4.24.cif,SnGe6,-4.2383,0.0,Metal,R-3,148,21
Ba3LiCaO3_id666_E-4.24.cif,Ba3LiCaO3,-4.2378,0.0,Metal,P-6,174,8
BeGaSi3SnGeS14_id406_E-4.23.cif,BeGaSi3SnGeS14,-4.2345,1.651,Semiconductor,Pc,7,42
SrGe4_id3780_E-4.23.cif,SrGe4,-4.2344,0.0,Metal,I4_1/a,88,20
NaMg2Si2Te2AsO4_id4_E-4.23.cif,NaMg2Si2Te2AsO4,-4.2337,2.147,Semiconductor,I222,23,24
Ge2Sb3S2_id3028_E-4.23.cif,Ge2Sb3S2,-4.2273,0.0,Metal,Pn-3m,224,14
Ga6NO6_id4448_E-4.22.cif,Ga6NO6,-4.2245,0.394,Semiconductor,P6_322,182,26
BaSb2_id1210_E-4.22.cif,BaSb2,-4.2237,0.0,Metal,P6/mmm,191,3
Na4Li3Mg2O8_id1642_E-4.22.cif,Na4Li3Mg2O8,-4.2234,3.89,Insulator,C222,21,34
SnGe6_id4757_E-4.22.cif,SnGe6,-4.2216,0.0,Metal,I-42d,122,28
KNa2Se3(SO)3_id4409_E-4.22.cif,KNa2Se3(SO)3,-4.2215,0.693,Semiconductor,P31m,157,12
MgAl2Ga3O2_id1403_E-4.22.cif,MgAl2Ga3O2,-4.22,0.0,Metal,C222,21,16
Li2Sc(GeAs2)2_id4517_E-4.22.cif,Li2Sc(GeAs2)2,-4.218,0.0,Metal,Iba2,45,36
K3MgB2(NO)4_id2789_E-4.22.cif,K3MgB2(NO)4,-4.217,0.096,Semiconductor,P4/n,85,28
As3P_id4678_E-4.22.cif,As3P,-4.217,0.0,Metal,P3m1,156,4
SiSb2As6P2Se_id247_E-4.21.cif,SiSb2As6P2Se,-4.2139,0.0,Metal,P2/c,13,24
KLi2(TeO)4_id412_E-4.21.cif,KLi2(TeO)4,-4.2136,1.869,Semiconductor,I222,23,22
GeP_id3032_E-4.21.cif,GeP,-4.2125,0.518,Semiconductor,P4_32_12,96,8
SbS3_id514_E-4.21.cif,SbS3,-4.2108,1.883,Semiconductor,P-1,2,8
ScAlSi5_id553_E-4.21.cif,ScAlSi5,-4.2082,0.0,Metal,I4_1md,109,28
SiAs_id1657_E-4.21.cif,SiAs,-4.2062,1.304,Semiconductor,P4_32_12,96,8
Sn2Te(P3S)2_id554_E-4.21.cif,Sn2Te(P3S)2,-4.2061,2.224,Semiconductor,P2,3,33
Sb3S2_id2690_E-4.20.cif,Sb3S2,-4.2033,0.989,Semiconductor,P-42_1m,113,10
GeS4_id793_E-4.20.cif,GeS4,-4.2017,0.863,Semiconductor,C222_1,20,20
TiZnGeSb_id675_E-4.20.cif,TiZnGeSb,-4.1989,0.0,Metal,Pca2_1,29,16
Li5O4_id3834_E-4.20.cif,Li5O4,-4.1976,0.055,Semiconductor,P4/mnc,128,36
Ba3Ca2O3_id240_E-4.20.cif,Ba3Ca2O3,-4.195,0.0,Metal,P-6,174,8
LiO20_id534_E-4.19.cif,LiO20,-4.1943,0.666,Semiconductor,Pc,7,42
KSbS12_id1668_E-4.19.cif,KSbS12,-4.1939,0.645,Semiconductor,I4_1/a,88,56
MgZn2SiO12_id4147_E-4.19.cif,MgZn2SiO12,-4.1927,1.158,Semiconductor,I-42m,121,32
Mg2NO_id1703_E-4.19.cif,Mg2NO,-4.1917,2.763,Semiconductor,P4_2cm,101,32
KZn3O7_id2798_E-4.19.cif,KZn3O7,-4.1911,1.897,Semiconductor,Pm-3n,223,22
Se2S_id3894_E-4.19.cif,Se2S,-4.1897,1.465,Semiconductor,I4_1/amd,141,48
LiSeO_id4072_E-4.19.cif,LiSeO,-4.1887,2.571,Semiconductor,P4_2/ncm,138,12
Ge_id2954_E-4.19.cif,Ge,-4.1874,0.0,Metal,P2/m,10,6
TeAs3PSe_id4744_E-4.18.cif,TeAs3PSe,-4.1848,0.823,Semiconductor,Pca2_1,29,24
Sc2TiZnGa2_id36_E-4.18.cif,Sc2TiZnGa2,-4.1829,0.0,Metal,P4_2bc,106,48
Ti12B_id4664_E-4.18.cif,Ti12B,-4.182,2.468,Semiconductor,I432,211,26
K2Ba4CN2O3_id2729_E-4.18.cif,K2Ba4CN2O3,-4.1813,0.0,Metal,P3_121,152,36
InSiGe5_id210_E-4.18.cif,InSiGe5,-4.1799,0.0,Metal,P-42m,111,7
MgS_id1153_E-4.18.cif,MgS,-4.1774,2.805,Semiconductor,Aea2,41,16
As9Se2S_id4950_E-4.18.cif,As9Se2S,-4.1764,0.0,Metal,I-42d,122,48
NaSn(AsP)2_id501_E-4.17.cif,NaSn(AsP)2,-4.1745,0.0,Metal,I4_122,98,24
B2Sb3P2_id3904_E-4.17.cif,B2Sb3P2,-4.1734,0.9,Semiconductor,P4_12_12,92,28
SrLi3SO2_id872_E-4.17.cif,SrLi3SO2,-4.1734,3.887,Insulator,P4/nmm,129,14
LiAl2Si(TeS)2_id3041_E-4.17.cif,LiAl2Si(TeS)2,-4.1716,0.294,Semiconductor,Pcca,54,32
O2_id2146_E-4.17.cif,O2,-4.1709,1.118,Semiconductor,Pba2,32,28
Ca3AsS3_id1384_E-4.17.cif,Ca3AsS3,-4.1699,0.808,Semiconductor,P6_3,173,14
LiMg3Se3O4_id1379_E-4.17.cif,LiMg3Se3O4,-4.1697,1.235,Semiconductor,Pm-3n,223,22
Li2ZnO6_id218_E-4.17.cif,Li2ZnO6,-4.1695,1.656,Semiconductor,C2/m,12,18
BaCa3O5_id4823_E-4.17.cif,BaCa3O5,-4.1695,3.677,Insulator,Cmme,67,36
ScZnSn2_id2421_E-4.17.cif,ScZnSn2,-4.1694,0.0,Metal,Fm-3m,225,16
SrLiP2(SeS)4_id4336_E-4.17.cif,SrLiP2(SeS)4,-4.1692,1.223,Semiconductor,I-42d,122,48
CaZn3C4O3_id4317_E-4.17.cif,CaZn3C4O3,-4.1674,0.672,Semiconductor,Pm-3n,223,22
Na(GeS4)2_id3108_E-4.17.cif,Na(GeS4)2,-4.1672,0.0,Metal,P-42m,111,11
Al2ZnSiSe4_id830_E-4.17.cif,Al2ZnSiSe4,-4.166,1.853,Semiconductor,I-42m,121,16
AlSnS_id4938_E-4.16.cif,AlSnS,-4.1647,0.0,Metal,P6_522,179,18
Mg4(As2S)3_id1396_E-4.16.cif,Mg4(As2S)3,-4.1646,0.0,Metal,Pm-3m,221,26
LiMg(InS2)2_id2685_E-4.16.cif,LiMg(InS2)2,-4.1635,1.538,Semiconductor,I-42m,121,16
Sc3Cd_id4854_E-4.16.cif,Sc3Cd,-4.163,0.0,Metal,Ibca,73,32
BaAsP_id193_E-4.16.cif,BaAsP,-4.1627,0.0,Metal,P6_3/mmc,194,6
Cd2(SO)3_id1761_E-4.16.cif,Cd2(SO)3,-4.1612,1.218,Semiconductor,P6_3/mcm,193,16
Ga2Sb(SeO)6_id4130_E-4.16.cif,Ga2Sb(SeO)6,-4.1593,2.06,Semiconductor,R-3,148,45
Ge3Sb(AsSe)4_id4391_E-4.16.cif,Ge3Sb(AsSe)4,-4.1583,0.0,Metal,I-42m,121,24
Ca2NO18_id3655_E-4.16.cif,Ca2NO18,-4.1557,0.163,Semiconductor,P1,1,21
CaSbO19_id4732_E-4.15.cif,CaSbO19,-4.1541,2.4,Semiconductor,Pc,7,42
Ge_id4472_E-4.15.cif,Ge,-4.1539,0.0,Metal,P2_12_12_1,19,8
AlSe_id4734_E-4.15.cif,AlSe,-4.1528,1.637,Semiconductor,Pca2_1,29,8
BeSi2Ge_id3454_E-4.15.cif,BeSi2Ge,-4.1527,0.0,Metal,Cmm2,35,16
BAs12_id2172_E-4.15.cif,BAs12,-4.151,0.081,Semiconductor,I432,211,26
LiZn3O8_id1373_E-4.15.cif,LiZn3O8,-4.1498,0.0,Metal,I-42d,122,48
As2O5_id2250_E-4.15.cif,As2O5,-4.1494,0.029,Metal,P6/mmm,191,7
K2GaSiS4_id580_E-4.15.cif,K2GaSiS4,-4.1492,0.015,Metal,I-42d,122,32
GeAs2S_id1388_E-4.15.cif,GeAs2S,-4.1477,0.254,Semiconductor,P2/m,10,4
LiSi2Ge_id1468_E-4.15.cif,LiSi2Ge,-4.1476,0.169,Semiconductor,P4_2/m,84,16
InAs6_id28_E-4.15.cif,InAs6,-4.1458,0.226,Semiconductor,P-42m,111,7
KIn(AsO)2_id1617_E-4.14.cif,KIn(AsO)2,-4.1436,0.005,Metal,P-3m1,164,6
ZnSiBAsP7S_id4523_E-4.14.cif,ZnSiBAsP7S,-4.141,0.59,Semiconductor,P2_1,4,24
KSnAs6P_id3801_E-4.14.cif,KSnAs6P,-4.1408,0.0,Metal,P312,149,9
Ba3P(SeO2)4_id4079_E-4.14.cif,Ba3P(SeO2)4,-4.1396,1.274,Semiconductor,I222,23,32
Ga2Si4Sn_id2142_E-4.14.cif,Ga2Si4Sn,-4.1386,0.0,Metal,I-42d,122,28
As_id1997_E-4.14.cif,As,-4.1385,0.0,Metal,I4/mcm,140,8
In3O2_id2431_E-4.13.cif,In3O2,-4.1339,0.0,Metal,Pa-3,205,20
As3Se2_id4206_E-4.13.cif,As3Se2,-4.1327,0.0,Metal,P6_122,178,30
MgBO4_id4692_E-4.13.cif,MgBO4,-4.1327,4.632,Insulator,P4/n,85,12
In6Sn(TeO)4_id2506_E-4.13.cif,In6Sn(TeO)4,-4.1325,0.527,Semiconductor,I-42m,121,30
LiSc4Zn3_id2936_E-4.13.cif,LiSc4Zn3,-4.132,0.0,Metal,Im-3m,229,16
BaLi2B4As2O11_id405_E-4.13.cif,BaLi2B4As2O11,-4.1309,0.929,Semiconductor,C2,5,40
CaGe4_id1823_E-4.13.cif,CaGe4,-4.1308,0.0,Metal,I-4m2,119,20
K3Na2Sr2O29_id3568_E-4.13.cif,K3Na2Sr2O29,-4.1303,0.0,Metal,P-1,2,36
LiMgZnGeO17_id3987_E-4.13.cif,LiMgZnGeO17,-4.1302,1.44,Semiconductor,Pc,7,42
GeSb_id1798_E-4.12.cif,GeSb,-4.1247,0.0,Metal,Fd-3m,227,16
CdSi3(AsS)3_id4527_E-4.12.cif,CdSi3(AsS)3,-4.1227,0.001,Metal,P6_3mc,186,20
K2Na3O8_id2368_E-4.12.cif,K2Na3O8,-4.1187,0.074,Semiconductor,Pmna,53,26
SrZn2(SbO3)2_id483_E-4.12.cif,SrZn2(SbO3)2,-4.1171,2.006,Semiconductor,P6_3/mmc,194,22
O2_id2408_E-4.12.cif,O2,-4.117,0.941,Semiconductor,P1,1,34
KSn(PO10)2_id2583_E-4.12.cif,KSn(PO10)2,-4.1163,1.892,Semiconductor,P-3,147,24
Li(MgP2)2_id541_E-4.12.cif,Li(MgP2)2,-4.1162,2.255,Semiconductor,I4_1/a,88,28
MgS4_id614_E-4.12.cif,MgS4,-4.1155,2.228,Semiconductor,P3_221,154,15
BaBe3B3N_id2688_E-4.11.cif,BaBe3B3N,-4.1135,0.0,Metal,P6_3mc,186,16
S_id1821_E-4.11.cif,S,-4.1134,1.267,Semiconductor,P6/mmm,191,12
S_id1029_E-4.11.cif,S,-4.1132,0.144,Semiconductor,Pm-3m,221,12
S_id454_E-4.11.cif,S,-4.1129,1.25,Semiconductor,Pbca,61,16
Ge_id648_E-4.11.cif,Ge,-4.1097,0.0,Metal,P4_132,213,20
BaO7_id2074_E-4.11.cif,BaO7,-4.1093,1.4,Semiconductor,P6_322,182,16
GeAs7Se4_id2499_E-4.11.cif,GeAs7Se4,-4.1052,1.158,Semiconductor,I-42d,122,48
SnGe8_id369_E-4.10.cif,SnGe8,-4.1013,0.0,Metal,P422,89,18
CaGe2Sb2AsSe_id2549_E-4.10.cif,CaGe2Sb2AsSe,-4.1005,0.601,Semiconductor,Cmcm,63,28
K2(GaO4)3_id607_E-4.10.cif,K2(GaO4)3,-4.1003,0.0,Metal,P-31c,163,34
GaGe7_id4208_E-4.10.cif,GaGe7,-4.0999,0.0,Metal,Pm-3,200,8
Sc5In2_id443_E-4.10.cif,Sc5In2,-4.0977,0.0,Metal,Pnnn,48,14
Na2SbO5_id795_E-4.10.cif,Na2SbO5,-4.0966,1.33,Semiconductor,P6/mmm,191,16
S_id1676_E-4.10.cif,S,-4.0963,1.766,Semiconductor,Pbca,61,16
SrLi4O11_id1740_E-4.10.cif,SrLi4O11,-4.096,0.881,Semiconductor,P4/n,85,32
BePSe_id1377_E-4.10.cif,BePSe,-4.0957,1.516,Semiconductor,Pca2_1,29,12
LiInGeSe4_id1472_E-4.09.cif,LiInGeSe4,-4.0918,0.939,Semiconductor,P-42m,111,7
As_id3954_E-4.09.cif,As,-4.0893,0.956,Semiconductor,P2_12_12,18,8
LiGa(BO4)2_id4917_E-4.09.cif,LiGa(BO4)2,-4.0887,2.561,Semiconductor,P-42_1c,114,24
SnSbAsSe_id604_E-4.09.cif,SnSbAsSe,-4.0858,0.0,Metal,F-43m,216,16
BaSr3(NO2)3_id1662_E-4.08.cif,BaSr3(NO2)3,-4.0831,0.0,Metal,P6mm,183,13
Li4Ti4AsO2_id3081_E-4.08.cif,Li4Ti4AsO2,-4.0827,1.368,Semiconductor,P4mm,99,11
Ti6AlZnGa6_id3520_E-4.08.cif,Ti6AlZnGa6,-4.0818,0.0,Metal,Pm-3,200,14
KCdO4_id2148_E-4.08.cif,KCdO4,-4.0799,2.649,Semiconductor,P4/mmm,123,12
S_id4042_E-4.08.cif,S,-4.0796,1.388,Semiconductor,Pbca,61,32
BAs12_id2362_E-4.08.cif,BAs12,-4.0792,0.074,Semiconductor,I432,211,26
CaSiP2_id1713_E-4.08.cif,CaSiP2,-4.0784,0.008,Metal,Pca2_1,29,16
LiSbO_id4801_E-4.08.cif,LiSbO,-4.0751,1.582,Semiconductor,P-42_1m,113,12
Mg4Be4B2P4NO9_id3969_E-4.07.cif,Mg4Be4B2P4NO9,-4.0747,2.436,Semiconductor,P4bm,100,48
KGaPS2_id3589_E-4.07.cif,KGaPS2,-4.0743,2.019,Semiconductor,P3_221,154,15
LiSc2AlZn4O4_id1233_E-4.07.cif,LiSc2AlZn4O4,-4.0737,0.0,Metal,F-43m,216,48
CaGe2_id877_E-4.07.cif,CaGe2,-4.0732,0.0,Metal,P2_1/m,11,6
S_id2518_E-4.07.cif,S,-4.073,0.72,Semiconductor,Pbca,61,16
GaSi2_id836_E-4.07.cif,GaSi2,-4.0729,0.0,Metal,P6/mcc,192,36
Li6AsP(SO2)2_id2065_E-4.07.cif,Li6AsP(SO2)2,-4.0716,2.08,Semiconductor,Pnn2,34,56
K6BaCaO26_id1586_E-4.07.cif,K6BaCaO26,-4.0715,0.014,Metal,P-3,147,34
Sc_id2394_E-4.07.cif,Sc,-4.07,0.0,Metal,Ia-3d,230,32
LiS12_id4078_E-4.07.cif,LiS12,-4.07,0.009,Metal,Pba2,32,26
Sc_id4163_E-4.07.cif,Sc,-4.0695,0.0,Metal,P4/mmm,123,10
Si2Sn_id1939_E-4.07.cif,Si2Sn,-4.0685,0.0,Metal,I4_1cd,110,48
As2PS8_id2071_E-4.07.cif,As2PS8,-4.0684,1.867,Semiconductor,Pmna,53,22
O2_id1644_E-4.07.cif,O2,-4.0654,0.0,Metal,Pba2,32,38
GaAs_id2427_E-4.06.cif,GaAs,-4.0646,0.045,Metal,F-43m,216,8
PS9_id3430_E-4.06.cif,PS9,-4.0644,0.666,Semiconductor,Pccn,56,40
CaZnO2_id329_E-4.06.cif,CaZnO2,-4.0637,2.091,Semiconductor,I4/mcm,140,16
GaO26_id4353_E-4.06.cif,GaO26,-4.062,0.775,Semiconductor,P1,1,27
Sc3ZnIn_id4726_E-4.06.cif,Sc3ZnIn,-4.0618,0.0,Metal,Pm-3m,221,5
ZnO_id4296_E-4.06.cif,ZnO,-4.061,2.706,Semiconductor,I4_1/amd,141,16
BaNaO6_id4562_E-4.06.cif,BaNaO6,-4.061,4.038,Insulator,P6_322,182,16
AsSe_id926_E-4.06.cif,AsSe,-4.0595,1.264,Semiconductor,I-42d,122,16
LiAs3_id839_E-4.06.cif,LiAs3,-4.0588,0.117,Semiconductor,P-4n2,118,8
S_id4176_E-4.06.cif,S,-4.0576,1.349,Semiconductor,Pbca,61,24
SbAsS18O_id2721_E-4.06.cif,SbAsS18O,-4.0566,1.877,Semiconductor,P1,1,21
Ca2SiTeC(SeS)2_id3123_E-4.06.cif,Ca2SiTeC(SeS)2,-4.0563,1.39,Semiconductor,P2/m,10,9
BeSi3_id2242_E-4.06.cif,BeSi3,-4.0562,0.0,Metal,P2_12_12,18,32
ScGa_id3010_E-4.06.cif,ScGa,-4.056,0.0,Metal,F-43m,216,8
Cd(GeSe2)2_id4422_E-4.06.cif,Cd(GeSe2)2,-4.0557,1.054,Semiconductor,P-42m,111,7
KNa2Ca(AsO)4_id4910_E-4.05.cif,KNa2Ca(AsO)4,-4.0533,0.948,Semiconductor,I4_1/a,88,48
Al2ZnAs8(PS2)2_id1569_E-4.05.cif,Al2ZnAs8(PS2)2,-4.0532,0.589,Semiconductor,P-42m,111,17
SiSnGeAs_id1093_E-4.05.cif,SiSnGeAs,-4.0531,0.0,Metal,P1,1,16
S_id451_E-4.05.cif,S,-4.0527,2.207,Semiconductor,Pbca,61,24
BaO15_id2786_E-4.05.cif,BaO15,-4.0526,2.164,Semiconductor,P6/mmm,191,16
BAs12_id2285_E-4.05.cif,BAs12,-4.0513,0.577,Semiconductor,I432,211,26
Ba3Ge4As3P_id2310_E-4.05.cif,Ba3Ge4As3P,-4.0507,0.0,Metal,Imm2,44,22
ScSe_id3525_E-4.05.cif,ScSe,-4.0493,0.259,Semiconductor,P4_232,208,24
K2TiTe4_id157_E-4.05.cif,K2TiTe4,-4.0488,0.098,Semiconductor,P4_2/mcm,132,14
BaO9_id4600_E-4.05.cif,BaO9,-4.0487,1.118,Semiconductor,I4_1/a,88,40
MgAlZn2O4_id2210_E-4.05.cif,MgAlZn2O4,-4.0486,0.094,Semiconductor,P-42c,112,16
Ga3O_id2169_E-4.05.cif,Ga3O,-4.048,0.0,Metal,P6_322,182,16
GeS6_id2263_E-4.05.cif,GeS6,-4.0471,1.186,Semiconductor,I-42d,122,28
MgSnGeAs4_id2284_E-4.05.cif,MgSnGeAs4,-4.0466,0.0,Metal,Pnn2,34,14
Li2Be2Sb2Se2S7_id595_E-4.05.cif,Li2Be2Sb2Se2S7,-4.0459,1.67,Semiconductor,P4nc,104,60
KGaO_id3292_E-4.05.cif,KGaO,-4.0454,0.835,Semiconductor,Cmme,67,12
KO10_id453_E-4.05.cif,KO10,-4.0453,0.0,Metal,Aea2,41,44
Na2Li2Zn2GeO18_id4574_E-4.04.cif,Na2Li2Zn2GeO18,-4.0437,1.465,Semiconductor,Pnn2,34,50
Te(AsS2)2_id4876_E-4.04.cif,Te(AsS2)2,-4.0436,0.0,Metal,I-42d,122,28
NaGeS24_id3401_E-4.04.cif,NaGeS24,-4.0416,0.146,Semiconductor,P4/n,85,52
SbTeAs3_id923_E-4.04.cif,SbTeAs3,-4.0408,0.812,Semiconductor,Pnn2,34,10
K3NaScO18_id2189_E-4.04.cif,K3NaScO18,-4.04,1.439,Semiconductor,P-31c,163,46
Sc8Al8B8C2N_id3856_E-4.04.cif,Sc8Al8B8C2N,-4.0396,0.0,Metal,I422,97,54
Ca3PSe2_id922_E-4.04.cif,Ca3PSe2,-4.0383,0.936,Semiconductor,Pn-3m,224,12
O2_id2207_E-4.04.cif,O2,-4.0383,2.09,Semiconductor,Pba2,32,26
Ba3Na2AsO3_id4901_E-4.04.cif,Ba3Na2AsO3,-4.0379,0.0,Metal,R32,155,27
Li2AlInSe4_id2801_E-4.04.cif,Li2AlInSe4,-4.0376,0.929,Semiconductor,I-42d,122,32
SnGe2_id239_E-4.04.cif,SnGe2,-4.0375,0.0,Metal,I4_1md,109,12
Sb_id4554_E-4.04.cif,Sb,-4.0352,0.0,Metal,P4/nmm,129,4
S_id4621_E-4.04.cif,S,-4.0351,0.0,Metal,Pbca,61,16
LiSi2As_id3798_E-4.03.cif,LiSi2As,-4.0348,1.306,Semiconductor,P4_32_12,96,16
GeAs_id4271_E-4.03.cif,GeAs,-4.0333,0.0,Metal,Pmmm,47,6
KMg(GaS2)2_id3845_E-4.03.cif,KMg(GaS2)2,-4.0324,2.04,Semiconductor,I-42d,122,32
Ga2SiS2_id1089_E-4.03.cif,Ga2SiS2,-4.0313,1.465,Semiconductor,Pa-3,205,20
S_id71_E-4.03.cif,S,-4.0289,2.523,Semiconductor,Cc,9,12
BaGe2As3_id2761_E-4.03.cif,BaGe2As3,-4.0284,0.0,Metal,Pmmm,47,6
SbSe_id2400_E-4.03.cif,SbSe,-4.0271,0.0,Metal,P4_2/mmc,131,4
O2_id4162_E-4.03.cif,O2,-4.0261,1.073,Semiconductor,Pba2,32,28
GeSbTeAsSe_id1688_E-4.03.cif,GeSbTeAsSe,-4.026,0.87,Semiconductor,Pmmm,47,5
S_id1593_E-4.03.cif,S,-4.0259,1.511,Semiconductor,Pbca,61,8
ScS15_id1180_E-4.02.cif,ScS15,-4.0248,1.435,Semiconductor,P6_3mc,186,32
PS4_id1947_E-4.02.cif,PS4,-4.0246,2.334,Semiconductor,R-3m,166,15
ScGa3Sn2_id998_E-4.02.cif,ScGa3Sn2,-4.0227,0.0,Metal,P6/mmm,191,6
Sb5Se2_id770_E-4.02.cif,Sb5Se2,-4.0214,0.0,Metal,I-42d,122,28
AlZnP4_id24_E-4.02.cif,AlZnP4,-4.0179,1.286,Semiconductor,I4_1/a,88,24
Sc_id2555_E-4.02.cif,Sc,-4.0177,0.0,Metal,Im-3m,229,20
LiIn2(TeO2)2_id1062_E-4.02.cif,LiIn2(TeO2)2,-4.0174,0.0,Metal,Pban,50,18
Al2Zn2InO10_id990_E-4.02.cif,Al2Zn2InO10,-4.0167,1.522,Semiconductor,Cccm,66,60
Sn4Ge_id2736_E-4.01.cif,Sn4Ge,-4.0142,0.0,Metal,P-42_1c,114,10
ScSe4_id457_E-4.01.cif,ScSe4,-4.0135,0.0,Metal,I4/m,87,10
CaAs4_id2244_E-4.01.cif,CaAs4,-4.0133,0.423,Semiconductor,I4_1/a,88,20
KSn(SO2)4_id4134_E-4.01.cif,KSn(SO2)4,-4.0119,1.846,Semiconductor,P4/nbm,125,28
Mg4B4AsN4O11_id4030_E-4.01.cif,Mg4B4AsN4O11,-4.0119,3.645,Insulator,P2/c,13,48
TiZnTe3_id4000_E-4.01.cif,TiZnTe3,-4.0116,0.0,Metal,P3_221,154,15
SnTeAs_id3979_E-4.01.cif,SnTeAs,-4.0112,0.037,Metal,Pca2_1,29,12
S_id3084_E-4.01.cif,S,-4.0104,0.265,Semiconductor,Pbca,61,8
SrGe5_id951_E-4.01.cif,SrGe5,-4.0102,0.0,Metal,P-4n2,118,12
K2BaAlO36_id2536_E-4.01.cif,K2BaAlO36,-4.0096,0.0,Metal,P-3,147,40
KNaCdSbAs2PSNO_id3789_E-4.01.cif,KNaCdSbAs2PSNO,-4.009,1.221,Semiconductor,Cc,9,40
LiO28_id971_E-4.01.cif,LiO28,-4.0085,0.01,Metal,P2,3,29
Li3Ga3SbS4_id1920_E-4.01.cif,Li3Ga3SbS4,-4.0079,0.0,Metal,P-43m,215,11
CaZn3P4N3_id3284_E-4.01.cif,CaZn3P4N3,-4.0055,0.0,Metal,Pm-3n,223,22
S_id3501_E-4.00.cif,S,-4.0036,2.047,Semiconductor,Pbca,61,16
Mg2CdIn4GaO8_id2171_E-4.00.cif,Mg2CdIn4GaO8,-4.0035,1.237,Semiconductor,P-42c,112,32
Al(TeS3)2_id811_E-4.00.cif,Al(TeS3)2,-4.002,0.788,Semiconductor,P321,150,9
TeAs6Se_id2010_E-4.00.cif,TeAs6Se,-4.0019,1.21,Semiconductor,P2/c,13,16
SiSnGe(SbAs4)2_id320_E-4.00.cif,SiSnGe(SbAs4)2,-4.0005,0.0,Metal,Cmme,67,52
Sn7Sb3_id2900_E-4.00.cif,Sn7Sb3,-3.9998,0.0,Metal,I-43d,220,40
KLi2GaO4_id2245_E-4.00.cif,KLi2GaO4,-3.9991,2.334,Semiconductor,C222,21,32
KLi4Ga6AsPO8_id3658_E-4.00.cif,KLi4Ga6AsPO8,-3.999,0.636,Semiconductor,I222,23,42
GeAs3Se4_id2495_E-4.00.cif,GeAs3Se4,-3.999,0.95,Semiconductor,P2/m,10,8
O2_id3167_E-4.00.cif,O2,-3.9986,0.813,Semiconductor,Pnma,62,24
Cd(P2O)2_id2187_E-4.00.cif,Cd(P2O)2,-3.9973,2.509,Semiconductor,Amm2,38,14
S_id586_E-4.00.cif,S,-3.9972,0.27,Semiconductor,Pbca,61,16
Sc6Al12CdIn_id243_E-4.00.cif,Sc6Al12CdIn,-3.997,0.0,Metal,Pm-3,200,20
S_id2979_E-4.00.cif,S,-3.9964,2.423,Semiconductor,Pbca,61,16
AsSeS2_id1545_E-4.00.cif,AsSeS2,-3.9963,0.002,Metal,I-42d,122,16
Li4GeB7_id292_E-4.00.cif,Li4GeB7,-3.9956,2.234,Semiconductor,P42_12,90,24
SnGe6_id1595_E-3.99.cif,SnGe6,-3.9941,0.0,Metal,Pccm,49,14
S_id2913_E-3.99.cif,S,-3.9935,1.043,Semiconductor,Pbca,61,16
GeSeS2_id3373_E-3.99.cif,GeSeS2,-3.9934,1.256,Semiconductor,I-42d,122,16
GeAs7Se_id3689_E-3.99.cif,GeAs7Se,-3.9913,0.003,Metal,P2/c,13,18
Sb4TeAs2P_id4806_E-3.99.cif,Sb4TeAs2P,-3.9905,0.0,Metal,P-1,2,16
ZnGe17_id2470_E-3.99.cif,ZnGe17,-3.988,0.0,Metal,P4/mcc,124,36
K4Sn2GeO3_id1871_E-3.99.cif,K4Sn2GeO3,-3.9879,2.098,Semiconductor,P6mm,183,20
BaNaLi8Mg6Be6Zn6Si6(NO2)6_id853_E-3.99.cif,BaNaLi8Mg6Be6Zn6Si6(NO2)6,-3.9852,1.031,Semiconductor,P321,150,52
Zn2GaO2_id3831_E-3.98.cif,Zn2GaO2,-3.9846,0.0,Metal,C222,21,10
Sc3Zn6(SeO3)2_id3853_E-3.98.cif,Sc3Zn6(SeO3)2,-3.9845,0.0,Metal,P6,168,17
Ga3B3Sb_id1652_E-3.98.cif,Ga3B3Sb,-3.9831,0.003,Metal,R-3c,167,42
NaGe7_id931_E-3.98.cif,NaGe7,-3.9829,0.0,Metal,Pm-3,200,8
TiTe3_id628_E-3.98.cif,TiTe3,-3.9805,0.0,Metal,Aea2,41,32
CdO_id2494_E-3.98.cif,CdO,-3.9802,0.76,Semiconductor,P4_2/ncm,138,8
Ge_id1962_E-3.98.cif,Ge,-3.9797,0.0,Metal,P2_12_12_1,19,20
CaAs_id4685_E-3.98.cif,CaAs,-3.9796,0.015,Metal,Imma,74,8
BaGa2O_id684_E-3.98.cif,BaGa2O,-3.9795,0.0,Metal,I4/mmm,139,8
TiZnO13_id4700_E-3.98.cif,TiZnO13,-3.9792,1.083,Semiconductor,P4bm,100,30
K2InNO2_id4568_E-3.98.cif,K2InNO2,-3.979,0.917,Semiconductor,Pa-3,205,24
Ba3Na6(PO3)2_id2652_E-3.98.cif,Ba3Na6(PO3)2,-3.9779,0.01,Metal,P6cc,184,34
GeSb_id1562_E-3.98.cif,GeSb,-3.9779,0.0,Metal,P3_221,154,6
Li2AsP2_id3764_E-3.97.cif,Li2AsP2,-3.9735,1.203,Semiconductor,Cc,9,20
SnSe_id726_E-3.97.cif,SnSe,-3.9731,0.0,Metal,P4/m,83,8
Li3TiGa3SnSe4_id3422_E-3.97.cif,Li3TiGa3SnSe4,-3.9723,0.0,Metal,P-43m,215,12
CaSeS_id3465_E-3.97.cif,CaSeS,-3.9704,1.308,Semiconductor,Pbca,61,24
Ge4Sb4C_id709_E-3.97.cif,Ge4Sb4C,-3.9692,0.0,Metal,P4_2/nmc,137,18
K(GaSe2)2_id2588_E-3.97.cif,K(GaSe2)2,-3.969,0.632,Semiconductor,P-42m,111,7
Al(GaGe3)2_id3275_E-3.97.cif,Al(GaGe3)2,-3.9689,0.0,Metal,P-42m,111,9
KS7_id751_E-3.97.cif,KS7,-3.9682,1.326,Semiconductor,R32,155,24
Ge2Sb2Te4AsP(SeS)2_id564_E-3.97.cif,Ge2Sb2Te4AsP(SeS)2,-3.9672,1.538,Semiconductor,P6_4,172,42
ZnSN_id381_E-3.97.cif,ZnSN,-3.9672,0.003,Metal,P6_122,178,18
K6SrGa6AsO6_id438_E-3.96.cif,K6SrGa6AsO6,-3.9612,1.655,Semiconductor,R-3,148,60
Li(GeAs)2_id2829_E-3.96.cif,Li(GeAs)2,-3.9595,0.0,Metal,P4_2/mmc,131,20
As_id3968_E-3.96.cif,As,-3.9589,2.075,Semiconductor,Pnn2,34,10
LiSc2Al4Zn_id2634_E-3.96.cif,LiSc2Al4Zn,-3.9585,0.0,Metal,I4/mmm,139,16
Li11Zn3(PO5)2_id3403_E-3.96.cif,Li11Zn3(PO5)2,-3.9584,0.0,Metal,P-1,2,26
KSrCdO9_id242_E-3.96.cif,KSrCdO9,-3.9564,0.753,Semiconductor,P6_322,182,24
Sn(GeAs2)2_id2328_E-3.95.cif,Sn(GeAs2)2,-3.9539,0.0,Metal,Ima2,46,28
TeS5_id3231_E-3.95.cif,TeS5,-3.9536,1.086,Semiconductor,C2/m,12,12
ScZn_id4035_E-3.95.cif,ScZn,-3.9528,0.0,Metal,P6_3/mcm,193,12
GeSe3_id97_E-3.95.cif,GeSe3,-3.9498,1.314,Semiconductor,Pna2_1,33,16
ZnSi2Ge2As_id3717_E-3.95.cif,ZnSi2Ge2As,-3.9496,0.0,Metal,P-4n2,118,12
Sn2GeTe3_id3450_E-3.95.cif,Sn2GeTe3,-3.9485,0.0,Metal,C2/m,12,12
Sc3Cd3Sn4_id3744_E-3.94.cif,Sc3Cd3Sn4,-3.9447,0.0,Metal,I-43d,220,40
Sb_id2772_E-3.94.cif,Sb,-3.9439,0.0,Metal,Cmm2,35,8
BaAsS2NO_id3692_E-3.94.cif,BaAsS2NO,-3.9438,2.431,Semiconductor,C2,5,36
Sc2Ti2GeN2_id1563_E-3.94.cif,Sc2Ti2GeN2,-3.9431,1.558,Semiconductor,Pa-3,205,28
Na2CdSe3(S4O)3_id4385_E-3.94.cif,Na2CdSe3(S4O)3,-3.943,1.82,Semiconductor,P31m,157,21
CaTe_id3086_E-3.94.cif,CaTe,-3.9426,0.178,Semiconductor,P3_221,154,6
Ge_id86_E-3.94.cif,Ge,-3.9408,0.0,Metal,P6_522,179,18
ScBeGa_id918_E-3.94.cif,ScBeGa,-3.9396,0.0,Metal,Pcc2,27,12
Ca2Si2Ge2CN2_id4340_E-3.94.cif,Ca2Si2Ge2CN2,-3.9394,0.353,Semiconductor,Cm,8,18
MgSc_id3277_E-3.94.cif,MgSc,-3.936,0.0,Metal,Fd-3m,227,32
S_id1938_E-3.93.cif,S,-3.9344,0.006,Metal,Pbca,61,16
Li3InS4_id1270_E-3.93.cif,Li3InS4,-3.9336,2.228,Semiconductor,I-42d,122,32
LiGe3_id3460_E-3.93.cif,LiGe3,-3.9332,0.0,Metal,I4/mmm,139,8
S_id3646_E-3.93.cif,S,-3.9325,0.185,Semiconductor,P6_4,172,30
CdO2_id1914_E-3.93.cif,CdO2,-3.9298,0.0,Metal,P6/mmm,191,9
SnTe_id2898_E-3.93.cif,SnTe,-3.9293,0.0,Metal,F-43m,216,8
ZnSi2B_id3205_E-3.93.cif,ZnSi2B,-3.9273,0.008,Metal,P6_522,179,24
As_id4814_E-3.93.cif,As,-3.9252,0.409,Semiconductor,P4_2/mmc,131,6
Na4Li4GeO20_id3171_E-3.92.cif,Na4Li4GeO20,-3.9237,2.211,Semiconductor,P-4,81,29
InSiSe4_id2923_E-3.92.cif,InSiSe4,-3.9235,0.016,Metal,P4/nbm,125,12
Na(SeS)2_id2188_E-3.92.cif,Na(SeS)2,-3.9235,0.919,Semiconductor,Cccm,66,20
In2SiGe2SbAs2P2SeS10_id3816_E-3.92.cif,In2SiGe2SbAs2P2SeS10,-3.9235,0.891,Semiconductor,P1,1,21
Li6CdO9_id2660_E-3.92.cif,Li6CdO9,-3.9227,0.0,Metal,P6_3/m,176,32
ScAl2_id2327_E-3.92.cif,ScAl2,-3.9214,0.0,Metal,P6/mmm,191,24
TiAlO7_id710_E-3.92.cif,TiAlO7,-3.9212,0.175,Semiconductor,Ama2,40,36
SnAs2_id4499_E-3.92.cif,SnAs2,-3.9194,0.0,Metal,Pccm,49,6
InGe3_id2783_E-3.92.cif,InGe3,-3.9186,0.0,Metal,P-3m1,164,4
LiScAlIn_id2703_E-3.92.cif,LiScAlIn,-3.9165,0.0,Metal,F-43m,216,16
Ga3N_id394_E-3.92.cif,Ga3N,-3.9163,0.153,Semiconductor,Im-3m,229,8
KNaAlO4_id119_E-3.92.cif,KNaAlO4,-3.9157,4.818,Insulator,Pban,50,14
Sn_id2502_E-3.92.cif,Sn,-3.9153,0.0,Metal,Im-3m,229,16
KIn4O8_id2336_E-3.91.cif,KIn4O8,-3.9146,0.54,Semiconductor,P4_2/n,86,26
Mg8Sc15_id3650_E-3.91.cif,Mg8Sc15,-3.9135,0.0,Metal,Pm-3m,221,23
K2P3_id3529_E-3.91.cif,K2P3,-3.9124,1.481,Semiconductor,I4mm,107,20
Ba2Ca2AsSeO8_id2087_E-3.91.cif,Ba2Ca2AsSeO8,-3.912,1.602,Semiconductor,P3_221,154,42
LiO21_id581_E-3.91.cif,LiO21,-3.9119,0.016,Metal,Pba2,32,44
BaLiSe4(S4O)2_id2371_E-3.91.cif,BaLiSe4(S4O)2,-3.9119,0.648,Semiconductor,P-1,2,32
K(GaS2)2_id440_E-3.91.cif,K(GaS2)2,-3.9114,2.82,Semiconductor,P4/nbm,125,14
GaGe2_id719_E-3.91.cif,GaGe2,-3.9113,0.0,Metal,I4_1/amd,141,12
Sn_id1197_E-3.91.cif,Sn,-3.9111,0.0,Metal,P4/mmm,123,12
Ba2S_id3827_E-3.91.cif,Ba2S,-3.9106,0.0,Metal,Pn-3m,224,6
Ga2SiAs2_id774_E-3.91.cif,Ga2SiAs2,-3.9101,0.0,Metal,Pccm,49,10
NaLi2AlGeP2O_id4719_E-3.91.cif,NaLi2AlGeP2O,-3.9101,0.06,Semiconductor,P4_322,95,32
KAs3_id4141_E-3.91.cif,KAs3,-3.9088,0.971,Semiconductor,Immm,71,8
InS2_id2050_E-3.91.cif,InS2,-3.9077,1.953,Semiconductor,Aea2,41,24
BaO4_id4513_E-3.91.cif,BaO4,-3.907,0.0,Metal,P4_2/n,86,10
GaGeSe_id4383_E-3.90.cif,GaGeSe,-3.905,0.0,Metal,P-42_1m,113,12
MgSc2_id3980_E-3.90.cif,MgSc2,-3.9049,0.0,Metal,I4/mmm,139,6
Mg4Te4S5O4_id2563_E-3.90.cif,Mg4Te4S5O4,-3.9024,1.354,Semiconductor,P-42_1c,114,34
K(GeSe2)2_id3177_E-3.90.cif,K(GeSe2)2,-3.9015,0.874,Semiconductor,P4/mmm,123,7
K4Na(GeO)3_id1249_E-3.90.cif,K4Na(GeO)3,-3.9014,0.517,Semiconductor,P31c,159,22
Sn3(GeTe)4_id2253_E-3.90.cif,Sn3(GeTe)4,-3.9011,0.0,Metal,P6/mmm,191,11
LiSb4(PSe)2_id1827_E-3.90.cif,LiSb4(PSe)2,-3.9009,0.011,Metal,P4_2/mnm,136,18
Ti2Ga3Si2_id810_E-3.90.cif,Ti2Ga3Si2,-3.8993,0.004,Metal,P4_12_12,92,28
Ba2InSiAs2_id192_E-3.90.cif,Ba2InSiAs2,-3.8992,0.0,Metal,Pnnm,58,12
Sn_id1779_E-3.90.cif,Sn,-3.8987,0.0,Metal,P4/mmm,123,8
NaO5_id2435_E-3.90.cif,NaO5,-3.8982,2.167,Semiconductor,I4_1/a,88,24
CaIn4GaS8_id2340_E-3.90.cif,CaIn4GaS8,-3.8979,1.938,Semiconductor,I4/m,87,28
Li3CaSn3As4_id4299_E-3.90.cif,Li3CaSn3As4,-3.8978,0.0,Metal,Pm-3n,223,22
Sn_id250_E-3.90.cif,Sn,-3.8971,0.0,Metal,P6_3/mmc,194,6
Sn_id3247_E-3.89.cif,Sn,-3.8936,0.0,Metal,Pbcn,60,12
Sn4GeSb_id3143_E-3.89.cif,Sn4GeSb,-3.8935,0.0,Metal,P2/c,13,12
BeSi7_id325_E-3.89.cif,BeSi7,-3.8929,0.0,Metal,P2_1,4,16
LiSiSb2_id3683_E-3.89.cif,LiSiSb2,-3.8919,0.0,Metal,I4/mmm,139,8
BeAs_id1897_E-3.89.cif,BeAs,-3.8915,0.547,Semiconductor,C222_1,20,16
Li2In(AsSe2)2_id1720_E-3.89.cif,Li2In(AsSe2)2,-3.8914,0.0,Metal,P-42m,111,9
Sn_id1038_E-3.89.cif,Sn,-3.8914,0.0,Metal,Pm-3,200,8
S_id4313_E-3.89.cif,S,-3.8913,2.199,Semiconductor,Pba2,32,20
Li3ScGe3C_id4512_E-3.89.cif,Li3ScGe3C,-3.8888,0.0,Metal,Pm-3m,221,8
Li2Mg2AlO2_id2213_E-3.89.cif,Li2Mg2AlO2,-3.8884,0.0,Metal,C2/c,15,28
K2NaCdO9_id298_E-3.89.cif,K2NaCdO9,-3.8872,0.0,Metal,P4/n,85,26
Sn_id4852_E-3.88.cif,Sn,-3.8834,0.0,Metal,Fm-3m,225,28
CaZn4O6_id1355_E-3.88.cif,CaZn4O6,-3.8829,1.798,Semiconductor,I4/m,87,22
GeSb(AsP2)2_id2420_E-3.88.cif,GeSb(AsP2)2,-3.8828,0.954,Semiconductor,Pccm,49,16
Cd(AsSe2)2_id444_E-3.88.cif,Cd(AsSe2)2,-3.8809,0.005,Metal,P-42m,111,7
BaSi2_id3363_E-3.88.cif,BaSi2,-3.8809,0.155,Semiconductor,Ibam,72,24
SnTe4As2P2S_id4124_E-3.88.cif,SnTe4As2P2S,-3.8795,0.0,Metal,Pcca,54,40
Mg2Ti(Si2P)2_id1252_E-3.88.cif,Mg2Ti(Si2P)2,-3.8795,0.0,Metal,P4_2/mnm,136,18
CaSnSb2AsS16_id4971_E-3.88.cif,CaSnSb2AsS16,-3.8789,2.01,Semiconductor,P1,1,42
BaO4_id2806_E-3.88.cif,BaO4,-3.8776,0.0,Metal,P4_2/n,86,10
GeS4_id3257_E-3.88.cif,GeS4,-3.8775,1.211,Semiconductor,Pn-3,201,30
K2O2_id3908_E-3.88.cif,K2O2,-3.8768,1.803,Semiconductor,I-43d,220,24
Sn5Sb_id1824_E-3.88.cif,Sn5Sb,-3.8758,0.0,Metal,P-4m2,115,6
Sc4CdGa2_id2460_E-3.87.cif,Sc4CdGa2,-3.875,0.0,Metal,Fd-3m,227,56
O2_id3917_E-3.87.cif,O2,-3.8748,0.619,Semiconductor,Pc,7,42
BeSi_id3657_E-3.87.cif,BeSi,-3.8741,0.004,Metal,P4_2/mmc,131,32
Ga4GeO16_id4604_E-3.87.cif,Ga4GeO16,-3.8734,0.877,Semiconductor,P-43m,215,21
AlTe2_id2122_E-3.87.cif,AlTe2,-3.8731,0.0,Metal,Pcca,54,12
KAs3_id2567_E-3.87.cif,KAs3,-3.8728,1.083,Semiconductor,Immm,71,8
Sr2Ca3N4_id3097_E-3.87.cif,Sr2Ca3N4,-3.8726,0.0,Metal,P6/mmm,191,9
ZnCdSnO2_id4830_E-3.87.cif,ZnCdSnO2,-3.8713,0.035,Metal,Pccm,49,10
Sn2Te_id304_E-3.87.cif,Sn2Te,-3.8705,0.0,Metal,Pbcn,60,12
Ba(SbTe)4_id1967_E-3.87.cif,Ba(SbTe)4,-3.8685,0.219,Semiconductor,I4/m,87,18
Li3Ca2GaGePO13_id2928_E-3.87.cif,Li3Ca2GaGePO13,-3.8681,0.0,Metal,P1,1,42
SbPSeS6_id1630_E-3.87.cif,SbPSeS6,-3.867,1.34,Semiconductor,Pmmm,47,9
TiZnSn_id3280_E-3.86.cif,TiZnSn,-3.8623,0.013,Metal,P4/mmm,123,12
O2_id102_E-3.86.cif,O2,-3.862,2.156,Semiconductor,Pba2,32,22
Sn_id3244_E-3.86.cif,Sn,-3.8605,0.0,Metal,P6_3/mmc,194,4
Mg(GaP2)2_id2178_E-3.86.cif,Mg(GaP2)2,-3.8601,0.008,Metal,I4_1/a,88,28
Sb_id4389_E-3.86.cif,Sb,-3.8589,0.0,Metal,P4/nmm,129,8
LiP5_id3214_E-3.86.cif,LiP5,-3.8569,1.353,Semiconductor,I422,97,24
BaTiO4_id4077_E-3.86.cif,BaTiO4,-3.8566,2.723,Semiconductor,Ibam,72,48
CdO2_id870_E-3.86.cif,CdO2,-3.8564,1.28,Semiconductor,I4_122,98,12
CaGa(Sb2Se3)2_id4172_E-3.86.cif,CaGa(Sb2Se3)2,-3.8562,0.0,Metal,P-31c,163,24
LiSnSbAs2_id3412_E-3.86.cif,LiSnSbAs2,-3.856,0.0,Metal,Pccm,49,10
LiSnSbAs3_id3735_E-3.85.cif,LiSnSbAs3,-3.8545,0.051,Semiconductor,Pmmm,47,6
CaMgAl2ZnO2_id300_E-3.85.cif,CaMgAl2ZnO2,-3.8533,0.0,Metal,P3_121,152,21
TiCd(InAs)2_id2922_E-3.85.cif,TiCd(InAs)2,-3.8503,0.0,Metal,I4/mmm,139,12
Sn_id1933_E-3.85.cif,Sn,-3.8503,0.0,Metal,P-3m1,164,5
Al2S_id4711_E-3.85.cif,Al2S,-3.8494,0.0,Metal,Pba2,32,18
Sn_id3152_E-3.85.cif,Sn,-3.8493,0.0,Metal,Pm-3m,221,12
Sb_id2781_E-3.85.cif,Sb,-3.8483,0.0,Metal,I4_1/amd,141,24
Sr2Ga3Si2O_id2847_E-3.85.cif,Sr2Ga3Si2O,-3.8474,0.0,Metal,Pn-3m,224,16
GeAs5_id4751_E-3.85.cif,GeAs5,-3.8469,1.066,Semiconductor,Pmmm,47,6
In2PS_id4061_E-3.85.cif,In2PS,-3.8466,0.009,Metal,R-3m,166,12
Sn_id1364_E-3.85.cif,Sn,-3.8461,0.0,Metal,P4_132,213,32
Be2Ge2As_id1735_E-3.85.cif,Be2Ge2As,-3.8457,0.0,Metal,P4_32_12,96,20
S_id1215_E-3.84.cif,S,-3.8445,1.156,Semiconductor,P-1,2,24
CaP_id3101_E-3.84.cif,CaP,-3.844,0.321,Semiconductor,P4/nmm,129,16
SeS_id2998_E-3.84.cif,SeS,-3.8431,1.505,Semiconductor,P4/m,83,8
Ga3N4_id1109_E-3.84.cif,Ga3N4,-3.8425,1.354,Semiconductor,R-3c,167,42
Li4SnSb(AsSe2)2_id1219_E-3.84.cif,Li4SnSb(AsSe2)2,-3.8425,0.022,Metal,I222,23,24
KLiCaGeO4_id3364_E-3.84.cif,KLiCaGeO4,-3.8424,0.0,Metal,P4bm,100,16
KLi2Zn2Ga2SnGe2O11_id4607_E-3.84.cif,KLi2Zn2Ga2SnGe2O11,-3.8423,0.0,Metal,P2_1,4,42
MgGe6_id4067_E-3.84.cif,MgGe6,-3.8423,0.0,Metal,I-42m,121,14
K4BeAl(AsO)4_id2763_E-3.84.cif,K4BeAl(AsO)4,-3.8404,1.676,Semiconductor,P4/mcc,124,28
LiAlAsP4_id1343_E-3.84.cif,LiAlAsP4,-3.8391,0.015,Metal,Pccm,49,14
Sc3In2O2_id695_E-3.84.cif,Sc3In2O2,-3.8385,0.0,Metal,P4_2/mmc,131,28
GeAs6Se_id1064_E-3.84.cif,GeAs6Se,-3.8372,0.974,Semiconductor,I-42d,122,32
TeAsSe_id4497_E-3.84.cif,TeAsSe,-3.8363,0.533,Semiconductor,Pca2_1,29,12
SeS_id4927_E-3.84.cif,SeS,-3.836,1.357,Semiconductor,P4/m,83,8
GeSb2Se7_id2205_E-3.84.cif,GeSb2Se7,-3.8356,0.604,Semiconductor,C2/m,12,20
KSb(SO13)2_id2874_E-3.83.cif,KSb(SO13)2,-3.8345,1.421,Semiconductor,P-3,147,30
InS5_id875_E-3.83.cif,InS5,-3.8344,0.444,Semiconductor,Aea2,41,24
ScSb4_id3900_E-3.83.cif,ScSb4,-3.8342,0.0,Metal,Amm2,38,10
InS3O_id3415_E-3.83.cif,InS3O,-3.8342,1.835,Semiconductor,P4/nmm,129,10
Ca4GeP2_id874_E-3.83.cif,Ca4GeP2,-3.8338,0.0,Metal,I4/m,87,14
NaSnS_id1225_E-3.83.cif,NaSnS,-3.8336,2.019,Semiconductor,P4_32_12,96,12
BS12_id2011_E-3.83.cif,BS12,-3.8333,1.39,Semiconductor,I432,211,26
P(Se2S)2_id1481_E-3.83.cif,P(Se2S)2,-3.8318,0.0,Metal,I-42d,122,28
Li2GeSe4_id970_E-3.83.cif,Li2GeSe4,-3.8312,0.0,Metal,I-42d,122,28
KSnO14_id1007_E-3.83.cif,KSnO14,-3.8287,0.808,Semiconductor,P321,150,16
Sn4Sb4As_id3102_E-3.83.cif,Sn4Sb4As,-3.8281,0.0,Metal,I4_1/a,88,36
MgGeAs2_id2916_E-3.82.cif,MgGeAs2,-3.8244,0.0,Metal,I-4m2,119,8
CaGe4_id2808_E-3.82.cif,CaGe4,-3.8236,0.0,Metal,I4/mcm,140,20
Al2TeO2_id479_E-3.82.cif,Al2TeO2,-3.8228,0.0,Metal,P4_12_12,92,20
TiZn4SnS8_id1908_E-3.82.cif,TiZn4SnS8,-3.8228,1.316,Semiconductor,P4/mmm,123,28
Sb12Te_id2067_E-3.82.cif,Sb12Te,-3.822,0.0,Metal,P2/c,13,26
In4S7_id3982_E-3.82.cif,In4S7,-3.8214,0.233,Semiconductor,Im-3m,229,22
NaZn(PSe2)2_id3417_E-3.82.cif,NaZn(PSe2)2,-3.8211,0.0,Metal,I-42m,121,16
Sn6Ge_id3554_E-3.82.cif,Sn6Ge,-3.8211,0.0,Metal,I-42d,122,28
MgSc4Al2ZnGa2_id1368_E-3.82.cif,MgSc4Al2ZnGa2,-3.8209,0.0,Metal,I4/mcm,140,40
Ge(Te3S4)2_id1330_E-3.82.cif,Ge(Te3S4)2,-3.8202,0.064,Semiconductor,P6_3/mcm,193,30
CdS4_id2123_E-3.82.cif,CdS4,-3.8177,1.483,Semiconductor,I4_1/a,88,20
LiAlSiGe_id1697_E-3.82.cif,LiAlSiGe,-3.8169,0.0,Metal,P4_2/mmc,131,8
Sn3Te2_id2094_E-3.82.cif,Sn3Te2,-3.8165,0.0,Metal,C2/c,15,20
BaAl2SiB2_id4586_E-3.82.cif,BaAl2SiB2,-3.8165,0.0,Metal,P4/mmm,123,12
BaSnTe5S4N4O_id747_E-3.81.cif,BaSnTe5S4N4O,-3.8146,0.941,Semiconductor,P2_1/m,11,32
KTe(PO)2_id3370_E-3.81.cif,KTe(PO)2,-3.8142,2.021,Semiconductor,P3_221,154,18
SiS_id1321_E-3.81.cif,SiS,-3.8136,0.137,Semiconductor,P6_522,179,12
AlSn2_id200_E-3.81.cif,AlSn2,-3.8135,0.0,Metal,Pa-3,205,12
TeP2(Se2S)4_id2674_E-3.81.cif,TeP2(Se2S)4,-3.8129,0.141,Semiconductor,I-42d,122,60
Li3Mg3Al3Ge3B2(As2P)3_id351_E-3.81.cif,Li3Mg3Al3Ge3B2(As2P)3,-3.8128,0.0,Metal,P31m,157,23
SrO20_id677_E-3.81.cif,SrO20,-3.8107,1.222,Semiconductor,P4/n,85,42
In2O_id2762_E-3.81.cif,In2O,-3.8092,0.701,Semiconductor,Cmmm,65,12
ZnSiGe(SeS2)2_id392_E-3.81.cif,ZnSiGe(SeS2)2,-3.8091,1.535,Semiconductor,P-42_1m,113,18
Ca7ZnC6_id2794_E-3.81.cif,Ca7ZnC6,-3.8083,0.028,Metal,R-3,148,42
LiSb5As3P_id4506_E-3.81.cif,LiSb5As3P,-3.8077,0.138,Semiconductor,P2_1,4,20
SrLiSb4As_id1030_E-3.81.cif,SrLiSb4As,-3.8059,0.024,Metal,P-42m,111,7
SbAs_id1296_E-3.80.cif,SbAs,-3.7987,0.0,Metal,P4_32_12,96,8
SbAs_id2300_E-3.80.cif,SbAs,-3.7968,0.0,Metal,Iba2,45,32
GeTe2_id2887_E-3.80.cif,GeTe2,-3.7955,0.0,Metal,Pbca,61,24
KSc3TeSe6_id1813_E-3.80.cif,KSc3TeSe6,-3.795,0.0,Metal,P-31c,163,22
Be7Ge2P_id712_E-3.80.cif,Be7Ge2P,-3.795,0.0,Metal,P2_1/m,11,20
Ba(PO5)4_id1224_E-3.79.cif,Ba(PO5)4,-3.7947,0.19,Semiconductor,P6/mmm,191,25
Ga4Si3_id294_E-3.79.cif,Ga4Si3,-3.7928,0.1,Semiconductor,I-43d,220,28
Sn_id3631_E-3.79.cif,Sn,-3.7923,0.0,Metal,I4_1cd,110,16
S_id3579_E-3.79.cif,S,-3.7922,2.555,Semiconductor,Cmmm,65,16
LiS6_id1689_E-3.79.cif,LiS6,-3.7912,1.036,Semiconductor,P6/mmm,191,14
Li2MgB4Te_id1014_E-3.79.cif,Li2MgB4Te,-3.7901,0.023,Metal,P4_2/mcm,132,16
Ga4Si3_id2905_E-3.79.cif,Ga4Si3,-3.7876,0.0,Metal,I-43d,220,28
LiCaZnO12_id878_E-3.79.cif,LiCaZnO12,-3.7864,0.392,Semiconductor,Cm,8,30
BeGaAs3_id655_E-3.78.cif,BeGaAs3,-3.7848,0.0,Metal,P4/nmm,129,10
NaLiTiZnO4_id3783_E-3.78.cif,NaLiTiZnO4,-3.7839,2.021,Semiconductor,P4_322,95,32
BeZnSn2As2(SeO)2_id681_E-3.78.cif,BeZnSn2As2(SeO)2,-3.7834,1.413,Semiconductor,P-42_1m,113,20
Na5O4_id4716_E-3.78.cif,Na5O4,-3.7814,1.559,Semiconductor,Cmce,64,36
BO12_id3854_E-3.78.cif,BO12,-3.7805,1.321,Semiconductor,I432,211,26
BaGa2Sn8Ge5_id4026_E-3.78.cif,BaGa2Sn8Ge5,-3.7802,0.0,Metal,I422,97,32
BaTiAs_id2119_E-3.78.cif,BaTiAs,-3.7787,1.124,Semiconductor,I-43d,220,48
Zn(SiGe)2_id718_E-3.78.cif,Zn(SiGe)2,-3.7776,0.0,Metal,P-4n2,118,10
BaNa2Cd2SiTeO3_id1781_E-3.78.cif,BaNa2Cd2SiTeO3,-3.7768,1.33,Semiconductor,P-6m2,187,10
Zn2Si3O2_id4737_E-3.78.cif,Zn2Si3O2,-3.7751,1.277,Semiconductor,I-43d,220,56
Ga2Ge3_id2917_E-3.77.cif,Ga2Ge3,-3.7747,0.0,Metal,P-42_1m,113,10
Li2Al2GeTe4_id132_E-3.77.cif,Li2Al2GeTe4,-3.7733,0.0,Metal,P-42m,111,9
ScAl5_id3610_E-3.77.cif,ScAl5,-3.7732,0.0,Metal,P-4n2,118,12
Sn4Ge4Sb11_id3555_E-3.77.cif,Sn4Ge4Sb11,-3.7724,0.0,Metal,Pmna,53,38
Sc_id1142_E-3.77.cif,Sc,-3.7708,0.0,Metal,P4mm,99,9
Na(GeTe2)2_id2790_E-3.77.cif,Na(GeTe2)2,-3.7701,0.698,Semiconductor,P-42m,111,7
Ba2Si3_id1476_E-3.77.cif,Ba2Si3,-3.7699,0.0,Metal,P622,177,30
Ba4CaTeO4_id2066_E-3.77.cif,Ba4CaTeO4,-3.769,0.089,Semiconductor,P42_12,90,20
Cd4Sn3S8_id78_E-3.77.cif,Cd4Sn3S8,-3.768,0.0,Metal,P-43m,215,15
Mg3ScSi3(TeAs)3_id3100_E-3.77.cif,Mg3ScSi3(TeAs)3,-3.7673,0.0,Metal,P6_3,173,26
Li2Sn5(GeSe2)2_id1867_E-3.77.cif,Li2Sn5(GeSe2)2,-3.7671,0.932,Semiconductor,P-42m,111,13
Ga3Se2S5_id1031_E-3.77.cif,Ga3Se2S5,-3.7669,1.891,Semiconductor,P2_1,4,20
ZnSiAs6_id1231_E-3.77.cif,ZnSiAs6,-3.7667,0.702,Semiconductor,I-42d,122,32
K2NaSbS6_id4081_E-3.77.cif,K2NaSbS6,-3.7659,0.877,Semiconductor,R-3,148,30
Se2S3_id2768_E-3.77.cif,Se2S3,-3.765,1.592,Semiconductor,P2_12_12_1,19,20
AlTe2_id1203_E-3.76.cif,AlTe2,-3.7625,0.0,Metal,Pn-3m,224,6
Ba2As2PSe5_id1854_E-3.76.cif,Ba2As2PSe5,-3.7625,1.409,Semiconductor,P4_2/m,84,20
Li3(TeS2)2_id2497_E-3.76.cif,Li3(TeS2)2,-3.762,1.466,Semiconductor,Pnn2,34,18
Sn4Sb10As_id446_E-3.76.cif,Sn4Sb10As,-3.7614,0.0,Metal,P2_12_12,18,60
Na2CaMg2(GaP7)2_id4164_E-3.76.cif,Na2CaMg2(GaP7)2,-3.7611,0.0,Metal,P2_1/c,14,42
Sn5Ge2_id263_E-3.76.cif,Sn5Ge2,-3.7598,0.0,Metal,Aea2,41,28
Te3S4_id4609_E-3.76.cif,Te3S4,-3.7579,0.805,Semiconductor,P6_3/m,176,14
BaO16_id2140_E-3.76.cif,BaO16,-3.7555,1.494,Semiconductor,P6/mmm,191,17
ZnP2_id4545_E-3.76.cif,ZnP2,-3.7554,0.0,Metal,Pca2_1,29,12
Sn2Sb3_id4681_E-3.75.cif,Sn2Sb3,-3.7547,0.0,Metal,P4_2mc,105,10
BeAl4B_id2532_E-3.75.cif,BeAl4B,-3.7532,0.0,Metal,I422,97,24
BaLi2CaMg2Cd6(PN2)6_id619_E-3.75.cif,BaLi2CaMg2Cd6(PN2)6,-3.7471,0.598,Semiconductor,P321,150,30
In2SnTe2Se5_id3870_E-3.74.cif,In2SnTe2Se5,-3.7446,0.953,Semiconductor,Pbam,55,20
Sn9Se2_id1817_E-3.74.cif,Sn9Se2,-3.7426,0.0,Metal,I-42d,122,44
SeS_id1874_E-3.74.cif,SeS,-3.7412,1.801,Semiconductor,Pbca,61,16
SiAs2PSeS16_id786_E-3.74.cif,SiAs2PSeS16,-3.7408,1.775,Semiconductor,P2_1,4,42
Sc2Zn3O_id2141_E-3.74.cif,Sc2Zn3O,-3.739,0.0,Metal,Pn-3m,224,12
Na(SnAs)2_id4943_E-3.74.cif,Na(SnAs)2,-3.7387,0.0,Metal,P4/nmm,129,20
Li(AlTe)4_id1681_E-3.74.cif,Li(AlTe)4,-3.7385,0.927,Semiconductor,P-42m,111,9
SeS_id221_E-3.74.cif,SeS,-3.7379,1.509,Semiconductor,Pbca,61,16
Ga2Ge(TeAs)2_id2858_E-3.74.cif,Ga2Ge(TeAs)2,-3.7359,0.0,Metal,P4_32_12,96,28
SrAl3O16_id2569_E-3.74.cif,SrAl3O16,-3.7353,0.16,Semiconductor,Im-3,204,40
BaCaAs2O11_id270_E-3.73.cif,BaCaAs2O11,-3.735,3.159,Semiconductor,P-3m1,164,15
Al2GaSiGeP_id2796_E-3.73.cif,Al2GaSiGeP,-3.7345,0.0,Metal,Pca2_1,29,24
TeAs3SO_id2987_E-3.73.cif,TeAs3SO,-3.7336,0.094,Semiconductor,Cmc2_1,36,24
Na(SnSe2)2_id2889_E-3.73.cif,Na(SnSe2)2,-3.7316,0.006,Metal,I-42d,122,28
Sr(BeB)2_id4582_E-3.73.cif,Sr(BeB)2,-3.73,0.0,Metal,I4/mcm,140,20
ZnN_id1045_E-3.73.cif,ZnN,-3.729,0.513,Semiconductor,Pbca,61,16
BaCaCdGeN_id2867_E-3.73.cif,BaCaCdGeN,-3.7289,0.0,Metal,P4/nmm,129,10
Si2Ge2As5P2_id235_E-3.73.cif,Si2Ge2As5P2,-3.7288,0.873,Semiconductor,P4_2mc,105,22
K2Te4SeS4_id4748_E-3.73.cif,K2Te4SeS4,-3.7277,0.818,Semiconductor,Cccm,66,44
MgSeS_id3249_E-3.73.cif,MgSeS,-3.7276,0.725,Semiconductor,Pca2_1,29,12
PSe6_id2404_E-3.73.cif,PSe6,-3.7264,0.003,Metal,I-42d,122,28
Al3ZnGa2O7_id509_E-3.73.cif,Al3ZnGa2O7,-3.7263,2.986,Semiconductor,Ima2,46,52
MgS8_id932_E-3.72.cif,MgS8,-3.7243,0.084,Semiconductor,P-42_1m,113,18
K2NaS10_id4043_E-3.72.cif,K2NaS10,-3.7225,1.264,Semiconductor,P-1,2,26
LiSe_id1243_E-3.72.cif,LiSe,-3.722,0.694,Semiconductor,I-42d,122,16
Li(TeAs)2_id1435_E-3.72.cif,Li(TeAs)2,-3.7216,0.746,Semiconductor,C2/c,15,20
K2Na3O6_id3943_E-3.72.cif,K2Na3O6,-3.7208,1.944,Semiconductor,Cmce,64,44
KO4_id172_E-3.72.cif,KO4,-3.7202,0.68,Semiconductor,P4nc,104,40
Al2GaGeTe6_id647_E-3.72.cif,Al2GaGeTe6,-3.719,1.198,Semiconductor,P2_12_12,18,20
Li2Si3_id867_E-3.72.cif,Li2Si3,-3.7166,0.0,Metal,P6_3/m,176,20
CdSbSeS_id391_E-3.72.cif,CdSbSeS,-3.7159,1.11,Semiconductor,P4/nmm,129,8
CaSi_id3851_E-3.72.cif,CaSi,-3.7154,0.491,Semiconductor,P6_3/mmc,194,8
CdGe5_id383_E-3.71.cif,CdGe5,-3.7149,0.0,Metal,P-4n2,118,12
SbTe_id2293_E-3.71.cif,SbTe,-3.7141,0.0,Metal,I4_1/amd,141,8
SbTe_id4053_E-3.71.cif,SbTe,-3.7134,0.005,Metal,F-43m,216,8
SO13_id4934_E-3.71.cif,SO13,-3.7133,0.93,Semiconductor,Pba2,32,28
Na2Li10In(SnO6)2_id4435_E-3.71.cif,Na2Li10In(SnO6)2,-3.7121,0.001,Metal,P-4,81,27
SbAsS13_id3628_E-3.71.cif,SbAsS13,-3.7121,1.662,Semiconductor,P2/m,10,15
ScGa5_id567_E-3.71.cif,ScGa5,-3.7113,0.0,Metal,P-6m2,187,12
Cd(GeSe4)2_id2270_E-3.71.cif,Cd(GeSe4)2,-3.7108,0.646,Semiconductor,P-42m,111,11
K2InSnSe4_id4438_E-3.71.cif,K2InSnSe4,-3.7105,0.709,Semiconductor,I-42d,122,32
NaLiGa2Ge(BO)2_id4377_E-3.71.cif,NaLiGa2Ge(BO)2,-3.7104,0.007,Metal,C222,21,18
CdGe5_id4266_E-3.71.cif,CdGe5,-3.7103,0.0,Metal,P-4n2,118,12
SbTe3S2_id4460_E-3.71.cif,SbTe3S2,-3.7101,0.0,Metal,C2/m,12,12
K4Li3O4_id2903_E-3.71.cif,K4Li3O4,-3.7083,1.807,Semiconductor,Pm-3n,223,22
LiTeAsS_id246_E-3.71.cif,LiTeAsS,-3.7066,0.731,Semiconductor,Cmc2_1,36,16
K7CaGaO6_id2045_E-3.71.cif,K7CaGaO6,-3.7065,0.001,Metal,P-31c,163,30
SbTe_id2702_E-3.71.cif,SbTe,-3.7062,0.0,Metal,Pbca,61,16
Al2Cd2In(SeO)4_id3145_E-3.70.cif,Al2Cd2In(SeO)4,-3.7046,0.0,Metal,P-42m,111,13
TeS_id1432_E-3.70.cif,TeS,-3.7031,0.0,Metal,Pban,50,16
Se2S19_id1246_E-3.70.cif,Se2S19,-3.6983,1.56,Semiconductor,Pc,7,42
CaMg(Ga3O)2_id1116_E-3.70.cif,CaMg(Ga3O)2,-3.6981,0.0,Metal,P321,150,10
Al4InTe4_id4628_E-3.70.cif,Al4InTe4,-3.6979,0.369,Semiconductor,P-42m,111,9
Sb2TeSeS3_id631_E-3.70.cif,Sb2TeSeS3,-3.6977,0.123,Semiconductor,P2_1/c,14,28
GeSbTe_id1959_E-3.70.cif,GeSbTe,-3.6974,0.0,Metal,P2/c,13,12
Ba2AsS_id3376_E-3.70.cif,Ba2AsS,-3.6967,0.0,Metal,Cmmm,65,8
Li3Ca2Sn2(GeO)2_id3186_E-3.70.cif,Li3Ca2Sn2(GeO)2,-3.6965,0.307,Semiconductor,P4/mnc,128,44
Sc3TiAl5_id1883_E-3.70.cif,Sc3TiAl5,-3.696,0.0,Metal,P-62m,189,9
ZnO3_id4725_E-3.70.cif,ZnO3,-3.6953,3.388,Semiconductor,P-42_1m,113,16
Sc_id1239_E-3.70.cif,Sc,-3.695,0.0,Metal,Pm-3n,223,32
CdSe2O7_id920_E-3.69.cif,CdSe2O7,-3.6943,0.0,Metal,Cmmm,65,20
Li2CdGeSe4_id389_E-3.69.cif,Li2CdGeSe4,-3.6913,1.297,Semiconductor,I-42d,122,32
GaC_id2364_E-3.69.cif,GaC,-3.6911,0.0,Metal,I4_132,214,16
Li2ZnSiP2_id1853_E-3.69.cif,Li2ZnSiP2,-3.6907,0.0,Metal,I4/mmm,139,12
K2Te2N3O_id4380_E-3.69.cif,K2Te2N3O,-3.69,0.0,Metal,Pn-3m,224,16
TiZn2_id2765_E-3.69.cif,TiZn2,-3.6898,0.0,Metal,Fd-3m,227,24
LiSn2BSb4Te4As5SeS_id642_E-3.69.cif,LiSn2BSb4Te4As5SeS,-3.6889,0.088,Semiconductor,P2_1,4,38
BaGaSn7_id2282_E-3.69.cif,BaGaSn7,-3.6883,0.0,Metal,P312,149,9
S_id3059_E-3.69.cif,S,-3.6877,2.29,Semiconductor,Pc,7,42
Li(SiGe)2_id3857_E-3.69.cif,Li(SiGe)2,-3.6873,0.0,Metal,P6_222,180,15
AlZn5Ga2(S3O7)2_id2265_E-3.69.cif,AlZn5Ga2(S3O7)2,-3.6854,0.284,Semiconductor,Pnn2,34,56
BeZn(SeO)2_id251_E-3.68.cif,BeZn(SeO)2,-3.6848,0.58,Semiconductor,P3_221,154,18
SeO_id2792_E-3.68.cif,SeO,-3.6842,2.098,Semiconductor,P4_12_12,92,16
InSnSe_id1425_E-3.68.cif,InSnSe,-3.6815,0.0,Metal,P-6m2,187,3
Li4TiZn2(GaN)2_id3159_E-3.68.cif,Li4TiZn2(GaN)2,-3.6809,0.0,Metal,Pmmn,59,22
CaZnCd2O2_id4378_E-3.68.cif,CaZnCd2O2,-3.6805,0.842,Semiconductor,P4_2/mmc,131,12
KGaGe3_id3656_E-3.68.cif,KGaGe3,-3.6802,0.018,Metal,I-4m2,119,10
Sn5Sb12Te6(As2Se3)3_id1011_E-3.68.cif,Sn5Sb12Te6(As2Se3)3,-3.6802,0.0,Metal,P6,168,38
AlS_id2943_E-3.68.cif,AlS,-3.6799,0.0,Metal,P4_2/mcm,132,16
AsSe2_id418_E-3.68.cif,AsSe2,-3.6798,1.883,Semiconductor,P4_2mc,105,6
NaIn2GaSnSeO4_id321_E-3.68.cif,NaIn2GaSnSeO4,-3.6774,1.227,Semiconductor,Pm,6,20
Sn_id828_E-3.68.cif,Sn,-3.6772,0.0,Metal,P4/mmm,123,5
Na4Li2Zn(SbO6)2_id2993_E-3.68.cif,Na4Li2Zn(SbO6)2,-3.6761,0.212,Semiconductor,I222,23,42
CaGaTeP_id739_E-3.67.cif,CaGaTeP,-3.6731,0.0,Metal,P4_3,78,16
SrLiSb4_id1691_E-3.67.cif,SrLiSb4,-3.673,0.286,Semiconductor,I4_1/a,88,24
Cd(AsSe2)2_id2350_E-3.67.cif,Cd(AsSe2)2,-3.6729,0.159,Semiconductor,P-42m,111,7
NaMgSc3InSn2Te_id4015_E-3.67.cif,NaMgSc3InSn2Te,-3.6727,0.24,Semiconductor,P2_1/m,11,18
Ga2Te2As_id2641_E-3.67.cif,Ga2Te2As,-3.6725,1.035,Semiconductor,P3_221,154,15
InS_id3916_E-3.67.cif,InS,-3.6723,0.0,Metal,I4/mmm,139,4
LiAl2Si_id976_E-3.67.cif,LiAl2Si,-3.6723,0.02,Metal,Fm-3m,225,16
GeSe3_id2202_E-3.67.cif,GeSe3,-3.6712,0.0,Metal,P3m1,156,4
SnSb4As5_id4214_E-3.67.cif,SnSb4As5,-3.669,0.0,Metal,I4_1/a,88,40
ScCdSb_id3507_E-3.67.cif,ScCdSb,-3.6683,0.0,Metal,P4_32_12,96,12
S(NO2)2_id4335_E-3.67.cif,S(NO2)2,-3.6678,1.276,Semiconductor,Fd-3m,227,56
Sc(ZnB)2_id2220_E-3.67.cif,Sc(ZnB)2,-3.6674,0.0,Metal,P6_222,180,15
ScZn2Te2S4(NO2)2_id1337_E-3.67.cif,ScZn2Te2S4(NO2)2,-3.6655,1.961,Semiconductor,Pccn,56,60
AlCd2Ge(AsS)4_id4909_E-3.66.cif,AlCd2Ge(AsS)4,-3.6645,1.694,Semiconductor,I-42m,121,24
Na5LiIn(Te2O)4_id1575_E-3.66.cif,Na5LiIn(Te2O)4,-3.6644,0.206,Semiconductor,I222,23,38
CaAlGe_id4677_E-3.66.cif,CaAlGe,-3.6632,0.0,Metal,Ibam,72,24
Li2MgBe(GaO)2_id2638_E-3.66.cif,Li2MgBe(GaO)2,-3.6621,0.0,Metal,P6_422,181,24
AlGa3Te4(Se5S2)2_id4211_E-3.66.cif,AlGa3Te4(Se5S2)2,-3.662,0.903,Semiconductor,C2,5,44
MgGeTeS2_id3129_E-3.66.cif,MgGeTeS2,-3.661,1.446,Semiconductor,Aea2,41,40
TeS_id1869_E-3.66.cif,TeS,-3.6609,0.926,Semiconductor,Pbca,61,16
NaS2_id3998_E-3.66.cif,NaS2,-3.6594,2.393,Semiconductor,P6/mcc,192,36
NaMgS8_id4371_E-3.66.cif,NaMgS8,-3.6577,0.0,Metal,C222_1,20,40
Mg3Zn2Si2(PN)2_id897_E-3.66.cif,Mg3Zn2Si2(PN)2,-3.6576,0.0,Metal,P3_121,152,33
KNa3O10_id3265_E-3.66.cif,KNa3O10,-3.6572,0.0,Metal,Pnn2,34,28
Li2Zn3O8_id1738_E-3.66.cif,Li2Zn3O8,-3.6569,2.223,Semiconductor,Cccm,66,52
SrLiCaSn2Te4As_id703_E-3.66.cif,SrLiCaSn2Te4As,-3.6564,0.828,Semiconductor,I222,23,20
LiGaTe4PS2_id4542_E-3.66.cif,LiGaTe4PS2,-3.6562,0.446,Semiconductor,Pcca,54,36
AlCdGe6_id4279_E-3.66.cif,AlCdGe6,-3.6559,0.0,Metal,I-42d,122,32
LiSc4AlGa2_id4707_E-3.66.cif,LiSc4AlGa2,-3.6554,0.0,Metal,P-42m,111,8
TeS_id3762_E-3.65.cif,TeS,-3.6546,0.628,Semiconductor,Pbca,61,16
Mg2SeS2_id4108_E-3.65.cif,Mg2SeS2,-3.654,2.051,Semiconductor,Pn-3m,224,10
Li10Ga(PO2)2_id3508_E-3.65.cif,Li10Ga(PO2)2,-3.6536,2.245,Semiconductor,P2/c,13,34
KInSe6_id518_E-3.65.cif,KInSe6,-3.6531,0.02,Metal,P6_322,182,16
K2Ge(Se3S)4_id223_E-3.65.cif,K2Ge(Se3S)4,-3.6527,0.526,Semiconductor,P-42m,111,19
KGaS4_id2407_E-3.65.cif,KGaS4,-3.6524,0.0,Metal,P4/nbm,125,12
MgAl3(SeS2)2_id2159_E-3.65.cif,MgAl3(SeS2)2,-3.6515,0.091,Semiconductor,P-42_1m,113,20
ZnSbSeO12_id4447_E-3.65.cif,ZnSbSeO12,-3.651,0.0,Metal,P6_322,182,30
Mg2Sc4Ti_id1271_E-3.65.cif,Mg2Sc4Ti,-3.6507,0.0,Metal,Pn-3m,224,14
In6Sn7O12_id1601_E-3.65.cif,In6Sn7O12,-3.6505,1.338,Semiconductor,I23,197,50
Li2GaS4_id700_E-3.65.cif,Li2GaS4,-3.6502,3.187,Semiconductor,P1,1,28
Li2S5_id2345_E-3.65.cif,Li2S5,-3.6495,0.009,Metal,Pc,7,28
Sn_id2406_E-3.65.cif,Sn,-3.6487,0.0,Metal,P4/mmm,123,4
ZnSi4Sn2Te4As_id2319_E-3.65.cif,ZnSi4Sn2Te4As,-3.6475,0.0,Metal,I-42m,121,24
SrLi2PO_id1483_E-3.64.cif,SrLi2PO,-3.6442,1.266,Semiconductor,P4_2/mmc,131,10
KLi4SbAsS4_id1496_E-3.64.cif,KLi4SbAsS4,-3.644,1.53,Semiconductor,I222,23,22
Sb2As3_id4491_E-3.64.cif,Sb2As3,-3.6435,0.0,Metal,Pm-3m,221,10
LiSiSnGeAsP2(Se3S4)2_id4717_E-3.64.cif,LiSiSnGeAsP2(Se3S4)2,-3.6434,0.59,Semiconductor,P2_1,4,42
GaGe_id1743_E-3.64.cif,GaGe,-3.6422,0.0,Metal,Pca2_1,29,8
K2Ba2InSb2(AsO)2_id2283_E-3.64.cif,K2Ba2InSb2(AsO)2,-3.6422,0.0,Metal,P4/mnc,128,44
TiZn4GaO4_id4544_E-3.64.cif,TiZn4GaO4,-3.6405,0.966,Semiconductor,Cmmm,65,20
InGa2O_id734_E-3.64.cif,InGa2O,-3.6376,0.0,Metal,P3m1,156,8
GaO6_id2804_E-3.64.cif,GaO6,-3.6369,0.137,Semiconductor,P6_3/m,176,14
ZnTePS_id785_E-3.64.cif,ZnTePS,-3.6358,0.92,Semiconductor,P6_4,172,24
Mg2ScTe6O_id3310_E-3.64.cif,Mg2ScTe6O,-3.6354,0.682,Semiconductor,P1,1,40
In2Ga2Ge4As_id3514_E-3.63.cif,In2Ga2Ge4As,-3.6344,0.0,Metal,P-42m,111,9
MgScIn(SiS2)3_id1955_E-3.63.cif,MgScIn(SiS2)3,-3.6335,0.535,Semiconductor,P-31c,163,24
LiScTe_id2212_E-3.63.cif,LiScTe,-3.6332,0.004,Metal,P4_122,91,12
KNa2Sr2Ca2B2SbO30_id4282_E-3.63.cif,KNa2Sr2Ca2B2SbO30,-3.6322,2.11,Semiconductor,P-1,2,40
AlTe3_id916_E-3.63.cif,AlTe3,-3.6318,0.0,Metal,Im-3m,229,8
NaZn(AsS)2_id659_E-3.63.cif,NaZn(AsS)2,-3.6308,1.389,Semiconductor,I4_122,98,24
Sn(Te2Se)2_id3160_E-3.63.cif,Sn(Te2Se)2,-3.6294,0.307,Semiconductor,I-42d,122,28
InSn3_id3622_E-3.62.cif,InSn3,-3.6218,0.0,Metal,Fm-3m,225,16
K2ZnSi2TeAs4_id1839_E-3.62.cif,K2ZnSi2TeAs4,-3.6181,0.531,Semiconductor,I4_1/a,88,40
Sn8Ge_id1037_E-3.62.cif,Sn8Ge,-3.6171,0.0,Metal,Pnnn,48,18
BaGaSn2_id68_E-3.62.cif,BaGaSn2,-3.6164,0.0,Metal,P6_3/mmc,194,8
SrMg4Al2O3_id3400_E-3.62.cif,SrMg4Al2O3,-3.6153,0.0,Metal,I4/mmm,139,20
AlGaGe2_id1524_E-3.61.cif,AlGaGe2,-3.615,0.0,Metal,Pnma,62,16
Ca4CN2_id1310_E-3.61.cif,Ca4CN2,-3.613,1.027,Semiconductor,P4/mnc,128,28
AlGaSn2_id85_E-3.61.cif,AlGaSn2,-3.6099,0.0,Metal,P-3m1,164,4
S_id3890_E-3.61.cif,S,-3.6097,1.118,Semiconductor,Pccn,56,12
KAs3O2_id4359_E-3.61.cif,KAs3O2,-3.6087,0.625,Semiconductor,I4_1/amd,141,24
Ca2TiAl_id2042_E-3.61.cif,Ca2TiAl,-3.6084,0.0,Metal,Fm-3m,225,16
LiZnS2_id4948_E-3.61.cif,LiZnS2,-3.6082,0.383,Semiconductor,P3_221,154,12
Ba(LiS)4_id3225_E-3.61.cif,Ba(LiS)4,-3.6073,3.247,Semiconductor,I-4c2,120,36
Ga2SnTe4_id2342_E-3.61.cif,Ga2SnTe4,-3.6071,0.094,Semiconductor,P-42m,111,7
TeSe2S_id1394_E-3.61.cif,TeSe2S,-3.6059,0.674,Semiconductor,P4/m,83,16
GaSe_id3671_E-3.61.cif,GaSe,-3.6051,0.0,Metal,P-42_1m,113,8
Ge2As2Se7_id59_E-3.60.cif,Ge2As2Se7,-3.6018,0.0,Metal,P2/m,10,11
Li2As(PSe)2_id1942_E-3.60.cif,Li2As(PSe)2,-3.6012,2.503,Semiconductor,P-42_1m,113,14
K2ScGaSn6_id2510_E-3.60.cif,K2ScGaSn6,-3.6012,0.0,Metal,Fm-3m,225,40
Li4Sn2Sb2O3_id2027_E-3.60.cif,Li4Sn2Sb2O3,-3.6005,1.01,Semiconductor,Pccn,56,44
NaO18_id2017_E-3.60.cif,NaO18,-3.6001,4.201,Insulator,P2_1,4,38
GaSbTeSe7S2_id1538_E-3.60.cif,GaSbTeSe7S2,-3.6,0.963,Semiconductor,P2_1,4,24
K3In(GeSe)4_id1054_E-3.60.cif,K3In(GeSe)4,-3.5997,0.032,Metal,P-43m,215,12
InSn3_id2718_E-3.60.cif,InSn3,-3.5991,0.0,Metal,Pm-3n,223,8
MgAs2_id1698_E-3.60.cif,MgAs2,-3.5983,0.0,Metal,P4_12_12,92,12
Al2Cd(GaSe2)2_id1825_E-3.60.cif,Al2Cd(GaSe2)2,-3.5974,1.603,Semiconductor,P-42m,111,9
O2_id2628_E-3.60.cif,O2,-3.5974,1.375,Semiconductor,P1,1,48
K2Te2AsP3S2_id2206_E-3.60.cif,K2Te2AsP3S2,-3.5953,1.11,Semiconductor,Pcca,54,40
MgSc5Ti2(Al3Zn)2_id3757_E-3.59.cif,MgSc5Ti2(Al3Zn)2,-3.593,0.0,Metal,P2/c,13,32
LiSc2Cd_id871_E-3.59.cif,LiSc2Cd,-3.5926,0.0,Metal,P4/mmm,123,4
SiGe_id2044_E-3.59.cif,SiGe,-3.5916,0.0,Metal,P4_32_12,96,8
Sn_id148_E-3.59.cif,Sn,-3.5909,0.0,Metal,C2/c,15,36
GaSb_id328_E-3.59.cif,GaSb,-3.5894,0.0,Metal,P6_522,179,12
K2NaB6_id7_E-3.59.cif,K2NaB6,-3.5894,1.546,Semiconductor,P-3c1,165,36
Li2Si3(SbAs)2_id1972_E-3.59.cif,Li2Si3(SbAs)2,-3.5889,0.0,Metal,P4_2mc,105,18
Al_id4439_E-3.59.cif,Al,-3.5885,0.0,Metal,P4_132,213,20
MgZnCd3GaGeAsP2Se(S2O3)2_id1783_E-3.59.cif,MgZnCd3GaGeAsP2Se(S2O3)2,-3.5882,0.0,Metal,P2_1,4,42
KTiBeAl_id3193_E-3.59.cif,KTiBeAl,-3.5879,2.375,Semiconductor,Cmme,67,16
Li(InGe2)2_id2459_E-3.59.cif,Li(InGe2)2,-3.5852,0.0,Metal,P42_12,90,14
LiTiGa4_id505_E-3.59.cif,LiTiGa4,-3.585,0.0,Metal,I4_1/a,88,24
AlSiGePSe_id4731_E-3.58.cif,AlSiGePSe,-3.5824,1.07,Semiconductor,P6_522,179,30
InSnSb2_id1661_E-3.58.cif,InSnSb2,-3.5803,0.0,Metal,P2/c,13,16
SbTe_id4564_E-3.58.cif,SbTe,-3.5791,0.035,Metal,Aea2,41,16
CaScIn3Sb_id3044_E-3.58.cif,CaScIn3Sb,-3.5783,0.0,Metal,P4_3,78,24
CaSn_id174_E-3.58.cif,CaSn,-3.5759,0.0,Metal,P6_3/mmc,194,4
In2S_id2872_E-3.58.cif,In2S,-3.5754,0.031,Metal,Pca2_1,29,12
CaGaN4_id2824_E-3.57.cif,CaGaN4,-3.5736,0.039,Metal,I4_1/amd,141,24
BeZn2SiO8_id4514_E-3.57.cif,BeZn2SiO8,-3.573,2.497,Semiconductor,P-42c,112,24
Al3Si2_id3635_E-3.57.cif,Al3Si2,-3.5722,0.008,Metal,P4_132,213,20
LiSn3_id906_E-3.57.cif,LiSn3,-3.5703,0.0,Metal,Pm-3n,223,8
BaMg(TiGa)2_id4933_E-3.57.cif,BaMg(TiGa)2,-3.5689,0.0,Metal,P4_122,91,24
GeAs_id31_E-3.57.cif,GeAs,-3.5689,0.0,Metal,I4_1/acd,142,32
AlZnSi2Ge_id1711_E-3.57.cif,AlZnSi2Ge,-3.5675,0.415,Semiconductor,P-62m,189,15
MgSb3As2_id2298_E-3.57.cif,MgSb3As2,-3.5675,0.0,Metal,C222_1,20,24
Mg2As3_id1143_E-3.57.cif,Mg2As3,-3.5664,0.0,Metal,Pbcn,60,20
K9Na5LiCa2O22_id4129_E-3.57.cif,K9Na5LiCa2O22,-3.5659,2.212,Semiconductor,P1,1,39
KGaAs2_id3835_E-3.57.cif,KGaAs2,-3.5654,0.044,Metal,I4_122,98,16
Li2InTeSeS3_id3461_E-3.56.cif,Li2InTeSeS3,-3.5649,0.039,Metal,P4_322,95,32
Al_id376_E-3.56.cif,Al,-3.5641,0.0,Metal,I4_1/acd,142,16
Sn_id1183_E-3.56.cif,Sn,-3.5636,0.0,Metal,P2_12_12_1,19,20
Li4TeSeS_id4588_E-3.56.cif,Li4TeSeS,-3.5635,1.697,Semiconductor,Aea2,41,56
LiMgGaSn(SeS)2_id757_E-3.56.cif,LiMgGaSn(SeS)2,-3.5628,0.0,Metal,Pmmn,59,16
GeSe4_id1157_E-3.56.cif,GeSe4,-3.5621,0.681,Semiconductor,P-42_1c,114,10
LiSe4_id2614_E-3.56.cif,LiSe4,-3.5601,0.0,Metal,P-1,2,10
MgInSn(TeSe)4_id4192_E-3.56.cif,MgInSn(TeSe)4,-3.5593,1.201,Semiconductor,I222,23,22
Se3S2_id1590_E-3.56.cif,Se3S2,-3.5582,0.0,Metal,I-42d,122,60
Be4Sb3_id4500_E-3.56.cif,Be4Sb3,-3.5581,0.095,Semiconductor,I-43d,220,28
Sn10Ge_id2537_E-3.56.cif,Sn10Ge,-3.5571,0.0,Metal,Amm2,38,22
LiSbTe_id705_E-3.56.cif,LiSbTe,-3.5567,0.821,Semiconductor,Ibca,73,24
KNa2InSnSe8_id680_E-3.56.cif,KNa2InSnSe8,-3.5566,0.0,Metal,P-42m,111,13
NaAs2_id297_E-3.56.cif,NaAs2,-3.5566,1.172,Semiconductor,P4_2/m,84,18
Li3(ScIn)2_id3345_E-3.56.cif,Li3(ScIn)2,-3.5564,0.0,Metal,Pn-3m,224,14
Li3(ScIn)2_id2236_E-3.56.cif,Li3(ScIn)2,-3.5564,0.0,Metal,Pn-3m,224,14
Sn(BS5)2_id3526_E-3.56.cif,Sn(BS5)2,-3.5562,0.312,Semiconductor,Cccm,66,52
InSn2(TeSe2)3_id1422_E-3.56.cif,InSn2(TeSe2)3,-3.5561,0.138,Semiconductor,P6mm,183,12
KMgGaGe2AsN_id3907_E-3.55.cif,KMgGaGe2AsN,-3.5534,0.0,Metal,P6_5,170,42
Sn2Se19S2_id1305_E-3.55.cif,Sn2Se19S2,-3.5522,1.187,Semiconductor,Pba2,32,46
Sn5Ge2_id1092_E-3.55.cif,Sn5Ge2,-3.5499,1.656,Semiconductor,P1,1,42
InSn2_id625_E-3.55.cif,InSn2,-3.5495,0.0,Metal,C2/m,12,6
ZnGaP2_id2168_E-3.55.cif,ZnGaP2,-3.5484,1.761,Semiconductor,Pca2_1,29,16
AlSbTe2_id954_E-3.55.cif,AlSbTe2,-3.5477,1.112,Semiconductor,Aea2,41,32
InGe_id3588_E-3.55.cif,InGe,-3.5477,0.0,Metal,Fm-3m,225,4
InSn3_id287_E-3.54.cif,InSn3,-3.5445,0.0,Metal,P4_132,213,32
K6Li6PO6_id442_E-3.54.cif,K6Li6PO6,-3.5439,2.555,Semiconductor,Pm-3,200,19
Li(ScZn)2_id1012_E-3.54.cif,Li(ScZn)2,-3.5435,0.0,Metal,I4mm,107,10
SbTe3_id1453_E-3.54.cif,SbTe3,-3.542,0.037,Metal,I-42d,122,48
Na4Li3TeO4_id4657_E-3.54.cif,Na4Li3TeO4,-3.5418,1.532,Semiconductor,P4_2/mcm,132,24
Li8Cd3(Sn2O3)2_id4978_E-3.54.cif,Li8Cd3(Sn2O3)2,-3.5391,0.0,Metal,P-31m,162,21
KS_id1087_E-3.54.cif,KS,-3.5381,1.851,Semiconductor,Pnma,62,24
Sn3Sb3Te10_id2897_E-3.54.cif,Sn3Sb3Te10,-3.5359,0.0,Metal,P31m,157,16
Te2As_id4102_E-3.54.cif,Te2As,-3.5358,0.016,Metal,Pccm,49,6
BaAlTe_id1448_E-3.54.cif,BaAlTe,-3.5354,0.0,Metal,C222_1,20,24
ZnGe3_id2648_E-3.53.cif,ZnGe3,-3.5349,0.0,Metal,I4/mmm,139,8
KInO50_id1458_E-3.53.cif,KInO50,-3.5348,1.722,Semiconductor,P-3,147,52
K2Na7Ga2TeO28_id2708_E-3.53.cif,K2Na7Ga2TeO28,-3.5342,1.025,Semiconductor,P-1,2,40
Sn_id1572_E-3.53.cif,Sn,-3.5336,0.0,Metal,P-43m,215,32
BaGaSn7_id1604_E-3.53.cif,BaGaSn7,-3.5316,0.0,Metal,I-4m2,119,18
AlSnTe6_id958_E-3.53.cif,AlSnTe6,-3.5283,0.0,Metal,P2_12_12,18,16
Sn_id2311_E-3.53.cif,Sn,-3.5279,0.0,Metal,Pm-3m,221,48
CaSn2_id317_E-3.53.cif,CaSn2,-3.5275,0.0,Metal,Fm-3m,225,12
TeSe2_id1044_E-3.53.cif,TeSe2,-3.5272,0.0,Metal,Aea2,41,24
MgSc_id259_E-3.53.cif,MgSc,-3.5268,0.0,Metal,P4/mmm,123,16
Ba4Ca4ScO4_id3716_E-3.53.cif,Ba4Ca4ScO4,-3.5267,0.283,Semiconductor,P-42_1c,114,26
K2Li2CdO5_id2004_E-3.53.cif,K2Li2CdO5,-3.5261,0.0,Metal,Cmcm,63,40
Ga4GeTe4_id3751_E-3.53.cif,Ga4GeTe4,-3.526,0.0,Metal,P-42m,111,9
Sc_id2372_E-3.52.cif,Sc,-3.524,0.0,Metal,Pmmn,59,12
Sb2AsP(SeS)6_id4627_E-3.52.cif,Sb2AsP(SeS)6,-3.5227,2.198,Semiconductor,C2,5,32
Li4MgAl2Ga2(TeS)4_id3299_E-3.52.cif,Li4MgAl2Ga2(TeS)4,-3.5214,1.3,Semiconductor,P-42m,111,17
NaAlGaSn3Ge2P_id1890_E-3.52.cif,NaAlGaSn3Ge2P,-3.5204,0.0,Metal,P2/c,13,36
LiSn5_id4331_E-3.52.cif,LiSn5,-3.5173,0.071,Semiconductor,P4/mmm,123,6
Li3ZnIn4O8_id4292_E-3.52.cif,Li3ZnIn4O8,-3.5171,1.475,Semiconductor,P1,1,16
Se_id2622_E-3.52.cif,Se,-3.5159,0.01,Metal,P4/m,83,4
Be2ZnTe4_id3972_E-3.52.cif,Be2ZnTe4,-3.5158,1.734,Semiconductor,P-42m,111,7
Mg2Zn2CdIn2Ga2(SN3)2_id3872_E-3.51.cif,Mg2Zn2CdIn2Ga2(SN3)2,-3.5146,1.013,Semiconductor,P3_121,152,51
Si2O5_id794_E-3.51.cif,Si2O5,-3.5135,2.128,Semiconductor,P6_122,178,42
MgBeZnGaPS5_id3372_E-3.51.cif,MgBeZnGaPS5,-3.5106,0.0,Metal,P2_1/m,11,20
As_id608_E-3.51.cif,As,-3.5095,1.928,Semiconductor,I4/mmm,139,4
MgAlPS_id3826_E-3.51.cif,MgAlPS,-3.5094,0.681,Semiconductor,P6_522,179,24
Al2Zn2Sn(SeS)4_id4753_E-3.51.cif,Al2Zn2Sn(SeS)4,-3.5085,1.429,Semiconductor,P-42m,111,13
TiGa8_id3861_E-3.51.cif,TiGa8,-3.5072,0.0,Metal,P6/mmm,191,9
ZnSiTe2(SeS)2_id185_E-3.50.cif,ZnSiTe2(SeS)2,-3.5036,1.231,Semiconductor,Pnn2,34,16
InGaTe2_id1328_E-3.50.cif,InGaTe2,-3.5024,0.0,Metal,I-42m,121,16
Li2SnGeSe3_id4050_E-3.50.cif,Li2SnGeSe3,-3.5007,0.0,Metal,P4nc,104,56
Ca(GaN)3_id1413_E-3.50.cif,Ca(GaN)3,-3.5004,2.047,Semiconductor,P6_3/m,176,14
LiSi2SnGeSb2PSe6S5_id4747_E-3.50.cif,LiSi2SnGeSb2PSe6S5,-3.4996,0.828,Semiconductor,P1,1,38
Al2ZnTe4_id3920_E-3.50.cif,Al2ZnTe4,-3.4991,0.274,Semiconductor,P-42m,111,7
AlTe4As(SeS4)3_id3207_E-3.50.cif,AlTe4As(SeS4)3,-3.499,0.0,Metal,P2_1,4,42
K2BaZn2CdO20_id1886_E-3.50.cif,K2BaZn2CdO20,-3.4978,2.731,Semiconductor,P-3,147,26
KSe8_id2163_E-3.49.cif,KSe8,-3.4904,1.347,Semiconductor,Cccm,66,36
Sr2Sn3_id3803_E-3.49.cif,Sr2Sn3,-3.4891,0.0,Metal,C222,21,10
Si2SnGeS_id4047_E-3.49.cif,Si2SnGeS,-3.4888,0.543,Semiconductor,P6_522,179,30
LiBP2Se14S3_id663_E-3.49.cif,LiBP2Se14S3,-3.4888,1.708,Semiconductor,P1,1,21
Ba2LiO6_id58_E-3.49.cif,Ba2LiO6,-3.4879,0.0,Metal,P-3m1,164,18
K2BaIn6O3_id176_E-3.49.cif,K2BaIn6O3,-3.4878,0.0,Metal,P-3c1,165,24
Mg2AlS4_id2307_E-3.49.cif,Mg2AlS4,-3.4877,2.448,Semiconductor,Aea2,41,28
Ti2Zn3O_id1356_E-3.49.cif,Ti2Zn3O,-3.4866,0.944,Semiconductor,P3_221,154,18
Li2MgZnIn4Sn3SbCS4NO2_id4273_E-3.49.cif,Li2MgZnIn4Sn3SbCS4NO2,-3.4862,0.0,Metal,P2_1,4,40
Be2Sb_id1658_E-3.49.cif,Be2Sb,-3.4854,0.505,Semiconductor,Pbcn,60,12
LiSn4_id1791_E-3.48.cif,LiSn4,-3.4843,0.0,Metal,Ccce,68,20
Na2AsSe2_id485_E-3.48.cif,Na2AsSe2,-3.4841,0.393,Semiconductor,Cmmm,65,10
Li2SbTe(AsSe)2_id2231_E-3.48.cif,Li2SbTe(AsSe)2,-3.4839,0.0,Metal,Pcca,54,32
LiZn2Sn(GeAs)4_id3213_E-3.48.cif,LiZn2Sn(GeAs)4,-3.4838,0.0,Metal,P4_2/m,84,24
K3Zn2Ge(Te2O7)2_id548_E-3.48.cif,K3Zn2Ge(Te2O7)2,-3.4828,1.786,Semiconductor,P2_12_12,18,48
Sr2Ga5O_id593_E-3.48.cif,Sr2Ga5O,-3.482,0.0,Metal,Pn-3m,224,16
Al3Ga_id2022_E-3.48.cif,Al3Ga,-3.4807,0.0,Metal,P4_132,213,32
K2Ba3O3_id3849_E-3.48.cif,K2Ba3O3,-3.4799,0.261,Semiconductor,Pn-3m,224,16
LiAlIn2(Te2Se)4_id950_E-3.48.cif,LiAlIn2(Te2Se)4,-3.479,0.0,Metal,P222,16,32
Se_id2574_E-3.48.cif,Se,-3.4773,0.832,Semiconductor,C2,5,8
MgGa4Si2(GeS2)2_id2211_E-3.48.cif,MgGa4Si2(GeS2)2,-3.4772,1.672,Semiconductor,P-42m,111,13
KCaTe4_id4449_E-3.48.cif,KCaTe4,-3.4766,0.019,Metal,I222,23,12
Al3Si4_id2080_E-3.48.cif,Al3Si4,-3.4763,0.0,Metal,I4_1/a,88,28
AlTe_id1760_E-3.48.cif,AlTe,-3.4762,0.005,Metal,Pbca,61,16
NaTeSe3_id1580_E-3.48.cif,NaTeSe3,-3.476,0.0,Metal,P2_13,198,20
K2SrTe8_id4531_E-3.48.cif,K2SrTe8,-3.4758,0.0,Metal,I422,97,22
ZnTeSe3S16_id2633_E-3.48.cif,ZnTeSe3S16,-3.4754,1.396,Semiconductor,Pc,7,42
ZnN_id4087_E-3.47.cif,ZnN,-3.4743,0.164,Semiconductor,P6_222,180,12
GaTe_id3748_E-3.47.cif,GaTe,-3.472,0.775,Semiconductor,Aea2,41,16
SnSe3_id4123_E-3.47.cif,SnSe3,-3.4719,1.227,Semiconductor,Iba2,45,16
KSb3As_id4984_E-3.47.cif,KSb3As,-3.4718,0.0,Metal,P-6m2,187,5
Ga5N_id4136_E-3.47.cif,Ga5N,-3.4701,0.0,Metal,Pn-3m,224,12
LiGa4Ge3_id487_E-3.47.cif,LiGa4Ge3,-3.4689,0.0,Metal,Im-3m,229,16
K2Li7ZnO10_id3481_E-3.47.cif,K2Li7ZnO10,-3.4689,0.0,Metal,C222,21,40
LiIn2Te2As2(PS3)2_id3500_E-3.47.cif,LiIn2Te2As2(PS3)2,-3.4676,0.0,Metal,P6_4,172,45
Li(Sc2Al)3_id2580_E-3.47.cif,Li(Sc2Al)3,-3.4674,0.0,Metal,Im-3m,229,20
KSrCdGeO2_id1640_E-3.47.cif,KSrCdGeO2,-3.4673,0.0,Metal,P-6m2,187,6
LiTi(GaSi)2_id713_E-3.47.cif,LiTi(GaSi)2,-3.4664,0.0,Metal,P4/mbm,127,12
LiZnGeS2_id1115_E-3.47.cif,LiZnGeS2,-3.4663,0.0,Metal,Pccm,49,10
Se_id2999_E-3.46.cif,Se,-3.4632,1.068,Semiconductor,Pbca,61,16
Li12BS12_id4251_E-3.46.cif,Li12BS12,-3.4626,0.0,Metal,I432,211,50
Li13(GaO12)3_id2970_E-3.46.cif,Li13(GaO12)3,-3.4622,1.653,Semiconductor,P1,1,52
Sc_id3467_E-3.46.cif,Sc,-3.4615,0.0,Metal,P23,195,24
KZnSnSb6_id3945_E-3.46.cif,KZnSnSb6,-3.4611,0.0,Metal,P312,149,9
ZnGeO_id203_E-3.46.cif,ZnGeO,-3.4597,0.991,Semiconductor,P4_2/mmc,131,12
TeSe3_id4537_E-3.46.cif,TeSe3,-3.4592,1.001,Semiconductor,Aem2,39,16
K2CaIn4SbS4_id590_E-3.46.cif,K2CaIn4SbS4,-3.4592,0.0,Metal,P4_2/mcm,132,24
KNaCaTe6_id2033_E-3.46.cif,KNaCaTe6,-3.4579,0.559,Semiconductor,P312,149,9
InSn2_id1912_E-3.46.cif,InSn2,-3.4574,0.0,Metal,Cmmm,65,12
GaSn_id3642_E-3.46.cif,GaSn,-3.4564,0.0,Metal,P6_3/mmc,194,4
Na2LiCd5In4(SnO4)2_id4777_E-3.46.cif,Na2LiCd5In4(SnO4)2,-3.456,0.227,Semiconductor,P-42_1c,114,44
LiTe3S_id2637_E-3.45.cif,LiTe3S,-3.4539,0.0,Metal,P6/mmm,191,20
Mg3Zn4In2GaTe4(S4N)2_id3685_E-3.45.cif,Mg3Zn4In2GaTe4(S4N)2,-3.4538,1.334,Semiconductor,C2,5,48
Al5GaGe3_id4062_E-3.45.cif,Al5GaGe3,-3.4528,0.0,Metal,P-62m,189,9
KGa3O8_id171_E-3.45.cif,KGa3O8,-3.4524,3.582,Insulator,P-3,147,12
Li4SnTeSe2_id4773_E-3.45.cif,Li4SnTeSe2,-3.4523,0.084,Semiconductor,Cmcm,63,32
ZnGa2SiTe4_id4533_E-3.45.cif,ZnGa2SiTe4,-3.4522,0.089,Semiconductor,I-42m,121,16
Li2Al2InSe4_id4553_E-3.45.cif,Li2Al2InSe4,-3.452,0.0,Metal,I-42d,122,36
InTe2_id271_E-3.45.cif,InTe2,-3.4509,0.0,Metal,Pban,50,12
SbTe5_id3168_E-3.45.cif,SbTe5,-3.4485,0.026,Metal,P4/mmm,123,6
KSnS3_id2981_E-3.45.cif,KSnS3,-3.4467,1.032,Semiconductor,Cmc2_1,36,20
Al2Si_id1200_E-3.45.cif,Al2Si,-3.4452,0.0,Metal,P6_522,179,18
LiSn2_id3669_E-3.44.cif,LiSn2,-3.4449,0.0,Metal,P4_332,212,12
Ca2Sn3(Te2S)2_id3587_E-3.44.cif,Ca2Sn3(Te2S)2,-3.4433,0.868,Semiconductor,C2/m,12,22
BaO12_id1873_E-3.44.cif,BaO12,-3.4429,0.901,Semiconductor,Im-3,204,26
As_id4580_E-3.44.cif,As,-3.4419,0.0,Metal,P-43m,215,5
K3Ba2O6_id4272_E-3.44.cif,K3Ba2O6,-3.4418,4.608,Insulator,P4_132,213,44
Li3(Te3S2)2_id1651_E-3.44.cif,Li3(Te3S2)2,-3.4416,0.78,Semiconductor,P-42m,111,13
Li5(SeS2)2_id1704_E-3.44.cif,Li5(SeS2)2,-3.4411,2.147,Semiconductor,P-42_1m,113,22
Zn2InSe4_id1628_E-3.44.cif,Zn2InSe4,-3.4403,1.133,Semiconductor,P-42m,111,7
CaSn_id1966_E-3.44.cif,CaSn,-3.4396,0.0,Metal,P6_3/mmc,194,4
Sn6GeSb_id3314_E-3.44.cif,Sn6GeSb,-3.4382,0.0,Metal,P6_322,182,16
BaInSn_id762_E-3.44.cif,BaInSn,-3.4381,0.0,Metal,P-6m2,187,3
LiAs_id813_E-3.44.cif,LiAs,-3.4368,0.015,Metal,P4_32_12,96,16
NaMgSe4_id1421_E-3.44.cif,NaMgSe4,-3.4363,0.021,Metal,R-3m,166,18
KSnSbTe_id4966_E-3.43.cif,KSnSbTe,-3.4343,0.339,Semiconductor,Pcc2,27,16
KAsSe_id309_E-3.43.cif,KAsSe,-3.4341,0.0,Metal,Imma,74,12
PS8_id725_E-3.43.cif,PS8,-3.433,1.877,Semiconductor,P1,1,18
LiSn3_id489_E-3.43.cif,LiSn3,-3.433,0.0,Metal,P4/mmm,123,8
Al3Ga_id4827_E-3.43.cif,Al3Ga,-3.4318,0.0,Metal,R-3c,167,24
TeSe_id3369_E-3.43.cif,TeSe,-3.4316,0.0,Metal,Pbca,61,16
Sr2LiZn2GaO4_id1860_E-3.43.cif,Sr2LiZn2GaO4,-3.4308,0.0,Metal,Ibam,72,40
Sn_id53_E-3.43.cif,Sn,-3.4306,0.0,Metal,P4_32_12,96,4
K2ScCd6O12_id716_E-3.43.cif,K2ScCd6O12,-3.4302,1.323,Semiconductor,P-3c1,165,42
BaCaIn3GeO3_id571_E-3.43.cif,BaCaIn3GeO3,-3.4287,0.0,Metal,P-6m2,187,9
LiZnGeAs4_id2795_E-3.43.cif,LiZnGeAs4,-3.4283,0.96,Semiconductor,Pccm,49,14
In2SnSeS_id4189_E-3.43.cif,In2SnSeS,-3.427,0.0,Metal,Pnma,62,20
SbTe3_id2515_E-3.43.cif,SbTe3,-3.425,0.0,Metal,P4/mmm,123,4
Sr2As_id741_E-3.42.cif,Sr2As,-3.4231,0.0,Metal,Pa-3,205,12
NaIn2SnSbSe8_id2403_E-3.42.cif,NaIn2SnSbSe8,-3.423,0.0,Metal,P-42m,111,13
NaZn3In(GaS)6_id121_E-3.42.cif,NaZn3In(GaS)6,-3.4229,0.0,Metal,P-31c,163,34
InSn2Ge3_id1505_E-3.42.cif,InSn2Ge3,-3.4224,0.0,Metal,I-4m2,119,12
CSe5S2_id2454_E-3.42.cif,CSe5S2,-3.4215,1.563,Semiconductor,C2/m,12,16
GaSn_id3973_E-3.42.cif,GaSn,-3.4207,0.0,Metal,F-43m,216,8
In4Sb3Te4_id3474_E-3.42.cif,In4Sb3Te4,-3.4207,0.0,Metal,P-43m,215,11
Na2GaSn(TeSe)4_id3162_E-3.42.cif,Na2GaSn(TeSe)4,-3.4188,0.0,Metal,I-42m,121,24
CaSn_id3986_E-3.42.cif,CaSn,-3.4181,0.0,Metal,Cmcm,63,8
Se_id13_E-3.42.cif,Se,-3.4164,0.046,Metal,Pbca,61,8
KNaGaSb7_id4808_E-3.42.cif,KNaGaSb7,-3.4161,0.0,Metal,P312,149,10
MgCdTeSe6_id3880_E-3.42.cif,MgCdTeSe6,-3.4157,0.313,Semiconductor,P-31c,163,18
GaO_id4709_E-3.41.cif,GaO,-3.4148,0.024,Metal,P6_522,179,24
SnSb_id3243_E-3.41.cif,SnSb,-3.4132,0.0,Metal,P3_221,154,12
ZnAs3_id4985_E-3.41.cif,ZnAs3,-3.4122,0.0,Metal,Pccm,49,8
Ge2As_id2668_E-3.41.cif,Ge2As,-3.4121,0.0,Metal,P4_32_12,96,12
Ga4Si3Sb4_id999_E-3.41.cif,Ga4Si3Sb4,-3.4119,0.0,Metal,I-43d,220,44
TiZn_id1851_E-3.41.cif,TiZn,-3.4118,0.0,Metal,Pm-3,200,14
KMg4Sb2As4(Se2S)2_id1486_E-3.41.cif,KMg4Sb2As4(Se2S)2,-3.4112,0.185,Semiconductor,Pm,6,17
SbTeSe2_id415_E-3.41.cif,SbTeSe2,-3.4098,0.0,Metal,R-3m,166,12
SrAl6_id3456_E-3.41.cif,SrAl6,-3.4098,0.0,Metal,I4/mmm,139,14
AsS8_id3245_E-3.41.cif,AsS8,-3.4097,2.513,Semiconductor,Fm-3m,225,36
ZnGeAs17_id3242_E-3.41.cif,ZnGeAs17,-3.4096,0.0,Metal,I4,79,38
MgTiN2O_id3067_E-3.41.cif,MgTiN2O,-3.4077,1.72,Semiconductor,Pca2_1,29,20
LiGe3_id4099_E-3.41.cif,LiGe3,-3.4068,0.0,Metal,P4_2/mmc,131,8
MgIn2P2N_id3438_E-3.41.cif,MgIn2P2N,-3.4065,0.0,Metal,P3_221,154,18
SbTe5_id1281_E-3.40.cif,SbTe5,-3.4039,0.0,Metal,P6/mmm,191,12
Se2S_id1830_E-3.40.cif,Se2S,-3.3998,1.577,Semiconductor,Pbcn,60,12
NaTe2S_id1170_E-3.40.cif,NaTe2S,-3.3971,0.53,Semiconductor,P4_32_12,96,32
Ba2Sn5_id1916_E-3.40.cif,Ba2Sn5,-3.3967,0.0,Metal,I-42m,121,14
BeTe2_id165_E-3.40.cif,BeTe2,-3.3962,0.0,Metal,Pbca,61,24
BeAs_id2466_E-3.40.cif,BeAs,-3.3954,0.0,Metal,P4_132,213,16
SnTe2_id678_E-3.39.cif,SnTe2,-3.3892,0.0,Metal,Fd-3m,227,24
Ca4N_id2600_E-3.39.cif,Ca4N,-3.389,0.0,Metal,Im-3m,229,10
KLi7B6Sb_id3352_E-3.39.cif,KLi7B6Sb,-3.3875,2.212,Semiconductor,P312,149,15
ScTi3In3SnGeTe8_id3761_E-3.38.cif,ScTi3In3SnGeTe8,-3.3844,0.217,Semiconductor,P31m,157,17
BSe12_id3732_E-3.38.cif,BSe12,-3.3841,2.064,Semiconductor,I432,211,26
O2_id2775_E-3.38.cif,O2,-3.3838,1.433,Semiconductor,Pba2,32,22
KNaMg6Zn6Ga6(SO6)2_id2773_E-3.38.cif,KNaMg6Zn6Ga6(SO6)2,-3.3836,0.233,Semiconductor,P1,1,34
Te4AsSe2_id2598_E-3.38.cif,Te4AsSe2,-3.3831,0.054,Semiconductor,I-42d,122,28
Sr2Sb_id2866_E-3.38.cif,Sr2Sb,-3.382,0.0,Metal,Pa-3,205,12
K4SrCd5(S3O)4_id1763_E-3.38.cif,K4SrCd5(S3O)4,-3.3815,2.066,Semiconductor,P4_2/n,86,52
LiAs_id3899_E-3.38.cif,LiAs,-3.3801,1.32,Semiconductor,P4_222,93,16
LiZnCd2Si(SeS)4_id3210_E-3.38.cif,LiZnCd2Si(SeS)4,-3.3755,0.0,Metal,P-42c,112,26
KIn2(TeSe2)4_id3025_E-3.37.cif,KIn2(TeSe2)4,-3.375,0.773,Semiconductor,I222,23,30
LiInSe2_id291_E-3.37.cif,LiInSe2,-3.3746,0.403,Semiconductor,I-42d,122,32
Mg7ZnNO6_id1121_E-3.37.cif,Mg7ZnNO6,-3.3709,2.744,Semiconductor,P6_322,182,30
InSn_id3681_E-3.37.cif,InSn,-3.3698,0.0,Metal,P4/mmm,123,8
SnTe_id525_E-3.37.cif,SnTe,-3.3689,0.006,Metal,Pbca,61,16
ZnGa2SbO8_id2092_E-3.37.cif,ZnGa2SbO8,-3.3663,2.911,Semiconductor,Pba2,32,48
K2Be3Cd3Ga3B3(N2O)3_id4049_E-3.37.cif,K2Be3Cd3Ga3B3(N2O)3,-3.3659,1.106,Semiconductor,P321,150,46
NaZnSiGe2As_id3122_E-3.37.cif,NaZnSiGe2As,-3.3653,0.0,Metal,P-4n2,118,12
CaO6_id254_E-3.36.cif,CaO6,-3.3647,3.257,Semiconductor,Pm,6,14
Li5Zn2(GaO3)2_id115_E-3.36.cif,Li5Zn2(GaO3)2,-3.3647,0.006,Metal,Pmna,53,30
Mg2ZnSnAs6_id3633_E-3.36.cif,Mg2ZnSnAs6,-3.3646,0.0,Metal,Pccm,49,20
CaIn3(Se2S)2_id4197_E-3.36.cif,CaIn3(Se2S)2,-3.3644,1.359,Semiconductor,Cmme,67,40
KSn3_id1120_E-3.36.cif,KSn3,-3.362,0.0,Metal,Fm-3m,225,16
InGe_id1423_E-3.36.cif,InGe,-3.3618,0.0,Metal,P4_32_12,96,8
Sn(SbTe)3_id974_E-3.36.cif,Sn(SbTe)3,-3.361,0.416,Semiconductor,Pmmm,47,7
Sb3O_id25_E-3.36.cif,Sb3O,-3.3596,0.0,Metal,Pmmm,47,4
LiIn(SnSe2)2_id4920_E-3.36.cif,LiIn(SnSe2)2,-3.359,0.0,Metal,I-42d,122,32
BaMg2AlGe6_id4226_E-3.36.cif,BaMg2AlGe6,-3.3586,0.0,Metal,P312,149,10
Li2In3S2_id3563_E-3.36.cif,Li2In3S2,-3.3575,0.0,Metal,C222,21,14
KSrGe(Te2Se)2_id2759_E-3.36.cif,KSrGe(Te2Se)2,-3.3567,0.469,Semiconductor,I222,23,18
BeSe_id4570_E-3.36.cif,BeSe,-3.3557,2.224,Semiconductor,P6_522,179,12
SbTe2_id2138_E-3.36.cif,SbTe2,-3.3555,0.004,Metal,P4_12_12,92,12
BaGaSn_id4312_E-3.35.cif,BaGaSn,-3.3538,0.0,Metal,Immm,71,6
Ba3GaGe4_id2814_E-3.35.cif,Ba3GaGe4,-3.3534,0.0,Metal,I4/mcm,140,32
KIn4(SbTe4)2_id4109_E-3.35.cif,KIn4(SbTe4)2,-3.3512,0.0,Metal,P4_2bc,106,60
K2BaLi2InO2_id2750_E-3.35.cif,K2BaLi2InO2,-3.3507,0.611,Semiconductor,P-3m1,164,8
TiGa2Sb_id3966_E-3.35.cif,TiGa2Sb,-3.3505,0.105,Semiconductor,P4_2/mmc,131,8
BaInSn_id4187_E-3.35.cif,BaInSn,-3.3495,0.0,Metal,Pnma,62,12
BSe12_id2595_E-3.35.cif,BSe12,-3.3495,0.009,Metal,I432,211,26
NaCa3Mg3Zn2O6_id994_E-3.35.cif,NaCa3Mg3Zn2O6,-3.3481,2.378,Semiconductor,P-3c1,165,30
In2Sn3_id114_E-3.35.cif,In2Sn3,-3.3476,0.0,Metal,Ibca,73,40
InSb_id3946_E-3.35.cif,InSb,-3.3469,0.0,Metal,I4/mcm,140,16
Sc_id4617_E-3.35.cif,Sc,-3.3455,0.0,Metal,P-6m2,187,21
Na2Li4SbO2_id3024_E-3.34.cif,Na2Li4SbO2,-3.3431,1.939,Semiconductor,C222,21,18
Na3(TeO5)2_id63_E-3.34.cif,Na3(TeO5)2,-3.3427,0.443,Semiconductor,C222_1,20,60
CdTeSeS2_id3913_E-3.34.cif,CdTeSeS2,-3.342,1.677,Semiconductor,P622,177,30
Se_id3318_E-3.34.cif,Se,-3.3383,0.0,Metal,P4_2/ncm,138,8
Ti(InGa3)2_id1725_E-3.34.cif,Ti(InGa3)2,-3.3382,0.0,Metal,P6_322,182,18
Se13S4_id2224_E-3.34.cif,Se13S4,-3.3368,0.587,Semiconductor,Pba2,32,34
Na2Si7Ge_id2629_E-3.33.cif,Na2Si7Ge,-3.3344,0.984,Semiconductor,Pmmm,47,10
Ga2Sb_id417_E-3.33.cif,Ga2Sb,-3.334,0.242,Semiconductor,P4_2/nmc,137,12
Al_id3935_E-3.33.cif,Al,-3.3337,0.0,Metal,I4_1cd,110,32
Al4Ga_id4970_E-3.33.cif,Al4Ga,-3.3335,0.0,Metal,Pmna,53,10
K6NaGaO6_id3276_E-3.33.cif,K6NaGaO6,-3.3334,2.134,Semiconductor,P-31c,163,28
Sr4(CaS)3_id379_E-3.33.cif,Sr4(CaS)3,-3.3334,0.111,Semiconductor,I-43d,220,40
GaSn2Te3S4_id4066_E-3.33.cif,GaSn2Te3S4,-3.3324,0.157,Semiconductor,C2/m,12,20
LiCa4Sc3_id3078_E-3.33.cif,LiCa4Sc3,-3.3319,0.0,Metal,Im-3m,229,16
In6Te2S3_id2330_E-3.33.cif,In6Te2S3,-3.3313,0.0,Metal,P-43n,218,44
BaLi2CaSi2_id4267_E-3.33.cif,BaLi2CaSi2,-3.3301,0.16,Semiconductor,P-3m1,164,6
ZnInGaSi2Ge_id2556_E-3.33.cif,ZnInGaSi2Ge,-3.3298,0.017,Metal,I-4m2,119,12
Mg3SbP_id3611_E-3.33.cif,Mg3SbP,-3.3287,0.004,Metal,Pm-3m,221,40
SrAlInO_id1326_E-3.33.cif,SrAlInO,-3.3274,0.0,Metal,I4/mmm,139,32
Si2SnGeTeAs2Se5S7_id658_E-3.33.cif,Si2SnGeTeAs2Se5S7,-3.3258,0.0,Metal,P2_1,4,38
Li2Sc3TiTe2_id1831_E-3.32.cif,Li2Sc3TiTe2,-3.3248,0.0,Metal,P6,168,24
LiBeP3_id189_E-3.32.cif,LiBeP3,-3.3247,0.0,Metal,P6_222,180,15
Ca4Al4O_id3976_E-3.32.cif,Ca4Al4O,-3.3246,0.089,Semiconductor,I4/m,87,18
MgSn2Sb_id3722_E-3.32.cif,MgSn2Sb,-3.3239,0.0,Metal,P2_12_12_1,19,16
In2Ga3(Sn3Ge)2_id3677_E-3.32.cif,In2Ga3(Sn3Ge)2,-3.3223,0.0,Metal,P6,168,13
KZn2InS4_id4648_E-3.32.cif,KZn2InS4,-3.3215,2.03,Semiconductor,I-42d,122,32
Li2Zn2Sb2O3_id2390_E-3.32.cif,Li2Zn2Sb2O3,-3.3214,0.456,Semiconductor,Pccn,56,36
LiZn5In2O12_id3128_E-3.32.cif,LiZn5In2O12,-3.3207,0.019,Metal,P-42c,112,40
ScBe4(ZnB)4_id1797_E-3.32.cif,ScBe4(ZnB)4,-3.3206,0.0,Metal,P4_2/nmc,137,26
KLi2(Si2Ge)2_id3727_E-3.32.cif,KLi2(Si2Ge)2,-3.32,0.0,Metal,I-4c2,120,36
CaZnGaSbO17_id2396_E-3.32.cif,CaZnGaSbO17,-3.3198,1.364,Semiconductor,Pc,7,42
AlGa_id486_E-3.32.cif,AlGa,-3.3191,0.0,Metal,P6_3/mmc,194,8
SbSe20_id2199_E-3.32.cif,SbSe20,-3.3171,1.383,Semiconductor,P2_1,4,42
Mg2Ge3_id1799_E-3.32.cif,Mg2Ge3,-3.3163,0.015,Metal,C222,21,10
K2O_id1577_E-3.32.cif,K2O,-3.3155,1.333,Semiconductor,Pbca,61,12
Se_id3136_E-3.31.cif,Se,-3.3149,0.109,Semiconductor,Pba2,32,26
Na2GaSn2(SbAs)2_id2527_E-3.31.cif,Na2GaSn2(SbAs)2,-3.3142,0.022,Metal,C222_1,20,36
KGaSiSb2_id4613_E-3.31.cif,KGaSiSb2,-3.3127,0.0,Metal,P4_122,91,20
Li2Zn2Sn3S2_id4058_E-3.31.cif,Li2Zn2Sn3S2,-3.3103,0.264,Semiconductor,C222,21,18
NaO2_id4418_E-3.31.cif,NaO2,-3.3102,0.483,Semiconductor,I4_1/a,88,24
BO12_id3486_E-3.31.cif,BO12,-3.3101,1.733,Semiconductor,I432,211,26
SnGe_id3791_E-3.31.cif,SnGe,-3.3092,0.0,Metal,P4/mmm,123,4
Li15(TeO2)2_id2020_E-3.31.cif,Li15(TeO2)2,-3.3083,3.022,Semiconductor,Pnn2,34,42
MgAlSi2_id2485_E-3.31.cif,MgAlSi2,-3.308,0.0,Metal,P6_222,180,12
LiSe_id3860_E-3.31.cif,LiSe,-3.3075,2.002,Semiconductor,P4_32_12,96,8
Li4Se3_id4955_E-3.31.cif,Li4Se3,-3.3073,0.0,Metal,Pccn,56,28
LiZnSn3Sb2_id2538_E-3.31.cif,LiZnSn3Sb2,-3.3073,0.0,Metal,Immm,71,14
In2(SeS)3_id4638_E-3.31.cif,In2(SeS)3,-3.3073,1.651,Semiconductor,P6/mmm,191,16
Sc2Ti2NO_id975_E-3.30.cif,Sc2Ti2NO,-3.3019,0.845,Semiconductor,I4/mmm,139,24
Se_id8_E-3.30.cif,Se,-3.3016,0.001,Metal,Pbca,61,8
ScZnCd2(GaS)2_id137_E-3.30.cif,ScZnCd2(GaS)2,-3.3014,0.0,Metal,P-3m1,164,8
GaTePSe2S_id1981_E-3.30.cif,GaTePSe2S,-3.3008,2.286,Semiconductor,P6_5,170,36
LiGaTe_id4398_E-3.30.cif,LiGaTe,-3.296,0.987,Semiconductor,P6_3/mmc,194,6
Na(Se2S)2_id503_E-3.29.cif,Na(Se2S)2,-3.2938,0.0,Metal,P3_112,151,21
Se_id1842_E-3.29.cif,Se,-3.2937,0.003,Metal,Pbca,61,8
K7As5(PO3)4_id2432_E-3.29.cif,K7As5(PO3)4,-3.2932,1.794,Semiconductor,I222,23,56
MgTe4_id2378_E-3.29.cif,MgTe4,-3.2916,1.234,Semiconductor,Pccm,49,10
SrLi2(GaSi2)2_id4388_E-3.29.cif,SrLi2(GaSi2)2,-3.2902,0.369,Semiconductor,Amm2,38,18
Ca7Ge4_id3021_E-3.29.cif,Ca7Ge4,-3.29,0.029,Metal,I-43m,217,22
BaGa2Ge_id3596_E-3.29.cif,BaGa2Ge,-3.2899,0.0,Metal,Ibam,72,32
Ga5Ge2_id4868_E-3.29.cif,Ga5Ge2,-3.2889,0.0,Metal,P-42m,111,7
Be(GaSi)2_id3901_E-3.29.cif,Be(GaSi)2,-3.2884,0.489,Semiconductor,Cmme,67,20
K2SO2_id360_E-3.29.cif,K2SO2,-3.2865,1.866,Semiconductor,P4_2/nmc,137,20
GeTeAsSeS4_id4021_E-3.28.cif,GeTeAsSeS4,-3.2848,0.163,Semiconductor,I-4m2,119,16
BaInO12_id3540_E-3.28.cif,BaInO12,-3.2846,0.0,Metal,R-3,148,42
Sr4InSn3_id67_E-3.28.cif,Sr4InSn3,-3.2821,0.0,Metal,Im-3m,229,16
Li2AlO5_id3103_E-3.28.cif,Li2AlO5,-3.2791,0.0,Metal,Cmme,67,32
BaIn2Ge3_id776_E-3.28.cif,BaIn2Ge3,-3.279,0.0,Metal,Immm,71,12
Li3ZnAsP2_id1075_E-3.28.cif,Li3ZnAsP2,-3.2777,0.112,Semiconductor,Pccm,49,14
K2GaSi5_id4083_E-3.28.cif,K2GaSi5,-3.2767,0.0,Metal,Ibam,72,32
ZnInSn6_id1600_E-3.27.cif,ZnInSn6,-3.2745,0.0,Metal,P-42c,112,16
K4O3_id4859_E-3.27.cif,K4O3,-3.2738,1.218,Semiconductor,P-31c,163,28
BaLiZnIn2GePS2N_id4850_E-3.27.cif,BaLiZnIn2GePS2N,-3.2732,0.0,Metal,Pm,6,20
Ca8MgCd2O4_id2132_E-3.27.cif,Ca8MgCd2O4,-3.273,0.006,Metal,P4/nbm,125,30
LiCaSn2_id3301_E-3.27.cif,LiCaSn2,-3.2706,0.0,Metal,P4_2/mmc,131,8
Na(TeSe)2_id841_E-3.27.cif,Na(TeSe)2,-3.2685,1.105,Semiconductor,Cc,9,20
LiZn(SnSe2)2_id3549_E-3.27.cif,LiZn(SnSe2)2,-3.2682,0.034,Metal,Pban,50,16
Be2GaTe2_id2714_E-3.27.cif,Be2GaTe2,-3.2672,1.356,Semiconductor,Cccm,66,20
SbTe6_id1144_E-3.27.cif,SbTe6,-3.2654,0.0,Metal,I-42d,122,28
BSe12_id1192_E-3.26.cif,BSe12,-3.2631,0.066,Semiconductor,I432,211,26
Na3MgZn3O4_id4907_E-3.26.cif,Na3MgZn3O4,-3.2607,0.0,Metal,Pm-3n,223,22
ZnPS_id2930_E-3.26.cif,ZnPS,-3.2595,1.505,Semiconductor,P4_32_12,96,24
LiSn_id32_E-3.26.cif,LiSn,-3.2592,0.0,Metal,I4_1/amd,141,8
Cd3Ga4Sn(TeS)4_id3222_E-3.26.cif,Cd3Ga4Sn(TeS)4,-3.2578,0.926,Semiconductor,I-42m,121,32
NaGe2_id4349_E-3.26.cif,NaGe2,-3.2562,0.0,Metal,Pbcn,60,12
ZnSe2_id1470_E-3.26.cif,ZnSe2,-3.2551,1.044,Semiconductor,Pccn,56,12
Ga7Ge2_id1289_E-3.25.cif,Ga7Ge2,-3.2549,0.0,Metal,P-62m,189,9
SbTe_id3710_E-3.25.cif,SbTe,-3.2524,0.0,Metal,I4_1/a,88,40
Ge_id1707_E-3.25.cif,Ge,-3.2501,0.0,Metal,P4_222,93,14
NaTe2_id2015_E-3.25.cif,NaTe2,-3.2477,0.0,Metal,F-43m,216,12
SbTe_id4812_E-3.25.cif,SbTe,-3.2468,0.0,Metal,P4_32_12,96,16
CaIn4(SnGe)4_id1005_E-3.24.cif,CaIn4(SnGe)4,-3.2447,0.0,Metal,P4_2/n,86,26
LiBe3PSe_id3506_E-3.24.cif,LiBe3PSe,-3.2438,0.0,Metal,P6_5,170,36
K4Sr3(Sb4O3)2_id568_E-3.24.cif,K4Sr3(Sb4O3)2,-3.2412,0.021,Metal,I-43m,217,42
Na2AlTe8AsS4_id1107_E-3.24.cif,Na2AlTe8AsS4,-3.2405,0.238,Semiconductor,P4_2/mcm,132,32
Li4Ti3AsS8_id761_E-3.24.cif,Li4Ti3AsS8,-3.2404,1.156,Semiconductor,I4/m,87,32
LiSn_id528_E-3.24.cif,LiSn,-3.2392,0.0,Metal,P4/nmm,129,16
Sr3SnSb4_id40_E-3.24.cif,Sr3SnSb4,-3.2392,0.0,Metal,P4_322,95,32
CdSn3Te4_id147_E-3.24.cif,CdSn3Te4,-3.239,0.0,Metal,P-42c,112,16
Li3MgSe3S_id4394_E-3.24.cif,Li3MgSe3S,-3.2367,0.0,Metal,Pm-3m,221,8
AlZnSb2_id3746_E-3.24.cif,AlZnSb2,-3.2363,0.0,Metal,Pccm,49,8
Na4In4Ge9_id2002_E-3.24.cif,Na4In4Ge9,-3.2359,0.0,Metal,P-62m,189,17
Sn3Sb4_id4510_E-3.23.cif,Sn3Sb4,-3.2343,0.0,Metal,P4_2/m,84,14
K3O4_id3771_E-3.23.cif,K3O4,-3.2343,1.301,Semiconductor,P23,195,21
Sb3Te4_id2960_E-3.23.cif,Sb3Te4,-3.234,0.0,Metal,P2_12_12,18,14
CaAl6ZnGa3Si_id1323_E-3.23.cif,CaAl6ZnGa3Si,-3.2335,0.0,Metal,P-6m2,187,12
KNaInSb7_id2616_E-3.23.cif,KNaInSb7,-3.2278,0.0,Metal,P312,149,10
Ca2Ge5_id2797_E-3.23.cif,Ca2Ge5,-3.2278,0.0,Metal,P4/mnc,128,28
BaScIn_id3184_E-3.23.cif,BaScIn,-3.2275,0.0,Metal,I-4m2,119,6
Ca2Sn_id699_E-3.23.cif,Ca2Sn,-3.227,0.103,Semiconductor,P4/mmm,123,12
MgScIn2_id4476_E-3.23.cif,MgScIn2,-3.2254,0.0,Metal,P4_2/m,84,16
Se6S_id3654_E-3.22.cif,Se6S,-3.2247,0.0,Metal,P2/m,10,7
MgAl2(TeS3)2_id2468_E-3.22.cif,MgAl2(TeS3)2,-3.2236,1.819,Semiconductor,P-42_1m,113,22
NaSn2_id2594_E-3.22.cif,NaSn2,-3.2223,0.0,Metal,Cmmm,65,12
Ba5Na2ZnCd2SnP2(NO)2_id613_E-3.22.cif,Ba5Na2ZnCd2SnP2(NO)2,-3.2215,1.394,Semiconductor,P1,1,51
Ca2Ge_id2573_E-3.22.cif,Ca2Ge,-3.221,0.009,Metal,Ibam,72,12
LiZnS_id668_E-3.22.cif,LiZnS,-3.2205,2.173,Semiconductor,P4_2/ncm,138,12
KCa3Cd3Se4_id4231_E-3.22.cif,KCa3Cd3Se4,-3.2195,0.038,Metal,Pm-3n,223,22
CdSe6_id961_E-3.22.cif,CdSe6,-3.2181,0.0,Metal,R-3,148,21
Ba4LiSn3_id651_E-3.21.cif,Ba4LiSn3,-3.2141,0.0,Metal,Im-3m,229,16
CaAlTe6_id2137_E-3.21.cif,CaAlTe6,-3.2139,0.0,Metal,P-31c,163,16
KZnSnO_id1926_E-3.21.cif,KZnSnO,-3.2134,0.959,Semiconductor,Pnnm,58,16
MgCd4In4(SnN2)2_id1319_E-3.21.cif,MgCd4In4(SnN2)2,-3.2124,0.0,Metal,I-42m,121,30
Al3CdTe3_id592_E-3.21.cif,Al3CdTe3,-3.2097,1.182,Semiconductor,Pm-3n,223,14
NaSc2_id2025_E-3.21.cif,NaSc2,-3.2079,0.0,Metal,I4_1/a,88,24
NaLiSn8_id357_E-3.21.cif,NaLiSn8,-3.2058,0.0,Metal,Fm-3m,225,40
In3Ga2O_id2184_E-3.21.cif,In3Ga2O,-3.2055,0.215,Semiconductor,Pn-3m,224,12
Ga5Ge4_id488_E-3.20.cif,Ga5Ge4,-3.2034,0.0,Metal,C222,21,18
Na4(SnGe)3_id2585_E-3.20.cif,Na4(SnGe)3,-3.201,0.0,Metal,I-43d,220,40
KNa2Li3Zn3SnGe3(Sb2As3)2_id2306_E-3.20.cif,KNa2Li3Zn3SnGe3(Sb2As3)2,-3.201,0.0,Metal,P3,143,23
Be3Si_id2976_E-3.20.cif,Be3Si,-3.1993,0.0,Metal,P4_132,213,32
LiAl(Te4Se)3_id683_E-3.20.cif,LiAl(Te4Se)3,-3.1985,0.037,Metal,P31c,159,34
Sr2SnTe2_id2925_E-3.20.cif,Sr2SnTe2,-3.1969,1.007,Semiconductor,R-3,148,45
KNa6SnAs7_id987_E-3.20.cif,KNa6SnAs7,-3.1964,0.8,Semiconductor,P312,149,15
Ga2Si_id1350_E-3.20.cif,Ga2Si,-3.1963,0.0,Metal,I4_1,80,12
CaSiGe6_id2669_E-3.20.cif,CaSiGe6,-3.1961,0.0,Metal,P-4n2,118,16
SbTe7_id3859_E-3.20.cif,SbTe7,-3.1955,0.0,Metal,Pcc2,27,16
MgBe3(AlB3)2_id2625_E-3.19.cif,MgBe3(AlB3)2,-3.1948,2.278,Semiconductor,P4_3,78,48
Ga2B_id3825_E-3.19.cif,Ga2B,-3.1944,0.0,Metal,P6_422,181,9
KBaSnSb2_id1410_E-3.19.cif,KBaSnSb2,-3.194,0.0,Metal,P3m1,156,5
Mg2Sc3(InTe)4_id4516_E-3.19.cif,Mg2Sc3(InTe)4,-3.194,0.0,Metal,Cmce,64,52
Ga12SnSe6_id1602_E-3.19.cif,Ga12SnSe6,-3.1937,0.0,Metal,I23,197,38
SbTe10As_id2088_E-3.19.cif,SbTe10As,-3.1934,0.001,Metal,P2_12_12_1,19,48
GaSnAsSe2S_id2016_E-3.19.cif,GaSnAsSe2S,-3.1926,1.602,Semiconductor,P-4m2,115,12
LiSn_id674_E-3.19.cif,LiSn,-3.191,0.0,Metal,P4/nmm,129,8
K3(Se3S)2_id225_E-3.19.cif,K3(Se3S)2,-3.1886,1.473,Semiconductor,P6/mmm,191,11
NaScZn_id3832_E-3.19.cif,NaScZn,-3.1861,0.0,Metal,Ibam,72,24
Be4Al3_id1859_E-3.18.cif,Be4Al3,-3.1845,0.0,Metal,Fm-3m,225,56
ZnGa2Te8(Se2S)4_id208_E-3.18.cif,ZnGa2Te8(Se2S)4,-3.1836,0.579,Semiconductor,P-42m,111,23
In6GaSiSnAs_id1149_E-3.18.cif,In6GaSiSnAs,-3.1835,0.0,Metal,P312,149,10
K3NaO6_id4503_E-3.18.cif,K3NaO6,-3.1831,0.878,Semiconductor,P23,195,40
Li2TiZn2TeO_id3387_E-3.18.cif,Li2TiZn2TeO,-3.1815,0.0,Metal,Pcc2,27,28
CdGa4SiSn6_id1566_E-3.18.cif,CdGa4SiSn6,-3.1814,0.0,Metal,I-42d,122,48
MgScBe4ZnSi4GeP_id2774_E-3.18.cif,MgScBe4ZnSi4GeP,-3.1807,0.0,Metal,Cc,9,52
Li4BP10(NO)4_id4404_E-3.18.cif,Li4BP10(NO)4,-3.1786,1.254,Semiconductor,P4/n,85,46
MgSc8Cd2Ga8(SiSn2)2_id206_E-3.18.cif,MgSc8Cd2Ga8(SiSn2)2,-3.1761,0.0,Metal,I422,97,50
Na3Sr2O6_id4965_E-3.17.cif,Na3Sr2O6,-3.1749,2.326,Semiconductor,P-6,174,11
CaZnN_id1036_E-3.17.cif,CaZnN,-3.1742,0.0,Metal,P6_3/mmc,194,6
K4Te7_id3615_E-3.17.cif,K4Te7,-3.1729,0.0,Metal,Pm-3n,223,22
KNa2Te5As_id3695_E-3.17.cif,KNa2Te5As,-3.1729,0.0,Metal,I222,23,18
Cd4GaS4_id2053_E-3.17.cif,Cd4GaS4,-3.1727,0.0,Metal,P-43m,215,9
Li2GaTe4_id2079_E-3.17.cif,Li2GaTe4,-3.1727,0.961,Semiconductor,Pcca,54,28
NaCd2SnSe8_id1629_E-3.17.cif,NaCd2SnSe8,-3.172,0.0,Metal,I-42d,122,48
B4O15_id3574_E-3.17.cif,B4O15,-3.1703,0.959,Semiconductor,P4/n,85,38
NaSn2_id3740_E-3.17.cif,NaSn2,-3.1697,0.0,Metal,P6_1,169,18
KScSn4_id2793_E-3.17.cif,KScSn4,-3.1692,0.0,Metal,P4_322,95,24
Sr4CdGe4_id2154_E-3.17.cif,Sr4CdGe4,-3.1684,0.0,Metal,I4_1/a,88,36
Ba6Ti2In6NO_id3618_E-3.17.cif,Ba6Ti2In6NO,-3.1668,0.0,Metal,R-3,148,48
KNaO_id4708_E-3.17.cif,KNaO,-3.1663,2.317,Semiconductor,C222,21,12
Ba2Sn_id1596_E-3.16.cif,Ba2Sn,-3.164,0.0,Metal,P6_3/mmc,194,6
Ga4Ge_id4041_E-3.16.cif,Ga4Ge,-3.164,0.0,Metal,P-42_1c,114,10
Te_id1835_E-3.16.cif,Te,-3.1613,0.514,Semiconductor,Pbca,61,8
LiSb4As5_id821_E-3.16.cif,LiSb4As5,-3.161,1.544,Semiconductor,Pbcm,57,40
Te_id4765_E-3.16.cif,Te,-3.1603,1.268,Semiconductor,P4/m,83,8
KZnGeAs4_id1353_E-3.16.cif,KZnGeAs4,-3.1602,0.0,Metal,P4_122,91,28
Ba(CaB3)4_id2162_E-3.16.cif,Ba(CaB3)4,-3.1601,0.0,Metal,Im-3,204,34
LiSn3_id771_E-3.16.cif,LiSn3,-3.1577,0.0,Metal,P2/c,13,8
Li2ZnSe4_id2608_E-3.16.cif,Li2ZnSe4,-3.1571,1.256,Semiconductor,Pnma,62,28
K2Ba2Ca2SnO2_id2395_E-3.16.cif,K2Ba2Ca2SnO2,-3.1561,0.0,Metal,P4/mnc,128,36
SrScAlCd_id546_E-3.16.cif,SrScAlCd,-3.1556,0.0,Metal,F-43m,216,16
K2Sb3_id1411_E-3.15.cif,K2Sb3,-3.1544,0.0,Metal,P6/mmm,191,5
CdS_id1113_E-3.15.cif,CdS,-3.154,1.508,Semiconductor,P4_2/ncm,138,8
LiTiZn_id3278_E-3.15.cif,LiTiZn,-3.1534,0.0,Metal,F-43m,216,12
BaGe_id2693_E-3.15.cif,BaGe,-3.1533,0.012,Metal,I4_1/acd,142,32
NaTiZnCdSe21_id2823_E-3.15.cif,NaTiZnCdSe21,-3.1492,0.0,Metal,P31c,159,50
LiAl4_id3200_E-3.15.cif,LiAl4,-3.1485,0.0,Metal,Im-3m,229,10
BaNa4(SnO)4_id1083_E-3.15.cif,BaNa4(SnO)4,-3.1464,1.769,Semiconductor,P4_2/n,86,26
Sb(SeS)2_id1209_E-3.14.cif,Sb(SeS)2,-3.1438,2.34,Semiconductor,P4_2/nmc,137,10
Te_id3700_E-3.14.cif,Te,-3.1415,0.045,Metal,I4/mmm,139,8
Te_id3570_E-3.14.cif,Te,-3.1396,0.035,Metal,P2_12_12_1,19,8
Te_id2589_E-3.14.cif,Te,-3.139,0.01,Metal,Pbca,61,8
KLiInTe4_id3970_E-3.14.cif,KLiInTe4,-3.1385,0.132,Semiconductor,I222,23,14
GaTe_id2429_E-3.14.cif,GaTe,-3.1385,0.0,Metal,P6_522,179,12
LiCdO6_id4942_E-3.14.cif,LiCdO6,-3.1382,2.338,Semiconductor,P-31c,163,16
Li(InTe)3_id3997_E-3.14.cif,Li(InTe)3,-3.1381,0.063,Semiconductor,Pm-3n,223,14
Te_id702_E-3.14.cif,Te,-3.1363,0.0,Metal,P6_222,180,6
Te_id1544_E-3.14.cif,Te,-3.1351,0.0,Metal,P4_32_12,96,12
Te_id4967_E-3.13.cif,Te,-3.1346,0.0,Metal,P4/mmm,123,4
Te_id2358_E-3.13.cif,Te,-3.1333,0.757,Semiconductor,P6/mmm,191,18
ScGe6_id2884_E-3.13.cif,ScGe6,-3.1329,0.0,Metal,I4/mmm,139,14
Sr(LiSi)2_id4856_E-3.13.cif,Sr(LiSi)2,-3.1328,0.0,Metal,I4/mcm,140,20
KNa2SbAs2_id6_E-3.13.cif,KNa2SbAs2,-3.1304,0.0,Metal,Immm,71,12
Te_id280_E-3.13.cif,Te,-3.1303,0.0,Metal,P23,195,12
K5O4_id3183_E-3.13.cif,K5O4,-3.1296,0.0,Metal,P6/mmm,191,27
Te_id2832_E-3.13.cif,Te,-3.1287,0.014,Metal,Ia-3,206,56
Te6Se4S_id1589_E-3.13.cif,Te6Se4S,-3.128,0.0,Metal,Im-3m,229,22
Te_id3219_E-3.13.cif,Te,-3.1258,0.147,Semiconductor,Pccn,56,12
KBa3B2O_id211_E-3.13.cif,KBa3B2O,-3.1252,0.0,Metal,R32,155,21
Ca3Sc2_id2316_E-3.12.cif,Ca3Sc2,-3.1239,0.0,Metal,Aea2,41,20
Zn2Sn(TeSe3)2_id3598_E-3.12.cif,Zn2Sn(TeSe3)2,-3.1233,0.0,Metal,P3m1,156,11
Ba2In2Sb_id2945_E-3.12.cif,Ba2In2Sb,-3.122,0.0,Metal,Pa-3,205,20
Al4CdIn2Sn5_id4612_E-3.12.cif,Al4CdIn2Sn5,-3.1217,0.0,Metal,P-42_1c,114,24
Na2Li2Zn2Ga2Ge2Sb2AsSe2_id237_E-3.12.cif,Na2Li2Zn2Ga2Ge2Sb2AsSe2,-3.1216,0.682,Semiconductor,Ccc2,37,60
CdP4_id3619_E-3.12.cif,CdP4,-3.1213,0.149,Semiconductor,Pccm,49,10
SeS6_id2973_E-3.12.cif,SeS6,-3.1207,0.0,Metal,Fm-3m,225,28
AlGa5SnGe_id269_E-3.12.cif,AlGa5SnGe,-3.1205,0.0,Metal,I2_12_12_1,24,32
Sc14Ti3Al_id2200_E-3.12.cif,Sc14Ti3Al,-3.1187,0.0,Metal,I4mm,107,36
SrTe_id349_E-3.11.cif,SrTe,-3.1145,0.373,Semiconductor,P4/m,83,8
KCaZnInGaTeAs2SeS_id1581_E-3.11.cif,KCaZnInGaTeAs2SeS,-3.1138,0.0,Metal,P3_1,144,30
Ba2SnGe2_id4750_E-3.11.cif,Ba2SnGe2,-3.1138,0.0,Metal,P1,1,20
Na2SiSb_id2347_E-3.11.cif,Na2SiSb,-3.1137,0.0,Metal,Imma,74,16
Na3Mg3SbTe4_id531_E-3.11.cif,Na3Mg3SbTe4,-3.113,1.801,Semiconductor,P-43m,215,11
KLi2CdO2_id4815_E-3.11.cif,KLi2CdO2,-3.1129,1.76,Semiconductor,Cmme,67,24
MgSi_id814_E-3.11.cif,MgSi,-3.1127,0.0,Metal,P4_122,91,8
K2AlIn7O8_id4785_E-3.11.cif,K2AlIn7O8,-3.1111,0.0,Metal,P-1,2,18
LiTe2_id3988_E-3.11.cif,LiTe2,-3.1111,0.86,Semiconductor,P4/m,83,12
KCd4Ga(SnO2)2_id402_E-3.11.cif,KCd4Ga(SnO2)2,-3.1104,1.23,Semiconductor,P-42c,112,24
InS5_id1587_E-3.11.cif,InS5,-3.1079,1.826,Semiconductor,Pcc2,27,12
Na4Te2AsSe2_id4350_E-3.11.cif,Na4Te2AsSe2,-3.1074,0.0,Metal,Pmmn,59,18
AlCd(GeTe2)2_id4994_E-3.11.cif,AlCd(GeTe2)2,-3.1066,0.904,Semiconductor,I-42d,122,32
K2Ba(SnGe2)4_id1893_E-3.10.cif,K2Ba(SnGe2)4,-3.1047,0.0,Metal,I-42d,122,60
KLi2TiGa4_id4629_E-3.10.cif,KLi2TiGa4,-3.1038,0.0,Metal,P-42c,112,16
Te_id2949_E-3.10.cif,Te,-3.0984,0.0,Metal,Pm-3m,221,8
ZnIn3Sn4_id4485_E-3.10.cif,ZnIn3Sn4,-3.0966,0.0,Metal,Im-3m,229,16
LiGaGeTe2_id4319_E-3.10.cif,LiGaGeTe2,-3.0956,0.0,Metal,Pccm,49,10
LiSe2N5O3_id2196_E-3.10.cif,LiSe2N5O3,-3.0951,2.54,Semiconductor,Pmmn,59,22
LiInGe_id1992_E-3.09.cif,LiInGe,-3.0947,0.0,Metal,Ibca,73,24
Sb2Te23Se4_id461_E-3.09.cif,Sb2Te23Se4,-3.0933,0.0,Metal,P2_12_12,18,58
Te_id4316_E-3.09.cif,Te,-3.093,0.0,Metal,Pbca,61,16
Li6CdTe4_id4004_E-3.09.cif,Li6CdTe4,-3.0929,0.062,Semiconductor,Im-3m,229,22
KSn3O2_id1591_E-3.09.cif,KSn3O2,-3.0916,0.621,Semiconductor,Pmmm,47,6
Li3P2_id2381_E-3.09.cif,Li3P2,-3.0912,4.817,Insulator,I4_1,80,20
LiMgZn2Ga2As4(PSe2)2_id4158_E-3.09.cif,LiMgZn2Ga2As4(PSe2)2,-3.0912,0.0,Metal,P3_221,154,48
Sb_id4699_E-3.09.cif,Sb,-3.0901,0.0,Metal,P23,195,12
NaZnO2_id1290_E-3.09.cif,NaZnO2,-3.089,1.045,Semiconductor,I4_122,98,16
Ti4Si2Sn_id1445_E-3.09.cif,Ti4Si2Sn,-3.0877,0.009,Metal,P1,1,14
Be16Sn_id3906_E-3.09.cif,Be16Sn,-3.0874,0.0,Metal,Im-3,204,34
NaSn3(SbTe3)4_id1366_E-3.09.cif,NaSn3(SbTe3)4,-3.0869,0.41,Semiconductor,P1,1,20
Li5SnSbAs_id1492_E-3.09.cif,Li5SnSbAs,-3.0864,0.494,Semiconductor,Pnma,62,32
AlGa7Sb_id3594_E-3.09.cif,AlGa7Sb,-3.0856,0.0,Metal,P6_322,182,18
Na(ZnSe2)2_id159_E-3.08.cif,Na(ZnSe2)2,-3.0848,0.0,Metal,P4/mmm,123,7
TiAlZnGaGeTe16_id4318_E-3.08.cif,TiAlZnGaGeTe16,-3.0837,0.273,Semiconductor,Pc,7,42
ZnAs2(SeS)8_id898_E-3.08.cif,ZnAs2(SeS)8,-3.0833,1.567,Semiconductor,P4/n,85,38
Ca4GeSb4_id4860_E-3.08.cif,Ca4GeSb4,-3.0823,0.005,Metal,P-42_1c,114,18
In3GaSn2_id1815_E-3.08.cif,In3GaSn2,-3.0816,0.0,Metal,I-4m2,119,24
SrCaGaGe2_id2264_E-3.08.cif,SrCaGaGe2,-3.0815,0.0,Metal,Amm2,38,10
In15Sn8_id2086_E-3.08.cif,In15Sn8,-3.0813,0.0,Metal,P6/mcc,192,46
BaO18_id3730_E-3.08.cif,BaO18,-3.0809,0.51,Semiconductor,Cm,8,38
In3Sb_id4493_E-3.08.cif,In3Sb,-3.0804,0.0,Metal,Pm-3m,221,4
K2Te7_id1025_E-3.08.cif,K2Te7,-3.0799,0.494,Semiconductor,I4/mcm,140,36
Te_id3937_E-3.08.cif,Te,-3.0798,0.231,Semiconductor,P2_12_12_1,19,32
Te_id2302_E-3.08.cif,Te,-3.0795,0.0,Metal,P4/m,83,12
Li2Ga4Si3Ge_id2719_E-3.08.cif,Li2Ga4Si3Ge,-3.0795,0.0,Metal,Pbam,55,20
MgSc10Sn3_id4931_E-3.08.cif,MgSc10Sn3,-3.0788,0.0,Metal,Pm-3,200,14
K2ZnS5O2_id4400_E-3.08.cif,K2ZnS5O2,-3.0752,1.747,Semiconductor,Pbam,55,20
Ga_id3014_E-3.08.cif,Ga,-3.075,0.0,Metal,I4_1/acd,142,16
KZnInSn6Ge_id69_E-3.07.cif,KZnInSn6Ge,-3.07,0.0,Metal,P312,149,10
SnAs5P2Se_id2785_E-3.07.cif,SnAs5P2Se,-3.0672,0.657,Semiconductor,P2/m,10,9
NaAl4Zn2(GaTe4)2_id2741_E-3.07.cif,NaAl4Zn2(GaTe4)2,-3.0653,1.281,Semiconductor,I422,97,34
MgBeTeAs2_id4274_E-3.06.cif,MgBeTeAs2,-3.0649,0.861,Semiconductor,P1,1,20
SrZn3Cd(TeO2)2_id1185_E-3.06.cif,SrZn3Cd(TeO2)2,-3.0637,0.0,Metal,Pmmn,59,22
LiCa2Ge_id1267_E-3.06.cif,LiCa2Ge,-3.0626,0.007,Metal,Fm-3m,225,16
O2_id4174_E-3.06.cif,O2,-3.0619,0.847,Semiconductor,R-3c,167,24
KIn2GaTe8_id1382_E-3.06.cif,KIn2GaTe8,-3.0616,0.11,Semiconductor,I422,97,24
BaNaSrAl2SiAs2_id4069_E-3.06.cif,BaNaSrAl2SiAs2,-3.061,0.0,Metal,P-4n2,118,16
ZnSb8(AsP3)2_id465_E-3.06.cif,ZnSb8(AsP3)2,-3.06,0.0,Metal,I4/mmm,139,34
Mg2CdS4_id400_E-3.06.cif,Mg2CdS4,-3.0598,2.052,Semiconductor,Cccm,66,28
ZnIn2Sb3_id577_E-3.06.cif,ZnIn2Sb3,-3.0567,0.0,Metal,P6/mmm,191,6
Ca2TiAl2_id2844_E-3.06.cif,Ca2TiAl2,-3.0566,0.0,Metal,I23,197,60
LiSi_id2611_E-3.06.cif,LiSi,-3.0565,0.944,Semiconductor,I4_1/acd,142,32
LiAl2Cd(GaSn2)2_id448_E-3.06.cif,LiAl2Cd(GaSn2)2,-3.0559,0.0,Metal,Immm,71,20
Na4CaZn4O4_id332_E-3.06.cif,Na4CaZn4O4,-3.0556,2.847,Semiconductor,P4_2/n,86,26
Mg(GaSn)3_id15_E-3.05.cif,Mg(GaSn)3,-3.0536,0.0,Metal,Pm-3n,223,14
Li5(ZnN)2_id3147_E-3.05.cif,Li5(ZnN)2,-3.0503,2.69,Semiconductor,Pbcn,60,36
Mg2GeSb_id555_E-3.05.cif,Mg2GeSb,-3.0501,0.0,Metal,I-4m2,119,8
GaS2_id224_E-3.05.cif,GaS2,-3.0468,1.962,Semiconductor,Pnnn,48,12
Sr4ZnSn3_id4805_E-3.05.cif,Sr4ZnSn3,-3.0465,0.036,Metal,Im-3m,229,16
NaTe_id2234_E-3.04.cif,NaTe,-3.0447,0.0,Metal,Pbca,61,16
KLi2SiSbAs_id4557_E-3.04.cif,KLi2SiSbAs,-3.0442,0.918,Semiconductor,P-4n2,118,12
Sc2BeZn2_id2083_E-3.04.cif,Sc2BeZn2,-3.0435,0.0,Metal,P6_222,180,15
AsS38_id4539_E-3.04.cif,AsS38,-3.0429,0.588,Semiconductor,Pm-3m,221,39
LiIn3Ga3(SbAs)3_id4425_E-3.04.cif,LiIn3Ga3(SbAs)3,-3.0359,0.0,Metal,P3,143,13
K3MgAl3Te4_id4884_E-3.04.cif,K3MgAl3Te4,-3.0358,0.006,Metal,P-43m,215,11
Na3SnGe3_id3264_E-3.03.cif,Na3SnGe3,-3.0342,0.0,Metal,P6_3,173,14
Te_id4413_E-3.03.cif,Te,-3.0337,0.233,Semiconductor,P2_12_12_1,19,12
Ba2Sb3Te_id2278_E-3.03.cif,Ba2Sb3Te,-3.0335,0.0,Metal,P4_2/m,84,24
Na3Li3S4O3_id3375_E-3.03.cif,Na3Li3S4O3,-3.0328,3.346,Semiconductor,Pm-3m,221,26
K2GeSb2As8Se3_id1932_E-3.03.cif,K2GeSb2As8Se3,-3.0318,0.0,Metal,Pm,6,16
Ba7Al4O2_id2659_E-3.03.cif,Ba7Al4O2,-3.0294,0.0,Metal,P6/mmm,191,13
KLiAl3Zn2InGe(TeS)2_id1282_E-3.03.cif,KLiAl3Zn2InGe(TeS)2,-3.029,1.335,Semiconductor,Pmmn,59,26
Ba4SrO6_id626_E-3.03.cif,Ba4SrO6,-3.0288,0.0,Metal,P4/mmm,123,22
KLiZnInGaSN_id4444_E-3.03.cif,KLiZnInGaSN,-3.0271,0.202,Semiconductor,P2_1/m,11,14
In3Te_id2269_E-3.03.cif,In3Te,-3.0267,0.0,Metal,P4_2/nnm,134,8
Ca3O_id382_E-3.03.cif,Ca3O,-3.0266,0.0,Metal,R-3c,167,24
Mg3ScCd2O2_id1137_E-3.03.cif,Mg3ScCd2O2,-3.0265,0.032,Metal,Pnnm,58,16
Te_id4581_E-3.03.cif,Te,-3.0254,0.182,Semiconductor,P3_2,145,6
CaGe_id21_E-3.02.cif,CaGe,-3.024,0.0,Metal,P6_3/mmc,194,8
ZnGaSn2_id2657_E-3.02.cif,ZnGaSn2,-3.0221,0.0,Metal,I-42d,122,16
Li2Ga2Ge_id957_E-3.02.cif,Li2Ga2Ge,-3.0214,0.0,Metal,P4/mmm,123,20
CdIn2GaSnTe4_id2089_E-3.02.cif,CdIn2GaSnTe4,-3.0208,0.0,Metal,Cmme,67,36
LiIn2Ga2Ge_id4200_E-3.02.cif,LiIn2Ga2Ge,-3.0205,0.0,Metal,Pbam,55,12
Be2GaSnGeSb2_id4128_E-3.02.cif,Be2GaSnGeSb2,-3.0176,0.0,Metal,P4_12_12,92,28
Li2S_id3912_E-3.02.cif,Li2S,-3.0161,3.294,Semiconductor,P3_112,151,18
AlZn2GaAs2_id656_E-3.01.cif,AlZn2GaAs2,-3.0137,0.526,Semiconductor,I4/mmm,139,12
GaSnTe2_id1308_E-3.01.cif,GaSnTe2,-3.0129,0.0,Metal,Pccm,49,8
AsP2_id4579_E-3.01.cif,AsP2,-3.0113,7.038,Insulator,P4_32_12,96,12
AlGa5_id4304_E-3.01.cif,AlGa5,-3.0103,0.0,Metal,P4/mmm,123,6
Mg(ZnTe2)2_id4778_E-3.01.cif,Mg(ZnTe2)2,-3.0077,1.564,Semiconductor,P-42m,111,7
Mg4TiSn2_id4365_E-3.01.cif,Mg4TiSn2,-3.0068,0.0,Metal,P4_22_12,94,14
Ga_id2576_E-3.00.cif,Ga,-3.0035,0.0,Metal,Pm-3m,221,8
In3Sn_id3464_E-3.00.cif,In3Sn,-3.0024,0.0,Metal,Pm-3n,223,8
Ga_id3022_E-3.00.cif,Ga,-3.0018,0.0,Metal,I4_1/acd,142,16
Sr6Li2Ca(GaS2)2_id4558_E-3.00.cif,Sr6Li2Ca(GaS2)2,-3.0015,0.0,Metal,Cmce,64,60
Li2Al2PC2_id1722_E-3.00.cif,Li2Al2PC2,-2.9993,0.01,Metal,P4_322,95,28
Ca(Ga2Sn)2_id1081_E-3.00.cif,Ca(Ga2Sn)2,-2.9976,0.0,Metal,I4_1/a,88,28
LiBeGa4_id1449_E-3.00.cif,LiBeGa4,-2.9975,0.0,Metal,I422,97,12
NaTeSe3_id1530_E-3.00.cif,NaTeSe3,-2.9958,0.14,Semiconductor,Cc,9,20
Ga4Sn4P_id3437_E-2.99.cif,Ga4Sn4P,-2.9943,0.0,Metal,P-42_1c,114,18
Li2Sc4Zn4B_id196_E-2.99.cif,Li2Sc4Zn4B,-2.9937,0.0,Metal,P6_422,181,33
Na2GeTe11_id4241_E-2.99.cif,Na2GeTe11,-2.9919,0.0,Metal,Iba2,45,56
BaNa2Li2Cd2Te(Se2N)4_id4845_E-2.99.cif,BaNa2Li2Cd2Te(Se2N)4,-2.9896,2.157,Semiconductor,P-42_1c,114,40
Ba3Sb_id2727_E-2.99.cif,Ba3Sb,-2.9882,0.127,Semiconductor,R-3,148,24
SeS9_id4257_E-2.99.cif,SeS9,-2.9875,2.271,Semiconductor,Pm-3m,221,10
Ga_id807_E-2.99.cif,Ga,-2.9872,0.0,Metal,I4_1/acd,142,16
Li4InSn4_id4695_E-2.99.cif,Li4InSn4,-2.9857,0.0,Metal,I4/m,87,18
Li2Ga2Ge_id3470_E-2.98.cif,Li2Ga2Ge,-2.9841,0.0,Metal,I4/mmm,139,20
Ge2SbAs3_id3889_E-2.98.cif,Ge2SbAs3,-2.9834,0.0,Metal,P4/mmm,123,6
Li2ScSi2_id1664_E-2.98.cif,Li2ScSi2,-2.983,0.0,Metal,P4_32_12,96,20
Ga_id890_E-2.98.cif,Ga,-2.9829,0.0,Metal,P2_12_12_1,19,8
Ge_id2908_E-2.98.cif,Ge,-2.9827,0.0,Metal,Amm2,38,10
BeZn2(GeTe2)2_id1287_E-2.98.cif,BeZn2(GeTe2)2,-2.9825,0.174,Semiconductor,P-42m,111,9
Ga_id4431_E-2.98.cif,Ga,-2.9825,0.0,Metal,I4_1/acd,142,32
K2BaLiTeO_id3567_E-2.98.cif,K2BaLiTeO,-2.9809,2.022,Semiconductor,Pmc2_1,26,12
SeS8_id146_E-2.98.cif,SeS8,-2.9806,1.724,Semiconductor,Fm-3m,225,36
Na3Li4Cd4O12_id366_E-2.98.cif,Na3Li4Cd4O12,-2.9792,1.792,Semiconductor,I23,197,46
Ge_id4659_E-2.98.cif,Ge,-2.9792,0.0,Metal,C2/c,15,12
Na2GaGe2_id3576_E-2.98.cif,Na2GaGe2,-2.9773,0.0,Metal,Ibam,72,20
InGaSe_id542_E-2.98.cif,InGaSe,-2.9761,0.444,Semiconductor,Pbca,61,24
ZnSe_id359_E-2.98.cif,ZnSe,-2.9751,0.0,Metal,Aea2,41,16
AlInAs_id1708_E-2.97.cif,AlInAs,-2.975,0.0,Metal,P4_132,213,24
Zn3(GeB)2_id3678_E-2.97.cif,Zn3(GeB)2,-2.974,0.0,Metal,P4_12_12,92,28
Ga_id2747_E-2.97.cif,Ga,-2.9716,0.0,Metal,I4_1/acd,142,16
CdGa2(SO)2_id4899_E-2.97.cif,CdGa2(SO)2,-2.9712,0.215,Semiconductor,Pa-3,205,28
ScIn_id4022_E-2.97.cif,ScIn,-2.9708,0.0,Metal,P4mm,99,8
Mg2TiAlGa2_id4357_E-2.97.cif,Mg2TiAlGa2,-2.9702,0.0,Metal,P4/mmm,123,12
Na(ZnGe2)2_id2063_E-2.97.cif,Na(ZnGe2)2,-2.9685,0.0,Metal,P3_121,152,21
Be11AlZn3B2C_id3349_E-2.97.cif,Be11AlZn3B2C,-2.9685,0.0,Metal,P1,1,54
In7Sn4_id1340_E-2.97.cif,In7Sn4,-2.9682,0.0,Metal,P-1,2,11
K2Na2Ga3O8_id4055_E-2.97.cif,K2Na2Ga3O8,-2.9674,3.49,Semiconductor,P-42_1m,113,30
BTe12_id3324_E-2.97.cif,BTe12,-2.9673,0.0,Metal,I432,211,26
SrMgIn4(GaGe)2_id4167_E-2.97.cif,SrMgIn4(GaGe)2,-2.9666,0.0,Metal,I4/mcm,140,40
In5(GaSn)2_id362_E-2.97.cif,In5(GaSn)2,-2.9652,0.0,Metal,Fmm2,42,36
Ca(Zn3P2)2_id2651_E-2.96.cif,Ca(Zn3P2)2,-2.9632,0.036,Metal,Im-3m,229,22
LiSe2S_id233_E-2.96.cif,LiSe2S,-2.9621,1.779,Semiconductor,P6_122,178,24
Cd2Sn4GeTe4_id2946_E-2.96.cif,Cd2Sn4GeTe4,-2.96,0.0,Metal,P-42m,111,11
Na4Cd4InSb4(Te2S)4_id2700_E-2.96.cif,Na4Cd4InSb4(Te2S)4,-2.9579,0.015,Metal,P4_2/n,86,50
InGa2Sb_id1903_E-2.96.cif,InGa2Sb,-2.9572,0.0,Metal,Ibca,73,32
LiAlCd2In4(TeSe)4_id504_E-2.96.cif,LiAlCd2In4(TeSe)4,-2.956,0.438,Semiconductor,P-42c,112,32
CaIn3Ga8_id4415_E-2.96.cif,CaIn3Ga8,-2.9559,0.0,Metal,P6/mmm,191,12
LiZn2GaO_id3521_E-2.95.cif,LiZn2GaO,-2.9548,0.151,Semiconductor,Ibca,73,40
LiGa7_id3343_E-2.95.cif,LiGa7,-2.9529,0.0,Metal,Pm-3,200,8
Cd2In9Sn11Ge2Sb3_id3096_E-2.95.cif,Cd2In9Sn11Ge2Sb3,-2.9506,0.0,Metal,P4bm,100,54
In5Sn3_id4294_E-2.95.cif,In5Sn3,-2.95,0.0,Metal,P-31m,162,16
Ga5Ge_id3046_E-2.95.cif,Ga5Ge,-2.9494,0.0,Metal,P4/mmm,123,12
LiMgGa2Ge_id1135_E-2.95.cif,LiMgGa2Ge,-2.9491,0.0,Metal,I-4m2,119,20
BaGa2(CN)2_id1002_E-2.95.cif,BaGa2(CN)2,-2.949,0.0,Metal,I4/mmm,139,14
Ba2Zn2CdGa3As2_id997_E-2.95.cif,Ba2Zn2CdGa3As2,-2.9488,0.0,Metal,Ibam,72,40
Ca2TiZn_id4171_E-2.95.cif,Ca2TiZn,-2.9483,0.0,Metal,Fm-3m,225,16
NaAlSb_id3721_E-2.95.cif,NaAlSb,-2.9478,0.0,Metal,Pca2_1,29,12
Ge_id4786_E-2.95.cif,Ge,-2.9475,0.001,Metal,I4_1md,109,16
Al3CdGa4_id2732_E-2.95.cif,Al3CdGa4,-2.9471,0.0,Metal,Im-3m,229,16
Sc5Cd2InSn_id4289_E-2.95.cif,Sc5Cd2InSn,-2.9468,0.0,Metal,I-4m2,119,18
Li3Ge_id1715_E-2.95.cif,Li3Ge,-2.9468,0.001,Metal,Fm-3m,225,16
Al3Ga_id1102_E-2.95.cif,Al3Ga,-2.9462,0.231,Semiconductor,P6_122,178,48
LiMgSb2_id44_E-2.95.cif,LiMgSb2,-2.9456,0.0,Metal,Pccm,49,8
CdSiTe2_id4106_E-2.95.cif,CdSiTe2,-2.9453,1.0,Semiconductor,I4_122,98,16
Na2Sn3_id231_E-2.94.cif,Na2Sn3,-2.9438,0.0,Metal,Pn-3m,224,10
Ga_id256_E-2.94.cif,Ga,-2.9415,0.0,Metal,Pm,6,12
BaAl8(CdSn2)4_id4036_E-2.94.cif,BaAl8(CdSn2)4,-2.9409,0.0,Metal,P4_2/nmc,137,42
Al2Sn(Te3Se)4_id2423_E-2.94.cif,Al2Sn(Te3Se)4,-2.9403,1.528,Semiconductor,P-42m,111,19
Ti3Zn7_id1633_E-2.94.cif,Ti3Zn7,-2.9395,0.0,Metal,I-43d,220,40
Na2Ga4SnTe6_id2670_E-2.94.cif,Na2Ga4SnTe6,-2.9389,0.0,Metal,Fmm2,42,52
In4Ge_id2289_E-2.94.cif,In4Ge,-2.9373,0.0,Metal,P-42_1c,114,10
Cd2In3SiSn3_id1232_E-2.94.cif,Cd2In3SiSn3,-2.9352,0.0,Metal,P-62m,189,9
Li12SiTe12_id3915_E-2.93.cif,Li12SiTe12,-2.9348,0.0,Metal,I432,211,50
CdSbTe3Se_id1579_E-2.93.cif,CdSbTe3Se,-2.934,0.0,Metal,Pca2_1,29,24
Li2SnSb_id4556_E-2.93.cif,Li2SnSb,-2.9323,1.056,Semiconductor,Imma,74,16
Li3Sn2_id3425_E-2.93.cif,Li3Sn2,-2.9316,0.0,Metal,P6_3/mcm,193,10
NaLi4Sn3_id3778_E-2.93.cif,NaLi4Sn3,-2.9307,0.0,Metal,Im-3m,229,16
AlIn2_id4641_E-2.93.cif,AlIn2,-2.93,0.0,Metal,Pa-3,205,12
MgSc_id2457_E-2.93.cif,MgSc,-2.9294,0.0,Metal,P6_122,178,24
Ba2Sr2O_id2251_E-2.93.cif,Ba2Sr2O,-2.9294,0.0,Metal,C2/m,12,10
BaMgScAl4_id758_E-2.93.cif,BaMgScAl4,-2.9253,0.0,Metal,P-4n2,118,14
TiBe3Al2Zn2GaSiO2_id331_E-2.93.cif,TiBe3Al2Zn2GaSiO2,-2.9252,0.0,Metal,P3_1,144,36
LiGeB_id4550_E-2.93.cif,LiGeB,-2.925,0.019,Metal,P6_422,181,18
KMg(TiIn)2_id1877_E-2.92.cif,KMg(TiIn)2,-2.924,0.385,Semiconductor,P4_122,91,24
LiMgAlSn_id4902_E-2.92.cif,LiMgAlSn,-2.9238,0.0,Metal,F-43m,216,16
Mg3ScGa3_id1846_E-2.92.cif,Mg3ScGa3,-2.9235,0.0,Metal,P6_3/m,176,14
KNa2O_id2217_E-2.92.cif,KNa2O,-2.9229,1.282,Semiconductor,P-4m2,115,16
Li(MgSb)3_id3360_E-2.92.cif,Li(MgSb)3,-2.9224,1.109,Semiconductor,Pm-3n,223,14
Ga4Ge_id3174_E-2.92.cif,Ga4Ge,-2.9204,0.0,Metal,Cmme,67,20
Te_id3384_E-2.92.cif,Te,-2.9203,0.0,Metal,P4/m,83,4
Ga_id4219_E-2.92.cif,Ga,-2.9192,0.0,Metal,I4_1/acd,142,16
Al_id1969_E-2.92.cif,Al,-2.9185,0.0,Metal,P23,195,12
Sr2Li2SbC_id4915_E-2.92.cif,Sr2Li2SbC,-2.9172,0.0,Metal,P6_3/mmc,194,12
BaIn7Sb_id2296_E-2.92.cif,BaIn7Sb,-2.9167,0.0,Metal,P312,149,9
KNa4Te2As(SO)4_id2389_E-2.92.cif,KNa4Te2As(SO)4,-2.9159,1.209,Semiconductor,I222,23,32
Sb5Te7_id2469_E-2.91.cif,Sb5Te7,-2.9148,0.326,Semiconductor,P-43n,218,24
In3P5S19_id4847_E-2.91.cif,In3P5S19,-2.9134,1.686,Semiconductor,P31m,157,27
In4Sn_id4060_E-2.91.cif,In4Sn,-2.9131,0.0,Metal,I-4m2,119,20
Si2O3_id3273_E-2.91.cif,Si2O3,-2.9128,3.47,Semiconductor,Pbcn,60,20
GaSnSeS4_id2974_E-2.91.cif,GaSnSeS4,-2.912,0.012,Metal,P4/mmm,123,28
ScIn2_id2248_E-2.91.cif,ScIn2,-2.9107,0.0,Metal,Pn-3m,224,6
CdSe_id2401_E-2.91.cif,CdSe,-2.9107,0.0,Metal,P4_2/ncm,138,8
Ga_id4258_E-2.91.cif,Ga,-2.9082,0.0,Metal,P4_2/nmc,137,12
Sc_id2547_E-2.91.cif,Sc,-2.9076,0.0,Metal,P-6m2,187,10
Ti2BeGa_id1156_E-2.91.cif,Ti2BeGa,-2.9076,0.041,Metal,P6_222,180,12
K3SrTe6_id3216_E-2.91.cif,K3SrTe6,-2.9069,1.323,Semiconductor,Fm-3m,225,40
Li3Te2_id1416_E-2.91.cif,Li3Te2,-2.9067,0.87,Semiconductor,P-42_1m,113,10
LiSn2_id3337_E-2.90.cif,LiSn2,-2.905,0.0,Metal,P6/mcc,192,36
BaLi2(InSn2)2_id3922_E-2.90.cif,BaLi2(InSn2)2,-2.9049,0.0,Metal,I4/mcm,140,36
Mg2P_id2656_E-2.90.cif,Mg2P,-2.9046,0.161,Semiconductor,I4_1/acd,142,48
K2BO_id3426_E-2.90.cif,K2BO,-2.9042,1.276,Semiconductor,P6_422,181,12
LiZnGe3As2_id4690_E-2.90.cif,LiZnGe3As2,-2.901,1.791,Semiconductor,P2_1/m,11,14
Zn2Ga3O_id1147_E-2.90.cif,Zn2Ga3O,-2.9002,0.0,Metal,Pn-3m,224,12
Sc3TiAlZn5_id698_E-2.90.cif,Sc3TiAlZn5,-2.8998,0.0,Metal,P4/mmm,123,10
MgAl3_id3841_E-2.90.cif,MgAl3,-2.8997,0.0,Metal,I4/mmm,139,8
Sn3Sb_id789_E-2.90.cif,Sn3Sb,-2.8991,0.0,Metal,P4/mmm,123,4
LiCa2_id3230_E-2.90.cif,LiCa2,-2.8987,0.0,Metal,P6_1,169,18
Mg2TiSn2_id2915_E-2.90.cif,Mg2TiSn2,-2.8955,0.0,Metal,Pbcn,60,20
Ga_id4248_E-2.89.cif,Ga,-2.8944,0.0,Metal,P4_2/nmc,137,12
Li2CaZnTe2_id2229_E-2.89.cif,Li2CaZnTe2,-2.894,1.301,Semiconductor,P-3m1,164,6
Ba2SrO_id476_E-2.89.cif,Ba2SrO,-2.8925,0.0,Metal,I4/mmm,139,8
Te_id4002_E-2.89.cif,Te,-2.8918,0.0,Metal,Fm-3m,225,28
Mg4Sn3C_id2208_E-2.89.cif,Mg4Sn3C,-2.8907,0.0,Metal,Pm-3m,221,8
Ca3Ge_id4402_E-2.89.cif,Ca3Ge,-2.89,0.0,Metal,P6_3/mmc,194,8
KSb2_id4981_E-2.89.cif,KSb2,-2.8896,0.0,Metal,P4_122,91,12
AlGa11_id4740_E-2.89.cif,AlGa11,-2.8887,0.0,Metal,P-4c2,116,24
KLi2(Te2Se)2_id2733_E-2.89.cif,KLi2(Te2Se)2,-2.8883,3.588,Insulator,P-42_1m,113,18
MgAl2ZnTe8_id2843_E-2.89.cif,MgAl2ZnTe8,-2.8866,0.066,Semiconductor,P-42c,112,24
Ca3Sc_id323_E-2.89.cif,Ca3Sc,-2.8856,0.0,Metal,Pm-3m,221,32
BaAlGa3_id2681_E-2.88.cif,BaAlGa3,-2.8845,0.0,Metal,P2,3,10
In8Sn9_id707_E-2.88.cif,In8Sn9,-2.8843,0.0,Metal,P-42_1c,114,34
NaTe7Se2_id3866_E-2.88.cif,NaTe7Se2,-2.8843,1.651,Semiconductor,Pbam,55,20
KGaSn_id1071_E-2.88.cif,KGaSn,-2.8841,0.0,Metal,P6_3/mmc,194,6
Be8GaSi_id1255_E-2.88.cif,Be8GaSi,-2.8837,0.0,Metal,Pmmn,59,20
KNaS_id238_E-2.88.cif,KNaS,-2.8837,1.714,Semiconductor,C222,21,12
Be2Ga_id2586_E-2.88.cif,Be2Ga,-2.8836,0.0,Metal,C222_1,20,12
InGa3_id2325_E-2.88.cif,InGa3,-2.8835,0.0,Metal,Fm-3m,225,16
Al3Zn_id2950_E-2.88.cif,Al3Zn,-2.8823,0.0,Metal,Pc,7,16
K2Na2Si3_id4169_E-2.88.cif,K2Na2Si3,-2.8818,0.476,Semiconductor,Cccm,66,28
BaSbP2(Se3O)2_id4653_E-2.88.cif,BaSbP2(Se3O)2,-2.8807,0.805,Semiconductor,P1,1,36
Al3In_id4602_E-2.88.cif,Al3In,-2.88,0.0,Metal,P4mm,99,16
Ga_id2131_E-2.88.cif,Ga,-2.8788,0.0,Metal,Pmma,51,8
MgSn_id4571_E-2.88.cif,MgSn,-2.8783,0.0,Metal,Pm-3m,221,16
Na4SbO2_id4213_E-2.88.cif,Na4SbO2,-2.8782,0.544,Semiconductor,P4,75,7
Li2InSn_id3388_E-2.88.cif,Li2InSn,-2.8771,0.0,Metal,I-42d,122,16
LiGa4SnP2_id1078_E-2.88.cif,LiGa4SnP2,-2.8764,0.0,Metal,I222,23,16
KNa2In(NO6)2_id2203_E-2.88.cif,KNa2In(NO6)2,-2.876,1.271,Semiconductor,P3_121,152,54
ScTi3(ZnN)3_id4182_E-2.87.cif,ScTi3(ZnN)3,-2.8738,0.0,Metal,R-3c,167,60
Cd3Ga(Si2Sn)2_id4670_E-2.87.cif,Cd3Ga(Si2Sn)2,-2.8733,0.0,Metal,P3_121,152,30
Li3Al7Ga4_id2606_E-2.87.cif,Li3Al7Ga4,-2.8729,0.411,Semiconductor,P1,1,28
ZnGe4_id2139_E-2.87.cif,ZnGe4,-2.8727,0.0,Metal,I4_1/amd,141,20
LiTe6_id4028_E-2.87.cif,LiTe6,-2.8725,0.003,Metal,P31c,159,56
Ga_id4650_E-2.87.cif,Ga,-2.8713,0.0,Metal,P2_12_12_1,19,24
Na2Mg3In7Te2(Se3S)2_id35_E-2.87.cif,Na2Mg3In7Te2(Se3S)2,-2.8699,0.592,Semiconductor,C2,5,44
Na6As3(PSe)2_id927_E-2.87.cif,Na6As3(PSe)2,-2.8698,2.014,Semiconductor,P1,1,26
NaSn_id558_E-2.87.cif,NaSn,-2.8688,0.0,Metal,I4_1/amd,141,8
K3BaP6_id4598_E-2.87.cif,K3BaP6,-2.868,0.0,Metal,P6/mmm,191,10
MgZnGa2Sn3Ge(TeSe)2_id3398_E-2.87.cif,MgZnGa2Sn3Ge(TeSe)2,-2.8663,0.0,Metal,Pnn2,34,24
KIn2Sn3_id3066_E-2.87.cif,KIn2Sn3,-2.8658,0.0,Metal,C222_1,20,24
KCdO6_id3208_E-2.86.cif,KCdO6,-2.8647,3.007,Semiconductor,I4mm,107,16
Ga_id1162_E-2.86.cif,Ga,-2.864,0.0,Metal,Ia-3d,230,48
Ga3Si_id1973_E-2.86.cif,Ga3Si,-2.8622,1.074,Semiconductor,P4_132,213,32
K3GaO_id861_E-2.86.cif,K3GaO,-2.8593,0.329,Semiconductor,Cc,9,20
K3Na2Li2O3_id4160_E-2.86.cif,K3Na2Li2O3,-2.8587,1.177,Semiconductor,I4cm,108,40
LiAl2Ga_id605_E-2.86.cif,LiAl2Ga,-2.8573,0.0,Metal,I-42d,122,16
NaMg(AlTe2)2_id3135_E-2.86.cif,NaMg(AlTe2)2,-2.8556,1.276,Semiconductor,Pbcm,57,32
KScZnSb_id1122_E-2.86.cif,KScZnSb,-2.8554,0.242,Semiconductor,P4_122,91,16
BeC3O14_id4551_E-2.85.cif,BeC3O14,-2.8549,0.775,Semiconductor,R32,155,54
Li3Ga5_id1958_E-2.85.cif,Li3Ga5,-2.8544,0.0,Metal,Im-3m,229,16
AlZnGa7_id2760_E-2.85.cif,AlZnGa7,-2.8536,0.0,Metal,P-6m2,187,9
LiAlTe_id2153_E-2.85.cif,LiAlTe,-2.8523,0.0,Metal,Immm,71,24
Ga5As2_id3407_E-2.85.cif,Ga5As2,-2.8522,0.0,Metal,Pccm,49,14
NaMgSnTe2_id1694_E-2.85.cif,NaMgSnTe2,-2.8514,0.0,Metal,P3_121,152,15
Mg4(ScCd)3_id1777_E-2.85.cif,Mg4(ScCd)3,-2.8513,0.0,Metal,I-43d,220,40
NaLi2InGe2SbTe2_id145_E-2.85.cif,NaLi2InGe2SbTe2,-2.8505,0.0,Metal,Pccm,49,18
BeCd2BO8_id3290_E-2.85.cif,BeCd2BO8,-2.8496,0.0,Metal,P-42c,112,24
Li7Ge3_id2472_E-2.85.cif,Li7Ge3,-2.8479,0.0,Metal,P6_3/m,176,20
Ga2Ge12P_id4522_E-2.85.cif,Ga2Ge12P,-2.8459,0.0,Metal,P6/mmm,191,15
MgInTe_id1262_E-2.84.cif,MgInTe,-2.841,0.0,Metal,P4_2/ncm,138,12
Mg7N2_id202_E-2.84.cif,Mg7N2,-2.8395,0.46,Semiconductor,P-4c2,116,18
Li2InSn_id4014_E-2.84.cif,Li2InSn,-2.8379,0.0,Metal,P-6m2,187,8
NaSn2Sb3_id1988_E-2.83.cif,NaSn2Sb3,-2.8342,0.0,Metal,P6_2,171,18
KZn3In3GeSb7_id1335_E-2.83.cif,KZn3In3GeSb7,-2.8327,0.0,Metal,P3,143,15
CaIn_id4218_E-2.83.cif,CaIn,-2.8326,0.0,Metal,Pm-3m,221,16
LiIn2Ge_id3267_E-2.83.cif,LiIn2Ge,-2.8317,0.0,Metal,P3_121,152,12
NaLi6(GeAs)7_id4891_E-2.83.cif,NaLi6(GeAs)7,-2.8316,0.672,Semiconductor,P6_322,182,42
AlZnGa4_id143_E-2.83.cif,AlZnGa4,-2.8315,0.0,Metal,I422,97,12
Mg3Sc8_id4686_E-2.83.cif,Mg3Sc8,-2.8299,0.0,Metal,P6/mmm,191,11
Te_id3843_E-2.83.cif,Te,-2.8295,0.569,Semiconductor,Pba2,32,14
AlIn4_id4995_E-2.83.cif,AlIn4,-2.8289,0.0,Metal,P-42_1c,114,10
BeAl2Zn4Si2(TeS)2_id3553_E-2.83.cif,BeAl2Zn4Si2(TeS)2,-2.828,0.0,Metal,Cmme,67,52
TiAl4Zn2Ga_id367_E-2.83.cif,TiAl4Zn2Ga,-2.8277,0.0,Metal,C2/c,15,32
Al_id3118_E-2.83.cif,Al,-2.8261,0.0,Metal,I4_132,214,24
Na4Ca2ZnSb2TeAs4_id3327_E-2.83.cif,Na4Ca2ZnSb2TeAs4,-2.8261,0.0,Metal,I4_1/a,88,56
Ga_id4168_E-2.83.cif,Ga,-2.826,0.0,Metal,Pmma,51,8
InGa_id2868_E-2.83.cif,InGa,-2.8256,0.0,Metal,Cmme,67,16
AlIn5_id3837_E-2.82.cif,AlIn5,-2.8223,0.0,Metal,Pmna,53,12
BaLi2CaZn4Sb2(TeSe)2_id2851_E-2.82.cif,BaLi2CaZn4Sb2(TeSe)2,-2.8207,0.0,Metal,P4_2/m,84,56
MgAl2Zn2Cd8(GeTe)8_id4665_E-2.82.cif,MgAl2Zn2Cd8(GeTe)8,-2.8199,0.0,Metal,I422,97,58
LiGa6_id4987_E-2.82.cif,LiGa6,-2.8171,0.0,Metal,P4_2/nnm,134,14
Ga_id4209_E-2.82.cif,Ga,-2.8169,0.0,Metal,P2/c,13,18
BaLi2ZnSi2_id3061_E-2.82.cif,BaLi2ZnSi2,-2.8167,0.611,Semiconductor,P4/mmm,123,24
Ba2LiSn_id2383_E-2.82.cif,Ba2LiSn,-2.8165,0.0,Metal,Fm-3m,225,16
LiCdSnGe_id1125_E-2.82.cif,LiCdSnGe,-2.8159,0.0,Metal,P-6m2,187,4
AlZnSe_id3489_E-2.82.cif,AlZnSe,-2.8153,0.011,Metal,Pbca,61,24
Al5(ZnGa)2_id2840_E-2.81.cif,Al5(ZnGa)2,-2.8142,0.0,Metal,P4_2/m,84,18
In3Sn_id178_E-2.81.cif,In3Sn,-2.8142,0.0,Metal,Pmmm,47,4
Li2Mg2GaTe8_id1807_E-2.81.cif,Li2Mg2GaTe8,-2.8109,0.0,Metal,C2/c,15,52
Te4PSe_id3125_E-2.81.cif,Te4PSe,-2.8108,0.734,Semiconductor,P2/m,10,6
KBa2O_id1463_E-2.81.cif,KBa2O,-2.8086,1.001,Semiconductor,Pa-3,205,16
Zn3CdInSnP2(SO)2_id1961_E-2.81.cif,Zn3CdInSnP2(SO)2,-2.8083,1.386,Semiconductor,Cmme,67,48
ZnIn3Sn17_id1473_E-2.81.cif,ZnIn3Sn17,-2.8059,0.0,Metal,P1,1,21
Mg2Sc_id1599_E-2.81.cif,Mg2Sc,-2.8056,0.0,Metal,Fm-3m,225,12
CaCdSbTe_id600_E-2.80.cif,CaCdSbTe,-2.8032,0.936,Semiconductor,P4_122,91,16
Sr2MgSc2Si2(TeP)2_id4145_E-2.80.cif,Sr2MgSc2Si2(TeP)2,-2.8031,3.212,Semiconductor,Pm,6,44
KInTe2_id2317_E-2.80.cif,KInTe2,-2.8002,0.084,Semiconductor,Pcc2,27,32
Al3Ga4_id2932_E-2.80.cif,Al3Ga4,-2.8,0.0,Metal,P6_4,172,21
In2Ga_id4139_E-2.80.cif,In2Ga,-2.7999,0.0,Metal,Pa-3,205,12
LiTe_id106_E-2.80.cif,LiTe,-2.7988,0.426,Semiconductor,I4_132,214,16
Zn4Si(SO)2_id882_E-2.80.cif,Zn4Si(SO)2,-2.7986,0.236,Semiconductor,P4_2mc,105,18
LiSbTeAs2_id2008_E-2.80.cif,LiSbTeAs2,-2.7983,3.964,Insulator,P6_522,179,30
KBa2NaSn3Sb_id4843_E-2.80.cif,KBa2NaSn3Sb,-2.7979,0.615,Semiconductor,P3,143,8
Ga_id784_E-2.80.cif,Ga,-2.7976,0.0,Metal,P6_322,182,16
Sb(Te3Se)2_id4742_E-2.80.cif,Sb(Te3Se)2,-2.7971,0.008,Metal,P2/m,10,9
BaLi6TeO_id4100_E-2.80.cif,BaLi6TeO,-2.7964,0.234,Semiconductor,P4/mmm,123,9
Na8LiCd2Sn4(SO)4_id14_E-2.80.cif,Na8LiCd2Sn4(SO)4,-2.7963,0.165,Semiconductor,P4_2/n,86,46
Mg3Sc_id1351_E-2.79.cif,Mg3Sc,-2.7938,0.0,Metal,Fm-3m,225,16
TiZn4Sn_id3612_E-2.79.cif,TiZn4Sn,-2.7923,0.0,Metal,P4/nbm,125,12
LiCa2In2Sn_id56_E-2.79.cif,LiCa2In2Sn,-2.7922,0.0,Metal,Cmmm,65,12
Ga_id1826_E-2.79.cif,Ga,-2.7916,0.0,Metal,Fd-3m,227,8
In2Sn_id2655_E-2.79.cif,In2Sn,-2.7896,0.0,Metal,P4_12_12,92,12
Li4ScZnGeTe8_id2082_E-2.79.cif,Li4ScZnGeTe8,-2.7893,2.588,Semiconductor,I222,23,30
Ga_id4632_E-2.79.cif,Ga,-2.7891,0.0,Metal,C222_1,20,20
BeZn(GaAs)2_id3846_E-2.79.cif,BeZn(GaAs)2,-2.789,0.001,Metal,P-42_1m,113,24
MgAl3Ga2Ge3_id3632_E-2.79.cif,MgAl3Ga2Ge3,-2.7888,0.0,Metal,P-3c1,165,18
NaSbTe_id889_E-2.79.cif,NaSbTe,-2.7884,0.935,Semiconductor,P3_221,154,18
K3NaLi4Zn4P(S2O)2_id4754_E-2.79.cif,K3NaLi4Zn4P(S2O)2,-2.7879,0.084,Semiconductor,I222,23,38
Ca5GeN8_id2337_E-2.79.cif,Ca5GeN8,-2.7877,1.366,Semiconductor,P2_1/m,11,28
BaGa_id2791_E-2.79.cif,BaGa,-2.7859,0.0,Metal,Pm-3m,221,16
Sr3Ga2O_id3833_E-2.78.cif,Sr3Ga2O,-2.7826,0.0,Metal,Pn-3m,224,12
Ga_id4758_E-2.78.cif,Ga,-2.7812,0.0,Metal,Cmce,64,20
Na3As2_id2519_E-2.78.cif,Na3As2,-2.78,0.859,Semiconductor,C2/c,15,20
SrIn3Ga_id4242_E-2.78.cif,SrIn3Ga,-2.7791,0.0,Metal,Pm-3m,221,5
Zn5GeSe4_id3306_E-2.78.cif,Zn5GeSe4,-2.7775,0.0,Metal,P-42m,111,10
LiCa4Al3_id179_E-2.78.cif,LiCa4Al3,-2.777,0.0,Metal,Im-3m,229,16
KBe(InS)2_id1148_E-2.78.cif,KBe(InS)2,-2.7766,1.555,Semiconductor,P3_121,152,18
LiCa2Sc_id797_E-2.78.cif,LiCa2Sc,-2.776,0.0,Metal,Fm-3m,225,16
NaMg2Zn(GaSb)4_id2541_E-2.78.cif,NaMg2Zn(GaSb)4,-2.7751,0.0,Metal,P-42c,112,24
LiScInGa2_id2040_E-2.77.cif,LiScInGa2,-2.7742,0.0,Metal,P2/c,13,10
Mg3(Te2Se)2_id1342_E-2.77.cif,Mg3(Te2Se)2,-2.7739,0.026,Metal,P-42_1m,113,18
Ga_id1359_E-2.77.cif,Ga,-2.7738,0.0,Metal,I4_1/acd,142,16
Li5(GaTe2)2_id2373_E-2.77.cif,Li5(GaTe2)2,-2.7735,1.393,Semiconductor,P-42m,111,11
Ga_id4250_E-2.77.cif,Ga,-2.7731,0.0,Metal,P6/mmm,191,5
Sn_id657_E-2.77.cif,Sn,-2.7722,0.0,Metal,I4/mmm,139,4
KNa2Cd2Te4As_id4811_E-2.77.cif,KNa2Cd2Te4As,-2.7717,1.194,Semiconductor,I222,23,20
In2Ga_id2280_E-2.77.cif,In2Ga,-2.7712,0.0,Metal,Fm-3m,225,12
LiTiZn_id3087_E-2.77.cif,LiTiZn,-2.7707,0.0,Metal,P4_22_12,94,24
Ba2InGa_id160_E-2.77.cif,Ba2InGa,-2.7707,0.0,Metal,Fm-3m,225,16
Ba2InGa_id3234_E-2.77.cif,Ba2InGa,-2.7707,0.0,Metal,Fm-3m,225,16
KNaLiBeCdSnBTeSe2_id3810_E-2.77.cif,KNaLiBeCdSnBTeSe2,-2.7688,0.0,Metal,P3_1,144,30
Te_id2599_E-2.77.cif,Te,-2.768,0.0,Metal,P4_232,208,16
NaIn3Sb_id1260_E-2.77.cif,NaIn3Sb,-2.7673,0.0,Metal,Pnnn,48,10
CaIn5_id2543_E-2.77.cif,CaIn5,-2.7664,0.0,Metal,P6/mmm,191,6
In5Ga7_id3121_E-2.77.cif,In5Ga7,-2.7656,0.0,Metal,P-62m,189,12
Zn2InGa2O_id3664_E-2.77.cif,Zn2InGa2O,-2.7654,0.0,Metal,P4_322,95,24
Ga_id1627_E-2.76.cif,Ga,-2.7645,0.0,Metal,P2_12_12_1,19,16
Ca2Ge_id1507_E-2.76.cif,Ca2Ge,-2.7643,0.0,Metal,Pn-3m,224,6
ZnSb(TeSe)2_id2324_E-2.76.cif,ZnSb(TeSe)2,-2.7635,0.995,Semiconductor,P3_221,154,18
Cd2InSe2_id2890_E-2.76.cif,Cd2InSe2,-2.7604,0.0,Metal,Pm-3m,221,30
In3Ga9Sn2Sb3_id2680_E-2.76.cif,In3Ga9Sn2Sb3,-2.7597,0.0,Metal,P6_3cm,185,34
MgIn2Sn_id4816_E-2.76.cif,MgIn2Sn,-2.7588,0.0,Metal,Cmme,67,16
Ba2MgTi_id3012_E-2.76.cif,Ba2MgTi,-2.7574,0.0,Metal,Fm-3m,225,16
Mg3ScTi3Zn7InSn(SbP)3_id4373_E-2.76.cif,Mg3ScTi3Zn7InSn(SbP)3,-2.7561,0.0,Metal,P3m1,156,22
Na4Sn4Sb_id4594_E-2.76.cif,Na4Sn4Sb,-2.756,0.0,Metal,Ccce,68,36
Al6ZnCd_id2442_E-2.75.cif,Al6ZnCd,-2.7547,0.0,Metal,P-42c,112,16
MgSc9Ti_id4877_E-2.75.cif,MgSc9Ti,-2.7546,0.0,Metal,Pm-3,200,11
BaIn_id2456_E-2.75.cif,BaIn,-2.7531,0.0,Metal,Pm-3m,221,16
Ca2ScCd_id2859_E-2.75.cif,Ca2ScCd,-2.7476,0.0,Metal,Fm-3m,225,16
Mg4Cd3Se4_id4715_E-2.75.cif,Mg4Cd3Se4,-2.7466,0.0,Metal,P-43m,215,11
LiGaGe_id1341_E-2.74.cif,LiGaGe,-2.7448,0.0,Metal,P6_522,179,18
ZnAs_id1419_E-2.74.cif,ZnAs,-2.7438,0.0,Metal,P4_32_12,96,8
MgGe_id1536_E-2.74.cif,MgGe,-2.7438,0.0,Metal,P3_1,144,6
In5GaSn_id1512_E-2.74.cif,In5GaSn,-2.742,0.0,Metal,P-42m,111,7
Mg2TiZn2Sn_id566_E-2.74.cif,Mg2TiZn2Sn,-2.7403,0.0,Metal,Immm,71,12
K4CaMg3O3_id1862_E-2.74.cif,K4CaMg3O3,-2.7389,0.017,Metal,Pm-3n,223,22
K4Ba3Na4Sr2ZnO4_id2349_E-2.74.cif,K4Ba3Na4Sr2ZnO4,-2.7388,2.151,Semiconductor,P2_1/c,14,36
MgAl2InGa2_id1549_E-2.74.cif,MgAl2InGa2,-2.7384,0.0,Metal,P3_121,152,18
Ba7P3_id3883_E-2.74.cif,Ba7P3,-2.7375,0.298,Semiconductor,R-3,148,60
NaScAlGa2_id4735_E-2.74.cif,NaScAlGa2,-2.7364,0.0,Metal,P4/mmm,123,5
InGa4_id2895_E-2.73.cif,InGa4,-2.7348,0.0,Metal,Im-3m,229,10
Cd4InO2_id2374_E-2.73.cif,Cd4InO2,-2.7341,0.083,Semiconductor,P4_2/mnm,136,14
Mg4Sn3_id978_E-2.73.cif,Mg4Sn3,-2.7326,0.0,Metal,I-43d,220,28
BaLi3(GaGe)3_id3742_E-2.73.cif,BaLi3(GaGe)3,-2.7325,0.0,Metal,P6_3/m,176,20
Ca(MgGe)2_id2967_E-2.73.cif,Ca(MgGe)2,-2.7322,0.0,Metal,I4/mcm,140,20
Sr4Al3Ga_id1509_E-2.73.cif,Sr4Al3Ga,-2.7319,0.0,Metal,Im-3m,229,16
ZnGa6_id2663_E-2.73.cif,ZnGa6,-2.7318,0.0,Metal,Fm-3m,225,28
Sr4Al3In_id1801_E-2.73.cif,Sr4Al3In,-2.7309,0.022,Metal,Im-3m,229,16
Te_id3590_E-2.73.cif,Te,-2.7302,0.0,Metal,I4/mmm,139,4
MgGa3_id2060_E-2.73.cif,MgGa3,-2.7298,0.0,Metal,Pm-3m,221,32
CdSn3_id3687_E-2.73.cif,CdSn3,-2.7294,0.0,Metal,P4/nmm,129,8
SrGa10_id2780_E-2.73.cif,SrGa10,-2.729,0.0,Metal,I422,97,22
Mg4Sc3In2(Sn2Te)2_id1053_E-2.73.cif,Mg4Sc3In2(Sn2Te)2,-2.7289,0.0,Metal,P6_2,171,45
Ca4Ga3_id589_E-2.73.cif,Ca4Ga3,-2.7287,0.0,Metal,I-43d,220,28
LiZn(GaSn)2_id1383_E-2.73.cif,LiZn(GaSn)2,-2.7282,0.0,Metal,P6_1,169,36
Mg2AlGa5_id186_E-2.73.cif,Mg2AlGa5,-2.727,0.0,Metal,Fmmm,69,32
ZnCdSn4_id539_E-2.73.cif,ZnCdSn4,-2.7269,0.0,Metal,P4/mmm,123,12
GaSb2_id2072_E-2.73.cif,GaSb2,-2.7257,0.397,Semiconductor,Pnn2,34,6
In3Ga_id2351_E-2.72.cif,In3Ga,-2.7241,0.0,Metal,Pm-3n,223,8
Ba4Sr2Ge2B_id2430_E-2.72.cif,Ba4Sr2Ge2B,-2.7233,0.0,Metal,P4_2/mnm,136,18
In_id3551_E-2.72.cif,In,-2.7217,0.0,Metal,Pm-3m,221,8
KNa2Sn2Sb_id4040_E-2.72.cif,KNa2Sn2Sb,-2.7216,0.002,Metal,Cmmm,65,12
CaGa3_id4122_E-2.72.cif,CaGa3,-2.7216,0.0,Metal,Cmmm,65,16
Ca7Ga12_id2273_E-2.72.cif,Ca7Ga12,-2.7208,0.0,Metal,Im-3,204,38
Ca3Mg2Zn4Ga4(Si2Ge3)2_id3458_E-2.72.cif,Ca3Mg2Zn4Ga4(Si2Ge3)2,-2.7207,0.002,Metal,P1,1,23
ZnTe2_id1768_E-2.72.cif,ZnTe2,-2.7206,0.839,Semiconductor,P3_221,154,9
Li2Zn2Ga3Se4_id4323_E-2.72.cif,Li2Zn2Ga3Se4,-2.7187,1.344,Semiconductor,Pmmm,47,11
Zn2GeSb3_id1648_E-2.72.cif,Zn2GeSb3,-2.7171,0.0,Metal,P6/mmm,191,6
SrGa_id3818_E-2.72.cif,SrGa,-2.7165,0.0,Metal,Pm-3m,221,16
CdGaGe_id2528_E-2.72.cif,CdGaGe,-2.7164,0.0,Metal,P-6m2,187,3
SrZn(Te2S)2_id4233_E-2.72.cif,SrZn(Te2S)2,-2.716,1.335,Semiconductor,P3_221,154,24
SrLi2CaAlZnSnGeSb2_id348_E-2.72.cif,SrLi2CaAlZnSnGeSb2,-2.7158,0.0,Metal,P3_1,144,30
In17Sn2_id2133_E-2.71.cif,In17Sn2,-2.7143,0.0,Metal,P6/mmm,191,19
K4Na6Si2SbS4_id704_E-2.71.cif,K4Na6Si2SbS4,-2.7119,2.313,Semiconductor,I-42m,121,34
CaMgIn4Ga_id2226_E-2.71.cif,CaMgIn4Ga,-2.7119,0.0,Metal,I-4m2,119,14
Mg3Ge2_id1001_E-2.71.cif,Mg3Ge2,-2.7105,0.0,Metal,P4_132,213,20
ZnIn7Ga6Sn12Sb_id2077_E-2.71.cif,ZnIn7Ga6Sn12Sb,-2.71,0.127,Semiconductor,P6_322,182,54
CdSn10_id2180_E-2.71.cif,CdSn10,-2.7089,0.0,Metal,P4/mmm,123,11
CdSn9Sb_id996_E-2.71.cif,CdSn9Sb,-2.7087,0.0,Metal,Pm-3,200,11
Ca4SiSn_id3348_E-2.71.cif,Ca4SiSn,-2.7084,0.0,Metal,I4_1/a,88,24
NaLi4GeAs2Se_id3072_E-2.71.cif,NaLi4GeAs2Se,-2.7071,0.0,Metal,P-1,2,18
TeSeS_id135_E-2.71.cif,TeSeS,-2.7067,0.154,Semiconductor,P4/m,83,12
MgIn(GaSn2)2_id3227_E-2.71.cif,MgIn(GaSn2)2,-2.706,0.0,Metal,I-42d,122,32
MgInSn_id1441_E-2.70.cif,MgInSn,-2.704,0.0,Metal,Pmmm,47,6
K2GeAs_id3016_E-2.70.cif,K2GeAs,-2.7028,1.054,Semiconductor,P2_12_12_1,19,16
Ba2TiGa2Sn_id4262_E-2.70.cif,Ba2TiGa2Sn,-2.7021,0.0,Metal,Fd-3m,227,48
SnGe2As3_id4873_E-2.70.cif,SnGe2As3,-2.702,0.0,Metal,P4/mmm,123,6
LiZn2Cd4Ga(SeS)4_id850_E-2.70.cif,LiZn2Cd4Ga(SeS)4,-2.7002,0.792,Semiconductor,P-42c,112,32
NaLiMgAlSnTe2_id894_E-2.70.cif,NaLiMgAlSnTe2,-2.7002,0.0,Metal,Pbcm,57,28
In_id467_E-2.70.cif,In,-2.7,0.0,Metal,I4/mmm,139,8
Al2ZnGa6_id4597_E-2.70.cif,Al2ZnGa6,-2.6997,0.0,Metal,Ibam,72,36
In_id1940_E-2.70.cif,In,-2.6988,0.0,Metal,I4/mmm,139,8
LiZnIn4Ga4Sn2Sb_id3725_E-2.70.cif,LiZnIn4Ga4Sn2Sb,-2.6986,0.0,Metal,Fmm2,42,52
Mg(Al2Zn)2_id620_E-2.70.cif,Mg(Al2Zn)2,-2.6977,0.0,Metal,I-42m,121,14
In_id27_E-2.70.cif,In,-2.6972,0.0,Metal,I4_1/acd,142,16
Al4In4Ga3_id4029_E-2.70.cif,Al4In4Ga3,-2.6971,0.0,Metal,Pm-3m,221,22
BaNa(ZnTe2)4_id319_E-2.70.cif,BaNa(ZnTe2)4,-2.6966,0.0,Metal,I222,23,28
Ba4Ga4As3_id4519_E-2.70.cif,Ba4Ga4As3,-2.6956,0.0,Metal,Fmm2,42,22
In3Ga_id1437_E-2.69.cif,In3Ga,-2.6949,0.0,Metal,P6_3/m,176,8
In_id3975_E-2.69.cif,In,-2.6944,0.0,Metal,I4_1/amd,141,12
CaMg2Sc_id2852_E-2.69.cif,CaMg2Sc,-2.6944,0.0,Metal,P4/mbm,127,16
Ba2CdSn_id714_E-2.69.cif,Ba2CdSn,-2.6932,0.0,Metal,Fm-3m,225,16
Ge2TeAsSe2_id860_E-2.69.cif,Ge2TeAsSe2,-2.6925,0.743,Semiconductor,P4/mmm,123,6
LiCa2In2Sn_id2098_E-2.69.cif,LiCa2In2Sn,-2.6924,0.0,Metal,P3_112,151,18
Ga_id2666_E-2.69.cif,Ga,-2.6922,0.0,Metal,P6/mmm,191,8
BaAlCdIn4_id4480_E-2.69.cif,BaAlCdIn4,-2.6913,0.0,Metal,I-4m2,119,14
In_id3617_E-2.69.cif,In,-2.6906,0.0,Metal,Im-3m,229,16
CdAs_id511_E-2.69.cif,CdAs,-2.6906,0.0,Metal,P3_221,154,6
In_id1339_E-2.69.cif,In,-2.6906,0.0,Metal,Im-3m,229,2
Cd3SnTe8_id3806_E-2.69.cif,Cd3SnTe8,-2.6889,0.0,Metal,P-43m,215,12
Li3Al4In3_id2158_E-2.69.cif,Li3Al4In3,-2.6871,0.0,Metal,I-43d,220,40
In_id3638_E-2.69.cif,In,-2.6854,0.0,Metal,Fm-3m,225,28
BaSrAl2ZnGaSiGe_id4770_E-2.68.cif,BaSrAl2ZnGaSiGe,-2.6815,0.0,Metal,P4_3,78,32
In_id277_E-2.68.cif,In,-2.6814,0.0,Metal,Pm-3n,223,8
Li7Mg2Cd(TeSe3)2_id4799_E-2.68.cif,Li7Mg2Cd(TeSe3)2,-2.6812,0.342,Semiconductor,P2_1/c,14,36
SrLiMg7AlSiTePS3O_id4565_E-2.68.cif,SrLiMg7AlSiTePS3O,-2.6811,1.527,Semiconductor,P2_1,4,34
Ba3(CaTe)2_id733_E-2.68.cif,Ba3(CaTe)2,-2.6806,0.477,Semiconductor,P4/mmm,123,14
K2Ba4NaLi8B4Sb4PO5_id1634_E-2.68.cif,K2Ba4NaLi8B4Sb4PO5,-2.6798,1.11,Semiconductor,P4,75,29
Zn(InGe)2_id4126_E-2.68.cif,Zn(InGe)2,-2.6794,0.0,Metal,P4_2/nnm,134,20
Mg3Ga4Sn_id3153_E-2.68.cif,Mg3Ga4Sn,-2.6781,0.0,Metal,Im-3m,229,16
Ba7O3_id1819_E-2.68.cif,Ba7O3,-2.6778,2.87,Semiconductor,Cmc2_1,36,20
CaGa2_id4229_E-2.68.cif,CaGa2,-2.6776,0.0,Metal,Pbam,55,12
Li2BeZn2P2Se_id4464_E-2.68.cif,Li2BeZn2P2Se,-2.6758,0.007,Metal,P6_422,181,24
KIn2(GaTe2)2_id1514_E-2.67.cif,KIn2(GaTe2)2,-2.6748,1.026,Semiconductor,I422,97,18
In_id2192_E-2.67.cif,In,-2.6742,0.0,Metal,Imm2,44,8
K7O8_id500_E-2.67.cif,K7O8,-2.673,0.05,Metal,P-3m1,164,15
LiIn3_id692_E-2.67.cif,LiIn3,-2.6723,0.0,Metal,Pm-3n,223,8
LiIn3_id4605_E-2.67.cif,LiIn3,-2.6713,0.0,Metal,Pm-3m,221,32
InGa_id3715_E-2.67.cif,InGa,-2.6712,0.0,Metal,P4_222,93,16
In_id471_E-2.67.cif,In,-2.6711,0.0,Metal,P2_12_12_1,19,12
SrCdSn3_id4290_E-2.67.cif,SrCdSn3,-2.6705,0.0,Metal,Pmmm,47,5
BaLi2In2GaSn6_id1488_E-2.67.cif,BaLi2In2GaSn6,-2.669,0.0,Metal,P-3m1,164,12
KNa2Ge2As_id4807_E-2.67.cif,KNa2Ge2As,-2.669,0.379,Semiconductor,P-4n2,118,12
Na2Sn2Te3_id2110_E-2.67.cif,Na2Sn2Te3,-2.6687,0.0,Metal,I4_132,214,28
Ga_id1069_E-2.67.cif,Ga,-2.6684,0.0,Metal,P2_12_12_1,19,20
InGa10_id4351_E-2.67.cif,InGa10,-2.6679,0.0,Metal,I422,97,22
In_id4603_E-2.67.cif,In,-2.6675,0.0,Metal,P4_2/nnm,134,16
LiIn3_id466_E-2.67.cif,LiIn3,-2.6669,0.0,Metal,P4_2/mmc,131,8
Ba4Ga5_id1929_E-2.67.cif,Ba4Ga5,-2.6664,0.0,Metal,P4_2/nmc,137,18
Li(ZnGe)2_id4252_E-2.67.cif,Li(ZnGe)2,-2.6655,0.0,Metal,C222_1,20,40
LiTe_id1241_E-2.66.cif,LiTe,-2.665,0.008,Metal,I4_1/acd,142,32
Li8Te4As_id3389_E-2.66.cif,Li8Te4As,-2.6647,0.421,Semiconductor,Ccc2,37,52
NaLi8(SnGe)3_id4320_E-2.66.cif,NaLi8(SnGe)3,-2.6644,0.014,Metal,P-3c1,165,30
LiBeAsSeSN_id582_E-2.66.cif,LiBeAsSeSN,-2.6642,2.502,Semiconductor,Pca2_1,29,24
Na2LiInGa3Sb_id469_E-2.66.cif,Na2LiInGa3Sb,-2.6636,0.0,Metal,P2_1/m,11,16
KCa4GeAs4_id2448_E-2.66.cif,KCa4GeAs4,-2.6635,0.773,Semiconductor,I4_1/a,88,40
MgSn_id753_E-2.66.cif,MgSn,-2.6634,0.0,Metal,I4_1/acd,142,32
MgBe2ZnGa2Si_id4239_E-2.66.cif,MgBe2ZnGa2Si,-2.6625,0.0,Metal,P42_12,90,14
Mg2O_id217_E-2.66.cif,Mg2O,-2.6624,0.0,Metal,Fd-3m,227,24
Li2TiGe2_id3724_E-2.66.cif,Li2TiGe2,-2.6605,0.0,Metal,P4_332,212,20
Zn2(GaSn)3_id4980_E-2.66.cif,Zn2(GaSn)3,-2.6604,0.0,Metal,Pmmm,47,8
Be3Ga3B_id1397_E-2.66.cif,Be3Ga3B,-2.6603,0.0,Metal,Pm-3n,223,14
Zn4(Ga3Sn)3_id2175_E-2.66.cif,Zn4(Ga3Sn)3,-2.6583,0.0,Metal,P6/mmm,191,16
Mg2InSb_id627_E-2.65.cif,Mg2InSb,-2.6545,0.0,Metal,Fm-3m,225,16
CaGa13_id907_E-2.65.cif,CaGa13,-2.6544,0.0,Metal,P222,16,14
Al3In8_id1906_E-2.65.cif,Al3In8,-2.6543,0.0,Metal,P6_3cm,185,22
In_id2000_E-2.65.cif,In,-2.6516,0.0,Metal,P4cc,103,20
In_id1291_E-2.65.cif,In,-2.6512,0.0,Metal,Pbcn,60,12
In_id2664_E-2.65.cif,In,-2.6509,0.0,Metal,Pa-3,205,12
MgSb_id117_E-2.65.cif,MgSb,-2.6501,0.0,Metal,P4_2/mcm,132,16
K4TeSe2_id3019_E-2.65.cif,K4TeSe2,-2.649,1.656,Semiconductor,P-42_1m,113,14
BeZnGa4_id924_E-2.65.cif,BeZnGa4,-2.6489,0.0,Metal,P-42c,112,12
In_id3261_E-2.65.cif,In,-2.6474,0.0,Metal,I4_1/acd,142,48
Mg3Al11Sn3_id1699_E-2.65.cif,Mg3Al11Sn3,-2.6454,0.0,Metal,P-6,174,17
In_id2770_E-2.65.cif,In,-2.645,0.003,Metal,I4/mmm,139,10
SrLi2B_id1216_E-2.64.cif,SrLi2B,-2.6447,0.0,Metal,P6_222,180,12
Ba2MgSc_id2286_E-2.64.cif,Ba2MgSc,-2.6441,0.0,Metal,Fm-3m,225,16
Zn4As3_id3763_E-2.64.cif,Zn4As3,-2.6435,0.0,Metal,I-43d,220,28
Na(ZnSb)2_id1944_E-2.64.cif,Na(ZnSb)2,-2.6401,2.546,Semiconductor,P3_121,152,15
In_id1500_E-2.64.cif,In,-2.6394,0.0,Metal,P-3m1,164,4
MgAl_id1979_E-2.64.cif,MgAl,-2.639,0.0,Metal,Fd-3m,227,32
CaMg(InGa2)2_id1438_E-2.64.cif,CaMg(InGa2)2,-2.6352,0.0,Metal,I4/mcm,140,32
KNa4Mg2Cd4In4Sn(SeS)4_id377_E-2.63.cif,KNa4Mg2Cd4In4Sn(SeS)4,-2.6346,0.0,Metal,I-42m,121,48
Na2As_id4993_E-2.63.cif,Na2As,-2.6322,0.785,Semiconductor,Pa-3,205,12
AlGa6_id2477_E-2.63.cif,AlGa6,-2.6312,0.0,Metal,Pmma,51,14
K2P_id1175_E-2.63.cif,K2P,-2.6287,0.139,Semiconductor,Pa-3,205,12
Ba2Na4Sn2Sb9Te2_id4082_E-2.63.cif,Ba2Na4Sn2Sb9Te2,-2.6286,0.0,Metal,P2/m,10,19
BaNa3MgSn6_id4721_E-2.63.cif,BaNa3MgSn6,-2.6276,0.0,Metal,P6/mmm,191,11
In_id3039_E-2.63.cif,In,-2.626,0.0,Metal,Im-3m,229,6
In_id3000_E-2.63.cif,In,-2.6259,0.0,Metal,Im-3m,229,12
KScIn_id4465_E-2.63.cif,KScIn,-2.625,0.0,Metal,I-4m2,119,6
ZnGaS_id1965_E-2.62.cif,ZnGaS,-2.6211,1.932,Semiconductor,P6_522,179,18
Na4InSn3_id445_E-2.62.cif,Na4InSn3,-2.6198,0.0,Metal,Im-3m,229,16
NaZn2Sn3_id2825_E-2.62.cif,NaZn2Sn3,-2.6195,0.0,Metal,P6_3/mmc,194,12
MgCdIn3Te2_id4818_E-2.62.cif,MgCdIn3Te2,-2.6184,0.0,Metal,P4mm,99,7
MgBe2Ga8Ge_id3559_E-2.62.cif,MgBe2Ga8Ge,-2.618,0.0,Metal,I422,97,24
Mg2AlSn_id2582_E-2.62.cif,Mg2AlSn,-2.6179,0.0,Metal,I-42d,122,16
Li(MgSn)2_id1511_E-2.62.cif,Li(MgSn)2,-2.6178,0.0,Metal,P6_3/mmc,194,10
KBaNaSb2_id844_E-2.62.cif,KBaNaSb2,-2.6169,0.184,Semiconductor,Pcc2,27,20
Ti3Zn2Si_id3235_E-2.62.cif,Ti3Zn2Si,-2.6158,0.0,Metal,Cm,8,12
KGeS8_id2745_E-2.62.cif,KGeS8,-2.615,2.081,Semiconductor,Cmc2_1,36,40
In6GaSn2Te_id3785_E-2.61.cif,In6GaSn2Te,-2.6126,0.0,Metal,P2/c,13,20
K5(LiTe2)2_id3477_E-2.61.cif,K5(LiTe2)2,-2.6122,1.666,Semiconductor,I222,23,22
Li4Mg3(S4N)2_id4309_E-2.61.cif,Li4Mg3(S4N)2,-2.61,2.838,Semiconductor,P2_1/c,14,34
Al_id1131_E-2.61.cif,Al,-2.6093,0.0,Metal,Pnn2,34,22
Cd4SbTe8Se_id3113_E-2.61.cif,Cd4SbTe8Se,-2.6077,1.129,Semiconductor,I4,79,28
LiGa_id4184_E-2.60.cif,LiGa,-2.6046,0.0,Metal,P4/mmm,123,8
Ca7Ga4_id2947_E-2.60.cif,Ca7Ga4,-2.6038,0.0,Metal,I-43m,217,22
In_id3149_E-2.60.cif,In,-2.6034,0.0,Metal,I4/mmm,139,24
Ca2MgSc2Cd_id3333_E-2.60.cif,Ca2MgSc2Cd,-2.6034,0.0,Metal,Pmmm,47,6
Sr8LiZn2(GaP2)2_id2689_E-2.60.cif,Sr8LiZn2(GaP2)2,-2.6032,0.0,Metal,Pmmm,47,17
MgTiInSn2Sb5_id2221_E-2.60.cif,MgTiInSn2Sb5,-2.6026,0.0,Metal,P3,143,10
KSc2Ga9_id1909_E-2.60.cif,KSc2Ga9,-2.6023,0.0,Metal,P-3c1,165,24
Zn3Ga2N_id3663_E-2.60.cif,Zn3Ga2N,-2.6018,0.0,Metal,Pn-3m,224,12
Mg4Si7Sn3_id3281_E-2.60.cif,Mg4Si7Sn3,-2.6007,0.0,Metal,Pm-3n,223,28
Na2GaSb2Te_id744_E-2.60.cif,Na2GaSb2Te,-2.6006,0.0,Metal,Cmmm,65,12
Na2CdIn2Sn3_id3241_E-2.60.cif,Na2CdIn2Sn3,-2.5994,0.0,Metal,Pmmm,47,8
In2Ga3_id3858_E-2.60.cif,In2Ga3,-2.5992,0.0,Metal,Cmce,64,20
MgSn_id397_E-2.60.cif,MgSn,-2.5969,0.0,Metal,P4_2/mmc,131,4
Li3(InGa)2_id2603_E-2.60.cif,Li3(InGa)2,-2.5953,0.0,Metal,P31m,157,7
In_id4793_E-2.59.cif,In,-2.594,0.0,Metal,P4/mmm,123,4
Ba6CdN_id3934_E-2.59.cif,Ba6CdN,-2.5935,0.0,Metal,P6_322,182,16
In3Ga_id455_E-2.59.cif,In3Ga,-2.5931,0.0,Metal,P6_3,173,8
In_id3950_E-2.59.cif,In,-2.5929,0.0,Metal,P6/mmm,191,12
CdSb_id3673_E-2.59.cif,CdSb,-2.5926,0.0,Metal,P4/nmm,129,8
AlZn2GaGe_id2405_E-2.59.cif,AlZn2GaGe,-2.5924,0.0,Metal,Pccm,49,10
In_id4202_E-2.59.cif,In,-2.5919,0.0,Metal,P-6m2,187,9
In_id622_E-2.59.cif,In,-2.5906,0.0,Metal,P2_12_12_1,19,4
Mg5Sc3_id2452_E-2.59.cif,Mg5Sc3,-2.5902,0.0,Metal,Cmmm,65,16
ZnGa5_id4220_E-2.59.cif,ZnGa5,-2.5892,0.0,Metal,P4_2/mcm,132,24
Ga_id4679_E-2.59.cif,Ga,-2.5887,0.0,Metal,Amm2,38,16
SrCd2(InSn3)2_id341_E-2.59.cif,SrCd2(InSn3)2,-2.5882,0.0,Metal,P2/m,10,11
SrCd6InO3_id1551_E-2.59.cif,SrCd6InO3,-2.587,0.0,Metal,P6_322,182,22
Sc2(ZnGa2)3_id2615_E-2.59.cif,Sc2(ZnGa2)3,-2.5865,0.0,Metal,C2/m,12,22
LiAlGa_id1746_E-2.59.cif,LiAlGa,-2.5864,0.0,Metal,Ccc2,37,24
Zn5Ga2B(SeS)8_id3992_E-2.59.cif,Zn5Ga2B(SeS)8,-2.5863,1.597,Semiconductor,P-42c,112,48
Ba2B_id322_E-2.59.cif,Ba2B,-2.5857,0.0,Metal,P6_422,181,9
CdTe2_id1280_E-2.59.cif,CdTe2,-2.5853,0.699,Semiconductor,Pca2_1,29,12
LiCd2Sn2Sb_id1090_E-2.58.cif,LiCd2Sn2Sb,-2.5846,0.0,Metal,P2_1,4,12
Zn2GeSb2_id2977_E-2.58.cif,Zn2GeSb2,-2.5844,0.0,Metal,P4/mmm,123,10
Ca2In2Sn2As_id4838_E-2.58.cif,Ca2In2Sn2As,-2.582,0.0,Metal,P4/mnc,128,28
Ba2ScCd_id1663_E-2.58.cif,Ba2ScCd,-2.5817,0.0,Metal,Fm-3m,225,16
Li2InGa_id2609_E-2.58.cif,Li2InGa,-2.5813,0.0,Metal,I-42d,122,16
SrAl8(ZnGa)4_id1990_E-2.58.cif,SrAl8(ZnGa)4,-2.5807,0.0,Metal,P4_2/nmc,137,34
MgIn12_id2271_E-2.58.cif,MgIn12,-2.5799,0.0,Metal,Fm-3m,225,52
CdInSn2_id4381_E-2.58.cif,CdInSn2,-2.5772,0.0,Metal,Pmmm,47,4
LiZnIn3SnSe2_id3239_E-2.58.cif,LiZnIn3SnSe2,-2.5763,0.0,Metal,P2_1/m,11,16
SrIn3Sn11_id888_E-2.58.cif,SrIn3Sn11,-2.576,0.0,Metal,P6/mmm,191,15
KAl(InGa)2_id10_E-2.57.cif,KAl(InGa)2,-2.575,0.0,Metal,P-4m2,115,6
CaZnGa6_id3076_E-2.57.cif,CaZnGa6,-2.5749,0.0,Metal,P4/mmm,123,8
Mg3Be2Al2Si2(AsS)2_id522_E-2.57.cif,Mg3Be2Al2Si2(AsS)2,-2.5741,0.04,Metal,Pccn,56,52
Be3Ga_id295_E-2.57.cif,Be3Ga,-2.5736,0.0,Metal,Cmme,67,16
CdIn4Sn_id136_E-2.57.cif,CdIn4Sn,-2.5734,0.0,Metal,Pbam,55,12
BaIn4Ga_id1198_E-2.57.cif,BaIn4Ga,-2.5731,0.0,Metal,I4_1/amd,141,24
Ca3Al3Ga2_id4640_E-2.57.cif,Ca3Al3Ga2,-2.5715,0.016,Metal,P4_132,213,32
Zn2Cd(GaO2)2_id2312_E-2.57.cif,Zn2Cd(GaO2)2,-2.5713,0.062,Semiconductor,P4_2/m,84,18
Li4Ga3_id673_E-2.57.cif,Li4Ga3,-2.571,0.0,Metal,I-43d,220,28
Li4Ca3(MgSe3)2_id4135_E-2.57.cif,Li4Ca3(MgSe3)2,-2.5697,0.021,Metal,Cccm,66,60
K3Ba2LiO2_id1774_E-2.57.cif,K3Ba2LiO2,-2.5688,2.822,Semiconductor,P2/m,10,8
Na(InGa2)2_id463_E-2.57.cif,Na(InGa2)2,-2.568,0.0,Metal,I4/mmm,139,14
CdTe_id3593_E-2.57.cif,CdTe,-2.5672,0.0,Metal,P4/mmm,123,8
Ba2ScZn_id4875_E-2.57.cif,Ba2ScZn,-2.5669,0.0,Metal,Fm-3m,225,16
LiZn4(SnAs)4_id4887_E-2.57.cif,LiZn4(SnAs)4,-2.566,0.0,Metal,I4_1/a,88,52
LiCd3In3SbAs3_id962_E-2.57.cif,LiCd3In3SbAs3,-2.5651,0.0,Metal,P6_322,182,22
KMg3Sn3C_id3844_E-2.56.cif,KMg3Sn3C,-2.5647,0.0,Metal,Pm-3m,221,8
LiGa3_id1035_E-2.56.cif,LiGa3,-2.5643,0.0,Metal,Pmmn,59,8
In5Ga4_id2933_E-2.56.cif,In5Ga4,-2.5635,0.0,Metal,P-62m,189,9
KO4_id2173_E-2.56.cif,KO4,-2.5614,3.521,Insulator,P4/nbm,125,20
BaSr2O_id3346_E-2.56.cif,BaSr2O,-2.5609,0.614,Semiconductor,P4_2/mmc,131,8
SrScIn3Ga5_id4790_E-2.56.cif,SrScIn3Ga5,-2.5605,0.0,Metal,P4/mmm,123,10
AlIn_id2619_E-2.56.cif,AlIn,-2.5597,0.0,Metal,Imma,74,16
In_id1814_E-2.56.cif,In,-2.5595,0.0,Metal,C222_1,20,8
CdGa4_id3166_E-2.56.cif,CdGa4,-2.5588,0.0,Metal,P4_2/nmc,137,10
Sr6CaSi4_id1079_E-2.56.cif,Sr6CaSi4,-2.5587,0.0,Metal,I4mm,107,22
CdAs_id3522_E-2.56.cif,CdAs,-2.5582,0.0,Metal,Pn-3m,224,16
Mg2GaSb_id3488_E-2.56.cif,Mg2GaSb,-2.5579,0.0,Metal,P4/mmm,123,8
Mg2InSn_id2149_E-2.56.cif,Mg2InSn,-2.5577,0.0,Metal,Fm-3m,225,16
CaCd2Ga4Si(GeSe2)4_id3624_E-2.56.cif,CaCd2Ga4Si(GeSe2)4,-2.5568,1.551,Semiconductor,I422,97,40
SrIn4_id3809_E-2.55.cif,SrIn4,-2.5548,0.0,Metal,Pmma,51,10
NaCd(NO8)2_id1360_E-2.55.cif,NaCd(NO8)2,-2.5543,1.346,Semiconductor,P3_121,152,60
K2Li2CdGa5Sn2_id1178_E-2.55.cif,K2Li2CdGa5Sn2,-2.5543,0.0,Metal,C222,21,24
In_id3289_E-2.55.cif,In,-2.5541,0.0,Metal,P6/mmm,191,10
CaIn10_id89_E-2.55.cif,CaIn10,-2.5529,0.0,Metal,I-42d,122,44
Mg3Si2_id3156_E-2.55.cif,Mg3Si2,-2.5522,0.0,Metal,P6_3/mcm,193,20
LiIn4_id3731_E-2.55.cif,LiIn4,-2.5516,0.0,Metal,Ccce,68,20
Na2Li2Sn3Ge_id516_E-2.55.cif,Na2Li2Sn3Ge,-2.5506,0.006,Metal,P-4n2,118,16
Al2Zn2Ga3Si2_id3052_E-2.55.cif,Al2Zn2Ga3Si2,-2.5506,0.617,Semiconductor,P4_12_12,92,36
Ti3Zn5Ga4_id3694_E-2.55.cif,Ti3Zn5Ga4,-2.5505,0.0,Metal,P-62m,189,12
Ba4In13_id671_E-2.55.cif,Ba4In13,-2.5504,0.0,Metal,P622,177,17
Li2In6Ga5Sn2_id4832_E-2.55.cif,Li2In6Ga5Sn2,-2.5491,0.0,Metal,Imma,74,60
In_id3800_E-2.55.cif,In,-2.5483,0.0,Metal,C2/c,15,52
MgAl2_id4205_E-2.55.cif,MgAl2,-2.5483,0.0,Metal,P4_332,212,12
ZnGaSn_id3365_E-2.55.cif,ZnGaSn,-2.5468,0.0,Metal,Pmna,53,12
In_id416_E-2.55.cif,In,-2.5466,0.0,Metal,Fd-3m,227,8
In12Sn_id1338_E-2.55.cif,In12Sn,-2.5455,0.0,Metal,Fm-3m,225,52
Mg2InGaGe_id983_E-2.55.cif,Mg2InGaGe,-2.5455,0.0,Metal,Pnnn,48,10
Ba2Li2MgZnN_id728_E-2.54.cif,Ba2Li2MgZnN,-2.5448,0.0,Metal,P4/mmm,123,7
Ca2Al_id4782_E-2.54.cif,Ca2Al,-2.5433,0.0,Metal,Pbca,61,12
BeAl4Ga3_id3040_E-2.54.cif,BeAl4Ga3,-2.5424,0.0,Metal,I422,97,16
LiMgAlGa_id195_E-2.54.cif,LiMgAlGa,-2.5411,0.0,Metal,P4_3,78,16
BaCdIn5_id1095_E-2.54.cif,BaCdIn5,-2.5405,0.0,Metal,I-4m2,119,14
MgScGa2_id1301_E-2.54.cif,MgScGa2,-2.5398,0.0,Metal,P4_32_12,96,16
MgSn_id2901_E-2.54.cif,MgSn,-2.5391,0.0,Metal,F-43m,216,8
Ba4CaSn3_id2717_E-2.54.cif,Ba4CaSn3,-2.5375,0.0,Metal,P3m1,156,8
Li3CdInSi_id848_E-2.54.cif,Li3CdInSi,-2.5369,0.0,Metal,Pmmn,59,12
AlGeS_id1769_E-2.53.cif,AlGeS,-2.5349,0.227,Semiconductor,P6_522,179,18
NaAl4Zn_id1525_E-2.53.cif,NaAl4Zn,-2.5344,0.0,Metal,I422,97,12
CdGaSn_id2195_E-2.53.cif,CdGaSn,-2.5344,0.0,Metal,Cmme,67,12
Na4Ca4TiZn4Se4(SO)4_id4364_E-2.53.cif,Na4Ca4TiZn4Se4(SO)4,-2.5342,2.353,Semiconductor,P2,3,50
Ba4ZnGa3_id4575_E-2.53.cif,Ba4ZnGa3,-2.5335,0.0,Metal,Im-3m,229,16
SrCdIn5_id4037_E-2.53.cif,SrCdIn5,-2.5333,0.0,Metal,I-4m2,119,14
Ba3Ca3InO_id3394_E-2.53.cif,Ba3Ca3InO,-2.5328,0.0,Metal,Pm-3m,221,8
In_id3296_E-2.53.cif,In,-2.532,0.0,Metal,Pmna,53,16
ZnSb_id4481_E-2.53.cif,ZnSb,-2.5281,0.0,Metal,P4_2/ncm,138,8
LiAl2ZnIn2GaGe2_id261_E-2.53.cif,LiAl2ZnIn2GaGe2,-2.5269,0.0,Metal,P2_1,4,18
Mg2AlGa2_id2640_E-2.53.cif,Mg2AlGa2,-2.5257,0.0,Metal,Pa-3,205,20
KCd2Ga2(GeAs)2_id1687_E-2.53.cif,KCd2Ga2(GeAs)2,-2.5255,0.0,Metal,P4_122,91,36
CdInGe_id2418_E-2.52.cif,CdInGe,-2.5245,0.0,Metal,P4_2/mmc,131,6
Na5SrCa4N2_id2961_E-2.52.cif,Na5SrCa4N2,-2.5235,0.605,Semiconductor,I4/mmm,139,24
K(LiGe2)2_id1501_E-2.52.cif,K(LiGe2)2,-2.5209,0.009,Metal,I-4c2,120,28
Li4ZnGa3_id2249_E-2.52.cif,Li4ZnGa3,-2.5206,0.0,Metal,Im-3m,229,16
BeZnSi_id1023_E-2.52.cif,BeZnSi,-2.5204,0.0,Metal,P6_522,179,18
LiIn2_id1802_E-2.52.cif,LiIn2,-2.5202,0.0,Metal,Pa-3,205,12
MgZnGa4_id384_E-2.52.cif,MgZnGa4,-2.52,0.0,Metal,I422,97,12
LiGe2SbAs2_id1848_E-2.52.cif,LiGe2SbAs2,-2.5194,0.0,Metal,P4/mmm,123,6
In_id2991_E-2.52.cif,In,-2.5188,0.0,Metal,P2_12_12_1,19,12
K4NaZn3O3_id3342_E-2.52.cif,K4NaZn3O3,-2.5175,1.065,Semiconductor,Pm-3n,223,22
Al4Ga3_id1672_E-2.52.cif,Al4Ga3,-2.517,0.0,Metal,P2,3,14
Li9ZnSn3Ge2_id3517_E-2.52.cif,Li9ZnSn3Ge2,-2.5167,0.0,Metal,P-31m,162,15
Li9ZnSn3Ge2_id1307_E-2.52.cif,Li9ZnSn3Ge2,-2.5163,0.0,Metal,P-31m,162,15
KBaNa2Zn2(InGe)2_id4086_E-2.52.cif,KBaNa2Zn2(InGe)2,-2.5151,2.103,Semiconductor,P-3m1,164,10
Mg2Ga2Ge_id4922_E-2.51.cif,Mg2Ga2Ge,-2.5149,0.0,Metal,Pccm,49,10
Al_id2455_E-2.51.cif,Al,-2.5143,0.0,Metal,C2/c,15,56
Sr2AlIn_id2886_E-2.51.cif,Sr2AlIn,-2.5124,0.0,Metal,Imm2,44,8
Be2Zn3Ga2SiGe_id2235_E-2.51.cif,Be2Zn3Ga2SiGe,-2.5111,0.0,Metal,P6_1,169,54
KSn(AsS)2_id944_E-2.51.cif,KSn(AsS)2,-2.5101,0.076,Semiconductor,Pmmn,59,12
MgZnSe_id3492_E-2.51.cif,MgZnSe,-2.5061,1.521,Semiconductor,Aea2,41,24
Te_id1418_E-2.51.cif,Te,-2.5057,0.0,Metal,I4/mmm,139,4
KGa3_id1266_E-2.50.cif,KGa3,-2.5044,0.0,Metal,Pm-3n,223,8
Na2GaTe4As_id2464_E-2.50.cif,Na2GaTe4As,-2.5039,0.0,Metal,P-42c,112,16
Ba4CdIn3_id598_E-2.50.cif,Ba4CdIn3,-2.5039,0.0,Metal,Im-3m,229,16
LiCa2Zn2Ga3_id4555_E-2.50.cif,LiCa2Zn2Ga3,-2.5034,0.0,Metal,Pn-3m,224,16
Li4Zn5Sn6_id1263_E-2.50.cif,Li4Zn5Sn6,-2.502,0.0,Metal,P4cc,103,30
KSn_id4591_E-2.50.cif,KSn,-2.502,0.446,Semiconductor,P3m1,156,4
Ca(Zn2Si)2_id2183_E-2.50.cif,Ca(Zn2Si)2,-2.5015,0.0,Metal,I4/mcm,140,28
Ca2Ga_id4937_E-2.50.cif,Ca2Ga,-2.5007,0.0,Metal,Pa-3,205,12
ZnCdSn2_id4013_E-2.50.cif,ZnCdSn2,-2.5006,0.0,Metal,I-42d,122,16
In16Sn9_id77_E-2.50.cif,In16Sn9,-2.5005,0.0,Metal,P-42_1c,114,50
Ba(LiIn2)4_id1_E-2.50.cif,Ba(LiIn2)4,-2.5003,0.0,Metal,P4_2/nmc,137,26
Li(Al4Ga)2_id3069_E-2.50.cif,Li(Al4Ga)2,-2.5002,0.0,Metal,I2_12_12_1,24,44
Mg5Sc3In_id3107_E-2.50.cif,Mg5Sc3In,-2.5002,0.0,Metal,Pmmm,47,9
Ba4SN_id279_E-2.50.cif,Ba4SN,-2.4988,0.0,Metal,P4/mmm,123,6
BaLiCdIn2GaSn2_id1173_E-2.50.cif,BaLiCdIn2GaSn2,-2.4979,0.0,Metal,Imm2,44,16
ZnCdS2O_id2227_E-2.50.cif,ZnCdS2O,-2.4961,1.645,Semiconductor,P4mm,99,5
AlIn7_id2434_E-2.49.cif,AlIn7,-2.4949,0.0,Metal,P6_3/mcm,193,16
Na2Cd2In4Sn9_id352_E-2.49.cif,Na2Cd2In4Sn9,-2.4937,0.0,Metal,C2/m,12,34
Be3Al3Zn_id464_E-2.49.cif,Be3Al3Zn,-2.4929,0.0,Metal,Pm-3n,223,14
Na3CdSn4_id2997_E-2.49.cif,Na3CdSn4,-2.4907,0.178,Semiconductor,P4/mmm,123,8
Ba2Ga_id2665_E-2.49.cif,Ba2Ga,-2.4904,0.011,Metal,Pa-3,205,12
MgScCd2_id617_E-2.49.cif,MgScCd2,-2.4901,0.0,Metal,P4/mmm,123,8
SrGaSn2_id3005_E-2.49.cif,SrGaSn2,-2.4901,0.0,Metal,P6_3/mmc,194,8
CdO_id3739_E-2.49.cif,CdO,-2.4896,0.152,Semiconductor,P4_2/mcm,132,16
Li3Ga4Si2Ge_id2223_E-2.49.cif,Li3Ga4Si2Ge,-2.4886,0.0,Metal,Ibam,72,40
Na4Li2ScZn2Ge2O_id104_E-2.49.cif,Na4Li2ScZn2Ge2O,-2.4886,0.0,Metal,P3_112,151,36
CdSb_id3956_E-2.49.cif,CdSb,-2.4874,0.0,Metal,Fd-3m,227,32
Ga_id2491_E-2.48.cif,Ga,-2.4839,0.0,Metal,P2_12_12_1,19,28
Ti4(ZnGa2)7_id3805_E-2.48.cif,Ti4(ZnGa2)7,-2.4811,0.0,Metal,Immm,71,50
MgIn4_id2985_E-2.48.cif,MgIn4,-2.4807,0.0,Metal,I-4m2,119,20
Na6Sn2Ge2AsSe_id1292_E-2.48.cif,Na6Sn2Ge2AsSe,-2.4799,0.129,Semiconductor,P-4m2,115,12
NaLi2Sn2Sb_id4437_E-2.48.cif,NaLi2Sn2Sb,-2.4792,0.007,Metal,P2/m,10,6
KZn7O3_id609_E-2.48.cif,KZn7O3,-2.4787,0.355,Semiconductor,Pm-3n,223,22
Li3In3Ge_id2845_E-2.48.cif,Li3In3Ge,-2.4782,0.0,Metal,P6_3/m,176,14
Ca4Sn_id4619_E-2.48.cif,Ca4Sn,-2.4781,0.0,Metal,Ccce,68,20
KTiCdTe_id3719_E-2.47.cif,KTiCdTe,-2.474,0.0,Metal,P3_221,154,12
Li2Ti_id2725_E-2.47.cif,Li2Ti,-2.4728,0.729,Semiconductor,Cmme,67,24
In_id436_E-2.47.cif,In,-2.4712,0.0,Metal,Pmmm,47,4
Mg3Sc2Cd2In_id3929_E-2.47.cif,Mg3Sc2Cd2In,-2.4701,0.0,Metal,Pbam,55,16
Ba2SrLi4Ga4Ge_id2422_E-2.47.cif,Ba2SrLi4Ga4Ge,-2.4696,0.413,Semiconductor,C222,21,24
KNa6Li7(GaO2)3_id3466_E-2.47.cif,KNa6Li7(GaO2)3,-2.467,0.687,Semiconductor,P-31c,163,46
Na2CaSn_id2309_E-2.47.cif,Na2CaSn,-2.466,0.0,Metal,F-43m,216,16
Ba2Mg2Sn_id16_E-2.46.cif,Ba2Mg2Sn,-2.4649,0.0,Metal,Ibam,72,20
Al3Te_id4961_E-2.46.cif,Al3Te,-2.4641,1.329,Semiconductor,P3c1,158,8
LiAl_id1899_E-2.46.cif,LiAl,-2.4625,0.0,Metal,I4_1/acd,142,32
Li2Mg5Sc2CdIn2_id4215_E-2.46.cif,Li2Mg5Sc2CdIn2,-2.4622,0.0,Metal,Fmmm,69,48
MgIn3_id3413_E-2.46.cif,MgIn3,-2.462,0.0,Metal,Fm-3m,225,16
In2Ga_id1443_E-2.46.cif,In2Ga,-2.4598,0.0,Metal,Pn-3m,224,6
Li3ZnIn5Ga3_id3512_E-2.46.cif,Li3ZnIn5Ga3,-2.4597,0.0,Metal,P-62m,189,12
Mg2Sc3In_id527_E-2.46.cif,Mg2Sc3In,-2.4578,0.0,Metal,Cmcm,63,24
BaNaGa6B6Sb_id3170_E-2.46.cif,BaNaGa6B6Sb,-2.4573,0.0,Metal,P312,149,15
Li5PO3_id3282_E-2.46.cif,Li5PO3,-2.4572,3.339,Semiconductor,P-42_1m,113,36
Li(MgSn)4_id3881_E-2.46.cif,Li(MgSn)4,-2.4569,0.0,Metal,I4/m,87,18
Zn4Ga5Ge3_id3217_E-2.46.cif,Zn4Ga5Ge3,-2.4567,0.0,Metal,P-43m,215,12
Ba3Se4_id3416_E-2.46.cif,Ba3Se4,-2.4565,0.467,Semiconductor,P6_3/m,176,14
MgScCd_id1327_E-2.45.cif,MgScCd,-2.4544,0.0,Metal,Pmma,51,12
ScCd3_id1300_E-2.45.cif,ScCd3,-2.4539,0.0,Metal,I4/mmm,139,8
Li3Ga2_id1517_E-2.45.cif,Li3Ga2,-2.4514,0.288,Semiconductor,Cmce,64,20
Li4CdGe_id4076_E-2.45.cif,Li4CdGe,-2.4494,0.006,Metal,I422,97,12
Li2Ga3Ge_id986_E-2.45.cif,Li2Ga3Ge,-2.4491,0.0,Metal,Pmmn,59,12
BaMgCd2(GeAs)2_id2631_E-2.45.cif,BaMgCd2(GeAs)2,-2.448,0.0,Metal,P4_122,91,32
Li3TiZnSn6_id1849_E-2.45.cif,Li3TiZnSn6,-2.4476,0.0,Metal,Pm-3m,221,11
Na5Li2Cd2(TeS)2_id1205_E-2.45.cif,Na5Li2Cd2(TeS)2,-2.4474,1.838,Semiconductor,P4_22_12,94,52
K2Sn3_id1782_E-2.45.cif,K2Sn3,-2.4474,0.026,Metal,Pmmm,47,20
LiIn2_id1022_E-2.45.cif,LiIn2,-2.4474,0.0,Metal,P4/mmm,123,6
Li7MgSn2_id3421_E-2.45.cif,Li7MgSn2,-2.4456,0.0,Metal,C2/m,12,20
Zn3GaSi2_id937_E-2.45.cif,Zn3GaSi2,-2.4452,0.423,Semiconductor,I4_1,80,24
Li7ScInGa_id2980_E-2.45.cif,Li7ScInGa,-2.4452,0.0,Metal,P312,149,10
Cd2In3O_id116_E-2.45.cif,Cd2In3O,-2.445,0.225,Semiconductor,Pn-3m,224,12
Mg2ScIn2_id933_E-2.44.cif,Mg2ScIn2,-2.4449,0.0,Metal,Pmmm,47,5
Na3Se_id3644_E-2.44.cif,Na3Se,-2.4442,0.0,Metal,Ibca,73,32
LiAl3Zn2_id142_E-2.44.cif,LiAl3Zn2,-2.4441,0.0,Metal,Ibam,72,24
K4Na3GaSb3AsP3_id3850_E-2.44.cif,K4Na3GaSb3AsP3,-2.4438,0.947,Semiconductor,P3,143,15
KCdSb_id3054_E-2.44.cif,KCdSb,-2.4437,0.334,Semiconductor,Pmmm,47,6
NaCdGe2_id1494_E-2.44.cif,NaCdGe2,-2.4432,0.0,Metal,Pccm,49,8
MgSc(Zn2Ga)2_id1550_E-2.44.cif,MgSc(Zn2Ga)2,-2.4412,0.0,Metal,P4/mmm,123,8
ZnTe_id1747_E-2.44.cif,ZnTe,-2.4394,0.301,Semiconductor,Pca2_1,29,8
MgZnCdGa8Sn_id346_E-2.44.cif,MgZnCdGa8Sn,-2.4391,0.0,Metal,Pmmm,47,12
Ca2ZnGa_id4661_E-2.44.cif,Ca2ZnGa,-2.4378,0.0,Metal,Fm-3m,225,16
BaGa5Si_id3074_E-2.44.cif,BaGa5Si,-2.4359,0.0,Metal,Pm,6,7
SrCd3N_id3696_E-2.44.cif,SrCd3N,-2.4354,0.0,Metal,Pm-3m,221,5
Li2In_id2388_E-2.43.cif,Li2In,-2.4325,0.0,Metal,I4/mcm,140,12
NaLi2Sn_id2043_E-2.43.cif,NaLi2Sn,-2.4305,0.0,Metal,I-42d,122,16
AlGa_id4236_E-2.43.cif,AlGa,-2.4303,0.0,Metal,Pmma,51,12
NaCa2InTeSe_id3300_E-2.43.cif,NaCa2InTeSe,-2.4282,0.0,Metal,P1,1,24
Ba2Na2Li4Sn4Sb_id1673_E-2.43.cif,Ba2Na2Li4Sn4Sb,-2.4274,0.0,Metal,Cccm,66,52
Na2Mg7Ti2Al2Zn2Si3_id1091_E-2.43.cif,Na2Mg7Ti2Al2Zn2Si3,-2.427,0.0,Metal,P2_1/c,14,36
AlCdGa6_id2438_E-2.43.cif,AlCdGa6,-2.4269,0.0,Metal,I4/mmm,139,16
Be2Al2CdGa2_id1522_E-2.43.cif,Be2Al2CdGa2,-2.4262,0.0,Metal,I4/mcm,140,28
LiCd5(InSe2)2_id3795_E-2.43.cif,LiCd5(InSe2)2,-2.4253,2.074,Semiconductor,I-42d,122,48
MgZnGe_id340_E-2.42.cif,MgZnGe,-2.4246,0.0,Metal,Cmcm,63,12
ZnSn_id2799_E-2.42.cif,ZnSn,-2.4246,0.0,Metal,P6_3/mmc,194,4
SrIn4_id2661_E-2.42.cif,SrIn4,-2.4222,0.0,Metal,Pmmm,47,5
Al(ZnGa)2_id3927_E-2.42.cif,Al(ZnGa)2,-2.4222,0.0,Metal,I-4m2,119,20
Mg2Al7_id4101_E-2.42.cif,Mg2Al7,-2.4218,0.0,Metal,Cccm,66,36
CdSn_id4614_E-2.42.cif,CdSn,-2.4217,0.0,Metal,Fd-3m,227,16
In15Sn2_id3390_E-2.42.cif,In15Sn2,-2.4209,0.0,Metal,Pmna,53,34
NaBAsSN5O_id507_E-2.42.cif,NaBAsSN5O,-2.4202,0.0,Metal,Pca2_1,29,40
Ca3In_id3191_E-2.42.cif,Ca3In,-2.4191,0.0,Metal,Pm-3n,223,8
Mg2In3Sn_id2511_E-2.42.cif,Mg2In3Sn,-2.419,0.0,Metal,Pbam,55,12
KMgIn6_id3253_E-2.42.cif,KMgIn6,-2.4185,0.0,Metal,P-31c,163,16
LiMg2As_id105_E-2.41.cif,LiMg2As,-2.4135,0.984,Semiconductor,P3_121,152,12
Na2In5_id921_E-2.41.cif,Na2In5,-2.4103,0.0,Metal,Pn-3m,224,14
InB2N_id1333_E-2.41.cif,InB2N,-2.4102,0.0,Metal,P4_2/ncm,138,16
AlZn3Ga2Te2Se10(SO2)2_id3842_E-2.41.cif,AlZn3Ga2Te2Se10(SO2)2,-2.4095,1.779,Semiconductor,Pnn2,34,48
LiMgIn2Sn_id2624_E-2.41.cif,LiMgIn2Sn,-2.4094,0.0,Metal,P4_2/mmc,131,10
In5Ga_id1297_E-2.41.cif,In5Ga,-2.4079,0.0,Metal,P2/c,13,12
Li2AlInGa_id144_E-2.41.cif,Li2AlInGa,-2.4059,0.0,Metal,P6_3/mcm,193,30
KMgSnGe2_id313_E-2.41.cif,KMgSnGe2,-2.4057,0.0,Metal,Immm,71,10
K4MgP4_id4930_E-2.41.cif,K4MgP4,-2.4054,1.455,Semiconductor,I4_1/a,88,36
Te_id3575_E-2.41.cif,Te,-2.405,0.583,Semiconductor,P6_3/m,176,8
Na3Te_id2259_E-2.41.cif,Na3Te,-2.405,0.195,Semiconductor,R-3,148,24
LiCdIn2TeS2_id606_E-2.40.cif,LiCdIn2TeS2,-2.4046,1.122,Semiconductor,P4_22_12,94,28
Al3ZnO4_id556_E-2.40.cif,Al3ZnO4,-2.4033,0.245,Semiconductor,P-42c,112,16
In2Si4TeS_id2748_E-2.40.cif,In2Si4TeS,-2.4027,12.704,Insulator,P3_1,144,24
Li4Be2Ge_id925_E-2.40.cif,Li4Be2Ge,-2.3995,0.0,Metal,Ccc2,37,28
KNa3TiTeS2_id4445_E-2.40.cif,KNa3TiTeS2,-2.3979,0.01,Metal,P3_112,151,24
Ba3CdSn_id982_E-2.40.cif,Ba3CdSn,-2.3967,0.0,Metal,P4/mmm,123,20
Li2MgInSb2_id4466_E-2.40.cif,Li2MgInSb2,-2.3967,0.0,Metal,Fd-3m,227,48
K2Cd2O_id1950_E-2.39.cif,K2Cd2O,-2.3944,0.0,Metal,P4/mmm,123,10
CaZn8(GaGe3)4_id198_E-2.39.cif,CaZn8(GaGe3)4,-2.3928,0.0,Metal,I422,97,50
Na4LiO_id3211_E-2.39.cif,Na4LiO,-2.3913,0.415,Semiconductor,C2/c,15,48
Ca2Zn4Si(SnGe)2_id2409_E-2.39.cif,Ca2Zn4Si(SnGe)2,-2.3894,0.0,Metal,Pm,6,11
LiBe2GaGe_id4962_E-2.39.cif,LiBe2GaGe,-2.3887,0.0,Metal,Pccm,49,10
K9CaIn6GaSbSe6_id773_E-2.39.cif,K9CaIn6GaSbSe6,-2.3872,1.467,Semiconductor,P-31c,163,48
KCaZnS2_id4893_E-2.39.cif,KCaZnS2,-2.3868,2.826,Semiconductor,P-42_1m,113,10
CaCdGa_id688_E-2.39.cif,CaCdGa,-2.386,0.0,Metal,P6_3/mmc,194,6
MgSn2_id866_E-2.39.cif,MgSn2,-2.3857,0.0,Metal,Pn-3m,224,6
Zn3Ge2_id1298_E-2.38.cif,Zn3Ge2,-2.3844,0.0,Metal,I-4m2,119,10
BaLi4(MgSn)8_id127_E-2.38.cif,BaLi4(MgSn)8,-2.3832,0.0,Metal,P4_2/nmc,137,42
Al9InGaTe3_id4492_E-2.38.cif,Al9InGaTe3,-2.3825,0.357,Semiconductor,P2_12_12,18,56
KCaBeAl2Ga2Si3Ge_id1991_E-2.38.cif,KCaBeAl2Ga2Si3Ge,-2.3811,0.0,Metal,Pm,6,22
Li4In3_id3964_E-2.38.cif,Li4In3,-2.3804,0.0,Metal,I4/mmm,139,28
Li2Si2Ge2As_id2730_E-2.38.cif,Li2Si2Ge2As,-2.3777,0.563,Semiconductor,P-4n2,118,14
Mg4ScTi_id2256_E-2.38.cif,Mg4ScTi,-2.376,0.0,Metal,P4_322,95,24
SrAl4(ZnGa)5_id3308_E-2.37.cif,SrAl4(ZnGa)5,-2.3744,0.0,Metal,I-4m2,119,30
LiZnGa2_id4360_E-2.37.cif,LiZnGa2,-2.374,0.0,Metal,Cmmm,65,8
BaLiCa2Sn_id3581_E-2.37.cif,BaLiCa2Sn,-2.3735,0.0,Metal,P4/mmm,123,20
Ca2MgIn_id2800_E-2.37.cif,Ca2MgIn,-2.3729,0.0,Metal,Fm-3m,225,16
ZnSi_id232_E-2.37.cif,ZnSi,-2.3728,0.0,Metal,I4_1/acd,142,32
Cd4In3S2_id1685_E-2.37.cif,Cd4In3S2,-2.3673,0.0,Metal,P4_2mc,105,18
MgIn6_id3440_E-2.37.cif,MgIn6,-2.3672,0.0,Metal,Cmce,64,28
ZnIn2Ga_id1428_E-2.36.cif,ZnIn2Ga,-2.3623,0.0,Metal,P4/mmm,123,8
Ga3Ge2_id4407_E-2.36.cif,Ga3Ge2,-2.3613,2.021,Semiconductor,P4_132,213,20
CdN_id433_E-2.36.cif,CdN,-2.3605,0.51,Semiconductor,P4/mmm,123,8
Li3Ga_id2570_E-2.36.cif,Li3Ga,-2.3603,0.0,Metal,P4/mmm,123,16
ScZn2_id988_E-2.36.cif,ScZn2,-2.3595,0.0,Metal,P4nc,104,12
NaLi3CaGa3_id3115_E-2.36.cif,NaLi3CaGa3,-2.3577,0.0,Metal,P-6c2,188,16
TiZn(CdIn2)2_id3597_E-2.36.cif,TiZn(CdIn2)2,-2.3572,0.0,Metal,P-42c,112,16
Ca3Sb_id141_E-2.36.cif,Ca3Sb,-2.3568,0.0,Metal,R-3,148,24
NaAl8(CdGa)4_id4979_E-2.36.cif,NaAl8(CdGa)4,-2.3563,0.007,Metal,P4_2/nmc,137,34
Na2Mg3ZnSi2_id502_E-2.36.cif,Na2Mg3ZnSi2,-2.356,0.0,Metal,Pn-3m,224,16
BaCaSn_id2952_E-2.36.cif,BaCaSn,-2.356,0.0,Metal,P4_2/mmc,131,6
Sc(ZnGa)4_id4245_E-2.36.cif,Sc(ZnGa)4,-2.3559,0.0,Metal,P4_2/nmc,137,18
Zn4Ga7_id2739_E-2.35.cif,Zn4Ga7,-2.3549,0.0,Metal,Im-3m,229,22
CdInGa2_id1649_E-2.35.cif,CdInGa2,-2.3534,0.0,Metal,P4/mmm,123,8
Li3CdGa2Ge_id2320_E-2.35.cif,Li3CdGa2Ge,-2.3534,0.0,Metal,P4mm,99,14
Sr6Mg6ScAl12_id1864_E-2.35.cif,Sr6Mg6ScAl12,-2.3532,0.0,Metal,I23,197,50
K2Ba2ZnO_id2480_E-2.35.cif,K2Ba2ZnO,-2.3523,0.124,Semiconductor,Pa-3,205,24
Li2ZnSb_id2100_E-2.35.cif,Li2ZnSb,-2.3519,0.744,Semiconductor,Iba2,45,32
AlZn_id4982_E-2.35.cif,AlZn,-2.3513,0.0,Metal,Cmcm,63,8
KBa3In3P_id2696_E-2.35.cif,KBa3In3P,-2.3508,0.0,Metal,Pm-3m,221,8
Ba(MgIn)2_id1167_E-2.35.cif,Ba(MgIn)2,-2.3496,0.0,Metal,I4/mmm,139,10
Zn3Ga7_id4356_E-2.35.cif,Zn3Ga7,-2.3494,0.0,Metal,P2/m,10,10
NaIn2_id1948_E-2.35.cif,NaIn2,-2.3494,0.419,Semiconductor,Pmma,51,6
Ba2LiGa_id118_E-2.35.cif,Ba2LiGa,-2.3461,0.0,Metal,Fm-3m,225,16
AlIn4Ga_id560_E-2.35.cif,AlIn4Ga,-2.3456,0.0,Metal,Pmmm,47,6
In_id4154_E-2.35.cif,In,-2.3452,0.0,Metal,I4_1,80,16
Ba3Na2As3P_id682_E-2.35.cif,Ba3Na2As3P,-2.3452,0.008,Metal,P6/mmm,191,9
Li2MgAl4_id4759_E-2.34.cif,Li2MgAl4,-2.3445,0.0,Metal,Ibam,72,28
LiAl3Zn4_id99_E-2.34.cif,LiAl3Zn4,-2.3444,0.0,Metal,Im-3m,229,16
KLi2Sb_id4802_E-2.34.cif,KLi2Sb,-2.3438,0.0,Metal,Imma,74,16
ZnGa3_id4837_E-2.34.cif,ZnGa3,-2.3434,0.0,Metal,I-42d,122,16
LiCd4As5_id1318_E-2.34.cif,LiCd4As5,-2.343,0.0,Metal,I4_1/a,88,40
ZnCdP(NO)2_id4540_E-2.34.cif,ZnCdP(NO)2,-2.343,0.747,Semiconductor,Pccm,49,14
MgIn2Ga6Ge_id1363_E-2.34.cif,MgIn2Ga6Ge,-2.3426,0.0,Metal,Pmmn,59,20
TiZn4_id3609_E-2.34.cif,TiZn4,-2.342,0.0,Metal,I-4m2,119,20
CaIn8Ga6Ge_id2919_E-2.34.cif,CaIn8Ga6Ge,-2.3418,0.0,Metal,P312,149,16
Na2In7_id4495_E-2.34.cif,Na2In7,-2.3415,0.027,Metal,C2/m,12,18
KBaLi2Sb(SO2)4_id1561_E-2.34.cif,KBaLi2Sb(SO2)4,-2.3402,2.314,Semiconductor,I222,23,34
KNa2AlZn2AsS2_id3787_E-2.34.cif,KNa2AlZn2AsS2,-2.3378,0.688,Semiconductor,Imm2,44,18
Li4Be8Si_id2612_E-2.34.cif,Li4Be8Si,-2.3376,0.0,Metal,P-42_1c,114,26
Mg7ScAlIn3Sn_id2712_E-2.34.cif,Mg7ScAlIn3Sn,-2.3376,0.0,Metal,P-6m2,187,13
LiMg4Ti_id1235_E-2.33.cif,LiMg4Ti,-2.3348,2.26,Semiconductor,I4_1/amd,141,24
BaNaZnSn_id3215_E-2.33.cif,BaNaZnSn,-2.3328,0.532,Semiconductor,P4/nmm,129,8
Ca2Zn3O_id62_E-2.33.cif,Ca2Zn3O,-2.3305,0.0,Metal,Pn-3m,224,12
MgGa_id1408_E-2.33.cif,MgGa,-2.3256,0.0,Metal,C2/m,12,12
Mg6Sc(AlGa4)3_id48_E-2.33.cif,Mg6Sc(AlGa4)3,-2.3256,0.0,Metal,I23,197,44
Ba2Na2LiCaZnSi2_id3192_E-2.32.cif,Ba2Na2LiCaZnSi2,-2.3249,0.0,Metal,P4_3,78,36
Li2MgIn6_id3961_E-2.32.cif,Li2MgIn6,-2.324,0.0,Metal,Cmce,64,36
BaLiIn_id4911_E-2.32.cif,BaLiIn,-2.3234,0.0,Metal,I-4m2,119,6
BaLiIn_id4489_E-2.32.cif,BaLiIn,-2.3232,0.0,Metal,I-4m2,119,6
Sr2CaGaSnGe2_id4691_E-2.32.cif,Sr2CaGaSnGe2,-2.322,0.0,Metal,I4/mcm,140,28
K3Zn2Sn3_id689_E-2.32.cif,K3Zn2Sn3,-2.3217,0.0,Metal,P6_3/mcm,193,16
Li2BeCd4Ga4B_id4074_E-2.32.cif,Li2BeCd4Ga4B,-2.321,0.0,Metal,P6_422,181,36
Al2Zn_id4348_E-2.32.cif,Al2Zn,-2.3208,0.0,Metal,P4/nmm,129,12
Al2Cd_id1592_E-2.32.cif,Al2Cd,-2.3204,0.0,Metal,Pa-3,205,12
CdSn_id3368_E-2.32.cif,CdSn,-2.3198,0.0,Metal,P6/mmm,191,12
Mg8Sc4Zn3_id1732_E-2.32.cif,Mg8Sc4Zn3,-2.3186,0.0,Metal,P6cc,184,30
Li18Ge5_id2117_E-2.32.cif,Li18Ge5,-2.3184,0.0,Metal,P23,195,23
Ba2MgAl_id4733_E-2.32.cif,Ba2MgAl,-2.3181,0.0,Metal,Fm-3m,225,16
MgCdSn2_id3504_E-2.32.cif,MgCdSn2,-2.3175,0.0,Metal,I-42d,122,16
LiCdGaSn_id904_E-2.32.cif,LiCdGaSn,-2.3167,0.0,Metal,Aea2,41,32
K2Zn(CdAs)4_id482_E-2.32.cif,K2Zn(CdAs)4,-2.3159,0.0,Metal,P4_2/mcm,132,22
KGa3_id2572_E-2.31.cif,KGa3,-2.3146,0.0,Metal,P4/mmm,123,4
Na(Li2Ga)6_id3829_E-2.31.cif,Na(Li2Ga)6,-2.3134,0.622,Semiconductor,Im-3,204,38
Ba2CaB4_id1584_E-2.31.cif,Ba2CaB4,-2.312,0.617,Semiconductor,P4_332,212,28
Li4MgScSn_id2498_E-2.31.cif,Li4MgScSn,-2.3119,0.0,Metal,P3_1,144,21
CaGe_id4114_E-2.31.cif,CaGe,-2.3118,0.0,Metal,P4_2cm,101,16
NaIn2_id3252_E-2.31.cif,NaIn2,-2.3117,0.0,Metal,P4_2/mmc,131,12
BaCd3Sn4_id152_E-2.31.cif,BaCd3Sn4,-2.3111,0.0,Metal,P4_2/m,84,16
CdIn4_id1520_E-2.31.cif,CdIn4,-2.3098,0.0,Metal,P4_2/nmc,137,10
Sn5Sb_id3315_E-2.31.cif,Sn5Sb,-2.3091,0.0,Metal,P4/mmm,123,6
BaO8_id915_E-2.31.cif,BaO8,-2.3086,0.0,Metal,Aea2,41,36
NaLiInGa_id4546_E-2.31.cif,NaLiInGa,-2.3076,2.456,Semiconductor,P4/nmm,129,8
MgIn14_id380_E-2.31.cif,MgIn14,-2.3075,0.0,Metal,Pmna,53,30
MgBeZn3O8_id3691_E-2.31.cif,MgBeZn3O8,-2.3064,3.233,Semiconductor,P-43m,215,13
Li2Mg4ScZn2O2_id2618_E-2.31.cif,Li2Mg4ScZn2O2,-2.3061,0.0,Metal,P4_322,95,44
Li3Ga4_id1583_E-2.31.cif,Li3Ga4,-2.3055,0.0,Metal,P4_222,93,14
SrCaTeS_id3484_E-2.30.cif,SrCaTeS,-2.3048,0.014,Metal,I4mm,107,8
Ga_id803_E-2.30.cif,Ga,-2.3036,0.0,Metal,Cmcm,63,16
Li3Ga_id1033_E-2.30.cif,Li3Ga,-2.3032,0.013,Metal,Ibam,72,16
In_id4112_E-2.30.cif,In,-2.3026,0.0,Metal,P2,3,12
Na2MgInSnGe2_id3075_E-2.30.cif,Na2MgInSnGe2,-2.3024,0.463,Semiconductor,P-4m2,115,7
Ba(AlIn2)2_id661_E-2.30.cif,Ba(AlIn2)2,-2.3021,0.0,Metal,Fmmm,69,28
In4Ga_id842_E-2.30.cif,In4Ga,-2.3016,0.0,Metal,P4/nmm,129,20
Li(In3Ga2)2_id1910_E-2.30.cif,Li(In3Ga2)2,-2.3006,0.0,Metal,F-43m,216,44
Li4Zn8SnSe4_id4212_E-2.30.cif,Li4Zn8SnSe4,-2.2997,0.037,Metal,P4/mbm,127,34
Li2AlZn_id3297_E-2.30.cif,Li2AlZn,-2.2963,0.0,Metal,Fm-3m,225,16
LiGa2Si_id187_E-2.30.cif,LiGa2Si,-2.2957,0.003,Metal,P6_5,170,48
K2NaAs_id1631_E-2.30.cif,K2NaAs,-2.2951,0.349,Semiconductor,Fm-3m,225,16
Li3Al3Cd3Ga4_id1051_E-2.29.cif,Li3Al3Cd3Ga4,-2.2946,0.0,Metal,P6_3/m,176,26
CdSb_id884_E-2.29.cif,CdSb,-2.2941,0.0,Metal,P4_32_12,96,8
LiCa2Ga2Ge_id2315_E-2.29.cif,LiCa2Ga2Ge,-2.2934,0.0,Metal,P4/mbm,127,12
KZnGaAs_id3914_E-2.29.cif,KZnGaAs,-2.2931,0.0,Metal,Cm,8,8
CdIn2Ga_id3392_E-2.29.cif,CdIn2Ga,-2.2926,0.0,Metal,P4/mmm,123,4
Cd3AsSe_id1870_E-2.29.cif,Cd3AsSe,-2.292,0.008,Metal,Aea2,41,20
Sr3LiGa2_id4608_E-2.29.cif,Sr3LiGa2,-2.2917,0.0,Metal,Pn-3m,224,12
In_id2891_E-2.29.cif,In,-2.2917,0.0,Metal,P2_12_12_1,19,32
Sc(CdIn)2_id2433_E-2.29.cif,Sc(CdIn)2,-2.2897,0.0,Metal,P4_2/mnm,136,10
Ca6Mg2Sc2Sn_id3109_E-2.29.cif,Ca6Mg2Sc2Sn,-2.2894,0.0,Metal,P622,177,22
Mg3Sn2_id3355_E-2.29.cif,Mg3Sn2,-2.2887,0.0,Metal,Imma,74,20
Mg3Sn2_id449_E-2.29.cif,Mg3Sn2,-2.2885,0.0,Metal,Cmce,64,20
Li2Mg2Al2Ga_id4958_E-2.29.cif,Li2Mg2Al2Ga,-2.2865,0.0,Metal,Cmce,64,28
MgGa2_id91_E-2.29.cif,MgGa2,-2.2854,0.0,Metal,P4/nnc,126,24
Sr2Mg2Ge2O_id191_E-2.28.cif,Sr2Mg2Ge2O,-2.2833,0.0,Metal,Pccn,56,28
Cd2GaGe2_id4322_E-2.28.cif,Cd2GaGe2,-2.2826,0.0,Metal,P4/mmm,123,10
Al2ZnGa7_id4293_E-2.28.cif,Al2ZnGa7,-2.2817,0.0,Metal,Pmmm,47,10
In_id3758_E-2.28.cif,In,-2.2815,0.0,Metal,P4_132,213,8
ZnInGa_id2185_E-2.28.cif,ZnInGa,-2.2801,0.0,Metal,Ibca,73,24
Mg2ZnSb_id2513_E-2.28.cif,Mg2ZnSb,-2.2793,0.004,Metal,Fm-3m,225,16
Ga_id1202_E-2.28.cif,Ga,-2.2778,0.0,Metal,I4_1,80,24
LiZn2Ga2Si_id4908_E-2.28.cif,LiZn2Ga2Si,-2.2775,0.0,Metal,Aem2,39,24
ZnSi2As_id667_E-2.28.cif,ZnSi2As,-2.277,0.0,Metal,Ibca,73,32
CdIn6_id611_E-2.28.cif,CdIn6,-2.2757,0.0,Metal,I4/mmm,139,14
Na(GaGe)2_id4186_E-2.27.cif,Na(GaGe)2,-2.2749,0.0,Metal,P4_122,91,20
NaSrMgCd2SbAs2_id3027_E-2.27.cif,NaSrMgCd2SbAs2,-2.2733,0.0,Metal,Pca2_1,29,32
K4Ga5Sn_id3515_E-2.27.cif,K4Ga5Sn,-2.2732,0.007,Metal,P4nc,104,20
Sc(CdSn)4_id3933_E-2.27.cif,Sc(CdSn)4,-2.2725,0.0,Metal,P-42_1c,114,18
Mg4Ga2SnSb2_id1279_E-2.27.cif,Mg4Ga2SnSb2,-2.272,0.0,Metal,P4_2/m,84,18
Li4MgAlZn2(SiSn2)2_id1150_E-2.27.cif,Li4MgAlZn2(SiSn2)2,-2.2718,0.0,Metal,I422,97,28
AlGa7_id4221_E-2.27.cif,AlGa7,-2.2705,0.0,Metal,Pmmm,47,8
LiMg3(Sc2Zn)2_id9_E-2.27.cif,LiMg3(Sc2Zn)2,-2.2675,0.0,Metal,P4_2/m,84,20
Cd2In8Ga5SnTe4_id3255_E-2.27.cif,Cd2In8Ga5SnTe4,-2.2674,0.0,Metal,P-42c,112,40
KZnIn6_id496_E-2.27.cif,KZnIn6,-2.2673,0.0,Metal,I-42d,122,32
Li2MgGa9_id855_E-2.27.cif,Li2MgGa9,-2.2672,0.0,Metal,I422,97,24
Na2Ca4Sc3In_id3898_E-2.27.cif,Na2Ca4Sc3In,-2.2669,0.0,Metal,P3_112,151,30
K4Al3Ga2Si_id4265_E-2.27.cif,K4Al3Ga2Si,-2.2664,0.0,Metal,P6_3/mcm,193,20
LiZn2Si_id4416_E-2.27.cif,LiZn2Si,-2.2655,0.0,Metal,P4/mmm,123,8
MgGa_id2827_E-2.26.cif,MgGa,-2.2647,0.0,Metal,I4_1/amd,141,16
Ba2CdGa_id858_E-2.26.cif,Ba2CdGa,-2.2629,0.0,Metal,Fm-3m,225,16
Ca2Mg5(InSn)4_id4834_E-2.26.cif,Ca2Mg5(InSn)4,-2.2625,0.0,Metal,P4/nbm,125,30
K7Zn2SiSn6_id2360_E-2.26.cif,K7Zn2SiSn6,-2.2613,0.0,Metal,P312,149,16
LiGa_id759_E-2.26.cif,LiGa,-2.2612,0.0,Metal,Cmcm,63,16
Zn2B_id2331_E-2.26.cif,Zn2B,-2.2607,0.0,Metal,P6_422,181,18
K4Li8Cd4In4GeAs(SeO)4_id3288_E-2.26.cif,K4Li8Cd4In4GeAs(SeO)4,-2.2606,0.218,Semiconductor,P4,75,30
In_id112_E-2.26.cif,In,-2.26,0.0,Metal,Ibca,73,40
CdTe_id3530_E-2.26.cif,CdTe,-2.258,0.001,Metal,P4_32_12,96,8
Na5Cd(PO)4_id1727_E-2.26.cif,Na5Cd(PO)4,-2.2569,1.207,Semiconductor,I4_1/a,88,56
Ba2NaSrIn2_id3380_E-2.26.cif,Ba2NaSrIn2,-2.2566,0.052,Semiconductor,P-1,2,6
CaGa_id4031_E-2.26.cif,CaGa,-2.2559,0.0,Metal,I-43d,220,24
NaIn4_id4261_E-2.26.cif,NaIn4,-2.2556,0.0,Metal,P4_2/n,86,10
MgAl3Zn4_id4684_E-2.26.cif,MgAl3Zn4,-2.2553,0.0,Metal,Im-3m,229,16
Na3(MgSi)2_id230_E-2.25.cif,Na3(MgSi)2,-2.2549,0.0,Metal,I-4c2,120,28
LiCd3Te2_id2692_E-2.25.cif,LiCd3Te2,-2.2548,0.0,Metal,Pn-3m,224,12
Sr2Li4Al2Sn_id4376_E-2.25.cif,Sr2Li4Al2Sn,-2.2545,0.0,Metal,Ccc2,37,36
Cd3Ga3S_id1678_E-2.25.cif,Cd3Ga3S,-2.2543,0.0,Metal,P6_3/m,176,14
Zn(Ga2Te)2_id3564_E-2.25.cif,Zn(Ga2Te)2,-2.2516,0.938,Semiconductor,P3_221,154,21
BaAlZn_id985_E-2.25.cif,BaAlZn,-2.2509,0.0,Metal,I-4m2,119,6
KTe_id3042_E-2.25.cif,KTe,-2.2491,0.0,Metal,P4/mmm,123,8
CdGa2_id1671_E-2.25.cif,CdGa2,-2.2486,0.0,Metal,Ibca,73,24
LiZnSe_id216_E-2.25.cif,LiZnSe,-2.2484,0.0,Metal,P4_2bc,106,24
Sn2Ge_id3824_E-2.25.cif,Sn2Ge,-2.2483,0.0,Metal,P4/mmm,123,6
LiMg2CdSn2_id2365_E-2.25.cif,LiMg2CdSn2,-2.2482,0.0,Metal,R-3m,166,18
In_id892_E-2.25.cif,In,-2.247,0.0,Metal,P4_2/ncm,138,16
Li4Zn3Si4_id3561_E-2.25.cif,Li4Zn3Si4,-2.2461,0.0,Metal,I-43d,220,44
Cd3InSn3_id303_E-2.24.cif,Cd3InSn3,-2.2423,0.0,Metal,Pm-3n,223,14
Zn2B_id2135_E-2.24.cif,Zn2B,-2.2412,0.0,Metal,P6_422,181,9
LiMg2Ga2Sn_id284_E-2.24.cif,LiMg2Ga2Sn,-2.24,0.0,Metal,C222,21,12
K2Ba2Na2Sr2GaAs2Se3_id3686_E-2.24.cif,K2Ba2Na2Sr2GaAs2Se3,-2.2393,0.36,Semiconductor,Pbam,55,28
K2Sn3_id1945_E-2.24.cif,K2Sn3,-2.2391,0.0,Metal,Ibca,73,40
BaInGa5_id4870_E-2.24.cif,BaInGa5,-2.2388,0.0,Metal,Imm2,44,14
MgCd3N_id2046_E-2.24.cif,MgCd3N,-2.2383,0.0,Metal,Pm-3m,221,5
BeAlZnGa_id1882_E-2.24.cif,BeAlZnGa,-2.2376,1.373,Semiconductor,P6_222,180,24
Li3In_id155_E-2.24.cif,Li3In,-2.2367,0.0,Metal,I-42d,122,16
KNa4GeS4_id2533_E-2.24.cif,KNa4GeS4,-2.236,1.465,Semiconductor,I222,23,20
Mg2In3_id2492_E-2.24.cif,Mg2In3,-2.2357,0.0,Metal,P-3m1,164,5
ZnGa3_id4674_E-2.24.cif,ZnGa3,-2.2352,0.0,Metal,P4_2/mcm,132,8
Sr3LiSc3_id2299_E-2.23.cif,Sr3LiSc3,-2.2343,0.0,Metal,Pm-3n,223,14
Sc4Cd4In_id519_E-2.23.cif,Sc4Cd4In,-2.2337,0.0,Metal,Pmmm,47,9
Ca(Zn2B)4_id3065_E-2.23.cif,Ca(Zn2B)4,-2.233,0.0,Metal,P4_2/nmc,137,26
Ba4Sr3(ZnP2)3_id96_E-2.23.cif,Ba4Sr3(ZnP2)3,-2.2315,2.161,Semiconductor,P31m,157,16
BaLi2PO_id2166_E-2.23.cif,BaLi2PO,-2.2263,0.351,Semiconductor,Pmmn,59,20
Mg2In5_id1865_E-2.23.cif,Mg2In5,-2.2256,0.0,Metal,Cmmm,65,14
CdIn8_id3897_E-2.23.cif,CdIn8,-2.2253,0.0,Metal,Pmna,53,18
Mg2Al2ZnInGa2_id4858_E-2.22.cif,Mg2Al2ZnInGa2,-2.2243,0.0,Metal,Immm,71,16
Zn4Cd(GaGe)2_id1161_E-2.22.cif,Zn4Cd(GaGe)2,-2.2238,0.0,Metal,P-42m,111,9
Al3(ZnIn)2_id4671_E-2.22.cif,Al3(ZnIn)2,-2.2224,0.0,Metal,P4_2/m,84,14
CdInGaSn5_id3325_E-2.22.cif,CdInGaSn5,-2.2221,0.0,Metal,P2_12_12_1,19,32
Al5In6Ga7_id3119_E-2.22.cif,Al5In6Ga7,-2.222,0.0,Metal,P-62m,189,18
K4Ga6P_id2099_E-2.22.cif,K4Ga6P,-2.2184,0.0,Metal,P4/mnc,128,22
Li2Ga_id3974_E-2.22.cif,Li2Ga,-2.218,0.0,Metal,Pa-3,205,12
LiCaIn_id4470_E-2.22.cif,LiCaIn,-2.2178,0.0,Metal,F-43m,216,12
Sc2Zn3In2_id3491_E-2.22.cif,Sc2Zn3In2,-2.2167,0.0,Metal,Im-3m,229,28
KLi2Ga3_id1099_E-2.21.cif,KLi2Ga3,-2.2129,0.0,Metal,Pcc2,27,24
NaLi8Cd4In4O4_id3659_E-2.21.cif,NaLi8Cd4In4O4,-2.2125,0.0,Metal,P4_2/n,86,42
Mg6Al7_id3395_E-2.21.cif,Mg6Al7,-2.2124,0.0,Metal,Pm-3n,223,26
Sr6LiScIn_id151_E-2.21.cif,Sr6LiScIn,-2.2116,0.0,Metal,P-31c,163,18
LiCa6O_id4923_E-2.21.cif,LiCa6O,-2.2112,0.0,Metal,Pm-3m,221,8
Na3Cd2(GaS)2_id2416_E-2.21.cif,Na3Cd2(GaS)2,-2.2112,0.0,Metal,Pm-3m,221,54
K4NaAs4_id3548_E-2.21.cif,K4NaAs4,-2.2099,0.074,Semiconductor,P3,143,9
GaGe5_id1578_E-2.21.cif,GaGe5,-2.2088,0.0,Metal,P4/mmm,123,6
Li2Mg(CdSn)2_id4352_E-2.21.cif,Li2Mg(CdSn)2,-2.2085,0.0,Metal,Cmce,64,28
Mg4ScCdIn_id260_E-2.21.cif,Mg4ScCdIn,-2.2079,0.0,Metal,Pnnn,48,14
Li3Mg5InTe12_id1619_E-2.21.cif,Li3Mg5InTe12,-2.2076,1.119,Semiconductor,P1,1,21
K9(CdTe2)2_id2001_E-2.21.cif,K9(CdTe2)2,-2.2073,0.0,Metal,P4_2/mcm,132,30
Na6SbAs_id1152_E-2.21.cif,Na6SbAs,-2.207,1.342,Semiconductor,R-3,148,24
Al13Ga3_id2479_E-2.21.cif,Al13Ga3,-2.2066,0.0,Metal,Pm-3m,221,16
Li3Cd7O2_id1077_E-2.20.cif,Li3Cd7O2,-2.2029,0.276,Semiconductor,C222,21,24
NaMgIn6_id1603_E-2.20.cif,NaMgIn6,-2.2025,0.17,Semiconductor,P-31c,163,16
Sr2CaIn_id1393_E-2.20.cif,Sr2CaIn,-2.2017,0.0,Metal,P4/mmm,123,4
KTiAlZn3Ga2_id278_E-2.20.cif,KTiAlZn3Ga2,-2.2007,0.0,Metal,P6_1,169,48
NaCd2In4Sn5_id2144_E-2.20.cif,NaCd2In4Sn5,-2.2,0.0,Metal,Pm,6,12
NaCd2GaSiSn2_id2194_E-2.20.cif,NaCd2GaSiSn2,-2.1991,0.0,Metal,Cmcm,63,28
Li14AlCd4GeAs4_id3931_E-2.20.cif,Li14AlCd4GeAs4,-2.1983,1.005,Semiconductor,I222,23,48
Li15InSnSb_id364_E-2.20.cif,Li15InSnSb,-2.197,0.0,Metal,Pmna,53,36
MgIn4_id1430_E-2.20.cif,MgIn4,-2.1959,0.0,Metal,I4/mmm,139,10
NaLiGa8(SbO4)2_id3690_E-2.19.cif,NaLiGa8(SbO4)2,-2.1903,0.0,Metal,P321,150,20
Na2Ca2Ge_id3807_E-2.19.cif,Na2Ca2Ge,-2.1893,0.007,Metal,R-3m,166,15
ZnIn6_id1665_E-2.19.cif,ZnIn6,-2.1892,0.0,Metal,Pban,50,14
Li3Ga2_id1756_E-2.19.cif,Li3Ga2,-2.1874,0.0,Metal,Cmce,64,20
In5Ga3_id2822_E-2.19.cif,In5Ga3,-2.1871,0.0,Metal,P4_2/m,84,16
Na2GaSb_id4924_E-2.19.cif,Na2GaSb,-2.1862,0.977,Semiconductor,P4_32_12,96,16
Li3BeAl2Zn2Ga2SiGeO_id1412_E-2.19.cif,Li3BeAl2Zn2Ga2SiGeO,-2.1855,0.0,Metal,P2_1,4,26
SrCa4MgScAl_id3496_E-2.19.cif,SrCa4MgScAl,-2.1851,0.0,Metal,P3_1,144,24
KZn(CdTe)2_id1055_E-2.18.cif,KZn(CdTe)2,-2.1815,0.339,Semiconductor,P4_2/mmc,131,12
Na3Te_id1866_E-2.18.cif,Na3Te,-2.1804,0.0,Metal,Ibca,73,32
K(InS)2_id1314_E-2.18.cif,K(InS)2,-2.1804,2.427,Semiconductor,P3m1,156,5
Sr2MgIn_id2204_E-2.18.cif,Sr2MgIn,-2.1792,0.0,Metal,Fm-3m,225,16
Li2CaAl_id2130_E-2.18.cif,Li2CaAl,-2.1789,0.0,Metal,Ibca,73,32
MgGa_id4745_E-2.18.cif,MgGa,-2.1785,0.0,Metal,I4_1/acd,142,32
Mg3ZnGa8_id1504_E-2.18.cif,Mg3ZnGa8,-2.1782,0.0,Metal,P6/mmm,191,12
Li3Zn3Ga4_id569_E-2.18.cif,Li3Zn3Ga4,-2.1776,0.0,Metal,I-43d,220,40
Zn4In2GaTe2_id2081_E-2.18.cif,Zn4In2GaTe2,-2.1774,1.365,Semiconductor,Pnn2,34,18
LiZn3Cd3Sn4_id1919_E-2.18.cif,LiZn3Cd3Sn4,-2.1768,0.0,Metal,Pm-3n,223,22
Sc(ZnGa)3_id3397_E-2.18.cif,Sc(ZnGa)3,-2.1767,0.0,Metal,R-3,148,42
ZnP2_id3550_E-2.18.cif,ZnP2,-2.1767,0.0,Metal,P4/mmm,123,6
Al3Zn5_id95_E-2.18.cif,Al3Zn5,-2.1755,0.0,Metal,Im-3m,229,16
Ba4(NaIn)3_id374_E-2.17.cif,Ba4(NaIn)3,-2.174,0.0,Metal,I-43d,220,40
NaAlZn2In2Ga2SnSb_id3266_E-2.17.cif,NaAlZn2In2Ga2SnSb,-2.1737,0.0,Metal,P4_3,78,40
LiMgS4_id1655_E-2.17.cif,LiMgS4,-2.1735,0.161,Semiconductor,Fd-3m,227,48
Mg6CdGa12_id1571_E-2.17.cif,Mg6CdGa12,-2.1727,0.0,Metal,Im-3,204,38
Sn4Ge6As_id378_E-2.17.cif,Sn4Ge6As,-2.1715,0.0,Metal,Pm-3,200,11
Li6Sc2Ti2ZnCd4_id4432_E-2.17.cif,Li6Sc2Ti2ZnCd4,-2.1699,0.0,Metal,P1,1,60
CdSn2_id3583_E-2.17.cif,CdSn2,-2.1689,0.0,Metal,Pn-3m,224,6
BaNa12Li6O3_id3154_E-2.17.cif,BaNa12Li6O3,-2.1673,0.0,Metal,Im-3,204,44
K2Ga7_id768_E-2.17.cif,K2Ga7,-2.1669,0.0,Metal,Pmmm,47,9
Zn4In3GaGe_id4530_E-2.17.cif,Zn4In3GaGe,-2.1651,0.0,Metal,C222,21,18
Na7Li2GeSe2_id2313_E-2.16.cif,Na7Li2GeSe2,-2.1627,2.846,Semiconductor,C222,21,24
Sr2Zn3O_id4515_E-2.16.cif,Sr2Zn3O,-2.1626,0.042,Metal,Pn-3m,224,12
K7PO_id4781_E-2.16.cif,K7PO,-2.1615,1.195,Semiconductor,P6_322,182,18
Ba(AlZn)4_id1294_E-2.16.cif,Ba(AlZn)4,-2.16,0.0,Metal,P4_2/nmc,137,18
Ca5O_id4254_E-2.16.cif,Ca5O,-2.1579,0.0,Metal,Pn-3m,224,12
Ba3CdGa_id1881_E-2.16.cif,Ba3CdGa,-2.1566,0.0,Metal,R-3c,167,30
SrZn4(SiSn2)2_id1772_E-2.16.cif,SrZn4(SiSn2)2,-2.1561,0.766,Semiconductor,I-4c2,120,44
LiAlCdInGa_id3511_E-2.16.cif,LiAlCdInGa,-2.1553,0.0,Metal,Ibca,73,40
ZnSn2_id1987_E-2.15.cif,ZnSn2,-2.1544,0.0,Metal,P2_1/m,11,12
K4Cd5Ga2Sn(TeAs)4_id1027_E-2.15.cif,K4Cd5Ga2Sn(TeAs)4,-2.1508,0.0,Metal,I-42m,121,40
KIn3_id3226_E-2.15.cif,KIn3,-2.1498,0.0,Metal,I4_1/amd,141,16
Ba4Li(Cd2Sn)3_id2255_E-2.15.cif,Ba4Li(Cd2Sn)3,-2.1491,0.0,Metal,Im-3m,229,28
Ca3Sn10Sb_id4429_E-2.15.cif,Ca3Sn10Sb,-2.1479,0.0,Metal,Pm-3,200,14
MgGa5Sn4_id2893_E-2.15.cif,MgGa5Sn4,-2.1476,0.0,Metal,P4/mnc,128,40
KMg2Ga3_id475_E-2.15.cif,KMg2Ga3,-2.1468,0.0,Metal,Cmmm,65,12
K2GaGe_id1478_E-2.15.cif,K2GaGe,-2.1465,0.897,Semiconductor,Fm-3m,225,16
Li4MgIn3Ga4_id1660_E-2.15.cif,Li4MgIn3Ga4,-2.145,0.0,Metal,I-42m,121,24
InCN5O4_id2635_E-2.14.cif,InCN5O4,-2.1391,0.0,Metal,Pban,50,22
NaIn_id4762_E-2.14.cif,NaIn,-2.1385,0.479,Semiconductor,I4_1/amd,141,8
ScZn4Ga_id4563_E-2.14.cif,ScZn4Ga,-2.1356,0.0,Metal,Imm2,44,12
Na3Li4Cd2Ga2P_id3814_E-2.13.cif,Na3Li4Cd2Ga2P,-2.1347,0.0,Metal,P-3m1,164,12
Zn3GaGe_id760_E-2.13.cif,Zn3GaGe,-2.1346,0.0,Metal,Cmme,67,20
Na2LiMg2InSn2_id2134_E-2.13.cif,Na2LiMg2InSn2,-2.1333,0.0,Metal,P4_2/mcm,132,16
K2Ba2Li3CdSe6_id852_E-2.13.cif,K2Ba2Li3CdSe6,-2.1294,0.0,Metal,P1,1,42
In10Sn_id2937_E-2.13.cif,In10Sn,-2.1266,0.0,Metal,Imm2,44,22
Li(MgIn)2_id4095_E-2.13.cif,Li(MgIn)2,-2.1262,0.0,Metal,Pn-3m,224,10
Ga_id3703_E-2.13.cif,Ga,-2.1253,0.0,Metal,P-62c,190,10
BaMgIn_id422_E-2.13.cif,BaMgIn,-2.1252,0.0,Metal,I-4m2,119,6
Li4MgIn_id1320_E-2.12.cif,Li4MgIn,-2.125,0.0,Metal,P-6m2,187,6
Mg2B_id2164_E-2.12.cif,Mg2B,-2.124,0.525,Semiconductor,P4_2cm,101,24
Ca4Mg3In_id3799_E-2.12.cif,Ca4Mg3In,-2.124,0.0,Metal,Im-3m,229,16
CaZn3In3C_id1174_E-2.12.cif,CaZn3In3C,-2.1229,0.0,Metal,Pm-3m,221,8
Ca2Al3Ga2_id3312_E-2.12.cif,Ca2Al3Ga2,-2.1225,0.0,Metal,Fmmm,69,28
Ba2SrMg2O_id4729_E-2.12.cif,Ba2SrMg2O,-2.1215,0.0,Metal,P4/nmm,129,12
Li2Ga4B_id3991_E-2.12.cif,Li2Ga4B,-2.1212,0.052,Semiconductor,P6_422,181,21
Li4Mg4Al4In_id2216_E-2.12.cif,Li4Mg4Al4In,-2.1195,0.0,Metal,P4/ncc,130,52
Li3AlIn3_id3011_E-2.12.cif,Li3AlIn3,-2.1185,0.0,Metal,Pm-3n,223,14
ZnIn9Ga2Sn_id4552_E-2.12.cif,ZnIn9Ga2Sn,-2.1163,0.0,Metal,P4_322,95,52
LiAl8(ZnGa)8_id3639_E-2.12.cif,LiAl8(ZnGa)8,-2.1158,0.0,Metal,I422,97,50
KCd4(InSn3)6_id1194_E-2.11.cif,KCd4(InSn3)6,-2.1147,0.0,Metal,P1,1,58
ZnSb_id3668_E-2.11.cif,ZnSb,-2.1127,0.0,Metal,I4_1/acd,142,32
Ba4Li3Ga_id3305_E-2.11.cif,Ba4Li3Ga,-2.1115,0.0,Metal,Im-3m,229,16
NaGa3_id1528_E-2.11.cif,NaGa3,-2.1093,0.0,Metal,Fd-3m,227,32
MgIn_id1828_E-2.11.cif,MgIn,-2.1093,0.0,Metal,I4/mmm,139,4
MgIn3Sn_id3959_E-2.11.cif,MgIn3Sn,-2.1092,0.0,Metal,Pmmm,47,5
ZnGa_id420_E-2.11.cif,ZnGa,-2.1083,0.0,Metal,Pm-3m,221,16
LiMg3Al4In13_id3105_E-2.11.cif,LiMg3Al4In13,-2.1068,0.0,Metal,P1,1,21
K(ZnTe)2_id1444_E-2.11.cif,K(ZnTe)2,-2.105,0.255,Semiconductor,P4_122,91,20
KCdInSn_id1891_E-2.10.cif,KCdInSn,-2.1048,0.024,Metal,Pmna,53,16
LiZnGeP_id2314_E-2.10.cif,LiZnGeP,-2.1042,0.776,Semiconductor,P6_222,180,24
Li2ZnGa2_id1646_E-2.10.cif,Li2ZnGa2,-2.1041,0.019,Metal,P4/mmm,123,20
Li4Mg2Sc2BeAl12(Zn3Ga)2_id3675_E-2.10.cif,Li4Mg2Sc2BeAl12(Zn3Ga)2,-2.104,0.0,Metal,P-1,2,29
LiTiZn3InGa5_id1172_E-2.10.cif,LiTiZn3InGa5,-2.1027,0.0,Metal,Cm,8,22
TiAl2Zn3Ga2_id711_E-2.10.cif,TiAl2Zn3Ga2,-2.1025,0.0,Metal,P4_322,95,32
Li2ZnIn2Ga_id274_E-2.10.cif,Li2ZnIn2Ga,-2.0998,0.0,Metal,Pbam,55,12
Mg(AlZn)4_id520_E-2.10.cif,Mg(AlZn)4,-2.0989,0.0,Metal,Ccce,68,36
Li2Cd3(InGa)4_id868_E-2.10.cif,Li2Cd3(InGa)4,-2.0989,0.0,Metal,Ccc2,37,52
Ti3Zn12Sn_id1796_E-2.10.cif,Ti3Zn12Sn,-2.0957,0.0,Metal,Pm-3,200,32
LiMg8Al4Zn8GaO2_id3058_E-2.09.cif,LiMg8Al4Zn8GaO2,-2.0949,0.0,Metal,I422,97,48
In3O2_id3580_E-2.09.cif,In3O2,-2.0944,0.0,Metal,P6/mmm,191,5
ZnGa_id4916_E-2.09.cif,ZnGa,-2.0942,0.0,Metal,I4/mmm,139,16
Zn2Ga5_id207_E-2.09.cif,Zn2Ga5,-2.0909,0.0,Metal,P-1,2,14
K4In3Sn_id4688_E-2.09.cif,K4In3Sn,-2.0904,0.0,Metal,Im-3m,229,16
Li3In_id2562_E-2.09.cif,Li3In,-2.0897,0.0,Metal,I-42d,122,16
MgAl6Ga3Ge_id2507_E-2.09.cif,MgAl6Ga3Ge,-2.0895,0.0,Metal,P-6,174,11
ZnGa_id2413_E-2.09.cif,ZnGa,-2.0893,2.354,Semiconductor,Ibca,73,32
K4NaIn4Ge_id4355_E-2.09.cif,K4NaIn4Ge,-2.0876,0.613,Semiconductor,P4nc,104,20
AsO8_id1315_E-2.09.cif,AsO8,-2.0873,0.568,Semiconductor,P1,1,36
Li2Ca5ZnPO_id1469_E-2.08.cif,Li2Ca5ZnPO,-2.085,1.701,Semiconductor,Pcc2,27,40
CdIn2_id1636_E-2.08.cif,CdIn2,-2.0849,0.0,Metal,Imma,74,12
BeGa4Si_id1346_E-2.08.cif,BeGa4Si,-2.084,0.0,Metal,I422,97,24
Sr6CdIn12_id1714_E-2.08.cif,Sr6CdIn12,-2.083,0.0,Metal,I23,197,38
CdIn2_id1949_E-2.08.cif,CdIn2,-2.0825,0.0,Metal,P6_3/mmc,194,6
Mg3Al2ZnIn4_id3926_E-2.08.cif,Mg3Al2ZnIn4,-2.0807,0.0,Metal,I4/mcm,140,40
SrIn3_id4764_E-2.08.cif,SrIn3,-2.0804,0.0,Metal,Pmma,51,8
CdIn2_id2348_E-2.08.cif,CdIn2,-2.0799,0.0,Metal,P6/mmm,191,12
BaCdIn_id3472_E-2.08.cif,BaCdIn,-2.0777,0.0,Metal,I-4m2,119,6
K2Zn4Sn3Ge_id4113_E-2.07.cif,K2Zn4Sn3Ge,-2.0745,0.0,Metal,P4_2/mcm,132,20
Mg4AlGa4_id3269_E-2.07.cif,Mg4AlGa4,-2.0728,0.0,Metal,Cmce,64,36
LiAl_id1188_E-2.07.cif,LiAl,-2.0725,0.0,Metal,I4_1/acd,142,32
Zn4InGa4_id3031_E-2.07.cif,Zn4InGa4,-2.0717,0.0,Metal,P4_2/nmc,137,18
MgZnIn2_id1084_E-2.07.cif,MgZnIn2,-2.0692,0.0,Metal,I4/mmm,139,8
Mg(AlSn2)2_id4615_E-2.07.cif,Mg(AlSn2)2,-2.0689,0.0,Metal,P4_332,212,28
Li3Ca2Al2Cd2(InSn)2_id1404_E-2.07.cif,Li3Ca2Al2Cd2(InSn)2,-2.0678,0.0,Metal,P6_2,171,39
LiCd3TeAs_id4975_E-2.07.cif,LiCd3TeAs,-2.0674,0.0,Metal,Imma,74,24
K2Zn3O_id1390_E-2.07.cif,K2Zn3O,-2.0668,0.0,Metal,C222,21,24
NaLi2ZnGaGe_id1365_E-2.07.cif,NaLi2ZnGaGe,-2.0652,0.0,Metal,Cmme,67,24
K2Ba2NaSr(CdAs)2_id138_E-2.06.cif,K2Ba2NaSr(CdAs)2,-2.0649,0.283,Semiconductor,Pm,6,10
GaGe(SO2)2_id788_E-2.06.cif,GaGe(SO2)2,-2.0644,2.43,Semiconductor,P1,1,16
In_id1808_E-2.06.cif,In,-2.0628,0.0,Metal,P4/m,83,18
NaMg4ScGa_id2544_E-2.06.cif,NaMg4ScGa,-2.0621,0.0,Metal,I-4m2,119,14
Sr(AlZn2)2_id1424_E-2.06.cif,Sr(AlZn2)2,-2.0616,0.0,Metal,I4/mcm,140,28
KNa6ZnSbAs_id3819_E-2.06.cif,KNa6ZnSbAs,-2.0615,0.176,Semiconductor,P312,149,10
ScZn6_id1532_E-2.06.cif,ScZn6,-2.0607,0.0,Metal,Fm-3m,225,28
Sr2Cd3O_id4387_E-2.06.cif,Sr2Cd3O,-2.0599,0.0,Metal,Pn-3m,224,12
Cd4GaGe2_id4935_E-2.06.cif,Cd4GaGe2,-2.0599,0.0,Metal,Ccce,68,28
MgInGa_id1639_E-2.06.cif,MgInGa,-2.0588,0.0,Metal,I-43m,217,24
ScZn3Ga_id4246_E-2.06.cif,ScZn3Ga,-2.0585,0.0,Metal,C222_1,20,20
K2NaSc2Zn2Cd_id947_E-2.06.cif,K2NaSc2Zn2Cd,-2.0583,0.0,Metal,P-3m1,164,8
InSn5_id977_E-2.06.cif,InSn5,-2.0572,0.0,Metal,P4/mmm,123,6
InSn5_id499_E-2.06.cif,InSn5,-2.0564,0.0,Metal,P4/mmm,123,6
NaLi2Ga_id3928_E-2.05.cif,NaLi2Ga,-2.0544,0.0,Metal,P3_2,145,12
Al3Zn2Ga_id4954_E-2.05.cif,Al3Zn2Ga,-2.0535,0.0,Metal,Pmma,51,12
LiSc(Zn3Ga)2_id1196_E-2.05.cif,LiSc(Zn3Ga)2,-2.0529,0.0,Metal,Fm-3m,225,40
BaMgCdGa2_id4529_E-2.05.cif,BaMgCdGa2,-2.0525,0.0,Metal,P4/mmm,123,20
InB4_id1124_E-2.05.cif,InB4,-2.0513,0.0,Metal,P4_2/nmc,137,10
TiZnIn_id4427_E-2.05.cif,TiZnIn,-2.0505,0.04,Metal,P4_122,91,12
BaIn2_id787_E-2.05.cif,BaIn2,-2.0503,0.0,Metal,Pmmm,47,12
K4Al(Zn2N)2_id1576_E-2.05.cif,K4Al(Zn2N)2,-2.0494,0.0,Metal,P-1,2,22
Sr2Ca3Ge2_id1712_E-2.05.cif,Sr2Ca3Ge2,-2.0481,0.0,Metal,P4_2mc,105,14
BeZnGe_id4392_E-2.05.cif,BeZnGe,-2.0478,0.0,Metal,P4_2cm,101,24
Sc(ZnIn)2_id3765_E-2.05.cif,Sc(ZnIn)2,-2.047,1.658,Semiconductor,C222,21,20
Mg2In6Sn_id2751_E-2.05.cif,Mg2In6Sn,-2.0464,0.0,Metal,P4_2/nbc,133,36
Na2Li16ScZnO3_id4475_E-2.05.cif,Na2Li16ScZnO3,-2.0452,1.418,Semiconductor,P312,149,46
BaAlZnGa4_id4338_E-2.04.cif,BaAlZnGa4,-2.0447,0.0,Metal,I-4m2,119,14
K4TeSe2_id886_E-2.04.cif,K4TeSe2,-2.0445,0.0,Metal,P6/mmm,191,7
Ca(Ga2Si)6_id4702_E-2.04.cif,Ca(Ga2Si)6,-2.0441,0.377,Semiconductor,Im-3,204,38
Ba4Mg3In_id3538_E-2.04.cif,Ba4Mg3In,-2.0441,0.0,Metal,Im-3m,229,16
Zn5In2Ga5_id4730_E-2.04.cif,Zn5In2Ga5,-2.0432,0.0,Metal,Immm,71,24
Sr3Zn2O_id4065_E-2.04.cif,Sr3Zn2O,-2.0407,0.517,Semiconductor,Pn-3m,224,12
Ca3(MgIn3)2_id3414_E-2.04.cif,Ca3(MgIn3)2,-2.0398,0.063,Semiconductor,Cmce,64,44
Mg8ScSn4NO4_id4474_E-2.04.cif,Mg8ScSn4NO4,-2.0387,0.0,Metal,P4,75,18
Na(ZnB)3_id2274_E-2.04.cif,Na(ZnB)3,-2.0385,0.002,Metal,R-3,148,42
KCa2In_id1013_E-2.04.cif,KCa2In,-2.0381,0.0,Metal,Fm-3m,225,16
ScZn7_id4960_E-2.04.cif,ScZn7,-2.0359,0.0,Metal,Fm-3m,225,32
ZnTe_id4479_E-2.04.cif,ZnTe,-2.0356,0.0,Metal,I4_1/acd,142,32
Li4Zn4As_id1805_E-2.03.cif,Li4Zn4As,-2.0348,0.0,Metal,P-42_1c,114,18
CaAlGa6_id3189_E-2.03.cif,CaAlGa6,-2.0319,0.0,Metal,Immm,71,16
Sr3Li5Ca2P_id2805_E-2.03.cif,Sr3Li5Ca2P,-2.0314,0.0,Metal,I4mm,107,22
Li2Zn2P_id2728_E-2.03.cif,Li2Zn2P,-2.0312,0.032,Metal,Pbcn,60,20
Na3In3Sn2_id2500_E-2.03.cif,Na3In3Sn2,-2.0311,0.868,Semiconductor,P-1,2,16
Zn2CdSn2_id1497_E-2.03.cif,Zn2CdSn2,-2.0299,0.0,Metal,I4/mcm,140,20
Ca(CdGa)2_id4824_E-2.03.cif,Ca(CdGa)2,-2.0295,0.0,Metal,I-4m2,119,20
Li4Al3_id526_E-2.03.cif,Li4Al3,-2.0254,0.0,Metal,I-43d,220,28
AlZn3Se2_id2809_E-2.02.cif,AlZn3Se2,-2.0222,1.915,Semiconductor,I4/mmm,139,12
CdIn3Te_id2103_E-2.02.cif,CdIn3Te,-2.0207,0.0,Metal,P31c,159,10
MgCdGa4_id4803_E-2.02.cif,MgCdGa4,-2.0202,0.0,Metal,Ibam,72,24
Zn2In3Sn_id2934_E-2.02.cif,Zn2In3Sn,-2.0198,0.0,Metal,Pbam,55,12
LiZn2Ge_id4321_E-2.02.cif,LiZn2Ge,-2.0195,0.0,Metal,R-3m,166,24
Ba4Na4ZnSb_id4590_E-2.02.cif,Ba4Na4ZnSb,-2.0183,0.546,Semiconductor,P4/mcc,124,20
NaCaIn_id3287_E-2.02.cif,NaCaIn,-2.0178,0.0,Metal,F-43m,216,12
Li3Cd3Te_id1935_E-2.02.cif,Li3Cd3Te,-2.0175,0.0,Metal,Pnnn,48,14
Li2CaMg3In7_id4358_E-2.01.cif,Li2CaMg3In7,-2.015,0.0,Metal,P2/m,10,13
ZnGa_id3571_E-2.02.cif,ZnGa,-2.015,0.0,Metal,Pccn,56,48
K4Li8CaZn4Cd8In12Ga4Sb4(AsO)5_id2047_E-2.01.cif,K4Li8CaZn4Cd8In12Ga4Sb4(AsO)5,-2.0116,0.0,Metal,P4,75,55
Sr3Ga_id3949_E-2.01.cif,Sr3Ga,-2.0091,0.0,Metal,C2/m,12,8
KLi6Ti2Cd_id4986_E-2.01.cif,KLi6Ti2Cd,-2.0084,0.032,Metal,P3,143,10
Li10In3GaGe2_id2387_E-2.01.cif,Li10In3GaGe2,-2.0074,0.0,Metal,P6/mmm,191,16
Sr2Al4Cd(NO)4_id3431_E-2.01.cif,Sr2Al4Cd(NO)4,-2.0066,1.74,Semiconductor,I4_1/a,88,60
K(MgGe)2_id1208_E-2.01.cif,K(MgGe)2,-2.0053,0.0,Metal,I-4c2,120,20
Ba4Cd3In_id350_E-2.00.cif,Ba4Cd3In,-2.0037,0.0,Metal,Im-3m,229,16
Li6GeB_id3649_E-2.00.cif,Li6GeB,-2.0035,0.0,Metal,P4/mmm,123,32
Ca5Ga4Sn_id2975_E-2.00.cif,Ca5Ga4Sn,-2.0034,0.0,Metal,I4_1/a,88,40
KLiGe_id968_E-2.00.cif,KLiGe,-2.0033,0.316,Semiconductor,P6_1,169,18
NaLi2CaInGa2SnSb2_id1169_E-2.00.cif,NaLi2CaInGa2SnSb2,-2.0026,0.0,Metal,P4_3,78,40
NaLiIn17_id2078_E-2.00.cif,NaLiIn17,-2.0019,0.0,Metal,P2/c,13,38
CaIn4Sb_id3303_E-2.00.cif,CaIn4Sb,-2.0,0.071,Semiconductor,I4/mmm,139,12
Li6Cd(InSn)2_id3641_E-2.00.cif,Li6Cd(InSn)2,-1.9992,0.0,Metal,P422,89,22
Na5Ga4_id833_E-2.00.cif,Na5Ga4,-1.9981,0.0,Metal,P4_2/n,86,18
ZnIn2_id1895_E-2.00.cif,ZnIn2,-1.9981,0.0,Metal,I-42d,122,12
Li(ZnGa)2_id2602_E-2.00.cif,Li(ZnGa)2,-1.9974,0.0,Metal,Cmme,67,20
Sb3Te2(Se2S)2_id1474_E-2.00.cif,Sb3Te2(Se2S)2,-1.9958,2.496,Semiconductor,Iba2,45,44
ZnCd3C_id3385_E-2.00.cif,ZnCd3C,-1.9956,0.0,Metal,Pm-3m,221,5
GaTe2_id3776_E-2.00.cif,GaTe2,-1.9954,2.674,Semiconductor,P432,207,36
Li2ZnGa2_id2881_E-1.99.cif,Li2ZnGa2,-1.9944,0.0,Metal,P4/mnc,128,20
MgCdGa4_id1806_E-1.99.cif,MgCdGa4,-1.993,0.0,Metal,P4/mbm,127,12
Li2Sc2Be3Ge_id3433_E-1.99.cif,Li2Sc2Be3Ge,-1.9921,0.0,Metal,P6_222,180,24
LiTiAl3Zn2Ga3Ge_id2777_E-1.99.cif,LiTiAl3Zn2Ga3Ge,-1.992,0.0,Metal,P4_3,78,44
NaLiGa_id1844_E-1.99.cif,NaLiGa,-1.9918,0.0,Metal,F-43m,216,12
LiMg5ScCd_id1401_E-1.99.cif,LiMg5ScCd,-1.9915,0.0,Metal,I-4m2,119,16
CaCd3Ga2_id87_E-1.99.cif,CaCd3Ga2,-1.9904,0.0,Metal,P6/mmm,191,6
Mg5(InSn)3_id4034_E-1.99.cif,Mg5(InSn)3,-1.9895,0.0,Metal,P6_3/mcm,193,22
Mg3In10Ga_id2093_E-1.99.cif,Mg3In10Ga,-1.9883,0.0,Metal,Im-3m,229,28
K2Ge_id1951_E-1.99.cif,K2Ge,-1.9883,0.167,Semiconductor,Pa-3,205,12
Mg2Al3(Zn2Ga3)2_id4929_E-1.99.cif,Mg2Al3(Zn2Ga3)2,-1.9879,0.0,Metal,P-1,2,15
CdGa2_id1546_E-1.99.cif,CdGa2,-1.9872,0.0,Metal,P4nc,104,24
K2LiIn2Sn_id750_E-1.99.cif,K2LiIn2Sn,-1.9867,0.0,Metal,I-4m2,119,12
Ca3Sc3CdIn2Ga_id4092_E-1.99.cif,Ca3Sc3CdIn2Ga,-1.9854,0.35,Semiconductor,P1,1,60
NaLiSiAsPSeS12_id4410_E-1.98.cif,NaLiSiAsPSeS12,-1.9849,3.533,Insulator,P2_1,4,36
K2LiAlGa3_id3766_E-1.98.cif,K2LiAlGa3,-1.9848,0.0,Metal,Pmma,51,14
K4Al2ZnGa8SiGe2_id1683_E-1.98.cif,K4Al2ZnGa8SiGe2,-1.9843,0.0,Metal,I422,97,36
LiTiZn3InGaAs_id2584_E-1.98.cif,LiTiZn3InGaAs,-1.9819,0.0,Metal,P3_112,151,48
K(ZnGa3)4_id1039_E-1.98.cif,K(ZnGa3)4,-1.981,0.0,Metal,Pban,50,34
Ba6Sr3Mg3AlSn3_id3582_E-1.98.cif,Ba6Sr3Mg3AlSn3,-1.9806,0.0,Metal,R3m,160,48
Li(ZnGa)2_id4255_E-1.98.cif,Li(ZnGa)2,-1.9798,0.0,Metal,Aem2,39,20
ZnTe3S_id3050_E-1.98.cif,ZnTe3S,-1.9797,0.918,Semiconductor,Pn-3,201,40
Na2In2GaSi2_id2677_E-1.98.cif,Na2In2GaSi2,-1.9783,0.015,Metal,Pm-3m,221,42
K4Ba4P3_id47_E-1.98.cif,K4Ba4P3,-1.9776,0.609,Semiconductor,I-43d,220,44
Sc2Zn2CdGaO_id3893_E-1.98.cif,Sc2Zn2CdGaO,-1.9774,0.0,Metal,P4_2/m,84,28
BaAl4(ZnIn2)4_id2037_E-1.98.cif,BaAl4(ZnIn2)4,-1.977,0.0,Metal,P4_2/nmc,137,34
Li3Sn2_id4969_E-1.98.cif,Li3Sn2,-1.9766,0.0,Metal,I-43d,220,40
LiMg2Zn2In2Ga_id344_E-1.98.cif,LiMg2Zn2In2Ga,-1.9764,0.0,Metal,P4/mmm,123,8
ZnGa_id2787_E-1.98.cif,ZnGa,-1.9756,0.0,Metal,Aea2,41,24
NaBeZnIn2_id3737_E-1.98.cif,NaBeZnIn2,-1.9752,0.0,Metal,P4/mmm,123,20
Li2CdIn_id2482_E-1.97.cif,Li2CdIn,-1.9708,0.0,Metal,C2/m,12,8
BaMg2In_id3250_E-1.97.cif,BaMg2In,-1.97,0.0,Metal,P4/mmm,123,16
Sr2ZnGaSn2_id3552_E-1.97.cif,Sr2ZnGaSn2,-1.969,0.0,Metal,P4/mbm,127,12
Ca2In5_id3240_E-1.97.cif,Ca2In5,-1.966,0.0,Metal,Fmmm,69,28
K2Zn5(Ga5As)2_id1534_E-1.96.cif,K2Zn5(Ga5As)2,-1.9649,0.0,Metal,P2_12_12,18,38
AlZn11S4_id3063_E-1.96.cif,AlZn11S4,-1.9645,1.862,Semiconductor,P-42c,112,32
Al_id3362_E-1.96.cif,Al,-1.9638,0.0,Metal,Pm-3n,223,12
CaMg6Sc_id212_E-1.96.cif,CaMg6Sc,-1.9631,0.006,Metal,I4/mmm,139,16
LiCa3MgGa6_id2820_E-1.96.cif,LiCa3MgGa6,-1.9626,0.0,Metal,Pm-3,200,11
BaMg6In5_id3114_E-1.96.cif,BaMg6In5,-1.9621,0.0,Metal,P-6m2,187,12
CaAl3Zn3Ga2_id960_E-1.96.cif,CaAl3Zn3Ga2,-1.9615,0.0,Metal,P6/mmm,191,9
Li2CdIn3_id4132_E-1.96.cif,Li2CdIn3,-1.9611,0.0,Metal,P4/mmm,123,6
CaMgIn_id908_E-1.96.cif,CaMgIn,-1.9606,0.0,Metal,Immm,71,6
Cd4In4Ge_id1645_E-1.96.cif,Cd4In4Ge,-1.9606,0.0,Metal,P-42_1c,114,18
SrAl(CdIn)4_id4855_E-1.96.cif,SrAl(CdIn)4,-1.9595,0.0,Metal,I-4m2,119,20
NaSr2Li4Ca4Sc_id2593_E-1.96.cif,NaSr2Li4Ca4Sc,-1.958,0.0,Metal,C2/m,12,24
NaInGa_id1041_E-1.96.cif,NaInGa,-1.9575,0.0,Metal,P-6m2,187,6
Li6MgIn7_id4070_E-1.96.cif,Li6MgIn7,-1.9574,0.0,Metal,Pm-3,200,14
AlZn_id717_E-1.96.cif,AlZn,-1.9574,0.0,Metal,P-42c,112,16
NaIn2_id1017_E-1.96.cif,NaIn2,-1.9568,0.073,Semiconductor,P4_2cm,101,24
Sr3AlCd_id2639_E-1.96.cif,Sr3AlCd,-1.9551,0.0,Metal,P4/mmm,123,20
Li13CdB_id2425_E-1.95.cif,Li13CdB,-1.9544,0.0,Metal,P-42c,112,30
In2Ga5_id2261_E-1.95.cif,In2Ga5,-1.952,0.0,Metal,P4/mmm,123,14
Li5(ZnGa)2_id4370_E-1.95.cif,Li5(ZnGa)2,-1.9503,0.0,Metal,Pm,6,9
LiAl3Zn_id2744_E-1.95.cif,LiAl3Zn,-1.9502,0.0,Metal,Pbcm,57,20
LiAl2(ZnGa)2_id1426_E-1.95.cif,LiAl2(ZnGa)2,-1.9471,0.0,Metal,Imm2,44,14
Ba4Li4Mg5Zn2(SnB)4_id2182_E-1.95.cif,Ba4Li4Mg5Zn2(SnB)4,-1.9471,0.0,Metal,P4_2/n,86,46
NaLi3Sn3Sb3Te2_id4024_E-1.95.cif,NaLi3Sn3Sb3Te2,-1.9462,0.982,Semiconductor,P3c1,158,24
Sr4ZnIn2_id1067_E-1.94.cif,Sr4ZnIn2,-1.9447,0.0,Metal,Fd-3m,227,56
LiAs2P_id1168_E-1.94.cif,LiAs2P,-1.9443,0.0,Metal,P4/mmm,123,8
Li2TiBeZn3InGaSn2SbTe7PSe_id992_E-1.94.cif,Li2TiBeZn3InGaSn2SbTe7PSe,-1.9443,1.409,Semiconductor,P1,1,21
Li3CaIn5_id506_E-1.94.cif,Li3CaIn5,-1.9441,0.0,Metal,P6/mmm,191,9
BaCa3_id4223_E-1.94.cif,BaCa3,-1.9414,0.0,Metal,Pm-3m,221,4
Li(ZnIn3)2_id4286_E-1.94.cif,Li(ZnIn3)2,-1.9409,0.0,Metal,P6/mmm,191,9
In11Ga_id4326_E-1.94.cif,In11Ga,-1.9403,0.529,Semiconductor,P2/m,10,12
Na2Li4Zn2Ga2Ge_id576_E-1.94.cif,Na2Li4Zn2Ga2Ge,-1.9392,0.004,Metal,Cccm,66,44
CdGa_id4149_E-1.94.cif,CdGa,-1.9375,0.0,Metal,I4_1/amd,141,8
TiZn2_id2107_E-1.94.cif,TiZn2,-1.9373,1.945,Semiconductor,P4/nmm,129,12
Ba6CaSiB_id3952_E-1.94.cif,Ba6CaSiB,-1.9352,0.0,Metal,Amm2,38,18
K3In2Si_id3718_E-1.93.cif,K3In2Si,-1.9348,0.009,Metal,P2,3,48
Zn2In2Ga_id4885_E-1.93.cif,Zn2In2Ga,-1.9344,0.0,Metal,P2/c,13,10
Mg3ScGa_id3599_E-1.93.cif,Mg3ScGa,-1.9338,0.0,Metal,P-31m,162,15
Li5Zn3Ga2_id1427_E-1.93.cif,Li5Zn3Ga2,-1.9337,0.0,Metal,P6/mmm,191,10
Li6Ca5Mg9SiSn_id3452_E-1.93.cif,Li6Ca5Mg9SiSn,-1.9336,0.0,Metal,P-6m2,187,22
Li2Mg3(CdGa2)2_id2076_E-1.93.cif,Li2Mg3(CdGa2)2,-1.9325,0.0,Metal,P-1,2,11
K4MgAl2Ga5_id1322_E-1.93.cif,K4MgAl2Ga5,-1.9305,0.0,Metal,P-42c,112,24
Mg2In_id1106_E-1.93.cif,Mg2In,-1.9293,0.0,Metal,Fm-3m,225,12
Zn2SnTe_id255_E-1.93.cif,Zn2SnTe,-1.929,0.0,Metal,I4/mmm,139,8
Li3Cd4Ga3_id3104_E-1.93.cif,Li3Cd4Ga3,-1.9282,0.0,Metal,I-43d,220,40
Mg2Ga5_id1811_E-1.93.cif,Mg2Ga5,-1.9277,0.0,Metal,Cmmm,65,14
LiCa(Zn2Si)4_id646_E-1.93.cif,LiCa(Zn2Si)4,-1.9266,0.0,Metal,I422,97,28
Mg4GaSi_id1502_E-1.93.cif,Mg4GaSi,-1.9258,0.0,Metal,I4_1/a,88,24
BaGa2_id2911_E-1.93.cif,BaGa2,-1.9254,0.0,Metal,P6_122,178,18
MgInSn_id494_E-1.92.cif,MgInSn,-1.925,0.0,Metal,Imma,74,24
K2Na2SrGaSiSn_id1220_E-1.92.cif,K2Na2SrGaSiSn,-1.9248,0.0,Metal,Amm2,38,16
Ga_id1608_E-1.92.cif,Ga,-1.9239,0.0,Metal,P6/mmm,191,20
Na5Cd2(InTe)2_id3285_E-1.92.cif,Na5Cd2(InTe)2,-1.9218,0.184,Semiconductor,P3_112,151,33
CaMg4Te_id876_E-1.92.cif,CaMg4Te,-1.9212,0.083,Semiconductor,I4_1/a,88,24
Li3Ca4Mg_id4780_E-1.92.cif,Li3Ca4Mg,-1.9212,0.0,Metal,Im-3m,229,16
CdIn2_id3238_E-1.92.cif,CdIn2,-1.9211,0.0,Metal,Pbcn,60,12
K3Al2(GaSi)2_id826_E-1.92.cif,K3Al2(GaSi)2,-1.9208,0.0,Metal,I-4c2,120,36
Mg3CdInSn_id94_E-1.92.cif,Mg3CdInSn,-1.9197,0.0,Metal,Pmmm,47,6
Cd2In3_id244_E-1.92.cif,Cd2In3,-1.9192,0.0,Metal,Cmce,64,20
ScZn6_id3157_E-1.92.cif,ScZn6,-1.9189,0.0,Metal,P4/ncc,130,28
Na2SrIn2Ga_id4183_E-1.92.cif,Na2SrIn2Ga,-1.9187,0.0,Metal,P622,177,36
Ca3Zn2CdIn4_id1559_E-1.92.cif,Ca3Zn2CdIn4,-1.9183,0.0,Metal,P6_122,178,60
CdGa_id1433_E-1.92.cif,CdGa,-1.9183,0.0,Metal,P4/mmm,123,4
Mg(AlZn)2_id2529_E-1.92.cif,Mg(AlZn)2,-1.9182,0.0,Metal,I4/mcm,140,20
Mg3In_id2444_E-1.92.cif,Mg3In,-1.9181,0.018,Metal,Pm-3n,223,8
BaCa_id3990_E-1.92.cif,BaCa,-1.917,0.0,Metal,Pm-3m,221,16
BaMg5Al_id3411_E-1.92.cif,BaMg5Al,-1.9154,0.0,Metal,I-4m2,119,14
AlZn_id1189_E-1.92.cif,AlZn,-1.9153,0.0,Metal,Aem2,39,8
LiCa2Zn_id2417_E-1.91.cif,LiCa2Zn,-1.9147,0.0,Metal,Fm-3m,225,16
LiMg6Al_id1930_E-1.91.cif,LiMg6Al,-1.9129,0.0,Metal,Fm-3m,225,32
Mg3(ZnGa2)2_id4238_E-1.91.cif,Mg3(ZnGa2)2,-1.9128,0.0,Metal,Cmce,64,36
Na2Li2Te3_id4945_E-1.91.cif,Na2Li2Te3,-1.9117,0.052,Semiconductor,I4_132,214,28
CdGa_id3008_E-1.91.cif,CdGa,-1.911,0.0,Metal,P4/nmm,129,8
KCdIn2_id1331_E-1.91.cif,KCdIn2,-1.9105,0.0,Metal,Immm,71,8
Li3Ca4Zn_id1889_E-1.91.cif,Li3Ca4Zn,-1.9102,0.0,Metal,Im-3m,229,16
In12Sn_id602_E-1.91.cif,In12Sn,-1.9096,0.0,Metal,P6/mmm,191,13
Li(AlIn2)3_id2260_E-1.91.cif,Li(AlIn2)3,-1.909,0.0,Metal,Im-3m,229,20
MgAlGa2_id1436_E-1.91.cif,MgAlGa2,-1.9088,0.0,Metal,P4/mmm,123,8
BaBeAlGa2_id3056_E-1.91.cif,BaBeAlGa2,-1.9085,0.0,Metal,Pcc2,27,20
Mg5Al4Cd_id1367_E-1.91.cif,Mg5Al4Cd,-1.9081,0.005,Metal,P6_3/mcm,193,20
LiIn3_id1066_E-1.91.cif,LiIn3,-1.908,0.0,Metal,Pnnn,48,16
K9Na4Li(AsO)3_id645_E-1.91.cif,K9Na4Li(AsO)3,-1.9077,0.0,Metal,P31m,157,20
Mg3InGa3_id1728_E-1.91.cif,Mg3InGa3,-1.9063,0.0,Metal,Pm-3n,223,14
LiCa2Cd_id1980_E-1.91.cif,LiCa2Cd,-1.9063,0.0,Metal,Fm-3m,225,16
Li4Ga_id3144_E-1.91.cif,Li4Ga,-1.9061,0.103,Semiconductor,Pn-3n,222,60
Be2Zn2B_id253_E-1.91.cif,Be2Zn2B,-1.9057,0.0,Metal,I4/mmm,139,20
CdIn4_id4366_E-1.90.cif,CdIn4,-1.9049,0.0,Metal,I4_1/a,88,20
Al_id1006_E-1.90.cif,Al,-1.9044,0.0,Metal,P4/m,83,14
Li9Al12ZnCd8_id1922_E-1.90.cif,Li9Al12ZnCd8,-1.9038,0.0,Metal,I422,97,60
KBe2BAs2_id1119_E-1.90.cif,KBe2BAs2,-1.9031,0.395,Semiconductor,P6_422,181,18
Mg2Cd4In2Sn3_id1597_E-1.90.cif,Mg2Cd4In2Sn3,-1.8989,0.0,Metal,Cmce,64,44
Ba3Ca_id532_E-1.90.cif,Ba3Ca,-1.8975,0.0,Metal,Fm-3m,225,16
Zn2Ga5_id4532_E-1.90.cif,Zn2Ga5,-1.8971,0.0,Metal,Immm,71,14
ZnIn_id2731_E-1.90.cif,ZnIn,-1.8966,0.0,Metal,I4/mmm,139,4
Zn3In4_id4849_E-1.89.cif,Zn3In4,-1.8946,0.0,Metal,I-43d,220,28
NaZn2Sb_id425_E-1.89.cif,NaZn2Sb,-1.8945,0.0,Metal,P4_2/mmc,131,8
LiZn4Cd(In2Ga)2_id3648_E-1.89.cif,LiZn4Cd(In2Ga)2,-1.8938,0.0,Metal,P-42c,112,24
Ba3Ca_id3995_E-1.89.cif,Ba3Ca,-1.8934,0.0,Metal,P4/mmm,123,16
K(NaGe)3_id356_E-1.89.cif,K(NaGe)3,-1.8933,0.024,Metal,P4_332,212,28
Na2Ga_id2392_E-1.89.cif,Na2Ga,-1.893,0.002,Metal,I4/mmm,139,12
ZnGa5Si_id4713_E-1.89.cif,ZnGa5Si,-1.8927,0.0,Metal,P-42m,111,7
BaNaZnCd2GaSn4GeSb_id3616_E-1.89.cif,BaNaZnCd2GaSn4GeSb,-1.8923,0.0,Metal,P3_1,144,36
Mg6AlGa2_id2965_E-1.89.cif,Mg6AlGa2,-1.8904,0.0,Metal,P6/mmm,191,18
BaCd2In_id2649_E-1.89.cif,BaCd2In,-1.8903,0.0,Metal,Fm-3m,225,16
LiCa4Zn3_id219_E-1.89.cif,LiCa4Zn3,-1.8889,0.0,Metal,Im-3m,229,16
Ba2P2O3_id3229_E-1.89.cif,Ba2P2O3,-1.8881,2.679,Semiconductor,P-42_1m,113,14
Sr2Al(Zn2In)2_id3379_E-1.89.cif,Sr2Al(Zn2In)2,-1.8875,0.0,Metal,I4/mcm,140,36
Ca2Mg2Al_id940_E-1.89.cif,Ca2Mg2Al,-1.886,0.0,Metal,P4/mnc,128,20
Cd2Te_id1475_E-1.89.cif,Cd2Te,-1.886,0.242,Semiconductor,P2_12_12_1,19,12
Ca2Te3_id3726_E-1.88.cif,Ca2Te3,-1.8842,0.0,Metal,P4_332,212,20
Li3Al(Zn2Ga)2_id2484_E-1.88.cif,Li3Al(Zn2Ga)2,-1.884,0.0,Metal,P-4m2,115,10
Li2ZnCdSiTe_id1193_E-1.88.cif,Li2ZnCdSiTe,-1.881,0.0,Metal,P4_2nm,102,12
Ca2Cd_id1123_E-1.88.cif,Ca2Cd,-1.881,0.0,Metal,I4/mmm,139,12
LiCd4Ga3_id4259_E-1.88.cif,LiCd4Ga3,-1.8772,0.0,Metal,Im-3m,229,16
ZnCd3GeSe3_id1957_E-1.87.cif,ZnCd3GeSe3,-1.8738,0.0,Metal,P3m1,156,8
Zn3Ga2_id1540_E-1.87.cif,Zn3Ga2,-1.8724,0.0,Metal,Cmce,64,20
KLi2Al2Zn4Cd2Ga_id2838_E-1.87.cif,KLi2Al2Zn4Cd2Ga,-1.87,0.0,Metal,P-3m1,164,12
Li2Al2Zn2Ga5_id1111_E-1.87.cif,Li2Al2Zn2Ga5,-1.8677,0.0,Metal,P4_2/m,84,22
CaZn_id1020_E-1.87.cif,CaZn,-1.8658,0.0,Metal,Pm-3m,221,16
LiMg4(ZnGa)4_id1554_E-1.87.cif,LiMg4(ZnGa)4,-1.865,0.0,Metal,P4_2/n,86,26
Zn6CdIn3(Ga3Sn2)2_id1344_E-1.86.cif,Zn6CdIn3(Ga3Sn2)2,-1.8644,0.0,Metal,P-6m2,187,20
CaMg_id1820_E-1.86.cif,CaMg,-1.8636,0.0,Metal,Pm-3m,221,16
LiCd2InGa_id945_E-1.86.cif,LiCd2InGa,-1.8633,0.0,Metal,C2/m,12,10
LiMg3Cd3(In5Sn2)2_id2007_E-1.86.cif,LiMg3Cd3(In5Sn2)2,-1.8619,0.0,Metal,P1,1,21
SrCdIn_id1201_E-1.86.cif,SrCdIn,-1.8613,0.0,Metal,Immm,71,6
Ga_id3377_E-1.86.cif,Ga,-1.8607,0.0,Metal,Pm-3n,223,12
Ga_id973_E-1.86.cif,Ga,-1.8601,0.0,Metal,P4/m,83,12
Zn5Ga3_id3729_E-1.86.cif,Zn5Ga3,-1.8601,0.0,Metal,Pbam,55,16
Zn9O2_id4091_E-1.86.cif,Zn9O2,-1.8599,0.0,Metal,Pba2,32,22
CaMg12Al3Ga2_id3029_E-1.86.cif,CaMg12Al3Ga2,-1.8595,0.0,Metal,P6/mmm,191,18
ZnGa_id2996_E-1.86.cif,ZnGa,-1.8588,0.0,Metal,Pmmm,47,4
Ba2Ca12N_id2032_E-1.86.cif,Ba2Ca12N,-1.857,0.0,Metal,Pn-3,201,30
MgZn8Ga2SnGe2_id2658_E-1.86.cif,MgZn8Ga2SnGe2,-1.8567,0.0,Metal,I422,97,28
Ga_id1792_E-1.86.cif,Ga,-1.8559,0.0,Metal,Pm-3n,223,12
Li2Mg2As3_id4637_E-1.86.cif,Li2Mg2As3,-1.8555,0.02,Metal,P4/mmm,123,14
Mg3Ga_id1171_E-1.85.cif,Mg3Ga,-1.8536,0.0,Metal,P6_3/mmc,194,8
Li2AlZnGa_id2068_E-1.85.cif,Li2AlZnGa,-1.8535,0.0,Metal,P4_2cm,101,40
Li4Mg2Al2O_id413_E-1.85.cif,Li4Mg2Al2O,-1.8506,0.0,Metal,Pccn,56,36
K4Sb3(Te3Se2)2_id637_E-1.85.cif,K4Sb3(Te3Se2)2,-1.8486,0.365,Semiconductor,C2,5,34
Li4In11Ga_id2577_E-1.85.cif,Li4In11Ga,-1.8486,0.0,Metal,P-62m,189,16
Al5Zn2_id437_E-1.85.cif,Al5Zn2,-1.8486,0.0,Metal,I422,97,28
Li4Mg8Ga4BSb4P_id276_E-1.85.cif,Li4Mg8Ga4BSb4P,-1.8475,0.0,Metal,P4,75,22
Al3Zn4Ga5_id2899_E-1.85.cif,Al3Zn4Ga5,-1.8463,0.0,Metal,P6_2,171,36
Mg4Al_id3064_E-1.84.cif,Mg4Al,-1.8439,0.0,Metal,R-3m,166,15
Zn6In3Ga4SiSnO3_id316_E-1.84.cif,Zn6In3Ga4SiSnO3,-1.8431,0.029,Metal,P-6,174,18
CaZn5Ga_id1103_E-1.84.cif,CaZn5Ga,-1.8414,0.0,Metal,I-4m2,119,14
Ba4Li3_id4486_E-1.84.cif,Ba4Li3,-1.839,0.0,Metal,I-43d,220,28
Ca2ZnCd_id2095_E-1.84.cif,Ca2ZnCd,-1.8378,0.0,Metal,Fm-3m,225,16
Ca2ZnCd_id796_E-1.84.cif,Ca2ZnCd,-1.8378,0.0,Metal,Fm-3m,225,16
Li7Mg2Sn_id936_E-1.84.cif,Li7Mg2Sn,-1.8365,0.0,Metal,P4/mmm,123,10
Na2CaSc2InGa_id2193_E-1.84.cif,Na2CaSc2InGa,-1.835,0.4,Semiconductor,P4/nmm,129,14
NaCd2In3_id3839_E-1.83.cif,NaCd2In3,-1.8344,0.0,Metal,R-3m,166,18
Li6Zn_id103_E-1.83.cif,Li6Zn,-1.8332,0.065,Semiconductor,Fm-3m,225,28
NaCdGa2_id1402_E-1.83.cif,NaCdGa2,-1.8304,0.0,Metal,P-3m1,164,4
BaNa9SrLi3Ga2Sb(AsP)2_id4957_E-1.83.cif,BaNa9SrLi3Ga2Sb(AsP)2,-1.8278,0.0,Metal,P1,1,21
Li2Mg2In_id2505_E-1.83.cif,Li2Mg2In,-1.8278,0.0,Metal,P6_3/mcm,193,20
CaMg_id4819_E-1.82.cif,CaMg,-1.8247,0.0,Metal,I4_1/amd,141,8
KMgGa_id4683_E-1.82.cif,KMgGa,-1.8237,0.0,Metal,P4_122,91,12
Ca2Mg5Sc_id3741_E-1.82.cif,Ca2Mg5Sc,-1.8226,0.0,Metal,I4/mmm,139,16
Li5CdGa_id4669_E-1.82.cif,Li5CdGa,-1.819,0.0,Metal,P4_2/mmc,131,14
Na8Li3AlIn6_id755_E-1.82.cif,Na8Li3AlIn6,-1.8181,0.0,Metal,I-43m,217,36
LiZn5GaSn_id4656_E-1.82.cif,LiZn5GaSn,-1.8178,0.0,Metal,Imma,74,32
BaLi4Ca3Zn4_id1963_E-1.82.cif,BaLi4Ca3Zn4,-1.8166,3.771,Insulator,I-43m,217,24
NaAlZn2Ga3_id1485_E-1.82.cif,NaAlZn2Ga3,-1.8163,0.0,Metal,Pmma,51,14
Mg4CdGa4_id1876_E-1.82.cif,Mg4CdGa4,-1.8161,0.0,Metal,Pmna,53,36
Mg2Si_id3051_E-1.82.cif,Mg2Si,-1.8157,0.0,Metal,P4_332,212,12
Na7CaGa6_id3534_E-1.82.cif,Na7CaGa6,-1.8152,0.0,Metal,P-31c,163,28
MgGa_id1757_E-1.81.cif,MgGa,-1.8143,0.0,Metal,F-43m,216,8
Li2Mg(CdIn)2_id3060_E-1.81.cif,Li2Mg(CdIn)2,-1.8142,0.0,Metal,C2/m,12,14
Ba2Ca_id2109_E-1.81.cif,Ba2Ca,-1.814,0.0,Metal,P4/mmm,123,6
KNa8Li(GaGe2)2_id158_E-1.81.cif,KNa8Li(GaGe2)2,-1.8118,0.0,Metal,I-42m,121,32
Ca4Mg3_id2888_E-1.81.cif,Ca4Mg3,-1.8112,0.0,Metal,I-43d,220,28
KGa_id3918_E-1.81.cif,KGa,-1.8111,0.232,Semiconductor,Pcc2,27,8
Ca_id2029_E-1.81.cif,Ca,-1.8108,0.0,Metal,P2_12_12_1,19,12
CaMg6Al3Zn2_id885_E-1.81.cif,CaMg6Al3Zn2,-1.809,0.0,Metal,P6/mmm,191,12
Ga_id281_E-1.81.cif,Ga,-1.8089,0.0,Metal,Ibca,73,48
Mg3Sc4Cd_id4724_E-1.81.cif,Mg3Sc4Cd,-1.8075,0.0,Metal,C222,21,32
Li4Mg4Cd2GaGe_id2237_E-1.81.cif,Li4Mg4Cd2GaGe,-1.8073,2.679,Semiconductor,Amm2,38,24
Ba6LiMg_id1248_E-1.81.cif,Ba6LiMg,-1.8068,0.0,Metal,Fm-3m,225,32
ZnGa_id2402_E-1.80.cif,ZnGa,-1.8046,0.0,Metal,F-43m,216,8
Ca_id1786_E-1.80.cif,Ca,-1.8045,0.0,Metal,Cmmm,65,12
Li2Mg2Ga3_id462_E-1.80.cif,Li2Mg2Ga3,-1.8022,0.0,Metal,Ccc2,37,28
BaLi2Mg2Be2Cd4Ga2Sn_id4454_E-1.80.cif,BaLi2Mg2Be2Cd4Ga2Sn,-1.8017,0.0,Metal,P4_322,95,56
Ba6Sr_id596_E-1.80.cif,Ba6Sr,-1.8014,0.0,Metal,Fm-3m,225,28
Ba6Sr_id4813_E-1.80.cif,Ba6Sr,-1.8014,0.0,Metal,Fm-3m,225,28
Ga_id3604_E-1.80.cif,Ga,-1.8005,0.0,Metal,P4_2/m,84,14
NaSrLiBe2Zn3InGaSn_id4199_E-1.80.cif,NaSrLiBe2Zn3InGaSn,-1.8001,0.0,Metal,P4_3,78,44
SrCa5_id1048_E-1.80.cif,SrCa5,-1.8,0.0,Metal,P6/mmm,191,6
Mg2In_id4008_E-1.80.cif,Mg2In,-1.7989,0.0,Metal,Pa-3,205,12
Ca_id3033_E-1.80.cif,Ca,-1.7984,0.0,Metal,P-31m,162,12
BaMg_id4234_E-1.80.cif,BaMg,-1.7965,0.0,Metal,Pm-3m,221,16
BaMg_id1324_E-1.80.cif,BaMg,-1.7965,0.0,Metal,Pm-3m,221,16
Li6In7_id2009_E-1.80.cif,Li6In7,-1.7964,0.0,Metal,Pm-3,200,13
Ca_id4896_E-1.80.cif,Ca,-1.7955,0.0,Metal,P-31m,162,12
LiMg3In4_id4423_E-1.80.cif,LiMg3In4,-1.795,0.0,Metal,P4_2/m,84,16
Li2Mg2Al_id3091_E-1.79.cif,Li2Mg2Al,-1.7944,0.0,Metal,Pbca,61,20
MgCdGa_id1809_E-1.79.cif,MgCdGa,-1.7936,0.0,Metal,F-43m,216,12
Al3Cd3In_id4822_E-1.79.cif,Al3Cd3In,-1.7926,0.0,Metal,Pm-3n,223,14
Li4Al2Ga_id2579_E-1.79.cif,Li4Al2Ga,-1.7903,0.0,Metal,P4/mmm,123,28
Na2Mg5Se2_id2424_E-1.79.cif,Na2Mg5Se2,-1.79,0.0,Metal,C222,21,18
Ga5Ge2_id3645_E-1.79.cif,Ga5Ge2,-1.789,0.0,Metal,I2_12_12_1,24,28
Mg2Zn4Ga3Sn_id1666_E-1.79.cif,Mg2Zn4Ga3Sn,-1.7886,0.0,Metal,P2_1/m,11,20
BaNaGe_id2924_E-1.79.cif,BaNaGe,-1.7883,0.0,Metal,P4_2mc,105,12
Cd(In3Sn)3_id491_E-1.79.cif,Cd(In3Sn)3,-1.7881,0.051,Semiconductor,P-6m2,187,13
ScZn2_id3566_E-1.79.cif,ScZn2,-1.7879,0.0,Metal,P6_3/mcm,193,24
Li2ZnCd3In4_id4768_E-1.79.cif,Li2ZnCd3In4,-1.7869,0.0,Metal,P4_2/nmc,137,20
Li2Zn2Cd2Ga5_id4524_E-1.79.cif,Li2Zn2Cd2Ga5,-1.7861,0.0,Metal,P-1,2,22
Ba4Mg3Cd_id4787_E-1.78.cif,Ba4Mg3Cd,-1.7843,0.0,Metal,Im-3m,229,16
LiMg4AlGa2_id4654_E-1.78.cif,LiMg4AlGa2,-1.7827,0.012,Metal,Pm,6,16
LiMg3In2_id1467_E-1.78.cif,LiMg3In2,-1.7825,0.0,Metal,P6/mmm,191,24
MgGa2Ge_id4973_E-1.78.cif,MgGa2Ge,-1.7825,0.0,Metal,I4/mmm,139,8
ScCd_id4325_E-1.78.cif,ScCd,-1.7783,0.0,Metal,P6/mmm,191,6
CdIn_id2176_E-1.78.cif,CdIn,-1.7766,0.0,Metal,P4/nmm,129,8
LiAlZn4_id1336_E-1.78.cif,LiAlZn4,-1.776,0.0,Metal,I422,97,12
MgScCd6_id562_E-1.78.cif,MgScCd6,-1.7759,0.0,Metal,Pm-3,200,8
NaSrMg2(Cd2Sn)2_id4626_E-1.78.cif,NaSrMg2(Cd2Sn)2,-1.7759,0.01,Metal,I4/mmm,139,20
Zn4Ge_id1885_E-1.77.cif,Zn4Ge,-1.7749,0.0,Metal,P-42_1c,114,10
Ba6LiTiGa2_id4595_E-1.77.cif,Ba6LiTiGa2,-1.7746,0.0,Metal,P42_12,90,20
Ba6SrIn_id373_E-1.77.cif,Ba6SrIn,-1.7732,0.0,Metal,P-31c,163,16
LiGa2_id3867_E-1.77.cif,LiGa2,-1.7709,0.0,Metal,P4_122,91,12
LiMg7In4_id2277_E-1.77.cif,LiMg7In4,-1.7703,0.0,Metal,P4_2/m,84,24
BeAlGa2_id3204_E-1.77.cif,BeAlGa2,-1.77,0.0,Metal,P6_222,180,12
NaCd2Sn_id941_E-1.77.cif,NaCd2Sn,-1.7698,0.0,Metal,I-42d,122,16
Mg2ScZnIn2_id4583_E-1.77.cif,Mg2ScZnIn2,-1.7695,0.0,Metal,P6_5,170,36
Ba4Mg2CdIn2_id2414_E-1.77.cif,Ba4Mg2CdIn2,-1.7694,2.242,Semiconductor,P4_22_12,94,18
Li4Zn7Ga2_id2959_E-1.77.cif,Li4Zn7Ga2,-1.7672,0.0,Metal,P-6m2,187,13
K7Na3Li6Cd2Ga2Sn2(SeS3)2_id4173_E-1.77.cif,K7Na3Li6Cd2Ga2Sn2(SeS3)2,-1.7672,2.861,Semiconductor,P1,1,60
KIn2Ga_id249_E-1.77.cif,KIn2Ga,-1.7657,0.0,Metal,P4_12_12,92,32
KLi6Te_id2647_E-1.76.cif,KLi6Te,-1.7647,0.0,Metal,R-3,148,24
ZnGa2_id2938_E-1.76.cif,ZnGa2,-1.7646,0.0,Metal,Cmcm,63,12
Be3Ga4Ge_id2326_E-1.76.cif,Be3Ga4Ge,-1.7639,0.0,Metal,P42_12,90,16
Na2Mg4AlGa2_id649_E-1.76.cif,Na2Mg4AlGa2,-1.763,0.0,Metal,Cmce,64,36
NaLi(CdIn)2_id3608_E-1.76.cif,NaLi(CdIn)2,-1.7623,0.0,Metal,R-3m,166,18
Ba_id3134_E-1.76.cif,Ba,-1.7616,0.0,Metal,Ibca,73,24
CdIn_id1391_E-1.76.cif,CdIn,-1.7612,0.0,Metal,P4/mmm,123,8
ZnIn_id22_E-1.76.cif,ZnIn,-1.7599,0.0,Metal,I4_1/acd,142,32
Li3Mg3(CdSn)2_id3924_E-1.76.cif,Li3Mg3(CdSn)2,-1.7598,0.0,Metal,Pbam,55,20
Ba13Ca9_id3017_E-1.76.cif,Ba13Ca9,-1.7587,0.0,Metal,Pm-3m,221,22
Li(MgSn)2_id4440_E-1.76.cif,Li(MgSn)2,-1.7573,0.207,Semiconductor,P6_222,180,15
BaMg(CdIn)3_id4178_E-1.76.cif,BaMg(CdIn)3,-1.7566,0.0,Metal,Pm-3m,221,8
BaCdSb2_id2239_E-1.75.cif,BaCdSb2,-1.7541,0.0,Metal,Aea2,41,16
CdIn2_id1986_E-1.75.cif,CdIn2,-1.7539,0.0,Metal,P2_12_12_1,19,12
BaCd_id743_E-1.75.cif,BaCd,-1.7524,0.0,Metal,Pm-3m,221,16
LiScCd6_id2756_E-1.75.cif,LiScCd6,-1.7516,0.0,Metal,P-31c,163,16
Na7Mg3Cd2SnGeAs_id3034_E-1.75.cif,Na7Mg3Cd2SnGeAs,-1.751,0.094,Semiconductor,P2_12_12_1,19,60
Mg(ZnGa)3_id2449_E-1.75.cif,Mg(ZnGa)3,-1.7503,0.0,Metal,C2/m,12,14
Ba2NaCa_id2575_E-1.75.cif,Ba2NaCa,-1.7491,0.0,Metal,Fm-3m,225,16
ZnGa_id3089_E-1.75.cif,ZnGa,-1.7486,0.0,Metal,P4_32_12,96,8
LiZnGe2_id1614_E-1.75.cif,LiZnGe2,-1.7481,0.0,Metal,P6/mmm,191,8
Ba3Al3Zn3Cd2In3Sn2_id3406_E-1.75.cif,Ba3Al3Zn3Cd2In3Sn2,-1.7477,0.0,Metal,P-6m2,187,16
LiCdGa3_id2726_E-1.75.cif,LiCdGa3,-1.7472,0.0,Metal,Pccm,49,10
Ba2ZnCd_id2811_E-1.75.cif,Ba2ZnCd,-1.7464,0.0,Metal,Fm-3m,225,16
LiMgCdIn_id4347_E-1.74.cif,LiMgCdIn,-1.7444,0.0,Metal,P-1,2,8
LiAlZn4_id4384_E-1.74.cif,LiAlZn4,-1.7436,0.0,Metal,I422,97,12
CaMg3_id1518_E-1.74.cif,CaMg3,-1.7417,0.0,Metal,Pm-3m,221,32
BaNa6SrSb_id3923_E-1.74.cif,BaNa6SrSb,-1.7412,0.0,Metal,P312,149,9
LiCd2InSn_id2983_E-1.74.cif,LiCd2InSn,-1.7411,0.0,Metal,Cmmm,65,10
MgAlZn_id4963_E-1.74.cif,MgAlZn,-1.741,0.0,Metal,Cmcm,63,12
ZnCdO30_id1128_E-1.74.cif,ZnCdO30,-1.7406,1.185,Semiconductor,P23,195,32
MgAlIn_id3274_E-1.74.cif,MgAlIn,-1.7404,0.179,Semiconductor,P4/mmm,123,12
MgCdAs2_id1900_E-1.74.cif,MgCdAs2,-1.7403,0.0,Metal,Pccm,49,8
LiCdSn_id3830_E-1.74.cif,LiCdSn,-1.7392,0.0,Metal,Pm,6,6
KGa3_id3447_E-1.74.cif,KGa3,-1.7383,0.0,Metal,P4_122,91,16
Mg2Cd2In5_id318_E-1.74.cif,Mg2Cd2In5,-1.7379,0.0,Metal,P4_22_12,94,18
Ba4Ca3_id993_E-1.74.cif,Ba4Ca3,-1.7374,0.0,Metal,C2/m,12,14
KBaNa2CaInSb_id1960_E-1.74.cif,KBaNa2CaInSb,-1.7369,0.025,Metal,P6_5,170,42
Al2CdIn4Ga3_id5000_E-1.74.cif,Al2CdIn4Ga3,-1.7362,0.0,Metal,P4/mmm,123,20
Li6ScZnCd_id4889_E-1.74.cif,Li6ScZnCd,-1.7361,0.0,Metal,P2_1/m,11,18
LiAlZn4_id93_E-1.74.cif,LiAlZn4,-1.7354,0.0,Metal,P42_12,90,12
AlZn4Cd2In4GaAs2_id1548_E-1.73.cif,AlZn4Cd2In4GaAs2,-1.7349,0.0,Metal,I422,97,28
Na2MgIn_id4222_E-1.73.cif,Na2MgIn,-1.7327,0.0,Metal,Fm-3m,225,16
BaCd2(In3Ga)3_id1730_E-1.73.cif,BaCd2(In3Ga)3,-1.7327,0.0,Metal,P6/mmm,191,15
Li4Zn3_id2305_E-1.73.cif,Li4Zn3,-1.7326,0.0,Metal,Im-3m,229,14
Ba2CaZn_id4651_E-1.73.cif,Ba2CaZn,-1.7322,0.0,Metal,Fm-3m,225,16
Li(ZnGe)2_id929_E-1.73.cif,Li(ZnGe)2,-1.732,0.0,Metal,P4_322,95,20
Sr2LiMg_id616_E-1.73.cif,Sr2LiMg,-1.7309,0.0,Metal,Fm-3m,225,16
Sr2LiMg_id1352_E-1.73.cif,Sr2LiMg,-1.7309,0.0,Metal,Fm-3m,225,16
Li4Cd3_id4165_E-1.73.cif,Li4Cd3,-1.7299,0.0,Metal,Ia-3,206,56
Na3Mg2In2GaSnGe_id1003_E-1.73.cif,Na3Mg2In2GaSnGe,-1.7297,0.0,Metal,Fmm2,42,40
CaMg_id108_E-1.73.cif,CaMg,-1.7294,0.0,Metal,Ibca,73,16
BaLiAlZn2_id3502_E-1.73.cif,BaLiAlZn2,-1.729,0.0,Metal,P4/mmm,123,20
KBa2CaCd4Ga_id1159_E-1.73.cif,KBa2CaCd4Ga,-1.7287,0.0,Metal,I4mm,107,18
Li4Mg4Al(Zn2Ga)4_id2626_E-1.73.cif,Li4Mg4Al(Zn2Ga)4,-1.7259,0.219,Semiconductor,P-42_1c,114,42
Ba7Cd_id2356_E-1.73.cif,Ba7Cd,-1.7258,0.0,Metal,P-31c,163,16
Li4Cd2Sn_id4682_E-1.73.cif,Li4Cd2Sn,-1.7254,0.0,Metal,P4_2/nnm,134,14
Li6Mg5Al3Zn2_id3951_E-1.72.cif,Li6Mg5Al3Zn2,-1.7234,0.0,Metal,P-6m2,187,16
Al(ZnGa)2_id3503_E-1.72.cif,Al(ZnGa)2,-1.7232,0.0,Metal,I4/mmm,139,20
Li(AlGa6)2_id4314_E-1.72.cif,Li(AlGa6)2,-1.7224,0.0,Metal,P4/mnc,128,30
Sr4(LiCa)3_id4836_E-1.72.cif,Sr4(LiCa)3,-1.7217,0.0,Metal,I-43d,220,40
K2In5GaSn_id4797_E-1.72.cif,K2In5GaSn,-1.7213,0.0,Metal,P3m1,156,9
K3Sc_id2963_E-1.72.cif,K3Sc,-1.7203,0.0,Metal,R-3,148,24
Zn(CdGa)2_id4992_E-1.72.cif,Zn(CdGa)2,-1.7194,0.0,Metal,Ibam,72,20
MgCd2Sn_id3442_E-1.72.cif,MgCd2Sn,-1.7187,0.0,Metal,P4/mmm,123,8
Zn2Cd3GaGe2_id4866_E-1.72.cif,Zn2Cd3GaGe2,-1.7186,0.0,Metal,Pbam,55,16
LiBeZn4Ga10Si_id336_E-1.72.cif,LiBeZn4Ga10Si,-1.7175,0.074,Semiconductor,P1,1,34
Ca_id4157_E-1.72.cif,Ca,-1.7167,0.0,Metal,P4_2/nmc,137,14
BeZn2_id3572_E-1.72.cif,BeZn2,-1.7156,0.0,Metal,P6_222,180,9
Cd2Sn_id2705_E-1.71.cif,Cd2Sn,-1.7149,0.0,Metal,P4/nnc,126,24
CaMg3AlZnGa3SiSb4Te3_id4436_E-1.71.cif,CaMg3AlZnGa3SiSb4Te3,-1.7146,0.043,Metal,P1,1,17
K6TiAlGaAs_id4862_E-1.71.cif,K6TiAlGaAs,-1.7118,0.0,Metal,P312,149,10
Na3Li6Ca3MgIn3_id2167_E-1.71.cif,Na3Li6Ca3MgIn3,-1.71,0.0,Metal,P6_3/m,176,32
K7MgInGa6_id995_E-1.71.cif,K7MgInGa6,-1.709,0.0,Metal,P-31c,163,30
Ba2NaMg_id1347_E-1.71.cif,Ba2NaMg,-1.7088,0.0,Metal,Fm-3m,225,16
LiCa2Mg3_id1184_E-1.71.cif,LiCa2Mg3,-1.7076,0.0,Metal,Cmmm,65,12
K3Ba4In2Ga_id4616_E-1.71.cif,K3Ba4In2Ga,-1.7069,0.0,Metal,P-6m2,187,10
Li4Mg2Cd2Si_id4253_E-1.71.cif,Li4Mg2Cd2Si,-1.7068,0.0,Metal,P6_5,170,54
Ca5(Cd2In)2_id2771_E-1.71.cif,Ca5(Cd2In)2,-1.7052,0.0,Metal,Cmce,64,44
Sr4LiMg3_id3733_E-1.71.cif,Sr4LiMg3,-1.705,0.0,Metal,Im-3m,229,16
NaGa_id4720_E-1.70.cif,NaGa,-1.7048,0.077,Semiconductor,P4_122,91,8
Li2Mg3Al_id1686_E-1.70.cif,Li2Mg3Al,-1.7034,0.0,Metal,Pbam,55,12
Li3(Zn2Sn)2_id3366_E-1.70.cif,Li3(Zn2Sn)2,-1.7028,0.0,Metal,Imma,74,36
Li2Mg2ScCd2_id4898_E-1.70.cif,Li2Mg2ScCd2,-1.7021,0.0,Metal,Pmmm,47,7
LiGeBO4_id3248_E-1.70.cif,LiGeBO4,-1.7015,0.776,Semiconductor,Pca2_1,29,28
Li2MgZn6CdGaSiSn_id3443_E-1.70.cif,Li2MgZn6CdGaSiSn,-1.7006,0.0,Metal,P4_3,78,52
NaMg(CdGa)2_id1759_E-1.70.cif,NaMg(CdGa)2,-1.7003,0.0,Metal,R-3m,166,18
Mg(ScCd4)2_id4964_E-1.70.cif,Mg(ScCd4)2,-1.7002,0.0,Metal,P4_2/mbc,135,44
Ba6Li5CaMg_id2447_E-1.70.cif,Ba6Li5CaMg,-1.6994,0.0,Metal,Amm2,38,26
Li2MgIn2_id307_E-1.70.cif,Li2MgIn2,-1.6991,0.0,Metal,P4_22_12,94,20
Ba_id3749_E-1.70.cif,Ba,-1.6989,0.0,Metal,I4_1/acd,142,16
Na2In_id3653_E-1.70.cif,Na2In,-1.6988,0.0,Metal,Pa-3,205,12
Li13Mg3Cd2(InSn)2_id1181_E-1.70.cif,Li13Mg3Cd2(InSn)2,-1.6985,0.0,Metal,P-1,2,22
NaLi12Cd6In_id4940_E-1.70.cif,NaLi12Cd6In,-1.6975,0.018,Metal,Pm-3,200,20
KCdIn_id1274_E-1.69.cif,KCdIn,-1.6947,0.0,Metal,P-6m2,187,3
Sr4CaMg3_id3651_E-1.69.cif,Sr4CaMg3,-1.6928,0.0,Metal,Im-3m,229,16
NaCdIn_id3015_E-1.69.cif,NaCdIn,-1.6907,0.0,Metal,F-43m,216,12
Li6Mg2Zn2Ga_id3350_E-1.69.cif,Li6Mg2Zn2Ga,-1.6907,0.0,Metal,Fmmm,69,44
Na2Li2CdSn2_id2363_E-1.69.cif,Na2Li2CdSn2,-1.6894,0.017,Metal,P-4m2,115,7
CdGa_id1702_E-1.69.cif,CdGa,-1.6887,0.0,Metal,P4_2/mmc,131,8
Ba2Na2(Zn2Ga)3_id4809_E-1.69.cif,Ba2Na2(Zn2Ga)3,-1.6885,0.0,Metal,Ccc2,37,52
Ba4LiMg3(Cd2In3)2_id248_E-1.69.cif,Ba4LiMg3(Cd2In3)2,-1.6882,0.0,Metal,P-1,2,18
Li2TiGa_id2769_E-1.69.cif,Li2TiGa,-1.6881,0.0,Metal,Pnnn,48,16
Li24Ti3Cd2Ga_id1258_E-1.69.cif,Li24Ti3Cd2Ga,-1.6867,0.017,Metal,P-62m,189,30
LiMgIn2_id4810_E-1.69.cif,LiMgIn2,-1.6858,0.0,Metal,P6_122,178,48
K11O2_id4538_E-1.68.cif,K11O2,-1.6836,1.476,Semiconductor,P6/mmm,191,13
Ca2Zn_id2520_E-1.68.cif,Ca2Zn,-1.6835,0.0,Metal,Pa-3,205,12
Mg8ScAl4In5_id4842_E-1.68.cif,Mg8ScAl4In5,-1.6834,0.0,Metal,Pmna,53,36
KIn3_id4784_E-1.68.cif,KIn3,-1.6804,0.0,Metal,Cmcm,63,16
Ba2Li2BeZn3_id1784_E-1.68.cif,Ba2Li2BeZn3,-1.6803,0.0,Metal,Ibam,72,32
Ba(LiIn)8_id633_E-1.68.cif,Ba(LiIn)8,-1.6801,0.0,Metal,P4_2/nmc,137,34
Zn2Sn_id4302_E-1.68.cif,Zn2Sn,-1.6793,0.0,Metal,Pn-3m,224,6
ZnGa_id2367_E-1.68.cif,ZnGa,-1.6788,0.0,Metal,Cmcm,63,8
CdIn_id3098_E-1.68.cif,CdIn,-1.6786,0.0,Metal,P6/mmm,191,12
CaMg3(TeSe3)2_id4771_E-1.68.cif,CaMg3(TeSe3)2,-1.6773,1.396,Semiconductor,Iba2,45,48
Cd6In9Ga2_id3985_E-1.68.cif,Cd6In9Ga2,-1.6769,0.0,Metal,P2_1/c,14,34
Li(Mg2In)3_id2165_E-1.68.cif,Li(Mg2In)3,-1.6765,0.0,Metal,P6_3/m,176,20
Zn3Ga2Ge_id2160_E-1.68.cif,Zn3Ga2Ge,-1.6753,0.0,Metal,I4_1md,109,24
SbAs13Se(SO3)2_id3817_E-1.67.cif,SbAs13Se(SO3)2,-1.6739,0.078,Semiconductor,P2,3,23
NaSrLiBe_id1465_E-1.67.cif,NaSrLiBe,-1.6738,0.0,Metal,Cmme,67,16
CaMg2Cd_id2501_E-1.67.cif,CaMg2Cd,-1.6724,0.0,Metal,Fm-3m,225,16
Ba_id1140_E-1.67.cif,Ba,-1.6721,0.0,Metal,P31m,157,9
Ba2SrMg_id4228_E-1.67.cif,Ba2SrMg,-1.6712,0.0,Metal,P3_1,144,12
Ca4Sb2P2O9_id3116_E-1.67.cif,Ca4Sb2P2O9,-1.6699,0.087,Semiconductor,P4/n,85,34
LiMg2Ga3_id4471_E-1.67.cif,LiMg2Ga3,-1.6695,0.0,Metal,Pnnn,48,24
Sr4Mg3Cd_id2111_E-1.67.cif,Sr4Mg3Cd,-1.6681,0.0,Metal,Im-3m,229,16
KSnSb2_id3468_E-1.67.cif,KSnSb2,-1.6674,2.758,Semiconductor,P4_2bc,106,32
Zn2Ga_id1059_E-1.67.cif,Zn2Ga,-1.665,0.0,Metal,I4/mmm,139,6
BaLiMgBeZnGaTe_id4487_E-1.66.cif,BaLiMgBeZnGaTe,-1.6644,0.0,Metal,P4_3,78,28
Li2Zn_id4433_E-1.66.cif,Li2Zn,-1.6625,0.001,Metal,I4_1/amd,141,24
BaNaLiCdIn2Sn_id2116_E-1.66.cif,BaNaLiCdIn2Sn,-1.6623,0.0,Metal,P3_1,144,21
Mg6ZnO_id4743_E-1.66.cif,Mg6ZnO,-1.6612,0.0,Metal,P6_322,182,16
ScSi2SnO17_id3088_E-1.66.cif,ScSi2SnO17,-1.6602,0.0,Metal,Pc,7,42
Na2In_id156_E-1.66.cif,Na2In,-1.6599,0.354,Semiconductor,P6mm,183,9
Mg3(CdIn)2_id1902_E-1.66.cif,Mg3(CdIn)2,-1.6599,0.0,Metal,Cmce,64,28
K3Na2O_id1409_E-1.66.cif,K3Na2O,-1.6593,1.319,Semiconductor,C2,5,12
Ca3ScCd3_id4547_E-1.66.cif,Ca3ScCd3,-1.6587,0.0,Metal,Pm-3n,223,14
KLi3(CaGa3)6_id2021_E-1.66.cif,KLi3(CaGa3)6,-1.6573,0.0,Metal,Im-3,204,56
K2LiMg2Zn2CdGa3SnTe7_id98_E-1.66.cif,K2LiMg2Zn2CdGa3SnTe7,-1.6563,0.009,Metal,P1,1,38
K2Sc3Cd8Sn_id769_E-1.66.cif,K2Sc3Cd8Sn,-1.6561,0.0,Metal,P-4c2,116,28
Li3Zn_id1272_E-1.66.cif,Li3Zn,-1.6551,0.0,Metal,P4_2/mbc,135,32
Li3ScCd8In9_id665_E-1.66.cif,Li3ScCd8In9,-1.6551,0.0,Metal,Pm-3m,221,21
Ga2TeAsPS_id3169_E-1.65.cif,Ga2TeAsPS,-1.6545,0.362,Semiconductor,P4/nmm,129,12
Sc2Cd5_id162_E-1.65.cif,Sc2Cd5,-1.6527,0.0,Metal,Pmmm,47,7
In_id3428_E-1.65.cif,In,-1.6527,0.0,Metal,P6_3/mmc,194,6
K6ZnO_id3896_E-1.65.cif,K6ZnO,-1.6519,0.009,Metal,P6_322,182,16
Sr4Mg3Zn_id4974_E-1.65.cif,Sr4Mg3Zn,-1.6512,0.0,Metal,Im-3m,229,16
Zn12Ga47_id188_E-1.65.cif,Zn12Ga47,-1.6491,0.0,Metal,P622,177,59
Mg(ZnIn)3_id4696_E-1.65.cif,Mg(ZnIn)3,-1.6487,0.0,Metal,Pm-3n,223,14
Ba4ZnB_id2361_E-1.65.cif,Ba4ZnB,-1.6485,0.0,Metal,I4_1/a,88,24
Sr3Zn6Ga3N2_id3082_E-1.65.cif,Sr3Zn6Ga3N2,-1.6473,0.0,Metal,P23,195,28
LiMg7_id459_E-1.65.cif,LiMg7,-1.6471,0.0,Metal,Fm-3m,225,32
Ba2CaCdIn2_id529_E-1.65.cif,Ba2CaCdIn2,-1.6456,0.0,Metal,I4/mcm,140,24
Cd3Sn_id3547_E-1.64.cif,Cd3Sn,-1.644,0.0,Metal,Fm-3m,225,16
K2(NaIn)3_id1675_E-1.64.cif,K2(NaIn)3,-1.6438,0.17,Semiconductor,P-3c1,165,32
Ca2Cd3In_id1329_E-1.64.cif,Ca2Cd3In,-1.6423,0.0,Metal,P-4m2,115,6
Na2Li2MgGa_id1970_E-1.64.cif,Na2Li2MgGa,-1.642,0.0,Metal,P4_2nm,102,12
Na6LiGa3Sn_id1061_E-1.64.cif,Na6LiGa3Sn,-1.642,0.0,Metal,P-31c,163,22
Ba4Na4SrLi4(InTe)4_id4601_E-1.64.cif,Ba4Na4SrLi4(InTe)4,-1.6419,0.0,Metal,P4_2/n,86,42
Ba_id2127_E-1.64.cif,Ba,-1.6414,0.0,Metal,P4_2/n,86,10
Mg4Zn(CdGa)4_id1299_E-1.64.cif,Mg4Zn(CdGa)4,-1.6414,0.0,Metal,P4_2/n,86,26
MgAl3(Zn4Ge)2_id4301_E-1.64.cif,MgAl3(Zn4Ge)2,-1.6409,0.0,Metal,I422,97,28
Zn4Sn_id3479_E-1.64.cif,Zn4Sn,-1.6399,0.0,Metal,P4_2/nmc,137,10
Na4Al4Ga4Sn4Se_id1692_E-1.64.cif,Na4Al4Ga4Sn4Se,-1.6395,0.0,Metal,P4_2/nmc,137,34
Al8Ga7_id236_E-1.64.cif,Al8Ga7,-1.6393,0.0,Metal,P-62m,189,15
Sr4ZnCd3_id361_E-1.64.cif,Sr4ZnCd3,-1.6382,0.0,Metal,Im-3m,229,16
Mg2Cd7Sn3_id1133_E-1.64.cif,Mg2Cd7Sn3,-1.6379,0.0,Metal,P-62m,189,12
BaCa6_id1693_E-1.64.cif,BaCa6,-1.6371,0.0,Metal,Pban,50,14
Mg3In2_id3660_E-1.64.cif,Mg3In2,-1.6363,0.0,Metal,P4_12_12,92,20
K3(Cd3C)2_id82_E-1.64.cif,K3(Cd3C)2,-1.6363,0.0,Metal,P6cc,184,22
BaNa2CdIn5Sn2_id3206_E-1.64.cif,BaNa2CdIn5Sn2,-1.6358,0.02,Metal,P1,1,11
SrZn4In_id1370_E-1.64.cif,SrZn4In,-1.6354,0.0,Metal,P-6m2,187,6
Ca_id740_E-1.63.cif,Ca,-1.6347,0.0,Metal,I4_1/acd,142,16
Na4In3_id3984_E-1.63.cif,Na4In3,-1.6343,0.195,Semiconductor,P4/mmm,123,7
Cd3In2Sn_id3855_E-1.63.cif,Cd3In2Sn,-1.6329,0.0,Metal,Immm,71,12
Al(ZnGa2)3_id2836_E-1.63.cif,Al(ZnGa2)3,-1.6329,0.0,Metal,Ibam,72,40
Na2Li3Mg3(ZnSn)3_id865_E-1.63.cif,Na2Li3Mg3(ZnSn)3,-1.6323,0.0,Metal,P3c1,158,28
Sr2AlCd2_id3482_E-1.63.cif,Sr2AlCd2,-1.631,0.0,Metal,I4/mcm,140,20
Li8Zn5_id1734_E-1.63.cif,Li8Zn5,-1.6274,0.0,Metal,P4_2/nnm,134,26
Cd2Sn_id1677_E-1.63.cif,Cd2Sn,-1.6266,0.014,Metal,Pn-3m,224,6
Mg3(CdIn)2_id3432_E-1.63.cif,Mg3(CdIn)2,-1.6258,0.0,Metal,I-4m2,119,28
AlZn4_id2679_E-1.63.cif,AlZn4,-1.6253,0.0,Metal,P4_2/nmc,137,10
K8Ge2Sb_id3212_E-1.63.cif,K8Ge2Sb,-1.6251,1.163,Semiconductor,P4_2nm,102,22
NaLi5Cd_id2467_E-1.62.cif,NaLi5Cd,-1.6239,0.0,Metal,R3,146,21
K4Sn_id1240_E-1.62.cif,K4Sn,-1.6235,0.194,Semiconductor,P6/mmm,191,20
MgZnIn_id2989_E-1.62.cif,MgZnIn,-1.6234,0.0,Metal,Immm,71,6
Ca2MgCd2Ga_id1357_E-1.62.cif,Ca2MgCd2Ga,-1.6231,0.0,Metal,Pbam,55,12
K4Sr4Li6Be8Al4Si_id3613_E-1.62.cif,K4Sr4Li6Be8Al4Si,-1.6212,2.532,Semiconductor,P4,75,27
Sr4MgZn3_id3283_E-1.62.cif,Sr4MgZn3,-1.621,0.0,Metal,Im-3m,229,16
CaMg5Cd_id2101_E-1.62.cif,CaMg5Cd,-1.6197,0.0,Metal,I-4m2,119,14
Sr_id1283_E-1.62.cif,Sr,-1.6194,0.0,Metal,C2/m,12,6
BaCa5_id2837_E-1.62.cif,BaCa5,-1.619,0.0,Metal,I4/mmm,139,24
Zn2Cd2In3_id792_E-1.61.cif,Zn2Cd2In3,-1.6144,0.0,Metal,Cmcm,63,28
KCdGa_id2621_E-1.61.cif,KCdGa,-1.6137,0.198,Semiconductor,P4_2/mmc,131,12
K6Mg7In7Sn6_id266_E-1.61.cif,K6Mg7In7Sn6,-1.6136,0.0,Metal,P6_322,182,52
BaSr_id1695_E-1.61.cif,BaSr,-1.6128,0.0,Metal,Iba2,45,16
Li7Al4_id2956_E-1.61.cif,Li7Al4,-1.6116,0.0,Metal,Pmna,53,22
LiCd5(GaSn)2_id2853_E-1.61.cif,LiCd5(GaSn)2,-1.6076,0.0,Metal,Pmna,53,20
NaIn_id4278_E-1.61.cif,NaIn,-1.607,0.0,Metal,F-43m,216,8
NaIn_id2333_E-1.61.cif,NaIn,-1.607,0.0,Metal,F-43m,216,8
K18Sn2(Ge2As)3_id4395_E-1.61.cif,K18Sn2(Ge2As)3,-1.6064,0.0,Metal,P6_3cm,185,58
Zn3CdGa2_id4379_E-1.61.cif,Zn3CdGa2,-1.6063,0.0,Metal,C222_1,20,24
Sr3Ca_id4421_E-1.60.cif,Sr3Ca,-1.6049,0.0,Metal,I-4m2,119,16
BaNa2(Zn2Ga)2_id4064_E-1.60.cif,BaNa2(Zn2Ga)2,-1.6044,0.0,Metal,I-4c2,120,36
K5BaSrInGaSb6_id1040_E-1.60.cif,K5BaSrInGaSb6,-1.6043,2.987,Semiconductor,P3,143,15
Li2In_id2860_E-1.60.cif,Li2In,-1.6037,0.0,Metal,P4_22_12,94,18
Mg4ZnGa2_id2338_E-1.60.cif,Mg4ZnGa2,-1.6,0.0,Metal,I4/mcm,140,28
K7ScAlSi_id2323_E-1.60.cif,K7ScAlSi,-1.5999,0.822,Semiconductor,P312,149,10
Cd3(InGa2)2_id1063_E-1.60.cif,Cd3(InGa2)2,-1.5971,0.0,Metal,C222,21,18
Ca3Mg2InSn2_id283_E-1.60.cif,Ca3Mg2InSn2,-1.5956,0.0,Metal,Pnnm,58,16
KMg5Ga_id4451_E-1.59.cif,KMg5Ga,-1.5944,0.0,Metal,I-4m2,119,14
Al3Zn4_id2085_E-1.59.cif,Al3Zn4,-1.594,0.0,Metal,I-43d,220,28
CaZn4_id2128_E-1.59.cif,CaZn4,-1.5939,0.0,Metal,P4_2/nmc,137,10
Ti2Sn2Sb_id2057_E-1.59.cif,Ti2Sn2Sb,-1.5937,0.821,Semiconductor,Pm,6,20
Li(ZnGa)2_id4666_E-1.59.cif,Li(ZnGa)2,-1.5928,0.214,Semiconductor,P4_2/nmc,137,10
Ba3SrZn3Si_id4446_E-1.59.cif,Ba3SrZn3Si,-1.5923,0.0,Metal,Pm-3m,221,8
Na(CdGa)3_id1996_E-1.59.cif,Na(CdGa)3,-1.5923,0.01,Metal,P6_3/m,176,14
K2NaBePO_id4133_E-1.59.cif,K2NaBePO,-1.5919,1.746,Semiconductor,P1,1,18
BaNaSr2_id4424_E-1.59.cif,BaNaSr2,-1.5905,0.0,Metal,Fm-3m,225,16
Ba2Li2MgAl2Ga_id1214_E-1.59.cif,Ba2Li2MgAl2Ga,-1.5898,0.0,Metal,Fmmm,69,32
SrCa2_id3925_E-1.59.cif,SrCa2,-1.5889,0.0,Metal,F-43m,216,12
Li7Mg2Zn_id4374_E-1.59.cif,Li7Mg2Zn,-1.5884,0.0,Metal,Cccm,66,40
SrCa5_id2120_E-1.59.cif,SrCa5,-1.5875,0.0,Metal,P4mm,99,6
Na6CdIn8_id550_E-1.59.cif,Na6CdIn8,-1.5872,0.0,Metal,P-31m,162,15
Mg10ScCd5_id4020_E-1.59.cif,Mg10ScCd5,-1.5869,0.0,Metal,P-6m2,187,16
Ca2Mg6Cd_id1508_E-1.59.cif,Ca2Mg6Cd,-1.5867,0.0,Metal,Fm-3m,225,36
Li5AlSn_id2084_E-1.59.cif,Li5AlSn,-1.5863,0.352,Semiconductor,I4_1md,109,28
LiMgCdIn2Sn_id1780_E-1.59.cif,LiMgCdIn2Sn,-1.5855,0.0,Metal,Pmmn,59,12
Mg4CdGa_id3080_E-1.58.cif,Mg4CdGa,-1.5839,0.0,Metal,P6_322,182,12
K11GaPO2_id2428_E-1.58.cif,K11GaPO2,-1.5819,0.93,Semiconductor,Pm,6,15
K2Li3ZnGa2_id530_E-1.58.cif,K2Li3ZnGa2,-1.5816,0.0,Metal,P4_322,95,32
Li21Mg2Zn7(CdSn)2_id3446_E-1.58.cif,Li21Mg2Zn7(CdSn)2,-1.5795,0.0,Metal,P-1,2,34
NaMgIn2_id2238_E-1.58.cif,NaMgIn2,-1.5794,0.0,Metal,Pnnn,48,16
BeZn5_id1395_E-1.58.cif,BeZn5,-1.5752,0.0,Metal,I422,97,12
Ba(SrCd2)2_id1925_E-1.58.cif,Ba(SrCd2)2,-1.5751,0.0,Metal,I-4c2,120,28
Ga_id1378_E-1.57.cif,Ga,-1.5736,0.0,Metal,P2_12_12_1,19,12
Mg4Sc_id1606_E-1.57.cif,Mg4Sc,-1.5733,0.0,Metal,P-42_1c,114,10
Li3Mg2(Zn2Ga)2_id630_E-1.57.cif,Li3Mg2(Zn2Ga)2,-1.5733,0.0,Metal,Cmce,64,44
Li12Mg4Zn3_id3723_E-1.57.cif,Li12Mg4Zn3,-1.5722,0.0,Metal,P2/m,10,19
KMgIn_id819_E-1.57.cif,KMgIn,-1.5717,0.0,Metal,I-4m2,119,6
Ba_id2948_E-1.57.cif,Ba,-1.5714,0.054,Semiconductor,P-6m2,187,5
LiMg6_id2630_E-1.57.cif,LiMg6,-1.5705,0.0,Metal,Fm-3m,225,28
LiBe8Al8Ga_id4990_E-1.57.cif,LiBe8Al8Ga,-1.5704,0.0,Metal,P4/mcc,124,36
Li12Cd12Ga7_id1506_E-1.57.cif,Li12Cd12Ga7,-1.5702,0.0,Metal,P6,168,31
NaMg6In_id1733_E-1.57.cif,NaMg6In,-1.5691,0.0,Metal,P-31c,163,16
K(Zn3Si2)2_id1946_E-1.57.cif,K(Zn3Si2)2,-1.5682,0.0,Metal,I-4c2,120,44
CdIn_id3258_E-1.57.cif,CdIn,-1.5679,0.0,Metal,P4_2/mmc,131,4
LiZn6Ga_id1484_E-1.57.cif,LiZn6Ga,-1.5677,0.0,Metal,I-4m2,119,16
K3Na4In7Ga9_id2803_E-1.57.cif,K3Na4In7Ga9,-1.5674,0.255,Semiconductor,P-62m,189,23
Mg13(In4Ga5)3_id1744_E-1.57.cif,Mg13(In4Ga5)3,-1.5672,0.0,Metal,Pm-3m,221,40
Li9CaAl2Zn3_id4878_E-1.57.cif,Li9CaAl2Zn3,-1.5671,0.0,Metal,P6/mmm,191,15
NaSr2(LiMg2)3_id4504_E-1.57.cif,NaSr2(LiMg2)3,-1.5654,0.0,Metal,P-3c1,165,24
SrInSn4_id1176_E-1.57.cif,SrInSn4,-1.5652,0.013,Metal,Pmma,51,12
K3Na4Al3_id4152_E-1.56.cif,K3Na4Al3,-1.5644,0.0,Metal,I-43d,220,40
K3Sb_id4676_E-1.56.cif,K3Sb,-1.5639,1.513,Semiconductor,P4_132,213,16
LiMg5Ga_id3573_E-1.56.cif,LiMg5Ga,-1.56,0.0,Metal,F-43m,216,28
K2Na(Cd2Sn)3_id2252_E-1.56.cif,K2Na(Cd2Sn)3,-1.5599,0.0,Metal,P4mm,99,24
KBa4In_id2645_E-1.56.cif,KBa4In,-1.5581,0.0,Metal,P4/mmm,123,6
CdIn_id2322_E-1.56.cif,CdIn,-1.557,0.0,Metal,Imm2,44,12
K3In2TeSe_id1535_E-1.56.cif,K3In2TeSe,-1.5554,0.0,Metal,Cmcm,63,28
ZnIn2SnGe_id4204_E-1.56.cif,ZnIn2SnGe,-1.5553,0.0,Metal,P4/mmm,123,5
ScAlZn6_id301_E-1.55.cif,ScAlZn6,-1.553,0.0,Metal,Imm2,44,16
Li2Zn3GaGe_id3537_E-1.55.cif,Li2Zn3GaGe,-1.5524,0.0,Metal,P-4n2,118,14
CaMg6_id458_E-1.55.cif,CaMg6,-1.5524,0.0,Metal,Fm-3m,225,28
Ba2Li4Mg4Zn2In3Ga4_id2288_E-1.55.cif,Ba2Li4Mg4Zn2In3Ga4,-1.551,0.0,Metal,P-1,2,19
BaCa7_id2982_E-1.55.cif,BaCa7,-1.5495,0.0,Metal,P6/mmm,191,8
Mg5In4_id4703_E-1.55.cif,Mg5In4,-1.5491,0.0,Metal,Pmna,53,18
KBaCa10_id2553_E-1.55.cif,KBaCa10,-1.5489,0.0,Metal,Pmmm,47,12
BaGa4_id2873_E-1.55.cif,BaGa4,-1.5489,0.0,Metal,P-3m1,164,10
Sr2LiCa3_id1349_E-1.55.cif,Sr2LiCa3,-1.5473,0.0,Metal,P6/mmm,191,12
SrCaMg2CdSiGe_id3038_E-1.55.cif,SrCaMg2CdSiGe,-1.5471,0.0,Metal,Pnma,62,28
AlIn4O16_id3471_E-1.55.cif,AlIn4O16,-1.5459,0.674,Semiconductor,P-43m,215,21
K2In_id2058_E-1.55.cif,K2In,-1.5459,0.096,Semiconductor,Ibca,73,24
SrLiCa_id1888_E-1.55.cif,SrLiCa,-1.5456,0.0,Metal,Cmme,67,12
Na4Li4Ga3_id737_E-1.54.cif,Na4Li4Ga3,-1.5441,0.0,Metal,I-43d,220,44
MgAl4Zn4Cd6In2Ga3Ge_id533_E-1.54.cif,MgAl4Zn4Cd6In2Ga3Ge,-1.5436,0.0,Metal,P1,1,42
CdIn_id4831_E-1.54.cif,CdIn,-1.5436,0.0,Metal,F-43m,216,8
Mg3Al5In6Ga_id2966_E-1.54.cif,Mg3Al5In6Ga,-1.5411,0.0,Metal,P-62m,189,15
LiCd6Ge_id3863_E-1.54.cif,LiCd6Ge,-1.5401,0.0,Metal,Fm-3m,225,32
Al4Zn_id2512_E-1.54.cif,Al4Zn,-1.5395,0.0,Metal,I4_1/a,88,20
NaLi5Mg4_id1049_E-1.54.cif,NaLi5Mg4,-1.5393,0.0,Metal,P4_2/m,84,20
Zn8Cd2GaSi_id4820_E-1.54.cif,Zn8Cd2GaSi,-1.5357,0.0,Metal,I422,97,24
Mg3In2_id2049_E-1.53.cif,Mg3In2,-1.5344,0.0,Metal,Pnnn,48,20
Na3SrLi3Ga_id1065_E-1.53.cif,Na3SrLi3Ga,-1.534,0.0,Metal,R-3,148,48
KGa_id1841_E-1.53.cif,KGa,-1.5317,0.0,Metal,I4_1cd,110,32
Mg3GaGeAs2_id3419_E-1.53.cif,Mg3GaGeAs2,-1.531,0.0,Metal,Pccm,49,14
Ba2Sr2Ca_id411_E-1.53.cif,Ba2Sr2Ca,-1.5308,0.0,Metal,Pn-3m,224,10
Ca2Cd7In3(SnTe)2_id4525_E-1.53.cif,Ca2Cd7In3(SnTe)2,-1.5293,0.0,Metal,P-1,2,32
Sr2Ca_id3905_E-1.53.cif,Sr2Ca,-1.5291,0.0,Metal,P4_322,95,12
Ba4Sr4Zn3CdGa2_id2849_E-1.53.cif,Ba4Sr4Zn3CdGa2,-1.5273,0.009,Metal,Ibam,72,56
Zn4Ga_id2848_E-1.53.cif,Zn4Ga,-1.5272,0.0,Metal,Ccce,68,20
BaNa3LiIn_id2329_E-1.53.cif,BaNa3LiIn,-1.5269,0.0,Metal,P2/m,10,6
BaCa3Sc_id943_E-1.53.cif,BaCa3Sc,-1.5251,0.0,Metal,P2/m,10,5
Mg3AlZn2_id153_E-1.52.cif,Mg3AlZn2,-1.5248,0.0,Metal,Cmmm,65,12
In_id1165_E-1.52.cif,In,-1.5235,0.0,Metal,P4/mbm,127,24
In_id2380_E-1.52.cif,In,-1.5229,0.0,Metal,P4/m,83,20
K3CaScZn3O6_id3124_E-1.52.cif,K3CaScZn3O6,-1.5225,0.086,Semiconductor,P6_3cm,185,56
Mg2Sc_id2266_E-1.52.cif,Mg2Sc,-1.5224,0.0,Metal,P6/mmm,191,12
Li(Zn2Ga)4_id273_E-1.52.cif,Li(Zn2Ga)4,-1.5216,0.0,Metal,C2/c,15,52
CaCd2Ga_id2910_E-1.52.cif,CaCd2Ga,-1.5215,0.0,Metal,Ibca,73,32
Sr2Ca5_id1612_E-1.52.cif,Sr2Ca5,-1.5214,0.0,Metal,Cmce,64,28
Cd2Ga_id4694_E-1.52.cif,Cd2Ga,-1.5213,0.0,Metal,Pa-3,205,12
Li3Zn8InGa2_id3094_E-1.52.cif,Li3Zn8InGa2,-1.521,0.0,Metal,C2/c,15,56
K3LiGa3_id4630_E-1.52.cif,K3LiGa3,-1.52,0.061,Semiconductor,Pm-3,200,14
K4Ba(ZnSb)2_id1690_E-1.52.cif,K4Ba(ZnSb)2,-1.5196,0.0,Metal,Pnma,62,36
LiCd_id404_E-1.52.cif,LiCd,-1.5178,0.0,Metal,Cmme,67,16
Zn5Cd2GaTe2_id170_E-1.52.cif,Zn5Cd2GaTe2,-1.5169,0.0,Metal,P-42_1m,113,20
Mg2ScCd4_id3532_E-1.52.cif,Mg2ScCd4,-1.5169,0.0,Metal,Cmmm,65,14
Ca2Cd3_id2678_E-1.52.cif,Ca2Cd3,-1.5166,0.0,Metal,Pn-3m,224,10
Ca2Mg3In_id2476_E-1.52.cif,Ca2Mg3In,-1.5156,0.0,Metal,P4/nmm,129,12
MgCdIn_id869_E-1.51.cif,MgCdIn,-1.5129,0.0,Metal,Pmmm,47,6
Si_id3133_E-1.51.cif,Si,-1.5127,0.205,Semiconductor,Amm2,38,16
KBa5Cd4_id4498_E-1.51.cif,KBa5Cd4,-1.5126,0.0,Metal,P4_2/m,84,20
AlZn2(CdGa)2_id3788_E-1.51.cif,AlZn2(CdGa)2,-1.5105,0.0,Metal,Cccm,66,28
TiAl4Zn_id2121_E-1.51.cif,TiAl4Zn,-1.5095,2.05,Semiconductor,P4mm,99,12
K11SrO4_id1696_E-1.51.cif,K11SrO4,-1.5058,0.0,Metal,P-31m,162,16
K6NaSrO4_id2070_E-1.50.cif,K6NaSrO4,-1.504,0.088,Semiconductor,P-4c2,116,24
Li7Zn6_id493_E-1.50.cif,Li7Zn6,-1.5022,0.0,Metal,Fm-3m,225,52
KZn4Si_id4983_E-1.50.cif,KZn4Si,-1.5006,0.383,Semiconductor,I4_1/a,88,24
Sr_id2275_E-1.50.cif,Sr,-1.5004,0.0,Metal,P-31m,162,12
Na4Mg2CdGa2_id800_E-1.50.cif,Na4Mg2CdGa2,-1.4992,0.0,Metal,P4_22_12,94,36
Li5Ca4_id891_E-1.50.cif,Li5Ca4,-1.4968,0.0,Metal,Cmce,64,36
MgAlZn2Ga_id2877_E-1.50.cif,MgAlZn2Ga,-1.4965,0.0,Metal,Aem2,39,20
Ba2LiCaMg2(CdIn)4_id4871_E-1.49.cif,Ba2LiCaMg2(CdIn)4,-1.4946,0.0,Metal,I4/mmm,139,28
LiZn2_id3164_E-1.49.cif,LiZn2,-1.4946,0.0,Metal,Cmmm,65,12
BaSr2(CdIn)2_id4306_E-1.49.cif,BaSr2(CdIn)2,-1.4941,0.0,Metal,C2/m,12,28
Ba24CdIn3_id4016_E-1.49.cif,Ba24CdIn3,-1.4937,0.0,Metal,Pm-3m,221,28
Na7Cd7SnSb_id742_E-1.49.cif,Na7Cd7SnSb,-1.4936,1.263,Semiconductor,P312,149,16
Mg2Zn5Ga_id2687_E-1.49.cif,Mg2Zn5Ga,-1.4931,0.0,Metal,Pbam,55,16
Cd5In6_id2376_E-1.49.cif,Cd5In6,-1.492,0.0,Metal,P4_2/nnm,134,22
MgZn3Ga2_id1755_E-1.49.cif,MgZn3Ga2,-1.4904,0.0,Metal,Pmmn,59,12
Ba13Cd6_id3996_E-1.49.cif,Ba13Cd6,-1.4898,0.05,Metal,P-3c1,165,38
Mg4Be2Zn4Sn3Ge_id129_E-1.49.cif,Mg4Be2Zn4Sn3Ge,-1.4881,0.0,Metal,P4_2/m,84,28
KBa4Cd_id3291_E-1.49.cif,KBa4Cd,-1.488,0.0,Metal,P6/mmm,191,12
LiZn3_id2971_E-1.49.cif,LiZn3,-1.488,0.0,Metal,C222_1,20,16
K2Ga_id3358_E-1.49.cif,K2Ga,-1.4875,0.0,Metal,Ccce,68,24
LiMg2Zn2CdGa_id1564_E-1.49.cif,LiMg2Zn2CdGa,-1.4873,0.0,Metal,P4mm,99,7
Li4CaMgCd4_id3068_E-1.49.cif,Li4CaMgCd4,-1.4871,0.0,Metal,P4bm,100,20
K4SrLi6Ga_id4403_E-1.49.cif,K4SrLi6Ga,-1.4869,0.0,Metal,P-6m2,187,12
K6NaLiAlCd3In9Ga3SnTe(AsSe)3_id3326_E-1.49.cif,K6NaLiAlCd3In9Ga3SnTe(AsSe)3,-1.4865,0.111,Semiconductor,P3,143,32
K11In2Ga2Sn3_id2534_E-1.49.cif,K11In2Ga2Sn3,-1.4859,0.0,Metal,P6cc,184,36
Mg_id1567_E-1.49.cif,Mg,-1.4858,0.0,Metal,I4_1/acd,142,16
Li21MgZn2Cd3_id4054_E-1.49.cif,Li21MgZn2Cd3,-1.4856,0.0,Metal,P-31m,162,27
Mg6ScCd2Sn_id1018_E-1.49.cif,Mg6ScCd2Sn,-1.4851,0.0,Metal,I-4m2,119,20
BaZn4_id2672_E-1.48.cif,BaZn4,-1.4849,0.0,Metal,P4_2/nmc,137,10
Li6Mg2Al_id4107_E-1.48.cif,Li6Mg2Al,-1.4842,0.0,Metal,Fm-3m,225,36
Li(Zn3Ga)2_id4712_E-1.48.cif,Li(Zn3Ga)2,-1.4836,0.0,Metal,Cmm2,35,18
Li3Mg4Cd_id4826_E-1.48.cif,Li3Mg4Cd,-1.4832,0.0,Metal,P-6,174,8
Ba4CaZn2Si_id2398_E-1.48.cif,Ba4CaZn2Si,-1.483,0.0,Metal,P4_2/m,84,16
BaZnCd_id3879_E-1.48.cif,BaZnCd,-1.4808,0.0,Metal,I-4m2,119,6
Mg4In16Ga_id3891_E-1.48.cif,Mg4In16Ga,-1.4805,0.0,Metal,P-42_1c,114,42
Li2Zn12GaSi_id4905_E-1.48.cif,Li2Zn12GaSi,-1.4781,0.0,Metal,I422,97,32
Li3(MgSb)2_id1700_E-1.48.cif,Li3(MgSb)2,-1.4781,0.0,Metal,R-3m,166,21
Mg3Zn2In_id4097_E-1.48.cif,Mg3Zn2In,-1.478,0.0,Metal,Immm,71,12
LiZn2In6Si_id2397_E-1.48.cif,LiZn2In6Si,-1.4779,0.0,Metal,P312,149,10
Ba5Ca_id2214_E-1.48.cif,Ba5Ca,-1.4776,0.0,Metal,P2/m,10,12
Mg3Cd_id1138_E-1.48.cif,Mg3Cd,-1.4765,0.0,Metal,Fm-3m,225,16
Mg2Ga4N_id3704_E-1.48.cif,Mg2Ga4N,-1.4756,0.0,Metal,P4_2/m,84,14
LiMg3Cd2_id3236_E-1.47.cif,LiMg3Cd2,-1.4723,0.0,Metal,C2/m,12,12
KCa2Cd_id2885_E-1.47.cif,KCa2Cd,-1.4715,0.0,Metal,Fm-3m,225,16
Li2MgIn2_id3112_E-1.47.cif,Li2MgIn2,-1.4691,0.0,Metal,Pm-3m,221,30
Li3Ca3Mg8_id46_E-1.47.cif,Li3Ca3Mg8,-1.469,0.0,Metal,P-6,174,14
LiZn4CdGa2Ge3_id1070_E-1.47.cif,LiZn4CdGa2Ge3,-1.4682,0.0,Metal,P-1,2,22
Ba4NaCa3_id4776_E-1.47.cif,Ba4NaCa3,-1.4673,0.0,Metal,C2/m,12,16
Ge_id735_E-1.47.cif,Ge,-1.4668,0.495,Semiconductor,P6/mmm,191,7
CaMgCdIn3_id3331_E-1.47.cif,CaMgCdIn3,-1.4664,0.0,Metal,Pmmm,47,6
Na9CaBe3Ga2_id2864_E-1.47.cif,Na9CaBe3Ga2,-1.466,0.0,Metal,R3,146,45
Cd5In4_id1495_E-1.47.cif,Cd5In4,-1.466,0.0,Metal,P4_2/nmc,137,18
Sr4LiMg3Sc4Cd2In3_id1145_E-1.46.cif,Sr4LiMg3Sc4Cd2In3,-1.4641,0.0,Metal,Pmmm,47,17
BaLi6Ca6ZnCd6_id4534_E-1.46.cif,BaLi6Ca6ZnCd6,-1.4637,0.0,Metal,R-3,148,60
K7GeSb_id4705_E-1.46.cif,K7GeSb,-1.4632,0.01,Metal,P312,149,9
Li(CdGa)2_id2807_E-1.46.cif,Li(CdGa)2,-1.4628,0.0,Metal,P3_1,144,15
K2MgAl_id748_E-1.46.cif,K2MgAl,-1.4614,0.0,Metal,Fm-3m,225,16
Ba5Na2_id3977_E-1.46.cif,Ba5Na2,-1.4606,0.0,Metal,I4/mmm,139,14
SrZn6Si_id3161_E-1.46.cif,SrZn6Si,-1.4588,0.0,Metal,P6_322,182,16
SrLi(Ca2Mg)2_id1277_E-1.46.cif,SrLi(Ca2Mg)2,-1.4587,0.0,Metal,P-1,2,16
LiZn_id2711_E-1.46.cif,LiZn,-1.4586,0.0,Metal,P4_32_12,96,8
Ca7Mg3_id184_E-1.46.cif,Ca7Mg3,-1.4577,0.0,Metal,Imm2,44,20
Li5Mg2GeO12_id177_E-1.46.cif,Li5Mg2GeO12,-1.457,2.906,Semiconductor,I-42m,121,40
NaLi2MgAlCd_id2023_E-1.46.cif,NaLi2MgAlCd,-1.4567,0.0,Metal,P3_1,144,18
MgAl3(Zn2Ga)2_id4194_E-1.46.cif,MgAl3(Zn2Ga)2,-1.4565,0.0,Metal,P2_1,4,20
Li3MgCd_id1917_E-1.46.cif,Li3MgCd,-1.4558,0.0,Metal,Immm,71,20
Sr4Ca4Mg3In4_id4131_E-1.46.cif,Sr4Ca4Mg3In4,-1.4555,0.026,Metal,Cmce,64,60
MgCd4(In2Sn)2_id3714_E-1.46.cif,MgCd4(In2Sn)2,-1.4554,0.0,Metal,Cmce,64,44
Zn9Ga4_id4467_E-1.46.cif,Zn9Ga4,-1.4553,0.0,Metal,Pmna,53,26
LiZn7Ga2_id2064_E-1.45.cif,LiZn7Ga2,-1.4548,0.0,Metal,P4_2/nnm,134,20
CaMgCd2_id3708_E-1.45.cif,CaMgCd2,-1.4548,0.0,Metal,P4_2/mmc,131,8
Na3MgGa_id1542_E-1.45.cif,Na3MgGa,-1.4547,0.0,Metal,P4/mmm,123,20
Na2Mg2Zn3Ga2_id3535_E-1.45.cif,Na2Mg2Zn3Ga2,-1.4541,0.0,Metal,Cccm,66,36
ScAl9_id3110_E-1.45.cif,ScAl9,-1.4504,0.0,Metal,Pmma,51,20
AlZn10Ga3Sn_id4452_E-1.45.cif,AlZn10Ga3Sn,-1.45,0.0,Metal,P-6m2,187,15
K3InSn_id2522_E-1.45.cif,K3InSn,-1.4495,0.0,Metal,P6_122,178,30
BaNa2_id1789_E-1.45.cif,BaNa2,-1.4494,0.0,Metal,Cmmm,65,12
SrZn4_id3220_E-1.45.cif,SrZn4,-1.4479,0.0,Metal,I4_1/a,88,20
Mg2CdIn_id2929_E-1.44.cif,Mg2CdIn,-1.4437,0.0,Metal,Pmmn,59,8
KBa2SrLiCa2CdInSn3_id101_E-1.44.cif,KBa2SrLiCa2CdInSn3,-1.4432,0.0,Metal,P4_2/m,84,48
Sc2TiZn6_id2896_E-1.44.cif,Sc2TiZn6,-1.443,0.0,Metal,Pmmm,47,9
Zn2Sb2O19_id2740_E-1.44.cif,Zn2Sb2O19,-1.4425,0.015,Metal,Pba2,32,46
KScTi2ZnCN_id3533_E-1.44.cif,KScTi2ZnCN,-1.4419,0.991,Semiconductor,P3_1,144,21
LiCd2_id3347_E-1.44.cif,LiCd2,-1.44,0.0,Metal,P6_3/mmc,194,6
SrCa_id3947_E-1.44.cif,SrCa,-1.4376,0.0,Metal,P4/mmm,123,8
Li(Zn3Ga)2_id1771_E-1.44.cif,Li(Zn3Ga)2,-1.4366,0.0,Metal,I422,97,18
Cd2In_id812_E-1.43.cif,Cd2In,-1.4327,0.0,Metal,I4/mcm,140,12
Ba3Cd_id4268_E-1.43.cif,Ba3Cd,-1.4324,0.0,Metal,Amm2,38,8
Sr_id3444_E-1.43.cif,Sr,-1.4314,0.0,Metal,Fm-3m,225,12
BaNaLi2_id439_E-1.43.cif,BaNaLi2,-1.43,0.0,Metal,P4/mmm,123,16
K4Cd4PSe4_id4369_E-1.43.cif,K4Cd4PSe4,-1.4296,0.0,Metal,P4_2/nmc,137,26
KIn_id312_E-1.43.cif,KIn,-1.4296,0.0,Metal,F-43m,216,8
K2BaNa2Li2AlCd2InGa2Sn_id849_E-1.43.cif,K2BaNa2Li2AlCd2InGa2Sn,-1.4293,0.0,Metal,P3_1,144,42
Li4Zn5_id615_E-1.43.cif,Li4Zn5,-1.429,0.0,Metal,P-42_1c,114,18
Sr4Mg_id1213_E-1.43.cif,Sr4Mg,-1.4287,0.0,Metal,Im-3m,229,10
Al2Cd3_id536_E-1.43.cif,Al2Cd3,-1.4275,0.0,Metal,P4_132,213,20
Na5Sn_id1361_E-1.43.cif,Na5Sn,-1.426,0.0,Metal,Cmmm,65,12
LiZn11Ge2_id4428_E-1.42.cif,LiZn11Ge2,-1.4239,0.0,Metal,I422,97,28
MgCd8(InGa)4_id3773_E-1.42.cif,MgCd8(InGa)4,-1.4239,0.0,Metal,P4_2/n,86,34
K4Cd3Sn_id4976_E-1.42.cif,K4Cd3Sn,-1.4234,0.0,Metal,Im-3m,229,16
Ba4Na2In_id2346_E-1.42.cif,Ba4Na2In,-1.4233,0.172,Semiconductor,C2/m,12,14
Mg5(CdIn)2_id1285_E-1.42.cif,Mg5(CdIn)2,-1.4225,0.0,Metal,P4/mbm,127,18
Zn4In_id1097_E-1.42.cif,Zn4In,-1.4223,0.0,Metal,I4/m,87,10
Cd7O4_id3558_E-1.42.cif,Cd7O4,-1.4204,3.893,Insulator,P2,3,22
Li4MgZn3_id4103_E-1.42.cif,Li4MgZn3,-1.4169,0.0,Metal,I4_1/a,88,32
Cd2In_id2483_E-1.42.cif,Cd2In,-1.4156,0.0,Metal,Cmmm,65,12
Mg2(CdIn2)3_id805_E-1.41.cif,Mg2(CdIn2)3,-1.4149,0.0,Metal,P4_132,213,44
Li2Mg2CdTe2_id3770_E-1.41.cif,Li2Mg2CdTe2,-1.4144,3.178,Semiconductor,P3m1,156,7
LiCd_id1253_E-1.41.cif,LiCd,-1.4137,0.0,Metal,I4_1/acd,142,32
BaCa5_id4560_E-1.41.cif,BaCa5,-1.4135,0.0,Metal,Pmma,51,12
O2_id3494_E-1.41.cif,O2,-1.4131,1.149,Semiconductor,Pba2,32,18
K2AlCd_id1574_E-1.41.cif,K2AlCd,-1.4128,0.0,Metal,Fm-3m,225,16
BaGa2_id1741_E-1.41.cif,BaGa2,-1.4127,0.0,Metal,I4/mmm,139,6
Ba_id80_E-1.41.cif,Ba,-1.4112,0.127,Semiconductor,P-4c2,116,16
MgZn2Ga2SnGe_id474_E-1.41.cif,MgZn2Ga2SnGe,-1.4109,0.0,Metal,Pmmm,47,7
KBa2Na3_id4346_E-1.41.cif,KBa2Na3,-1.4105,0.0,Metal,P-3c1,165,12
Mg2ScCd9In4_id1739_E-1.41.cif,Mg2ScCd9In4,-1.4105,0.0,Metal,I4/mmm,139,32
Ba2Na2Sr2Ca_id2465_E-1.41.cif,Ba2Na2Sr2Ca,-1.4095,0.0,Metal,Cmce,64,28
BaMg2Cd4Ga_id2096_E-1.41.cif,BaMg2Cd4Ga,-1.4088,0.0,Metal,I4/mcm,140,32
Zn2SiSnGe2_id3137_E-1.41.cif,Zn2SiSnGe2,-1.4083,0.0,Metal,P1,1,12
LiCd5Sn_id1204_E-1.40.cif,LiCd5Sn,-1.4038,0.0,Metal,C222_1,20,28
Li(MgCd)2_id54_E-1.40.cif,Li(MgCd)2,-1.4029,0.0,Metal,R-3m,166,15
Cd2In_id3602_E-1.40.cif,Cd2In,-1.4026,0.0,Metal,Pa-3,205,12
Ca_id1199_E-1.40.cif,Ca,-1.4024,0.0,Metal,Pmma,51,8
Zn5Ga3_id3180_E-1.40.cif,Zn5Ga3,-1.4018,0.0,Metal,P-4c2,116,16
Ga_id512_E-1.40.cif,Ga,-1.4014,0.0,Metal,P2_12_12_1,19,32
Cd3Ga_id1309_E-1.40.cif,Cd3Ga,-1.4011,0.0,Metal,Pm-3n,223,8
CdSn_id2384_E-1.40.cif,CdSn,-1.4008,0.0,Metal,I4/mmm,139,4
Na4Cd3In_id4478_E-1.40.cif,Na4Cd3In,-1.4002,0.0,Metal,Im-3m,229,16
BaZn2O_id2833_E-1.40.cif,BaZn2O,-1.3984,0.014,Metal,I4_122,98,16
BaLi4Ca7_id38_E-1.40.cif,BaLi4Ca7,-1.398,0.0,Metal,P-6m2,187,12
Ba6Sr6Ca7Mg_id3272_E-1.40.cif,Ba6Sr6Ca7Mg,-1.3976,0.0,Metal,P-31c,163,40
K2LiCd(InSn)2_id2909_E-1.40.cif,K2LiCd(InSn)2,-1.3971,0.174,Semiconductor,R-3m,166,24
CdIn9_id4673_E-1.40.cif,CdIn9,-1.3969,0.0,Metal,Fm-3m,225,40
LiZn3_id1325_E-1.40.cif,LiZn3,-1.3963,0.0,Metal,Im-3m,229,8
Na3Sr2Li7Sc(TeAs)2_id4354_E-1.40.cif,Na3Sr2Li7Sc(TeAs)2,-1.3955,2.083,Semiconductor,P4_2nm,102,34
Sr4Zn_id2375_E-1.39.cif,Sr4Zn,-1.3932,0.0,Metal,Pmm2,25,5
Ba3Mg4_id3910_E-1.39.cif,Ba3Mg4,-1.3928,0.0,Metal,P-6m2,187,7
BaZn4_id2539_E-1.39.cif,BaZn4,-1.3926,0.0,Metal,P42_12,90,10
BaCd6GaTe_id2662_E-1.39.cif,BaCd6GaTe,-1.3925,0.0,Metal,P312,149,9
Mg_id4714_E-1.39.cif,Mg,-1.3922,0.0,Metal,Ibca,73,24
MgZn2Ga_id653_E-1.39.cif,MgZn2Ga,-1.3919,0.0,Metal,I-42d,122,16
Li19Zn3Cd6Ga_id3002_E-1.39.cif,Li19Zn3Cd6Ga,-1.3914,0.0,Metal,P23,195,29
Li2Al4Zn7Ga_id2940_E-1.39.cif,Li2Al4Zn7Ga,-1.3914,2.352,Semiconductor,Pbam,55,28
SrIn4_id3944_E-1.39.cif,SrIn4,-1.3895,0.0,Metal,P4_2/nmc,137,10
Li13Ca2Sc_id1731_E-1.39.cif,Li13Ca2Sc,-1.3881,0.0,Metal,P6/mmm,191,16
Na(Zn2Ga)5_id4023_E-1.39.cif,Na(Zn2Ga)5,-1.3874,0.0,Metal,Pmmn,59,32
NaLiCa_id126_E-1.39.cif,NaLiCa,-1.387,0.0,Metal,Ibca,73,24
Mg_id3873_E-1.39.cif,Mg,-1.3863,0.0,Metal,Fm-3m,225,12
CdIn_id896_E-1.39.cif,CdIn,-1.3859,0.0,Metal,P4_12_12,92,16
K5Sb_id1187_E-1.39.cif,K5Sb,-1.3855,0.067,Semiconductor,P3m1,156,6
Li2BeZn5_id29_E-1.38.cif,Li2BeZn5,-1.3844,0.0,Metal,Cmme,67,32
LiMg5Cd2_id4746_E-1.38.cif,LiMg5Cd2,-1.3831,0.0,Metal,I4/mmm,139,16
Li2Cd2InSn_id4925_E-1.38.cif,Li2Cd2InSn,-1.3824,0.0,Metal,P4_322,95,24
Cd3Ga_id4191_E-1.38.cif,Cd3Ga,-1.3819,0.0,Metal,P-31c,163,16
Ca_id375_E-1.38.cif,Ca,-1.3818,0.0,Metal,P-31m,162,15
K2Ga3_id4951_E-1.38.cif,K2Ga3,-1.3818,0.219,Semiconductor,P4/nnc,126,40
Zn2CdIn_id1931_E-1.38.cif,Zn2CdIn,-1.3813,0.0,Metal,P4_2/mmc,131,8
Sr2Zn6Sn_id4284_E-1.38.cif,Sr2Zn6Sn,-1.3811,0.0,Metal,P312,149,9
NaLi4_id1381_E-1.38.cif,NaLi4,-1.381,0.0,Metal,P6,168,45
K4Ge_id3699_E-1.38.cif,K4Ge,-1.3804,0.0,Metal,P4_2/nmc,137,10
BaNa2Ca2Cd_id1952_E-1.38.cif,BaNa2Ca2Cd,-1.3795,0.0,Metal,Aea2,41,24
Na2Li(MgIn)3_id632_E-1.38.cif,Na2Li(MgIn)3,-1.3791,2.508,Semiconductor,P-3c1,165,36
LiCa5Zn2_id3790_E-1.38.cif,LiCa5Zn2,-1.3786,0.0,Metal,I4/mcm,140,32
K4Cd4GaSn4_id4367_E-1.38.cif,K4Cd4GaSn4,-1.3783,0.0,Metal,P42_12,90,26
Li2Zn3_id1625_E-1.38.cif,Li2Zn3,-1.3776,0.0,Metal,Cmce,64,20
Na2Ca7_id3111_E-1.38.cif,Na2Ca7,-1.3772,0.02,Metal,Cmce,64,36
Ca2Cd5Ga2_id3251_E-1.38.cif,Ca2Cd5Ga2,-1.3761,0.0,Metal,P-1,2,9
Zn2Cd2Sn_id1775_E-1.37.cif,Zn2Cd2Sn,-1.3749,0.0,Metal,Cmme,67,20
Zn5Ga_id2812_E-1.37.cif,Zn5Ga,-1.374,0.0,Metal,Pbcm,57,24
Li3Mg2AlZn10_id3523_E-1.37.cif,Li3Mg2AlZn10,-1.3736,0.0,Metal,P-31m,162,16
Na4Cd4In5_id1434_E-1.37.cif,Na4Cd4In5,-1.3728,0.0,Metal,P-42_1c,114,26
BaZn3Cd_id473_E-1.37.cif,BaZn3Cd,-1.3724,0.0,Metal,R-3,148,30
Ca2Mg2Sc(Al2Cd)2_id1480_E-1.37.cif,Ca2Mg2Sc(Al2Cd)2,-1.3712,0.0,Metal,Pcc2,27,22
Li3Ca2_id2548_E-1.37.cif,Li3Ca2,-1.3694,0.0,Metal,P4_232,208,20
Mg2Cd4Sn_id1024_E-1.37.cif,Mg2Cd4Sn,-1.3693,0.0,Metal,P6/mmm,191,7
NaCa2_id570_E-1.37.cif,NaCa2,-1.3686,0.0,Metal,F-43m,216,12
K2AlCd4_id881_E-1.37.cif,K2AlCd4,-1.368,0.08,Semiconductor,I4_1/a,88,28
BaCa3_id290_E-1.37.cif,BaCa3,-1.368,0.0,Metal,P6/mmm,191,12
KSr(Li2Zn)3_id100_E-1.37.cif,KSr(Li2Zn)3,-1.3658,0.0,Metal,P-6c2,188,22
Li23(MgZn2)2_id1822_E-1.37.cif,Li23(MgZn2)2,-1.3655,0.0,Metal,P-1,2,29
Li4Zn7Ga2_id4536_E-1.37.cif,Li4Zn7Ga2,-1.3654,0.0,Metal,P-1,2,13
NaMg6ZnGa4_id3940_E-1.37.cif,NaMg6ZnGa4,-1.3651,0.0,Metal,I-4m2,119,24
Na(CdGa)3_id4756_E-1.36.cif,Na(CdGa)3,-1.3648,0.0,Metal,P6_3/m,176,14
Zn7Ga2_id1924_E-1.36.cif,Zn7Ga2,-1.3644,0.0,Metal,Aem2,39,36
Li2Mg3ZnGa2_id697_E-1.36.cif,Li2Mg3ZnGa2,-1.3638,0.0,Metal,Cccm,66,32
LiMg2_id1028_E-1.36.cif,LiMg2,-1.3629,0.0,Metal,Cccm,66,24
LiCd2_id4749_E-1.36.cif,LiCd2,-1.3615,0.0,Metal,P4_2/nmc,137,6
Li3Be3Al2In4(GaAs)3_id385_E-1.36.cif,Li3Be3Al2In4(GaAs)3,-1.3609,0.275,Semiconductor,P6mm,183,18
Li3Cd4Ga_id2694_E-1.36.cif,Li3Cd4Ga,-1.3607,0.0,Metal,Cmmm,65,16
K4Li3Mg(CdIn)2_id335_E-1.36.cif,K4Li3Mg(CdIn)2,-1.3607,0.168,Semiconductor,P-42_1c,114,24
Mg(CdIn)4_id720_E-1.36.cif,Mg(CdIn)4,-1.3604,0.0,Metal,P-42_1c,114,18
AlZn7_id3781_E-1.36.cif,AlZn7,-1.3596,0.0,Metal,P6_4,172,24
SrZn2Cd3_id3999_E-1.36.cif,SrZn2Cd3,-1.3592,0.0,Metal,P6/mmm,191,6
Li(Cd3Ga)2_id4341_E-1.36.cif,Li(Cd3Ga)2,-1.3585,0.0,Metal,P-42m,111,9
Li4ScIn2_id2230_E-1.36.cif,Li4ScIn2,-1.3583,0.0,Metal,P2/m,10,14
Al2Zn8Cd2In2Ga7_id694_E-1.36.cif,Al2Zn8Cd2In2Ga7,-1.3582,0.0,Metal,P4_2/m,84,42
CaMg7_id3259_E-1.36.cif,CaMg7,-1.3579,0.0,Metal,F-43m,216,32
Li3Ti2O12_id3341_E-1.36.cif,Li3Ti2O12,-1.3579,4.235,Insulator,P-3c1,165,34
Mg2Zn_id2412_E-1.36.cif,Mg2Zn,-1.3576,0.0,Metal,Pa-3,205,12
Zn2Cd2Sn_id282_E-1.36.cif,Zn2Cd2Sn,-1.3574,0.0,Metal,Immm,71,10
KZn2In2P_id3320_E-1.36.cif,KZn2In2P,-1.3563,0.169,Semiconductor,P4_32_12,96,24
Mg2Cd_id4710_E-1.36.cif,Mg2Cd,-1.356,0.0,Metal,I4/mmm,139,12
KZn4Cd8InTe2_id1094_E-1.36.cif,KZn4Cd8InTe2,-1.3558,0.0,Metal,I222,23,32
Ba3CaO2_id4185_E-1.35.cif,Ba3CaO2,-1.3547,0.031,Metal,P6_3cm,185,24
K2(CdIn)3_id4368_E-1.35.cif,K2(CdIn)3,-1.3536,0.0,Metal,P6_3cm,185,16
Na6Ga2Ge_id1790_E-1.35.cif,Na6Ga2Ge,-1.3526,0.052,Semiconductor,Cccm,66,36
CaMgCd_id1983_E-1.35.cif,CaMgCd,-1.3506,0.0,Metal,Ibca,73,24
Na2TiBO10_id1211_E-1.35.cif,Na2TiBO10,-1.3503,2.629,Semiconductor,P2/c,13,28
SrCa2Zn2(Cd2Sn)2_id1362_E-1.35.cif,SrCa2Zn2(Cd2Sn)2,-1.3501,0.0,Metal,P4_2/m,84,22
Al2ZnGa4_id3759_E-1.35.cif,Al2ZnGa4,-1.3492,0.0,Metal,P-62m,189,21
ScBe2(Zn6In)2_id2542_E-1.35.cif,ScBe2(Zn6In)2,-1.349,0.0,Metal,I422,97,34
Zn12InGa2Sn_id2941_E-1.35.cif,Zn12InGa2Sn,-1.3468,0.0,Metal,P4_2/mcm,132,32
Ba3Ti6Sb2Te3As6(SO)3_id1389_E-1.35.cif,Ba3Ti6Sb2Te3As6(SO)3,-1.3467,0.708,Semiconductor,P6mm,183,26
SrMg5_id2493_E-1.35.cif,SrMg5,-1.3463,0.0,Metal,Pn-3m,224,12
Cd3In_id2604_E-1.34.cif,Cd3In,-1.3444,0.0,Metal,I4/mmm,139,8
Li3Ca2_id227_E-1.34.cif,Li3Ca2,-1.3441,0.0,Metal,I2_12_12_1,24,40
Mg9(InSn)4_id2150_E-1.34.cif,Mg9(InSn)4,-1.3419,0.0,Metal,P4_2/n,86,34
LiMg11_id1650_E-1.34.cif,LiMg11,-1.3418,0.0,Metal,P-4c2,116,24
Mg8Al3Zn_id4755_E-1.34.cif,Mg8Al3Zn,-1.3417,0.0,Metal,I422,97,24
NaMgZn4Cd3(InGa)2_id3018_E-1.34.cif,NaMgZn4Cd3(InGa)2,-1.3413,0.0,Metal,P4_22_12,94,52
Be3Ga16_id1146_E-1.34.cif,Be3Ga16,-1.341,0.0,Metal,Pm-3m,221,19
MgZn3CdInGa_id1709_E-1.34.cif,MgZn3CdInGa,-1.3387,0.0,Metal,Cm,8,14
Al2Zn5_id3182_E-1.34.cif,Al2Zn5,-1.3381,0.0,Metal,I422,97,14
Zn3Cd4Sn_id1816_E-1.34.cif,Zn3Cd4Sn,-1.3374,0.0,Metal,Im-3m,229,16
NaSrZn12Cd3InGa9_id966_E-1.34.cif,NaSrZn12Cd3InGa9,-1.3364,0.0,Metal,P-6m2,187,27
Mg2Cd_id2471_E-1.34.cif,Mg2Cd,-1.3362,0.0,Metal,Fm-3m,225,12
Na4SrMg2(AlZn)2_id573_E-1.33.cif,Na4SrMg2(AlZn)2,-1.3347,0.0,Metal,I4/mcm,140,44
Ca2MgIn4_id3321_E-1.33.cif,Ca2MgIn4,-1.3342,0.0,Metal,Cmce,64,28
Cd3In_id804_E-1.33.cif,Cd3In,-1.3275,0.0,Metal,Pm-3n,223,8
Cd3In_id245_E-1.33.cif,Cd3In,-1.3275,0.0,Metal,Pm-3n,223,8
AlZn7Ga2_id3892_E-1.33.cif,AlZn7Ga2,-1.3269,0.0,Metal,Cmme,67,40
Na7Sr_id3967_E-1.33.cif,Na7Sr,-1.326,0.0,Metal,Fm-3m,225,32
Li4Ca4MgCd2O4_id3330_E-1.33.cif,Li4Ca4MgCd2O4,-1.326,0.062,Semiconductor,P4_2/n,86,30
Ca(ZnGa)12_id20_E-1.33.cif,Ca(ZnGa)12,-1.3259,0.0,Metal,P4_2/nmc,137,50
Li7S2_id2642_E-1.32.cif,Li7S2,-1.3236,1.942,Semiconductor,I4/mmm,139,36
Mg2Zn5Ge_id4622_E-1.32.cif,Mg2Zn5Ge,-1.3231,0.0,Metal,P-42c,112,16
Li2Cd(InGa)4_id430_E-1.32.cif,Li2Cd(InGa)4,-1.3227,0.0,Metal,P4/mmm,123,11
Ba2NaSr3Ca2MgSn_id2951_E-1.32.cif,Ba2NaSr3Ca2MgSn,-1.3226,0.134,Semiconductor,Pm,6,40
Na3Sr4_id3142_E-1.32.cif,Na3Sr4,-1.3218,0.0,Metal,I-43d,220,28
K2Ge_id4324_E-1.32.cif,K2Ge,-1.3216,0.0,Metal,P3_112,151,9
Mg6ScIn3_id851_E-1.32.cif,Mg6ScIn3,-1.3192,0.0,Metal,P4_2/mbc,135,40
LiMgCd2_id638_E-1.32.cif,LiMgCd2,-1.3177,0.0,Metal,P4/mmm,123,16
MgCd_id2197_E-1.32.cif,MgCd,-1.3176,0.0,Metal,Fd-3m,227,16
KLiZnCd_id2828_E-1.32.cif,KLiZnCd,-1.3171,0.0,Metal,Cmmm,65,16
KLi2Cd3_id3767_E-1.32.cif,KLi2Cd3,-1.3159,0.0,Metal,Cmcm,63,24
LiCd3_id2879_E-1.32.cif,LiCd3,-1.3151,0.0,Metal,Pm-3n,223,8
Na2Li4MgCdIn2Sn_id1710_E-1.32.cif,Na2Li4MgCdIn2Sn,-1.3151,0.0,Metal,I4/mcm,140,44
K2CdGa_id1461_E-1.31.cif,K2CdGa,-1.3135,0.293,Semiconductor,P4/mmm,123,8
SrCd2Sn3_id2578_E-1.31.cif,SrCd2Sn3,-1.3134,0.0,Metal,Pmmm,47,6
K2BaLi_id4634_E-1.31.cif,K2BaLi,-1.3134,0.0,Metal,Fm-3m,225,16
Be4Al7Zn4_id3043_E-1.31.cif,Be4Al7Zn4,-1.3124,0.0,Metal,Pn-3m,224,30
K3Na3ZnGe_id4741_E-1.31.cif,K3Na3ZnGe,-1.311,0.0,Metal,P4_3,78,32
Mg_id2281_E-1.31.cif,Mg,-1.3104,0.0,Metal,I4/mmm,139,20
ZnCdInGa_id3480_E-1.31.cif,ZnCdInGa,-1.3084,0.0,Metal,P2_1,4,8
Ba3(NaSr3)2_id1618_E-1.31.cif,Ba3(NaSr3)2,-1.3081,0.0,Metal,Cmce,64,44
Na5Sr2_id2332_E-1.31.cif,Na5Sr2,-1.3067,0.0,Metal,Pn-3m,224,14
K3Sr4Mg3_id1400_E-1.31.cif,K3Sr4Mg3,-1.3061,0.0,Metal,I-43d,220,40
NaLi4ZnCd4_id167_E-1.31.cif,NaLi4ZnCd4,-1.3057,0.015,Metal,P4/mmm,123,10
K7In4_id2907_E-1.31.cif,K7In4,-1.3056,0.0,Metal,P-31c,163,22
K6BaNaIn3_id395_E-1.31.cif,K6BaNaIn3,-1.3052,0.076,Semiconductor,P-31c,163,22
Li4ScCd8_id1905_E-1.30.cif,Li4ScCd8,-1.3049,0.0,Metal,P4_2/nmc,137,26
SrCd4_id2391_E-1.30.cif,SrCd4,-1.3041,0.0,Metal,P4_2/n,86,10
Na9CdIn2_id3670_E-1.30.cif,Na9CdIn2,-1.303,0.001,Metal,P-31m,162,12
Li11CaGa_id4490_E-1.30.cif,Li11CaGa,-1.3029,0.0,Metal,P-6c2,188,26
K4Ti_id3971_E-1.30.cif,K4Ti,-1.3022,0.0,Metal,Pm-3m,221,40
Zn2Ga_id4328_E-1.30.cif,Zn2Ga,-1.302,0.0,Metal,Pn-3m,224,6
LiAlZn6InGa_id3868_E-1.30.cif,LiAlZn6InGa,-1.3016,0.0,Metal,Imma,74,40
Ba4Zn5Ge_id2566_E-1.30.cif,Ba4Zn5Ge,-1.3013,0.0,Metal,I4_1md,109,40
SrLiMg6Zn2Ge_id424_E-1.30.cif,SrLiMg6Zn2Ge,-1.3009,0.0,Metal,I4/mcm,140,44
Sr4Ca4Mg2Cd_id2816_E-1.30.cif,Sr4Ca4Mg2Cd,-1.3006,0.0,Metal,Pnnm,58,22
BaLi2Mg2Cd3_id584_E-1.30.cif,BaLi2Mg2Cd3,-1.3006,0.0,Metal,P-3m1,164,8
Li3Mg4(ZnCd)2_id128_E-1.30.cif,Li3Mg4(ZnCd)2,-1.3003,0.0,Metal,Cmce,64,44
Zn2Ga_id3271_E-1.30.cif,Zn2Ga,-1.3001,0.0,Metal,P4_32_12,96,12
NaMg2Cd4Ga_id2415_E-1.30.cif,NaMg2Cd4Ga,-1.2995,0.08,Semiconductor,C2/m,12,16
ZnGa2_id1104_E-1.30.cif,ZnGa2,-1.2986,0.0,Metal,P4/mmm,123,12
SrCd_id2005_E-1.30.cif,SrCd,-1.2982,0.015,Metal,P3_1,144,6
Li3MgZn5_id545_E-1.30.cif,Li3MgZn5,-1.2979,0.0,Metal,I2_12_12_1,24,36
NaCd3In2_id4949_E-1.30.cif,NaCd3In2,-1.2959,0.0,Metal,P4_3,78,24
K11GaS2_id3750_E-1.30.cif,K11GaS2,-1.2957,0.0,Metal,Pcc2,27,28
LiMgBeZn2Ga4Si_id979_E-1.29.cif,LiMgBeZn2Ga4Si,-1.295,0.0,Metal,P2_1/m,11,20
Li3Mg4In4Ge_id2953_E-1.29.cif,Li3Mg4In4Ge,-1.294,0.0,Metal,Ibam,72,48
Li4Zn2CdGa2Sn_id3336_E-1.29.cif,Li4Zn2CdGa2Sn,-1.2934,0.0,Metal,Cmmm,65,20
K2Ba4LiTi2ZnGe2B3_id1795_E-1.29.cif,K2Ba4LiTi2ZnGe2B3,-1.293,0.0,Metal,Cm,8,30
NaCaCd6_id2514_E-1.29.cif,NaCaCd6,-1.2921,0.0,Metal,Fm-3m,225,32
K2Ba_id3221_E-1.29.cif,K2Ba,-1.2918,0.0,Metal,P-3c1,165,12
Na3Cd12In7_id4794_E-1.29.cif,Na3Cd12In7,-1.2909,0.0,Metal,I23,197,44
Al2Ga4Ge_id4783_E-1.29.cif,Al2Ga4Ge,-1.2903,0.0,Metal,I-4m2,119,28
K2Ba3Na_id1896_E-1.29.cif,K2Ba3Na,-1.2893,0.0,Metal,Pn-3m,224,12
Li12Zn3Cd7_id2038_E-1.29.cif,Li12Zn3Cd7,-1.2889,0.0,Metal,P23,195,22
AlZn5_id3293_E-1.29.cif,AlZn5,-1.2887,0.0,Metal,P4_2/m,84,12
K2Ba2Na5_id470_E-1.29.cif,K2Ba2Na5,-1.2886,0.0,Metal,C222,21,18
Li3Ca6Mg_id4918_E-1.29.cif,Li3Ca6Mg,-1.2878,0.0,Metal,P6_3/mcm,193,20
Ba2Sr7_id1471_E-1.29.cif,Ba2Sr7,-1.2877,0.0,Metal,P6/mmm,191,18
Mg2Zn_id3233_E-1.29.cif,Mg2Zn,-1.2876,0.0,Metal,P4_32_12,96,12
LiCa2Mg_id981_E-1.29.cif,LiCa2Mg,-1.2871,0.0,Metal,Cmmm,65,16
Ca2Mg3ZnCdIn_id2817_E-1.29.cif,Ca2Mg3ZnCdIn,-1.2863,0.0,Metal,P2_1/m,11,16
TiSbTe10Se8S_id4382_E-1.29.cif,TiSbTe10Se8S,-1.2859,0.561,Semiconductor,P2_1,4,42
Na4Ca_id1447_E-1.29.cif,Na4Ca,-1.2857,0.0,Metal,I-4m2,119,20
Ca(CdIn)2_id3965_E-1.29.cif,Ca(CdIn)2,-1.2857,0.0,Metal,P6_1,169,30
Li12CaMg3(ZnIn3)2_id3190_E-1.29.cif,Li12CaMg3(ZnIn3)2,-1.2855,0.0,Metal,P6/mmm,191,24
CaMg2_id2161_E-1.29.cif,CaMg2,-1.2854,0.0,Metal,I-43m,217,30
K6Ba6Sr28Ca13Sn6_id2964_E-1.28.cif,K6Ba6Sr28Ca13Sn6,-1.2835,0.0,Metal,P6,168,59
Mg5ZnIn_id1998_E-1.28.cif,Mg5ZnIn,-1.283,0.0,Metal,Pmmm,47,7
Li4Ca2Mg2Cd7Te_id2878_E-1.28.cif,Li4Ca2Mg2Cd7Te,-1.2819,0.0,Metal,Cmmm,65,32
BaNa6SrMgTi_id3237_E-1.28.cif,BaNa6SrMgTi,-1.2819,0.111,Semiconductor,P312,149,10
Na4(MgCd)3_id4821_E-1.28.cif,Na4(MgCd)3,-1.2812,0.0,Metal,I-43d,220,40
KMg7_id730_E-1.28.cif,KMg7,-1.2812,0.0,Metal,P-31c,163,16
Cd4Sn_id2912_E-1.28.cif,Cd4Sn,-1.2799,0.0,Metal,P-42_1c,114,10
MgCd4(InTe2)2_id3070_E-1.28.cif,MgCd4(InTe2)2,-1.2797,0.0,Metal,P4nc,104,44
Ba(CaMg)2_id2590_E-1.28.cif,Ba(CaMg)2,-1.2796,0.0,Metal,Pn-3m,224,10
Sr3Ca5_id1195_E-1.28.cif,Sr3Ca5,-1.2781,0.0,Metal,I4/mmm,139,32
Na3Al3Zn3Cd4_id3605_E-1.28.cif,Na3Al3Zn3Cd4,-1.2762,2.865,Semiconductor,Pm,6,26
K3In_id4375_E-1.28.cif,K3In,-1.2751,0.049,Metal,Ibca,73,32
Ba2Li4ZnCdIn2_id4904_E-1.27.cif,Ba2Li4ZnCdIn2,-1.275,0.0,Metal,C222,21,20
Ba2SrZn8_id2571_E-1.27.cif,Ba2SrZn8,-1.2749,0.0,Metal,P4/nbm,125,22
Ti4In2SnSb3As4SeO2_id1637_E-1.27.cif,Ti4In2SnSb3As4SeO2,-1.2747,0.011,Metal,P4,75,17
Ba2SrCa2_id3755_E-1.27.cif,Ba2SrCa2,-1.2746,0.0,Metal,Ibca,73,40
Ba2SrCa2_id4939_E-1.27.cif,Ba2SrCa2,-1.2738,0.0,Metal,P6_2,171,15
Zn4Ge_id3172_E-1.27.cif,Zn4Ge,-1.2737,0.0,Metal,I4_1/a,88,20
Li12MgAlZn3O4_id2292_E-1.27.cif,Li12MgAlZn3O4,-1.2733,0.046,Metal,P-43m,215,21
Mg7(Cd3Ge2)2_id4063_E-1.27.cif,Mg7(Cd3Ge2)2,-1.2724,0.0,Metal,P4_2mc,105,34
Mg6ZnGa6Sn_id2473_E-1.27.cif,Mg6ZnGa6Sn,-1.2723,0.0,Metal,P-6m2,187,14
CaMg3Cd2_id1254_E-1.27.cif,CaMg3Cd2,-1.2712,0.0,Metal,Immm,71,12
Mg4Zn_id563_E-1.27.cif,Mg4Zn,-1.2711,0.0,Metal,Ccce,68,20
Cd2Ga_id2474_E-1.27.cif,Cd2Ga,-1.2702,0.0,Metal,I4_1md,109,12
Ba7MgIn_id1493_E-1.27.cif,Ba7MgIn,-1.2697,0.0,Metal,P-6m2,187,9
Mg3Al_id603_E-1.27.cif,Mg3Al,-1.2691,0.0,Metal,P6_222,180,12
Na2Cd2Sn_id766_E-1.27.cif,Na2Cd2Sn,-1.2686,0.0,Metal,P4/mmm,123,20
Zn2Cd2Ga_id4473_E-1.27.cif,Zn2Cd2Ga,-1.2685,0.0,Metal,C2/m,12,10
K6Cd2C_id1643_E-1.27.cif,K6Cd2C,-1.2674,0.0,Metal,P6/mmm,191,18
Li2Mg2Zn3(CdGa2)2_id241_E-1.27.cif,Li2Mg2Zn3(CdGa2)2,-1.2667,0.0,Metal,P4nc,104,52
Mg(CdSn2)2_id3071_E-1.27.cif,Mg(CdSn2)2,-1.2654,0.0,Metal,P4_2bc,106,28
BaSr4Li9Zn2_id3647_E-1.26.cif,BaSr4Li9Zn2,-1.2646,0.0,Metal,P-6m2,187,16
Li2Mg2GaSiAs2Se13_id2190_E-1.26.cif,Li2Mg2GaSiAs2Se13,-1.2641,0.0,Metal,P1,1,42
KNa4Mg3_id4283_E-1.26.cif,KNa4Mg3,-1.2635,0.0,Metal,I-43m,217,16
LiZn4_id3260_E-1.26.cif,LiZn4,-1.262,0.0,Metal,I4_1/a,88,20
Mg3Sn_id3878_E-1.26.cif,Mg3Sn,-1.2617,0.0,Metal,P4_2/mcm,132,8
Li3Ti2ZnIn2_id4775_E-1.26.cif,Li3Ti2ZnIn2,-1.2599,1.596,Semiconductor,P4_2mc,105,16
ScCd8_id3487_E-1.26.cif,ScCd8,-1.2592,0.0,Metal,Pn-3,201,18
Li2Mg2AlIn2_id2156_E-1.26.cif,Li2Mg2AlIn2,-1.2582,0.0,Metal,Pmma,51,14
Na4(CaMg)3_id481_E-1.26.cif,Na4(CaMg)3,-1.2576,0.0,Metal,I-43d,220,40
LiCd_id3334_E-1.26.cif,LiCd,-1.2561,0.0,Metal,Cmcm,63,24
Sr3Li6Mg12TiIn3_id2716_E-1.26.cif,Sr3Li6Mg12TiIn3,-1.2556,0.0,Metal,P23,195,25
Zn_id1977_E-1.25.cif,Zn,-1.2539,0.0,Metal,I4/mmm,139,8
Zn_id169_E-1.25.cif,Zn,-1.2527,0.0,Metal,I4/mmm,139,8
Mg2ZnCd2_id3519_E-1.25.cif,Mg2ZnCd2,-1.251,0.0,Metal,I-4m2,119,20
K2LiZn5Ge_id229_E-1.25.cif,K2LiZn5Ge,-1.2505,0.0,Metal,P-42m,111,9
Mg4Sc(ZnCd2)2_id4038_E-1.25.cif,Mg4Sc(ZnCd2)2,-1.2495,0.0,Metal,Pmna,53,22
Na4SrMg_id3802_E-1.25.cif,Na4SrMg,-1.2485,0.0,Metal,Immm,71,12
BaSrGaGe2_id2755_E-1.25.cif,BaSrGaGe2,-1.2483,0.063,Semiconductor,P3_221,154,15
NaZn4CdIn_id1114_E-1.25.cif,NaZn4CdIn,-1.2474,0.0,Metal,I4/mcm,140,28
BaCd2_id1573_E-1.25.cif,BaCd2,-1.2466,0.0,Metal,Imma,74,12
Li2Ca2Mg2Sc(CdIn)2_id1737_E-1.25.cif,Li2Ca2Mg2Sc(CdIn)2,-1.2461,0.0,Metal,P4_22_12,94,44
BeZn5_id120_E-1.25.cif,BeZn5,-1.2453,0.0,Metal,P2_12_12,18,24
KCaMg2_id3256_E-1.24.cif,KCaMg2,-1.2447,0.0,Metal,P-3m1,164,4
NaCd7InSn_id4502_E-1.24.cif,NaCd7InSn,-1.2438,0.0,Metal,C2/c,15,40
BaNaSr_id1026_E-1.24.cif,BaNaSr,-1.2432,0.0,Metal,P4/mmm,123,6
Zn_id3774_E-1.24.cif,Zn,-1.2429,0.0,Metal,I4_1/amd,141,12
Na5Al_id4144_E-1.24.cif,Na5Al,-1.241,0.0,Metal,I4_1/amd,141,24
NaLiMgCd_id55_E-1.24.cif,NaLiMgCd,-1.2406,0.0,Metal,P4/nmm,129,8
Zn_id1375_E-1.24.cif,Zn,-1.2393,0.0,Metal,I4mm,107,16
Li2MgGeAs2_id4285_E-1.24.cif,Li2MgGeAs2,-1.2391,0.008,Metal,C2,5,12
Na3Li3In_id1793_E-1.24.cif,Na3Li3In,-1.239,0.0,Metal,P-6c2,188,14
Li2MgCd4_id549_E-1.24.cif,Li2MgCd4,-1.2388,0.0,Metal,P6_3/mcm,193,28
K2NaGa_id12_E-1.24.cif,K2NaGa,-1.238,0.0,Metal,P4_332,212,16
Li2BeAlCdIn2_id623_E-1.24.cif,Li2BeAlCdIn2,-1.2357,0.0,Metal,P1,1,21
Ba3Ca_id468_E-1.24.cif,Ba3Ca,-1.2352,0.0,Metal,P4/mmm,123,8
Zn_id393_E-1.23.cif,Zn,-1.2347,0.0,Metal,Cmmm,65,6
Ba4SrIn6Sn11_id72_E-1.23.cif,Ba4SrIn6Sn11,-1.2338,0.0,Metal,P-31m,162,22
Mg2Cd3In_id2054_E-1.23.cif,Mg2Cd3In,-1.2338,0.0,Metal,P4/mmm,123,6
KZn6Ga_id414_E-1.23.cif,KZn6Ga,-1.2335,0.0,Metal,Pm-3,200,8
Mg5(ZnSi)4_id1529_E-1.23.cif,Mg5(ZnSi)4,-1.2325,0.0,Metal,I4_1/a,88,52
Ba3NaZn_id1526_E-1.23.cif,Ba3NaZn,-1.232,0.476,Semiconductor,Pm-3m,221,5
LiMg4Sb_id4718_E-1.23.cif,LiMg4Sb,-1.2313,1.68,Semiconductor,I4_1/amd,141,24
Li3Mg2_id597_E-1.23.cif,Li3Mg2,-1.2302,0.0,Metal,Ibca,73,40
Ba2NaSr4_id4085_E-1.23.cif,Ba2NaSr4,-1.2295,0.0,Metal,P4_2/nbc,133,28
Na3Zn_id4863_E-1.23.cif,Na3Zn,-1.2292,0.028,Metal,Fm-3m,225,16
BaNaLi_id1804_E-1.23.cif,BaNaLi,-1.2279,0.0,Metal,Pcc2,27,12
Sr7Ca7MgSn6_id70_E-1.23.cif,Sr7Ca7MgSn6,-1.2272,0.0,Metal,P6,168,21
NaMg6(CdIn)4_id209_E-1.23.cif,NaMg6(CdIn)4,-1.226,0.0,Metal,I4mm,107,30
KBa4NaCaGa_id3202_E-1.23.cif,KBa4NaCaGa,-1.2254,0.0,Metal,I-4m2,119,16
LiZn2Cd2InGa2_id4788_E-1.22.cif,LiZn2Cd2InGa2,-1.2228,0.0,Metal,P-4m2,115,8
K4Ba4Sr4LiMg4CdSn4_id1555_E-1.22.cif,K4Ba4Sr4LiMg4CdSn4,-1.2202,0.113,Semiconductor,P4nc,104,44
MgZn2_id989_E-1.22.cif,MgZn2,-1.2198,0.0,Metal,Pbcn,60,12
Na5Li2Cd6InGaSn2_id837_E-1.22.cif,Na5Li2Cd6InGaSn2,-1.2196,0.0,Metal,P2/c,13,34
Na2SrCa4GaSiO_id2554_E-1.22.cif,Na2SrCa4GaSiO,-1.2192,1.263,Semiconductor,P4/nmm,129,20
Na3CaMgCdIn3_id1108_E-1.22.cif,Na3CaMgCdIn3,-1.2181,0.0,Metal,P6_5,170,54
NaSrLi3CaScSnTe3_id2489_E-1.22.cif,NaSrLi3CaScSnTe3,-1.218,0.0,Metal,P2_1/m,11,22
NaLi3Zn3(InSn)2_id4861_E-1.22.cif,NaLi3Zn3(InSn)2,-1.2178,0.0,Metal,P4_3,78,44
Na4SrZn2_id3175_E-1.22.cif,Na4SrZn2,-1.2165,0.904,Semiconductor,Pban,50,14
Ca_id3865_E-1.22.cif,Ca,-1.2157,0.0,Metal,Pmm2,25,7
Ca2MgZn3Cd4_id2591_E-1.22.cif,Ca2MgZn3Cd4,-1.2151,0.0,Metal,Cmcm,63,40
Na4Al_id1638_E-1.21.cif,Na4Al,-1.2147,0.0,Metal,I4_1/a,88,20
BaNaLiCd_id2108_E-1.21.cif,BaNaLiCd,-1.2121,0.0,Metal,P6_5,170,24
Mg5In2_id4217_E-1.21.cif,Mg5In2,-1.2105,0.0,Metal,P4/ncc,130,28
TiZn4_id199_E-1.21.cif,TiZn4,-1.2103,0.0,Metal,P4_2/nmc,137,10
Mg7Cd8Ga_id4897_E-1.21.cif,Mg7Cd8Ga,-1.2103,0.0,Metal,P-6m2,187,16
AlCd7In2_id4941_E-1.21.cif,AlCd7In2,-1.2099,0.0,Metal,I422,97,20
Li4CaMg9_id2228_E-1.21.cif,Li4CaMg9,-1.2096,0.0,Metal,P4bm,100,28
CaMg(CdIn)2_id1386_E-1.21.cif,CaMg(CdIn)2,-1.2096,0.0,Metal,P4/mmm,123,6
KNa2ZnGe_id205_E-1.21.cif,KNa2ZnGe,-1.208,0.011,Metal,P4_3,78,20
Ba_id4846_E-1.20.cif,Ba,-1.2037,0.0,Metal,P4/mmm,123,4
Zn_id4310_E-1.20.cif,Zn,-1.2034,0.0,Metal,I4_1/acd,142,16
Na6AlSn3O2_id1407_E-1.20.cif,Na6AlSn3O2,-1.2014,0.005,Metal,Pnnm,58,24
Ca(MgCd)3_id1863_E-1.20.cif,Ca(MgCd)3,-1.2013,0.0,Metal,Ia-3,206,56
Na4(CaCd)3_id4953_E-1.20.cif,Na4(CaCd)3,-1.2009,0.023,Metal,I-43d,220,40
ZnCd2In_id3424_E-1.20.cif,ZnCd2In,-1.1988,0.0,Metal,P4/mmm,123,16
K4Cd3In4_id3402_E-1.20.cif,K4Cd3In4,-1.1986,0.0,Metal,I4_1/a,88,44
NaZn_id3085_E-1.20.cif,NaZn,-1.1981,0.099,Semiconductor,I4_1/acd,142,32
K2Ca2O7_id3201_E-1.20.cif,K2Ca2O7,-1.1965,1.503,Semiconductor,P31m,157,33
Cd3In_id421_E-1.19.cif,Cd3In,-1.1944,0.0,Metal,C222_1,20,16
Zn3Cd2Sn_id942_E-1.19.cif,Zn3Cd2Sn,-1.194,0.0,Metal,Immm,71,12
KNa6LiGa2_id1275_E-1.19.cif,KNa6LiGa2,-1.1939,0.637,Semiconductor,P321,150,10
Na_id3981_E-1.19.cif,Na,-1.1931,0.0,Metal,C2/m,12,16
Na4Li4Sb_id4572_E-1.19.cif,Na4Li4Sb,-1.1919,0.0,Metal,P42_12,90,18
K2Sr3Ca_id1374_E-1.19.cif,K2Sr3Ca,-1.1918,0.0,Metal,P6/mmm,191,6
LiCd4_id2525_E-1.19.cif,LiCd4,-1.1909,0.0,Metal,Ccce,68,20
Ba(SnTe3)2_id912_E-1.19.cif,Ba(SnTe3)2,-1.1902,0.858,Semiconductor,I4/mmm,139,18
Zn3(CdGa)2_id4117_E-1.19.cif,Zn3(CdGa)2,-1.1889,0.0,Metal,Imm2,44,28
Ca(Zn2Ga)4_id991_E-1.19.cif,Ca(Zn2Ga)4,-1.1887,0.0,Metal,P4_2/nmc,137,26
Na4Cd5In_id4828_E-1.19.cif,Na4Cd5In,-1.1867,0.0,Metal,P6/mmm,191,10
Sr2Zn_id3652_E-1.19.cif,Sr2Zn,-1.1864,0.0,Metal,I4/mmm,139,6
Mg2ZnCd3In2_id2551_E-1.19.cif,Mg2ZnCd3In2,-1.1857,0.0,Metal,P4mm,99,8
Ca2Zn2In_id4119_E-1.18.cif,Ca2Zn2In,-1.1838,0.0,Metal,I-4c2,120,20
LiMg3Zn4_id3155_E-1.18.cif,LiMg3Zn4,-1.1836,0.0,Metal,P-4c2,116,16
Ba3Na15Cd_id1878_E-1.18.cif,Ba3Na15Cd,-1.1822,0.0,Metal,P-6m2,187,19
KMgAlZn3Cd3InGa_id1812_E-1.18.cif,KMgAlZn3Cd3InGa,-1.1809,0.0,Metal,P-1,2,22
K4Mg2Cd3In2Ga3_id3423_E-1.18.cif,K4Mg2Cd3In2Ga3,-1.1799,0.0,Metal,P4_2/m,84,28
Ca3TeO3_id2357_E-1.18.cif,Ca3TeO3,-1.1775,1.668,Semiconductor,R-3,148,42
TiZn4_id2385_E-1.18.cif,TiZn4,-1.1763,0.0,Metal,P4_2/nmc,137,10
Mg6Sc_id4890_E-1.18.cif,Mg6Sc,-1.1758,0.0,Metal,P2_12_12_1,19,28
Ca_id547_E-1.18.cif,Ca,-1.1751,0.0,Metal,Pmma,51,16
LiZn3_id4892_E-1.17.cif,LiZn3,-1.1749,0.0,Metal,Pccm,49,8
LiMg3ZnIn_id3672_E-1.17.cif,LiMg3ZnIn,-1.1744,0.0,Metal,P3_1,144,18
K2BaNa_id3302_E-1.17.cif,K2BaNa,-1.1732,0.0,Metal,Pnnn,48,16
MgCd_id2151_E-1.17.cif,MgCd,-1.1728,0.024,Metal,Cmcm,63,8
Zn3Ga_id3527_E-1.17.cif,Zn3Ga,-1.1719,0.0,Metal,Immm,71,16
SrCa2Zn5_id3877_E-1.17.cif,SrCa2Zn5,-1.1699,0.0,Metal,I4/mcm,140,32
Li4Ca4Mg4Zn4Cd4Ga9_id4998_E-1.17.cif,Li4Ca4Mg4Zn4Cd4Ga9,-1.1696,1.411,Semiconductor,P4_2/n,86,58
Zn_id660_E-1.17.cif,Zn,-1.1693,0.0,Metal,P4_2/nmc,137,12
K(BaCd)3_id1237_E-1.17.cif,K(BaCd)3,-1.169,0.0,Metal,Pm-3n,223,14
Zn_id124_E-1.17.cif,Zn,-1.1676,0.0,Metal,I4_1/acd,142,16
Cd2Sn_id4188_E-1.17.cif,Cd2Sn,-1.1672,0.0,Metal,Pma2,28,18
Li6Mg11ScCd2In5_id3823_E-1.17.cif,Li6Mg11ScCd2In5,-1.1668,0.0,Metal,P-1,2,25
Mg3Cd2_id2179_E-1.17.cif,Mg3Cd2,-1.1662,0.0,Metal,Cccm,66,20
Mg12Cd12In_id809_E-1.16.cif,Mg12Cd12In,-1.164,0.0,Metal,I23,197,50
Ba2LiCd2_id2437_E-1.16.cif,Ba2LiCd2,-1.163,0.0,Metal,P422,89,20
CaZnCd3In2_id1609_E-1.16.cif,CaZnCd3In2,-1.1617,0.0,Metal,Pnma,62,28
NaCd4Ga_id2698_E-1.16.cif,NaCd4Ga,-1.1617,0.0,Metal,C2/m,12,12
KBa4Li10Ga_id1880_E-1.16.cif,KBa4Li10Ga,-1.1598,0.0,Metal,P-6m2,187,16
LiZnGa4_id1032_E-1.16.cif,LiZnGa4,-1.1595,0.0,Metal,P4/mmm,123,12
K2Sr_id4080_E-1.16.cif,K2Sr,-1.159,0.0,Metal,C2/m,12,6
Mg8In5_id3004_E-1.16.cif,Mg8In5,-1.159,0.0,Metal,P4_22_12,94,26
Sr3Li6Ca6MgN3O_id2610_E-1.16.cif,Sr3Li6Ca6MgN3O,-1.1588,0.032,Metal,P6_322,182,40
Mg3In4Sn_id1682_E-1.16.cif,Mg3In4Sn,-1.1575,0.0,Metal,P-6,174,8
AlZn2_id2691_E-1.16.cif,AlZn2,-1.1572,0.0,Metal,Pnnn,48,12
Na3Cd_id3887_E-1.16.cif,Na3Cd,-1.1566,0.616,Semiconductor,Im-3m,229,8
Na6Cd_id1953_E-1.15.cif,Na6Cd,-1.1547,0.0,Metal,R-3,148,21
Zn3CdGa_id1913_E-1.15.cif,Zn3CdGa,-1.1531,0.0,Metal,Cmm2,35,10
BaSr3Cd_id3680_E-1.15.cif,BaSr3Cd,-1.1527,0.0,Metal,Pmmm,47,5
Na_id4121_E-1.15.cif,Na,-1.1519,0.0,Metal,C2/c,15,36
Ca4Mg24Sc3In_id2136_E-1.15.cif,Ca4Mg24Sc3In,-1.1509,0.0,Metal,Pm-3m,221,32
Sr_id3544_E-1.15.cif,Sr,-1.1506,0.0,Metal,Pmna,53,12
Al3AsS_id492_E-1.15.cif,Al3AsS,-1.1504,0.0,Metal,P3_212,153,15
Sr(CaMg)3_id3586_E-1.15.cif,Sr(CaMg)3,-1.1501,0.001,Metal,Amm2,38,14
Zn_id3614_E-1.15.cif,Zn,-1.1493,0.0,Metal,P4/nmm,129,8
Na7Zn3_id1250_E-1.15.cif,Na7Zn3,-1.149,0.321,Semiconductor,I-43d,220,40
Cd4In_id3812_E-1.15.cif,Cd4In,-1.1487,0.0,Metal,Im-3m,229,10
Cd4In_id435_E-1.15.cif,Cd4In,-1.1487,0.0,Metal,Im-3m,229,10
Ca8Mg_id4508_E-1.15.cif,Ca8Mg,-1.1482,0.0,Metal,Fm-3m,225,36
BaMg8(CdIn2)4_id2870_E-1.15.cif,BaMg8(CdIn2)4,-1.1477,0.0,Metal,P4_2/nmc,137,42
Zn8Ga3_id524_E-1.15.cif,Zn8Ga3,-1.1475,0.0,Metal,P-62m,189,11
Cd7InGa_id621_E-1.15.cif,Cd7InGa,-1.147,0.0,Metal,Pmna,53,18
Ca_id3196_E-1.15.cif,Ca,-1.1467,0.048,Metal,Pmna,53,12
MgAlZnCd4Ga7Sn_id3498_E-1.15.cif,MgAlZnCd4Ga7Sn,-1.1456,0.0,Metal,P1,1,30
Cd3Ga_id2440_E-1.15.cif,Cd3Ga,-1.1451,0.0,Metal,P-42c,112,16
Mg(Zn2Ga)2_id3804_E-1.14.cif,Mg(Zn2Ga)2,-1.1448,0.0,Metal,Pbcn,60,28
Ba3Ca8MgIn6_id2115_E-1.14.cif,Ba3Ca8MgIn6,-1.1433,0.006,Metal,P-6m2,187,18
KNa2_id4105_E-1.14.cif,KNa2,-1.1432,0.0,Metal,Pbcn,60,12
Ba2Sr5_id2962_E-1.14.cif,Ba2Sr5,-1.1402,0.0,Metal,P3m1,156,7
Cd4Sn_id3895_E-1.14.cif,Cd4Sn,-1.1402,0.0,Metal,I4_1/a,88,20
Ba4MgCd4In9Sb4_id708_E-1.14.cif,Ba4MgCd4In9Sb4,-1.1396,0.0,Metal,P4_2/n,86,44
K4Sr4LiMg4Cd9Sn4_id3505_E-1.14.cif,K4Sr4LiMg4Cd9Sn4,-1.1394,0.0,Metal,P-42_1c,114,52
CaMg8_id3661_E-1.14.cif,CaMg8,-1.1394,0.0,Metal,Fm-3m,225,36
Zn_id1110_E-1.14.cif,Zn,-1.1364,0.0,Metal,I4_1/amd,141,16
Li3Cd15Sn4_id4680_E-1.14.cif,Li3Cd15Sn4,-1.1356,0.0,Metal,P23,195,22
Na_id1276_E-1.14.cif,Na,-1.1351,0.001,Metal,P4_12_12,92,40
Li4Cd_id4332_E-1.13.cif,Li4Cd,-1.1341,0.0,Metal,P-6c2,188,10
Sr2Zn5Cd2_id3813_E-1.13.cif,Sr2Zn5Cd2,-1.1337,0.0,Metal,Fmmm,69,36
Li12Al(ZnGa2)3_id2377_E-1.13.cif,Li12Al(ZnGa2)3,-1.1335,0.0,Metal,Pm-3,200,22
Cd4Ga_id4138_E-1.13.cif,Cd4Ga,-1.133,0.0,Metal,P4_2/n,86,10
NaMgCd6_id4796_E-1.13.cif,NaMgCd6,-1.1303,0.0,Metal,Fm-3m,225,32
NaMgCd6_id2902_E-1.13.cif,NaMgCd6,-1.1303,0.0,Metal,Fm-3m,225,32
NaZn4_id1058_E-1.13.cif,NaZn4,-1.1284,0.0,Metal,Ccce,68,20
Cd4Ga_id194_E-1.13.cif,Cd4Ga,-1.128,0.0,Metal,P4/ncc,130,20
Na3CaIn_id1345_E-1.13.cif,Na3CaIn,-1.1278,0.0,Metal,R32,155,30
Na4Mg7Cd3_id4668_E-1.13.cif,Na4Mg7Cd3,-1.1268,0.0,Metal,I-43d,220,56
KBa2_id2343_E-1.13.cif,KBa2,-1.1265,0.0,Metal,P6/mcc,192,36
Li2Ca3_id2695_E-1.13.cif,Li2Ca3,-1.1263,0.0,Metal,P4_2mc,105,20
Na2Li8CaIn2_id3449_E-1.13.cif,Na2Li8CaIn2,-1.1252,0.0,Metal,P42_12,90,26
Mg5ZnCd_id4088_E-1.12.cif,Mg5ZnCd,-1.1244,0.0,Metal,P4mm,99,7
Na7Cd6In5_id353_E-1.12.cif,Na7Cd6In5,-1.1236,0.0,Metal,P-4c2,116,36
K2ZnGa_id3772_E-1.12.cif,K2ZnGa,-1.1209,0.204,Semiconductor,P4_2/m,84,16
MgZn6_id3090_E-1.12.cif,MgZn6,-1.12,0.0,Metal,I4/mmm,139,14
Cd8InGa_id2018_E-1.12.cif,Cd8InGa,-1.1197,0.0,Metal,P4/nbm,125,20
Cd4In_id1745_E-1.12.cif,Cd4In,-1.1196,0.0,Metal,Ccce,68,20
Li7Cd3_id3410_E-1.12.cif,Li7Cd3,-1.1172,0.029,Metal,Im-3m,229,20
Li3Mg3In_id2592_E-1.12.cif,Li3Mg3In,-1.117,0.0,Metal,Pmmm,47,7
K2Li6Mg(CdIn)6_id672_E-1.12.cif,K2Li6Mg(CdIn)6,-1.1158,0.0,Metal,Pm,6,21
SrZn3_id754_E-1.11.cif,SrZn3,-1.1141,0.0,Metal,P4/mmm,123,8
KZn2_id3319_E-1.11.cif,KZn2,-1.113,0.0,Metal,P4/nmm,129,12
Na_id2686_E-1.11.cif,Na,-1.1127,0.0,Metal,P2_12_12_1,19,12
Zn_id3993_E-1.11.cif,Zn,-1.1113,0.0,Metal,Pm-3m,221,12
K5Sr7_id2683_E-1.11.cif,K5Sr7,-1.1094,0.0,Metal,P6/mmm,191,12
NaMg7_id1228_E-1.11.cif,NaMg7,-1.1086,0.0,Metal,P4_2/m,84,16
K2NaLiMg2_id823_E-1.11.cif,K2NaLiMg2,-1.1073,0.0,Metal,R-3m,166,18
Cd3In_id3852_E-1.11.cif,Cd3In,-1.1073,0.0,Metal,P4/mmm,123,8
MgCd2_id498_E-1.11.cif,MgCd2,-1.1053,0.0,Metal,Pmmm,47,6
Li2Cd11In2_id4426_E-1.10.cif,Li2Cd11In2,-1.1028,0.0,Metal,Pmmm,47,15
K4Li2CdIn_id2508_E-1.10.cif,K4Li2CdIn,-1.101,0.0,Metal,P42_12,90,16
Na4Zn3_id1269_E-1.10.cif,Na4Zn3,-1.1009,0.103,Semiconductor,I-43d,220,28
Li2Mg2Cd3_id4947_E-1.10.cif,Li2Mg2Cd3,-1.1007,0.0,Metal,Cmcm,63,28
KNa4(Cd4Ga)3_id802_E-1.10.cif,KNa4(Cd4Ga)3,-1.1003,0.0,Metal,Im-3,204,40
Zn2Ga_id1268_E-1.10.cif,Zn2Ga,-1.1002,0.0,Metal,P6_5,170,18
KZnCd_id1440_E-1.10.cif,KZnCd,-1.0987,0.06,Semiconductor,Cmcm,63,12
Na_id1414_E-1.10.cif,Na,-1.0964,0.004,Metal,Ibca,73,24
Mg_id1392_E-1.10.cif,Mg,-1.0961,0.0,Metal,I4_1/a,88,20
Mg3Zn4Ga4Ge_id201_E-1.09.cif,Mg3Zn4Ga4Ge,-1.0941,0.0,Metal,P-42c,112,24
BaSrLi6ZnCd3_id857_E-1.09.cif,BaSrLi6ZnCd3,-1.0929,0.0,Metal,P4_3,78,48
Mg12BN_id4059_E-1.09.cif,Mg12BN,-1.0894,0.0,Metal,P6_322,182,28
KNa6Li_id4196_E-1.09.cif,KNa6Li,-1.0892,0.0,Metal,P-31c,163,16
CaZn12_id3848_E-1.09.cif,CaZn12,-1.0887,0.0,Metal,P4_2/nmc,137,26
Mg_id1516_E-1.09.cif,Mg,-1.0886,0.013,Metal,F222,22,36
Mg_id2143_E-1.09.cif,Mg,-1.0886,0.0,Metal,P4_2/m,84,20
BaNa2SrLi_id4270_E-1.09.cif,BaNa2SrLi,-1.0883,0.0,Metal,Imm2,44,20
Li2BeZn8Cd8Ga_id2034_E-1.09.cif,Li2BeZn8Cd8Ga,-1.0879,0.0,Metal,I422,97,40
MgSc3Zn7Cd_id1994_E-1.09.cif,MgSc3Zn7Cd,-1.0869,5.864,Insulator,Pmmn,59,24
K_id721_E-1.09.cif,K,-1.0862,0.0,Metal,P-3c1,165,12
KNa12_id4567_E-1.09.cif,KNa12,-1.0859,0.0,Metal,P4_2/nnm,134,26
Li5Ca11_id2754_E-1.09.cif,Li5Ca11,-1.0852,0.0,Metal,P6/mmm,191,16
NaSr2Ca6MgCd2Sn_id1406_E-1.08.cif,NaSr2Ca6MgCd2Sn,-1.0846,0.008,Metal,P6_2,171,39
Li2ScAl2Zn2CdInGa2_id2968_E-1.08.cif,Li2ScAl2Zn2CdInGa2,-1.0843,0.0,Metal,P3_1,144,33
Na4Mg2Ga_id3777_E-1.08.cif,Na4Mg2Ga,-1.0836,0.0,Metal,P6_2,171,42
CaMg15Cd8_id213_E-1.08.cif,CaMg15Cd8,-1.0815,0.0,Metal,Pm-3m,221,24
BaMg7Zn_id4561_E-1.08.cif,BaMg7Zn,-1.0809,0.0,Metal,P-6m2,187,9
MgScCd2_id2935_E-1.08.cif,MgScCd2,-1.0804,0.0,Metal,P422,89,16
Mg5Ga_id1503_E-1.08.cif,Mg5Ga,-1.0802,0.0,Metal,P4_2/mcm,132,12
KSrCaInSn2_id3127_E-1.08.cif,KSrCaInSn2,-1.0785,0.0,Metal,I-4m2,119,12
Mg5Zn6Cd4Ga_id1927_E-1.08.cif,Mg5Zn6Cd4Ga,-1.0784,1.221,Semiconductor,P-6m2,187,16
Li2Zn5Cd_id2944_E-1.08.cif,Li2Zn5Cd,-1.0782,0.0,Metal,P3_1,144,24
Li7(MgZn5)3_id3711_E-1.08.cif,Li7(MgZn5)3,-1.0782,0.0,Metal,P23,195,25
Zn7Ga_id1654_E-1.07.cif,Zn7Ga,-1.0744,0.0,Metal,P1,1,32
Ca_id4535_E-1.07.cif,Ca,-1.0737,0.055,Semiconductor,P-1,2,15
Mg2Zn8Ga_id2170_E-1.07.cif,Mg2Zn8Ga,-1.0734,0.0,Metal,Imm2,44,22
Al2ZnGa_id4761_E-1.07.cif,Al2ZnGa,-1.0724,0.0,Metal,Imma,74,16
KNa6Mg_id3329_E-1.07.cif,KNa6Mg,-1.0717,0.0,Metal,P-31c,163,16
BaCd2_id123_E-1.07.cif,BaCd2,-1.0716,0.0,Metal,P4/mmm,123,12
Na6Cd2In_id4363_E-1.07.cif,Na6Cd2In,-1.0702,0.0,Metal,P-3c1,165,18
K7(Zn2In)2_id1179_E-1.07.cif,K7(Zn2In)2,-1.0693,0.025,Metal,C222,21,26
K3NaCd3SnAs_id3712_E-1.07.cif,K3NaCd3SnAs,-1.069,0.0,Metal,P4_322,95,36
K6NaIn_id1376_E-1.07.cif,K6NaIn,-1.0684,0.0,Metal,P-31c,163,16
ZnCd4In_id214_E-1.07.cif,ZnCd4In,-1.0678,0.0,Metal,P-6,174,6
Li2ZnIn2Ga2Sn_id3203_E-1.07.cif,Li2ZnIn2Ga2Sn,-1.066,0.0,Metal,P4/mmm,123,16
NaLiCd6_id1989_E-1.07.cif,NaLiCd6,-1.066,0.0,Metal,P-31c,163,16
Na6Mg18ScGa8_id3903_E-1.06.cif,Na6Mg18ScGa8,-1.063,0.0,Metal,P1,1,33
Na20Ga_id3455_E-1.06.cif,Na20Ga,-1.0624,0.012,Metal,P2_1,4,42
Zn_id3665_E-1.06.cif,Zn,-1.0612,0.0,Metal,Cmcm,63,24
Zn8Ga_id3745_E-1.06.cif,Zn8Ga,-1.0605,0.0,Metal,Pban,50,18
K7CaCd_id431_E-1.06.cif,K7CaCd,-1.0603,0.0,Metal,P-31c,163,18
K2Li4Cd3_id74_E-1.06.cif,K2Li4Cd3,-1.0584,0.0,Metal,C222_1,20,36
MgCd2_id3073_E-1.06.cif,MgCd2,-1.0582,0.0,Metal,Pbca,61,12
K4Li3CaZn12_id4153_E-1.06.cif,K4Li3CaZn12,-1.0575,0.0,Metal,Im-3,204,40
K6Li6Ca2Mg_id2720_E-1.06.cif,K6Li6Ca2Mg,-1.0568,0.0,Metal,P6/mmm,191,15
LiZn2_id834_E-1.06.cif,LiZn2,-1.0564,0.0,Metal,Ccc2,37,12
CaCd2_id3262_E-1.06.cif,CaCd2,-1.0556,0.0,Metal,P4/nmm,129,12
LiZn6In3Ge_id1837_E-1.06.cif,LiZn6In3Ge,-1.0555,0.0,Metal,P6_322,182,22
Na_id222_E-1.05.cif,Na,-1.0521,0.242,Semiconductor,I4/mmm,139,10
Ca4Si_id2684_E-1.05.cif,Ca4Si,-1.052,0.476,Semiconductor,Ccce,68,20
NaLiZn2_id3754_E-1.05.cif,NaLiZn2,-1.0503,0.0,Metal,P2_1/m,11,8
Na(Sr3Ca)2_id2842_E-1.05.cif,Na(Sr3Ca)2,-1.0501,0.0,Metal,Pmm2,25,9
K2BaNaLiMgZn_id832_E-1.05.cif,K2BaNaLiMgZn,-1.0483,0.0,Metal,P3_112,151,21
NaMgCd6_id4264_E-1.05.cif,NaMgCd6,-1.0458,0.0,Metal,P-31c,163,16
MgCd2_id1632_E-1.04.cif,MgCd2,-1.0443,0.0,Metal,P-62m,189,9
Na7Cd3In2_id180_E-1.04.cif,Na7Cd3In2,-1.0416,0.011,Metal,P6/mmm,191,12
K_id1847_E-1.04.cif,K,-1.0398,0.0,Metal,P321,150,10
CdIn_id2560_E-1.04.cif,CdIn,-1.0395,0.0,Metal,I-43d,220,32
Na29Li3Ca_id1358_E-1.04.cif,Na29Li3Ca,-1.0384,0.0,Metal,P2,3,33
KBaCd_id552_E-1.04.cif,KBaCd,-1.0375,0.0,Metal,P2_12_12_1,19,12
Cd8In_id2986_E-1.04.cif,Cd8In,-1.0353,0.0,Metal,I4/m,87,18
MgCd4_id3309_E-1.03.cif,MgCd4,-1.0331,0.0,Metal,Ccce,68,20
Li4Zn3_id2215_E-1.03.cif,Li4Zn3,-1.0331,6.661,Insulator,P6_3cm,185,14
KCd4In_id557_E-1.03.cif,KCd4In,-1.0324,0.566,Semiconductor,P-4c2,116,12
Li2Ca7_id1101_E-1.03.cif,Li2Ca7,-1.0317,0.0,Metal,Fmm2,42,36
Zn5CdGa_id818_E-1.03.cif,Zn5CdGa,-1.0312,0.0,Metal,P-42m,111,7
MgZn13(GaSb)8_id4408_E-1.03.cif,MgZn13(GaSb)8,-1.0304,0.022,Metal,I422,97,60
K2Ba_id4281_E-1.03.cif,K2Ba,-1.0295,0.0,Metal,P-3c1,165,12
Zn_id4779_E-1.03.cif,Zn,-1.0292,0.0,Metal,Pbam,55,12
Cd2In_id4610_E-1.03.cif,Cd2In,-1.0288,0.0,Metal,P4_2/m,84,24
MgZn5Cd2Te8(SeS)4_id1558_E-1.03.cif,MgZn5Cd2Te8(SeS)4,-1.0284,1.04,Semiconductor,P-42c,112,48
K7Cd_id1750_E-1.03.cif,K7Cd,-1.0279,0.0,Metal,P-31c,163,16
BaNa2_id490_E-1.03.cif,BaNa2,-1.0271,0.049,Metal,Im-3m,229,36
Mg3ZnCd4_id3637_E-1.03.cif,Mg3ZnCd4,-1.027,0.0,Metal,Pbam,55,16
Mg4ScZn4Cd_id3797_E-1.03.cif,Mg4ScZn4Cd,-1.0261,0.0,Metal,P4_2/n,86,20
CaZnCd_id1303_E-1.03.cif,CaZnCd,-1.0256,0.0,Metal,P4/nmm,129,12
Li16Mg6AlIn6_id4991_E-1.03.cif,Li16Mg6AlIn6,-1.0253,0.0,Metal,P6/mmm,191,29
Sr2LiMg3Cd2_id2523_E-1.02.cif,Sr2LiMg3Cd2,-1.0236,0.0,Metal,Amm2,38,16
Zn_id3049_E-1.02.cif,Zn,-1.0229,0.0,Metal,Ccce,68,20
KCd_id2865_E-1.02.cif,KCd,-1.0228,0.046,Metal,P3_221,154,6
SrIn_id4127_E-1.02.cif,SrIn,-1.0213,0.0,Metal,I4/mmm,139,4
Zn_id257_E-1.02.cif,Zn,-1.0202,0.0,Metal,Pbam,55,12
Mg2Zn_id4798_E-1.02.cif,Mg2Zn,-1.0195,0.0,Metal,P432,207,36
Sr2LiCd3_id2854_E-1.02.cif,Sr2LiCd3,-1.0193,0.0,Metal,Pbam,55,12
MgCd3_id4275_E-1.02.cif,MgCd3,-1.0161,0.0,Metal,Im-3m,229,8
K_id745_E-1.02.cif,K,-1.0156,0.0,Metal,Fm-3m,225,12
K_id495_E-1.02.cif,K,-1.0156,0.0,Metal,Fm-3m,225,12
K_id4287_E-1.02.cif,K,-1.0156,0.0,Metal,Fm-3m,225,12
Zn17Ga4_id574_E-1.01.cif,Zn17Ga4,-1.0141,0.0,Metal,Pc,7,42
K2AlGa2_id2344_E-1.01.cif,K2AlGa2,-1.0132,0.049,Metal,Cmce,64,20
ScZn3_id3179_E-1.01.cif,ScZn3,-1.0097,0.0,Metal,P6_3/m,176,8
Cd8In2Ga_id887_E-1.01.cif,Cd8In2Ga,-1.0085,0.022,Metal,P4_2/nnm,134,22
Li2CdGa3Sn2_id4760_E-1.01.cif,Li2CdGa3Sn2,-1.0068,0.002,Metal,P-3m1,164,8
Na3Li3Mg_id4249_E-1.01.cif,Na3Li3Mg,-1.0067,0.0,Metal,P-6c2,188,14
Ba2BeAl_id2039_E-1.01.cif,Ba2BeAl,-1.0065,0.0,Metal,P-42c,112,16
Ba(Ca9Sc)2_id4769_E-1.01.cif,Ba(Ca9Sc)2,-1.006,0.0,Metal,P6/mmm,191,21
K_id3541_E-1.01.cif,K,-1.0052,0.0,Metal,I4_1/acd,142,16
Na3ScZnSn3_id1565_E-1.00.cif,Na3ScZnSn3,-1.0035,0.0,Metal,P3c1,158,16
Ca5Cd2_id2667_E-1.00.cif,Ca5Cd2,-1.0029,0.0,Metal,P2/m,10,14
Na2Sr4LiZn3_id3884_E-1.00.cif,Na2Sr4LiZn3,-1.0028,0.0,Metal,I4/mcm,140,40
Al2ZnCd2Ga_id3820_E-1.00.cif,Al2ZnCd2Ga,-1.0011,0.0,Metal,P4_222,93,24
SrCa2_id899_E-1.00.cif,SrCa2,-0.9997,0.0,Metal,Pmna,53,18
Zn_id3786_E-1.00.cif,Zn,-0.999,0.0,Metal,Cmmm,65,12
Ba2Na4Sr4Ca_id4772_E-1.00.cif,Ba2Na4Sr4Ca,-0.9986,0.0,Metal,P4/nbm,125,22
K2Na7_id4227_E-1.00.cif,K2Na7,-0.9985,0.0,Metal,P6/mmm,191,9
Mg_id2243_E-1.00.cif,Mg,-0.9975,0.0,Metal,Pmna,53,18
Na4Cd2In_id1519_E-1.00.cif,Na4Cd2In,-0.9971,0.0,Metal,Immm,71,14
Mg_id1557_E-1.00.cif,Mg,-0.9964,0.0,Metal,I4_1/acd,142,16
Mg3Zn_id2297_E-1.00.cif,Mg3Zn,-0.9954,0.0,Metal,P6_3cm,185,16
K7Na_id2262_E-0.99.cif,K7Na,-0.9938,0.0,Metal,P-31c,163,16
K3Na2_id1154_E-0.99.cif,K3Na2,-0.9926,0.0,Metal,P-4c2,116,10
Ca4(Mg2Cd)3_id1594_E-0.99.cif,Ca4(Mg2Cd)3,-0.9925,0.0,Metal,Cmce,64,52
BaSr2Zn2CdGa2_id3434_E-0.99.cif,BaSr2Zn2CdGa2,-0.9899,0.0,Metal,I4/mcm,140,32
Na4Sr4Cd6Sn_id3150_E-0.99.cif,Na4Sr4Cd6Sn,-0.9882,0.0,Metal,Cmce,64,60
Na12Cd_id2706_E-0.99.cif,Na12Cd,-0.9868,0.0,Metal,P4_232,208,52
Mg4ScIn_id4906_E-0.99.cif,Mg4ScIn,-0.9854,0.0,Metal,I4/mmm,139,12
Li6CaGa3_id3340_E-0.98.cif,Li6CaGa3,-0.9838,0.0,Metal,Pm-3,200,10
K9Ba_id1723_E-0.98.cif,K9Ba,-0.983,0.0,Metal,P6/mmm,191,10
Na8Cd5In_id4766_E-0.98.cif,Na8Cd5In,-0.9829,0.019,Metal,P6/mmm,191,14
Cd9In_id4999_E-0.98.cif,Cd9In,-0.9829,0.0,Metal,P4/nbm,125,20
K4SiAs4(Se2S)2_id2818_E-0.98.cif,K4SiAs4(Se2S)2,-0.9826,0.292,Semiconductor,Pn-3m,224,30
LiZn5_id1829_E-0.98.cif,LiZn5,-0.982,0.0,Metal,P6_1,169,36
CaNO13_id4414_E-0.98.cif,CaNO13,-0.9814,1.841,Semiconductor,P31c,159,30
Zn9Ga_id4339_E-0.98.cif,Zn9Ga,-0.9804,0.0,Metal,Cmm2,35,20
BaNa(LiMg)3_id4952_E-0.98.cif,BaNa(LiMg)3,-0.9794,3.216,Semiconductor,C2,5,48
NaZnCd4_id3140_E-0.98.cif,NaZnCd4,-0.9793,0.0,Metal,I422,97,12
K2CaCd3_id2587_E-0.98.cif,K2CaCd3,-0.9786,0.0,Metal,P-31m,162,12
Mg3Al(Zn2Ga3)2_id2972_E-0.98.cif,Mg3Al(Zn2Ga3)2,-0.9774,0.0,Metal,I422,97,28
Ba3(LiCa2)2_id2186_E-0.98.cif,Ba3(LiCa2)2,-0.9771,0.0,Metal,P6/mmm,191,9
Ti(AlZn2)2_id3676_E-0.98.cif,Ti(AlZn2)2,-0.9751,0.0,Metal,R-3m,166,21
LiZn_id2504_E-0.97.cif,LiZn,-0.9749,0.0,Metal,I4_1/acd,142,32
Ca_id51_E-0.97.cif,Ca,-0.9738,0.0,Metal,P-31m,162,15
CaZn4_id4883_E-0.97.cif,CaZn4,-0.9727,0.006,Metal,Ccce,68,20
MgZn3_id510_E-0.97.cif,MgZn3,-0.9721,0.0,Metal,P4_2/mbc,135,16
KCd4_id368_E-0.97.cif,KCd4,-0.972,0.0,Metal,P4_2/nmc,137,10
K5NaZnIn_id407_E-0.97.cif,K5NaZnIn,-0.9717,0.303,Semiconductor,Pcc2,27,32
NaCd_id4886_E-0.97.cif,NaCd,-0.9712,0.0,Metal,P4_222,93,16
MgCd3_id4689_E-0.97.cif,MgCd3,-0.9711,0.0,Metal,P6_3/mcm,193,16
Li2CaInGe_id3441_E-0.97.cif,Li2CaInGe,-0.9684,0.0,Metal,Iba2,45,40
Na_id4297_E-0.97.cif,Na,-0.9675,0.0,Metal,P4_2/mcm,132,12
CaMg3_id2931_E-0.97.cif,CaMg3,-0.9656,0.0,Metal,P4/mmm,123,16
Mg_id2003_E-0.97.cif,Mg,-0.9652,0.0,Metal,P2_12_12_1,19,20
K6Na12Sc_id3960_E-0.96.cif,K6Na12Sc,-0.9643,0.006,Metal,I23,197,38
MgZnCd3_id4869_E-0.96.cif,MgZnCd3,-0.962,0.0,Metal,Pm-3m,221,5
Al2Zn_id3782_E-0.96.cif,Al2Zn,-0.9609,0.0,Metal,P4mm,99,12
BaCd4_id1251_E-0.96.cif,BaCd4,-0.9581,0.0,Metal,P4_2/nmc,137,10
Ba2Zn2CdIn8Sn_id4997_E-0.96.cif,Ba2Zn2CdIn8Sn,-0.9579,0.0,Metal,Pm,6,28
Li(Mg2Cd)2_id4406_E-0.96.cif,Li(Mg2Cd)2,-0.9579,0.0,Metal,Cmce,64,28
SrCd4_id4018_E-0.96.cif,SrCd4,-0.9576,0.0,Metal,P4/mbm,127,20
BaNa4_id1227_E-0.96.cif,BaNa4,-0.9574,0.0,Metal,P4_2/m,84,20
Li8Cd12In_id267_E-0.96.cif,Li8Cd12In,-0.9563,0.0,Metal,Pm-3m,221,21
LiCd2Ga_id1105_E-0.96.cif,LiCd2Ga,-0.9554,0.0,Metal,P6_5,170,24
Na8LiMg3_id4840_E-0.95.cif,Na8LiMg3,-0.9512,0.938,Semiconductor,P2/c,13,24
NaLi2Mg2Zn2(Cd6In)2_id3662_E-0.95.cif,NaLi2Mg2Zn2(Cd6In)2,-0.9503,0.0,Metal,P-1,2,21
Mg2Zn5_id333_E-0.95.cif,Mg2Zn5,-0.9503,0.0,Metal,P4_232,208,42
Zn_id3939_E-0.95.cif,Zn,-0.9494,0.0,Metal,I4_1/acd,142,48
CdIn5_id1163_E-0.95.cif,CdIn5,-0.9489,0.0,Metal,Imm2,44,12
Sr3Li2InSn_id4928_E-0.95.cif,Sr3Li2InSn,-0.9482,0.0,Metal,I4/mcm,140,28
BaMg4Zn8(CdGa)8_id3513_E-0.95.cif,BaMg4Zn8(CdGa)8,-0.9477,0.0,Metal,P4_2/nmc,137,58
MgZn8Cd_id2104_E-0.95.cif,MgZn8Cd,-0.9476,0.0,Metal,C2/c,15,40
Ca4Zn3_id3374_E-0.95.cif,Ca4Zn3,-0.9454,0.0,Metal,I4_1/a,88,28
NaCd7_id1552_E-0.94.cif,NaCd7,-0.9448,0.0,Metal,Pmmn,59,16
Ca13Cd2_id1072_E-0.94.cif,Ca13Cd2,-0.9416,0.01,Metal,P6/mmm,191,15
NaCd_id3146_E-0.94.cif,NaCd,-0.9416,0.015,Metal,P-6c2,188,16
Li4Zn11Cd9Ga2_id4005_E-0.94.cif,Li4Zn11Cd9Ga2,-0.9406,0.0,Metal,P2/m,10,26
K_id3026_E-0.94.cif,K,-0.94,0.0,Metal,P4/nmm,129,8
Mg6Al2(ZnCd)5_id4722_E-0.94.cif,Mg6Al2(ZnCd)5,-0.9398,0.0,Metal,P2_1/c,14,36
Li3Zn9In_id92_E-0.94.cif,Li3Zn9In,-0.9397,0.0,Metal,Pmmm,47,13
K5(NaGa)2_id3509_E-0.94.cif,K5(NaGa)2,-0.939,0.052,Semiconductor,Pcc2,27,36
K3Zn2Cd(GaTe)2_id390_E-0.94.cif,K3Zn2Cd(GaTe)2,-0.9385,0.0,Metal,P1,1,30
AlCd2In_id4463_E-0.94.cif,AlCd2In,-0.9384,0.0,Metal,P4mm,99,4
SrLi5Ca9_id4027_E-0.94.cif,SrLi5Ca9,-0.9363,0.0,Metal,P6/mmm,191,15
Li7Zn3Cd8_id1256_E-0.94.cif,Li7Zn3Cd8,-0.9354,0.0,Metal,P6/mmm,191,18
Sr3Ca4_id3003_E-0.94.cif,Sr3Ca4,-0.9351,0.0,Metal,Pmna,53,14
Na8LiCd_id572_E-0.93.cif,Na8LiCd,-0.9346,0.0,Metal,P3_112,151,30
Mg18Sc2In_id2722_E-0.93.cif,Mg18Sc2In,-0.9346,0.0,Metal,P6/mmm,191,21
Sr(LiZn)2_id299_E-0.93.cif,Sr(LiZn)2,-0.9327,0.0,Metal,I-4c2,120,20
Li(ZnCd)3_id2486_E-0.93.cif,Li(ZnCd)3,-0.9321,0.0,Metal,Pm-3n,223,14
Zn4Sn_id1074_E-0.93.cif,Zn4Sn,-0.9302,0.0,Metal,P4_2/nmc,137,10
Mg_id2530_E-0.93.cif,Mg,-0.9273,0.0,Metal,P6/mmm,191,24
Mg_id3445_E-0.93.cif,Mg,-0.9269,0.0,Metal,P4_2/ncm,138,16
NaSr_id2450_E-0.93.cif,NaSr,-0.9266,0.0,Metal,Ibca,73,32
Na2MgCd3_id3459_E-0.93.cif,Na2MgCd3,-0.9265,0.054,Semiconductor,Pbam,55,12
MgZn5_id2552_E-0.93.cif,MgZn5,-0.9254,0.0,Metal,Pmmm,47,6
Cd3P2_id2129_E-0.93.cif,Cd3P2,-0.9253,0.0,Metal,P4/mmm,123,10
Mg_id1968_E-0.92.cif,Mg,-0.9244,0.0,Metal,Pmna,53,22
Mg_id1904_E-0.92.cif,Mg,-0.9232,0.0,Metal,Pmna,53,30
Cd4In_id2597_E-0.92.cif,Cd4In,-0.9227,0.0,Metal,I4/mcm,140,20
Mg2ZnGaSi2P_id1803_E-0.92.cif,Mg2ZnGaSi2P,-0.9224,0.854,Semiconductor,Pnma,62,28
BeZn4Cd(Ga3O8)2_id4337_E-0.92.cif,BeZn4Cd(Ga3O8)2,-0.9218,2.727,Semiconductor,P-42c,112,56
CaMg21_id2601_E-0.92.cif,CaMg21,-0.9211,0.0,Metal,Pm-3m,221,22
KGa3SiSn_id83_E-0.92.cif,KGa3SiSn,-0.9204,0.177,Semiconductor,P-6m2,187,6
K_id1800_E-0.92.cif,K,-0.9203,0.0,Metal,P-42_1c,114,18
Ca9In2_id779_E-0.92.cif,Ca9In2,-0.9203,0.0,Metal,P4_2cm,101,44
ZnCd4_id1332_E-0.92.cif,ZnCd4,-0.9201,0.0,Metal,Im-3m,229,10
NaCd2O_id3595_E-0.92.cif,NaCd2O,-0.9191,0.0,Metal,P4_2/mmc,131,8
KCd2_id4203_E-0.92.cif,KCd2,-0.9185,0.384,Semiconductor,P-4c2,116,18
Na2LiMgCd6In3O9_id4276_E-0.92.cif,Na2LiMgCd6In3O9,-0.918,2.491,Semiconductor,P31m,157,22
K4NaCd2In_id2240_E-0.92.cif,K4NaCd2In,-0.9175,0.519,Semiconductor,Pbam,55,16
K_id724_E-0.92.cif,K,-0.9171,0.268,Semiconductor,P2_12_12,18,40
KNa_id2458_E-0.92.cif,KNa,-0.9159,0.0,Metal,P4_2/m,84,20
NaSr_id4315_E-0.92.cif,NaSr,-0.915,0.0,Metal,P4/mmm,123,4
NaMg_id4263_E-0.91.cif,NaMg,-0.9143,0.0,Metal,I-43d,220,24
K(NaCd2)2_id1907_E-0.91.cif,K(NaCd2)2,-0.9128,0.314,Semiconductor,P4_22_12,94,28
Ca(Mg3Ga)3_id1158_E-0.91.cif,Ca(Mg3Ga)3,-0.9128,0.0,Metal,Pm-3m,221,13
Zn_id2062_E-0.91.cif,Zn,-0.9125,0.0,Metal,P-4c2,116,16
Cd_id679_E-0.91.cif,Cd,-0.9119,0.0,Metal,Im-3m,229,16
KCd_id2673_E-0.91.cif,KCd,-0.9116,0.287,Semiconductor,P4/mmm,123,8
KNa6LiGa6_id2894_E-0.91.cif,KNa6LiGa6,-0.9115,0.46,Semiconductor,P-31c,163,28
Zn23Ga6_id4658_E-0.91.cif,Zn23Ga6,-0.9113,0.0,Metal,P6,168,29
Cd12Ga_id685_E-0.91.cif,Cd12Ga,-0.9113,0.0,Metal,Fm-3m,225,52
Sr_id544_E-0.91.cif,Sr,-0.911,0.0,Metal,P4/mmm,123,4
NaCa2_id131_E-0.91.cif,NaCa2,-0.9102,0.029,Metal,Cccm,66,24
KBa_id1767_E-0.91.cif,KBa,-0.9089,0.0,Metal,P4/mmm,123,4
LiZn5_id790_E-0.91.cif,LiZn5,-0.908,0.0,Metal,P4/m,83,12
LiZn2_id3185_E-0.91.cif,LiZn2,-0.9058,0.088,Semiconductor,Pn-3m,224,6
Al(ZnGa2)2_id2509_E-0.90.cif,Al(ZnGa2)2,-0.9049,0.029,Metal,P4/mmm,123,14
BaSr2(Zn2In)2_id1537_E-0.90.cif,BaSr2(Zn2In)2,-0.904,0.0,Metal,I4/mcm,140,36
Cd7Sn_id2090_E-0.90.cif,Cd7Sn,-0.9021,0.0,Metal,I2_12_12_1,24,32
KNa2LiZn2Cd2In2Sn3_id3356_E-0.90.cif,KNa2LiZn2Cd2In2Sn3,-0.9014,0.0,Metal,P1,1,52
KNa6(CaCd3)2_id4307_E-0.90.cif,KNa6(CaCd3)2,-0.901,0.107,Semiconductor,P-3c1,165,30
Zn6InGa_id4420_E-0.90.cif,Zn6InGa,-0.9006,0.0,Metal,P-62m,189,24
Na6SrLi_id4305_E-0.90.cif,Na6SrLi,-0.9005,0.0,Metal,P-31c,163,16
Na_id4146_E-0.90.cif,Na,-0.8997,0.083,Semiconductor,Im-3m,229,26
Sr4Li_id1221_E-0.90.cif,Sr4Li,-0.8994,0.0,Metal,I-42d,122,20
K_id4151_E-0.90.cif,K,-0.8969,0.004,Metal,Pm-3m,221,12
LiCd_id3888_E-0.90.cif,LiCd,-0.8956,2.181,Semiconductor,P6_2,171,24
Cd4In_id873_E-0.90.cif,Cd4In,-0.8956,0.0,Metal,Cmce,64,20
Zn19Ga2_id182_E-0.89.cif,Zn19Ga2,-0.8949,0.0,Metal,P2_12_12,18,42
LiZn3Cd8_id3697_E-0.89.cif,LiZn3Cd8,-0.8942,0.0,Metal,I422,97,24
K(MgZn)6_id1043_E-0.89.cif,K(MgZn)6,-0.894,0.0,Metal,P42_12,90,26
MgCd2_id125_E-0.89.cif,MgCd2,-0.8938,0.0,Metal,P-3m1,164,6
K_id893_E-0.89.cif,K,-0.8907,0.0,Metal,Cmme,67,20
Mg4Zn2Cd3_id4025_E-0.89.cif,Mg4Zn2Cd3,-0.8895,0.0,Metal,Fmmm,69,36
K5Na2_id3435_E-0.89.cif,K5Na2,-0.8893,0.0,Metal,P4/nbm,125,14
KZn2Cd10Sn_id537_E-0.89.cif,KZn2Cd10Sn,-0.8886,0.0,Metal,Aem2,39,56
K_id3095_E-0.89.cif,K,-0.8886,0.0,Metal,P2_12_12_1,19,12
Zn3Ga_id3769_E-0.89.cif,Zn3Ga,-0.8878,0.0,Metal,Pbam,55,16
SrCa2Mg3_id3702_E-0.89.cif,SrCa2Mg3,-0.8862,0.0,Metal,P-6m2,187,6
Na2Mg3Cd4In_id3409_E-0.89.cif,Na2Mg3Cd4In,-0.8851,0.0,Metal,P2/c,13,20
Ba4Ca17_id1717_E-0.88.cif,Ba4Ca17,-0.8837,0.0,Metal,P6/mmm,191,21
K_id3497_E-0.88.cif,K,-0.8836,0.0,Metal,Ibca,73,32
Sr2CaCd4In_id3707_E-0.88.cif,Sr2CaCd4In,-0.8824,0.0,Metal,I4/mcm,140,32
K4NaMg2(AlCd4)2_id3338_E-0.88.cif,K4NaMg2(AlCd4)2,-0.882,0.0,Metal,I422,97,34
ZnCd4_id1611_E-0.88.cif,ZnCd4,-0.8791,0.0,Metal,Pnn2,34,10
Mg7Cd_id939_E-0.88.cif,Mg7Cd,-0.8785,0.0,Metal,Fm-3m,225,32
MgCd5In_id107_E-0.88.cif,MgCd5In,-0.8782,0.0,Metal,Pmmn,59,14
K8Ba3_id3317_E-0.88.cif,K8Ba3,-0.8765,0.0,Metal,I432,211,44
Ba_id1385_E-0.88.cif,Ba,-0.8756,0.049,Metal,Pmm2,25,11
Li4Zn8Cd_id4738_E-0.87.cif,Li4Zn8Cd,-0.8739,0.0,Metal,P42_12,90,26
K2NaSrCd_id2517_E-0.87.cif,K2NaSrCd,-0.8734,0.041,Metal,P6_1,169,30
KZn4_id1858_E-0.87.cif,KZn4,-0.8728,0.021,Metal,Ccce,68,20
NaMg6Ga_id3930_E-0.87.cif,NaMg6Ga,-0.8723,0.0,Metal,P6_322,182,16
Cd_id2024_E-0.87.cif,Cd,-0.8722,0.0,Metal,I4_1/acd,142,16
CdGa4_id2279_E-0.87.cif,CdGa4,-0.8722,0.0,Metal,P4_2/nmc,137,10
MgAl(Zn5Ga)2_id2155_E-0.87.cif,MgAl(Zn5Ga)2,-0.8709,0.0,Metal,I422,97,28
LiMg2Zn4Cd_id3165_E-0.87.cif,LiMg2Zn4Cd,-0.8702,0.0,Metal,Immm,71,16
KNaMg_id133_E-0.87.cif,KNaMg,-0.8686,2.757,Semiconductor,I4/mcm,140,24
Zn2Cd_id2036_E-0.87.cif,Zn2Cd,-0.8665,0.0,Metal,Cmcm,63,24
Cd_id4116_E-0.87.cif,Cd,-0.8652,0.0,Metal,Immm,71,10
Cd_id1787_E-0.86.cif,Cd,-0.8645,0.0,Metal,I4/mmm,139,20
Li6Ga_id583_E-0.86.cif,Li6Ga,-0.8632,0.184,Semiconductor,R-3m,166,21
BaO22_id265_E-0.86.cif,BaO22,-0.8626,1.279,Semiconductor,P6/mmm,191,23
Li8CaMg4ZnCd3In3Ga_id2737_E-0.86.cif,Li8CaMg4ZnCd3In3Ga,-0.8625,0.0,Metal,P1,1,21
K2Na3_id3298_E-0.86.cif,K2Na3,-0.8618,0.0,Metal,P4/ncc,130,40
K9Na_id2709_E-0.86.cif,K9Na,-0.8609,0.0,Metal,P2/m,10,10
Cd_id4569_E-0.86.cif,Cd,-0.8601,0.0,Metal,I4/mmm,139,20
Zn_id2341_E-0.86.cif,Zn,-0.8599,0.0,Metal,P2_12_12_1,19,28
K4Na_id140_E-0.86.cif,K4Na,-0.8595,0.04,Metal,Im-3m,229,40
Na7Li24(Mg3Cd2)4_id1096_E-0.86.cif,Na7Li24(Mg3Cd2)4,-0.8582,0.016,Metal,P622,177,51
KNa6Li_id3279_E-0.86.cif,KNa6Li,-0.8551,0.0,Metal,P-31c,163,16
K2NaCd_id799_E-0.85.cif,K2NaCd,-0.8549,0.0,Metal,P4/mmm,123,8
Li(Cd2Sn)3_id4017_E-0.85.cif,Li(Cd2Sn)3,-0.8536,0.0,Metal,I-4m2,119,20
Na8Ca_id339_E-0.85.cif,Na8Ca,-0.8515,0.0,Metal,P2/c,13,18
Na4In5_id197_E-0.85.cif,Na4In5,-0.8512,0.0,Metal,I4/m,87,18
TiTe3_id2125_E-0.85.cif,TiTe3,-0.8498,0.0,Metal,Fd-3m,227,32
BaSr5Ca_id73_E-0.85.cif,BaSr5Ca,-0.8495,0.004,Metal,P1,1,28
Zn_id863_E-0.85.cif,Zn,-0.8468,0.0,Metal,P6_222,180,6
K6LiMg9_id3475_E-0.85.cif,K6LiMg9,-0.8457,0.0,Metal,Im-3m,229,32
Na5Mg2_id3316_E-0.85.cif,Na5Mg2,-0.8453,0.0,Metal,C222_1,20,28
ZnAs_id4494_E-0.84.cif,ZnAs,-0.845,0.0,Metal,P6_3/mmc,194,4
Mg2(Cd2In)3_id4996_E-0.84.cif,Mg2(Cd2In)3,-0.845,0.0,Metal,Cmce,64,44
Cd_id3408_E-0.84.cif,Cd,-0.8449,0.0,Metal,Pm-3m,221,8
NaMg5In_id3117_E-0.84.cif,NaMg5In,-0.8446,0.0,Metal,I-4m2,119,14
BaSr3Ca11_id3822_E-0.84.cif,BaSr3Ca11,-0.8444,0.0,Metal,C2/m,12,15
Zn_id3578_E-0.84.cif,Zn,-0.8438,0.0,Metal,I4/mcm,140,8
KNa4_id965_E-0.84.cif,KNa4,-0.8437,0.0,Metal,Imm2,44,20
Li(Zn2Cd)3_id1151_E-0.84.cif,Li(Zn2Cd)3,-0.8426,0.0,Metal,P6_4,172,60
NaCd6_id3666_E-0.84.cif,NaCd6,-0.8423,0.0,Metal,I4/mmm,139,14
CaMg6Zn2Cd3_id4792_E-0.84.cif,CaMg6Zn2Cd3,-0.842,0.0,Metal,P6/mmm,191,12
Cd_id3371_E-0.84.cif,Cd,-0.8411,0.0,Metal,P4/mmm,123,4
Na5Ca2_id1921_E-0.84.cif,Na5Ca2,-0.8407,0.0,Metal,P2_12_12,18,28
SrCa3_id4019_E-0.84.cif,SrCa3,-0.8399,0.0,Metal,P4_2/mcm,132,16
SrZn3_id3163_E-0.84.cif,SrZn3,-0.8394,0.0,Metal,P6_3/m,176,8
K2In7_id2359_E-0.84.cif,K2In7,-0.8388,0.0,Metal,P-3c1,165,18
ZnCd_id1042_E-0.84.cif,ZnCd,-0.8387,0.0,Metal,P4/m,83,8
NaSr2_id662_E-0.84.cif,NaSr2,-0.8386,1.025,Semiconductor,P-3c1,165,24
Na_id354_E-0.84.cif,Na,-0.8379,0.863,Semiconductor,P2,3,37
BaGaSn15_id3747_E-0.84.cif,BaGaSn15,-0.8352,20.352,Insulator,Pmm2,25,17
ZnIn2_id4166_E-0.83.cif,ZnIn2,-0.8337,0.0,Metal,Pa-3,205,12
K4LiMg2In_id220_E-0.83.cif,K4LiMg2In,-0.833,0.0,Metal,P4_2/m,84,16
Cd3Sn_id1245_E-0.83.cif,Cd3Sn,-0.8325,0.0,Metal,I4/mmm,139,8
MgZn2_id1718_E-0.83.cif,MgZn2,-0.8322,0.0,Metal,P422,89,12
Zn14Ga_id4104_E-0.83.cif,Zn14Ga,-0.8317,0.0,Metal,P2_12_12,18,30
Zn_id4247_E-0.83.cif,Zn,-0.8311,0.0,Metal,Ia-3,206,48
Cd_id3254_E-0.83.cif,Cd,-0.8303,0.0,Metal,P4_2/nmc,137,12
LiZn2Ga_id1785_E-0.83.cif,LiZn2Ga,-0.8303,0.0,Metal,P4/nmm,129,8
AlSi3SnTe5S4_id2646_E-0.83.cif,AlSi3SnTe5S4,-0.828,1.46,Semiconductor,P2_12_12_1,19,56
LiMgIn2_id746_E-0.83.cif,LiMgIn2,-0.827,0.0,Metal,P4/nmm,129,16
Ca4Mg11_id1832_E-0.83.cif,Ca4Mg11,-0.827,0.115,Semiconductor,P-6m2,187,15
Cd6In2Sn4Ge_id4528_E-0.82.cif,Cd6In2Sn4Ge,-0.824,0.0,Metal,P-6m2,187,13
Zn_id551_E-0.82.cif,Zn,-0.8238,0.0,Metal,C222_1,20,40
Sr_id183_E-0.82.cif,Sr,-0.8232,0.0,Metal,P3c1,158,12
K4ZnIn4_id4143_E-0.82.cif,K4ZnIn4,-0.8229,0.0,Metal,P4_2/nmc,137,18
Mg_id946_E-0.82.cif,Mg,-0.8215,0.0,Metal,P-42_1m,113,26
Cd_id1985_E-0.82.cif,Cd,-0.821,0.0,Metal,Cmcm,63,8
Cd_id1498_E-0.82.cif,Cd,-0.8203,0.0,Metal,I4/mmm,139,8
ZnCd2_id840_E-0.82.cif,ZnCd2,-0.819,0.0,Metal,I4/mmm,139,6
Zn_id618_E-0.82.cif,Zn,-0.8187,0.0,Metal,I4/mcm,140,8
Mg4Zn11Ga4_id4496_E-0.82.cif,Mg4Zn11Ga4,-0.8185,0.0,Metal,I-43m,217,38
Na14Cd_id3328_E-0.82.cif,Na14Cd,-0.8183,0.0,Metal,P-31m,162,15
Cd_id1261_E-0.82.cif,Cd,-0.8177,0.0,Metal,Im-3m,229,22
K2Na_id880_E-0.82.cif,K2Na,-0.8174,0.038,Metal,P-3c1,165,36
Ca17Mg3_id4841_E-0.82.cif,Ca17Mg3,-0.8172,0.0,Metal,Cm,8,20
Ca3Cd5_id1923_E-0.82.cif,Ca3Cd5,-0.8167,0.012,Metal,Aem2,39,32
Zn13CdGa9_id4839_E-0.82.cif,Zn13CdGa9,-0.8166,0.0,Metal,P2/c,13,46
Be2Zn5Ga_id1834_E-0.82.cif,Be2Zn5Ga,-0.8157,0.0,Metal,C222_1,20,32
Ba4SrZn_id2623_E-0.82.cif,Ba4SrZn,-0.8156,0.0,Metal,Imm2,44,12
CaCd_id3055_E-0.81.cif,CaCd,-0.8113,0.0,Metal,P4_2/m,84,16
Cd4Ga_id594_E-0.81.cif,Cd4Ga,-0.8099,0.155,Semiconductor,P6/mmm,191,5
Mg4Sn_id4644_E-0.81.cif,Mg4Sn,-0.8097,0.0,Metal,Pnnn,48,20
Zn2GaSn_id3701_E-0.81.cif,Zn2GaSn,-0.8085,0.0,Metal,I4mm,107,8
ZnCd4_id959_E-0.81.cif,ZnCd4,-0.8068,0.0,Metal,P4mm,99,5
Ba2Na3Ca4_id4009_E-0.80.cif,Ba2Na3Ca4,-0.8024,0.756,Semiconductor,P6/mmm,191,9
Ba4Sr4Zn3_id3557_E-0.80.cif,Ba4Sr4Zn3,-0.8019,0.0,Metal,I-43d,220,44
LiZn11_id1729_E-0.80.cif,LiZn11,-0.8012,0.0,Metal,I422,97,24
NaZn_id2012_E-0.80.cif,NaZn,-0.8002,0.0,Metal,P4_12_12,92,16
Mg3Cd_id1582_E-0.80.cif,Mg3Cd,-0.7978,0.0,Metal,P4_2/mmc,131,8
NaCd18_id822_E-0.80.cif,NaCd18,-0.7964,0.0,Metal,Im-3,204,38
MgCd2_id2487_E-0.79.cif,MgCd2,-0.7944,0.0,Metal,Pbcn,60,36
Na2MgZn_id3623_E-0.79.cif,Na2MgZn,-0.7902,0.001,Metal,Pmmm,47,8
KZn6Ga_id3679_E-0.79.cif,KZn6Ga,-0.7898,0.0,Metal,Pmmm,47,8
Cd_id2558_E-0.79.cif,Cd,-0.7897,0.0,Metal,I4_1/acd,142,16
Ba6Mg2CdIn2_id4329_E-0.79.cif,Ba6Mg2CdIn2,-0.7896,0.0,Metal,P4/mbm,127,44
Li15Zn2Cd5_id1749_E-0.79.cif,Li15Zn2Cd5,-0.7895,0.0,Metal,Pm,6,22
Mg15Ti(Zn3Ga)6_id1046_E-0.79.cif,Mg15Ti(Zn3Ga)6,-0.7883,0.0,Metal,P23,195,40
Zn_id3756_E-0.79.cif,Zn,-0.7874,0.0,Metal,Amm2,38,14
Ba2Li4Mg6Zn2Ga_id2526_E-0.79.cif,Ba2Li4Mg6Zn2Ga,-0.787,0.019,Metal,Pm,6,30
K6LiMgAl6(Te4O15)2_id2439_E-0.79.cif,K6LiMgAl6(Te4O15)2,-0.7865,1.303,Semiconductor,P321,150,52
Na5CaZnIn3_id4170_E-0.79.cif,Na5CaZnIn3,-0.7865,0.013,Metal,P-6c2,188,20
Zn6CdGa2_id1724_E-0.79.cif,Zn6CdGa2,-0.7862,0.0,Metal,Pm,6,9
Li4MgZn_id1057_E-0.78.cif,Li4MgZn,-0.7843,0.0,Metal,Fd-3m,227,48
MgCd2_id1875_E-0.78.cif,MgCd2,-0.7842,0.0,Metal,Pcc2,27,12
Na2Cd4InGa_id1387_E-0.78.cif,Na2Cd4InGa,-0.7841,0.0,Metal,P6_2,171,48
Zn_id2644_E-0.78.cif,Zn,-0.7828,0.0,Metal,P4/m,83,12
Cd_id1918_E-0.78.cif,Cd,-0.7816,0.0,Metal,P6_3/mcm,193,18
K3Sr2_id4434_E-0.78.cif,K3Sr2,-0.7809,0.0,Metal,P4_132,213,20
K_id1466_E-0.78.cif,K,-0.7802,0.0,Metal,P3_112,151,21
K4Na_id3405_E-0.78.cif,K4Na,-0.7796,0.338,Semiconductor,P-31m,162,15
K4Sb_id4175_E-0.78.cif,K4Sb,-0.7783,0.0,Metal,Cm,8,30
MgCd_id2779_E-0.78.cif,MgCd,-0.7781,0.0,Metal,Cmcm,63,16
Zn_id306_E-0.78.cif,Zn,-0.7764,0.0,Metal,P23,195,12
Zn_id3151_E-0.78.cif,Zn,-0.7751,0.0,Metal,Ccce,68,28
Ca2MgCd3_id2052_E-0.77.cif,Ca2MgCd3,-0.7741,0.0,Metal,P3_112,151,18
Zn_id4419_E-0.77.cif,Zn,-0.7727,0.0,Metal,Fd-3m,227,8
Zn_id2876_E-0.77.cif,Zn,-0.7727,0.0,Metal,Fd-3m,227,8
Cd_id2632_E-0.77.cif,Cd,-0.7725,0.0,Metal,P2_12_12_1,19,8
K2Ca6Zn6Ga_id84_E-0.77.cif,K2Ca6Zn6Ga,-0.7697,0.0,Metal,P312,149,15
LiBe2Zn8As_id1429_E-0.77.cif,LiBe2Zn8As,-0.7696,0.0,Metal,I422,97,24
Na2Cd_id190_E-0.77.cif,Na2Cd,-0.7679,0.0,Metal,Pbcn,60,12
ZnCd_id4046_E-0.77.cif,ZnCd,-0.7652,0.0,Metal,I4_1/acd,142,32
AlZn5_id234_E-0.76.cif,AlZn5,-0.7627,0.0,Metal,Pnma,62,24
LiZnGa4_id650_E-0.76.cif,LiZnGa4,-0.762,0.0,Metal,P4/mmm,123,6
K4NaLi2AlZn3_id1000_E-0.76.cif,K4NaLi2AlZn3,-0.7609,0.0,Metal,I222,23,22
MgZn3Cd4_id2831_E-0.76.cif,MgZn3Cd4,-0.7603,0.0,Metal,Pmmn,59,16
Zn15Cd_id456_E-0.76.cif,Zn15Cd,-0.76,0.0,Metal,P2_12_12,18,32
Ba_id34_E-0.76.cif,Ba,-0.7593,0.0,Metal,P4/mmm,123,4
Zn7Ga2_id4501_E-0.76.cif,Zn7Ga2,-0.7586,0.0,Metal,Cmmm,65,18
Li3Cd10_id3838_E-0.76.cif,Li3Cd10,-0.7569,0.0,Metal,Pm,6,13
CaZnCd2_id3636_E-0.76.cif,CaZnCd2,-0.7553,0.0,Metal,Cmcm,63,16
BaSr2Ca_id1223_E-0.75.cif,BaSr2Ca,-0.7525,0.341,Semiconductor,Pmma,51,8
AsPS19_id967_E-0.75.cif,AsPS19,-0.752,2.124,Semiconductor,P1,1,42
Cd_id1680_E-0.75.cif,Cd,-0.75,0.0,Metal,Pmna,53,10
BaAl_id829_E-0.75.cif,BaAl,-0.75,0.0,Metal,P1,1,16
NaLiCa4ScCdIn_id2352_E-0.75.cif,NaLiCa4ScCdIn,-0.7496,4.505,Insulator,Pm,6,18
Ba2Sr_id2521_E-0.75.cif,Ba2Sr,-0.7493,0.0,Metal,Pn-3m,224,6
Ba6Sr7Mg_id4243_E-0.75.cif,Ba6Sr7Mg,-0.7483,0.023,Metal,P-31c,163,28
ZnCd_id1762_E-0.75.cif,ZnCd,-0.7455,0.0,Metal,F-43m,216,8
CdIn_id780_E-0.74.cif,CdIn,-0.7438,0.0,Metal,P4_12_12,92,32
Na4Li5Cd2Sn5_id1420_E-0.74.cif,Na4Li5Cd2Sn5,-0.743,3.207,Semiconductor,Pmm2,25,16
PO_id701_E-0.74.cif,PO,-0.7428,3.939,Insulator,Pbca,61,16
ZnGaSb5Te11Se2O_id2503_E-0.74.cif,ZnGaSb5Te11Se2O,-0.7408,0.0,Metal,P1,1,21
Na2Cd2GaSn_id1674_E-0.74.cif,Na2Cd2GaSn,-0.7407,0.0,Metal,P6mm,183,6
Zn9Cd_id1130_E-0.74.cif,Zn9Cd,-0.74,0.0,Metal,C2/c,15,40
K2Mg2Al4Zn4Cd5Sn_id2697_E-0.74.cif,K2Mg2Al4Zn4Cd5Sn,-0.7363,0.0,Metal,P1,1,36
K_id293_E-0.73.cif,K,-0.7344,0.0,Metal,P2,3,16
Na12SrCd15_id515_E-0.73.cif,Na12SrCd15,-0.7341,0.0,Metal,Pm-3m,221,28
Zn(Cd3Ga)2_id540_E-0.73.cif,Zn(Cd3Ga)2,-0.7336,0.0,Metal,Pnnn,48,18
K_id1487_E-0.73.cif,K,-0.7332,0.056,Semiconductor,Pm,6,14
K_id1451_E-0.73.cif,K,-0.7316,0.007,Metal,Pmna,53,20
Zn_id4455_E-0.73.cif,Zn,-0.7301,1.77,Semiconductor,P2_12_12_1,19,28
Cd_id4308_E-0.73.cif,Cd,-0.7294,0.0,Metal,Cmmm,65,12
Mg5(ZnCd)4_id4068_E-0.73.cif,Mg5(ZnCd)4,-0.728,0.0,Metal,P31m,157,13
SrZn_id3499_E-0.73.cif,SrZn,-0.7254,0.0,Metal,P4_2cm,101,8
CaCd3_id3607_E-0.72.cif,CaCd3,-0.7248,0.0,Metal,Pmmn,59,8
Zn_id4232_E-0.72.cif,Zn,-0.724,0.0,Metal,I4_1/acd,142,16
KBa4Cd_id76_E-0.72.cif,KBa4Cd,-0.7238,0.0,Metal,P4/ncc,130,24
Ca_id1928_E-0.71.cif,Ca,-0.715,0.0,Metal,Amm2,38,30
Cd_id2715_E-0.71.cif,Cd,-0.7146,0.0,Metal,P6/mmm,191,8
ZnCd4_id2531_E-0.71.cif,ZnCd4,-0.7137,0.0,Metal,Aem2,39,20
K9Ga_id3344_E-0.71.cif,K9Ga,-0.7119,0.0,Metal,P2_12_12,18,20
Zn_id4977_E-0.71.cif,Zn,-0.7093,0.0,Metal,Ia-3,206,48
BaCd6_id3938_E-0.71.cif,BaCd6,-0.7082,0.0,Metal,P-6m2,187,7
Zn4Cd_id17_E-0.71.cif,Zn4Cd,-0.7059,0.0,Metal,Immm,71,10
ZnCd_id2850_E-0.71.cif,ZnCd,-0.7053,0.0,Metal,P4/nmm,129,16
Cd_id4625_E-0.70.cif,Cd,-0.7041,0.0,Metal,I4/mmm,139,14
Ca(Cd4In)2_id4073_E-0.70.cif,Ca(Cd4In)2,-0.7027,0.0,Metal,I4/mcm,140,44
MgZn4_id4300_E-0.70.cif,MgZn4,-0.7017,0.0,Metal,P4_2/nmc,137,10
K_id3524_E-0.70.cif,K,-0.7015,0.032,Metal,P2_12_12_1,19,24
Cd_id1887_E-0.70.cif,Cd,-0.6976,0.0,Metal,P2_12_12_1,19,20
Zn5(CdGa)3_id4968_E-0.70.cif,Zn5(CdGa)3,-0.6961,0.0,Metal,Pm,6,11
Li(CaMg)2_id756_E-0.69.cif,Li(CaMg)2,-0.6944,0.0,Metal,P4_2mc,105,20
Mg5Zn2In_id1515_E-0.69.cif,Mg5Zn2In,-0.6937,2.667,Semiconductor,P1,1,16
K2Mg_id3132_E-0.69.cif,K2Mg,-0.6907,0.0,Metal,P4_122,91,12
BaNa2Mg3Al2Sb_id2145_E-0.69.cif,BaNa2Mg3Al2Sb,-0.6894,3.814,Insulator,Cm,8,9
K9Na_id427_E-0.69.cif,K9Na,-0.6893,0.0,Metal,P4/mmm,123,10
KNa2LiCd2Sn_id639_E-0.69.cif,KNa2LiCd2Sn,-0.6862,0.261,Semiconductor,P2_1,4,28
Na(ZnCd)4_id1751_E-0.69.cif,Na(ZnCd)4,-0.6859,0.0,Metal,P4_2/nmc,137,18
Ba3Li6Ca_id2855_E-0.69.cif,Ba3Li6Ca,-0.6853,0.0,Metal,Fm-3m,225,40
Na2Mg3Zn2_id3620_E-0.68.cif,Na2Mg3Zn2,-0.6843,3.525,Insulator,P2,3,28
Sr6Zn_id447_E-0.68.cif,Sr6Zn,-0.6836,0.0,Metal,Amm2,38,14
K_id1439_E-0.68.cif,K,-0.6806,0.0,Metal,P4_222,93,24
MgCd_id4048_E-0.68.cif,MgCd,-0.6806,0.0,Metal,P3_121,152,6
K8Ga3_id3313_E-0.68.cif,K8Ga3,-0.6806,0.0,Metal,P-31c,163,22
K2NaCd_id1570_E-0.68.cif,K2NaCd,-0.679,0.472,Semiconductor,Cmme,67,16
K5BeZn4_id1021_E-0.68.cif,K5BeZn4,-0.6769,0.0,Metal,I422,97,20
Zn3Ga5_id2545_E-0.68.cif,Zn3Ga5,-0.6766,0.0,Metal,P-4m2,115,8
Mg2Zn3_id4701_E-0.68.cif,Mg2Zn3,-0.6758,0.0,Metal,Cmce,64,20
KZn10Cd8In2Ga3_id1177_E-0.68.cif,KZn10Cd8In2Ga3,-0.6756,0.0,Metal,C222,21,48
KMg8(Cd2In)4_id1050_E-0.68.cif,KMg8(Cd2In)4,-0.6753,0.0,Metal,P4_2/nmc,137,42
Zn5Cd8_id337_E-0.67.cif,Zn5Cd8,-0.673,0.0,Metal,Pmna,53,26
Ba2LiCd4Sn_id2366_E-0.67.cif,Ba2LiCd4Sn,-0.6716,0.0,Metal,P3_112,151,24
K2Na3SrZn2(Cd2In)3_id3983_E-0.67.cif,K2Na3SrZn2(Cd2In)3,-0.6697,0.0,Metal,P6/mmm,191,17
Zn4Ga_id3539_E-0.67.cif,Zn4Ga,-0.6694,0.0,Metal,C222_1,20,20
Be(AlZn3)2_id4150_E-0.67.cif,Be(AlZn3)2,-0.6689,0.0,Metal,I422,97,18
ZnCd_id3381_E-0.67.cif,ZnCd,-0.6679,0.0,Metal,P4_2mc,105,8
K_id4399_E-0.67.cif,K,-0.6672,0.0,Metal,P4_2/mcm,132,10
Li3Zn(Cd3Ga)2_id1585_E-0.67.cif,Li3Zn(Cd3Ga)2,-0.6661,0.0,Metal,P-3m1,164,12
Mg6Zn6Cd3Ga_id428_E-0.67.cif,Mg6Zn6Cd3Ga,-0.6652,0.0,Metal,P6_3/m,176,32
NaMg6(Cd3In)2_id4633_E-0.66.cif,NaMg6(Cd3In)2,-0.6608,0.0,Metal,P6/mmm,191,15
Li2(Mg3Cd)3_id3811_E-0.66.cif,Li2(Mg3Cd)3,-0.6606,0.0,Metal,P-6,174,14
Mg13Cd9_id4697_E-0.66.cif,Mg13Cd9,-0.6595,0.0,Metal,P622,177,22
Zn_id4225_E-0.66.cif,Zn,-0.6593,0.0,Metal,Pm-3m,221,24
K_id1999_E-0.66.cif,K,-0.6562,0.0,Metal,Ia-3,206,48
MgIn_id4959_E-0.65.cif,MgIn,-0.6543,0.0,Metal,P4/mmm,123,12
Cd_id4972_E-0.65.cif,Cd,-0.6533,0.0,Metal,P4/m,83,14
K4BaNa4_id90_E-0.65.cif,K4BaNa4,-0.6515,0.806,Semiconductor,P4_2/n,86,18
KIn2GaSn6Se4(S2O3)2_id154_E-0.65.cif,KIn2GaSn6Se4(S2O3)2,-0.6504,1.064,Semiconductor,P-1,2,24
Zn_id4867_E-0.65.cif,Zn,-0.6499,0.0,Metal,P4_2/nnm,134,10
Na5Cd3_id1838_E-0.65.cif,Na5Cd3,-0.646,0.0,Metal,Pn-3m,224,16
ZnCd4_id371_E-0.65.cif,ZnCd4,-0.6457,0.0,Metal,P-42_1c,114,10
Zn_id2524_E-0.65.cif,Zn,-0.6452,0.0,Metal,I4/mcm,140,8
Zn(GaO4)2_id4411_E-0.64.cif,Zn(GaO4)2,-0.643,3.584,Insulator,Cmce,64,44
Ba2Na3Cd_id2734_E-0.64.cif,Ba2Na3Cd,-0.6418,0.0,Metal,P6_122,178,36
Zn_id4291_E-0.64.cif,Zn,-0.6399,1.631,Semiconductor,Pmma,51,18
Mg_id4006_E-0.64.cif,Mg,-0.6396,0.0,Metal,I4_1/acd,142,32
SrZn7_id1975_E-0.64.cif,SrZn7,-0.6392,0.0,Metal,Pmmm,47,8
Mg6Cd_id1273_E-0.64.cif,Mg6Cd,-0.639,0.477,Semiconductor,P4_2/nnm,134,14
K3AlCd_id408_E-0.64.cif,K3AlCd,-0.6372,1.264,Semiconductor,P4_2mc,105,10
AlZn2Cd_id4592_E-0.63.cif,AlZn2Cd,-0.6349,0.0,Metal,I4/mmm,139,8
LiCd18_id4817_E-0.63.cif,LiCd18,-0.6344,0.004,Metal,I23,197,38
Na(SrCa5)3_id2990_E-0.63.cif,Na(SrCa5)3,-0.634,0.024,Metal,P2/m,10,19
KNaSrCa2_id4727_E-0.63.cif,KNaSrCa2,-0.6336,0.0,Metal,I4mm,107,40
MgCdSb_id856_E-0.63.cif,MgCdSb,-0.6295,0.0,Metal,P4/mmm,123,6
LiZn5Ga2_id1136_E-0.63.cif,LiZn5Ga2,-0.6294,0.0,Metal,P4/mmm,123,16
Cd2Sn_id39_E-0.63.cif,Cd2Sn,-0.6254,0.128,Semiconductor,P4mm,99,12
Cd_id3322_E-0.62.cif,Cd,-0.6246,0.0,Metal,Pmna,53,26
K8NaCa_id4864_E-0.62.cif,K8NaCa,-0.6245,0.0,Metal,P6_122,178,60
Cd_id3585_E-0.62.cif,Cd,-0.6223,0.0,Metal,P1,1,24
Mg_id3035_E-0.62.cif,Mg,-0.6212,0.035,Metal,Pba2,32,48
Cd_id4033_E-0.62.cif,Cd,-0.6188,0.0,Metal,I4/mmm,139,20
Zn3Cd_id1978_E-0.61.cif,Zn3Cd,-0.6149,0.0,Metal,P4_2/mcm,132,8
MgAl3CdIn_id752_E-0.61.cif,MgAl3CdIn,-0.6054,0.0,Metal,Cm,8,12
Ba3Ca2MgCd4Sn_id3957_E-0.60.cif,Ba3Ca2MgCd4Sn,-0.6037,0.0,Metal,I4mm,107,22
Mg_id181_E-0.60.cif,Mg,-0.6009,0.0,Metal,P-31m,162,20
CaCd2_id308_E-0.60.cif,CaCd2,-0.5972,0.0,Metal,Pn-3m,224,6
CaMgZn4_id338_E-0.59.cif,CaMgZn4,-0.5945,0.0,Metal,Fd-3m,227,48
Mg2Zn5Ga_id1766_E-0.59.cif,Mg2Zn5Ga,-0.5906,0.0,Metal,P-3m1,164,8
K5Zn2Cd3_id130_E-0.59.cif,K5Zn2Cd3,-0.5895,0.121,Semiconductor,C222,21,20
Ca_id4649_E-0.59.cif,Ca,-0.5876,0.0,Metal,Amm2,38,10
Sr2Li2CaMg9Cd2In_id903_E-0.59.cif,Sr2Li2CaMg9Cd2In,-0.587,0.0,Metal,P2/m,10,17
NaCd4_id3911_E-0.58.cif,NaCd4,-0.5845,0.0,Metal,C2/m,12,20
Li(MgGa)4_id2988_E-0.58.cif,Li(MgGa)4,-0.5825,0.0,Metal,I4/m,87,18
Zn5Ga3_id4655_E-0.58.cif,Zn5Ga3,-0.5808,0.0,Metal,P4/mnc,128,48
CdO12_id1265_E-0.58.cif,CdO12,-0.5797,1.323,Semiconductor,R-3,148,39
Zn_id825_E-0.58.cif,Zn,-0.5781,0.0,Metal,Cmcm,63,12
KLi2As4O3_id4853_E-0.58.cif,KLi2As4O3,-0.5778,2.238,Semiconductor,C222,21,20
Zn_id3359_E-0.57.cif,Zn,-0.5745,0.0,Metal,Ccce,68,20
Na2MgCd6_id4051_E-0.57.cif,Na2MgCd6,-0.5728,0.0,Metal,Cccm,66,36
MgCd4_id441_E-0.57.cif,MgCd4,-0.5723,0.0,Metal,Pm,6,10
KBeZn(PO5)3_id4518_E-0.57.cif,KBeZn(PO5)3,-0.5705,2.866,Semiconductor,P-6,174,21
Mg2Cd9_id4882_E-0.57.cif,Mg2Cd9,-0.57,0.0,Metal,C2/c,15,44
K2NaCd13_id911_E-0.57.cif,K2NaCd13,-0.5663,0.0,Metal,Cmm2,35,32
K3Zn2_id2883_E-0.56.cif,K3Zn2,-0.5643,0.09,Semiconductor,I4/mcm,140,20
SrCa10_id4667_E-0.56.cif,SrCa10,-0.5636,0.0,Metal,P4/nbm,125,22
Ba(Zn4Cd)2_id4456_E-0.56.cif,Ba(Zn4Cd)2,-0.5628,0.0,Metal,I422,97,22
K7Cd4_id4343_E-0.56.cif,K7Cd4,-0.5609,0.0,Metal,P-31c,163,22
ZnCd4_id3469_E-0.56.cif,ZnCd4,-0.5601,0.0,Metal,P3m1,156,5
Ba3Na4Sr3Ca2_id1539_E-0.56.cif,Ba3Na4Sr3Ca2,-0.5589,0.023,Metal,Pcc2,27,24
NaLi3Cd14In2Sn_id3543_E-0.56.cif,NaLi3Cd14In2Sn,-0.5581,0.0,Metal,P2_1,4,42
Cd_id111_E-0.56.cif,Cd,-0.5579,0.0,Metal,P2_12_12_1,19,8
Ba2Li5_id2675_E-0.56.cif,Ba2Li5,-0.5573,0.0,Metal,P-31m,162,21
K4MgZnCd2_id1531_E-0.56.cif,K4MgZnCd2,-0.5569,0.0,Metal,P-42c,112,16
Sr4Li3Mg6Cd5Sn_id2106_E-0.56.cif,Sr4Li3Mg6Cd5Sn,-0.5559,0.0,Metal,P-6m2,187,19
Li24Mg12ZnCd3_id4179_E-0.55.cif,Li24Mg12ZnCd3,-0.5547,0.2,Semiconductor,Pm-3m,221,40
Mg(ZnGa)6_id2091_E-0.55.cif,Mg(ZnGa)6,-0.5536,0.0,Metal,Fm-3m,225,52
Na_id3483_E-0.55.cif,Na,-0.5493,0.0,Metal,P4/ncc,130,40
ScZn12_id4623_E-0.55.cif,ScZn12,-0.5491,0.0,Metal,Pm,6,13
Mg2Zn3_id1312_E-0.54.cif,Mg2Zn3,-0.543,0.0,Metal,Cmce,64,20
ZnCd2_id3886_E-0.54.cif,ZnCd2,-0.5426,0.0,Metal,Pnnn,48,12
Ca2MgZn3_id4593_E-0.54.cif,Ca2MgZn3,-0.5419,0.0,Metal,P4_2/mmc,131,12
NaBSbTeP3S2(NO)2_id765_E-0.54.cif,NaBSbTeP3S2(NO)2,-0.5415,0.0,Metal,P1,1,39
K6NaCd9_id824_E-0.54.cif,K6NaCd9,-0.5411,0.0,Metal,Pm-3n,223,32
KMg8ZnCd3_id347_E-0.54.cif,KMg8ZnCd3,-0.5388,0.0,Metal,Pc,7,26
Ba2Sr(Ca4Mg3)3_id4767_E-0.54.cif,Ba2Sr(Ca4Mg3)3,-0.5361,0.0,Metal,P6/mmm,191,24
BaZn8_id1765_E-0.53.cif,BaZn8,-0.5297,0.0,Metal,P4_2/nmc,137,18
Mg6ZnCd_id3357_E-0.53.cif,Mg6ZnCd,-0.5286,0.058,Semiconductor,Pmmm,47,8
Mg7Cd2_id3353_E-0.53.cif,Mg7Cd2,-0.5282,0.0,Metal,P4_22_12,94,18
Na2Mg5Cd2(InSn)2_id3148_E-0.53.cif,Na2Mg5Cd2(InSn)2,-0.5273,0.0,Metal,P4_2/mbc,135,52
Ba15In_id1879_E-0.53.cif,Ba15In,-0.5267,0.763,Semiconductor,I4mm,107,32
K5(SeS)4_id1659_E-0.53.cif,K5(SeS)4,-0.5263,0.68,Semiconductor,P4_2/m,84,52
Cd_id3476_E-0.53.cif,Cd,-0.5252,0.0,Metal,P2_12_12_1,19,16
Be5Zn4GaP2_id3953_E-0.52.cif,Be5Zn4GaP2,-0.5191,0.0,Metal,Pmn2_1,31,24
Ca_id1758_E-0.52.cif,Ca,-0.5176,0.0,Metal,P23,195,12
Cd7Sn_id3228_E-0.51.cif,Cd7Sn,-0.5139,0.0,Metal,F-43m,216,32
Cd_id3001_E-0.51.cif,Cd,-0.5094,0.0,Metal,Pmmm,47,9
CaCd_id326_E-0.51.cif,CaCd,-0.5093,0.0,Metal,P4cc,103,16
Cd_id2819_E-0.51.cif,Cd,-0.5083,0.0,Metal,P2_12_12_1,19,16
Li2(CaCd7)3_id2826_E-0.51.cif,Li2(CaCd7)3,-0.5066,0.0,Metal,P-1,2,26
MgCd5In_id2557_E-0.50.cif,MgCd5In,-0.5046,0.0,Metal,P4mm,99,7
Li2ZnCd6_id4137_E-0.50.cif,Li2ZnCd6,-0.5023,0.0,Metal,P4/mmm,123,9
Li2Mg6Zn2Si_id3453_E-0.50.cif,Li2Mg6Zn2Si,-0.4979,1.167,Semiconductor,P4_2/m,84,22
LiCd5Sn2_id3542_E-0.50.cif,LiCd5Sn2,-0.4955,0.267,Semiconductor,P4/mmm,123,16
Zn_id1264_E-0.49.cif,Zn,-0.4922,0.0,Metal,Pma2,28,16
Mg7Zn6_id3130_E-0.49.cif,Mg7Zn6,-0.4915,0.0,Metal,P622,177,26
Mg2Cd2InGa_id895_E-0.49.cif,Mg2Cd2InGa,-0.4901,0.153,Semiconductor,P4mm,99,6
Zn_id1259_E-0.49.cif,Zn,-0.4889,0.0,Metal,P-4c2,116,16
KCd_id3141_E-0.49.cif,KCd,-0.488,0.0,Metal,I4_1/acd,142,32
Cd_id2607_E-0.49.cif,Cd,-0.4853,0.0,Metal,P2_12_12_1,19,8
K6Mg3Zn7(CdGa)3_id2254_E-0.48.cif,K6Mg3Zn7(CdGa)3,-0.4845,0.042,Metal,P1,1,22
Cd_id1207_E-0.48.cif,Cd,-0.4783,0.0,Metal,P6_122,178,18
Li5Mg4Ga3_id854_E-0.48.cif,Li5Mg4Ga3,-0.4763,0.0,Metal,I-43m,217,24
LiCd19_id1160_E-0.48.cif,LiCd19,-0.476,0.0,Metal,Im-3m,229,40
Zn_id3936_E-0.47.cif,Zn,-0.4744,0.0,Metal,P23,195,12
Mg2AlZn2Cd9_id4298_E-0.47.cif,Mg2AlZn2Cd9,-0.4737,0.0,Metal,Imm2,44,28
SrCaMgCd4_id2411_E-0.47.cif,SrCaMgCd4,-0.4735,0.0,Metal,P3_212,153,21
Ca3Zn_id782_E-0.47.cif,Ca3Zn,-0.4733,0.0,Metal,I4/mmm,139,8
MgCd5In2_id2581_E-0.47.cif,MgCd5In2,-0.4668,0.0,Metal,I4/mmm,139,16
K5SrIn4_id3158_E-0.45.cif,K5SrIn4,-0.4465,0.0,Metal,P1,1,40
Zn_id781_E-0.45.cif,Zn,-0.4453,0.0,Metal,P4/m,83,22
Zn_id324_E-0.44.cif,Zn,-0.4407,0.0,Metal,P4/m,83,16
Mg3AlZnCd2_id1721_E-0.44.cif,Mg3AlZnCd2,-0.4353,0.0,Metal,P4mm,99,7
K2Ba(ZnCd)2_id3760_E-0.44.cif,K2Ba(ZnCd)2,-0.4351,0.0,Metal,R-3m,166,21
Li12MgAlZn5Cd2_id4193_E-0.43.cif,Li12MgAlZn5Cd2,-0.4348,0.329,Semiconductor,P2_1,4,42
Mg2ZnCd6_id2339_E-0.43.cif,Mg2ZnCd6,-0.4323,0.0,Metal,P4mm,99,9
NaSrLi2Ca_id2535_E-0.43.cif,NaSrLi2Ca,-0.4283,0.011,Metal,P6_1,169,30
Ba5Ca2_id42_E-0.43.cif,Ba5Ca2,-0.4279,0.0,Metal,P4_2mc,105,28
Li(MgZn)4_id4386_E-0.43.cif,Li(MgZn)4,-0.4254,0.0,Metal,P4_2/nmc,137,18
Cd_id4578_E-0.42.cif,Cd,-0.4199,0.0,Metal,P2_12_12_1,19,20
Ba11Na7Li2Ca_id4956_E-0.42.cif,Ba11Na7Li2Ca,-0.416,0.0,Metal,P6/mmm,191,21
ZnCd_id801_E-0.41.cif,ZnCd,-0.4149,0.0,Metal,Cmme,67,32
K2Zn2SnGeSb2(AsO3)2_id1840_E-0.41.cif,K2Zn2SnGeSb2(AsO3)2,-0.4087,1.424,Semiconductor,Pnn2,34,32
K6Ba3Na3Li6MgTi3Ga3Sn6Ge12Sb2(TeAs3)2_id935_E-0.41.cif,K6Ba3Na3Li6MgTi3Ga3Sn6Ge12Sb2(TeAs3)2,-0.407,0.0,Metal,P1,1,53
Cd_id2051_E-0.41.cif,Cd,-0.4063,0.0,Metal,I4/mmm,139,8
LiMg4CdSn3_id3528_E-0.41.cif,LiMg4CdSn3,-0.4057,0.0,Metal,P1,1,18
Cd_id4089_E-0.39.cif,Cd,-0.3943,0.0,Metal,P4_2/ncm,138,16
CaCd9_id806_E-0.39.cif,CaCd9,-0.3928,0.0,Metal,Im-3m,229,20
Cd_id4458_E-0.39.cif,Cd,-0.3918,0.0,Metal,P4_2/nnm,134,8
KBa(NaCd)2_id599_E-0.39.cif,KBa(NaCd)2,-0.3917,0.0,Metal,P4mm,99,6
CaCd11_id150_E-0.39.cif,CaCd11,-0.3915,0.0,Metal,Immm,71,24
Ba2Sr4Mg2ZnCd7Sn2_id2699_E-0.39.cif,Ba2Sr4Mg2ZnCd7Sn2,-0.3891,0.0,Metal,P-1,2,18
Na2Sr2Ca4Cd_id4865_E-0.39.cif,Na2Sr2Ca4Cd,-0.3877,0.095,Semiconductor,P422,89,18
ScZn11_id2291_E-0.39.cif,ScZn11,-0.3855,0.0,Metal,P-4c2,116,24
MgZn5_id4646_E-0.38.cif,MgZn5,-0.3834,0.0,Metal,I4mm,107,12
Li(CaMg11)3_id1191_E-0.38.cif,Li(CaMg11)3,-0.3803,0.564,Semiconductor,Pm,6,37
Ba2Na4Li2Mg_id1217_E-0.37.cif,Ba2Na4Li2Mg,-0.3701,0.163,Semiconductor,P1,1,36
CaZn5Ga_id722_E-0.37.cif,CaZn5Ga,-0.3688,0.0,Metal,P6_3/mmc,194,14
K6Mg2Cd5_id3862_E-0.37.cif,K6Mg2Cd5,-0.3685,0.0,Metal,I4_132,214,52
LiMg6ZnCd6_id4576_E-0.36.cif,LiMg6ZnCd6,-0.3612,0.0,Metal,Fm-3m,225,56
Na4Li9AsO12_id2031_E-0.36.cif,Na4Li9AsO12,-0.3601,0.026,Metal,P1,1,52
Mg(Zn2Cd)6_id1004_E-0.36.cif,Mg(Zn2Cd)6,-0.3589,0.0,Metal,Im-3,204,38
K2Na2Sr2Zn_id3828_E-0.35.cif,K2Na2Sr2Zn,-0.3508,0.0,Metal,P4_332,212,28
Zn_id3836_E-0.35.cif,Zn,-0.3456,0.0,Metal,P6_1,169,12
KCa2_id3994_E-0.35.cif,KCa2,-0.3452,0.0,Metal,P4_322,95,12
CaSc9_id110_E-0.34.cif,CaSc9,-0.344,0.446,Semiconductor,I4_1/amd,141,40
Ca3Cd11_id4007_E-0.34.cif,Ca3Cd11,-0.3434,0.0,Metal,P6/mmm,191,14
Ca_id388_E-0.34.cif,Ca,-0.3423,0.607,Semiconductor,Amm2,38,16
NaSr8_id3603_E-0.34.cif,NaSr8,-0.3392,0.0,Metal,P6/mmm,191,9
Sr2Mg3_id3386_E-0.34.cif,Sr2Mg3,-0.3368,0.0,Metal,P4/mmm,123,10
AlZn6_id4039_E-0.33.cif,AlZn6,-0.3325,0.0,Metal,Pmmn,59,14
Ba3SrCa6_id2984_E-0.33.cif,Ba3SrCa6,-0.3322,0.0,Metal,P4_232,208,20
Ca_id4032_E-0.33.cif,Ca,-0.332,1.376,Semiconductor,P4_2/nnm,134,20
Ca2Zn2Cd_id909_E-0.33.cif,Ca2Zn2Cd,-0.331,0.0,Metal,P4/mmm,123,5
SrCd4_id3139_E-0.33.cif,SrCd4,-0.3292,0.0,Metal,P4_2/n,86,10
Zn_id1009_E-0.32.cif,Zn,-0.3227,0.0,Metal,P2_12_12_1,19,8
Na3Li10Ca2SnGeTe4(SO)4_id4094_E-0.32.cif,Na3Li10Ca2SnGeTe4(SO)4,-0.3205,2.1,Semiconductor,P-4,81,29
Ba2Na4Sr2LiCa6Mg2(ZnIn)2_id2061_E-0.32.cif,Ba2Na4Sr2LiCa6Mg2(ZnIn)2,-0.3178,0.016,Metal,Pm,6,21
K2NaSr4Li_id134_E-0.32.cif,K2NaSr4Li,-0.3173,0.0,Metal,Pmmm,47,8
ZnCd7_id2654_E-0.32.cif,ZnCd7,-0.3162,0.0,Metal,P6_1,169,48
KBaCd2_id4851_E-0.31.cif,KBaCd2,-0.3069,0.0,Metal,P-3m1,164,4
Li10Ca3ZnCd6_id4662_E-0.30.cif,Li10Ca3ZnCd6,-0.305,0.0,Metal,P1,1,40
Ba2Na2Mg2Cd_id2764_E-0.30.cif,Ba2Na2Mg2Cd,-0.3046,0.0,Metal,P4/mmm,123,7
LiCd7_id2055_E-0.30.cif,LiCd7,-0.3026,0.0,Metal,Pbam,55,16
LiMg3In_id1716_E-0.30.cif,LiMg3In,-0.3021,2.857,Semiconductor,Imm2,44,10
Zn_id3876_E-0.30.cif,Zn,-0.297,0.0,Metal,P4/nmm,129,8
LiTiZn2O8_id3693_E-0.29.cif,LiTiZn2O8,-0.2932,0.156,Semiconductor,Pnnn,48,48
BaMgCd3_id3625_E-0.29.cif,BaMgCd3,-0.2897,0.0,Metal,I4/mcm,140,20
MgCd_id2743_E-0.29.cif,MgCd,-0.2892,0.0,Metal,I4_1/acd,142,32
Cd_id963_E-0.28.cif,Cd,-0.2842,0.0,Metal,P23,195,12
Li(Zn2Ga)3_id4584_E-0.28.cif,Li(Zn2Ga)3,-0.2842,3.345,Semiconductor,Pc,7,20
Ga(TeS3)2_id3493_E-0.28.cif,Ga(TeS3)2,-0.2809,1.395,Semiconductor,Cccm,66,36
MgAl2In3_id3462_E-0.25.cif,MgAl2In3,-0.2476,0.628,Semiconductor,P4/mmm,123,12
Ba3AlZn6Cd_id1764_E-0.24.cif,Ba3AlZn6Cd,-0.2426,0.0,Metal,Pm-3,200,11
Ba4Ca11_id2177_E-0.24.cif,Ba4Ca11,-0.2398,0.024,Metal,P-6m2,187,30
Na2Li2Zn4Cd2Ga3Te2_id591_E-0.23.cif,Na2Li2Zn4Cd2Ga3Te2,-0.2319,2.086,Semiconductor,Fmm2,42,60
Mg7Cd11_id4912_E-0.23.cif,Mg7Cd11,-0.2274,0.0,Metal,Pn-3m,224,36
Ba2Mg2Cd5In_id2488_E-0.23.cif,Ba2Mg2Cd5In,-0.2266,0.0,Metal,Pbam,55,20
Cd_id3963_E-0.22.cif,Cd,-0.2248,0.0,Metal,Pm-3n,223,12
Ca7Mg7Te3(SeS)3_id1015_E-0.22.cif,Ca7Mg7Te3(SeS)3,-0.2233,0.056,Semiconductor,P-6,174,23
CaMg8AlZn_id1244_E-0.22.cif,CaMg8AlZn,-0.2188,3.941,Insulator,I-4m2,119,22
SrMg4_id2113_E-0.22.cif,SrMg4,-0.2179,0.0,Metal,P4_2/nmc,137,10
Mg8Zn3_id60_E-0.22.cif,Mg8Zn3,-0.2163,0.0,Metal,I4_132,214,44
KBaSrNO_id3232_E-0.21.cif,KBaSrNO,-0.2121,0.51,Semiconductor,P3m1,156,10
KZn2Ga_id3138_E-0.21.cif,KZn2Ga,-0.2117,0.305,Semiconductor,P3m1,156,8
MgZn10Ga_id432_E-0.20.cif,MgZn10Ga,-0.2007,0.0,Metal,Pmmm,47,12
Cd_id4704_E-0.20.cif,Cd,-0.1993,0.0,Metal,P4/mmm,123,4
Sb14As6Se_id664_E-0.20.cif,Sb14As6Se,-0.1966,1.184,Semiconductor,P2/c,13,42
Sr9Ca_id816_E-0.19.cif,Sr9Ca,-0.1867,0.0,Metal,I4/mmm,139,20
SrCd6_id4752_E-0.18.cif,SrCd6,-0.1803,0.0,Metal,Pmmm,47,7
Zn4Cd2Ga_id4397_E-0.18.cif,Zn4Cd2Ga,-0.1779,0.0,Metal,P4mm,99,7
LiAlZn2(GaO2)2_id1164_E-0.18.cif,LiAlZn2(GaO2)2,-0.1765,0.04,Metal,Pmmn,59,20
K6Na8Li_id3629_E-0.17.cif,K6Na8Li,-0.1703,3.3,Semiconductor,P1,1,30
KBa4NaCdInGa_id3864_E-0.17.cif,KBa4NaCdInGa,-0.1662,0.157,Semiconductor,P4mm,99,9
Ba2Zn2Ga_id1934_E-0.16.cif,Ba2Zn2Ga,-0.1588,0.0,Metal,Ibam,72,20
MgZnCd5_id1670_E-0.15.cif,MgZnCd5,-0.1523,0.0,Metal,P3m1,156,7
ZnCd3_id327_E-0.15.cif,ZnCd3,-0.1489,0.0,Metal,P4/mmm,123,8
MgCd3Sn2_id4484_E-0.15.cif,MgCd3Sn2,-0.1479,2.129,Semiconductor,I-4m2,119,12
Cd_id901_E-0.15.cif,Cd,-0.1455,0.0,Metal,P4/mmm,123,4
MgZn2Cd3_id1610_E-0.14.cif,MgZn2Cd3,-0.1447,0.0,Metal,P4mm,99,6
Mg4CdInSn2_id4459_E-0.14.cif,Mg4CdInSn2,-0.1372,0.363,Semiconductor,Pm,6,8
Al10In29_id2218_E-0.13.cif,Al10In29,-0.1348,0.0,Metal,P1,1,39
Ba3Ca2Mg3_id4311_E-0.13.cif,Ba3Ca2Mg3,-0.1308,0.0,Metal,P-6,174,8
Ca2Mg2Zn_id3621_E-0.12.cif,Ca2Mg2Zn,-0.117,0.0,Metal,P4_2/nmc,137,10
LiZnSe14(S2O)4_id2921_E-0.11.cif,LiZnSe14(S2O)4,-0.1121,1.817,Semiconductor,P-42c,112,56
K2CaTe_id846_E-0.11.cif,K2CaTe,-0.1088,0.1,Semiconductor,P-6m2,187,8
KLiSiSn2Sb2TeP2Se5S6_id3688_E-0.09.cif,KLiSiSn2Sb2TeP2Se5S6,-0.0858,1.436,Semiconductor,P1,1,42
Zn_id1669_E-0.08.cif,Zn,-0.0785,0.0,Metal,I4/mmm,139,16
Mg3Sn_id1705_E-0.07.cif,Mg3Sn,-0.0739,0.659,Semiconductor,P4/mmm,123,16
BaSr2Ca15_id3720_E-0.07.cif,BaSr2Ca15,-0.0703,1.697,Semiconductor,P-31m,162,18
Na3Ca5_id426_E-0.06.cif,Na3Ca5,-0.0578,0.0,Metal,Pm-3m,221,24
Al(CdS4)2_id4045_E-0.04.cif,Al(CdS4)2,-0.0401,3.027,Semiconductor,Pm,6,22
Ca3Si_id75_E-0.04.cif,Ca3Si,-0.0384,0.019,Metal,P4_132,213,32
Li5MgAl2_id1460_E-0.04.cif,Li5MgAl2,-0.0378,0.0,Metal,Pm,6,32
Cd_id450_E-0.03.cif,Cd,-0.0262,0.0,Metal,P1,1,19
Zn_id1098_E-0.02.cif,Zn,-0.0237,0.0,Metal,Pmm2,25,18
Ba4Na8BeBAsP4_id4599_E-0.01.cif,Ba4Na8BeBAsP4,-0.012,0.14,Semiconductor,P4/mcc,124,38
Zn_id3361_E-0.00.cif,Zn,-0.0027,2.316,Semiconductor,P4/nmm,129,8
