file_name,formula,energy,bandgap,type,space_group_symbol,space_group_number,num_atoms
Ti3AlO4_id1176_E-8.34.cif,Ti3AlO4,-8.3387,0.0,Metal,Pm-3m,221,8
Ti3GaN_id1010_E-8.11.cif,Ti3GaN,-8.1068,0.0,Metal,Pm-3m,221,5
Ti2O_id1951_E-8.08.cif,Ti2O,-8.0789,0.0,Metal,P321,150,9
Ti2O_id2745_E-8.03.cif,Ti2O,-8.0338,0.0,Metal,I4/mmm,139,12
TiSiC2_id486_E-7.84.cif,TiSiC2,-7.8433,0.0,Metal,P6_3/mmc,194,8
Ti3SiO4_id374_E-7.84.cif,Ti3SiO4,-7.843,0.0,Metal,Cmcm,63,32
TiS_id3172_E-7.78.cif,TiS,-7.7805,2.747,Semiconductor,Im-3m,229,24
Sc3GeN_id866_E-7.75.cif,Sc3GeN,-7.7524,0.252,Semiconductor,Pm-3m,221,5
ScN2_id1980_E-7.70.cif,ScN2,-7.7044,0.065,Semiconductor,Pca2_1,29,12
Ti42GaGe7_id1013_E-7.53.cif,Ti42GaGe7,-7.5334,0.0,Metal,P1,1,50
Ti_id3192_E-7.50.cif,Ti,-7.5028,0.0,Metal,Pm-3m,221,64
TiC_id700_E-7.49.cif,TiC,-7.4865,0.0,Metal,I4_1/amd,141,8
ScN_id1837_E-7.42.cif,ScN,-7.4177,0.0,Metal,P6_522,179,12
Sc2SiO4_id2464_E-7.37.cif,Sc2SiO4,-7.3718,3.377,Semiconductor,P2/c,13,28
Sc3GaN_id2498_E-7.31.cif,Sc3GaN,-7.3078,0.0,Metal,Pm-3m,221,5
Ti4As(PO)2_id1643_E-7.17.cif,Ti4As(PO)2,-7.1735,0.0,Metal,P-42m,111,9
NaTi7O3_id1046_E-7.16.cif,NaTi7O3,-7.1558,0.0,Metal,Pm-3n,223,22
TiS_id2641_E-7.13.cif,TiS,-7.1268,0.173,Semiconductor,P4/nmm,129,8
C_id224_E-7.10.cif,C,-7.1012,0.883,Semiconductor,Cmmm,65,11
TiSeO3_id842_E-7.02.cif,TiSeO3,-7.0216,2.432,Semiconductor,P6_3mc,186,10
Sc2C_id1920_E-7.00.cif,Sc2C,-6.997,0.0,Metal,P4_2/nmc,137,12
SrN10_id1581_E-7.00.cif,SrN10,-6.9969,0.324,Semiconductor,I-42d,122,44
CaN30_id761_E-6.95.cif,CaN30,-6.9506,1.92,Semiconductor,R-3,148,93
N2_id2383_E-6.94.cif,N2,-6.9407,2.471,Semiconductor,P1,1,12
ScBO_id3299_E-6.89.cif,ScBO,-6.8913,0.0,Metal,Pbca,61,24
MgN14_id1582_E-6.88.cif,MgN14,-6.8823,1.592,Semiconductor,Cc,9,60
Sc2CdBO4_id3039_E-6.84.cif,Sc2CdBO4,-6.8442,0.669,Semiconductor,P-42c,112,16
Sc4TiS2_id2824_E-6.83.cif,Sc4TiS2,-6.8321,0.0,Metal,Cmce,64,28
C_id2719_E-6.81.cif,C,-6.8069,0.052,Semiconductor,Pbcn,60,12
Li2Ti2O5_id2311_E-6.80.cif,Li2Ti2O5,-6.8023,2.583,Semiconductor,Pbcn,60,36
Ti3(SnO)2_id3279_E-6.78.cif,Ti3(SnO)2,-6.7842,0.683,Semiconductor,P4/mnc,128,28
BaScO4_id1197_E-6.74.cif,BaScO4,-6.7424,0.0,Metal,P4/nbm,125,12
Ti2C7_id2655_E-6.66.cif,Ti2C7,-6.6575,0.29,Semiconductor,P4_2/nbc,133,36
CO3_id2196_E-6.63.cif,CO3,-6.6284,5.4,Insulator,Ibca,73,32
BeC6N5_id2000_E-6.61.cif,BeC6N5,-6.6114,0.008,Metal,P1,1,24
Ti2Ga_id571_E-6.58.cif,Ti2Ga,-6.5848,0.0,Metal,I4/mmm,139,12
Sc2Te2P2C25(SeN)2_id46_E-6.58.cif,Sc2Te2P2C25(SeN)2,-6.5842,1.348,Semiconductor,P2_1/c,14,70
NO_id609_E-6.58.cif,NO,-6.5828,5.684,Insulator,P4/nmm,129,8
TiGaO_id2817_E-6.55.cif,TiGaO,-6.5462,0.106,Semiconductor,Pbca,61,24
N12O7_id1711_E-6.54.cif,N12O7,-6.5414,1.625,Semiconductor,R-3,148,57
LiSiO2_id2531_E-6.54.cif,LiSiO2,-6.5397,0.797,Semiconductor,I4_122,98,16
P2O3_id2811_E-6.54.cif,P2O3,-6.5352,3.916,Insulator,Pbcn,60,20
Ti7GaO6_id1510_E-6.53.cif,Ti7GaO6,-6.5309,1.13,Semiconductor,P1,1,56
B2PC8_id2556_E-6.47.cif,B2PC8,-6.4733,0.263,Semiconductor,I422,97,22
Mg2Sc2O5_id2806_E-6.47.cif,Mg2Sc2O5,-6.4702,0.059,Semiconductor,Pccn,56,36
Ti5Sb2_id2377_E-6.46.cif,Ti5Sb2,-6.4565,0.0,Metal,Pmmm,47,28
Sc2SeS_id880_E-6.44.cif,Sc2SeS,-6.4383,0.0,Metal,C2/m,12,8
Ti4Ga_id2715_E-6.43.cif,Ti4Ga,-6.4276,0.0,Metal,P4_2/nmc,137,20
Al2C2O3_id359_E-6.40.cif,Al2C2O3,-6.399,0.27,Semiconductor,Pbcn,60,28
C_id464_E-6.39.cif,C,-6.3935,0.0,Metal,Fm-3,202,124
N2O_id759_E-6.38.cif,N2O,-6.3802,1.606,Semiconductor,Pca2_1,29,12
SrC8_id1953_E-6.38.cif,SrC8,-6.3791,0.027,Metal,P-6m2,187,9
AlN_id2713_E-6.35.cif,AlN,-6.3451,1.943,Semiconductor,Aea2,41,16
Sc_id1683_E-6.33.cif,Sc,-6.3332,0.194,Semiconductor,Fm-3c,226,96
Ca2N5_id2630_E-6.32.cif,Ca2N5,-6.3239,1.49,Semiconductor,Pccn,56,28
Ti5Sb2_id275_E-6.32.cif,Ti5Sb2,-6.3154,0.0,Metal,P4_22_12,94,14
C_id2634_E-6.31.cif,C,-6.3128,2.015,Semiconductor,Fm-3m,225,64
ScC4O_id3055_E-6.31.cif,ScC4O,-6.3122,0.0,Metal,P321,150,12
Ti12Zn6SbO12_id2980_E-6.30.cif,Ti12Zn6SbO12,-6.2972,0.949,Semiconductor,Im-3,204,62
InCO4_id1566_E-6.29.cif,InCO4,-6.2899,2.053,Semiconductor,I4_1/a,88,24
K2Sc4BN3_id2396_E-6.27.cif,K2Sc4BN3,-6.2713,0.0,Metal,C2/m,12,20
Ca3MgNO3_id893_E-6.24.cif,Ca3MgNO3,-6.2438,2.222,Semiconductor,Pm-3m,221,8
Ba(N4O)3_id2670_E-6.23.cif,Ba(N4O)3,-6.2295,1.315,Semiconductor,P6_3/m,176,32
Sc3Sn_id3227_E-6.22.cif,Sc3Sn,-6.2159,0.0,Metal,Pm-3m,221,4
Sc3Se4_id2748_E-6.21.cif,Sc3Se4,-6.208,0.932,Semiconductor,I-43d,220,28
MgAl2(BO2)2_id2494_E-6.21.cif,MgAl2(BO2)2,-6.2052,4.228,Insulator,P4/mmm,123,9
Sc2P_id310_E-6.19.cif,Sc2P,-6.1931,0.0,Metal,Pn-3m,224,6
Ti3Al2C3_id520_E-6.19.cif,Ti3Al2C3,-6.1882,0.29,Semiconductor,Cmc2_1,36,32
Ti2B7_id3116_E-6.18.cif,Ti2B7,-6.1766,1.433,Semiconductor,C222_1,20,36
B2C_id1625_E-6.17.cif,B2C,-6.1733,1.646,Semiconductor,Pbcn,60,12
NaCaSc2O6_id741_E-6.16.cif,NaCaSc2O6,-6.1627,3.061,Semiconductor,P2/m,10,10
LiTiN_id1437_E-6.13.cif,LiTiN,-6.1301,1.4,Semiconductor,P2_12_12_1,19,12
Ti2Be2B_id2089_E-6.11.cif,Ti2Be2B,-6.1086,1.948,Semiconductor,P6_422,181,15
Ti(AsN)4_id518_E-6.11.cif,Ti(AsN)4,-6.1068,0.0,Metal,I-42d,122,36
Sc6Zn3N4_id877_E-6.06.cif,Sc6Zn3N4,-6.0612,0.0,Metal,P1,1,52
ScAsN3_id575_E-6.05.cif,ScAsN3,-6.0473,0.0,Metal,Pm-3m,221,5
C_id2496_E-6.05.cif,C,-6.0454,0.292,Semiconductor,Cmm2,35,24
Ti11Zn2_id361_E-6.04.cif,Ti11Zn2,-6.0447,0.347,Semiconductor,P1,1,26
Ti10ZnSi4NO10_id2348_E-6.04.cif,Ti10ZnSi4NO10,-6.0373,1.626,Semiconductor,P4bm,100,52
Sc5Si6_id712_E-6.04.cif,Sc5Si6,-6.035,0.0,Metal,P6_3/mcm,193,22
K3GeC6(SO)6_id1117_E-6.03.cif,K3GeC6(SO)6,-6.0346,1.16,Semiconductor,P321,150,22
Sc_id2240_E-6.03.cif,Sc,-6.0288,0.0,Metal,C2/c,15,20
Ca2Si2C15_id2917_E-6.01.cif,Ca2Si2C15,-6.0119,0.114,Semiconductor,R-3,148,57
ZnP2C6(NO)6_id1508_E-5.99.cif,ZnP2C6(NO)6,-5.9856,0.072,Semiconductor,P2_1,4,42
Ti2Ga_id1972_E-5.98.cif,Ti2Ga,-5.9827,0.0,Metal,I4_1/acd,142,24
Ti2Al_id698_E-5.98.cif,Ti2Al,-5.9753,0.0,Metal,P4_12_12,92,12
TiSn_id184_E-5.97.cif,TiSn,-5.9734,0.0,Metal,Fm-3m,225,64
MgN2_id2298_E-5.97.cif,MgN2,-5.9734,1.9,Semiconductor,P-6m2,187,3
SrO_id2868_E-5.97.cif,SrO,-5.9724,0.052,Semiconductor,P4_2/mmc,131,4
NO_id3379_E-5.97.cif,NO,-5.9691,1.582,Semiconductor,Pbca,61,16
Mg5N12_id2310_E-5.97.cif,Mg5N12,-5.9662,1.913,Semiconductor,P-42_1c,114,34
Sc2C3_id1527_E-5.96.cif,Sc2C3,-5.9556,0.0,Metal,Pbcn,60,20
K2TiO4_id1558_E-5.95.cif,K2TiO4,-5.9512,4.643,Insulator,I4/mmm,139,28
CaO2_id1340_E-5.93.cif,CaO2,-5.9317,0.0,Metal,P3m1,156,6
Sc_id3128_E-5.92.cif,Sc,-5.9192,0.0,Metal,I4_1/amd,141,12
Sc_id2205_E-5.88.cif,Sc,-5.8769,0.0,Metal,P6/mmm,191,9
CaGeO4_id1187_E-5.84.cif,CaGeO4,-5.8425,0.068,Semiconductor,P4/nbm,125,12
Sc_id966_E-5.84.cif,Sc,-5.8385,0.0,Metal,P-4c2,116,16
SnGeO2_id1335_E-5.82.cif,SnGeO2,-5.824,0.0,Metal,I4_122,98,16
InN3_id1794_E-5.82.cif,InN3,-5.8212,1.396,Semiconductor,Cc,9,16
Sc6Ti2GeSe3_id2676_E-5.82.cif,Sc6Ti2GeSe3,-5.8208,0.565,Semiconductor,Pbam,55,24
TiP3S_id2617_E-5.82.cif,TiP3S,-5.8152,0.0,Metal,P2_13,198,20
ZnCd(S2N3)4_id2737_E-5.81.cif,ZnCd(S2N3)4,-5.8105,0.962,Semiconductor,R-3,148,66
MgO2_id2104_E-5.79.cif,MgO2,-5.7926,3.715,Insulator,P4_2/ncm,138,12
K2Sc4CdO5_id2115_E-5.79.cif,K2Sc4CdO5,-5.7923,1.799,Semiconductor,I4/m,87,24
Sc3B4_id629_E-5.79.cif,Sc3B4,-5.7858,0.071,Semiconductor,P4_2/nnm,134,28
Ti2S3_id3069_E-5.79.cif,Ti2S3,-5.7852,0.0,Metal,Pn-3,201,20
LiMgTi6Al2Zn2CdO8_id1132_E-5.78.cif,LiMgTi6Al2Zn2CdO8,-5.7812,0.157,Semiconductor,P4_3,78,84
Sc2Al2CO2_id1830_E-5.78.cif,Sc2Al2CO2,-5.7808,0.0,Metal,C2/m,12,28
Sc3Ti2_id1618_E-5.75.cif,Sc3Ti2,-5.748,0.0,Metal,P-31m,162,15
CaGePC7N11_id1276_E-5.74.cif,CaGePC7N11,-5.7413,0.968,Semiconductor,P1,1,84
LiTi4C4SeO3_id2616_E-5.74.cif,LiTi4C4SeO3,-5.7388,1.285,Semiconductor,P4,75,13
NaLi2TiO4_id1572_E-5.73.cif,NaLi2TiO4,-5.7305,2.332,Semiconductor,Pnn2,34,16
Sc5Se2_id1640_E-5.72.cif,Sc5Se2,-5.7199,0.003,Metal,Cmce,64,28
MgAsO2_id1295_E-5.72.cif,MgAsO2,-5.7182,0.874,Semiconductor,I4_122,98,16
Sc_id2329_E-5.69.cif,Sc,-5.6928,0.0,Metal,Cccm,66,36
Ti3Ga2O_id2838_E-5.69.cif,Ti3Ga2O,-5.689,0.0,Metal,Pn-3m,224,12
Sc3In_id308_E-5.68.cif,Sc3In,-5.6843,0.0,Metal,Fm-3m,225,16
Ga(GeO2)2_id1277_E-5.65.cif,Ga(GeO2)2,-5.6531,1.126,Semiconductor,P1,1,28
Sc_id957_E-5.64.cif,Sc,-5.6411,0.237,Semiconductor,P4/mmm,123,32
MgSc3B_id2888_E-5.63.cif,MgSc3B,-5.6255,0.0,Metal,Pm-3m,221,5
Sc5Ti_id3032_E-5.62.cif,Sc5Ti,-5.6218,0.0,Metal,P4/mmm,123,6
TiAs_id2339_E-5.62.cif,TiAs,-5.6208,0.0,Metal,P3_221,154,6
BaCaO4_id1287_E-5.61.cif,BaCaO4,-5.6109,3.48,Semiconductor,P4/nbm,125,12
Si2SO_id1488_E-5.61.cif,Si2SO,-5.6105,0.0,Metal,P4_12_12,92,16
Mg2Ti3P2O_id2724_E-5.60.cif,Mg2Ti3P2O,-5.6041,0.0,Metal,Pn-3m,224,16
Sc2SbO2_id2959_E-5.60.cif,Sc2SbO2,-5.6026,0.289,Semiconductor,Pa-3,205,20
BaNO_id3332_E-5.60.cif,BaNO,-5.5963,1.008,Semiconductor,P4_2/mmc,131,6
CO3_id1156_E-5.58.cif,CO3,-5.5827,4.299,Insulator,Pna2_1,33,16
KMgB2(SO2)2_id568_E-5.58.cif,KMgB2(SO2)2,-5.5795,2.373,Semiconductor,I4_1/amd,141,40
BP2_id2419_E-5.57.cif,BP2,-5.5705,0.0,Metal,Pccm,49,6
B_id1836_E-5.56.cif,B,-5.5632,0.0,Metal,P4_32_12,96,8
Sc3SnTe4_id2764_E-5.56.cif,Sc3SnTe4,-5.5565,0.503,Semiconductor,Pm-3m,221,8
N2O5_id2950_E-5.55.cif,N2O5,-5.545,3.326,Semiconductor,P4_2/nnm,134,56
GeSbNO2_id2378_E-5.54.cif,GeSbNO2,-5.5438,0.455,Semiconductor,Pca2_1,29,20
P3O2_id1169_E-5.54.cif,P3O2,-5.5361,3.422,Semiconductor,P2_12_12_1,19,20
ScSb2_id772_E-5.53.cif,ScSb2,-5.5265,0.0,Metal,Pbcn,60,12
BaGaAs2P2(CO)4_id305_E-5.53.cif,BaGaAs2P2(CO)4,-5.5264,1.43,Semiconductor,C2,5,28
ScAs_id2604_E-5.52.cif,ScAs,-5.5232,0.0,Metal,Pbca,61,16
Ca4TeO4_id1843_E-5.52.cif,Ca4TeO4,-5.5217,0.044,Metal,P-42_1c,114,18
TiO6_id2542_E-5.51.cif,TiO6,-5.5134,1.282,Semiconductor,P-1,2,7
MgSc6_id1681_E-5.50.cif,MgSc6,-5.4973,0.0,Metal,Fm-3m,225,28
BeC_id763_E-5.46.cif,BeC,-5.4601,0.059,Semiconductor,Pbca,61,16
Sc_id1833_E-5.46.cif,Sc,-5.4552,0.0,Metal,P-31m,162,15
Ca3Sc4In4O9_id2823_E-5.45.cif,Ca3Sc4In4O9,-5.4516,0.563,Semiconductor,I4/m,87,40
C_id547_E-5.45.cif,C,-5.4513,0.258,Semiconductor,P-6m2,187,6
KTiGe2SbO6_id1321_E-5.45.cif,KTiGe2SbO6,-5.4498,0.0,Metal,I222,23,22
In2SnO9_id3276_E-5.45.cif,In2SnO9,-5.4451,0.0,Metal,I222,23,24
InGa(SnO2)2_id1764_E-5.44.cif,InGa(SnO2)2,-5.4421,1.431,Semiconductor,P-42_1c,114,16
GeO2_id345_E-5.44.cif,GeO2,-5.4414,1.252,Semiconductor,P4/nnc,126,24
B(P3N2)2_id1631_E-5.44.cif,B(P3N2)2,-5.4401,0.671,Semiconductor,P4/n,85,22
SrMg8B2(CN)8_id959_E-5.44.cif,SrMg8B2(CN)8,-5.4394,0.018,Metal,I422,97,54
Na2CaMgC3N8_id2246_E-5.43.cif,Na2CaMgC3N8,-5.4343,1.375,Semiconductor,P1,1,60
NaMgBeInB3TeN2O11_id36_E-5.43.cif,NaMgBeInB3TeN2O11,-5.4296,0.014,Metal,P3_2,145,63
Sc4Ge3(PSe)3_id2034_E-5.43.cif,Sc4Ge3(PSe)3,-5.4285,0.229,Semiconductor,R-3c,167,78
CdN2O5_id1701_E-5.42.cif,CdN2O5,-5.4165,0.092,Semiconductor,C222_1,20,32
N2O3_id2019_E-5.41.cif,N2O3,-5.4144,2.002,Semiconductor,Pccn,56,20
Sc6CdIn_id1693_E-5.40.cif,Sc6CdIn,-5.4,0.0,Metal,Pm-3,200,8
Sc_id3256_E-5.40.cif,Sc,-5.3969,0.0,Metal,P6_2,171,18
Sc_id781_E-5.39.cif,Sc,-5.388,0.585,Semiconductor,Pmm2,25,15
AlNO_id3146_E-5.37.cif,AlNO,-5.3719,1.777,Semiconductor,Pca2_1,29,12
Na2Li2B2S2N2O5_id1647_E-5.37.cif,Na2Li2B2S2N2O5,-5.3717,2.887,Semiconductor,P1,1,60
Ca2TiSN2_id413_E-5.37.cif,Ca2TiSN2,-5.3666,1.712,Semiconductor,I4_122,98,24
KLiScTi(SO4)2_id1749_E-5.37.cif,KLiScTi(SO4)2,-5.3655,1.009,Semiconductor,P2,3,14
Ba4LiIn3O6_id1476_E-5.36.cif,Ba4LiIn3O6,-5.3621,0.351,Semiconductor,Im-3m,229,28
Ti3O7_id1090_E-5.36.cif,Ti3O7,-5.3596,0.53,Semiconductor,P6_3mc,186,20
LiSc4_id2076_E-5.34.cif,LiSc4,-5.3367,4.186,Insulator,Ibca,73,40
Sc2Ti20O5_id1564_E-5.33.cif,Sc2Ti20O5,-5.3326,0.038,Metal,Pm,6,54
MgGaN2_id1828_E-5.33.cif,MgGaN2,-5.3305,0.077,Semiconductor,P4/mmm,123,8
PO3_id393_E-5.33.cif,PO3,-5.328,1.028,Semiconductor,P-62m,189,12
SrCaO8_id2761_E-5.33.cif,SrCaO8,-5.3271,1.33,Semiconductor,P4/nbm,125,20
MgSc3O18_id1067_E-5.31.cif,MgSc3O18,-5.3138,1.645,Semiconductor,P2/c,13,44
P3NO5_id126_E-5.30.cif,P3NO5,-5.3033,1.084,Semiconductor,P2/c,13,36
Ti(InS2)2_id3364_E-5.30.cif,Ti(InS2)2,-5.2975,1.296,Semiconductor,Pban,50,14
BaInGaO3_id3354_E-5.30.cif,BaInGaO3,-5.2954,1.104,Semiconductor,Pcc2,27,24
MgSiGePO4_id174_E-5.29.cif,MgSiGePO4,-5.2925,2.276,Semiconductor,Pmmm,47,8
CaSc4Al3O3_id2079_E-5.29.cif,CaSc4Al3O3,-5.2906,0.0,Metal,Pm-3n,223,22
BaN2_id1325_E-5.28.cif,BaN2,-5.281,0.0,Metal,P6_3/mmc,194,6
PO6_id810_E-5.27.cif,PO6,-5.2706,3.462,Semiconductor,Aea2,41,56
K3Ti2(Ga3O5)2_id311_E-5.26.cif,K3Ti2(Ga3O5)2,-5.2592,0.096,Semiconductor,R-3,148,63
Ti2Be4Si2Te(AsO2)2_id115_E-5.25.cif,Ti2Be4Si2Te(AsO2)2,-5.2478,2.49,Semiconductor,P1,1,15
Ba4Li2SnGeO12_id2392_E-5.24.cif,Ba4Li2SnGeO12,-5.2414,0.853,Semiconductor,I-42m,121,40
GaO_id1406_E-5.24.cif,GaO,-5.2362,1.769,Semiconductor,P4_2/ncm,138,8
TiGaGe_id3063_E-5.23.cif,TiGaGe,-5.23,0.0,Metal,F-43m,216,12
Ti2Ga2B_id1208_E-5.23.cif,Ti2Ga2B,-5.227,0.0,Metal,P6_422,181,15
Ca2GeO2_id453_E-5.21.cif,Ca2GeO2,-5.2063,0.0,Metal,Pa-3,205,20
NO2_id2686_E-5.20.cif,NO2,-5.1965,4.488,Insulator,Pba2,32,18
Mg(BO3)2_id2492_E-5.19.cif,Mg(BO3)2,-5.1921,1.954,Semiconductor,Pc,7,36
K2Ti4BeCdGa2BNO9_id248_E-5.19.cif,K2Ti4BeCdGa2BNO9,-5.1855,0.963,Semiconductor,P3_1,144,63
Sc_id1307_E-5.18.cif,Sc,-5.1762,0.0,Metal,Pmc2_1,26,10
K2(SnO2)3_id2820_E-5.18.cif,K2(SnO2)3,-5.1752,1.523,Semiconductor,P-31c,163,22
Ti12AlInGa(AsO18)2_id2941_E-5.17.cif,Ti12AlInGa(AsO18)2,-5.1715,2.317,Semiconductor,P31m,157,53
S_id2625_E-5.17.cif,S,-5.1708,0.73,Semiconductor,F432,209,96
N2_id38_E-5.17.cif,N2,-5.1665,5.079,Insulator,P1,1,12
C9(NO)4_id1742_E-5.16.cif,C9(NO)4,-5.1567,0.0,Metal,P-43n,218,34
Sn2SO_id684_E-5.14.cif,Sn2SO,-5.1414,0.0,Metal,P6_222,180,12
Sc4BeAl4Ga4Si2B4C16(N19O2)2_id2835_E-5.14.cif,Sc4BeAl4Ga4Si2B4C16(N19O2)2,-5.1381,0.045,Metal,P4/n,85,154
Ba2TiIn2(N9O)2_id3209_E-5.14.cif,Ba2TiIn2(N9O)2,-5.1367,0.425,Semiconductor,P4/mnc,128,100
NaSn5(GeO2)2_id2614_E-5.12.cif,NaSn5(GeO2)2,-5.119,0.26,Semiconductor,P-4m2,115,12
BeSbCN_id2793_E-5.12.cif,BeSbCN,-5.1162,1.023,Semiconductor,Pca2_1,29,16
Ca4GeO10_id2889_E-5.11.cif,Ca4GeO10,-5.1141,0.0,Metal,P1,1,30
CdGeO2_id1149_E-5.11.cif,CdGeO2,-5.1103,0.0,Metal,I4_122,98,16
Sc4(GaS2)3_id1274_E-5.10.cif,Sc4(GaS2)3,-5.0994,0.0,Metal,Cmce,64,52
NaAl(C3O2)2_id2570_E-5.09.cif,NaAl(C3O2)2,-5.0924,0.303,Semiconductor,Pban,50,24
ScGa3(AsO2)6_id2885_E-5.08.cif,ScGa3(AsO2)6,-5.0822,0.339,Semiconductor,P6_3,173,44
ScAlSb_id1210_E-5.07.cif,ScAlSb,-5.0715,0.952,Semiconductor,P4/nmm,129,6
K(AsO)2_id3386_E-5.07.cif,K(AsO)2,-5.0694,1.391,Semiconductor,P4/mnc,128,20
Ti2Ga2B6NO_id2697_E-5.06.cif,Ti2Ga2B6NO,-5.0638,0.517,Semiconductor,P4_2/m,84,24
Ti2AlZn_id3211_E-5.06.cif,Ti2AlZn,-5.0627,0.0,Metal,P4/mmm,123,8
LiMg2SnN4_id2491_E-5.06.cif,LiMg2SnN4,-5.0562,0.0,Metal,I4/mmm,139,16
MgTi2BeSi4B8Te12S8(N2O3)4_id1221_E-5.05.cif,MgTi2BeSi4B8Te12S8(N2O3)4,-5.0466,3.075,Semiconductor,P-42c,112,112
MgSbO4_id2184_E-5.04.cif,MgSbO4,-5.0444,0.806,Semiconductor,Cmmm,65,12
MgSc7Ge_id3042_E-5.04.cif,MgSc7Ge,-5.0397,0.0,Metal,P4/mmm,123,9
Ti6BeSi_id2792_E-5.04.cif,Ti6BeSi,-5.0381,0.0,Metal,P6_322,182,16
CaN21_id63_E-5.04.cif,CaN21,-5.0377,0.0,Metal,I4/m,87,44
ScGa_id272_E-5.02.cif,ScGa,-5.0221,0.0,Metal,P6_3/mmc,194,12
LiGa2(SnO2)2_id3384_E-5.02.cif,LiGa2(SnO2)2,-5.0157,0.011,Metal,P6/mmm,191,18
Li5Al2ZnGaSiO11_id778_E-5.01.cif,Li5Al2ZnGaSiO11,-5.0115,1.258,Semiconductor,Pc,7,42
KCaO8_id3371_E-5.01.cif,KCaO8,-5.009,2.116,Semiconductor,P4/nbm,125,20
TiSiB2_id881_E-5.01.cif,TiSiB2,-5.0085,0.0,Metal,P1,1,32
AlB3PO16_id1635_E-5.01.cif,AlB3PO16,-5.0074,1.098,Semiconductor,P2_1,4,42
Sc3Ga_id2829_E-5.00.cif,Sc3Ga,-5.0043,2.259,Semiconductor,Pmmn,59,8
KScTiO_id2924_E-5.00.cif,KScTiO,-5.0018,0.08,Semiconductor,P-3m1,164,8
Ca(SeO)3_id50_E-5.00.cif,Ca(SeO)3,-4.9987,2.073,Semiconductor,P6_3,173,14
C_id1963_E-5.00.cif,C,-4.9982,1.252,Semiconductor,Pm,6,116
MgScB2N2O3_id1518_E-5.00.cif,MgScB2N2O3,-4.9976,0.0,Metal,Cm,8,36
CaSn2(GeO2)2_id2709_E-5.00.cif,CaSn2(GeO2)2,-4.9966,0.948,Semiconductor,P4_2/m,84,18
LiAsO6_id3323_E-4.99.cif,LiAsO6,-4.9928,0.787,Semiconductor,P6_322,182,16
CaO4_id1205_E-4.99.cif,CaO4,-4.9912,1.907,Semiconductor,P-42_1c,114,10
Be4Si2B4S3_id1373_E-4.99.cif,Be4Si2B4S3,-4.9854,1.81,Semiconductor,Pccn,56,52
KCd2Te(CO)3_id1509_E-4.98.cif,KCd2Te(CO)3,-4.9831,0.603,Semiconductor,P-1,2,20
Ba2Ti3S4_id75_E-4.98.cif,Ba2Ti3S4,-4.9829,1.288,Semiconductor,I4/mmm,139,36
ScAl_id3009_E-4.98.cif,ScAl,-4.9826,0.0,Metal,Cmmm,65,12
LiSc24Ti8Ga(C3O2)2_id1752_E-4.98.cif,LiSc24Ti8Ga(C3O2)2,-4.981,0.0,Metal,I4/m,87,88
Sc3Ti8BeAlS3NO22_id717_E-4.98.cif,Sc3Ti8BeAlS3NO22,-4.9803,1.844,Semiconductor,P1,1,117
Ba4MgCd3O6_id1730_E-4.98.cif,Ba4MgCd3O6,-4.9785,0.007,Metal,Im-3m,229,28
Na2ScO2_id3260_E-4.97.cif,Na2ScO2,-4.9729,2.781,Semiconductor,P6/mmm,191,10
Sc4Ti29Zn4_id1366_E-4.97.cif,Sc4Ti29Zn4,-4.972,0.343,Semiconductor,Pmm2,25,37
PNO4_id267_E-4.97.cif,PNO4,-4.9718,2.756,Semiconductor,P1,1,24
Ge3PO2_id3118_E-4.97.cif,Ge3PO2,-4.9685,0.393,Semiconductor,P-4n2,118,12
MgInO6_id843_E-4.97.cif,MgInO6,-4.967,1.507,Semiconductor,P-31c,163,16
Li2Mg(AsO3)2_id958_E-4.96.cif,Li2Mg(AsO3)2,-4.9642,0.104,Semiconductor,P4/mnc,128,44
ScGe4_id2916_E-4.96.cif,ScGe4,-4.9574,0.0,Metal,Ccce,68,20
MgTiGeAs2_id2803_E-4.94.cif,MgTiGeAs2,-4.9368,0.194,Semiconductor,Pmmm,47,10
Li2ScAl2Ge(PN)2_id1868_E-4.93.cif,Li2ScAl2Ge(PN)2,-4.9345,0.0,Metal,C2/m,12,10
ScTi33Al2SiP_id385_E-4.93.cif,ScTi33Al2SiP,-4.9342,0.0,Metal,P2,3,76
Ba2Sc2AsSN2_id1709_E-4.93.cif,Ba2Sc2AsSN2,-4.9258,0.0,Metal,P-3m1,164,8
TiB5C14N_id3134_E-4.92.cif,TiB5C14N,-4.9236,0.4,Semiconductor,P2_12_12_1,19,84
K2BO2_id35_E-4.92.cif,K2BO2,-4.9206,5.588,Insulator,P1,1,60
Sc_id2736_E-4.92.cif,Sc,-4.9186,2.539,Semiconductor,P1,1,28
BaBe4GaO4_id2024_E-4.91.cif,BaBe4GaO4,-4.9127,3.993,Insulator,I4_1/a,88,40
Ti7Sn4_id2594_E-4.91.cif,Ti7Sn4,-4.9106,0.0,Metal,Pm-3,200,11
MgN_id873_E-4.90.cif,MgN,-4.9013,0.341,Semiconductor,P4_2/ncm,138,8
NaCaP6SO12_id3325_E-4.90.cif,NaCaP6SO12,-4.9009,1.45,Semiconductor,P2_1/c,14,84
Sr3C4N3_id1899_E-4.90.cif,Sr3C4N3,-4.8998,0.0,Metal,I-43d,220,40
B2As2S3_id2138_E-4.90.cif,B2As2S3,-4.8989,2.188,Semiconductor,P4_2mc,105,14
NaSiCNO_id1136_E-4.89.cif,NaSiCNO,-4.8889,0.307,Semiconductor,P6_522,179,30
NaLi2MgO4_id1590_E-4.89.cif,NaLi2MgO4,-4.8864,3.262,Semiconductor,Pccm,49,16
Li2CdAsP4S4(NO2)4_id1995_E-4.88.cif,Li2CdAsP4S4(NO2)4,-4.8842,0.079,Semiconductor,P4/n,85,48
Li2As2N2O_id813_E-4.88.cif,Li2As2N2O,-4.8795,1.178,Semiconductor,Pccn,56,28
MgO2_id1179_E-4.88.cif,MgO2,-4.8794,2.189,Semiconductor,Pbca,61,12
CaO6_id2759_E-4.86.cif,CaO6,-4.8629,3.033,Semiconductor,P4/nbm,125,28
BeBO2_id1673_E-4.86.cif,BeBO2,-4.8563,2.47,Semiconductor,P6_222,180,12
Sc23S8_id3126_E-4.85.cif,Sc23S8,-4.8544,0.0,Metal,Pc,7,62
O2_id1214_E-4.85.cif,O2,-4.8538,4.516,Insulator,P4_2/ncm,138,16
Ba2Ca2AsS2O7_id2939_E-4.85.cif,Ba2Ca2AsS2O7,-4.8513,1.759,Semiconductor,P3_221,154,42
As4SO10_id1003_E-4.85.cif,As4SO10,-4.85,0.619,Semiconductor,P222,16,120
SbAs3_id917_E-4.84.cif,SbAs3,-4.8449,0.729,Semiconductor,P4_12_12,92,32
SrZnGaC3SNO13_id2848_E-4.84.cif,SrZnGaC3SNO13,-4.8437,2.053,Semiconductor,P3_2,145,63
ScTiO18_id3079_E-4.84.cif,ScTiO18,-4.841,0.743,Semiconductor,P-31c,163,40
O2_id2183_E-4.84.cif,O2,-4.84,4.857,Insulator,Pm-3n,223,12
CaCNO6_id1398_E-4.84.cif,CaCNO6,-4.8378,2.767,Semiconductor,P1,1,18
SrZnO4_id1917_E-4.84.cif,SrZnO4,-4.8362,1.699,Semiconductor,P-42_1c,114,12
Sc_id193_E-4.83.cif,Sc,-4.83,0.0,Metal,P6/mmm,191,16
KMgSi9CO3_id138_E-4.83.cif,KMgSi9CO3,-4.8283,0.476,Semiconductor,P6_322,182,30
Sc3N5O13_id2262_E-4.82.cif,Sc3N5O13,-4.8211,1.896,Semiconductor,P-31m,162,42
Sc2GaSiO4_id2705_E-4.82.cif,Sc2GaSiO4,-4.8197,2.698,Semiconductor,P-42c,112,16
O2_id1059_E-4.82.cif,O2,-4.8186,2.251,Semiconductor,P6_222,180,6
O2_id261_E-4.82.cif,O2,-4.8186,2.258,Semiconductor,P6_3/mmc,194,4
SeSO2_id711_E-4.82.cif,SeSO2,-4.8153,2.554,Semiconductor,P4_2/mmc,131,16
KB3_id1483_E-4.81.cif,KB3,-4.814,1.433,Semiconductor,P6/mmm,191,4
Ge2O3_id247_E-4.81.cif,Ge2O3,-4.8105,1.4,Semiconductor,Pbcn,60,20
BP2_id1000_E-4.81.cif,BP2,-4.8084,1.102,Semiconductor,F-43m,216,12
BP12_id3366_E-4.80.cif,BP12,-4.7983,0.102,Semiconductor,I432,211,26
P_id556_E-4.79.cif,P,-4.7923,2.509,Semiconductor,Fm-3m,225,32
NaLi4Mg2As(PO6)4_id274_E-4.79.cif,NaLi4Mg2As(PO6)4,-4.7872,1.661,Semiconductor,P4/n,85,72
ZnBO4_id1311_E-4.79.cif,ZnBO4,-4.786,2.872,Semiconductor,P-42c,112,24
CO20_id919_E-4.79.cif,CO20,-4.7853,0.917,Semiconductor,Pc,7,42
BaLiGeO3_id2409_E-4.78.cif,BaLiGeO3,-4.7787,1.297,Semiconductor,P-6m2,187,6
AlZn2BPN3O4_id2319_E-4.77.cif,AlZn2BPN3O4,-4.7707,1.708,Semiconductor,Pca2_1,29,48
Sc2Al2In_id2248_E-4.77.cif,Sc2Al2In,-4.7704,0.0,Metal,I-4m2,119,10
ScTeS2_id2035_E-4.77.cif,ScTeS2,-4.7676,0.205,Semiconductor,P3m1,156,4
Na2ScTi7ZnS2O3_id1901_E-4.77.cif,Na2ScTi7ZnS2O3,-4.7668,2.853,Semiconductor,P1,1,48
LiB2_id901_E-4.76.cif,LiB2,-4.758,0.0,Metal,P6_222,180,9
Ge2P3_id2092_E-4.76.cif,Ge2P3,-4.7553,0.0,Metal,I4_1/amd,141,20
SrCaO8_id2606_E-4.75.cif,SrCaO8,-4.7514,3.606,Insulator,P4/nbm,125,20
O2_id2166_E-4.74.cif,O2,-4.7418,0.281,Semiconductor,Pbca,61,16
ScGa_id1628_E-4.74.cif,ScGa,-4.7411,0.0,Metal,P4/nmm,129,8
Ba2SbTe2SeO4_id895_E-4.73.cif,Ba2SbTe2SeO4,-4.7321,1.299,Semiconductor,P2/m,10,10
SiGe6O23_id3247_E-4.73.cif,SiGe6O23,-4.7307,2.248,Semiconductor,C2,5,30
SrSi10_id25_E-4.73.cif,SrSi10,-4.7273,0.11,Semiconductor,Pmma,51,44
BeAl2(SN)2_id1608_E-4.72.cif,BeAl2(SN)2,-4.7235,2.785,Semiconductor,Pa-3,205,28
Na2CaTiGeB(SO14)2_id2890_E-4.72.cif,Na2CaTiGeB(SO14)2,-4.7189,1.885,Semiconductor,I222,23,72
SeO_id2320_E-4.72.cif,SeO,-4.7186,1.572,Semiconductor,Pbca,61,16
Sn3SN_id2649_E-4.72.cif,Sn3SN,-4.7168,0.0,Metal,Pm-3m,221,5
LiSiSb2AsSe2NO6_id1419_E-4.72.cif,LiSiSb2AsSe2NO6,-4.7167,2.869,Semiconductor,P2_1/c,14,56
SiGe_id2033_E-4.72.cif,SiGe,-4.7152,0.0,Metal,P4/mmm,123,8
LiMgBe2Al4GaSiO6_id3369_E-4.71.cif,LiMgBe2Al4GaSiO6,-4.7117,3.153,Semiconductor,P4/mmm,123,16
LiGa2Se2S4O5_id2337_E-4.71.cif,LiGa2Se2S4O5,-4.7112,1.778,Semiconductor,Pcca,54,56
NaLi3BeAlTeC3(N3O17)2_id1832_E-4.71.cif,NaLi3BeAlTeC3(N3O17)2,-4.7097,1.393,Semiconductor,P3,143,100
Na4Cd(GaO2)3_id2472_E-4.71.cif,Na4Cd(GaO2)3,-4.7053,0.816,Semiconductor,Im-3m,229,28
KSrCaO12_id610_E-4.70.cif,KSrCaO12,-4.7028,0.0,Metal,Pban,50,30
Te4AsO4_id2525_E-4.70.cif,Te4AsO4,-4.6964,1.808,Semiconductor,I4_1/a,88,36
Na2N3O2_id3001_E-4.69.cif,Na2N3O2,-4.6936,1.238,Semiconductor,P2/c,13,14
BaCdO6_id3208_E-4.69.cif,BaCdO6,-4.6931,0.059,Semiconductor,P6_322,182,16
Li6Mg4Zn4In2Ga3B6As2P12(NO)12_id1675_E-4.69.cif,Li6Mg4Zn4In2Ga3B6As2P12(NO)12,-4.6925,2.016,Semiconductor,C2,5,63
Li3O2_id1126_E-4.69.cif,Li3O2,-4.692,4.862,Insulator,P-42_1m,113,10
BaO7_id2175_E-4.69.cif,BaO7,-4.6919,1.802,Semiconductor,P6_322,182,16
B(AsN)12_id933_E-4.69.cif,B(AsN)12,-4.6912,1.158,Semiconductor,I432,211,50
ZnSi5B7P8_id3385_E-4.69.cif,ZnSi5B7P8,-4.6903,0.0,Metal,P31m,157,21
MgSc12O3_id323_E-4.69.cif,MgSc12O3,-4.6866,0.0,Metal,Pm-3n,223,32
Li2Si5O4_id232_E-4.68.cif,Li2Si5O4,-4.6808,0.0,Metal,P1,1,44
ZnGeSbP3SNO6_id2362_E-4.68.cif,ZnGeSbP3SNO6,-4.6781,1.465,Semiconductor,P2_1/m,11,28
Na2CaAs2(SO3)2_id2176_E-4.67.cif,Na2CaAs2(SO3)2,-4.6736,2.881,Semiconductor,P3_121,152,39
TiZnGaO2_id2804_E-4.67.cif,TiZnGaO2,-4.671,1.444,Semiconductor,Cmme,67,20
TiGaBCNO16_id2859_E-4.67.cif,TiGaBCNO16,-4.6674,1.243,Semiconductor,Pm,6,42
Li3TiZnCdGa(SiO6)2_id542_E-4.67.cif,Li3TiZnCdGa(SiO6)2,-4.6672,1.045,Semiconductor,Pc,7,42
Sc5Zn_id2822_E-4.65.cif,Sc5Zn,-4.6544,0.0,Metal,P2_12_12_1,19,24
Ge(AsS2)2_id730_E-4.65.cif,Ge(AsS2)2,-4.6524,1.206,Semiconductor,I-42d,122,28
SiSb(AsP8)2_id863_E-4.65.cif,SiSb(AsP8)2,-4.65,0.72,Semiconductor,P1,1,20
LiZnSiPCO6_id1424_E-4.64.cif,LiZnSiPCO6,-4.6382,3.1,Semiconductor,Cmm2,35,22
Ge2As6P15Se2_id3273_E-4.64.cif,Ge2As6P15Se2,-4.6366,0.0,Metal,R-3,148,75
Sr3As2P14S3(NO4)3_id421_E-4.63.cif,Sr3As2P14S3(NO4)3,-4.6314,0.238,Semiconductor,P31m,157,37
K2N3O_id2127_E-4.63.cif,K2N3O,-4.6296,1.216,Semiconductor,I4_1/amd,141,24
LiMg(SO)2_id898_E-4.62.cif,LiMg(SO)2,-4.6229,2.718,Semiconductor,C222_1,20,24
BaN2_id1374_E-4.62.cif,BaN2,-4.6213,0.0,Metal,Pn-3m,224,6
Si6O19_id262_E-4.62.cif,Si6O19,-4.6186,1.065,Semiconductor,P6/mmm,191,25
As2P3_id1155_E-4.62.cif,As2P3,-4.6152,0.0,Metal,Pmmm,47,5
SbTeO4_id2979_E-4.61.cif,SbTeO4,-4.6085,0.006,Metal,P4,75,6
NaAs(SO)4_id242_E-4.60.cif,NaAs(SO)4,-4.603,0.93,Semiconductor,P4/nbm,125,20
Mg2Ti2CO2_id474_E-4.60.cif,Mg2Ti2CO2,-4.6029,1.471,Semiconductor,P1,1,28
BaLiBe6Cd2Sn2(NO2)6_id2160_E-4.60.cif,BaLiBe6Cd2Sn2(NO2)6,-4.6029,2.899,Semiconductor,P321,150,30
Sc3Zn2O_id95_E-4.60.cif,Sc3Zn2O,-4.6023,0.0,Metal,Fmm2,42,48
LiSbCO_id2603_E-4.60.cif,LiSbCO,-4.5989,2.46,Semiconductor,P4/nmm,129,8
SiS2_id2849_E-4.60.cif,SiS2,-4.597,0.088,Semiconductor,I4_1/amd,141,12
K(SeO2)2_id381_E-4.60.cif,K(SeO2)2,-4.5967,2.567,Semiconductor,I4_1/a,88,28
GaO4_id1353_E-4.60.cif,GaO4,-4.5959,0.176,Semiconductor,Pmm2,25,10
BeAl4Cd4GaGe4C4N9_id505_E-4.59.cif,BeAl4Cd4GaGe4C4N9,-4.5933,0.0,Metal,I4,79,54
CaAlZn(SnO)4_id747_E-4.59.cif,CaAlZn(SnO)4,-4.5892,0.0,Metal,I-4m2,119,22
Li3Ca2SbO6_id2582_E-4.59.cif,Li3Ca2SbO6,-4.587,2.477,Semiconductor,Pnn2,34,24
Li2O5_id1363_E-4.58.cif,Li2O5,-4.5841,0.0,Metal,C222,21,28
Sc2Ti2PCO7_id3028_E-4.58.cif,Sc2Ti2PCO7,-4.5814,2.651,Semiconductor,Pnma,62,52
Mg3N2_id1588_E-4.58.cif,Mg3N2,-4.5777,0.038,Metal,Pm-3m,221,5
C_id2620_E-4.58.cif,C,-4.577,0.067,Semiconductor,P3c1,158,10
GeAsP3_id1206_E-4.57.cif,GeAsP3,-4.5747,0.0,Metal,Pmmm,47,5
SiSnS2_id2658_E-4.57.cif,SiSnS2,-4.5723,0.067,Semiconductor,P6_522,179,24
CN3_id3265_E-4.57.cif,CN3,-4.5701,0.098,Semiconductor,Fm-3m,225,16
Ti6Se4S3_id775_E-4.57.cif,Ti6Se4S3,-4.5698,0.937,Semiconductor,Pm-3m,221,26
BaSeO4_id2687_E-4.57.cif,BaSeO4,-4.5683,2.401,Semiconductor,Pnnn,48,24
NaCd(SbN2)2_id1732_E-4.57.cif,NaCd(SbN2)2,-4.5679,0.0,Metal,P4_2/m,84,16
BaNa4Li4Zn4(BO6)4_id1639_E-4.57.cif,BaNa4Li4Zn4(BO6)4,-4.5678,2.579,Semiconductor,P4_2/n,86,82
Sc_id479_E-4.57.cif,Sc,-4.567,0.0,Metal,P1,1,33
Na4Sr4Li4CaO12_id1372_E-4.56.cif,Na4Sr4Li4CaO12,-4.5587,3.318,Semiconductor,P4_2/n,86,50
Li5Si2Sb2P4C2O25_id844_E-4.56.cif,Li5Si2Sb2P4C2O25,-4.558,1.527,Semiconductor,Pnc2,30,80
Ba3Li2AsO15_id2711_E-4.56.cif,Ba3Li2AsO15,-4.5576,1.581,Semiconductor,P31m,157,21
SbS4_id3149_E-4.56.cif,SbS4,-4.5555,3.373,Semiconductor,I4_1/a,88,20
Li3ZnBO9_id2644_E-4.55.cif,Li3ZnBO9,-4.5523,2.779,Semiconductor,Pna2_1,33,56
BaAs6_id1686_E-4.55.cif,BaAs6,-4.5504,0.081,Semiconductor,P4_332,212,28
BaAs5O8_id2600_E-4.54.cif,BaAs5O8,-4.5429,1.657,Semiconductor,I222,23,28
BaSO5_id2107_E-4.54.cif,BaSO5,-4.5395,0.041,Metal,Pban,50,14
BeSiGeP2_id2114_E-4.54.cif,BeSiGeP2,-4.5374,0.089,Semiconductor,P2_12_12_1,19,20
LiScZnInO4_id229_E-4.54.cif,LiScZnInO4,-4.5362,2.497,Semiconductor,F-43m,216,32
Ba2Be6Ge6P13(N2O)3_id183_E-4.53.cif,Ba2Be6Ge6P13(N2O)3,-4.5345,0.009,Metal,P321,150,36
CaSiSb(PO)2_id566_E-4.53.cif,CaSiSb(PO)2,-4.5285,3.385,Semiconductor,P4_32_12,96,56
NaZn2In3(S5O7)3_id3115_E-4.52.cif,NaZn2In3(S5O7)3,-4.5232,2.06,Semiconductor,P31c,159,84
NaPN2_id3352_E-4.52.cif,NaPN2,-4.5224,2.255,Semiconductor,I4_122,98,16
BaNaLi2InGaCSO12_id799_E-4.52.cif,BaNaLi2InGaCSO12,-4.5206,2.442,Semiconductor,P1,1,80
Li4O11_id204_E-4.52.cif,Li4O11,-4.5198,1.246,Semiconductor,P2,3,15
Ga2Sn2O7_id663_E-4.52.cif,Ga2Sn2O7,-4.5158,0.223,Semiconductor,Pba2,32,22
AsS_id785_E-4.51.cif,AsS,-4.512,1.511,Semiconductor,Pca2_1,29,8
LiO2_id628_E-4.51.cif,LiO2,-4.5119,4.642,Insulator,P4_2/ncm,138,12
Li2Ti2Al2Ga2SO8_id97_E-4.51.cif,Li2Ti2Al2Ga2SO8,-4.5117,0.558,Semiconductor,Pccn,56,68
BaBeAlSiGeSb2(NO6)2_id2678_E-4.51.cif,BaBeAlSiGeSb2(NO6)2,-4.5112,2.073,Semiconductor,P1,1,42
Sc4GeSe3_id383_E-4.51.cif,Sc4GeSe3,-4.5109,2.289,Semiconductor,Pbam,55,16
ScCdSe2(SO)2_id667_E-4.50.cif,ScCdSe2(SO)2,-4.5039,1.995,Semiconductor,P3_221,154,24
LiTi4Si5_id1283_E-4.50.cif,LiTi4Si5,-4.5024,1.343,Semiconductor,P1,1,20
InSe(N2O5)2_id3075_E-4.50.cif,InSe(N2O5)2,-4.4969,0.792,Semiconductor,Pm,6,32
GaSi6_id2545_E-4.49.cif,GaSi6,-4.4935,0.0,Metal,I-42d,122,28
GaP2_id1174_E-4.49.cif,GaP2,-4.4905,0.0,Metal,P4_12_12,92,12
LiSO_id1782_E-4.49.cif,LiSO,-4.4869,2.705,Semiconductor,P2_12_12_1,19,12
PS_id1223_E-4.49.cif,PS,-4.4866,2.57,Semiconductor,Pbca,61,16
BaZn2SnO18_id875_E-4.49.cif,BaZn2SnO18,-4.4855,1.22,Semiconductor,P-3,147,22
GeS2_id817_E-4.48.cif,GeS2,-4.4834,0.694,Semiconductor,P3_221,154,9
ScGa_id1900_E-4.48.cif,ScGa,-4.4829,0.0,Metal,P4_2/mmc,131,8
ScZn2O2_id1718_E-4.48.cif,ScZn2O2,-4.4824,0.0,Metal,P4/mnc,128,20
S6N4O3_id2743_E-4.48.cif,S6N4O3,-4.4807,1.911,Semiconductor,Fm-3m,225,104
Ba2LiPO5_id3151_E-4.48.cif,Ba2LiPO5,-4.4765,0.059,Semiconductor,Cmcm,63,36
Sc9(TeSe)4_id382_E-4.47.cif,Sc9(TeSe)4,-4.4747,0.0,Metal,P4/ncc,130,68
BaP_id316_E-4.47.cif,BaP,-4.4745,0.734,Semiconductor,P6_3/mmc,194,4
K2GaSnO24_id1699_E-4.47.cif,K2GaSnO24,-4.4739,0.045,Metal,P4/n,85,56
O2_id1247_E-4.46.cif,O2,-4.4644,4.422,Insulator,Pccn,56,12
BaSc4O29_id683_E-4.46.cif,BaSc4O29,-4.4553,1.501,Semiconductor,P4/n,85,68
Be8SiB5_id2805_E-4.45.cif,Be8SiB5,-4.4545,1.807,Semiconductor,P4/mcc,124,28
K2Li2CaSiSnGeBTeCO10_id2605_E-4.45.cif,K2Li2CaSiSnGeBTeCO10,-4.4542,0.341,Semiconductor,Pna2_1,33,84
LiAlZn2SiC2N9O5_id569_E-4.45.cif,LiAlZn2SiC2N9O5,-4.4523,1.636,Semiconductor,Pna2_1,33,84
LiO2_id1950_E-4.45.cif,LiO2,-4.4486,1.683,Semiconductor,Pbca,61,12
ZnTeO6_id2061_E-4.44.cif,ZnTeO6,-4.4356,0.01,Metal,C2,5,16
Si3(B2P)2_id2161_E-4.43.cif,Si3(B2P)2,-4.4348,1.802,Semiconductor,P31m,157,18
AlSi3_id2624_E-4.43.cif,AlSi3,-4.4322,1.303,Semiconductor,Ibam,72,32
BaNa2SrLi6Ca2Mg2As2(P5O7)2_id3184_E-4.43.cif,BaNa2SrLi6Ca2Mg2As2(P5O7)2,-4.4274,0.0,Metal,P2,3,80
Na2CaO8_id442_E-4.43.cif,Na2CaO8,-4.4253,1.821,Semiconductor,C2/c,15,44
KBe3In3Ga3Si3B6Sb3P3C6(NO4)6_id3255_E-4.42.cif,KBe3In3Ga3Si3B6Sb3P3C6(NO4)6,-4.4249,0.954,Semiconductor,P1,1,122
CaInP2O9_id2574_E-4.42.cif,CaInP2O9,-4.4248,0.134,Semiconductor,P1,1,52
Si(PO)2_id572_E-4.42.cif,Si(PO)2,-4.4196,1.412,Semiconductor,P6_522,179,30
BaNa2O8_id870_E-4.42.cif,BaNa2O8,-4.4157,0.0,Metal,Cccm,66,44
MgAlSn2P14C2(SeO9)2_id1440_E-4.41.cif,MgAlSn2P14C2(SeO9)2,-4.4138,0.307,Semiconductor,Pnc2,30,80
Ba2Ga6Sb2(N2O)3_id822_E-4.41.cif,Ba2Ga6Sb2(N2O)3,-4.4131,0.575,Semiconductor,R-3,148,57
LiGe3SbS6_id2842_E-4.41.cif,LiGe3SbS6,-4.4051,0.0,Metal,P-31c,163,22
MgN6O11_id581_E-4.40.cif,MgN6O11,-4.4017,3.494,Semiconductor,P1,1,54
As_id473_E-4.40.cif,As,-4.3965,0.885,Semiconductor,P4_132,213,20
Ge_id1_E-4.39.cif,Ge,-4.3856,0.0,Metal,Ia-3d,230,24
ScSiO19_id923_E-4.38.cif,ScSiO19,-4.3849,0.589,Semiconductor,P1,1,42
Sn2SbS4_id2610_E-4.38.cif,Sn2SbS4,-4.3849,0.285,Semiconductor,I-42d,122,28
Ba3SbSe3_id2434_E-4.38.cif,Ba3SbSe3,-4.3844,0.951,Semiconductor,R-3,148,42
LiAlInGeC2(NO2)5_id1064_E-4.38.cif,LiAlInGeC2(NO2)5,-4.3834,0.0,Metal,Pna2_1,33,84
Li3ScSb3S4_id1992_E-4.38.cif,Li3ScSb3S4,-4.3785,0.221,Semiconductor,Pm-3n,223,22
Sc2In_id1938_E-4.38.cif,Sc2In,-4.3754,0.0,Metal,P1,1,12
ScTe3_id2628_E-4.37.cif,ScTe3,-4.3665,1.143,Semiconductor,P4_2/m,84,16
Li4ZnB12_id380_E-4.36.cif,Li4ZnB12,-4.3641,0.0,Metal,Im-3,204,34
MgBe2AlO4_id2470_E-4.36.cif,MgBe2AlO4,-4.3622,4.508,Insulator,P-42_1m,113,16
NaO2_id2178_E-4.36.cif,NaO2,-4.3618,0.0,Metal,P4_2/ncm,138,12
ZnO2_id2989_E-4.36.cif,ZnO2,-4.36,1.255,Semiconductor,Fm-3m,225,12
LiSeS3O2_id326_E-4.35.cif,LiSeS3O2,-4.3528,2.615,Semiconductor,P1,1,28
Ge2As3_id2245_E-4.35.cif,Ge2As3,-4.3521,0.0,Metal,P4_132,213,20
Li2O2_id2344_E-4.35.cif,Li2O2,-4.3489,1.886,Semiconductor,P4_2/ncm,138,8
Ba2S2N2O17_id2672_E-4.35.cif,Ba2S2N2O17,-4.3486,0.164,Semiconductor,P1,1,46
MgCdO8_id3302_E-4.35.cif,MgCdO8,-4.3471,1.125,Semiconductor,Pban,50,20
ZnSiBNO_id2309_E-4.34.cif,ZnSiBNO,-4.3418,0.0,Metal,Pca2_1,29,20
O2_id502_E-4.34.cif,O2,-4.3371,1.115,Semiconductor,Pba2,32,30
LiO2_id2195_E-4.34.cif,LiO2,-4.3369,4.922,Insulator,Fm-3m,225,12
KBeGaSbTeO6_id1049_E-4.33.cif,KBeGaSbTeO6,-4.3344,2.213,Semiconductor,P1,1,33
SbO11_id1039_E-4.33.cif,SbO11,-4.3343,0.523,Semiconductor,P2,3,24
Na2Li4BeSiAs2P4C4Se2(NO9)2_id2422_E-4.33.cif,Na2Li4BeSiAs2P4C4Se2(NO9)2,-4.329,1.017,Semiconductor,Pcca,54,160
Ti4ZnIn3_id344_E-4.33.cif,Ti4ZnIn3,-4.326,0.0,Metal,Pn-3m,224,16
O2_id3106_E-4.33.cif,O2,-4.325,1.006,Semiconductor,I4/mmm,139,8
Li8GePO11_id154_E-4.32.cif,Li8GePO11,-4.3244,0.0,Metal,P1,1,42
NaIn(SO4)3_id1773_E-4.32.cif,NaIn(SO4)3,-4.3243,2.629,Semiconductor,P6_322,182,34
MgGaO2_id1146_E-4.32.cif,MgGaO2,-4.3232,3.983,Insulator,Pm,6,16
LiCaBeGaBO16_id12_E-4.32.cif,LiCaBeGaBO16,-4.321,1.77,Semiconductor,P1,1,42
As4P_id1772_E-4.32.cif,As4P,-4.3169,0.393,Semiconductor,I4_1/a,88,20
NaLiSb(SO2)2_id3351_E-4.32.cif,NaLiSb(SO2)2,-4.3165,2.665,Semiconductor,P2,3,18
TiGa2_id2524_E-4.32.cif,TiGa2,-4.3153,0.0,Metal,P4_222,93,12
CaSi2Ge2As_id348_E-4.31.cif,CaSi2Ge2As,-4.3114,0.0,Metal,P-4n2,118,12
KSc2AlTe4As2Se3_id1194_E-4.31.cif,KSc2AlTe4As2Se3,-4.3107,0.0,Metal,P6_4,172,39
BaN20_id2964_E-4.31.cif,BaN20,-4.3103,1.936,Semiconductor,Pm,6,84
Li5Be2Ga2Si4As2P6Se2(NO2)2_id296_E-4.31.cif,Li5Be2Ga2Si4As2P6Se2(NO2)2,-4.3102,0.498,Semiconductor,Pc,7,116
KLiPO14_id1475_E-4.31.cif,KLiPO14,-4.3074,2.527,Semiconductor,P1,1,17
ScZn2P2N_id1104_E-4.30.cif,ScZn2P2N,-4.3048,0.0,Metal,I4_122,98,24
Li2Ga4O5_id379_E-4.30.cif,Li2Ga4O5,-4.3017,0.0,Metal,P4_2/mbc,135,44
BaMg4Cd4S4(NO3)4_id1110_E-4.30.cif,BaMg4Cd4S4(NO3)4,-4.3007,2.436,Semiconductor,P4_2/n,86,58
SbAs6_id2669_E-4.30.cif,SbAs6,-4.3003,0.0,Metal,I-42d,122,28
BaSiAsPSe_id481_E-4.29.cif,BaSiAsPSe,-4.286,1.635,Semiconductor,P4_32_12,96,40
TiO11_id1261_E-4.28.cif,TiO11,-4.2842,0.0,Metal,P1,1,24
Sc2C6N11_id637_E-4.28.cif,Sc2C6N11,-4.284,0.301,Semiconductor,P1,1,38
KP2O_id425_E-4.28.cif,KP2O,-4.2838,1.222,Semiconductor,I4_1/amd,141,16
As2Se_id3038_E-4.28.cif,As2Se,-4.2832,0.655,Semiconductor,Pbcn,60,12
Be(NO4)2_id2775_E-4.28.cif,Be(NO4)2,-4.2827,2.778,Semiconductor,P1,1,44
ScSi2_id782_E-4.28.cif,ScSi2,-4.2824,0.241,Semiconductor,Pn-3m,224,6
AlSi_id1487_E-4.28.cif,AlSi,-4.2821,0.424,Semiconductor,Pbca,61,16
Be4GeCS2_id1762_E-4.28.cif,Be4GeCS2,-4.2766,0.389,Semiconductor,Fd-3m,227,64
KCaO3_id2789_E-4.28.cif,KCaO3,-4.276,0.162,Semiconductor,Pm-3m,221,5
KC14_id1243_E-4.27.cif,KC14,-4.2744,0.361,Semiconductor,P1,1,15
O2_id168_E-4.27.cif,O2,-4.2737,0.282,Semiconductor,Pccn,56,12
K2MgSe2(SO3)4_id1202_E-4.27.cif,K2MgSe2(SO3)4,-4.2735,1.577,Semiconductor,I222,23,42
SeS3O_id2536_E-4.27.cif,SeS3O,-4.2731,1.628,Semiconductor,P6_4,172,30
LiB_id2998_E-4.27.cif,LiB,-4.2684,0.001,Metal,P6_422,181,12
Ti2Al_id888_E-4.27.cif,Ti2Al,-4.2676,0.0,Metal,P3_112,151,9
Li2ScCO4_id460_E-4.27.cif,Li2ScCO4,-4.2663,3.65,Insulator,Ibam,72,64
K2NO3_id251_E-4.26.cif,K2NO3,-4.2584,3.717,Insulator,P4_2/nbc,133,48
Ba3O11_id3119_E-4.26.cif,Ba3O11,-4.2577,2.449,Semiconductor,Cm,8,14
NaO2_id408_E-4.26.cif,NaO2,-4.2576,0.553,Semiconductor,Pbca,61,24
Ca2N_id839_E-4.26.cif,Ca2N,-4.2562,0.0,Metal,P4_22_12,94,12
As_id59_E-4.25.cif,As,-4.2514,0.376,Semiconductor,I2_12_12_1,24,24
LiAs4(Se2S)2_id3237_E-4.24.cif,LiAs4(Se2S)2,-4.2424,1.456,Semiconductor,I4/m,87,22
Ba2Li(SnSe)2_id871_E-4.24.cif,Ba2Li(SnSe)2,-4.2405,0.974,Semiconductor,P-42_1m,113,14
KGa2Te4As3(SO10)2_id743_E-4.24.cif,KGa2Te4As3(SO10)2,-4.2371,0.152,Semiconductor,I222,23,64
K5Na2SnTe4As5O16_id3132_E-4.23.cif,K5Na2SnTe4As5O16,-4.2331,1.839,Semiconductor,I4,79,66
Li2BeCdO17_id2031_E-4.23.cif,Li2BeCdO17,-4.2313,0.0,Metal,Pna2_1,33,84
BaB(AsC)2_id52_E-4.23.cif,BaB(AsC)2,-4.2302,0.0,Metal,P-3m1,164,6
K4NaAl6Cd3Ge3B9As3C3S3(N5O3)3_id1840_E-4.23.cif,K4NaAl6Cd3Ge3B9As3C3S3(N5O3)3,-4.2301,0.003,Metal,P1,1,118
Ti6Al12ZnGaB12_id2182_E-4.23.cif,Ti6Al12ZnGaB12,-4.2285,0.0,Metal,Pm-3,200,32
LiTi2GeN_id802_E-4.23.cif,LiTi2GeN,-4.2269,1.032,Semiconductor,Pm,6,10
Li8Mg5AlZn2Ga2S2(NO9)2_id2652_E-4.23.cif,Li8Mg5AlZn2Ga2S2(NO9)2,-4.2258,0.773,Semiconductor,P-1,2,40
Si3Ge3S2_id660_E-4.23.cif,Si3Ge3S2,-4.2253,0.0,Metal,Pnn2,34,16
Li2Sc2SnSe6_id2354_E-4.22.cif,Li2Sc2SnSe6,-4.2212,0.791,Semiconductor,Cccm,66,44
Mg2In2SnN4_id754_E-4.22.cif,Mg2In2SnN4,-4.2196,0.0,Metal,P4_2/mnm,136,18
BaO2_id1807_E-4.22.cif,BaO2,-4.2184,0.207,Semiconductor,P-6m2,187,3
Ca3GaN_id1602_E-4.21.cif,Ca3GaN,-4.2133,0.013,Metal,Pm-3m,221,5
TiBe4Al4Zn4B3O8_id1645_E-4.21.cif,TiBe4Al4Zn4B3O8,-4.2132,1.067,Semiconductor,P-43m,215,24
KSc2Sn_id1578_E-4.21.cif,KSc2Sn,-4.2103,0.0,Metal,P4_122,91,16
Ca4C7N3_id2002_E-4.21.cif,Ca4C7N3,-4.2088,0.791,Semiconductor,P1,1,42
GaSiGe_id3329_E-4.20.cif,GaSiGe,-4.2047,0.0,Metal,P6_522,179,18
Be2O15_id2005_E-4.20.cif,Be2O15,-4.2042,0.0,Metal,P2,3,17
KBeO2_id555_E-4.20.cif,KBeO2,-4.2027,2.944,Semiconductor,Fm-3m,225,16
NaSc(N2O7)2_id101_E-4.20.cif,NaSc(N2O7)2,-4.2021,0.0,Metal,P1,1,80
Ba2Na4Li2Ti2SiAsO26_id1746_E-4.20.cif,Ba2Na4Li2Ti2SiAsO26,-4.2017,0.555,Semiconductor,Pnc2,30,76
AlAs2_id478_E-4.20.cif,AlAs2,-4.2016,0.776,Semiconductor,I4_1cd,110,48
BaSrCa2O2_id3357_E-4.20.cif,BaSrCa2O2,-4.2015,0.0,Metal,P4_2/m,84,24
MgCdO4_id1817_E-4.20.cif,MgCdO4,-4.2006,1.186,Semiconductor,P-4m2,115,12
K2Ti2Be2Al2Zn2Ga2S2O3_id3061_E-4.20.cif,K2Ti2Be2Al2Zn2Ga2S2O3,-4.2006,0.0,Metal,Pccn,56,68
Na(PSe2)2_id1955_E-4.20.cif,Na(PSe2)2,-4.2005,1.396,Semiconductor,P-42m,111,7
Li6Be2Si4B(N3O)2_id2009_E-4.20.cif,Li6Be2Si4B(N3O)2,-4.1979,2.058,Semiconductor,Cccm,66,84
LiGe6(AsO2)2_id540_E-4.20.cif,LiGe6(AsO2)2,-4.1971,1.211,Semiconductor,P3_121,152,39
K4Te13O24_id448_E-4.19.cif,K4Te13O24,-4.191,0.127,Semiconductor,Pn-3n,222,82
LiGa2Sb(AsN2)2_id1162_E-4.19.cif,LiGa2Sb(AsN2)2,-4.1874,0.023,Metal,P1,1,20
NaLiO6_id1025_E-4.19.cif,NaLiO6,-4.1866,1.646,Semiconductor,Pmmn,59,16
BaLi4O8_id1616_E-4.18.cif,BaLi4O8,-4.1811,2.594,Semiconductor,P4_2/n,86,26
SnGe5As2_id2380_E-4.18.cif,SnGe5As2,-4.1787,0.0,Metal,C2,5,16
ZnO2_id2152_E-4.18.cif,ZnO2,-4.1758,0.323,Semiconductor,Pbca,61,12
Ca2Mg2InO18_id1257_E-4.17.cif,Ca2Mg2InO18,-4.1748,2.853,Semiconductor,P1,1,46
Li6AlO14_id1144_E-4.17.cif,Li6AlO14,-4.1728,0.0,Metal,P1,1,21
TiSi4_id161_E-4.17.cif,TiSi4,-4.1721,0.016,Metal,Ccce,68,20
BaNa5Li2Mg2As4(PO12)2_id2643_E-4.17.cif,BaNa5Li2Mg2As4(PO12)2,-4.1703,1.963,Semiconductor,C2,5,80
LiP2SeO17_id1141_E-4.17.cif,LiP2SeO17,-4.1703,1.633,Semiconductor,P2_1,4,42
K4Ti4CdB2S4NO4_id1553_E-4.16.cif,K4Ti4CdB2S4NO4,-4.1649,2.184,Semiconductor,I4/m,87,40
K9Be6In8Sn8Se6(SO4)3_id831_E-4.16.cif,K9Be6In8Sn8Se6(SO4)3,-4.1644,1.038,Semiconductor,P6,168,52
KScTiBe3Zn3GaB8NO2_id1978_E-4.16.cif,KScTiBe3Zn3GaB8NO2,-4.1603,1.769,Semiconductor,P4_3,78,84
Ge_id2486_E-4.16.cif,Ge,-4.1596,0.0,Metal,Aea2,41,24
ScAl2_id1188_E-4.16.cif,ScAl2,-4.1568,0.0,Metal,I4/mmm,139,6
Na2Li4ZnInGa3SiGe2TePCN8O21_id2417_E-4.15.cif,Na2Li4ZnInGa3SiGe2TePCN8O21,-4.1547,0.267,Semiconductor,P1,1,92
Li3AlSbSe4_id1065_E-4.15.cif,Li3AlSbSe4,-4.1546,0.954,Semiconductor,P-43m,215,9
KSr12Ge3(N3O)4_id1536_E-4.15.cif,KSr12Ge3(N3O)4,-4.1513,0.0,Metal,Pm-3n,223,64
ScGa2Te_id489_E-4.15.cif,ScGa2Te,-4.1508,0.0,Metal,P4/mmm,123,4
KLi3Se3O4_id1728_E-4.15.cif,KLi3Se3O4,-4.1501,2.496,Semiconductor,Pm-3n,223,22
Sr6ZnC3_id780_E-4.15.cif,Sr6ZnC3,-4.1496,0.0,Metal,P312,149,20
Zn(Ge3P)2_id3215_E-4.14.cif,Zn(Ge3P)2,-4.1448,0.034,Metal,P-42m,111,9
Ga4Si2O_id1329_E-4.14.cif,Ga4Si2O,-4.1388,0.0,Metal,I422,97,14
Li2MgBeAl2GaBTe2Se2S5NO3_id1186_E-4.14.cif,Li2MgBeAl2GaBTe2Se2S5NO3,-4.1386,0.06,Semiconductor,Pna2_1,33,84
CO7_id1573_E-4.14.cif,CO7,-4.1369,0.007,Metal,P1,1,32
TiCdIn2Sn2Sb(N2O5)6_id2954_E-4.13.cif,TiCdIn2Sn2Sb(N2O5)6,-4.1342,0.059,Semiconductor,P1,1,98
Mg2Sc4Ti2Zn3C_id821_E-4.13.cif,Mg2Sc4Ti2Zn3C,-4.1321,0.0,Metal,Pmmn,59,24
MgBeAlGa3Si2SnTeP(SO4)2_id2537_E-4.13.cif,MgBeAlGa3Si2SnTeP(SO4)2,-4.1283,0.0,Metal,P1,1,21
Li4TiAl2(GaO14)2_id2580_E-4.13.cif,Li4TiAl2(GaO14)2,-4.1263,1.637,Semiconductor,P1,1,37
ZnO_id2693_E-4.12.cif,ZnO,-4.1247,2.447,Semiconductor,P4_2/ncm,138,8
Sc(AlGe)2_id2101_E-4.12.cif,Sc(AlGe)2,-4.1245,0.0,Metal,P4_332,212,20
KO2_id1861_E-4.12.cif,KO2,-4.1239,1.208,Semiconductor,Pbca,61,12
BeAlPSeS11O_id116_E-4.12.cif,BeAlPSeS11O,-4.1207,2.088,Semiconductor,P2_1,4,32
NaO8_id3327_E-4.12.cif,NaO8,-4.1201,1.169,Semiconductor,Pba2,32,36
Na2Li9In2Ga2SnSe2(S8O3)2_id2967_E-4.12.cif,Na2Li9In2Ga2SnSe2(S8O3)2,-4.1194,2.139,Semiconductor,P1,1,80
Be3ZnGeP4C3N5O4_id216_E-4.12.cif,Be3ZnGeP4C3N5O4,-4.1166,0.114,Semiconductor,P1,1,84
MgO_id446_E-4.11.cif,MgO,-4.1135,2.2,Semiconductor,P4_2/mmc,131,8
S_id1831_E-4.11.cif,S,-4.1075,1.116,Semiconductor,Pbca,61,16
ScZnGe_id1085_E-4.11.cif,ScZnGe,-4.1071,0.0,Metal,Pbca,61,24
Sc4C15O2_id777_E-4.11.cif,Sc4C15O2,-4.1059,0.661,Semiconductor,Pm,6,42
CaSi3B4P_id250_E-4.11.cif,CaSi3B4P,-4.1055,1.708,Semiconductor,P-4n2,118,18
AlInSi6P_id1915_E-4.10.cif,AlInSi6P,-4.1047,0.539,Semiconductor,P312,149,9
KBa2P2S11_id2150_E-4.10.cif,KBa2P2S11,-4.1045,0.0,Metal,Immm,71,32
S_id437_E-4.10.cif,S,-4.104,1.064,Semiconductor,Iba2,45,16
O2_id2826_E-4.10.cif,O2,-4.1038,1.014,Semiconductor,P1,1,34
Li8Mg2ScZn2Ga2P2S4(N2O3)4_id104_E-4.10.cif,Li8Mg2ScZn2Ga2P2S4(N2O3)4,-4.1024,2.387,Semiconductor,P4_2,77,82
Be10ZnSiBO8_id2963_E-4.10.cif,Be10ZnSiBO8,-4.1008,2.977,Semiconductor,P1,1,84
S_id770_E-4.10.cif,S,-4.0995,0.015,Metal,P4/m,83,4
BaCa2(NO6)2_id1766_E-4.10.cif,BaCa2(NO6)2,-4.0989,1.606,Semiconductor,P1,1,34
S_id807_E-4.09.cif,S,-4.095,1.664,Semiconductor,P4/m,83,4
CdInSn9Sb6(SO)6_id564_E-4.09.cif,CdInSn9Sb6(SO)6,-4.0939,0.0,Metal,P-31c,163,58
NaLi4Ti(Se2O3)2_id61_E-4.09.cif,NaLi4Ti(Se2O3)2,-4.0937,0.952,Semiconductor,P1,1,32
KBaCa3SiO8_id599_E-4.09.cif,KBaCa3SiO8,-4.0928,3.043,Semiconductor,Pm,6,28
Zn2AsSO4_id859_E-4.09.cif,Zn2AsSO4,-4.0899,0.0,Metal,P3_221,154,24
Se_id3250_E-4.09.cif,Se,-4.0874,0.464,Semiconductor,F432,209,96
S_id1727_E-4.09.cif,S,-4.0864,1.217,Semiconductor,Pbca,61,8
In3CO3_id1575_E-4.09.cif,In3CO3,-4.0861,0.0,Metal,R-3c,167,42
Li3O2_id2295_E-4.09.cif,Li3O2,-4.0859,3.956,Insulator,P1,1,20
Ge3Sb8As_id729_E-4.08.cif,Ge3Sb8As,-4.0819,0.0,Metal,I4_1/a,88,48
Li7BSb2O11_id283_E-4.08.cif,Li7BSb2O11,-4.0808,1.698,Semiconductor,Pna2_1,33,84
Sn2Ge_id3035_E-4.08.cif,Sn2Ge,-4.0805,0.0,Metal,Pa-3,205,12
AlSnS4_id363_E-4.07.cif,AlSnS4,-4.0745,0.044,Metal,P3_221,154,18
LiScInSi_id3080_E-4.07.cif,LiScInSi,-4.0731,0.0,Metal,P-6m2,187,4
ScSiO19_id990_E-4.07.cif,ScSiO19,-4.073,0.268,Semiconductor,Pc,7,42
KLiTeO2_id2808_E-4.07.cif,KLiTeO2,-4.07,0.182,Semiconductor,Cm,8,20
Ba2Sn(NO)2_id2613_E-4.07.cif,Ba2Sn(NO)2,-4.0695,3.305,Semiconductor,P1,1,28
MgS_id265_E-4.07.cif,MgS,-4.0689,0.61,Semiconductor,Pmmm,47,8
NaAlIn2GeAs5S6_id2966_E-4.07.cif,NaAlIn2GeAs5S6,-4.0659,1.961,Semiconductor,Pnn2,34,32
Sr3Ca3N4_id2093_E-4.07.cif,Sr3Ca3N4,-4.0659,0.862,Semiconductor,I-43d,220,40
K3As4(NO2)3_id1493_E-4.06.cif,K3As4(NO2)3,-4.0646,1.308,Semiconductor,C222,21,32
Na2Li2BSbPSN5O6_id1450_E-4.06.cif,Na2Li2BSbPSN5O6,-4.0645,2.65,Semiconductor,Pc,7,76
KLi2MgSi2O15_id2174_E-4.06.cif,KLi2MgSi2O15,-4.064,1.554,Semiconductor,Pc,7,42
SnO8_id2712_E-4.06.cif,SnO8,-4.0637,0.073,Semiconductor,Fm-3m,225,36
Li3AsO4_id2642_E-4.06.cif,Li3AsO4,-4.0609,4.588,Insulator,I-42m,121,32
KLiGaB2AsPCO13_id443_E-4.06.cif,KLiGaB2AsPCO13,-4.0593,1.804,Semiconductor,Pna2_1,33,84
LiCaSbAs2O_id3341_E-4.06.cif,LiCaSbAs2O,-4.0558,2.434,Semiconductor,Pba2,32,24
KZn2BO4_id1310_E-4.05.cif,KZn2BO4,-4.0529,2.304,Semiconductor,P6_422,181,24
GaTeAs2P_id968_E-4.05.cif,GaTeAs2P,-4.0522,0.0,Metal,P2/m,10,5
MgBeN2_id2597_E-4.05.cif,MgBeN2,-4.0491,0.0,Metal,P6_222,180,12
CaSiO5_id1863_E-4.04.cif,CaSiO5,-4.045,0.51,Semiconductor,Pm,6,28
S_id1597_E-4.04.cif,S,-4.044,1.725,Semiconductor,Pbca,61,16
Ba2Li2MgCdTe3P2Se2S8(N6O)2_id2872_E-4.04.cif,Ba2Li2MgCdTe3P2Se2S8(N6O)2,-4.0422,2.465,Semiconductor,P1,1,140
Mg(GeAs)2_id771_E-4.04.cif,Mg(GeAs)2,-4.0382,0.0,Metal,Pccm,49,10
Sr2Li4CaZnGa4Si2(PO12)2_id2886_E-4.04.cif,Sr2Li4CaZnGa4Si2(PO12)2,-4.0369,2.79,Semiconductor,P2_1/c,14,80
KSiTeSO2_id2957_E-4.03.cif,KSiTeSO2,-4.0334,1.367,Semiconductor,P3_221,154,18
Al3ZnInS4_id2097_E-4.03.cif,Al3ZnInS4,-4.0315,0.226,Semiconductor,P-43m,215,9
KLi2Cd4Te3As(PO2)4_id1016_E-4.03.cif,KLi2Cd4Te3As(PO2)4,-4.0269,0.409,Semiconductor,I222,23,46
S_id1754_E-4.03.cif,S,-4.0253,0.782,Semiconductor,Pbca,61,16
K5Na4Li4ZnCd4Sb4P4C4S5O18_id276_E-4.02.cif,K5Na4Li4ZnCd4Sb4P4C4S5O18,-4.0242,0.01,Metal,P1,1,53
SnSb2Se5_id1142_E-4.02.cif,SnSb2Se5,-4.024,0.943,Semiconductor,I-42d,122,32
LiTiTePC4Se6S7_id2353_E-4.02.cif,LiTiTePC4Se6S7,-4.0236,1.402,Semiconductor,P4_1,76,84
K8BaNa6Ca6Te6(NO14)6_id1846_E-4.02.cif,K8BaNa6Ca6Te6(NO14)6,-4.0232,0.145,Semiconductor,P1,1,117
S_id1303_E-4.02.cif,S,-4.023,2.568,Semiconductor,Pbca,61,16
KNaO19_id503_E-4.02.cif,KNaO19,-4.0215,0.927,Semiconductor,P1,1,21
Li5TiBeSeNO12_id1904_E-4.02.cif,Li5TiBeSeNO12,-4.0204,2.255,Semiconductor,P1,1,84
O2_id3368_E-4.02.cif,O2,-4.0202,1.064,Semiconductor,Pbca,61,24
Al2Ga4SiSnO4_id3127_E-4.01.cif,Al2Ga4SiSnO4,-4.0147,0.1,Semiconductor,P4/mmm,123,12
MgGaC_id1612_E-4.01.cif,MgGaC,-4.0145,0.0,Metal,Immm,71,6
Ba2Al2Si4P_id1411_E-4.01.cif,Ba2Al2Si4P,-4.0136,0.036,Metal,P4/mmm,123,9
AlIn3Sn(BS)3_id593_E-4.01.cif,AlIn3Sn(BS)3,-4.0109,0.0,Metal,P6_3,173,22
LiGaP2O13_id2782_E-4.01.cif,LiGaP2O13,-4.01,1.168,Semiconductor,C222,21,34
NaMgTe2(N3O13)2_id55_E-4.01.cif,NaMgTe2(N3O13)2,-4.0097,1.367,Semiconductor,P-3,147,36
KO20_id3014_E-4.01.cif,KO20,-4.0088,3.736,Insulator,P1,1,21
Li3Al3Ge6B3SbTe3As3SeS6(N3O4)4_id2475_E-4.01.cif,Li3Al3Ge6B3SbTe3As3SeS6(N3O4)4,-4.0062,2.258,Semiconductor,P1,1,114
MgTiGaSbAs4_id701_E-4.00.cif,MgTiGaSbAs4,-4.0042,0.0,Metal,I4_1md,109,32
TiP2_id1477_E-4.00.cif,TiP2,-4.0031,0.04,Metal,I4_1/amd,141,12
K2Be4Al5Zn2GaSi2Ge3(PO4)4_id2549_E-4.00.cif,K2Be4Al5Zn2GaSi2Ge3(PO4)4,-4.0017,0.125,Semiconductor,P2,3,78
Sb3As_id2389_E-4.00.cif,Sb3As,-4.0014,0.0,Metal,P4/mmm,123,4
Ca2Ge2As5S2_id1515_E-4.00.cif,Ca2Ge2As5S2,-4.0013,0.005,Metal,P4_32_12,96,44
GeS10_id999_E-4.00.cif,GeS10,-3.9985,1.834,Semiconductor,P2/m,10,11
BaSrSe2(SO11)6_id1826_E-4.00.cif,BaSrSe2(SO11)6,-3.9981,1.124,Semiconductor,P-3,147,76
SiS9_id28_E-4.00.cif,SiS9,-3.9951,1.303,Semiconductor,P2/m,10,10
K4BaLi2Sb5(SeO3)4_id2514_E-3.99.cif,K4BaLi2Sb5(SeO3)4,-3.9946,2.267,Semiconductor,I-42m,121,56
BaP_id1447_E-3.99.cif,BaP,-3.9915,0.16,Semiconductor,I4_1/a,88,40
ScZn2B_id2085_E-3.99.cif,ScZn2B,-3.9901,0.0,Metal,P6_222,180,12
ScZnGa_id78_E-3.99.cif,ScZnGa,-3.9899,0.0,Metal,P6_3/mmc,194,6
AsS3_id2012_E-3.99.cif,AsS3,-3.9886,0.997,Semiconductor,P2/m,10,8
S_id3165_E-3.99.cif,S,-3.9879,1.125,Semiconductor,Pba2,32,18
KAl8Ga4(SeO)4_id137_E-3.99.cif,KAl8Ga4(SeO)4,-3.9864,0.0,Metal,P1,1,21
LiTi2Te3Se2(SO)2_id1161_E-3.99.cif,LiTi2Te3Se2(SO)2,-3.9859,0.144,Semiconductor,P1,1,48
Ti8Ga8BO30_id2840_E-3.99.cif,Ti8Ga8BO30,-3.9858,0.944,Semiconductor,P4_2cm,101,94
NaCaSnSbP2Se3(SO3)3_id649_E-3.98.cif,NaCaSnSbP2Se3(SO3)3,-3.983,1.798,Semiconductor,P1,1,84
InGe6_id1313_E-3.98.cif,InGe6,-3.98,0.0,Metal,I-42m,121,14
Na2LiMgScBeZn2Se(SO3)3_id221_E-3.98.cif,Na2LiMgScBeZn2Se(SO3)3,-3.978,2.162,Semiconductor,P3_2,145,63
Na2In2GaTe2(N3O14)2_id1038_E-3.98.cif,Na2In2GaTe2(N3O14)2,-3.9776,2.395,Semiconductor,P4_2,77,82
K2NaScBeTe5PSe2S3N2O3_id3019_E-3.98.cif,K2NaScBeTe5PSe2S3N2O3,-3.9775,0.107,Semiconductor,P1,1,84
GaS_id404_E-3.98.cif,GaS,-3.9771,0.616,Semiconductor,P6_522,179,12
S_id2211_E-3.98.cif,S,-3.977,1.074,Semiconductor,P4_222,93,12
Sc7Ti3Zn2_id2663_E-3.98.cif,Sc7Ti3Zn2,-3.9763,0.081,Semiconductor,P-31m,162,12
Li2Ca2Sc5_id2864_E-3.97.cif,Li2Ca2Sc5,-3.9744,0.0,Metal,C2/m,12,18
Na4Ca2P8O_id1741_E-3.97.cif,Na4Ca2P8O,-3.9713,0.0,Metal,P1,1,30
Li2TeP2(SeS3)2_id493_E-3.97.cif,Li2TeP2(SeS3)2,-3.9707,1.153,Semiconductor,P4_22_12,94,26
Li2Be2Si5P_id3065_E-3.97.cif,Li2Be2Si5P,-3.9679,3.04,Semiconductor,P4_12_12,92,40
Sr(InSi2)2_id797_E-3.97.cif,Sr(InSi2)2,-3.9675,0.0,Metal,P6/mmm,191,7
KMg2TiCdSnTeP2CNO10_id1569_E-3.96.cif,KMg2TiCdSnTeP2CNO10,-3.9646,1.763,Semiconductor,P3_2,145,63
Ba3Be4O3_id2126_E-3.96.cif,Ba3Be4O3,-3.9609,0.0,Metal,I-43d,220,40
MgSc2Cd_id2559_E-3.96.cif,MgSc2Cd,-3.9609,0.0,Metal,Fm-3m,225,16
KInSbSe8_id1343_E-3.96.cif,KInSbSe8,-3.9601,2.325,Semiconductor,P4/mmm,123,11
Li2Zn4Si2GeP4O27_id173_E-3.96.cif,Li2Zn4Si2GeP4O27,-3.9569,0.475,Semiconductor,C2,5,80
As17P_id2635_E-3.96.cif,As17P,-3.9555,0.452,Semiconductor,P-62m,189,18
GaSi3_id2201_E-3.95.cif,GaSi3,-3.9527,0.287,Semiconductor,Imma,74,16
BaCd2BSO16_id1937_E-3.95.cif,BaCd2BSO16,-3.9496,0.469,Semiconductor,P1,1,63
GaSiAs_id278_E-3.95.cif,GaSiAs,-3.9492,0.0,Metal,P4_32_12,96,12
As(P3S7)2_id548_E-3.95.cif,As(P3S7)2,-3.9476,1.629,Semiconductor,Pc,7,42
CaGa2S2(NO2)12_id586_E-3.95.cif,CaGa2S2(NO2)12,-3.9471,2.193,Semiconductor,P1,1,82
Be4Cd3Ga3Si3Sb6PSN3O29_id389_E-3.95.cif,Be4Cd3Ga3Si3Sb6PSN3O29,-3.947,0.222,Semiconductor,P1,1,106
NaMgS12_id1557_E-3.95.cif,NaMgS12,-3.9467,1.242,Semiconductor,Fd-3,203,112
Mg2O_id1577_E-3.95.cif,Mg2O,-3.9454,0.0,Metal,Pba2,32,6
Ba2Zn2GeO2_id2057_E-3.94.cif,Ba2Zn2GeO2,-3.9426,0.004,Metal,C222,21,28
BaSrSnN_id1685_E-3.94.cif,BaSrSnN,-3.94,0.778,Semiconductor,Pm,6,32
SnGe2Sb_id3318_E-3.94.cif,SnGe2Sb,-3.9395,0.0,Metal,P6_5,170,24
BaSr2NO2_id1642_E-3.94.cif,BaSr2NO2,-3.9395,0.968,Semiconductor,P1,1,24
BaCdSO7_id2109_E-3.94.cif,BaCdSO7,-3.9363,2.345,Semiconductor,Pm,6,20
BaInGeAs3_id587_E-3.93.cif,BaInGeAs3,-3.9321,1.722,Semiconductor,Pm,6,24
CaGaS_id169_E-3.93.cif,CaGaS,-3.932,0.0,Metal,P6_222,180,18
GeTe_id1630_E-3.93.cif,GeTe,-3.9314,0.187,Semiconductor,Pca2_1,29,8
KIn(SeO4)2_id2942_E-3.93.cif,KIn(SeO4)2,-3.931,1.991,Semiconductor,P-1,2,12
Li(GaO)4_id598_E-3.93.cif,Li(GaO)4,-3.9282,0.0,Metal,I-43m,217,18
LiSeS_id3343_E-3.93.cif,LiSeS,-3.927,0.908,Semiconductor,Pcc2,27,12
K3O4_id733_E-3.93.cif,K3O4,-3.9258,1.238,Semiconductor,I-43d,220,28
Si_id2142_E-3.92.cif,Si,-3.9239,0.712,Semiconductor,P4_2bc,106,40
LiZn2O8_id774_E-3.92.cif,LiZn2O8,-3.9231,0.098,Semiconductor,Pm,6,22
K2Li4Be2ZnCd2Ga2As2Se2(S11O)2_id3159_E-3.92.cif,K2Li4Be2ZnCd2Ga2As2Se2(S11O)2,-3.922,1.456,Semiconductor,P4_2,77,82
NaCdSO5_id2438_E-3.92.cif,NaCdSO5,-3.9209,2.416,Semiconductor,P321,150,16
AsS5_id2407_E-3.92.cif,AsS5,-3.9208,1.678,Semiconductor,Pcca,54,24
MgSeS2_id1748_E-3.92.cif,MgSeS2,-3.9199,0.029,Metal,P4_2/ncm,138,16
Ba2ZnSnAsPN13O2_id2460_E-3.92.cif,Ba2ZnSnAsPN13O2,-3.9194,2.242,Semiconductor,Cc,9,84
LiTi2(Se3S5)2_id3198_E-3.92.cif,LiTi2(Se3S5)2,-3.9193,0.551,Semiconductor,Cmc2_1,36,76
S_id832_E-3.92.cif,S,-3.9172,1.65,Semiconductor,Pba2,32,22
Zn2Si(GeO)2_id66_E-3.91.cif,Zn2Si(GeO)2,-3.9132,0.004,Metal,Pc,7,28
GaGeB2AsP2(SeS6)2_id2350_E-3.91.cif,GaGeB2AsP2(SeS6)2,-3.9103,1.592,Semiconductor,P4_1,76,84
Ca4MgZn2Ga4SnO8_id2414_E-3.91.cif,Ca4MgZn2Ga4SnO8,-3.9097,0.0,Metal,I-42m,121,40
CO2_id1145_E-3.91.cif,CO2,-3.9094,2.354,Semiconductor,P1,1,144
Sn2Sb5Te_id1849_E-3.91.cif,Sn2Sb5Te,-3.9091,0.0,Metal,I4/mmm,139,16
NaLi2CaTiSnO12_id815_E-3.91.cif,NaLi2CaTiSnO12,-3.9087,0.121,Semiconductor,P1,1,18
LiCa2O18_id2252_E-3.90.cif,LiCa2O18,-3.9027,0.004,Metal,P1,1,42
KNaLiMgInGaBAsPSe2S7O3_id1967_E-3.90.cif,KNaLiMgInGaBAsPSe2S7O3,-3.9015,1.676,Semiconductor,P1,1,63
Ge2N5O11_id953_E-3.90.cif,Ge2N5O11,-3.8984,2.828,Semiconductor,P-4c2,116,36
KAs4_id1694_E-3.90.cif,KAs4,-3.8969,0.597,Semiconductor,P4_122,91,20
GeAs2Se7_id1066_E-3.89.cif,GeAs2Se7,-3.8922,0.901,Semiconductor,P2/m,10,10
SeS2_id2607_E-3.89.cif,SeS2,-3.8909,2.391,Semiconductor,Pbca,61,24
Sn_id1542_E-3.89.cif,Sn,-3.8892,0.0,Metal,Amm2,38,12
S_id790_E-3.89.cif,S,-3.8875,2.872,Semiconductor,I4_132,214,48
Sc9(Al4Ga)2_id1030_E-3.89.cif,Sc9(Al4Ga)2,-3.8872,0.0,Metal,Ccc2,37,76
Sb4As7PS6_id972_E-3.89.cif,Sb4As7PS6,-3.8868,3.145,Semiconductor,Ima2,46,72
Li2CdO2_id1209_E-3.89.cif,Li2CdO2,-3.8858,0.568,Semiconductor,Cmcm,63,20
TeO_id2965_E-3.88.cif,TeO,-3.885,2.093,Semiconductor,P6_222,180,12
LiAs3_id256_E-3.88.cif,LiAs3,-3.8821,0.006,Metal,C2/c,15,48
GeSb2As25Se_id648_E-3.88.cif,GeSb2As25Se,-3.8806,0.0,Metal,P2/c,13,58
InSi4_id2618_E-3.88.cif,InSi4,-3.8794,1.483,Semiconductor,I4_1/a,88,20
S_id1531_E-3.88.cif,S,-3.8763,1.809,Semiconductor,Pbca,61,16
AlGe_id1051_E-3.87.cif,AlGe,-3.8743,0.0,Metal,P4_2/mmc,131,4
Sr2CSO_id1998_E-3.87.cif,Sr2CSO,-3.8734,0.506,Semiconductor,P2/m,10,5
TiZn4SiP4(NO4)6_id3270_E-3.87.cif,TiZn4SiP4(NO4)6,-3.8708,5.196,Insulator,P1,1,80
BaLi2Ge5P3O_id3070_E-3.87.cif,BaLi2Ge5P3O,-3.8705,0.748,Semiconductor,P1,1,48
NO19_id255_E-3.87.cif,NO19,-3.8698,0.959,Semiconductor,P2/c,13,80
BaLi2TiGaO6_id792_E-3.87.cif,BaLi2TiGaO6,-3.8685,1.335,Semiconductor,P1,1,44
LiMg3Be6Al3Zn7Ga(SiO9)3_id1423_E-3.87.cif,LiMg3Be6Al3Zn7Ga(SiO9)3,-3.8682,0.466,Semiconductor,P1,1,102
Li2S_id2313_E-3.86.cif,Li2S,-3.8649,1.684,Semiconductor,Pbcn,60,12
Ca3Sc8Ti2AlGa3(N2O3)3_id2944_E-3.86.cif,Ca3Sc8Ti2AlGa3(N2O3)3,-3.8647,0.657,Semiconductor,Cmcm,63,64
LiBO_id2740_E-3.86.cif,LiBO,-3.8636,3.414,Semiconductor,P4_2/mmc,131,6
S_id1700_E-3.86.cif,S,-3.8627,0.009,Metal,Pbca,61,8
NaO2_id1705_E-3.86.cif,NaO2,-3.8625,3.146,Semiconductor,Fm-3m,225,12
CaZn4CdO4_id1504_E-3.86.cif,CaZn4CdO4,-3.8614,1.119,Semiconductor,P4bm,100,20
SeS_id2165_E-3.86.cif,SeS,-3.8604,0.0,Metal,Pbca,61,16
K4Na4Li4Be4GeB8Te4As5P4(CO2)4_id2046_E-3.86.cif,K4Na4Li4Be4GeB8Te4As5P4(CO2)4,-3.8564,0.0,Metal,P4,75,50
Sn_id544_E-3.86.cif,Sn,-3.856,0.0,Metal,I4/mmm,139,6
KSrGa(B2O7)2_id2619_E-3.86.cif,KSrGa(B2O7)2,-3.8557,0.984,Semiconductor,P1,1,84
SnGe_id532_E-3.86.cif,SnGe,-3.8556,0.02,Metal,P4_22_12,94,16
O2_id195_E-3.85.cif,O2,-3.8546,1.148,Semiconductor,P4/n,85,16
Cd(GaSe2)2_id2968_E-3.85.cif,Cd(GaSe2)2,-3.854,1.145,Semiconductor,P-42m,111,7
Sb2AsSe6_id600_E-3.85.cif,Sb2AsSe6,-3.845,0.0,Metal,Pma2,28,18
Li2Ca3Te12Se4(S4O3)2_id441_E-3.84.cif,Li2Ca3Te12Se4(S4O3)2,-3.8448,0.81,Semiconductor,P1,1,70
Sr4Be4GaNO4_id1842_E-3.84.cif,Sr4Be4GaNO4,-3.8447,2.748,Semiconductor,P4bm,100,28
Ti5ZnInGa_id2282_E-3.84.cif,Ti5ZnInGa,-3.8422,0.0,Metal,P2_12_12_1,19,32
Na4SiS6_id253_E-3.84.cif,Na4SiS6,-3.8415,1.86,Semiconductor,P-42_1m,113,22
Ca4Sn4Sb5Te4As4(NO5)8_id1697_E-3.84.cif,Ca4Sn4Sb5Te4As4(NO5)8,-3.8397,1.617,Semiconductor,P4/n,85,138
Ba3Sb4As4S3_id1298_E-3.84.cif,Ba3Sb4As4S3,-3.8385,1.217,Semiconductor,P6_3,173,28
LiO10_id3007_E-3.84.cif,LiO10,-3.8359,0.666,Semiconductor,Aem2,39,44
Be2InTe4As2(SeS)4_id26_E-3.84.cif,Be2InTe4As2(SeS)4,-3.8355,3.964,Insulator,Cccm,66,68
ZnGeSe2_id552_E-3.84.cif,ZnGeSe2,-3.8351,0.702,Semiconductor,I-42d,122,16
CdSi2Ge9S2_id3169_E-3.83.cif,CdSi2Ge9S2,-3.8342,0.944,Semiconductor,Pnn2,34,28
S_id2006_E-3.83.cif,S,-3.8336,0.399,Semiconductor,Pbca,61,8
As2P4NO7_id42_E-3.83.cif,As2P4NO7,-3.8328,0.539,Semiconductor,P2_12_12_1,19,56
Zn2CdInGa(SO)4_id1092_E-3.83.cif,Zn2CdInGa(SO)4,-3.8321,0.008,Metal,Pban,50,26
SeS2_id1279_E-3.83.cif,SeS2,-3.8282,1.762,Semiconductor,P3_112,151,9
BaSi2B2P2(NO)2_id2632_E-3.83.cif,BaSi2B2P2(NO)2,-3.826,0.587,Semiconductor,P1,1,44
GaAs_id1278_E-3.82.cif,GaAs,-3.8243,0.0,Metal,P4_32_12,96,8
LiAl(GaN)2_id2497_E-3.82.cif,LiAl(GaN)2,-3.8217,2.265,Semiconductor,P2,3,18
SrGaTe2_id213_E-3.82.cif,SrGaTe2,-3.8198,1.239,Semiconductor,I4_1/amd,141,16
Li2MgSc3TiZnO13_id1048_E-3.82.cif,Li2MgSc3TiZnO13,-3.8191,0.084,Semiconductor,Pc,7,42
Sn_id3012_E-3.82.cif,Sn,-3.8173,0.0,Metal,Fm-3m,225,12
NaGeO2_id1660_E-3.82.cif,NaGeO2,-3.8162,1.37,Semiconductor,I4_122,98,16
Ti3ZnGaO6_id2638_E-3.82.cif,Ti3ZnGaO6,-3.8153,0.0,Metal,P1,1,44
KZn2O4_id2323_E-3.81.cif,KZn2O4,-3.8135,2.745,Semiconductor,P-42_1m,113,14
Ge_id1267_E-3.81.cif,Ge,-3.8131,0.661,Semiconductor,P1,1,36
Se2S5_id1072_E-3.81.cif,Se2S5,-3.8126,1.272,Semiconductor,Pba2,32,14
NaSi3(GeTe)3_id652_E-3.81.cif,NaSi3(GeTe)3,-3.8121,1.555,Semiconductor,R-3c,167,60
CaZn5(GaO2)6_id1896_E-3.81.cif,CaZn5(GaO2)6,-3.8111,0.073,Semiconductor,P6/mmm,191,24
LiSn2Ge3_id588_E-3.81.cif,LiSn2Ge3,-3.8086,0.0,Metal,P-4m2,115,6
Li12ScZn2B2P2(N3O8)2_id946_E-3.81.cif,Li12ScZn2B2P2(N3O8)2,-3.8074,2.715,Semiconductor,P1,1,82
LiSeS_id1057_E-3.80.cif,LiSeS,-3.8035,0.687,Semiconductor,Cmcm,63,12
AsS4O_id3129_E-3.80.cif,AsS4O,-3.8027,2.058,Semiconductor,P2_12_12_1,19,24
S_id2741_E-3.80.cif,S,-3.8026,2.324,Semiconductor,Pbca,61,8
Sr2Zn2In2GaO4_id92_E-3.80.cif,Sr2Zn2In2GaO4,-3.8023,0.0,Metal,I222,23,22
KLi2Be2ZnSbTePCSe2S4O5_id2032_E-3.80.cif,KLi2Be2ZnSbTePCSe2S4O5,-3.8019,1.669,Semiconductor,P1,1,63
Sn_id371_E-3.80.cif,Sn,-3.799,0.0,Metal,P4_2/mmc,131,4
MgZnGe3Se4_id1078_E-3.80.cif,MgZnGe3Se4,-3.7984,0.0,Metal,P-43m,215,9
Li2Mg2Ti2B2Te5(SO8)2_id1983_E-3.80.cif,Li2Mg2Ti2B2Te5(SO8)2,-3.7982,2.077,Semiconductor,Pccn,56,124
Ga4Si3_id3238_E-3.80.cif,Ga4Si3,-3.798,0.0,Metal,I-43d,220,28
Na2PO_id2064_E-3.80.cif,Na2PO,-3.7974,2.446,Semiconductor,P4/mmm,123,16
KNa2PO5_id3011_E-3.80.cif,KNa2PO5,-3.7966,0.056,Semiconductor,P2,3,18
GeTeP_id603_E-3.80.cif,GeTeP,-3.7953,0.149,Semiconductor,Pccm,49,12
LiMgBeZnSiAsP6_id1228_E-3.79.cif,LiMgBeZnSiAsP6,-3.7946,1.473,Semiconductor,Pca2_1,29,48
Li2SbSe2_id449_E-3.79.cif,Li2SbSe2,-3.7893,1.339,Semiconductor,I4/mmm,139,10
Sc3Cd2_id325_E-3.79.cif,Sc3Cd2,-3.7892,0.0,Metal,Cmmm,65,10
LiSe2O3_id390_E-3.79.cif,LiSe2O3,-3.7879,2.931,Semiconductor,P1,1,24
SnAs2_id1293_E-3.79.cif,SnAs2,-3.7859,0.0,Metal,P6_522,179,18
Li2Sc5Ti_id662_E-3.78.cif,Li2Sc5Ti,-3.7846,0.0,Metal,P2/m,10,8
KBaO32_id1430_E-3.78.cif,KBaO32,-3.7834,1.8,Semiconductor,P-3,147,34
Mg3Cd3InSe8(S2O)4_id1821_E-3.78.cif,Mg3Cd3InSe8(S2O)4,-3.782,1.851,Semiconductor,R3m,160,27
Ca4ScTiO_id915_E-3.78.cif,Ca4ScTiO,-3.7819,2.726,Semiconductor,P1,1,21
Ba4Li4SbP21_id2279_E-3.78.cif,Ba4Li4SbP21,-3.779,1.573,Semiconductor,P4/mcc,124,60
K2SbO5_id1613_E-3.78.cif,K2SbO5,-3.7777,1.131,Semiconductor,Pmmm,47,8
SrLiZn2O2_id3358_E-3.78.cif,SrLiZn2O2,-3.7774,0.0,Metal,P-3m1,164,6
Ga2Ge3_id328_E-3.77.cif,Ga2Ge3,-3.7736,0.0,Metal,I4/mmm,139,10
Be(ZnSi4)2_id2442_E-3.77.cif,Be(ZnSi4)2,-3.7719,1.762,Semiconductor,Cmcm,63,44
Sr3Li2O3_id2717_E-3.77.cif,Sr3Li2O3,-3.7716,0.0,Metal,Pn-3m,224,16
Sc6BeZn2GeB_id127_E-3.77.cif,Sc6BeZn2GeB,-3.7694,0.0,Metal,P1,1,33
Sc8In_id1012_E-3.77.cif,Sc8In,-3.7682,0.0,Metal,Pmna,53,18
Sb_id1300_E-3.77.cif,Sb,-3.768,0.0,Metal,F-43m,216,20
Na3LiSnSb3(SO)3_id106_E-3.77.cif,Na3LiSnSb3(SO)3,-3.7678,2.259,Semiconductor,P6_3,173,28
Sn(AsSe2)2_id1638_E-3.77.cif,Sn(AsSe2)2,-3.7675,0.0,Metal,I-42d,122,28
ScAs2P4(SeS3)5_id624_E-3.77.cif,ScAs2P4(SeS3)5,-3.7671,1.671,Semiconductor,Ccc2,37,108
K2NaO2_id3181_E-3.77.cif,K2NaO2,-3.766,1.912,Semiconductor,Pbca,61,20
K2Si3O2_id3142_E-3.76.cif,K2Si3O2,-3.7649,0.005,Metal,C222,21,14
KTiCd2PO5_id605_E-3.76.cif,KTiCd2PO5,-3.7639,0.895,Semiconductor,Cm,8,10
Li2Ca2Be2Si2Sb3As7P3_id303_E-3.76.cif,Li2Ca2Be2Si2Sb3As7P3,-3.7621,0.043,Metal,P1,1,21
GaAs_id2315_E-3.76.cif,GaAs,-3.7619,0.744,Semiconductor,P4_32_12,96,8
AsPSe2_id1874_E-3.76.cif,AsPSe2,-3.7619,1.482,Semiconductor,I-42d,122,16
K2O2_id2723_E-3.76.cif,K2O2,-3.7598,1.356,Semiconductor,I4_1/amd,141,8
Sc18Cd6InSn4_id122_E-3.76.cif,Sc18Cd6InSn4,-3.7577,0.0,Metal,P1,1,29
Ca2ZnGa3O2_id199_E-3.76.cif,Ca2ZnGa3O2,-3.7557,0.005,Metal,R-3m,166,24
BeAl2Ga2Te4As2PO2_id2484_E-3.75.cif,BeAl2Ga2Te4As2PO2,-3.7549,0.0,Metal,Pcca,54,56
KTe2(NO2)4_id3185_E-3.75.cif,KTe2(NO2)4,-3.7546,1.086,Semiconductor,P1,1,60
Ba6Na6ScTi12_id857_E-3.75.cif,Ba6Na6ScTi12,-3.7482,1.979,Semiconductor,P1,1,50
Li2Ti2Cd2Ga2(SnO10)3_id3296_E-3.75.cif,Li2Ti2Cd2Ga2(SnO10)3,-3.7481,0.0,Metal,P2_12_12,18,82
Be2Al2Si2BO14_id580_E-3.75.cif,Be2Al2Si2BO14,-3.7479,1.872,Semiconductor,P3_121,152,63
K2Ba2Na6Ga2Se2(NO8)3_id22_E-3.75.cif,K2Ba2Na6Ga2Se2(NO8)3,-3.7479,2.236,Semiconductor,P1,1,82
TiAl4Ga_id1239_E-3.75.cif,TiAl4Ga,-3.7461,0.0,Metal,Immm,71,12
GaSb2As_id347_E-3.74.cif,GaSb2As,-3.7449,0.0,Metal,Pccm,49,8
O2_id709_E-3.74.cif,O2,-3.7444,5.725,Insulator,P6_222,180,6
BO4_id940_E-3.74.cif,BO4,-3.743,8.1,Insulator,P4/nmm,129,10
K4Na16Li4Mg4TiCdGaSn4Ge4Sb8As4(PO2)8_id447_E-3.74.cif,K4Na16Li4Mg4TiCdGaSn4Ge4Sb8As4(PO2)8,-3.7424,1.116,Semiconductor,I-4,82,150
InO16_id765_E-3.74.cif,InO16,-3.7403,0.0,Metal,P4_2/nmc,137,34
Al3Ga3Sn3N3O_id1560_E-3.74.cif,Al3Ga3Sn3N3O,-3.7394,2.211,Semiconductor,P1,1,78
NaP2_id1706_E-3.74.cif,NaP2,-3.7391,0.0,Metal,Cmmm,65,12
K(CaSi2)2_id2763_E-3.74.cif,K(CaSi2)2,-3.7391,0.205,Semiconductor,I-4c2,120,28
Ba7CaGa6Si2(PO43)2_id1341_E-3.74.cif,Ba7CaGa6Si2(PO43)2,-3.7386,1.162,Semiconductor,P1,1,104
Ba3CaTi2(TeO5)2_id2188_E-3.74.cif,Ba3CaTi2(TeO5)2,-3.7367,0.18,Semiconductor,P1,1,18
Ti2Be2ZnGa4(Si2Ge)2_id1444_E-3.74.cif,Ti2Be2ZnGa4(Si2Ge)2,-3.7361,3.348,Semiconductor,P1,1,60
Si4Sn2Ge5_id2271_E-3.74.cif,Si4Sn2Ge5,-3.7359,2.052,Semiconductor,I4_1/amd,141,44
AsSeS2_id188_E-3.74.cif,AsSeS2,-3.7352,0.0,Metal,P4/mmm,123,4
LiGe2_id2045_E-3.73.cif,LiGe2,-3.7343,0.0,Metal,Pbcn,60,12
LiO6_id3288_E-3.73.cif,LiO6,-3.7332,0.02,Metal,Pm,6,42
Be2GaSiTe(AsP3)4_id430_E-3.73.cif,Be2GaSiTe(AsP3)4,-3.73,0.958,Semiconductor,P1,1,84
Li3NO3_id3218_E-3.73.cif,Li3NO3,-3.7279,0.038,Metal,Pm,6,42
SeS4O_id2233_E-3.73.cif,SeS4O,-3.7259,1.109,Semiconductor,P-6m2,187,6
Li5Si2Te12P2Se2(S4O3)2_id1600_E-3.73.cif,Li5Si2Te12P2Se2(S4O3)2,-3.7257,1.054,Semiconductor,P1,1,148
Ti2AlZn2SiP_id1445_E-3.72.cif,Ti2AlZn2SiP,-3.7247,0.0,Metal,P3_1,144,21
Sn(GeO5)2_id3087_E-3.72.cif,Sn(GeO5)2,-3.723,2.741,Semiconductor,Pm,6,13
S4O_id2372_E-3.72.cif,S4O,-3.7222,0.116,Semiconductor,Pnn2,34,10
CaSnO19_id1433_E-3.72.cif,CaSnO19,-3.7217,0.006,Metal,P1,1,21
GaSn10_id3224_E-3.72.cif,GaSn10,-3.7175,0.0,Metal,P6/mmm,191,11
MgN_id364_E-3.72.cif,MgN,-3.7168,2.75,Semiconductor,Pn-3m,224,128
GaSiSnSbAs6PS2_id388_E-3.72.cif,GaSiSnSbAs6PS2,-3.7161,1.703,Semiconductor,P1,1,52
BaCa6Sc3O2_id210_E-3.71.cif,BaCa6Sc3O2,-3.7149,1.035,Semiconductor,P6mm,183,12
Ba2AsS5_id1232_E-3.71.cif,Ba2AsS5,-3.7147,0.0,Metal,Immm,71,16
KBO16_id3094_E-3.71.cif,KBO16,-3.713,0.855,Semiconductor,P1,1,72
TeS_id869_E-3.71.cif,TeS,-3.7122,0.935,Semiconductor,P4/m,83,8
Na2Sc8Ti2ZnGa2_id1731_E-3.71.cif,Na2Sc8Ti2ZnGa2,-3.7113,0.044,Metal,P1,1,60
Sc2Ge3Te2(Se2S)2_id1112_E-3.71.cif,Sc2Ge3Te2(Se2S)2,-3.7101,1.737,Semiconductor,Cm,8,26
Ca2SnGe_id2060_E-3.71.cif,Ca2SnGe,-3.7097,0.0,Metal,Pbca,61,16
K11In3(BO)6_id2455_E-3.71.cif,K11In3(BO)6,-3.709,2.766,Semiconductor,P-31c,163,52
InSiSn_id2355_E-3.70.cif,InSiSn,-3.7036,0.0,Metal,P-6m2,187,3
Zn5GaO21_id1330_E-3.70.cif,Zn5GaO21,-3.7035,1.675,Semiconductor,I4,79,54
K4Ba2SrGaGe2(SO4)3_id2232_E-3.70.cif,K4Ba2SrGaGe2(SO4)3,-3.7034,6.82,Insulator,Cm,8,50
InSnTe2_id565_E-3.70.cif,InSnTe2,-3.6974,0.058,Semiconductor,I4/mmm,139,8
MgSiPSe_id1396_E-3.69.cif,MgSiPSe,-3.6936,1.454,Semiconductor,Pca2_1,29,16
K12Sb3O56_id1007_E-3.69.cif,K12Sb3O56,-3.6908,0.0,Metal,P1,1,71
LiTiGa_id2932_E-3.69.cif,LiTiGa,-3.6905,0.0,Metal,Immm,71,6
Sn7Ge_id1692_E-3.69.cif,Sn7Ge,-3.6883,0.0,Metal,Pmmm,47,8
BeGe_id2841_E-3.69.cif,BeGe,-3.6854,0.0,Metal,P4_12_12,92,8
CaIn2GaSi6_id1865_E-3.68.cif,CaIn2GaSi6,-3.6835,0.0,Metal,P312,149,10
KGa(Sn3O)2_id2317_E-3.68.cif,KGa(Sn3O)2,-3.6819,0.0,Metal,P321,150,10
TeS_id2189_E-3.68.cif,TeS,-3.68,0.0,Metal,Pbca,61,16
Ga2Si_id1538_E-3.68.cif,Ga2Si,-3.6795,0.0,Metal,Pa-3,205,12
Ti2Be2In2Se3(S4O)2_id289_E-3.68.cif,Ti2Be2In2Se3(S4O)2,-3.6782,2.018,Semiconductor,P1,1,76
Ba4Ca9Mg2Ti3(GeO14)3_id1408_E-3.67.cif,Ba4Ca9Mg2Ti3(GeO14)3,-3.675,0.326,Semiconductor,P1,1,63
Zn2Si7_id2656_E-3.67.cif,Zn2Si7,-3.6747,0.0,Metal,P-62c,190,18
Ca4Si3_id31_E-3.67.cif,Ca4Si3,-3.6746,0.0,Metal,I-43d,220,28
LiMgScTi4O14_id2548_E-3.67.cif,LiMgScTi4O14,-3.6743,1.638,Semiconductor,Cm,8,42
Al3S2_id3016_E-3.67.cif,Al3S2,-3.6743,0.0,Metal,Aea2,41,20
Ba4CaO4_id1379_E-3.67.cif,Ba4CaO4,-3.6735,1.282,Semiconductor,P4_2/n,86,18
Li2AlGaSe4_id434_E-3.67.cif,Li2AlGaSe4,-3.6729,0.391,Semiconductor,I-42d,122,32
GeTe3_id2511_E-3.67.cif,GeTe3,-3.6727,0.0,Metal,P6_3/m,176,8
Li3GaGeTe4_id3083_E-3.67.cif,Li3GaGeTe4,-3.6719,0.087,Semiconductor,P-43m,215,9
Ca2In2PS7_id340_E-3.67.cif,Ca2In2PS7,-3.6688,0.647,Semiconductor,Pmmm,47,24
LiAlTe5O4_id350_E-3.67.cif,LiAlTe5O4,-3.6674,2.232,Semiconductor,P-42m,111,11
Mg2Ti2InGa_id827_E-3.66.cif,Mg2Ti2InGa,-3.6637,0.0,Metal,Cmmm,65,12
KMg(TeO)4_id722_E-3.66.cif,KMg(TeO)4,-3.6633,2.831,Semiconductor,P4/nbm,125,20
K3MgZn2(GaO3)6_id3262_E-3.66.cif,K3MgZn2(GaO3)6,-3.6613,1.931,Semiconductor,P-3,147,30
Ba4GaAs4_id2450_E-3.66.cif,Ba4GaAs4,-3.6593,0.529,Semiconductor,P3_121,152,27
Sn4Sb9_id3020_E-3.66.cif,Sn4Sb9,-3.6591,0.0,Metal,Pban,50,26
BeZnSi4_id2976_E-3.66.cif,BeZnSi4,-3.659,0.0,Metal,I422,97,12
AsP33_id2795_E-3.66.cif,AsP33,-3.6585,0.0,Metal,P-31m,162,34
Si8B_id176_E-3.66.cif,Si8B,-3.6566,0.114,Semiconductor,Pm,6,18
LiMgSc6AlZn2Cd2Te2P2Se3S_id2243_E-3.66.cif,LiMgSc6AlZn2Cd2Te2P2Se3S,-3.6558,0.0,Metal,P1,1,84
Mg2BeSe2(SO)2_id165_E-3.66.cif,Mg2BeSe2(SO)2,-3.6551,1.271,Semiconductor,P1,1,36
Na2Al2AsS12_id3167_E-3.65.cif,Na2Al2AsS12,-3.6538,0.0,Metal,P-42m,111,17
MgSiB2PSeS14N_id1393_E-3.65.cif,MgSiB2PSeS14N,-3.6533,1.289,Semiconductor,P1,1,21
SrAl2Ga(Si2B)4_id3328_E-3.65.cif,SrAl2Ga(Si2B)4,-3.6527,0.353,Semiconductor,Pm,6,64
K2NaIn3Si3SnGe3AsP3_id2891_E-3.65.cif,K2NaIn3Si3SnGe3AsP3,-3.6516,0.451,Semiconductor,P3,143,17
KAlSn3(Se2S)2_id177_E-3.65.cif,KAlSn3(Se2S)2,-3.6503,0.0,Metal,Ima2,46,44
Be(AlSi)2_id3201_E-3.65.cif,Be(AlSi)2,-3.6496,0.0,Metal,Aea2,41,40
NaCaMgZn2CdGaCS2N5O6_id1027_E-3.65.cif,NaCaMgZn2CdGaCS2N5O6,-3.6478,2.244,Semiconductor,P1,1,63
K3CaO5_id1735_E-3.65.cif,K3CaO5,-3.6467,1.115,Semiconductor,P-3m1,164,9
Ba4Sr2Li2Ga2As2Se2S2N7O12_id208_E-3.64.cif,Ba4Sr2Li2Ga2As2Se2S2N7O12,-3.644,1.805,Semiconductor,P1,1,70
CaMgSn6_id1872_E-3.64.cif,CaMgSn6,-3.6415,0.0,Metal,Fm-3m,225,32
BaMgSn6_id422_E-3.64.cif,BaMgSn6,-3.6415,0.0,Metal,Fm-3m,225,32
K3As(SeS)3_id632_E-3.64.cif,K3As(SeS)3,-3.6407,0.252,Semiconductor,R-3,148,60
Ba4NaGa4Sn4Ge2C4O37_id1959_E-3.64.cif,Ba4NaGa4Sn4Ge2C4O37,-3.6378,3.581,Insulator,Pc,7,112
AlSnTe3PS_id3173_E-3.64.cif,AlSnTe3PS,-3.6377,1.201,Semiconductor,Pca2_1,29,28
K5Na3InS(NO2)2_id72_E-3.64.cif,K5Na3InS(NO2)2,-3.6371,2.969,Semiconductor,P2_1/m,11,32
Ba6PO_id2529_E-3.63.cif,Ba6PO,-3.6328,0.0,Metal,P6_422,181,24
LiIn3S4_id455_E-3.63.cif,LiIn3S4,-3.6306,0.023,Metal,Pm-3m,221,8
CaO6_id1740_E-3.63.cif,CaO6,-3.6294,0.097,Semiconductor,P1,1,7
Na2O_id794_E-3.63.cif,Na2O,-3.6288,0.072,Semiconductor,Pbca,61,12
LiP_id2995_E-3.63.cif,LiP,-3.6286,2.003,Semiconductor,P1,1,32
Sb_id2144_E-3.63.cif,Sb,-3.6261,0.0,Metal,I2_12_12_1,24,28
O2_id10_E-3.63.cif,O2,-3.6254,0.957,Semiconductor,Pba2,32,10
K6NaSbTeO6_id980_E-3.62.cif,K6NaSbTeO6,-3.6244,0.709,Semiconductor,P-31c,163,30
Sc3(AlGa2)2_id1442_E-3.62.cif,Sc3(AlGa2)2,-3.6222,2.615,Semiconductor,Amm2,38,18
B2C6N2O_id2082_E-3.62.cif,B2C6N2O,-3.6153,0.583,Semiconductor,P1,1,22
NaZn2GaO4_id2281_E-3.61.cif,NaZn2GaO4,-3.6134,0.785,Semiconductor,P4/mmm,123,16
KNa2GaS6_id679_E-3.61.cif,KNa2GaS6,-3.6131,2.44,Semiconductor,Cmme,67,40
KMgS2O3_id583_E-3.61.cif,KMgS2O3,-3.611,0.508,Semiconductor,R32,155,21
MgCd3P4(SO)4_id795_E-3.61.cif,MgCd3P4(SO)4,-3.6101,2.495,Semiconductor,P-43m,215,16
Zn2SnO9_id1384_E-3.61.cif,Zn2SnO9,-3.6082,1.186,Semiconductor,P1,1,24
KLiO8_id1130_E-3.60.cif,KLiO8,-3.605,1.627,Semiconductor,P4/nbm,125,20
TiBeZn2(GaGe)2_id1898_E-3.60.cif,TiBeZn2(GaGe)2,-3.6029,0.0,Metal,P6_422,181,24
NaLiMg2TiAsPSO13_id2356_E-3.60.cif,NaLiMg2TiAsPSO13,-3.601,0.569,Semiconductor,P2_1/c,14,84
Li2SeS2_id1596_E-3.60.cif,Li2SeS2,-3.5981,1.648,Semiconductor,P4_32_12,96,20
Ca2Sc2C7(N2O)2_id1113_E-3.60.cif,Ca2Sc2C7(N2O)2,-3.597,0.317,Semiconductor,P1,1,68
KNaB2N3O14_id3027_E-3.60.cif,KNaB2N3O14,-3.595,2.022,Semiconductor,P1,1,63
Na3MgN2_id1621_E-3.58.cif,Na3MgN2,-3.5843,0.515,Semiconductor,Pn-3m,224,12
Ba9Sr4Mg4In4Ga4Sn4(SO2)4_id1245_E-3.58.cif,Ba9Sr4Mg4In4Ga4Sn4(SO2)4,-3.5826,0.0,Metal,P4_2/n,86,82
KNaLi4ZnGa3O11_id2040_E-3.58.cif,KNaLi4ZnGa3O11,-3.5791,0.853,Semiconductor,Pna2_1,33,84
Ga2Sn5_id2291_E-3.58.cif,Ga2Sn5,-3.578,0.0,Metal,I-42d,122,28
Na2Mg5Cd2Si(PO4)6_id1004_E-3.58.cif,Na2Mg5Cd2Si(PO4)6,-3.5776,2.116,Semiconductor,Pnc2,30,80
Ba2Sc4SnTe5_id1466_E-3.58.cif,Ba2Sc4SnTe5,-3.5766,1.71,Semiconductor,Pbam,55,24
Na2LiS4_id1767_E-3.57.cif,Na2LiS4,-3.5728,0.163,Semiconductor,Pban,50,14
Zn2Si7_id2194_E-3.57.cif,Zn2Si7,-3.5725,0.0,Metal,C222,21,18
Al2GaBO_id400_E-3.57.cif,Al2GaBO,-3.5721,0.0,Metal,P-4c2,116,20
Na(SbAs)2_id2733_E-3.57.cif,Na(SbAs)2,-3.5703,0.0,Metal,I4/mcm,140,20
PSe2_id543_E-3.57.cif,PSe2,-3.5698,1.003,Semiconductor,Aea2,41,24
K3Ge(Se4S3)2_id3235_E-3.57.cif,K3Ge(Se4S3)2,-3.5681,1.137,Semiconductor,P31m,157,18
KSn4(GeTe2)2_id1192_E-3.57.cif,KSn4(GeTe2)2,-3.5679,0.959,Semiconductor,I-42m,121,22
Sr2N8O17_id1446_E-3.57.cif,Sr2N8O17,-3.5657,0.177,Semiconductor,P1,1,54
NaLi6MgBeZn2Si3GeO4_id1096_E-3.57.cif,NaLi6MgBeZn2Si3GeO4,-3.5652,0.032,Metal,P1,1,76
Si13P4_id2701_E-3.56.cif,Si13P4,-3.5642,1.319,Semiconductor,P1,1,68
Na2LiMg2(SeS7)2_id3257_E-3.56.cif,Na2LiMg2(SeS7)2,-3.5616,1.946,Semiconductor,Cccm,66,84
Al6Ga3Sn4Ge_id71_E-3.56.cif,Al6Ga3Sn4Ge,-3.5615,1.926,Semiconductor,P6_322,182,28
CaSnTe4(Se4S)4_id2861_E-3.56.cif,CaSnTe4(Se4S)4,-3.5613,0.809,Semiconductor,P1,1,78
MgSb3_id2796_E-3.56.cif,MgSb3,-3.5608,0.0,Metal,Pm-3n,223,8
TiO2_id269_E-3.56.cif,TiO2,-3.5606,0.197,Semiconductor,I4/mmm,139,12
K2BaS8_id1103_E-3.56.cif,K2BaS8,-3.5604,2.478,Semiconductor,I422,97,22
GaSbTe_id1876_E-3.56.cif,GaSbTe,-3.5593,0.0,Metal,Pbca,61,24
KZn(GaAs3)2_id744_E-3.56.cif,KZn(GaAs3)2,-3.5573,0.169,Semiconductor,P321,150,10
LiCaTiAl_id2681_E-3.56.cif,LiCaTiAl,-3.5565,0.0,Metal,F-43m,216,16
Ba4Sr3(GeS)4_id845_E-3.56.cif,Ba4Sr3(GeS)4,-3.5562,2.323,Semiconductor,I-43m,217,30
Li2Be3PN2_id226_E-3.55.cif,Li2Be3PN2,-3.5534,2.362,Semiconductor,P2_1,4,32
KBaSn7_id1893_E-3.55.cif,KBaSn7,-3.5531,0.0,Metal,P312,149,9
Mg3Sc13In4_id647_E-3.55.cif,Mg3Sc13In4,-3.5531,0.0,Metal,Cmm2,35,40
CdInSb3O2_id58_E-3.55.cif,CdInSb3O2,-3.5513,0.862,Semiconductor,P4/mmm,123,14
KO3_id2911_E-3.55.cif,KO3,-3.5494,0.458,Semiconductor,Cmmm,65,16
KLi3Mg2Ti4Be4P2C2S2N_id1544_E-3.55.cif,KLi3Mg2Ti4Be4P2C2S2N,-3.5454,1.253,Semiconductor,P1,1,84
Ba(AlS)2_id1912_E-3.54.cif,Ba(AlS)2,-3.5429,2.553,Semiconductor,Pn-3m,224,10
BaGe2TeO2_id30_E-3.54.cif,BaGe2TeO2,-3.5362,0.0,Metal,P-6m2,187,6
K2LiSc(NO14)2_id2190_E-3.53.cif,K2LiSc(NO14)2,-3.5344,1.331,Semiconductor,P1,1,68
Ti2Be3Al2B_id2512_E-3.53.cif,Ti2Be3Al2B,-3.5344,1.712,Semiconductor,P6_422,181,24
Cd3CO10_id128_E-3.53.cif,Cd3CO10,-3.5334,2.574,Semiconductor,R32,155,42
LiSi_id1614_E-3.53.cif,LiSi,-3.533,0.014,Metal,P4/mmm,123,8
Sc2SeS_id3199_E-3.53.cif,Sc2SeS,-3.5329,0.0,Metal,P1,1,12
MgS2_id2809_E-3.53.cif,MgS2,-3.5315,0.663,Semiconductor,P4/nnc,126,24
Al_id512_E-3.53.cif,Al,-3.5271,0.0,Metal,Pm-3,200,7
AlSb_id2436_E-3.53.cif,AlSb,-3.5267,0.0,Metal,P4_32_12,96,8
MgSe_id2056_E-3.53.cif,MgSe,-3.5263,1.108,Semiconductor,P4/m,83,8
NaLiGe2Te(Se2S)2_id2517_E-3.52.cif,NaLiGe2Te(Se2S)2,-3.5244,3.099,Semiconductor,Pm,6,22
GaSe2_id2870_E-3.52.cif,GaSe2,-3.524,0.0,Metal,Pbcn,60,12
Ba4Na16Ca8Ge4As4P8(C3O4)3_id1355_E-3.52.cif,Ba4Na16Ca8Ge4As4P8(C3O4)3,-3.5237,0.965,Semiconductor,P4cc,103,130
CdGaGeBC3SNO_id1873_E-3.52.cif,CdGaGeBC3SNO,-3.5176,0.0,Metal,P1,1,40
K5Ca4Mg4ZnSiB4S4(N3O8)4_id178_E-3.52.cif,K5Ca4Mg4ZnSiB4S4(N3O8)4,-3.5174,1.198,Semiconductor,P1,1,134
Zn2Ga2Si2Ge7_id142_E-3.52.cif,Zn2Ga2Si2Ge7,-3.5167,0.851,Semiconductor,P2,3,52
CaAlZnCdO17_id2358_E-3.52.cif,CaAlZnCdO17,-3.5164,0.768,Semiconductor,Pc,7,42
O2_id424_E-3.52.cif,O2,-3.5163,1.122,Semiconductor,Pba2,32,18
Al3Ga2Si_id2110_E-3.52.cif,Al3Ga2Si,-3.5152,0.0,Metal,I-4m2,119,24
NaN_id2930_E-3.51.cif,NaN,-3.5136,1.706,Semiconductor,P4_2bc,106,16
SeS_id1988_E-3.51.cif,SeS,-3.5115,0.149,Semiconductor,P4/m,83,8
Ti2ZnGa2_id823_E-3.51.cif,Ti2ZnGa2,-3.5102,0.0,Metal,P4_2/mnm,136,10
Li36AsO21_id1663_E-3.51.cif,Li36AsO21,-3.5079,0.02,Metal,P1,1,58
Se_id719_E-3.51.cif,Se,-3.5075,0.0,Metal,P4/m,83,4
NaLiMg2CdSbSe4S2O9_id1270_E-3.51.cif,NaLiMg2CdSbSe4S2O9,-3.5072,0.867,Semiconductor,P1,1,84
Te3Se_id485_E-3.51.cif,Te3Se,-3.5069,0.386,Semiconductor,P3_212,153,12
NaSiGe2_id1422_E-3.51.cif,NaSiGe2,-3.5064,0.566,Semiconductor,P4_2bc,106,32
LiO7_id1710_E-3.50.cif,LiO7,-3.5041,1.891,Semiconductor,R3m,160,24
K2Na4Li2Ge4AsO4_id2568_E-3.50.cif,K2Na4Li2Ge4AsO4,-3.5041,1.917,Semiconductor,P42_12,90,34
ZnSnTe4(SeO)2_id3263_E-3.50.cif,ZnSnTe4(SeO)2,-3.5038,0.0,Metal,Cm,8,40
CaInAsSeS2_id705_E-3.50.cif,CaInAsSeS2,-3.5013,1.309,Semiconductor,P4/nmm,129,12
Al2GaSn_id3105_E-3.50.cif,Al2GaSn,-3.5003,0.0,Metal,I-42d,122,16
Sc4TiAl4Ga4Si_id2710_E-3.50.cif,Sc4TiAl4Ga4Si,-3.4976,0.0,Metal,P42_12,90,28
SbTe4_id3228_E-3.50.cif,SbTe4,-3.4957,0.014,Metal,P4nc,104,10
K2BeAl2CdGaGe3SbTeAsSe3S4O_id1902_E-3.49.cif,K2BeAl2CdGaGe3SbTeAsSe3S4O,-3.4934,1.195,Semiconductor,P3_1,144,63
MgAl6Si_id969_E-3.49.cif,MgAl6Si,-3.4933,0.169,Semiconductor,I4mm,107,16
LiSn4_id626_E-3.49.cif,LiSn4,-3.4927,0.0,Metal,Ccce,68,20
Sb2Te3As_id514_E-3.49.cif,Sb2Te3As,-3.4907,0.515,Semiconductor,C2/m,12,12
KLiMgAl2SnO15_id2827_E-3.49.cif,KLiMgAl2SnO15,-3.4893,0.693,Semiconductor,Pc,7,42
ZnTeS2_id2018_E-3.49.cif,ZnTeS2,-3.4888,1.167,Semiconductor,P2_1,4,8
ScGeBS18_id146_E-3.49.cif,ScGeBS18,-3.4885,1.648,Semiconductor,P1,1,21
Ba2Li4CdGaSbO12_id973_E-3.49.cif,Ba2Li4CdGaSbO12,-3.4854,4.453,Insulator,P4,75,21
Mg4Sc2Al_id189_E-3.48.cif,Mg4Sc2Al,-3.485,0.022,Metal,F-43m,216,28
LiSiBO18_id666_E-3.48.cif,LiSiBO18,-3.4815,0.0,Metal,P1,1,42
K2BaPN_id2413_E-3.48.cif,K2BaPN,-3.4812,0.0,Metal,P6_3/mmc,194,10
Sc4AlIn4_id3150_E-3.48.cif,Sc4AlIn4,-3.4805,0.0,Metal,P-42_1c,114,18
Na2Li4ScAl2Zn2Cd4Sn(AsO9)2_id987_E-3.48.cif,Na2Li4ScAl2Zn2Cd4Sn(AsO9)2,-3.4796,1.212,Semiconductor,P1,1,72
KLi2Be2O12_id1986_E-3.48.cif,KLi2Be2O12,-3.4796,4.207,Insulator,P1,1,17
KSr2Sn(PO7)2_id1412_E-3.48.cif,KSr2Sn(PO7)2,-3.4789,1.385,Semiconductor,P2_1/c,14,40
Li4N3O_id1459_E-3.48.cif,Li4N3O,-3.4783,0.001,Metal,Pban,50,16
KLi2GaAs4_id2637_E-3.48.cif,KLi2GaAs4,-3.4763,0.0,Metal,I422,97,16
K3BaLi3Se4_id1153_E-3.48.cif,K3BaLi3Se4,-3.4751,1.932,Semiconductor,Pm-3n,223,22
K12Ca6MgGa3SbP6(S2O11)3_id2164_E-3.47.cif,K12Ca6MgGa3SbP6(S2O11)3,-3.4736,2.349,Semiconductor,P6_322,182,136
BaLiAl2(TeO34)2_id227_E-3.47.cif,BaLiAl2(TeO34)2,-3.4717,1.678,Semiconductor,P1,1,74
SrIn7SbAs3P3Se2S9N7O2_id1154_E-3.47.cif,SrIn7SbAs3P3Se2S9N7O2,-3.4686,0.022,Metal,P1,1,35
K2Na2SrO36_id433_E-3.47.cif,K2Na2SrO36,-3.4679,1.163,Semiconductor,P1,1,82
LiMgScTiZn3GeSbAsSeO4_id1077_E-3.46.cif,LiMgScTiZn3GeSbAsSeO4,-3.4639,0.195,Semiconductor,P1,1,30
MgS_id2898_E-3.46.cif,MgS,-3.4616,1.545,Semiconductor,Pm,6,2
Ga12SnGe6_id3226_E-3.46.cif,Ga12SnGe6,-3.4614,0.0,Metal,Im-3,204,38
Ca5Sn2AsP2_id2855_E-3.46.cif,Ca5Sn2AsP2,-3.4585,0.0,Metal,I4_1/a,88,40
Li9Ga12Si4B(SeS2)12_id1777_E-3.46.cif,Li9Ga12Si4B(SeS2)12,-3.4577,2.55,Semiconductor,I432,211,124
Li5AsO2_id1533_E-3.45.cif,Li5AsO2,-3.4549,2.776,Semiconductor,C222,21,16
KNaAsS17_id1470_E-3.45.cif,KNaAsS17,-3.4527,0.746,Semiconductor,P1,1,80
KLiInGaTe2O9_id3109_E-3.45.cif,KLiInGaTe2O9,-3.4526,3.178,Semiconductor,P1,1,60
O2_id235_E-3.45.cif,O2,-3.4524,5.051,Insulator,P4_2/mcm,132,8
Ba2CaTi2AlGaB2P6O23_id1360_E-3.45.cif,Ba2CaTi2AlGaB2P6O23,-3.4517,0.978,Semiconductor,Pnc2,30,76
KGeP_id524_E-3.45.cif,KGeP,-3.4514,0.0,Metal,P-6m2,187,3
Ba2Si2Ge4O_id1344_E-3.45.cif,Ba2Si2Ge4O,-3.4503,0.16,Semiconductor,Pmma,51,18
Li5S6_id2423_E-3.45.cif,Li5S6,-3.4498,2.352,Semiconductor,P-42_1m,113,22
BaCaIn2Sb3_id2083_E-3.45.cif,BaCaIn2Sb3,-3.4495,0.0,Metal,P3,143,7
InSiS19_id120_E-3.45.cif,InSiS19,-3.4487,1.896,Semiconductor,P1,1,21
SnAs4Se3_id601_E-3.45.cif,SnAs4Se3,-3.4482,1.168,Semiconductor,I-42d,122,32
CdS2N_id1854_E-3.45.cif,CdS2N,-3.4465,1.938,Semiconductor,Pca2_1,29,16
LiZnO2_id1251_E-3.44.cif,LiZnO2,-3.4425,2.669,Semiconductor,Cmc2_1,36,32
Sb_id2359_E-3.44.cif,Sb,-3.4408,0.222,Semiconductor,P1,1,20
Ba3ScGaB2TeNO11_id2645_E-3.44.cif,Ba3ScGaB2TeNO11,-3.4368,0.0,Metal,P1,1,60
MgAl4In3N_id196_E-3.43.cif,MgAl4In3N,-3.4313,0.0,Metal,P4/mmm,123,9
ScCd4O24_id3213_E-3.43.cif,ScCd4O24,-3.4292,2.751,Semiconductor,P1,1,29
TeAs2(Se10S)2_id373_E-3.43.cif,TeAs2(Se10S)2,-3.428,0.0,Metal,Pba2,32,50
SnSb2TeSe6_id166_E-3.43.cif,SnSb2TeSe6,-3.4276,0.022,Metal,P321,150,10
BaGaSnSbTeAs11P4S_id721_E-3.43.cif,BaGaSnSbTeAs11P4S,-3.4271,0.746,Semiconductor,Pca2_1,29,84
SrTiC2_id2125_E-3.42.cif,SrTiC2,-3.4242,0.818,Semiconductor,I4_1/amd,141,16
K(Sr2C)2_id614_E-3.42.cif,K(Sr2C)2,-3.4234,0.0,Metal,I4_1md,109,28
Li3Sc3Sn_id1009_E-3.42.cif,Li3Sc3Sn,-3.4233,0.0,Metal,P6_3/m,176,14
KNaGeO3_id1266_E-3.42.cif,KNaGeO3,-3.4228,1.75,Semiconductor,P6_3mc,186,12
LiAlSbS6_id1042_E-3.42.cif,LiAlSbS6,-3.4198,2.979,Semiconductor,Cmme,67,36
InTe_id551_E-3.42.cif,InTe,-3.4176,0.0,Metal,Aea2,41,16
Be18B7_id1083_E-3.42.cif,Be18B7,-3.4166,0.0,Metal,P6_322,182,50
Li4Sb4As2S_id2163_E-3.42.cif,Li4Sb4As2S,-3.4162,0.286,Semiconductor,P6_2,171,33
Se_id1935_E-3.41.cif,Se,-3.4138,0.0,Metal,Pc,7,14
LiSiBC2N3O13_id3188_E-3.41.cif,LiSiBC2N3O13,-3.4104,2.667,Semiconductor,P3_2,145,63
KSnSb_id152_E-3.41.cif,KSnSb,-3.4098,4.111,Insulator,P4_32_12,96,12
LiTeSe_id2297_E-3.41.cif,LiTeSe,-3.4087,0.888,Semiconductor,P4_32_12,96,24
MgAlTe2SeS_id3052_E-3.40.cif,MgAlTe2SeS,-3.4048,2.816,Semiconductor,P-42_1m,113,24
Cd5In3Te4Se12(SO)4_id129_E-3.40.cif,Cd5In3Te4Se12(SO)4,-3.4039,1.195,Semiconductor,P-42c,112,64
K4Si2PO2_id1158_E-3.40.cif,K4Si2PO2,-3.4027,1.388,Semiconductor,P-42m,111,9
Ti2O45_id2832_E-3.40.cif,Ti2O45,-3.4021,2.068,Semiconductor,P4/n,85,94
Mg3Te2(SeS6)2_id498_E-3.40.cif,Mg3Te2(SeS6)2,-3.4008,1.567,Semiconductor,P-42_1m,113,38
CdSb2AsPSe(SO2)2_id860_E-3.40.cif,CdSb2AsPSe(SO2)2,-3.4007,2.798,Semiconductor,P1,1,48
InSn3_id266_E-3.40.cif,InSn3,-3.3996,0.0,Metal,I-42d,122,16
NaMg2InSe4_id1258_E-3.40.cif,NaMg2InSe4,-3.3983,1.768,Semiconductor,I-42d,122,32
Li5MgCdGaP(NO5)2_id868_E-3.40.cif,Li5MgCdGaP(NO5)2,-3.3976,1.882,Semiconductor,Pma2,28,42
K2SiS2_id3180_E-3.40.cif,K2SiS2,-3.3956,0.0,Metal,P-42_1m,113,10
Al4Ga_id1636_E-3.40.cif,Al4Ga,-3.3954,0.0,Metal,P4mm,99,10
Sc_id1002_E-3.39.cif,Sc,-3.3946,0.062,Semiconductor,Cc,9,14
ScIn2_id1299_E-3.39.cif,ScIn2,-3.3902,0.0,Metal,Pmn2_1,31,6
Ca4Al(TeSe2)3_id1662_E-3.39.cif,Ca4Al(TeSe2)3,-3.3859,0.311,Semiconductor,Im-3m,229,28
InGaSeS4O3_id2977_E-3.39.cif,InGaSeS4O3,-3.3857,3.486,Semiconductor,P1,1,40
Mg3Sn3Sb4_id1370_E-3.38.cif,Mg3Sn3Sb4,-3.383,0.0,Metal,I-43d,220,40
GeSe3O2_id686_E-3.38.cif,GeSe3O2,-3.3824,0.786,Semiconductor,Pbam,55,12
O2_id3077_E-3.38.cif,O2,-3.3812,1.613,Semiconductor,P4/nmm,129,14
Li3ScAs_id1624_E-3.38.cif,Li3ScAs,-3.3811,0.254,Semiconductor,Pm-3m,221,5
Se_id429_E-3.38.cif,Se,-3.3768,0.0,Metal,Pbca,61,8
NaTeSe_id2087_E-3.38.cif,NaTeSe,-3.3768,0.82,Semiconductor,Aea2,41,24
TiBeZnSiSb2O15_id2466_E-3.38.cif,TiBeZnSiSb2O15,-3.3762,0.059,Semiconductor,Pc,7,42
BaSc2Ga4Sb4Te10(SeS2)4_id530_E-3.38.cif,BaSc2Ga4Sb4Te10(SeS2)4,-3.375,0.022,Metal,P4_2/m,84,66
Ba5Ca3O3_id1315_E-3.37.cif,Ba5Ca3O3,-3.3716,0.015,Metal,Pm-3n,223,22
K2SO_id3176_E-3.37.cif,K2SO,-3.3703,0.0,Metal,P6_122,178,24
Ba3Na3Sr3In2SiSn2Te4AsP3Se3(N7O)3_id2021_E-3.37.cif,Ba3Na3Sr3In2SiSn2Te4AsP3Se3(N7O)3,-3.3682,1.367,Semiconductor,P3,143,98
Na2SrSi(Te2Se)2_id1084_E-3.37.cif,Na2SrSi(Te2Se)2,-3.3654,0.451,Semiconductor,P-42_1m,113,20
SnGe_id2732_E-3.36.cif,SnGe,-3.3639,0.0,Metal,P6mm,183,6
CdSn4Sb_id48_E-3.36.cif,CdSn4Sb,-3.3636,0.0,Metal,Immm,71,12
Zn2CdSeS13_id1615_E-3.36.cif,Zn2CdSeS13,-3.3631,0.0,Metal,P1,1,68
Li3Sb2Te2As3(SeS)4_id2879_E-3.36.cif,Li3Sb2Te2As3(SeS)4,-3.3622,1.455,Semiconductor,Pnn2,34,36
LiScSi2B_id1887_E-3.36.cif,LiScSi2B,-3.357,0.003,Metal,I4_1md,109,20
In2As_id910_E-3.35.cif,In2As,-3.3548,0.0,Metal,P4_332,212,12
BeGaSi_id3303_E-3.35.cif,BeGaSi,-3.3538,0.002,Metal,P4_2/mmc,131,6
Ca2Si2Sn7Ge2_id2229_E-3.35.cif,Ca2Si2Sn7Ge2,-3.3536,0.0,Metal,P2/c,13,26
BaNa2Mg2ScIn2O2_id529_E-3.35.cif,BaNa2Mg2ScIn2O2,-3.3529,3.11,Semiconductor,P-3m1,164,10
Li3SnSb3Te_id2852_E-3.35.cif,Li3SnSb3Te,-3.3525,0.032,Metal,Pm-3m,221,8
K3BaLiCa3Te8_id2572_E-3.35.cif,K3BaLiCa3Te8,-3.3524,0.0,Metal,R-3m,166,48
As_id3029_E-3.35.cif,As,-3.3464,0.0,Metal,I2_12_12_1,24,28
K2Ba18NaLi18Ca6Mg2Sc6Be2Al6InTe2C6(NO3)6_id1650_E-3.35.cif,K2Ba18NaLi18Ca6Mg2Sc6Be2Al6InTe2C6(NO3)6,-3.3459,0.0,Metal,P321,150,94
BaSrCa2AlAsPO3_id1619_E-3.34.cif,BaSrCa2AlAsPO3,-3.3441,4.287,Insulator,P1,1,40
K3Na6In4(GaO4)6_id1996_E-3.34.cif,K3Na6In4(GaO4)6,-3.3424,2.278,Semiconductor,Pn-3n,222,86
Ga4GeSb_id602_E-3.34.cif,Ga4GeSb,-3.3406,0.0,Metal,I4_1/a,88,24
KLi4CaSb(AsO)2_id2457_E-3.34.cif,KLi4CaSb(AsO)2,-3.337,1.286,Semiconductor,I222,23,22
TeSe_id2784_E-3.34.cif,TeSe,-3.3362,0.974,Semiconductor,Pbca,61,16
Te18Se25_id2623_E-3.33.cif,Te18Se25,-3.3334,0.0,Metal,I23,197,86
Al_id2230_E-3.33.cif,Al,-3.3332,0.0,Metal,Pa-3,205,12
Mg4ScCdBTe2C2Se2N5_id3373_E-3.33.cif,Mg4ScCdBTe2C2Se2N5,-3.3301,0.717,Semiconductor,Cm,8,36
K4Sr3Be6Cd3B3Te3As3C12Se3S6(N4O)3_id2716_E-3.33.cif,K4Sr3Be6Cd3B3Te3As3C12Se3S6(N4O)3,-3.3297,1.56,Semiconductor,P1,1,122
B_id886_E-3.33.cif,B,-3.3274,0.167,Semiconductor,P1,1,16
AlSi2As2P3_id2469_E-3.33.cif,AlSi2As2P3,-3.3264,0.023,Metal,P4/mmm,123,8
MgSc2_id162_E-3.33.cif,MgSc2,-3.3258,0.327,Semiconductor,P1,1,18
LiSi_id3037_E-3.32.cif,LiSi,-3.325,0.0,Metal,C2/c,15,32
Li7B(AsO2)2_id1838_E-3.32.cif,Li7B(AsO2)2,-3.3249,2.911,Semiconductor,P-42_1m,113,28
MgSnS_id2241_E-3.32.cif,MgSnS,-3.3234,0.217,Semiconductor,P2_1,4,6
Ba2Cd4In2Ge2Te2As2P4S18O_id1973_E-3.32.cif,Ba2Cd4In2Ge2Te2As2P4S18O,-3.3223,0.49,Semiconductor,P1,1,111
Li8Sc2Zn3In3(NO2)3_id533_E-3.32.cif,Li8Sc2Zn3In3(NO2)3,-3.3212,0.0,Metal,P31m,157,25
As2S3O5_id3360_E-3.32.cif,As2S3O5,-3.3212,0.0,Metal,P1,1,40
Li2Mg6Ti9Sb6(Te2Se)9_id1272_E-3.32.cif,Li2Mg6Ti9Sb6(Te2Se)9,-3.3209,1.015,Semiconductor,P6cc,184,100
KGaTe6_id3315_E-3.32.cif,KGaTe6,-3.3208,0.0,Metal,P-31c,163,16
BaAl3_id801_E-3.32.cif,BaAl3,-3.3188,0.0,Metal,P3m1,156,8
Li4Ge(TeS10)4_id1023_E-3.32.cif,Li4Ge(TeS10)4,-3.3165,4.072,Insulator,P1,1,49
MgGa3Sn4_id47_E-3.32.cif,MgGa3Sn4,-3.316,0.0,Metal,Im-3m,229,16
Te_id1910_E-3.31.cif,Te,-3.315,0.002,Metal,Im-3m,229,20
CaSi_id2029_E-3.31.cif,CaSi,-3.3147,0.017,Metal,P3m1,156,4
KAlZn2O6_id2493_E-3.31.cif,KAlZn2O6,-3.3142,2.225,Semiconductor,P321,150,10
Ba2LiS2O3_id3099_E-3.31.cif,Ba2LiS2O3,-3.3134,0.508,Semiconductor,P6_222,180,24
K2Zn3GaGe2(SO3)2_id2384_E-3.31.cif,K2Zn3GaGe2(SO3)2,-3.3132,0.433,Semiconductor,P-42_1m,113,32
Sr2Li2Ga3O2_id828_E-3.31.cif,Sr2Li2Ga3O2,-3.3109,0.115,Semiconductor,P4_2mc,105,18
K2Mg6Zn6Cd12Ge(BO4)6_id944_E-3.31.cif,K2Mg6Zn6Cd12Ge(BO4)6,-3.3098,1.707,Semiconductor,P-3c1,165,114
Ga2Si2AsSe3S2_id3092_E-3.31.cif,Ga2Si2AsSe3S2,-3.3091,3.074,Semiconductor,Cmmm,65,20
As_id366_E-3.31.cif,As,-3.3087,0.059,Semiconductor,I2_12_12_1,24,28
Mg2Sc11Cd3InGaO3_id470_E-3.31.cif,Mg2Sc11Cd3InGaO3,-3.3086,0.0,Metal,Cm,8,42
K2BaTe2(SeS4)2_id1006_E-3.31.cif,K2BaTe2(SeS4)2,-3.308,0.0,Metal,Cccm,66,60
Li4MgAlIn3Sn2Te8As2Se12S6(NO5)4_id2290_E-3.31.cif,Li4MgAlIn3Sn2Te8As2Se12S6(NO5)4,-3.3078,2.121,Semiconductor,P-4,81,63
KInTe4_id3117_E-3.31.cif,KInTe4,-3.3069,0.121,Semiconductor,I-42d,122,24
KGa2B2P3O4_id1323_E-3.31.cif,KGa2B2P3O4,-3.3067,4.188,Insulator,Immm,71,24
MgGaP_id693_E-3.31.cif,MgGaP,-3.3065,0.288,Semiconductor,P4/nmm,129,6
BaNaIn2(TeO31)2_id929_E-3.30.cif,BaNaIn2(TeO31)2,-3.3022,3.509,Insulator,P-3,147,68
Li6Ti3Ga2_id766_E-3.30.cif,Li6Ti3Ga2,-3.3019,0.478,Semiconductor,P-31c,163,22
ZnSnSb2_id2151_E-3.30.cif,ZnSnSb2,-3.3016,0.0,Metal,P3m1,156,8
InSiGe_id1143_E-3.30.cif,InSiGe,-3.3,0.0,Metal,P4_132,213,24
BaSr2Ti4SbN_id214_E-3.30.cif,BaSr2Ti4SbN,-3.3,0.0,Metal,I4/mcm,140,36
Na2LiInN2O33_id2674_E-3.30.cif,Na2LiInN2O33,-3.299,0.13,Semiconductor,P4_2,77,78
CaZnO_id1556_E-3.30.cif,CaZnO,-3.2972,0.0,Metal,P4/nmm,129,6
ScTiZn9BO9_id2454_E-3.30.cif,ScTiZn9BO9,-3.2963,1.272,Semiconductor,P1,1,21
KTi4Be3Al3Zn2GaSiSbPO4_id89_E-3.30.cif,KTi4Be3Al3Zn2GaSiSbPO4,-3.2955,1.305,Semiconductor,P1,1,126
KInO8_id2210_E-3.29.cif,KInO8,-3.2949,1.288,Semiconductor,I4_1/a,88,40
Li3Mg2Zn2CdSnB2Te3SeS2NO3_id1076_E-3.29.cif,Li3Mg2Zn2CdSnB2Te3SeS2NO3,-3.2941,0.276,Semiconductor,P1,1,84
SrGa(SiO3)2_id1687_E-3.29.cif,SrGa(SiO3)2,-3.289,1.236,Semiconductor,P-3m1,164,10
AlCdInSeS_id1425_E-3.29.cif,AlCdInSeS,-3.2889,0.824,Semiconductor,Aea2,41,40
LiAl4InGe_id3046_E-3.28.cif,LiAl4InGe,-3.2833,0.0,Metal,I4/mcm,140,28
CaSc(InGa3)2_id779_E-3.28.cif,CaSc(InGa3)2,-3.282,0.0,Metal,P4_132,213,40
BaSrZn2(PO49)2_id3361_E-3.28.cif,BaSrZn2(PO49)2,-3.2791,2.496,Semiconductor,P-3,147,104
MgSi_id1449_E-3.28.cif,MgSi,-3.2783,0.396,Semiconductor,I4_1/amd,141,8
Li2CaSb4(AsS)4_id2066_E-3.28.cif,Li2CaSb4(AsS)4,-3.2781,0.041,Metal,P1,1,30
Na2Li3MgZnInGaAsPO7_id302_E-3.28.cif,Na2Li3MgZnInGaAsPO7,-3.278,2.777,Semiconductor,P1,1,36
Ca3S_id147_E-3.27.cif,Ca3S,-3.2745,0.0,Metal,P4mm,99,4
K11Li2Al2Cd4In2Ga(SO8)2_id1545_E-3.27.cif,K11Li2Al2Cd4In2Ga(SO8)2,-3.2741,2.895,Semiconductor,P1,1,80
Al_id282_E-3.27.cif,Al,-3.2716,0.0,Metal,Pmma,51,8
Na4LiIn2GaGeTe4AsSeSO5_id2221_E-3.27.cif,Na4LiIn2GaGeTe4AsSeSO5,-3.2701,1.723,Semiconductor,Cc,9,84
Ge2SbAs_id3290_E-3.27.cif,Ge2SbAs,-3.2671,0.0,Metal,P4/mmm,123,4
Li5ScGa4O9_id805_E-3.26.cif,Li5ScGa4O9,-3.2649,1.977,Semiconductor,Pm,6,38
AlGa_id209_E-3.26.cif,AlGa,-3.2641,0.0,Metal,P-43n,218,48
LiBeSiGe2_id2361_E-3.26.cif,LiBeSiGe2,-3.2609,0.47,Semiconductor,Pccm,49,10
Li2GeO2_id482_E-3.26.cif,Li2GeO2,-3.2606,0.264,Semiconductor,Pm,6,20
InSb_id930_E-3.26.cif,InSb,-3.259,0.0,Metal,Aea2,41,16
K2Zn5O4_id3334_E-3.26.cif,K2Zn5O4,-3.2574,0.318,Semiconductor,I4/m,87,22
ZnInTe2Se3_id300_E-3.26.cif,ZnInTe2Se3,-3.2566,0.19,Semiconductor,Pm,6,7
Li2MgAl(Se3S2)4_id452_E-3.26.cif,Li2MgAl(Se3S2)4,-3.2556,0.334,Semiconductor,P1,1,48
Li3Te2_id2900_E-3.26.cif,Li3Te2,-3.2551,1.138,Semiconductor,P-42_1m,113,10
Si2PSeS_id2583_E-3.25.cif,Si2PSeS,-3.2527,1.973,Semiconductor,P2/m,10,5
Na10SrCa4O36_id3130_E-3.25.cif,Na10SrCa4O36,-3.2515,0.0,Metal,P1,1,51
ScTiGa2Ge2TeSeO2_id1562_E-3.25.cif,ScTiGa2Ge2TeSeO2,-3.2511,0.412,Semiconductor,Cm,8,20
Sn_id2098_E-3.25.cif,Sn,-3.2492,0.07,Semiconductor,P4/mmm,123,7
Na3Li6CaMg3Zn3Ga2(SnO4)3_id656_E-3.25.cif,Na3Li6CaMg3Zn3Ga2(SnO4)3,-3.2483,2.344,Semiconductor,P1,1,33
Mg(GaGe)2_id612_E-3.25.cif,Mg(GaGe)2,-3.2474,2.085,Semiconductor,P4_332,212,20
BeGa6Si_id2633_E-3.24.cif,BeGa6Si,-3.2414,0.0,Metal,P6_322,182,16
KMgAlCdInTe5SeS9O_id2349_E-3.24.cif,KMgAlCdInTe5SeS9O,-3.2412,1.607,Semiconductor,P1,1,84
LiCaZnCdGaPO15_id96_E-3.24.cif,LiCaZnCdGaPO15,-3.2401,0.58,Semiconductor,Pna2_1,33,84
Ba3Ti3Ga8Si_id2478_E-3.24.cif,Ba3Ti3Ga8Si,-3.2369,0.509,Semiconductor,P-62m,189,15
K2CaAl2Si2GeB2(N2O5)2_id2128_E-3.24.cif,K2CaAl2Si2GeB2(N2O5)2,-3.2361,7.76,Insulator,P1,1,72
SrAl2_id2437_E-3.23.cif,SrAl2,-3.2334,0.0,Metal,P6/mmm,191,3
KInTe4(Se3S2)3_id804_E-3.23.cif,KInTe4(Se3S2)3,-3.2322,1.611,Semiconductor,P1,1,84
K2Ca(Sc2Ge)2_id2860_E-3.23.cif,K2Ca(Sc2Ge)2,-3.2319,0.0,Metal,P2/c,13,18
Si4SnGe4_id2626_E-3.23.cif,Si4SnGe4,-3.2311,0.0,Metal,P-42_1c,114,18
N2_id884_E-3.23.cif,N2,-3.2309,0.192,Semiconductor,P6_3/mmc,194,4
Li2Ge3_id1032_E-3.23.cif,Li2Ge3,-3.2271,0.0,Metal,P4_132,213,20
MgGaSe3S2O_id2398_E-3.23.cif,MgGaSe3S2O,-3.2263,0.628,Semiconductor,Cm,8,8
Na2Te2As4Se3(SO)2_id710_E-3.23.cif,Na2Te2As4Se3(SO)2,-3.2252,2.626,Semiconductor,P1,1,30
Sr4LiGe3_id939_E-3.22.cif,Sr4LiGe3,-3.225,0.0,Metal,Im-3m,229,16
KBaLi2InSe2S8O_id3194_E-3.22.cif,KBaLi2InSe2S8O,-3.2224,1.977,Semiconductor,Cm,8,48
ZnSe2_id1555_E-3.22.cif,ZnSe2,-3.2218,0.338,Semiconductor,Pnnn,48,12
Na3GaSn19_id818_E-3.22.cif,Na3GaSn19,-3.2206,0.0,Metal,Pm-3,200,23
Ga2Sn_id3339_E-3.22.cif,Ga2Sn,-3.2204,0.0,Metal,I4mm,107,12
Na2Al2Si2BO14_id3264_E-3.22.cif,Na2Al2Si2BO14,-3.2176,3.66,Insulator,Pcca,54,84
KLiGa2Te2As2Se8S2(NO)2_id1530_E-3.22.cif,KLiGa2Te2As2Se8S2(NO)2,-3.2172,1.165,Semiconductor,Pcca,54,88
LiSe2S5_id2735_E-3.22.cif,LiSe2S5,-3.2169,0.0,Metal,P4/nmm,129,16
NaIn3Te28_id1019_E-3.22.cif,NaIn3Te28,-3.2165,2.453,Semiconductor,I4/m,87,64
LiMgSnSbO10_id1497_E-3.22.cif,LiMgSnSbO10,-3.2153,0.0,Metal,Pmmn,59,28
K2GaP2O_id1668_E-3.22.cif,K2GaP2O,-3.2152,0.448,Semiconductor,Pcc2,27,24
Sn(GeS)2_id2983_E-3.21.cif,Sn(GeS)2,-3.2108,0.361,Semiconductor,P1,1,20
Sn3Ge2Sb8(As13P)2_id1275_E-3.21.cif,Sn3Ge2Sb8(As13P)2,-3.2102,0.0,Metal,P-4c2,116,82
Li3SbO4_id1432_E-3.21.cif,Li3SbO4,-3.2093,0.0,Metal,P4/mmm,123,16
BaGa3SiSn3(NO)3_id836_E-3.20.cif,BaGa3SiSn3(NO)3,-3.2041,0.0,Metal,P1,1,56
KSn2Ge(Te2O)2_id86_E-3.20.cif,KSn2Ge(Te2O)2,-3.2039,0.0,Metal,I4_1/a,88,40
SrBeGaSi2SnBSbAsP6C_id702_E-3.20.cif,SrBeGaSi2SnBSbAsP6C,-3.2028,0.002,Metal,Aem2,39,64
Cd2Ga2Si3O31_id18_E-3.20.cif,Cd2Ga2Si3O31,-3.2013,3.585,Insulator,P31m,157,38
K7BaNa(GeO2)4_id646_E-3.20.cif,K7BaNa(GeO2)4,-3.2003,1.82,Semiconductor,P1,1,42
K2LiScTi4Al3Zn4CdSnSeS2O_id892_E-3.20.cif,K2LiScTi4Al3Zn4CdSnSeS2O,-3.1986,3.481,Semiconductor,Pm,6,84
Mg2Si2Ge2O_id2327_E-3.20.cif,Mg2Si2Ge2O,-3.1985,0.0,Metal,I4_1/amd,141,56
SbAs17P3_id1921_E-3.19.cif,SbAs17P3,-3.1945,0.738,Semiconductor,P1,1,84
K2Na2Li12ScCd2Te2P2Se2S8(NO)4_id1906_E-3.19.cif,K2Na2Li12ScCd2Te2P2Se2S8(NO)4,-3.1942,1.414,Semiconductor,P1,1,82
LiZn2TeSe4S4O_id3203_E-3.19.cif,LiZn2TeSe4S4O,-3.1929,1.564,Semiconductor,Cc,9,52
Na3LiCa3CdSe7S4O9_id2122_E-3.19.cif,Na3LiCa3CdSe7S4O9,-3.1928,1.765,Semiconductor,R3m,160,84
Ge_id535_E-3.19.cif,Ge,-3.1927,0.111,Semiconductor,P4_132,213,32
Sr4Li2(SbO4)3_id139_E-3.19.cif,Sr4Li2(SbO4)3,-3.1917,0.0,Metal,P6/mmm,191,21
Al2GaSi2_id2919_E-3.19.cif,Al2GaSi2,-3.1917,0.0,Metal,P4_122,91,20
Al_id2100_E-3.19.cif,Al,-3.1913,0.0,Metal,P4_2/m,84,20
As_id243_E-3.19.cif,As,-3.1859,0.416,Semiconductor,P2_12_12,18,10
MgCdGaBSbTe3PCSe4S5NO_id1803_E-3.18.cif,MgCdGaBSbTe3PCSe4S5NO,-3.1843,1.838,Semiconductor,P1,1,84
Ge6Te3As3Se7_id899_E-3.18.cif,Ge6Te3As3Se7,-3.1842,1.378,Semiconductor,P1,1,114
K2Be3Si2PC3_id2685_E-3.18.cif,K2Be3Si2PC3,-3.1815,0.208,Semiconductor,P1,1,33
K6Li13Sc6Ti12ZnSn6Te6As6(NO23)2_id534_E-3.18.cif,K6Li13Sc6Ti12ZnSn6Te6As6(NO23)2,-3.181,1.601,Semiconductor,P321,150,104
Al(GaTe4)2_id2485_E-3.18.cif,Al(GaTe4)2,-3.1794,3.157,Semiconductor,P-42m,111,11
N2_id2595_E-3.17.cif,N2,-3.1725,1.779,Semiconductor,I-43m,217,8
Li4Mg3Zn2Cd4Ga2P10S4(N2O)4_id1407_E-3.17.cif,Li4Mg3Zn2Cd4Ga2P10S4(N2O)4,-3.1708,3.213,Semiconductor,P4_2,77,82
LiTe3_id928_E-3.17.cif,LiTe3,-3.1697,0.0,Metal,Ia-3d,230,128
NaAlCdSn2TeP2_id850_E-3.17.cif,NaAlCdSn2TeP2,-3.1688,0.471,Semiconductor,Pca2_1,29,32
Li3ZnO_id2129_E-3.17.cif,Li3ZnO,-3.1675,0.992,Semiconductor,P1,1,10
BeAl2Ga3Si2Ge_id384_E-3.17.cif,BeAl2Ga3Si2Ge,-3.166,0.13,Semiconductor,P4_2/m,84,18
CaTiSn6_id273_E-3.17.cif,CaTiSn6,-3.1656,0.0,Metal,Pm-3m,221,8
Sr3Li4Be4Ga4Ge4(PO7)4_id3316_E-3.17.cif,Sr3Li4Be4Ga4Ge4(PO7)4,-3.1656,4.309,Insulator,P1,1,102
K2ZnSn(SeS2)6_id346_E-3.16.cif,K2ZnSn(SeS2)6,-3.1645,0.076,Semiconductor,P1,1,44
Cd3SnSbSe4_id2593_E-3.16.cif,Cd3SnSbSe4,-3.1637,0.0,Metal,P-43m,215,9
Al3Ga_id720_E-3.16.cif,Al3Ga,-3.1597,0.0,Metal,Pmmn,59,8
NaGa2(AsP2)2_id3258_E-3.16.cif,NaGa2(AsP2)2,-3.1596,0.448,Semiconductor,P1,1,36
Te_id950_E-3.16.cif,Te,-3.1595,0.067,Semiconductor,P4_2/ncm,138,16
K3Ba4Cd4P12(SO)12_id1240_E-3.16.cif,K3Ba4Cd4P12(SO)12,-3.1591,0.0,Metal,P432,207,94
Li8AlGaGe32_id846_E-3.16.cif,Li8AlGaGe32,-3.1562,0.052,Semiconductor,P4/mcc,124,84
Li5Be2ZnGeBP2S2N5O2_id2925_E-3.15.cif,Li5Be2ZnGeBP2S2N5O2,-3.1509,0.0,Metal,P2_1/m,11,42
Te_id2661_E-3.15.cif,Te,-3.1475,0.0,Metal,P4/m,83,8
Al14In_id1805_E-3.15.cif,Al14In,-3.1461,0.44,Semiconductor,C2/c,15,60
Na2Sr2Li2Mg3Ti2Al2In2Sn3As4(PO8)2_id2133_E-3.15.cif,Na2Sr2Li2Mg3Ti2Al2In2Sn3As4(PO8)2,-3.1455,0.98,Semiconductor,Pnc2,30,80
CaGa4_id3191_E-3.15.cif,CaGa4,-3.1453,0.0,Metal,P4_2/nmc,137,10
LiSi_id1500_E-3.14.cif,LiSi,-3.142,0.0,Metal,P222,16,8
Te_id1882_E-3.14.cif,Te,-3.1392,0.038,Metal,Pbca,61,8
Ti4AlZn2CdTe8Se8(S2O)4_id1850_E-3.14.cif,Ti4AlZn2CdTe8Se8(S2O)4,-3.1383,3.448,Semiconductor,P1,1,72
N2_id1985_E-3.14.cif,N2,-3.1368,1.889,Semiconductor,Pn-3m,224,64
Te_id1871_E-3.13.cif,Te,-3.1346,0.0,Metal,Pm-3m,221,12
C(SO9)2_id435_E-3.13.cif,C(SO9)2,-3.1345,1.491,Semiconductor,Pm,6,42
KSc2Al2(SnO11)2_id2553_E-3.13.cif,KSc2Al2(SnO11)2,-3.1329,0.0,Metal,P1,1,58
K2BaZnBO6_id554_E-3.13.cif,K2BaZnBO6,-3.1318,0.0,Metal,P-42_1m,113,22
K2Sc9Zn4_id1835_E-3.13.cif,K2Sc9Zn4,-3.1317,0.0,Metal,P-1,2,15
Te_id613_E-3.13.cif,Te,-3.1305,0.004,Metal,P4/m,83,8
Te_id596_E-3.13.cif,Te,-3.1303,0.637,Semiconductor,P432,207,36
KNa2Li9SnPO6_id2731_E-3.13.cif,KNa2Li9SnPO6,-3.1301,0.932,Semiconductor,C2,5,80
LiSi2_id423_E-3.13.cif,LiSi2,-3.1298,0.0,Metal,Cmme,67,12
TiPO8_id3377_E-3.13.cif,TiPO8,-3.1288,0.314,Semiconductor,P2,3,20
Ge(B2N)2_id731_E-3.13.cif,Ge(B2N)2,-3.1257,0.057,Semiconductor,I4/m,87,14
MgAlCdIn4GaSn2Te3AsSe3S3O_id3206_E-3.13.cif,MgAlCdIn4GaSn2Te3AsSe3S3O,-3.1255,0.0,Metal,P1,1,42
Te_id1403_E-3.13.cif,Te,-3.1253,0.494,Semiconductor,P6/mmm,191,4
Li7(GaSe2)6_id2598_E-3.12.cif,Li7(GaSe2)6,-3.1246,0.0,Metal,Pn-3n,222,100
SrAl2Zn2CdInGaSi2P4SO22_id1903_E-3.12.cif,SrAl2Zn2CdInGaSi2P4SO22,-3.1243,2.043,Semiconductor,Pnc2,30,74
Ga_id714_E-3.12.cif,Ga,-3.124,0.0,Metal,C222_1,20,16
CdPS_id1747_E-3.12.cif,CdPS,-3.1238,0.823,Semiconductor,P4/nmm,129,12
N2_id918_E-3.12.cif,N2,-3.1231,2.238,Semiconductor,I4_1/amd,141,4
Ga2Ge3_id2786_E-3.12.cif,Ga2Ge3,-3.1227,0.0,Metal,P4/mmm,123,5
LiCd2InTe8Se6S2N_id160_E-3.12.cif,LiCd2InTe8Se6S2N,-3.1227,3.008,Semiconductor,P1,1,84
BaScAlGa2SiB3CO11_id1771_E-3.12.cif,BaScAlGa2SiB3CO11,-3.1219,0.0,Metal,Cm,8,42
NaMgSc3TiGaGeTe_id549_E-3.12.cif,NaMgSc3TiGaGeTe,-3.1213,0.066,Semiconductor,P4_3,78,36
LiTi2(GaO5)2_id2181_E-3.12.cif,LiTi2(GaO5)2,-3.119,2.054,Semiconductor,C222_1,20,60
Te_id1082_E-3.12.cif,Te,-3.1172,0.0,Metal,I4/mcm,140,8
Mg3ScAl2_id1886_E-3.11.cif,Mg3ScAl2,-3.1145,0.0,Metal,P6/mmm,191,6
LiBeCdS2NO15_id2547_E-3.11.cif,LiBeCdS2NO15,-3.1144,2.198,Semiconductor,Pna2_1,33,84
Ba2LiAlInO4_id3086_E-3.11.cif,Ba2LiAlInO4,-3.1099,0.0,Metal,Pmmn,59,18
GaTe12As_id2894_E-3.11.cif,GaTe12As,-3.1096,0.0,Metal,P4bm,100,28
KSn3_id284_E-3.11.cif,KSn3,-3.1096,0.0,Metal,Cmce,64,32
Na2In2Sn3Sb2_id2631_E-3.11.cif,Na2In2Sn3Sb2,-3.1086,0.009,Metal,P4_2bc,106,36
CaInSn_id1181_E-3.11.cif,CaInSn,-3.1054,0.0,Metal,F-43m,216,12
Li4GeB2(SbAs)2_id3269_E-3.10.cif,Li4GeB2(SbAs)2,-3.1023,3.05,Semiconductor,P4_2mc,105,22
LiTe_id522_E-3.10.cif,LiTe,-3.1002,0.324,Semiconductor,Pbca,61,16
LiSO11_id1792_E-3.10.cif,LiSO11,-3.1,1.133,Semiconductor,P1,1,26
Na2In4Ga2SbTe4(SeS)2_id1783_E-3.10.cif,Na2In4Ga2SbTe4(SeS)2,-3.0996,0.0,Metal,Pbcn,60,68
Si_id570_E-3.10.cif,Si,-3.0995,0.235,Semiconductor,Pm,6,32
Li28BAsO8_id2539_E-3.10.cif,Li28BAsO8,-3.097,3.337,Semiconductor,Pm,6,76
Na3Li2Zn2Cd4Ga4SnTe2(AsO9)2_id2587_E-3.10.cif,Na3Li2Zn2Cd4Ga4SnTe2(AsO9)2,-3.0966,2.698,Semiconductor,P2,3,76
Mg2Te3_id1358_E-3.10.cif,Mg2Te3,-3.0951,0.0,Metal,P4_2/nnm,134,20
LiCa2O2_id2177_E-3.09.cif,LiCa2O2,-3.0943,3.425,Semiconductor,Ia-3,206,40
K2Na7B6(S7O10)6_id1620_E-3.09.cif,K2Na7B6(S7O10)6,-3.0938,2.516,Semiconductor,P-3,147,117
K2Ga2SnSe3_id2456_E-3.09.cif,K2Ga2SnSe3,-3.0934,1.059,Semiconductor,Pbam,55,16
KAl6InSb_id773_E-3.09.cif,KAl6InSb,-3.0926,0.0,Metal,P312,149,9
Ba4SrAlGa3Ge5Sb2AsP(NO)2_id1024_E-3.09.cif,Ba4SrAlGa3Ge5Sb2AsP(NO)2,-3.0919,1.418,Semiconductor,P1,1,66
Li4Sc3CS2_id2750_E-3.09.cif,Li4Sc3CS2,-3.0916,0.003,Metal,Immm,71,20
Mg4AlS3_id1511_E-3.09.cif,Mg4AlS3,-3.087,1.649,Semiconductor,P6_3,173,16
K8NaAs28_id2839_E-3.09.cif,K8NaAs28,-3.0867,0.0,Metal,P4/mcc,124,74
ScZnCdIn2GaSn3SbTeAsP3C_id1657_E-3.09.cif,ScZnCdIn2GaSn3SbTeAsP3C,-3.0858,0.0,Metal,P1,1,96
AlGa_id1722_E-3.09.cif,AlGa,-3.0858,0.0,Metal,P4/mmm,123,8
BaSrCdSbS2_id236_E-3.08.cif,BaSrCdSbS2,-3.0837,0.0,Metal,Cmme,67,24
BeAl3Ga8_id3241_E-3.08.cif,BeAl3Ga8,-3.0837,0.0,Metal,I422,97,24
Ti3Zn5O2_id2831_E-3.08.cif,Ti3Zn5O2,-3.0821,0.148,Semiconductor,Pm,6,30
In5Se2_id99_E-3.08.cif,In5Se2,-3.081,0.0,Metal,I4/mmm,139,28
Be_id1320_E-3.08.cif,Be,-3.0795,0.0,Metal,P4_132,213,20
K2Ba2Na2Sr2Li2In2GaSn2Te6(SeS)2_id2588_E-3.08.cif,K2Ba2Na2Sr2Li2In2GaSn2Te6(SeS)2,-3.078,0.008,Metal,P2_1/c,14,50
Na2Se_id2010_E-3.07.cif,Na2Se,-3.0744,0.067,Semiconductor,I4/m,87,24
NaLiCa3Ti6ZnInGa3_id1860_E-3.07.cif,NaLiCa3Ti6ZnInGa3,-3.0737,0.0,Metal,P-6m2,187,16
Te_id1914_E-3.07.cif,Te,-3.073,0.0,Metal,I4/mcm,140,8
Li5O8_id967_E-3.07.cif,Li5O8,-3.0715,0.934,Semiconductor,P1,1,39
TiAl2Zn_id1801_E-3.07.cif,TiAl2Zn,-3.0708,0.0,Metal,P4/mmm,123,8
MgSnSb_id1252_E-3.07.cif,MgSnSb,-3.0687,3.345,Semiconductor,P2_12_12_1,19,12
Zn2In2GaSe5S2_id523_E-3.07.cif,Zn2In2GaSe5S2,-3.0685,1.83,Semiconductor,Pm,6,24
Na6SrLiIn3SiGeO3_id2907_E-3.07.cif,Na6SrLiIn3SiGeO3,-3.0684,3.177,Semiconductor,P1,1,48
LiCaSn_id2726_E-3.07.cif,LiCaSn,-3.0675,0.0,Metal,P-6m2,187,3
K2Ti2Al2ZnGa3(SnGe3)2_id475_E-3.07.cif,K2Ti2Al2ZnGa3(SnGe3)2,-3.0657,0.0,Metal,Fddd,70,144
LiGa4Si_id117_E-3.06.cif,LiGa4Si,-3.0648,0.0,Metal,Cmcm,63,24
Li7Ca3(SiAs)3_id330_E-3.06.cif,Li7Ca3(SiAs)3,-3.063,1.304,Semiconductor,P31m,157,16
KIn(TeO3)4_id2069_E-3.06.cif,KIn(TeO3)4,-3.0618,1.844,Semiconductor,P4/nbm,125,36
K2LiTi6Zn4Cd2(GaO4)2_id2589_E-3.06.cif,K2LiTi6Zn4Cd2(GaO4)2,-3.0603,0.854,Semiconductor,P1,1,25
BaNa3SrAl2O3_id1550_E-3.06.cif,BaNa3SrAl2O3,-3.0603,0.2,Semiconductor,R3m,160,30
K2Na2Mg2AlCd2Se8S17_id3183_E-3.06.cif,K2Na2Mg2AlCd2Se8S17,-3.0582,1.866,Semiconductor,P1,1,68
Mg(GaSn)3_id2476_E-3.05.cif,Mg(GaSn)3,-3.0536,0.0,Metal,Pm-3n,223,14
Na4Sr2CaSbNO3_id2273_E-3.05.cif,Na4Sr2CaSbNO3,-3.0496,2.081,Semiconductor,P1,1,24
Li6Zn2Ga3Sn2Te14Se5(S3O)2_id1678_E-3.05.cif,Li6Zn2Ga3Sn2Te14Se5(S3O)2,-3.049,1.548,Semiconductor,Pm,6,80
SrGa4_id164_E-3.05.cif,SrGa4,-3.0459,0.0,Metal,P4_2/nmc,137,10
BaLi8TiTe4_id2544_E-3.05.cif,BaLi8TiTe4,-3.0457,0.781,Semiconductor,I222,23,28
BeZnCdGaTe3CSe2S5(NO2)2_id156_E-3.04.cif,BeZnCdGaTe3CSe2S5(NO2)2,-3.0449,1.293,Semiconductor,Cc,9,84
Li3MgTi3Zn2Sn3_id2247_E-3.04.cif,Li3MgTi3Zn2Sn3,-3.0409,0.0,Metal,I2_12_12_1,24,48
Al9Ga2_id2773_E-3.04.cif,Al9Ga2,-3.0407,2.439,Semiconductor,P1,1,44
K2Li2Be2Al2As2P2CSO_id989_E-3.04.cif,K2Li2Be2Al2As2P2CSO,-3.0357,0.053,Semiconductor,P1,1,60
KNaTi6AlZn6_id1617_E-3.04.cif,KNaTi6AlZn6,-3.0356,0.0,Metal,P312,149,15
KGaSeS2_id279_E-3.04.cif,KGaSeS2,-3.0356,1.867,Semiconductor,P6_522,179,30
Sr2Ti6As(S6O)2_id2360_E-3.03.cif,Sr2Ti6As(S6O)2,-3.0332,0.388,Semiconductor,Pa-3,205,92
InAs_id1352_E-3.03.cif,InAs,-3.0322,1.756,Semiconductor,P4/mmm,123,16
Ge2Te2As_id1839_E-3.03.cif,Ge2Te2As,-3.0313,0.0,Metal,P2/m,10,5
In4SnTe3_id2013_E-3.03.cif,In4SnTe3,-3.0261,0.0,Metal,I-42d,122,32
Na3O11_id1296_E-3.02.cif,Na3O11,-3.0203,3.842,Insulator,P1,1,14
Ga4Sn_id2565_E-3.02.cif,Ga4Sn,-3.0198,0.0,Metal,Pma2,28,10
BaCa2CdN_id1761_E-3.02.cif,BaCa2CdN,-3.0198,0.011,Metal,Pmm2,25,5
KCd2Te4As_id29_E-3.02.cif,KCd2Te4As,-3.0174,1.07,Semiconductor,I-42m,121,16
LiAl2ZnGa2GeAs_id2647_E-3.02.cif,LiAl2ZnGa2GeAs,-3.0173,0.0,Metal,P6_1,169,48
AsO21_id1604_E-3.01.cif,AsO21,-3.011,0.256,Semiconductor,P4bm,100,44
Be2ZnBN2O_id521_E-3.01.cif,Be2ZnBN2O,-3.0107,2.262,Semiconductor,P4_12_12,92,28
Ti2Al3Zn7B3C2O3_id241_E-3.01.cif,Ti2Al3Zn7B3C2O3,-3.0103,0.016,Metal,R3m,160,60
KNaMg3InGaSnTe2Se2S5NO3_id252_E-3.01.cif,KNaMg3InGaSnTe2Se2S5NO3,-3.0089,1.421,Semiconductor,P1,1,84
Ba7Ca2N20_id1129_E-3.01.cif,Ba7Ca2N20,-3.0086,1.944,Semiconductor,P1,1,29
Al5ZnGe_id1495_E-3.01.cif,Al5ZnGe,-3.006,0.0,Metal,I-4m2,119,14
Ga_id592_E-3.01.cif,Ga,-3.0053,0.0,Metal,Pbca,61,8
Li4Al2ZnSiB2_id431_E-3.00.cif,Li4Al2ZnSiB2,-3.0034,0.0,Metal,P-1,2,40
Na3In2O3_id2481_E-3.00.cif,Na3In2O3,-3.0008,0.0,Metal,P6_3/mcm,193,16
LiGaSnGe2TeAs10Se4S13_id927_E-3.00.cif,LiGaSnGe2TeAs10Se4S13,-2.9995,3.245,Semiconductor,P1,1,66
GaSb5_id2388_E-3.00.cif,GaSb5,-2.9968,0.307,Semiconductor,P2_12_12_1,19,24
Li11Cd(SiO)2_id2718_E-2.99.cif,Li11Cd(SiO)2,-2.9925,0.0,Metal,Cmmm,65,32
Ga_id3287_E-2.99.cif,Ga,-2.9909,0.0,Metal,I4/mmm,139,20
SrLi4Si2(TeAs)2_id2429_E-2.99.cif,SrLi4Si2(TeAs)2,-2.9888,0.118,Semiconductor,P4_122,91,44
KMg5Cd3O3_id3298_E-2.99.cif,KMg5Cd3O3,-2.986,3.628,Insulator,P1,1,24
Li5Zn3(GaO)3_id2199_E-2.98.cif,Li5Zn3(GaO)3,-2.9838,0.0,Metal,Cc,9,28
Li3CaAsO4_id271_E-2.98.cif,Li3CaAsO4,-2.9823,3.559,Insulator,Pmna,53,18
Mg2Zn6Si2As2O3_id2044_E-2.98.cif,Mg2Zn6Si2As2O3,-2.9817,0.017,Metal,P321,150,15
KSc_id2443_E-2.98.cif,KSc,-2.9817,0.0,Metal,Cmce,64,16
KNa2Cd4As3S4_id135_E-2.98.cif,KNa2Cd4As3S4,-2.9796,1.83,Semiconductor,I222,23,28
LiAl2_id1695_E-2.98.cif,LiAl2,-2.9784,0.0,Metal,I4/mmm,139,12
K5Sc6Sn(TeO43)2_id1923_E-2.98.cif,K5Sc6Sn(TeO43)2,-2.9775,0.271,Semiconductor,P-3,147,100
Li4MgBe2ZnIn3SiS6_id402_E-2.98.cif,Li4MgBe2ZnIn3SiS6,-2.9771,2.193,Semiconductor,P2,3,72
In5Sn2_id1634_E-2.98.cif,In5Sn2,-2.9767,0.0,Metal,Pmma,51,14
Ga_id3285_E-2.98.cif,Ga,-2.9762,0.0,Metal,Fm-3m,225,4
Ba5SiSnO2_id2256_E-2.98.cif,Ba5SiSnO2,-2.976,0.0,Metal,P-4n2,118,18
Li2B_id3333_E-2.98.cif,Li2B,-2.9758,0.0,Metal,P6_422,181,9
NaLiAlSe4S_id2874_E-2.97.cif,NaLiAlSe4S,-2.9727,0.0,Metal,P4/mmm,123,32
LiInSn3_id983_E-2.97.cif,LiInSn3,-2.9726,0.0,Metal,P-4m2,115,10
Ba3Ca2TiB3TePN9O_id1892_E-2.97.cif,Ba3Ca2TiB3TePN9O,-2.9719,0.005,Metal,Pc,7,84
InO20_id2609_E-2.97.cif,InO20,-2.9719,0.643,Semiconductor,P1,1,21
MgZnGa2S13_id1157_E-2.97.cif,MgZnGa2S13,-2.9702,2.716,Semiconductor,Cmc2_1,36,68
K2GaSnAs_id2172_E-2.97.cif,K2GaSnAs,-2.9684,0.654,Semiconductor,P2/c,13,20
MgAl16O_id3254_E-2.97.cif,MgAl16O,-2.9652,0.0,Metal,Pm,6,72
LiSc_id2483_E-2.96.cif,LiSc,-2.9603,0.0,Metal,F-43m,216,8
CaMgGa8Si2Sn20Ge7_id1118_E-2.96.cif,CaMgGa8Si2Sn20Ge7,-2.9571,0.0,Metal,P2_12_12,18,78
Mg2Se5_id619_E-2.96.cif,Mg2Se5,-2.9567,0.0,Metal,Pcca,54,28
Na7Ca2Zn2CdTe4P2(Se2O9)2_id74_E-2.95.cif,Na7Ca2Zn2CdTe4P2(Se2O9)2,-2.9533,1.56,Semiconductor,Pm,6,80
Ca2MgC_id3335_E-2.95.cif,Ca2MgC,-2.9528,0.0,Metal,Fm-3m,225,16
Li2Mg4ScAlInGaSnSbTeAsCO6_id1489_E-2.95.cif,Li2Mg4ScAlInGaSnSbTeAsCO6,-2.9509,0.0,Metal,P3_2,145,63
LiGa6(SiAs)2_id1942_E-2.95.cif,LiGa6(SiAs)2,-2.9504,0.181,Semiconductor,P4/mnc,128,44
LiCaAlB2_id1661_E-2.95.cif,LiCaAlB2,-2.9494,0.0,Metal,Immm,71,10
ZnGaSiGe_id2264_E-2.95.cif,ZnGaSiGe,-2.9489,0.0,Metal,P-4n2,118,16
Al2In_id3152_E-2.95.cif,Al2In,-2.9475,0.0,Metal,Pma2,28,12
K3O4_id1676_E-2.95.cif,K3O4,-2.9466,3.312,Semiconductor,P-42_1m,113,14
Ca7S4_id3231_E-2.95.cif,Ca7S4,-2.9461,0.0,Metal,P4_22_12,94,22
O2_id501_E-2.94.cif,O2,-2.941,0.0,Metal,Pbca,61,8
KSO_id1294_E-2.94.cif,KSO,-2.9394,0.479,Semiconductor,P-3m1,164,6
Li7BeGaPSO10_id2530_E-2.94.cif,Li7BeGaPSO10,-2.9369,2.379,Semiconductor,Pna2_1,33,84
Li3Mg5Zn3In3Si6Sn3(GeSb)3_id93_E-2.94.cif,Li3Mg5Zn3In3Si6Sn3(GeSb)3,-2.9355,0.0,Metal,P3c1,158,58
SrGaSi3BP7S2(NO)3_id2341_E-2.93.cif,SrGaSi3BP7S2(NO)3,-2.933,0.042,Metal,Pm,6,84
Li4Be4Si5_id2074_E-2.93.cif,Li4Be4Si5,-2.9329,0.0,Metal,I2_12_12_1,24,52
Na2Li2Si2Ge_id1200_E-2.93.cif,Na2Li2Si2Ge,-2.9263,0.151,Semiconductor,Aea2,41,28
Li3Sc3ZnGa_id1332_E-2.92.cif,Li3Sc3ZnGa,-2.9241,0.0,Metal,P-6m2,187,8
K4Ba3Al2Te3S3O4_id1070_E-2.92.cif,K4Ba3Al2Te3S3O4,-2.9232,1.592,Semiconductor,P1,1,57
ScTi8Sn2Sb_id1346_E-2.92.cif,ScTi8Sn2Sb,-2.9226,0.786,Semiconductor,P1,1,24
SrLi3Ca2Ti2O7_id1207_E-2.92.cif,SrLi3Ca2Ti2O7,-2.9214,2.87,Semiconductor,P1,1,60
Ge(TeSe2)2_id1797_E-2.92.cif,Ge(TeSe2)2,-2.9205,0.902,Semiconductor,P4/mmm,123,14
Te_id2800_E-2.92.cif,Te,-2.9203,0.0,Metal,P4/m,83,4
LiAlGaSi4AsO13_id1739_E-2.92.cif,LiAlGaSi4AsO13,-2.9201,0.616,Semiconductor,Pc,7,42
Li2In2Sb_id976_E-2.92.cif,Li2In2Sb,-2.9163,0.0,Metal,Pbcn,60,20
Li3Mg2Cd3In3Te3(SeS)3_id2938_E-2.91.cif,Li3Mg2Cd3In3Te3(SeS)3,-2.9146,0.0,Metal,P31m,157,20
Ga_id2918_E-2.91.cif,Ga,-2.9133,0.0,Metal,Pmma,51,8
Li2Sc_id187_E-2.91.cif,Li2Sc,-2.9129,0.0,Metal,P2/m,10,6
Ba4Sb_id494_E-2.91.cif,Ba4Sb,-2.9105,0.167,Semiconductor,P4_2/nmc,137,10
In2SnSe_id2749_E-2.91.cif,In2SnSe,-2.9088,0.0,Metal,P4_2/ncm,138,16
KTe_id653_E-2.91.cif,KTe,-2.9074,0.868,Semiconductor,P23,195,24
Li6Mg2Al2Zn4Si2Sn2P2S(NO9)2_id2451_E-2.91.cif,Li6Mg2Al2Zn4Si2Sn2P2S(NO9)2,-2.9073,2.405,Semiconductor,P1,1,164
Li4Sn3Ge_id1911_E-2.91.cif,Li4Sn3Ge,-2.9066,0.0,Metal,Pm-3n,223,16
TiAl6(ZnGa)4_id3313_E-2.90.cif,TiAl6(ZnGa)4,-2.9046,0.0,Metal,I23,197,90
LiTiAlZnSiSbO15_id789_E-2.90.cif,LiTiAlZnSiSbO15,-2.9007,0.607,Semiconductor,Pc,7,42
Li16Ti3Al2Zn7(TeO5)2_id3307_E-2.90.cif,Li16Ti3Al2Zn7(TeO5)2,-2.9002,1.534,Semiconductor,P1,1,40
K2ScGe_id2706_E-2.90.cif,K2ScGe,-2.8993,0.0,Metal,Pbcn,60,16
LiCaGeAsO3_id961_E-2.90.cif,LiCaGeAsO3,-2.8993,0.354,Semiconductor,P2_1,4,42
KGa2As_id1975_E-2.90.cif,KGa2As,-2.8974,0.0,Metal,Immm,71,8
CaGe3C_id293_E-2.90.cif,CaGe3C,-2.8966,0.043,Metal,Pm-3m,221,5
LiBeSiBSe_id2397_E-2.90.cif,LiBeSiBSe,-2.8959,0.936,Semiconductor,P2_1,4,30
Li7Zn2O9_id15_E-2.89.cif,Li7Zn2O9,-2.8948,2.841,Semiconductor,Pm,6,18
MgTiAl4ZnCdInGaSnTe3Se6S_id2112_E-2.89.cif,MgTiAl4ZnCdInGaSnTe3Se6S,-2.8947,1.045,Semiconductor,Pm,6,84
Li2Mg3(SeS)2_id3006_E-2.89.cif,Li2Mg3(SeS)2,-2.8917,1.348,Semiconductor,Pcca,54,36
Li4Sc(AlGa2)2_id1743_E-2.89.cif,Li4Sc(AlGa2)2,-2.8871,0.0,Metal,P4cc,103,22
KLiSb5Te2As9PSe2_id1583_E-2.89.cif,KLiSb5Te2As9PSe2,-2.8862,0.818,Semiconductor,P1,1,84
KLiNO_id1464_E-2.89.cif,KLiNO,-2.8852,1.137,Semiconductor,P1,1,16
Ti3Be11ZnB6_id451_E-2.88.cif,Ti3Be11ZnB6,-2.8835,2.995,Semiconductor,Pm,6,84
NaMg2In2SnO2_id935_E-2.88.cif,NaMg2In2SnO2,-2.8835,0.0,Metal,P1,1,32
Mg3ZnCdGaTePSeS2_id3112_E-2.88.cif,Mg3ZnCdGaTePSeS2,-2.8833,0.829,Semiconductor,P1,1,44
K3Na2Li16ScIn2Te4P2(S3O2)2_id963_E-2.88.cif,K3Na2Li16ScIn2Te4P2(S3O2)2,-2.882,0.014,Metal,P1,1,80
KBaSrTeNO8_id203_E-2.88.cif,KBaSrTeNO8,-2.8813,3.366,Semiconductor,P2_1/m,11,26
Ba4Na8Cd4O9_id2036_E-2.88.cif,Ba4Na8Cd4O9,-2.8801,0.0,Metal,P4_2/nmc,137,50
Ti2O5_id1633_E-2.88.cif,Ti2O5,-2.8767,0.764,Semiconductor,P6mm,183,7
Ge_id2567_E-2.88.cif,Ge,-2.8763,0.21,Semiconductor,Cmcm,63,8
K7Li8Ca6Mg6Ti6In8SbAs6P24C6(S3O10)2_id70_E-2.87.cif,K7Li8Ca6Mg6Ti6In8SbAs6P24C6(S3O10)2,-2.8746,0.023,Metal,P321,150,104
Li2CaSn2Sb3As6(PS3)2_id2227_E-2.87.cif,Li2CaSn2Sb3As6(PS3)2,-2.874,0.053,Semiconductor,P1,1,44
NaCd3(SnSb)3_id220_E-2.87.cif,NaCd3(SnSb)3,-2.8718,0.0,Metal,P6_3/m,176,20
Na2Li14Cd4P2N2O17_id123_E-2.87.cif,Na2Li14Cd4P2N2O17,-2.8716,0.0,Metal,P1,1,164
Sc3Zn2_id1435_E-2.87.cif,Sc3Zn2,-2.8712,0.0,Metal,P4/mbm,127,20
CaIn3_id595_E-2.87.cif,CaIn3,-2.87,0.0,Metal,Fm-3m,225,16
KTe_id3362_E-2.87.cif,KTe,-2.8684,1.061,Semiconductor,P4_2/mmc,131,8
NaLiGaSb_id1439_E-2.86.cif,NaLiGaSb,-2.864,2.503,Semiconductor,P3m1,156,4
ZnCdO_id191_E-2.86.cif,ZnCdO,-2.8627,0.0,Metal,Cmme,67,12
K2NaLi4Cd4Sn4BO9_id1512_E-2.86.cif,K2NaLi4Cd4Sn4BO9,-2.8555,1.156,Semiconductor,P4,75,25
MgAl13_id2974_E-2.85.cif,MgAl13,-2.855,0.0,Metal,I-4m2,119,28
InSbTeSe_id1492_E-2.85.cif,InSbTeSe,-2.8549,0.009,Metal,P4_2/ncm,138,16
Ba2CdSn14(GeTe2)3_id1726_E-2.85.cif,Ba2CdSn14(GeTe2)3,-2.8538,0.597,Semiconductor,P2,3,78
K(ZnAs2)4_id577_E-2.85.cif,K(ZnAs2)4,-2.8532,0.0,Metal,P4_2/nmc,137,26
Ba9Na3In4O6_id3195_E-2.85.cif,Ba9Na3In4O6,-2.8486,0.0,Metal,P6_3/mcm,193,44
Na4SnTeSO13_id3304_E-2.85.cif,Na4SnTeSO13,-2.8457,2.145,Semiconductor,P-1,2,40
Na2Li4AlP2_id994_E-2.84.cif,Na2Li4AlP2,-2.8428,1.615,Semiconductor,I4/mmm,139,18
AlZnSn_id2778_E-2.84.cif,AlZnSn,-2.8406,0.0,Metal,Cmme,67,12
Ga_id879_E-2.84.cif,Ga,-2.8399,0.0,Metal,I4/mcm,140,8
Ca2InSn_id1707_E-2.84.cif,Ca2InSn,-2.839,0.0,Metal,P6_3/mmc,194,8
K2SbTe4_id752_E-2.84.cif,K2SbTe4,-2.8376,0.854,Semiconductor,Pccm,49,14
Li2Cd4Ge2Se2N2O25_id2951_E-2.84.cif,Li2Cd4Ge2Se2N2O25,-2.8359,2.62,Semiconductor,Pccn,56,148
LiTe_id1068_E-2.83.cif,LiTe,-2.8343,0.0,Metal,P4_2/mmc,131,16
In6Sn3Te12(Se5S8)2_id1114_E-2.83.cif,In6Sn3Te12(Se5S8)2,-2.834,1.304,Semiconductor,P3m1,156,47
AlZnSnSb_id1170_E-2.83.cif,AlZnSnSb,-2.8317,0.0,Metal,P4_32_12,96,16
O2_id1286_E-2.83.cif,O2,-2.8296,1.224,Semiconductor,Fm-3,202,96
Na9Te4SeS4_id536_E-2.83.cif,Na9Te4SeS4,-2.8258,1.723,Semiconductor,P4,75,36
Ca2MgSc_id2276_E-2.82.cif,Ca2MgSc,-2.8236,0.0,Metal,Fm-3m,225,16
BaSe20_id436_E-2.82.cif,BaSe20,-2.8211,2.738,Semiconductor,Cmc2_1,36,84
Mg4P5_id2975_E-2.82.cif,Mg4P5,-2.8208,0.017,Metal,I4/mmm,139,18
KBO32_id299_E-2.82.cif,KBO32,-2.8208,3.15,Semiconductor,Pm,6,68
Zn2NO5_id948_E-2.82.cif,Zn2NO5,-2.8202,0.0,Metal,P-4m2,115,16
KCa10Sc3(GeO)6_id2495_E-2.82.cif,KCa10Sc3(GeO)6,-2.8193,0.0,Metal,Im-3m,229,52
Al6ZnIn3_id2260_E-2.82.cif,Al6ZnIn3,-2.8183,0.0,Metal,P1,1,20
Ba4Sr3Li2ZnO6_id1878_E-2.82.cif,Ba4Sr3Li2ZnO6,-2.8163,4.479,Insulator,P1,1,32
Na3SrLiBe3Sn3Sb3TeSe3_id469_E-2.81.cif,Na3SrLiBe3Sn3Sb3TeSe3,-2.8141,1.34,Semiconductor,P1,1,18
Na2In2Sn2Ge2Te3Se4(SN)2_id3281_E-2.81.cif,Na2In2Sn2Ge2Te3Se4(SN)2,-2.8133,2.53,Semiconductor,P1,1,76
PS6_id2853_E-2.81.cif,PS6,-2.8082,2.196,Semiconductor,P4/mmm,123,7
K5BaMgSnGe2As7PSe4S17_id1610_E-2.81.cif,K5BaMgSnGe2As7PSe4S17,-2.8064,2.766,Semiconductor,P1,1,78
Cd2O_id2113_E-2.80.cif,Cd2O,-2.802,0.0,Metal,Pa-3,205,12
Li3MgScAs_id975_E-2.80.cif,Li3MgScAs,-2.7988,0.0,Metal,I-4m2,119,12
BeSi3_id2471_E-2.80.cif,BeSi3,-2.7979,0.0,Metal,I4mm,107,16
K2Li2Ga3(SO)6_id1135_E-2.80.cif,K2Li2Ga3(SO)6,-2.7964,2.51,Semiconductor,P2,3,38
Li4SiSn_id2906_E-2.79.cif,Li4SiSn,-2.7935,0.0,Metal,Cmcm,63,24
Li3Ge2(AsP)2_id1233_E-2.79.cif,Li3Ge2(AsP)2,-2.7933,0.069,Semiconductor,P1,1,18
K3LiMg2B3O47_id2148_E-2.79.cif,K3LiMg2B3O47,-2.7931,0.0,Metal,Pm,6,56
Ti(ZnGa)2_id3101_E-2.79.cif,Ti(ZnGa)2,-2.7927,0.0,Metal,P4_2/nmc,137,10
Ga_id1679_E-2.79.cif,Ga,-2.7916,0.0,Metal,Fd-3m,227,8
Li3Ga2Sn_id2993_E-2.79.cif,Li3Ga2Sn,-2.7913,0.0,Metal,P-4m2,115,6
KLiMgCd2(SeS)2_id2680_E-2.79.cif,KLiMgCd2(SeS)2,-2.7909,2.729,Semiconductor,P3_221,154,27
Mg4Ga2Ge3_id756_E-2.79.cif,Mg4Ga2Ge3,-2.7908,0.0,Metal,P-42m,111,9
MgTe_id1623_E-2.79.cif,MgTe,-2.7896,1.103,Semiconductor,Aea2,41,16
ZnGe_id1242_E-2.79.cif,ZnGe,-2.7855,0.0,Metal,I4_1/amd,141,8
Na4As3_id2026_E-2.78.cif,Na4As3,-2.7836,0.12,Semiconductor,I-43d,220,28
SiGe2BAsP3NO_id787_E-2.78.cif,SiGe2BAsP3NO,-2.7821,0.381,Semiconductor,P4_32_12,96,80
Ca(InSn18)2_id1383_E-2.78.cif,Ca(InSn18)2,-2.7789,0.533,Semiconductor,P2,3,78
NaSrTiBe2AlZnGaB_id81_E-2.77.cif,NaSrTiBe2AlZnGaB,-2.7748,1.55,Semiconductor,Pm,6,36
KO20_id1907_E-2.77.cif,KO20,-2.774,0.031,Metal,P2_1,4,42
Ga_id668_E-2.77.cif,Ga,-2.7735,0.0,Metal,I4/mmm,139,20
Mg2AlS_id1109_E-2.77.cif,Mg2AlS,-2.7721,0.0,Metal,Cmc2_1,36,32
Ba2NaSr2Cd3Sn2B2S2(N4O9)2_id1895_E-2.77.cif,Ba2NaSr2Cd3Sn2B2S2(N4O9)2,-2.7719,3.178,Semiconductor,P3_121,152,120
KLiSnSbO6_id943_E-2.77.cif,KLiSnSbO6,-2.7713,0.0,Metal,Cmmm,65,20
LiAlIn6_id1977_E-2.77.cif,LiAlIn6,-2.7691,0.0,Metal,Fm-3m,225,32
Na4Mg4In2Te4SeS9(NO2)2_id1712_E-2.77.cif,Na4Mg4In2Te4SeS9(NO2)2,-2.7676,2.294,Semiconductor,P1,1,60
LiZn2In2SbS2_id1589_E-2.76.cif,LiZn2In2SbS2,-2.7627,0.0,Metal,P4bm,100,16
LiZn2GaB_id751_E-2.76.cif,LiZn2GaB,-2.7619,0.0,Metal,P4/mmm,123,5
Zn2Te3_id1099_E-2.76.cif,Zn2Te3,-2.7617,0.0,Metal,P6/mmm,191,10
Li4As_id1356_E-2.76.cif,Li4As,-2.7612,0.879,Semiconductor,I-4m2,119,20
Li7MgTiO2_id260_E-2.76.cif,Li7MgTiO2,-2.761,3.623,Insulator,P-6c2,188,22
KBaSe_id3381_E-2.76.cif,KBaSe,-2.7592,2.037,Semiconductor,Immm,71,12
Al(In3Te4)2_id109_E-2.76.cif,Al(In3Te4)2,-2.7587,0.0,Metal,P2,3,60
Al2CdGa6Sn5_id1715_E-2.76.cif,Al2CdGa6Sn5,-2.756,0.417,Semiconductor,P1,1,28
CaSn_id1428_E-2.75.cif,CaSn,-2.7533,0.0,Metal,P-4n2,118,16
Li8CaCd2Ga4Sb5O13_id45_E-2.75.cif,Li8CaCd2Ga4Sb5O13,-2.7506,2.563,Semiconductor,P1,1,33
KTiAlIn2Sn2Sb(Te7Se)2_id3320_E-2.75.cif,KTiAlIn2Sn2Sb(Te7Se)2,-2.7478,2.323,Semiconductor,P4,75,48
CdGa3(Se2S)4_id2020_E-2.75.cif,CdGa3(Se2S)4,-2.7467,1.499,Semiconductor,P-42c,112,32
MgP_id3175_E-2.74.cif,MgP,-2.7433,0.15,Semiconductor,P4_232,208,24
Mg3ScBe_id762_E-2.74.cif,Mg3ScBe,-2.7415,0.0,Metal,Pm-3m,221,5
ScS36_id2798_E-2.74.cif,ScS36,-2.7405,1.001,Semiconductor,Pc,7,74
Na8Zn13(GeO2)6_id1324_E-2.74.cif,Na8Zn13(GeO2)6,-2.7398,0.012,Metal,Im-3,204,78
Li2MgTi2GaSn_id2915_E-2.74.cif,Li2MgTi2GaSn,-2.7391,0.0,Metal,Cmmm,65,14
LiMgGaSn2_id1349_E-2.74.cif,LiMgGaSn2,-2.7389,0.0,Metal,P4_2/mmc,131,10
K6Na3Li6SiSnSb3TeC3(N6O5)3_id3047_E-2.74.cif,K6Na3Li6SiSnSb3TeC3(N6O5)3,-2.7363,0.255,Semiconductor,P1,1,114
LiZn2(As2S)2_id343_E-2.73.cif,LiZn2(As2S)2,-2.7348,0.507,Semiconductor,P3_121,152,27
Sn2Ge2P(Se2S)2_id3_E-2.73.cif,Sn2Ge2P(Se2S)2,-2.7324,2.603,Semiconductor,P1,1,44
Na2BeAlSn3_id2404_E-2.73.cif,Na2BeAlSn3,-2.7314,0.0,Metal,P3,143,7
Ca2Ge37_id2425_E-2.73.cif,Ca2Ge37,-2.7299,0.0,Metal,Pmm2,25,78
K2AsP(SO17)2_id13_E-2.73.cif,K2AsP(SO17)2,-2.7289,0.126,Semiconductor,P1,1,80
LiGaS4_id848_E-2.73.cif,LiGaS4,-2.7287,0.398,Semiconductor,I4_1/a,88,24
Ga6Si_id2721_E-2.73.cif,Ga6Si,-2.7287,0.0,Metal,Pma2,28,14
Zn2O_id3239_E-2.73.cif,Zn2O,-2.7261,1.922,Semiconductor,Pbcn,60,12
K4P3_id3297_E-2.72.cif,K4P3,-2.7248,1.123,Semiconductor,I-43d,220,28
Cd6AsO3_id2945_E-2.72.cif,Cd6AsO3,-2.7208,0.0,Metal,P-1,2,60
SbTe7_id2136_E-2.72.cif,SbTe7,-2.7202,0.0,Metal,Pbcm,57,64
K2NaSn2Sb3As2_id3291_E-2.72.cif,K2NaSn2Sb3As2,-2.7158,0.0,Metal,Fmm2,42,40
NaLiGaTe2As3P(SO10)2_id2543_E-2.72.cif,NaLiGaTe2As3P(SO10)2,-2.7155,1.928,Semiconductor,P1,1,124
AlIn5_id1781_E-2.71.cif,AlIn5,-2.7147,0.0,Metal,Immm,71,12
Li2MgSc2GaTe2_id1949_E-2.71.cif,Li2MgSc2GaTe2,-2.7144,0.0,Metal,P2,3,16
SrGa2Ge2O_id1913_E-2.71.cif,SrGa2Ge2O,-2.7125,0.098,Semiconductor,I4/mmm,139,12
KTeO9_id1776_E-2.71.cif,KTeO9,-2.7101,4.352,Insulator,P-3,147,22
KLi2MgSi2B2TeP2SeS2NO6_id2538_E-2.71.cif,KLi2MgSi2B2TeP2SeS2NO6,-2.7096,3.272,Semiconductor,P3_2,145,63
Na2Ga5Sn_id1326_E-2.71.cif,Na2Ga5Sn,-2.7093,2.223,Semiconductor,Fmm2,42,32
BaAl2Cd2SiSb4(TeSe)4_id951_E-2.71.cif,BaAl2Cd2SiSb4(TeSe)4,-2.7093,0.009,Metal,P1,1,36
Be3AlGe_id3187_E-2.71.cif,Be3AlGe,-2.7089,0.207,Semiconductor,I-43m,217,40
Al2Zn2Si_id854_E-2.71.cif,Al2Zn2Si,-2.7086,0.0,Metal,I4_1/amd,141,40
Na(LiGe2)3_id3261_E-2.71.cif,Na(LiGe2)3,-2.7075,0.0,Metal,Im-3m,229,20
LiSc_id1867_E-2.71.cif,LiSc,-2.7071,0.0,Metal,P4/mmm,123,4
BeZn2(InSe2)2_id1648_E-2.71.cif,BeZn2(InSe2)2,-2.7069,0.0,Metal,P-42m,111,9
KBeAlZnSiSbTe2As(SeS2)4_id159_E-2.71.cif,KBeAlZnSiSbTe2As(SeS2)4,-2.7051,1.824,Semiconductor,P1,1,84
KMg2Zn2In(GaO)2_id2463_E-2.70.cif,KMg2Zn2In(GaO)2,-2.7047,1.821,Semiconductor,P3m1,156,10
Sr2MgSiB2PO2_id1755_E-2.70.cif,Sr2MgSiB2PO2,-2.7038,0.958,Semiconductor,Pmm2,25,36
Ba2Li2Zn2Ge2As2P2C7N2O5_id3217_E-2.70.cif,Ba2Li2Zn2Ge2As2P2C7N2O5,-2.7029,0.356,Semiconductor,P1,1,78
Na2Sn2As3P2Se(S9O)2_id1037_E-2.70.cif,Na2Sn2As3P2Se(S9O)2,-2.7027,2.569,Semiconductor,Fmmm,69,120
NaIn2Sn_id2342_E-2.70.cif,NaIn2Sn,-2.7004,0.0,Metal,P3m1,156,4
KLiCaSnB(PO7)2_id1565_E-2.70.cif,KLiCaSnB(PO7)2,-2.6988,0.326,Semiconductor,Pm,6,21
Ba4Ga_id2992_E-2.70.cif,Ba4Ga,-2.6983,0.017,Metal,Ccce,68,20
Ti3Zn3Sn3Te16_id3058_E-2.70.cif,Ti3Zn3Sn3Te16,-2.6968,1.158,Semiconductor,P6_3/m,176,50
LiGa8Ge_id3045_E-2.70.cif,LiGa8Ge,-2.6965,0.0,Metal,I422,97,20
LiMgGaSn_id874_E-2.69.cif,LiMgGaSn,-2.6948,0.0,Metal,P4_2/mmc,131,8
Li8GaBP3O8_id1546_E-2.69.cif,Li8GaBP3O8,-2.6903,1.883,Semiconductor,Pna2_1,33,84
Li2Ti2Zn_id1008_E-2.69.cif,Li2Ti2Zn,-2.6891,0.0,Metal,P2/c,13,10
NaCaInSnSb_id1378_E-2.69.cif,NaCaInSnSb,-2.6866,0.0,Metal,P6_2,171,30
Mg7Al2Si2Ge2(PN)6_id2090_E-2.69.cif,Mg7Al2Si2Ge2(PN)6,-2.6859,1.052,Semiconductor,P3_121,152,75
In_id192_E-2.69.cif,In,-2.6854,0.0,Metal,Fm-3m,225,28
Ga_id3144_E-2.69.cif,Ga,-2.6852,0.0,Metal,P2_12_12_1,19,12
K2MgIn2Te3(SeS2)2_id351_E-2.69.cif,K2MgIn2Te3(SeS2)2,-2.6852,1.612,Semiconductor,I4cm,108,56
Zn2Ga4Si6Sn2GeB2_id2258_E-2.68.cif,Zn2Ga4Si6Sn2GeB2,-2.6791,0.104,Semiconductor,P4/mmm,123,34
Ba6Ca7Zn6CdIn2Ga2Si2B12C6(N3O7)2_id1924_E-2.68.cif,Ba6Ca7Zn6CdIn2Ga2Si2B12C6(N3O7)2,-2.6754,0.024,Metal,C2,5,64
KBaNa3SrLiCaBeZnGaGeTe2As3P4_id2445_E-2.67.cif,KBaNa3SrLiCaBeZnGaGeTe2As3P4,-2.6746,0.407,Semiconductor,P4_3,78,84
CNO_id634_E-2.67.cif,CNO,-2.6745,1.471,Semiconductor,P-6m2,187,3
Li3Mg3GeP_id3163_E-2.67.cif,Li3Mg3GeP,-2.6728,0.0,Metal,Pm-3m,221,8
KNaSrLiZnCd3GaSbTe8AsSe2_id696_E-2.67.cif,KNaSrLiZnCd3GaSbTe8AsSe2,-2.6703,0.09,Semiconductor,P4_1,76,84
Be4(AlZn)3_id677_E-2.67.cif,Be4(AlZn)3,-2.6685,0.0,Metal,I-43d,220,40
Ba3Li_id2769_E-2.66.cif,Ba3Li,-2.6644,5.705,Insulator,I4_132,214,64
Na3Li3MgZnIn6Ga9Sn3Ge3(SbAs)3_id1241_E-2.66.cif,Na3Li3MgZnIn6Ga9Sn3Ge3(SbAs)3,-2.6631,0.0,Metal,P3,143,35
Ba4Si_id1919_E-2.66.cif,Ba4Si,-2.6584,0.0,Metal,I4_1/a,88,20
NaSr2Li7GeO9_id4_E-2.66.cif,NaSr2Li7GeO9,-2.6579,0.349,Semiconductor,P1,1,80
Li3Ge_id2956_E-2.66.cif,Li3Ge,-2.6563,4.055,Insulator,P6mm,183,16
NaLi2InGe2SbTe2_id1905_E-2.66.cif,NaLi2InGe2SbTe2,-2.6555,0.376,Semiconductor,I-4m2,119,36
TiAl2Zn2(GaSn)2_id1357_E-2.65.cif,TiAl2Zn2(GaSn)2,-2.6537,0.034,Metal,Pm,6,36
SrLi2CaScTiCdGaSiBSbNO9_id3122_E-2.65.cif,SrLi2CaScTiCdGaSiBSbNO9,-2.653,0.0,Metal,P2_1/m,11,42
Al3ZnGa4_id1541_E-2.65.cif,Al3ZnGa4,-2.6512,0.0,Metal,P-43m,215,64
Li3Ga4_id1281_E-2.65.cif,Li3Ga4,-2.6504,0.0,Metal,Ccce,68,28
In_id313_E-2.65.cif,In,-2.6497,0.0,Metal,P4_2/m,84,8
K2SnGe_id2973_E-2.65.cif,K2SnGe,-2.6489,0.311,Semiconductor,Pmmn,59,8
NaZnSe2_id295_E-2.65.cif,NaZnSe2,-2.6486,0.0,Metal,P3_221,154,12
Sr2LiZnTe11As3Se7S9_id2207_E-2.65.cif,Sr2LiZnTe11As3Se7S9,-2.6451,1.639,Semiconductor,P1,1,136
CaMg3Ga2Sn9_id2997_E-2.64.cif,CaMg3Ga2Sn9,-2.6438,0.0,Metal,P6/mmm,191,15
ScTiCd4_id140_E-2.64.cif,ScTiCd4,-2.6426,0.0,Metal,Pmmm,47,6
BeCdSnSb2Te3As7PS5_id1787_E-2.64.cif,BeCdSnSb2Te3As7PS5,-2.6385,1.467,Semiconductor,Cc,9,84
Na2SrLi5MgZn2Ga2SbSe10(S3O4)2_id1948_E-2.63.cif,Na2SrLi5MgZn2Ga2SbSe10(S3O4)2,-2.6334,0.855,Semiconductor,I4cm,108,152
CaAl2ZnInGa_id2799_E-2.63.cif,CaAl2ZnInGa,-2.6333,0.0,Metal,Imma,74,24
BeAl2GaB4P4S2(N5O6)2_id2541_E-2.63.cif,BeAl2GaB4P4S2(N5O6)2,-2.633,2.913,Semiconductor,P3_121,152,108
Sr2Li2Ca2Ge3_id723_E-2.63.cif,Sr2Li2Ca2Ge3,-2.6313,0.0,Metal,Pmm2,25,36
CdInSb(Te2Se3)3_id1528_E-2.63.cif,CdInSb(Te2Se3)3,-2.6291,0.286,Semiconductor,Cc,9,72
KIn12_id2408_E-2.63.cif,KIn12,-2.6269,0.0,Metal,Fm-3m,225,52
KMgAlGaSn_id584_E-2.63.cif,KMgAlGaSn,-2.6265,0.0,Metal,Aem2,39,20
Sr2CaCdInSn_id1795_E-2.63.cif,Sr2CaCdInSn,-2.6263,0.597,Semiconductor,P1,1,18
Ca2Zn3Ge3Sb3(AsP2)3_id1405_E-2.63.cif,Ca2Zn3Ge3Sb3(AsP2)3,-2.626,1.24,Semiconductor,R-3c,167,120
Na2InGaSn5Sb2_id1474_E-2.63.cif,Na2InGaSn5Sb2,-2.6258,0.277,Semiconductor,P1,1,88
Zn3Sn4Te3As9PS3_id3336_E-2.63.cif,Zn3Sn4Te3As9PS3,-2.6252,0.01,Metal,P6_322,182,46
AlGa29_id1989_E-2.62.cif,AlGa29,-2.6239,0.0,Metal,Pm,6,30
Al3ZnGa3_id2465_E-2.62.cif,Al3ZnGa3,-2.6233,0.0,Metal,Pm-3n,223,14
Li2Zn2GaSnTe6AsPSe5S2_id1808_E-2.62.cif,Li2Zn2GaSnTe6AsPSe5S2,-2.6222,1.657,Semiconductor,P1,1,84
Li(ZnGe)3_id372_E-2.62.cif,Li(ZnGe)3,-2.6211,0.287,Semiconductor,Pm-3n,223,14
MgTiCd3GeTe2Se10S3_id2415_E-2.62.cif,MgTiCd3GeTe2Se10S3,-2.6209,0.0,Metal,Pna2_1,33,84
SrIn4_id2847_E-2.62.cif,SrIn4,-2.6199,0.0,Metal,P-42_1c,114,10
Na8CaSbS2O9_id665_E-2.62.cif,Na8CaSbS2O9,-2.6192,0.915,Semiconductor,Pc,7,42
ZnAs_id2928_E-2.62.cif,ZnAs,-2.6192,0.0,Metal,F-43m,216,32
K3Na5CaSe6_id2554_E-2.62.cif,K3Na5CaSe6,-2.6189,0.133,Semiconductor,R32,155,45
CaAl2Ga6(TeSe)6_id2901_E-2.62.cif,CaAl2Ga6(TeSe)6,-2.6164,4.087,Insulator,P6mm,183,21
In3Sn7_id1167_E-2.62.cif,In3Sn7,-2.6152,0.0,Metal,Pm,6,10
CaIn2_id2991_E-2.61.cif,CaIn2,-2.614,0.0,Metal,Fm-3m,225,12
Na4Cd(GeTe2)4_id2305_E-2.61.cif,Na4Cd(GeTe2)4,-2.6121,0.0,Metal,P1,1,17
K5NaInO6_id713_E-2.61.cif,K5NaInO6,-2.6119,0.428,Semiconductor,I4mm,107,26
In_id1855_E-2.61.cif,In,-2.6104,0.0,Metal,Pm-3n,223,12
Na12SnTe6_id2011_E-2.61.cif,Na12SnTe6,-2.6094,0.0,Metal,Im-3,204,38
ZnTeAsSe_id2222_E-2.61.cif,ZnTeAsSe,-2.6091,1.073,Semiconductor,P4_32_12,96,32
LiTi6BeAl4Zn2GaSnTeS2NO_id971_E-2.61.cif,LiTi6BeAl4Zn2GaSnTeS2NO,-2.6091,0.553,Semiconductor,Pm,6,84
Al3Ga_id1908_E-2.61.cif,Al3Ga,-2.6076,3.557,Insulator,P4_22_12,94,32
NaCaMg2CdInGaSbTe12S_id2217_E-2.61.cif,NaCaMg2CdInGaSbTe12S,-2.6064,0.016,Metal,P1,1,21
MgSeO_id3018_E-2.60.cif,MgSeO,-2.6048,2.028,Semiconductor,Im-3,204,36
NaLi3Zn4GaP4(Se3S5)2_id337_E-2.60.cif,NaLi3Zn4GaP4(Se3S5)2,-2.6043,2.166,Semiconductor,Pcc2,27,58
NaSn2_id1011_E-2.60.cif,NaSn2,-2.6039,1.079,Semiconductor,P4/mmm,123,24
MgAl6_id2765_E-2.60.cif,MgAl6,-2.6038,0.0,Metal,P-4m2,115,7
Mg3(Se2S3)2_id2431_E-2.60.cif,Mg3(Se2S3)2,-2.6033,2.171,Semiconductor,P1,1,26
BaNaMgBe2SnBSbTeAsSNO9_id1818_E-2.60.cif,BaNaMgBe2SnBSbTeAsSNO9,-2.603,0.799,Semiconductor,P1,1,63
LiZnSn_id3230_E-2.60.cif,LiZnSn,-2.5989,0.0,Metal,P6_3/mmc,194,6
Li2MgIn3Ga2Sn4Te10Se6(SO)4_id312_E-2.60.cif,Li2MgIn3Ga2Sn4Te10Se6(SO)4,-2.5984,0.787,Semiconductor,Pnna,52,144
NaIn5_id3062_E-2.60.cif,NaIn5,-2.5971,0.416,Semiconductor,I4/mmm,139,12
K4LiMg6Cd4O4_id916_E-2.59.cif,K4LiMg6Cd4O4,-2.5914,0.002,Metal,P4_2/n,86,38
LiZnGa3Sn_id2007_E-2.59.cif,LiZnGa3Sn,-2.5911,0.0,Metal,C222_1,20,48
Sr(AsO)6_id2515_E-2.59.cif,Sr(AsO)6,-2.5886,0.047,Metal,P4_332,212,52
CdGe_id641_E-2.59.cif,CdGe,-2.5876,0.0,Metal,I4_1/amd,141,8
MgAl4(Te3Se2)4_id1029_E-2.59.cif,MgAl4(Te3Se2)4,-2.5862,0.0,Metal,P-42m,111,25
KAlIn4Sn_id2560_E-2.59.cif,KAlIn4Sn,-2.5856,0.0,Metal,Pmma,51,14
Li4Mg2Al4Cd2In2Ga2Sn7Ge_id403_E-2.59.cif,Li4Mg2Al4Cd2In2Ga2Sn7Ge,-2.5853,0.005,Metal,P-1,2,24
K2Na2CaZn2(Ge2As)2_id77_E-2.58.cif,K2Na2CaZn2(Ge2As)2,-2.5847,0.356,Semiconductor,P3_112,151,39
Li8ZnSi2_id3306_E-2.58.cif,Li8ZnSi2,-2.5847,0.0,Metal,I-42d,122,44
O2_id734_E-2.58.cif,O2,-2.5844,0.38,Semiconductor,P4/mmm,123,4
Li4SiSnGe2_id3082_E-2.58.cif,Li4SiSnGe2,-2.5839,0.0,Metal,P4_2/mnm,136,16
LiMg4Sc2CdIn2_id2351_E-2.58.cif,LiMg4Sc2CdIn2,-2.582,0.0,Metal,P4/mmm,123,10
TiAl2(ZnGa)2_id1152_E-2.58.cif,TiAl2(ZnGa)2,-2.5803,0.0,Metal,Immm,71,14
K3Na3Li6Ca3Mg3Be6In4GaSi3Te3(P2S)3_id1751_E-2.57.cif,K3Na3Li6Ca3Mg3Be6In4GaSi3Te3(P2S)3,-2.5748,1.254,Semiconductor,P1,1,132
LiZnInGa4_id2371_E-2.57.cif,LiZnInGa4,-2.5746,0.0,Metal,Imm2,44,14
Na2Li10Be8AlZn2Ga4Te2C2(SO4)2_id1127_E-2.57.cif,Na2Li10Be8AlZn2Ga4Te2C2(SO4)2,-2.5726,1.844,Semiconductor,P1,1,82
KNaAs_id1426_E-2.57.cif,KNaAs,-2.5714,0.935,Semiconductor,P-6m2,187,3
LiMgZn2Ga2Si3Ge4_id3317_E-2.57.cif,LiMgZn2Ga2Si3Ge4,-2.5713,0.026,Metal,P6_5,170,78
Mg2AlSb_id314_E-2.57.cif,Mg2AlSb,-2.571,0.0,Metal,P-6m2,187,4
Sr2MgSc_id2219_E-2.57.cif,Sr2MgSc,-2.5693,0.0,Metal,Fm-3m,225,16
Al3Ga7_id911_E-2.57.cif,Al3Ga7,-2.5661,2.168,Semiconductor,R-3c,167,60
K2Ti8Al2Zn4CdGaTeSO_id3108_E-2.57.cif,K2Ti8Al2Zn4CdGaTeSO,-2.5661,0.456,Semiconductor,Ama2,40,84
K2NaLiSb2TeAs_id2286_E-2.57.cif,K2NaLiSb2TeAs,-2.5661,2.259,Semiconductor,P1,1,32
Ca3(InGe)2_id170_E-2.56.cif,Ca3(InGe)2,-2.5632,0.0,Metal,Iba2,45,28
Mg3Be(GaO)2_id579_E-2.56.cif,Mg3Be(GaO)2,-2.5623,0.0,Metal,P4_2/mmc,131,16
Li3ZnSn2GeB3SO10_id2428_E-2.56.cif,Li3ZnSn2GeB3SO10,-2.5616,1.388,Semiconductor,Pna2_1,33,84
ZnSbTe19_id748_E-2.56.cif,ZnSbTe19,-2.5608,0.248,Semiconductor,P1,1,63
Li2Be2Ga2Ge_id1968_E-2.56.cif,Li2Be2Ga2Ge,-2.5606,0.0,Metal,I4mm,107,28
TiBO2_id2277_E-2.56.cif,TiBO2,-2.5605,1.61,Semiconductor,C222_1,20,16
Sc6GeAs7_id2869_E-2.56.cif,Sc6GeAs7,-2.5591,0.0,Metal,P6_222,180,42
Li10O3_id62_E-2.56.cif,Li10O3,-2.5584,3.452,Semiconductor,P1,1,52
Na2In6Sn10Sb8TeAs_id1218_E-2.56.cif,Na2In6Sn10Sb8TeAs,-2.5577,0.0,Metal,P1,1,56
NaSrLiSeS4_id2382_E-2.56.cif,NaSrLiSeS4,-2.557,0.034,Metal,Cmm2,35,32
Na5Te4_id1579_E-2.55.cif,Na5Te4,-2.5522,0.006,Metal,P-42_1c,114,18
ScBAsP2C9N7_id2259_E-2.55.cif,ScBAsP2C9N7,-2.5514,1.136,Semiconductor,P1,1,84
In_id1414_E-2.55.cif,In,-2.5506,0.0,Metal,P-43n,218,24
Na2Sc3Ti2Ga2(GeN)2_id745_E-2.55.cif,Na2Sc3Ti2Ga2(GeN)2,-2.5505,0.0,Metal,P1,1,26
Sr4Li(AlIn2)3_id3182_E-2.55.cif,Sr4Li(AlIn2)3,-2.5496,0.0,Metal,Im-3m,229,28
Ba2Mg2ScCd2(InS)2_id2903_E-2.55.cif,Ba2Mg2ScCd2(InS)2,-2.5495,0.028,Metal,P-1,2,11
PO3_id1361_E-2.55.cif,PO3,-2.5483,0.0,Metal,Pm-3n,223,8
LiBe3In_id998_E-2.55.cif,LiBe3In,-2.5482,0.0,Metal,P4_332,212,20
K2Ca(GaGe)4_id1166_E-2.55.cif,K2Ca(GaGe)4,-2.5453,0.407,Semiconductor,I4_1cd,110,88
Na2In9Sn(TeSe)2_id2714_E-2.54.cif,Na2In9Sn(TeSe)2,-2.545,0.0,Metal,P6_122,178,96
Ba2SrCaCdIn8_id3300_E-2.54.cif,Ba2SrCaCdIn8,-2.5437,0.0,Metal,Pmmm,47,13
Cd2In4Sn3Te2_id3205_E-2.54.cif,Cd2In4Sn3Te2,-2.5427,0.0,Metal,Aea2,41,44
Li2CaMg2As_id3322_E-2.54.cif,Li2CaMg2As,-2.5421,0.846,Semiconductor,P-3m1,164,6
Li5Ca3Cd6O16_id1273_E-2.54.cif,Li5Ca3Cd6O16,-2.5419,0.0,Metal,I23,197,60
Li3Mg3TiCdGa2_id553_E-2.54.cif,Li3Mg3TiCdGa2,-2.5402,0.0,Metal,P1,1,20
K2Na2Li6CdS2(NO13)2_id2459_E-2.54.cif,K2Na2Li6CdS2(NO13)2,-2.5398,2.482,Semiconductor,P4_2,77,82
LiZnTeSe_id3041_E-2.54.cif,LiZnTeSe,-2.5392,4.045,Insulator,P4nc,104,32
Ca2Sc2TiBe2Zn2Ga_id3349_E-2.54.cif,Ca2Sc2TiBe2Zn2Ga,-2.5382,0.0,Metal,Fmmm,69,40
Al19Ga_id3056_E-2.54.cif,Al19Ga,-2.5377,0.0,Metal,I4,79,40
In_id3331_E-2.54.cif,In,-2.5363,0.0,Metal,Ccce,68,20
LiSc_id1587_E-2.54.cif,LiSc,-2.5356,1.569,Semiconductor,Pmmm,47,24
Na8GaSi(GeAs)8_id336_E-2.54.cif,Na8GaSi(GeAs)8,-2.5354,3.487,Semiconductor,P4/mcc,124,52
CaIn2_id1961_E-2.53.cif,CaIn2,-2.535,0.0,Metal,I4/mmm,139,6
K5Li3Ga3Si3B6(SbO)3_id2244_E-2.53.cif,K5Li3Ga3Si3B6(SbO)3,-2.5308,0.0,Metal,P6_3,173,52
Li3GaSn_id1034_E-2.53.cif,Li3GaSn,-2.5305,0.0,Metal,Pm-3m,221,5
Ca2BeCdS4_id2952_E-2.53.cif,Ca2BeCdS4,-2.528,0.0,Metal,P4/mmm,123,16
Al4Zn_id992_E-2.53.cif,Al4Zn,-2.5265,0.0,Metal,P-62c,190,30
ZnIn2O20_id497_E-2.53.cif,ZnIn2O20,-2.5261,1.044,Semiconductor,P4_2/nnm,134,46
Ba2Na2Sr2SiO2_id2369_E-2.52.cif,Ba2Na2Sr2SiO2,-2.5247,2.243,Semiconductor,P1,1,36
AlZnGeTeSe_id1672_E-2.52.cif,AlZnGeTeSe,-2.5244,1.04,Semiconductor,P6_522,179,30
Ca2Sc5AlCd2_id1180_E-2.52.cif,Ca2Sc5AlCd2,-2.5232,0.0,Metal,P1,1,20
CdIn4Sn7Se2_id978_E-2.52.cif,CdIn4Sn7Se2,-2.5223,0.003,Metal,Pc,7,28
ScSnTe3S3O5_id1147_E-2.52.cif,ScSnTe3S3O5,-2.5215,0.547,Semiconductor,Pm,6,26
KNa6Sr6Al2InGa8B18C6(N3O25)2_id526_E-2.52.cif,KNa6Sr6Al2InGa8B18C6(N3O25)2,-2.5214,0.813,Semiconductor,P1,1,104
Be2Zn6Cd(TeSe)4_id2688_E-2.52.cif,Be2Zn6Cd(TeSe)4,-2.5212,0.0,Metal,P-42m,111,17
K2Na3SiGe2_id1759_E-2.52.cif,K2Na3SiGe2,-2.5171,0.0,Metal,Pn-3m,224,16
LiZn2Si_id2328_E-2.52.cif,LiZn2Si,-2.5171,0.0,Metal,I4/mmm,139,8
Li2MgSb_id2908_E-2.52.cif,Li2MgSb,-2.516,0.005,Metal,P-6m2,187,8
CdSn2_id2381_E-2.52.cif,CdSn2,-2.5159,0.0,Metal,Ia-3,206,24
Na4BeSiSe12_id44_E-2.51.cif,Na4BeSiSe12,-2.5134,6.797,Insulator,Pm,6,36
K3AlInGaSe4_id294_E-2.51.cif,K3AlInGaSe4,-2.513,1.86,Semiconductor,P4/mmm,123,10
Mg4Ge3_id2725_E-2.51.cif,Mg4Ge3,-2.5129,0.115,Semiconductor,Ccce,68,28
Na4Li6Be2Al4Zn2Ga(N3O8)2_id2124_E-2.51.cif,Na4Li6Be2Al4Zn2Ga(N3O8)2,-2.5121,1.383,Semiconductor,P1,1,82
Zn2In2Ga2Sn_id894_E-2.51.cif,Zn2In2Ga2Sn,-2.5114,0.0,Metal,I4/mmm,139,14
NaSrLiZn2CdSnGeSb4_id200_E-2.51.cif,NaSrLiZn2CdSnGeSb4,-2.5107,2.933,Semiconductor,P1,1,36
Na5SrAl4Sb(NO4)4_id902_E-2.51.cif,Na5SrAl4Sb(NO4)4,-2.5075,0.841,Semiconductor,P1,1,124
LiTi2Be2CdGa4NO5_id2557_E-2.51.cif,LiTi2Be2CdGa4NO5,-2.5062,0.0,Metal,P1,1,64
Na4Li2CaZnCd2C4(N2O5)2_id2640_E-2.51.cif,Na4Li2CaZnCd2C4(N2O5)2,-2.506,2.13,Semiconductor,P-42_1c,114,56
Li3(InSb)2_id1890_E-2.51.cif,Li3(InSb)2,-2.5052,3.169,Semiconductor,P1,1,56
Li2Al4GaGe_id2821_E-2.50.cif,Li2Al4GaGe,-2.4999,0.0,Metal,Pbcm,57,32
KGaO_id280_E-2.50.cif,KGaO,-2.4978,0.305,Semiconductor,C222_1,20,12
Li5AlGa4_id820_E-2.50.cif,Li5AlGa4,-2.4975,0.0,Metal,P4_2cm,101,20
K3Li5Al3In7Ge3Sb3Te6As3Se3S15(NO2)3_id1079_E-2.50.cif,K3Li5Al3In7Ge3Sb3Te6As3Se3S15(NO2)3,-2.4975,0.01,Metal,P1,1,60
Na6Li6GaAs6_id689_E-2.50.cif,Na6Li6GaAs6,-2.4973,0.0,Metal,P-3c1,165,38
Sc2Zn4Sn(TeO2)2_id1971_E-2.50.cif,Sc2Zn4Sn(TeO2)2,-2.4972,0.022,Metal,P1,1,26
KInSe2_id2146_E-2.50.cif,KInSe2,-2.4966,0.0,Metal,Pnma,62,16
Zn6SnTeAs3Se2S3_id2781_E-2.50.cif,Zn6SnTeAs3Se2S3,-2.4957,1.001,Semiconductor,R-3m,166,48
K3Na3CdGa3BAs6S13(N2O5)3_id2365_E-2.50.cif,K3Na3CdGa3BAs6S13(N2O5)3,-2.4955,2.323,Semiconductor,P6_3,173,102
KNaInGe_id2447_E-2.50.cif,KNaInGe,-2.495,0.0,Metal,P-6m2,187,4
KNaCdSn3_id1721_E-2.49.cif,KNaCdSn3,-2.4949,0.126,Semiconductor,P-4n2,118,12
K4BeAlZnGa3B3Sb2As2PSO2_id3090_E-2.49.cif,K4BeAlZnGa3B3Sb2As2PSO2,-2.4949,1.373,Semiconductor,P1,1,63
In6Sn15Sb_id1456_E-2.49.cif,In6Sn15Sb,-2.4936,0.0,Metal,Pm,6,44
Al2ZnGa3Si5Ge2_id2988_E-2.49.cif,Al2ZnGa3Si5Ge2,-2.4926,0.036,Metal,P1,1,52
Li2Ga_id2364_E-2.49.cif,Li2Ga,-2.4918,0.0,Metal,I4/mcm,140,12
K2CaSeNO6_id2504_E-2.49.cif,K2CaSeNO6,-2.491,1.517,Semiconductor,Pm,6,88
BaSr2Ca2TiBeGa2P2S2N_id1946_E-2.49.cif,BaSr2Ca2TiBeGa2P2S2N,-2.4908,0.35,Semiconductor,Pnma,62,56
KGa2_id517_E-2.49.cif,KGa2,-2.4893,0.238,Semiconductor,P6/mmm,191,3
KSb_id2937_E-2.49.cif,KSb,-2.4891,0.614,Semiconductor,P-3m1,164,4
CdIn6Ga_id90_E-2.49.cif,CdIn6Ga,-2.4881,0.0,Metal,Fm-3m,225,32
LiMg2Sc3Cd4_id2573_E-2.48.cif,LiMg2Sc3Cd4,-2.4839,0.0,Metal,P2/m,10,10
Na6SrLi8Sc4Zn6Cd12Ga2P6Se18(S2O)6_id2137_E-2.48.cif,Na6SrLi8Sc4Zn6Cd12Ga2P6Se18(S2O)6,-2.4807,1.519,Semiconductor,P1,1,81
Mg2S_id456_E-2.48.cif,Mg2S,-2.4786,2.318,Semiconductor,Imm2,44,12
Na3Si2_id2200_E-2.48.cif,Na3Si2,-2.4785,0.0,Metal,I2_12_12_1,24,20
Na2Sn2GeO_id2830_E-2.48.cif,Na2Sn2GeO,-2.4776,0.092,Semiconductor,Pbam,55,24
NaLi3P_id76_E-2.48.cif,NaLi3P,-2.4774,1.228,Semiconductor,Pnn2,34,10
In2Sn5Sb_id1215_E-2.48.cif,In2Sn5Sb,-2.477,0.0,Metal,P1,1,16
Li2CdSiSnO3_id3220_E-2.48.cif,Li2CdSiSnO3,-2.4768,0.873,Semiconductor,Pccn,56,64
Li2Zn2Si_id476_E-2.47.cif,Li2Zn2Si,-2.4747,0.0,Metal,Immm,71,10
ScCdIn8Ga5SnO8_id3067_E-2.47.cif,ScCdIn8Ga5SnO8,-2.4745,0.389,Semiconductor,F-43m,216,96
Zn3O_id490_E-2.47.cif,Zn3O,-2.4731,1.34,Semiconductor,P4_132,213,32
ScZn6(SeS3)2_id68_E-2.47.cif,ScZn6(SeS3)2,-2.4726,2.998,Semiconductor,P1,1,60
Ge15As4_id528_E-2.47.cif,Ge15As4,-2.4712,0.633,Semiconductor,P1,1,38
Li3Zn3GaO_id986_E-2.47.cif,Li3Zn3GaO,-2.4675,0.009,Metal,Pm-3m,221,8
Ba2Na2Li3Ca2Zn2Ga3GeTeO22_id2303_E-2.47.cif,Ba2Na2Li3Ca2Zn2Ga3GeTeO22,-2.4668,2.127,Semiconductor,Pnc2,30,76
LiAl2Zn2Ga5_id758_E-2.47.cif,LiAl2Zn2Ga5,-2.4663,0.0,Metal,P-4m2,115,10
Li13Ca2Al24Cd8Ga_id1417_E-2.47.cif,Li13Ca2Al24Cd8Ga,-2.4654,0.0,Metal,Fm-3,202,192
Na2Li2Zn6(SnSb3)3_id706_E-2.46.cif,Na2Li2Zn6(SnSb3)3,-2.4629,0.0,Metal,P3,143,22
Ba2LiZn2(CdSb2)2_id2921_E-2.46.cif,Ba2LiZn2(CdSb2)2,-2.4627,2.313,Semiconductor,Ibam,72,44
Li4ScBeAl2Zn3Cd3Ga3SiGeCS_id597_E-2.46.cif,Li4ScBeAl2Zn3Cd3Ga3SiGeCS,-2.4618,0.248,Semiconductor,P4_3,78,84
K9Na4In4C3(NO)3_id342_E-2.46.cif,K9Na4In4C3(NO)3,-2.4618,0.0,Metal,P1,1,26
SrCdGa(SnGe3)2_id2220_E-2.46.cif,SrCdGa(SnGe3)2,-2.4613,0.0,Metal,P6_3/mmc,194,22
K3Na2Li5CdInGa2GeAs2N2O13_id1457_E-2.46.cif,K3Na2Li5CdInGa2GeAs2N2O13,-2.4574,5.922,Insulator,P1,1,64
Li4(InGa2)3_id2675_E-2.46.cif,Li4(InGa2)3,-2.4561,0.0,Metal,I-43d,220,52
Li8O_id862_E-2.45.cif,Li8O,-2.4544,0.226,Semiconductor,P4_2/nmc,137,18
K10ScSn3(AsO)6_id1089_E-2.45.cif,K10ScSn3(AsO)6,-2.4515,0.0,Metal,Im-3m,229,52
NaMg2In2Sb_id1087_E-2.45.cif,NaMg2In2Sb,-2.4503,0.0,Metal,P-3m1,164,6
MgBe2Zn3C_id2314_E-2.45.cif,MgBe2Zn3C,-2.4498,0.0,Metal,P4/mmm,123,7
Zn(InGa2)3_id1297_E-2.45.cif,Zn(InGa2)3,-2.4496,0.0,Metal,I422,97,20
Li2CdIn5SnAs2Se4S2O3_id2135_E-2.45.cif,Li2CdIn5SnAs2Se4S2O3,-2.4478,0.0,Metal,Ccc2,37,80
K4Na2MgB8SO8_id2088_E-2.45.cif,K4Na2MgB8SO8,-2.4464,1.752,Semiconductor,P4_2/mcm,132,48
AlCd2As_id1750_E-2.44.cif,AlCd2As,-2.4435,0.0,Metal,Cmme,67,16
K2ZnCd4Sb2TeAs6PSeS2O_id3233_E-2.44.cif,K2ZnCd4Sb2TeAs6PSeS2O,-2.4428,6.041,Insulator,P4,75,21
Be2CdGa3_id1359_E-2.44.cif,Be2CdGa3,-2.4427,0.0,Metal,P3_212,153,18
Ge_id671_E-2.44.cif,Ge,-2.4396,0.215,Semiconductor,I4_1,80,32
KIn6Sn3Te4_id2332_E-2.44.cif,KIn6Sn3Te4,-2.4395,0.546,Semiconductor,Im-3m,229,28
K5BaNa3Ca2N5O34_id2788_E-2.44.cif,K5BaNa3Ca2N5O34,-2.4387,3.696,Insulator,P1,1,50
Al_id2399_E-2.44.cif,Al,-2.4365,0.005,Metal,P2_12_12_1,19,20
Al3Zn_id3160_E-2.43.cif,Al3Zn,-2.4345,0.0,Metal,Amm2,38,8
KMgSc4_id2581_E-2.43.cif,KMgSc4,-2.4329,0.0,Metal,P1,1,48
LiCa3Al3Zn4InGa3As3(S3O4)3_id3330_E-2.43.cif,LiCa3Al3Zn4InGa3As3(S3O4)3,-2.431,1.076,Semiconductor,P1,1,78
Ti3Si_id1055_E-2.43.cif,Ti3Si,-2.4305,0.0,Metal,Pm-3m,221,4
In4Ga4Sn_id121_E-2.43.cif,In4Ga4Sn,-2.4293,0.0,Metal,P4_2/nmc,137,18
Al_id376_E-2.43.cif,Al,-2.4283,0.0,Metal,P2_12_12_1,19,8
KBaNaScBO16_id2171_E-2.43.cif,KBaNaScBO16,-2.4269,0.0,Metal,Cm,8,42
KS_id2433_E-2.43.cif,KS,-2.4268,2.875,Semiconductor,I4_132,214,48
AlZn8Ga3Te8_id2016_E-2.43.cif,AlZn8Ga3Te8,-2.4265,0.0,Metal,I422,97,40
In_id471_E-2.42.cif,In,-2.4235,0.0,Metal,Fm-3m,225,56
NaIn6_id681_E-2.42.cif,NaIn6,-2.4228,0.088,Semiconductor,Pmma,51,14
TiGa(Te6S)2_id2117_E-2.42.cif,TiGa(Te6S)2,-2.4226,0.811,Semiconductor,Fd-3,203,128
In_id2027_E-2.42.cif,In,-2.4213,0.0,Metal,F432,209,96
NaZnCdIn3GaSb5_id1345_E-2.42.cif,NaZnCdIn3GaSb5,-2.4209,0.0,Metal,P4_322,95,48
Li12Ge5_id783_E-2.42.cif,Li12Ge5,-2.4152,0.0,Metal,F4_132,210,136
KMgSn_id1522_E-2.41.cif,KMgSn,-2.4143,0.184,Semiconductor,P-6m2,187,3
Na12LiGe6_id1317_E-2.41.cif,Na12LiGe6,-2.4119,3.686,Insulator,Pm-3,200,19
GaAs_id2667_E-2.41.cif,GaAs,-2.4113,0.0,Metal,P4_32_12,96,8
K4Na2Al4GaS4_id2599_E-2.41.cif,K4Na2Al4GaS4,-2.4078,2.689,Semiconductor,I-42m,121,30
Li2Ti2Zn2InGa8Sn_id2458_E-2.41.cif,Li2Ti2Zn2InGa8Sn,-2.407,1.911,Semiconductor,P4_22_12,94,32
Mg2Sc6Al8Zn2Ga3_id341_E-2.41.cif,Mg2Sc6Al8Zn2Ga3,-2.4068,0.0,Metal,P2,3,84
KNa3Ti3Cd3AsP2CO25_id1259_E-2.41.cif,KNa3Ti3Cd3AsP2CO25,-2.4068,0.449,Semiconductor,P1,1,39
Na2Zn2Sn2Ge_id2051_E-2.41.cif,Na2Zn2Sn2Ge,-2.4065,0.0,Metal,Cccm,66,28
InSn16Ge3_id694_E-2.40.cif,InSn16Ge3,-2.4032,0.918,Semiconductor,Im-3m,229,40
Ca2Cd4In4Ga8Si2Sn5Ge4(Sb4As)2_id865_E-2.40.cif,Ca2Cd4In4Ga8Si2Sn5Ge4(Sb4As)2,-2.3974,0.0,Metal,P1,1,117
KS_id2375_E-2.40.cif,KS,-2.3966,0.262,Semiconductor,P1,1,16
Li4NO_id2534_E-2.40.cif,Li4NO,-2.3964,0.0,Metal,P4_2/mmc,131,12
Li2ZnGa3_id1656_E-2.40.cif,Li2ZnGa3,-2.3953,1.623,Semiconductor,P1,1,18
Li2Cd2InGa4Ge_id672_E-2.39.cif,Li2Cd2InGa4Ge,-2.3948,0.0,Metal,C2/c,15,40
In2GaSe_id1811_E-2.39.cif,In2GaSe,-2.3947,0.0,Metal,P6_522,179,24
ZnGa2_id1879_E-2.39.cif,ZnGa2,-2.394,0.0,Metal,Pa-3,205,12
LiTiZnO8_id1399_E-2.39.cif,LiTiZnO8,-2.3938,0.0,Metal,Pban,50,22
BaNa2BeZn2Ga(SO2)4_id635_E-2.39.cif,BaNa2BeZn2Ga(SO2)4,-2.3929,2.574,Semiconductor,Pmmn,59,38
Li5O14_id1060_E-2.39.cif,Li5O14,-2.3901,0.483,Semiconductor,P4_2,77,38
KBaMg2GeTe8Se10(S2O)2_id281_E-2.39.cif,KBaMg2GeTe8Se10(S2O)2,-2.3888,0.109,Semiconductor,P1,1,116
K7Ba3NaSr2GaSbSeO5_id212_E-2.39.cif,K7Ba3NaSr2GaSbSeO5,-2.3883,3.093,Semiconductor,P1,1,84
Be(ZnB3)2_id934_E-2.39.cif,Be(ZnB3)2,-2.3881,3.672,Insulator,P1,1,36
K4SrZn4CdO8_id2308_E-2.39.cif,K4SrZn4CdO8,-2.3878,3.309,Semiconductor,P1,1,36
K3(GeAs)2_id3003_E-2.39.cif,K3(GeAs)2,-2.3852,0.03,Metal,P4_122,91,28
BaSc2O3_id997_E-2.38.cif,BaSc2O3,-2.3836,0.343,Semiconductor,P1,1,36
BaNaCaSnGe_id3293_E-2.38.cif,BaNaCaSnGe,-2.3826,0.363,Semiconductor,P3_1,144,15
Cd3In5Sn6_id2767_E-2.38.cif,Cd3In5Sn6,-2.3812,0.0,Metal,Aem2,39,56
Ba2LiCaScIn_id855_E-2.38.cif,Ba2LiCaScIn,-2.381,0.0,Metal,P4/mmm,123,6
Li4ZnGa5_id1733_E-2.38.cif,Li4ZnGa5,-2.3783,0.0,Metal,P42_12,90,20
Mg3ScAl3(AsP)3_id2962_E-2.38.cif,Mg3ScAl3(AsP)3,-2.3765,0.217,Semiconductor,P31c,159,26
CdIn3Ga_id578_E-2.38.cif,CdIn3Ga,-2.3764,0.0,Metal,P4_2/mmc,131,10
Li2CaCdInGaSn2_id417_E-2.38.cif,Li2CaCdInGaSn2,-2.3762,0.0,Metal,P6_5,170,48
In_id2651_E-2.38.cif,In,-2.3758,0.0,Metal,P23,195,12
Li6MgGe_id315_E-2.37.cif,Li6MgGe,-2.3749,0.0,Metal,Fm-3m,225,32
Li3ScGa3_id3289_E-2.37.cif,Li3ScGa3,-2.3713,0.0,Metal,P6_3/m,176,14
LiCa3P_id2503_E-2.37.cif,LiCa3P,-2.3701,0.0,Metal,Pm-3m,221,5
KLiBe(GaO8)2_id1463_E-2.37.cif,KLiBe(GaO8)2,-2.3671,2.693,Semiconductor,Pna2_1,33,84
ScZnSi2TeO16_id495_E-2.36.cif,ScZnSi2TeO16,-2.3647,2.824,Semiconductor,Pc,7,42
AlZnIn2SiSnSbTe3As_id1736_E-2.36.cif,AlZnIn2SiSnSbTe3As,-2.3633,0.012,Metal,P2_1/m,11,22
K2Mg2Sc2AlZn8Ga11Te2Se2(SO2)2_id904_E-2.36.cif,K2Mg2Sc2AlZn8Ga11Te2Se2(SO2)2,-2.363,0.0,Metal,P1,1,144
Li4In14Sn_id2546_E-2.36.cif,Li4In14Sn,-2.3617,0.0,Metal,P6,168,19
LiGeAs_id806_E-2.36.cif,LiGeAs,-2.3614,0.858,Semiconductor,P6_522,179,18
K4Be10Zn3Ga4B6P6C2(NO2)2_id2462_E-2.36.cif,K4Be10Zn3Ga4B6P6C2(NO2)2,-2.3614,3.359,Semiconductor,P1,1,82
LiMg2Al6Zn5S2_id914_E-2.36.cif,LiMg2Al6Zn5S2,-2.3608,0.0,Metal,P1,1,32
Ba2GaSb7Te_id2987_E-2.36.cif,Ba2GaSb7Te,-2.3608,0.349,Semiconductor,P1,1,44
Na2Li11Mg2AlGa2Sb(PO7)2_id1897_E-2.36.cif,Na2Li11Mg2AlGa2Sb(PO7)2,-2.3606,0.828,Semiconductor,P1,1,70
Sc2Cd2Sn_id834_E-2.36.cif,Sc2Cd2Sn,-2.3597,0.143,Semiconductor,P4/mmm,123,20
SrSc(TeO4)3_id1723_E-2.36.cif,SrSc(TeO4)3,-2.358,0.0,Metal,P-31c,163,34
BaLi12Zn12(Ga3Sn)4_id2269_E-2.35.cif,BaLi12Zn12(Ga3Sn)4,-2.3548,0.323,Semiconductor,Im-3,204,82
Be4Zn2In2Ga_id1757_E-2.35.cif,Be4Zn2In2Ga,-2.3543,0.0,Metal,C222,21,18
K3Zn2In(Sb2O3)2_id2285_E-2.35.cif,K3Zn2In(Sb2O3)2,-2.3514,2.483,Semiconductor,P-3m1,164,16
Na2Li15Al4Cd2Ga2Sb2Te4S2(NO3)2_id2934_E-2.35.cif,Na2Li15Al4Cd2Ga2Sb2Te4S2(NO3)2,-2.3507,0.946,Semiconductor,P1,1,82
KLiP_id1053_E-2.35.cif,KLiP,-2.3491,2.034,Semiconductor,P4_2/m,84,12
NaAl_id906_E-2.35.cif,NaAl,-2.3478,0.0,Metal,I4_1/amd,141,8
KCd(Te2Se)2_id1806_E-2.35.cif,KCd(Te2Se)2,-2.3468,0.119,Semiconductor,P4bm,100,16
Ba2Sr2Mg2GaAs5_id2558_E-2.35.cif,Ba2Sr2Mg2GaAs5,-2.3466,1.204,Semiconductor,Pbam,55,24
Al2Ga_id3034_E-2.35.cif,Al2Ga,-2.3458,0.0,Metal,P4_12_12,92,24
CaMg2BeAl3ZnGaSnTeSO_id2777_E-2.34.cif,CaMg2BeAl3ZnGaSnTeSO,-2.3442,1.162,Semiconductor,P1,1,52
Na4Cd3In5Sn4Sb4(TeS)4_id1420_E-2.34.cif,Na4Cd3In5Sn4Sb4(TeS)4,-2.3435,2.12,Semiconductor,I-42m,121,56
Cd4SbSe2_id746_E-2.34.cif,Cd4SbSe2,-2.3389,0.0,Metal,I4_1/a,88,28
Al8Ga_id1717_E-2.34.cif,Al8Ga,-2.3368,0.0,Metal,Pbcm,57,36
BaNaSrCdGaP_id2335_E-2.34.cif,BaNaSrCdGaP,-2.3365,0.043,Metal,P3m1,156,18
MgSn_id2707_E-2.33.cif,MgSn,-2.335,0.0,Metal,P6/mmm,191,12
K4ZnCd4Ga2Ge8(TeAs)4_id17_E-2.33.cif,K4ZnCd4Ga2Ge8(TeAs)4,-2.3344,0.308,Semiconductor,P4_2/mcm,132,54
Ba(LiAl)3_id1929_E-2.33.cif,Ba(LiAl)3,-2.3343,0.0,Metal,P6_3/m,176,14
BaZnGa_id2770_E-2.33.cif,BaZnGa,-2.3317,0.0,Metal,Ibam,72,24
Na2CdIn2Ga3_id2851_E-2.33.cif,Na2CdIn2Ga3,-2.3307,0.0,Metal,P-4m2,115,8
KNaInSn_id338_E-2.33.cif,KNaInSn,-2.3304,0.072,Semiconductor,F-43m,216,16
K2NaSrLi2Al2Ge2B3P_id1567_E-2.33.cif,K2NaSrLi2Al2Ge2B3P,-2.3301,0.552,Semiconductor,P1,1,28
BaLi6Be2Zn2O2_id1547_E-2.33.cif,BaLi6Be2Zn2O2,-2.3301,2.601,Semiconductor,P1,1,52
LiMg4Ti2In8GaSn8_id590_E-2.33.cif,LiMg4Ti2In8GaSn8,-2.3293,1.415,Semiconductor,P6_3cm,185,48
Al4Ga3_id1043_E-2.33.cif,Al4Ga3,-2.3287,4.5,Insulator,P-3m1,164,7
Ti15(Zn2Ga)2_id688_E-2.33.cif,Ti15(Zn2Ga)2,-2.3275,1.594,Semiconductor,P2,3,42
KNaInGeAs_id550_E-2.33.cif,KNaInGeAs,-2.3268,0.057,Semiconductor,P4nc,104,40
Ba2Ti2In2Ga6Si2Sb4Te10Se3S2_id991_E-2.33.cif,Ba2Ti2In2Ga6Si2Sb4Te10Se3S2,-2.3255,1.476,Semiconductor,Cc,9,132
Cd5In6Ga6GeAsSe2S7_id1848_E-2.33.cif,Cd5In6Ga6GeAsSe2S7,-2.3252,0.212,Semiconductor,P1,1,28
Li2Ca2Sc4In5GaSn2_id608_E-2.32.cif,Li2Ca2Sc4In5GaSn2,-2.323,1.129,Semiconductor,P4_2/m,84,32
K4CaIn12_id718_E-2.32.cif,K4CaIn12,-2.3209,0.0,Metal,Im-3,204,34
Li6Ti_id2650_E-2.31.cif,Li6Ti,-2.315,0.025,Metal,Pmma,51,14
Li4Mg6Zn3Cd2In9Ga2Sn2(SbTe5)2_id1670_E-2.31.cif,Li4Mg6Zn3Cd2In9Ga2Sn2(SbTe5)2,-2.3149,0.0,Metal,C2,5,80
BaLi4(In2Sn)4_id2695_E-2.31.cif,BaLi4(In2Sn)4,-2.3144,0.0,Metal,P4_2/nmc,137,34
MgGa2_id1852_E-2.31.cif,MgGa2,-2.3137,0.0,Metal,I4_1/amd,141,12
Li4Mg3InTe4_id306_E-2.31.cif,Li4Mg3InTe4,-2.3134,0.0,Metal,P4bm,100,24
Li3Ga5Ge_id938_E-2.31.cif,Li3Ga5Ge,-2.3126,0.586,Semiconductor,Cmcm,63,36
Na24B(PO)12_id885_E-2.31.cif,Na24B(PO)12,-2.3118,2.51,Semiconductor,I432,211,98
Na5Li8Mg2GaSnGe2Te4(S5O)4_id3124_E-2.31.cif,Na5Li8Mg2GaSnGe2Te4(S5O)4,-2.31,1.871,Semiconductor,P1,1,47
Li2Ga_id2047_E-2.31.cif,Li2Ga,-2.3093,0.0,Metal,Cmme,67,24
LiMgCdIn2GaSn4_id134_E-2.31.cif,LiMgCdIn2GaSn4,-2.3083,0.0,Metal,P6_5,170,60
Zn3In14Ga2Sn6(GeSb2)2_id419_E-2.31.cif,Zn3In14Ga2Sn6(GeSb2)2,-2.3064,0.0,Metal,P1,1,93
Li2MgZn2CdIn2(SO)2_id2042_E-2.31.cif,Li2MgZn2CdIn2(SO)2,-2.306,0.0,Metal,Pnn2,34,24
BeO_id1559_E-2.31.cif,BeO,-2.3055,3.648,Insulator,P4/mmm,123,4
Cd6Ga2(GeN2)3_id2272_E-2.30.cif,Cd6Ga2(GeN2)3,-2.3032,1.154,Semiconductor,P1,1,68
Li8MgZn6Cd2B4(NO9)2_id851_E-2.30.cif,Li8MgZn6Cd2B4(NO9)2,-2.3009,2.731,Semiconductor,P4_2,77,82
K11Na4O5_id557_E-2.30.cif,K11Na4O5,-2.3007,0.957,Semiconductor,P2_12_12,18,80
Li4InSn_id2145_E-2.30.cif,Li4InSn,-2.2994,0.0,Metal,Ccc2,37,24
Al16Zn3CdGaB_id2143_E-2.30.cif,Al16Zn3CdGaB,-2.2991,0.015,Metal,Cmme,67,88
Li3CaSc_id1845_E-2.29.cif,Li3CaSc,-2.2946,0.0,Metal,P-6c2,188,10
Ba2Sr2CaCdGe2_id1392_E-2.29.cif,Ba2Sr2CaCdGe2,-2.2945,0.0,Metal,Pm,6,32
Na2LiSb_id791_E-2.29.cif,Na2LiSb,-2.2925,0.639,Semiconductor,P4_2/mcm,132,16
MgAl_id186_E-2.29.cif,MgAl,-2.2916,0.0,Metal,Fm-3m,225,16
MgAl_id440_E-2.29.cif,MgAl,-2.2913,0.0,Metal,Fm-3m,225,8
LiSc(AlZn2)2_id1671_E-2.29.cif,LiSc(AlZn2)2,-2.2905,0.0,Metal,P6_122,178,48
Mg5ScZn_id6_E-2.29.cif,Mg5ScZn,-2.2899,0.874,Semiconductor,F-43m,216,28
LiP2S3_id1212_E-2.29.cif,LiP2S3,-2.2894,4.068,Insulator,P1,1,24
Zn2In2GaSe_id1124_E-2.29.cif,Zn2In2GaSe,-2.2887,0.0,Metal,I4cm,108,24
Mg6ScIn2_id3164_E-2.29.cif,Mg6ScIn2,-2.2879,0.0,Metal,P6/mmm,191,9
Li6ScZn2Ga19_id2075_E-2.29.cif,Li6ScZn2Ga19,-2.2869,0.0,Metal,P1,1,56
Sb_id167_E-2.29.cif,Sb,-2.2863,0.0,Metal,P4/mmm,123,4
BaSrZnGaBSO13_id392_E-2.28.cif,BaSrZnGaBSO13,-2.2824,0.909,Semiconductor,Pm,6,38
Zn2Ga2Sn(SbTe)2_id377_E-2.28.cif,Zn2Ga2Sn(SbTe)2,-2.2804,0.064,Semiconductor,P3_221,154,27
LiAl2Zn_id3278_E-2.28.cif,LiAl2Zn,-2.2801,0.0,Metal,I-42d,122,16
Li2Ga(SbAs2)2_id462_E-2.28.cif,Li2Ga(SbAs2)2,-2.2778,0.573,Semiconductor,Pm,6,36
ScZn3In2_id2446_E-2.28.cif,ScZn3In2,-2.2773,0.0,Metal,Immm,71,12
Mg2In2Sn_id2729_E-2.28.cif,Mg2In2Sn,-2.2772,0.0,Metal,Pa-3,205,20
K3(CdSn)4_id333_E-2.27.cif,K3(CdSn)4,-2.2745,0.041,Metal,I-43m,217,22
CaMgIn_id824_E-2.27.cif,CaMgIn,-2.2733,0.0,Metal,Ibca,73,24
Al13In4Sn_id1982_E-2.27.cif,Al13In4Sn,-2.2719,0.0,Metal,P1,1,72
Li3Be4Al2Si7_id228_E-2.27.cif,Li3Be4Al2Si7,-2.2712,0.099,Semiconductor,Pm,6,32
LiMg4In2Sn_id1173_E-2.27.cif,LiMg4In2Sn,-2.2709,0.0,Metal,P4/mmm,123,8
Li3BeAlZnGaPSe2O11_id1891_E-2.27.cif,Li3BeAlZnGaPSe2O11,-2.2697,2.919,Semiconductor,Pm,6,42
KZn2Cd8GeS17_id2813_E-2.27.cif,KZn2Cd8GeS17,-2.2693,2.303,Semiconductor,Pm,6,29
MgScZnCdInSn2SbTe12Se_id616_E-2.27.cif,MgScZnCdInSn2SbTe12Se,-2.2677,0.636,Semiconductor,I4mm,107,42
Ca2ScZn2CdGa6_id1875_E-2.27.cif,Ca2ScZn2CdGa6,-2.2654,0.002,Metal,Pm,6,48
K2Sb3_id1458_E-2.27.cif,K2Sb3,-2.2651,0.543,Semiconductor,Pn-3,201,20
Na2Zn4InGa4Sn2Te28As4(Se5S2)4_id113_E-2.26.cif,Na2Zn4InGa4Sn2Te28As4(Se5S2)4,-2.264,1.93,Semiconductor,P-4,81,73
NaIn4Ga_id2439_E-2.26.cif,NaIn4Ga,-2.2632,0.034,Metal,P4/ncc,130,24
LiAl_id2234_E-2.26.cif,LiAl,-2.2592,0.0,Metal,P4_12_12,92,16
Mg2Al2Cd(InGa)2_id3311_E-2.26.cif,Mg2Al2Cd(InGa)2,-2.2572,0.0,Metal,C222,21,18
Ca4BeAl2B(S4O5)2_id2130_E-2.26.cif,Ca4BeAl2B(S4O5)2,-2.2567,3.468,Semiconductor,P-4,81,52
In2Ga2Sn4As2P2S3_id788_E-2.26.cif,In2Ga2Sn4As2P2S3,-2.2551,1.224,Semiconductor,P4nc,104,60
InSn2Sb5(SeO)2_id1974_E-2.25.cif,InSn2Sb5(SeO)2,-2.2547,0.177,Semiconductor,Pnn2,34,24
Li4GeAs_id3189_E-2.25.cif,Li4GeAs,-2.2515,0.744,Semiconductor,P42_12,90,12
Li2Mg4ZnCdSi2Sn2Te3AsP_id2108_E-2.25.cif,Li2Mg4ZnCdSi2Sn2Te3AsP,-2.2497,0.0,Metal,P1,1,68
BaLiMg2GaS2_id1319_E-2.25.cif,BaLiMg2GaS2,-2.2494,3.259,Semiconductor,Pm,6,56
SiSnAs3PS_id2904_E-2.25.cif,SiSnAs3PS,-2.2487,0.2,Semiconductor,P4_32_12,96,56
LiCaMg2As_id1586_E-2.25.cif,LiCaMg2As,-2.2462,0.0,Metal,P4nc,104,40
Mg6SnN_id480_E-2.24.cif,Mg6SnN,-2.2435,0.0,Metal,Pm-3m,221,8
Li14Ga24Ge13_id297_E-2.24.cif,Li14Ga24Ge13,-2.2428,0.0,Metal,Im-3,204,102
Ca2MgAl_id1800_E-2.24.cif,Ca2MgAl,-2.242,0.0,Metal,P6_3/mmc,194,8
Cd2Ga2Sn3_id1523_E-2.24.cif,Cd2Ga2Sn3,-2.2401,0.0,Metal,C222,21,14
Ba2Na4Ca2Be4AlGa5Ge2(As3P)2_id32_E-2.24.cif,Ba2Na4Ca2Be4AlGa5Ge2(As3P)2,-2.2391,0.019,Metal,Pm,6,112
KMgScAl2GaSi5Ge_id3166_E-2.24.cif,KMgScAl2GaSi5Ge,-2.2386,1.868,Semiconductor,P1,1,48
MgAl2Ga_id861_E-2.24.cif,MgAl2Ga,-2.2377,0.0,Metal,I-42d,122,16
KTi3Be3Al2ZnGaGeAs2PS2_id1063_E-2.24.cif,KTi3Be3Al2ZnGaGeAs2PS2,-2.236,2.427,Semiconductor,Pm,6,34
CaZnIn_id1704_E-2.23.cif,CaZnIn,-2.235,0.0,Metal,P6_3/mmc,194,6
LiMgAlZn_id1098_E-2.23.cif,LiMgAlZn,-2.2323,0.0,Metal,F-43m,216,16
BeAlZnCdInTe2Se3S14O_id2682_E-2.23.cif,BeAlZnCdInTe2Se3S14O,-2.2311,0.673,Semiconductor,Ama2,40,100
Cd3In4Ga3_id1965_E-2.23.cif,Cd3In4Ga3,-2.2303,0.0,Metal,I-43d,220,40
ScGa2_id1438_E-2.23.cif,ScGa2,-2.2298,4.199,Insulator,Pmm2,25,12
ZnCdTe3(AsSe)2_id1584_E-2.23.cif,ZnCdTe3(AsSe)2,-2.2285,0.784,Semiconductor,P1,1,54
Zn4Ga3S4_id1418_E-2.23.cif,Zn4Ga3S4,-2.2277,0.535,Semiconductor,P-42_1m,113,22
Na2Li2Ti4GeO27_id244_E-2.23.cif,Na2Li2Ti4GeO27,-2.2274,0.0,Metal,Ima2,46,144
SrMg(AlIn3)2_id1529_E-2.23.cif,SrMg(AlIn3)2,-2.2258,0.0,Metal,Pm,6,20
CaCd2In(Ga5Se)2_id2739_E-2.23.cif,CaCd2In(Ga5Se)2,-2.2257,0.0,Metal,P3_121,152,48
Na2In5_id3050_E-2.22.cif,Na2In5,-2.223,0.0,Metal,Cmmm,65,14
Li3GaSn6_id2266_E-2.22.cif,Li3GaSn6,-2.2225,0.0,Metal,P4/mmm,123,10
NaLi2MgScCdSnGe_id2899_E-2.22.cif,NaLi2MgScCdSnGe,-2.2174,1.814,Semiconductor,Pm,6,32
Sr2MgAl_id2401_E-2.21.cif,Sr2MgAl,-2.2145,0.0,Metal,Fm-3m,225,16
Li3Ca3CdAs_id2099_E-2.21.cif,Li3Ca3CdAs,-2.214,0.0,Metal,Pm-3m,221,8
BaLi3Al3Zn3In3SnGe3_id2596_E-2.21.cif,BaLi3Al3Zn3In3SnGe3,-2.2106,0.0,Metal,P6_3mc,186,34
K4Li6Be2Zn2Ga4Si6Sn4Ge7(Sb2P)2_id459_E-2.21.cif,K4Li6Be2Zn2Ga4Si6Sn4Ge7(Sb2P)2,-2.208,0.0,Metal,P1,1,164
K3Mg3Be3(Ga3Ge2)2_id3131_E-2.21.cif,K3Mg3Be3(Ga3Ge2)2,-2.2077,0.028,Metal,P1,1,38
MgZnIn2Sn_id2400_E-2.21.cif,MgZnIn2Sn,-2.2069,0.0,Metal,P6_2,171,30
Ca2MgTi3BeAl5Zn2Ga3GeN2O_id2490_E-2.21.cif,Ca2MgTi3BeAl5Zn2Ga3GeN2O,-2.2061,0.0,Metal,Ama2,40,84
Li3Mg2Be3AlZn3CdGa2(Si2Ge)2_id409_E-2.21.cif,Li3Mg2Be3AlZn3CdGa2(Si2Ge)2,-2.2058,2.729,Semiconductor,P4_3,78,84
Mg(AlGa)2_id742_E-2.20.cif,Mg(AlGa)2,-2.2028,0.0,Metal,P4_332,212,20
CdIn6Sn_id2131_E-2.20.cif,CdIn6Sn,-2.2022,0.0,Metal,P-4m2,115,8
Ba2NaGa_id2070_E-2.20.cif,Ba2NaGa,-2.2018,0.0,Metal,Fm-3m,225,16
Na(LiAl)2_id9_E-2.20.cif,Na(LiAl)2,-2.2017,0.0,Metal,Fmm2,42,20
Ti5Al2Zn15GaO5_id88_E-2.20.cif,Ti5Al2Zn15GaO5,-2.2016,3.623,Insulator,Pm,6,112
KLi2Mg2Sc(GaGe)2_id1684_E-2.20.cif,KLi2Mg2Sc(GaGe)2,-2.2015,3.189,Semiconductor,P-3m1,164,10
Li3ScInSbTe5(Se2S3)2_id8_E-2.20.cif,Li3ScInSbTe5(Se2S3)2,-2.2007,0.319,Semiconductor,P1,1,84
KCdSn_id439_E-2.20.cif,KCdSn,-2.2002,0.0,Metal,P6_3/mmc,194,6
NaMgSc2SbO16_id2261_E-2.20.cif,NaMgSc2SbO16,-2.1984,0.942,Semiconductor,P1,1,42
C_id2883_E-2.20.cif,C,-2.1981,0.0,Metal,Pbcn,60,12
C_id1106_E-2.20.cif,C,-2.1981,0.0,Metal,Im-3m,229,2
Na2Sn_id1254_E-2.20.cif,Na2Sn,-2.1965,0.093,Semiconductor,P4/mmm,123,12
Sr12Li6NO12_id51_E-2.20.cif,Sr12Li6NO12,-2.1963,4.363,Insulator,Im-3m,229,62
K2MgZnSi4_id231_E-2.20.cif,K2MgZnSi4,-2.1962,0.761,Semiconductor,P3_121,152,24
Li2C2N4O13_id215_E-2.19.cif,Li2C2N4O13,-2.1892,0.156,Semiconductor,Cc,9,84
Li12Be2Zn4Ga4Ge4B2O13_id515_E-2.19.cif,Li12Be2Zn4Ga4Ge4B2O13,-2.1885,1.07,Semiconductor,Pccn,56,164
In_id2657_E-2.19.cif,In,-2.1884,0.0,Metal,P6_3/m,176,8
NaAlZnSi_id2385_E-2.18.cif,NaAlZnSi,-2.1847,0.153,Semiconductor,P1,1,32
K4Na4Mg4Te8(AsO4)3_id2802_E-2.18.cif,K4Na4Mg4Te8(AsO4)3,-2.1828,2.467,Semiconductor,P1,1,35
K7In3SbTe9_id3356_E-2.18.cif,K7In3SbTe9,-2.1822,0.0,Metal,P31m,157,20
Li2Be2Zn(SO)2_id39_E-2.18.cif,Li2Be2Zn(SO)2,-2.1782,0.209,Semiconductor,Pa-3,205,36
KTiBeZnGaTe3Se2S5_id2254_E-2.18.cif,KTiBeZnGaTe3Se2S5,-2.1767,0.369,Semiconductor,P1,1,60
Li3Zn4Ga3SiGe_id2333_E-2.18.cif,Li3Zn4Ga3SiGe,-2.1761,0.0,Metal,I2_12_12_1,24,48
KLi4TiAlZn3GeTeO_id3382_E-2.18.cif,KLi4TiAlZn3GeTeO,-2.1759,1.134,Semiconductor,P3_1,144,39
Na4AlGa4_id1622_E-2.17.cif,Na4AlGa4,-2.1726,0.0,Metal,I4/m,87,18
LiIn_id525_E-2.17.cif,LiIn,-2.1708,0.0,Metal,Pmmm,47,4
AlZnCd2(NO)2_id2169_E-2.17.cif,AlZnCd2(NO)2,-2.1701,0.0,Metal,Pa-3,205,32
MgAlZn3O16_id1177_E-2.17.cif,MgAlZn3O16,-2.17,0.0,Metal,P1,1,42
Na2Li3AlZn2Cd2Ga2Sn2As2P2SeS2_id1829_E-2.17.cif,Na2Li3AlZn2Cd2Ga2Sn2As2P2SeS2,-2.1683,0.017,Metal,P1,1,126
LiAl2Ga4Sn2TeSe5S8_id3015_E-2.17.cif,LiAl2Ga4Sn2TeSe5S8,-2.1658,1.82,Semiconductor,Ama2,40,92
LiCaIn2_id1305_E-2.16.cif,LiCaIn2,-2.1643,0.0,Metal,P4/mbm,127,8
Li2ScTiZnGaSn_id2571_E-2.16.cif,Li2ScTiZnGaSn,-2.1613,0.0,Metal,P3_1,144,21
Na2Li2Sc2B2As2C11S9N8_id1629_E-2.16.cif,Na2Li2Sc2B2As2C11S9N8,-2.1596,0.071,Semiconductor,P2/m,10,38
BaSi2Ge2As_id2368_E-2.16.cif,BaSi2Ge2As,-2.1564,0.0,Metal,Cm,8,12
K8Be2P7(S2O3)6_id1680_E-2.15.cif,K8Be2P7(S2O3)6,-2.151,3.166,Semiconductor,P1,1,47
K2Ba2Si2P_id5_E-2.15.cif,K2Ba2Si2P,-2.1476,0.0,Metal,P6_222,180,21
KLi4MgCdSn3_id979_E-2.15.cif,KLi4MgCdSn3,-2.1456,0.0,Metal,P3,143,10
K2Li2In(N2O15)2_id2646_E-2.15.cif,K2Li2In(N2O15)2,-2.1453,1.376,Semiconductor,P1,1,78
Mg6AlIn3Ga2_id3040_E-2.15.cif,Mg6AlIn3Ga2,-2.1452,0.0,Metal,P6/mmm,191,12
Li2Al2Zn2Ge_id1571_E-2.14.cif,Li2Al2Zn2Ge,-2.1449,0.0,Metal,P4nc,104,28
K8Na3Li3In3Ga3B3P3Se9(S6O)3_id1322_E-2.14.cif,K8Na3Li3In3Ga3B3P3Se9(S6O)3,-2.1446,1.55,Semiconductor,P-3,147,112
CaCd4Sn(Sb2Te)3_id507_E-2.14.cif,CaCd4Sn(Sb2Te)3,-2.143,1.367,Semiconductor,P1,1,15
CdIn5_id539_E-2.14.cif,CdIn5,-2.1429,0.0,Metal,Immm,71,12
NaAl2(ZnAs)2_id604_E-2.14.cif,NaAl2(ZnAs)2,-2.1416,0.02,Metal,I4/mcm,140,28
K2ZnSb6_id1926_E-2.14.cif,K2ZnSb6,-2.1414,1.505,Semiconductor,P4_332,212,36
NaIn_id309_E-2.14.cif,NaIn,-2.1394,0.513,Semiconductor,I4_1/amd,141,8
Ca2Ga2SiGe7_id1563_E-2.14.cif,Ca2Ga2SiGe7,-2.1379,0.0,Metal,Pbam,55,24
KLiGa3_id1014_E-2.14.cif,KLiGa3,-2.1372,0.151,Semiconductor,P6_5,170,30
Na(MgIn)2_id1354_E-2.13.cif,Na(MgIn)2,-2.1335,0.0,Metal,P4/nmm,129,20
LiAl2Cd2GaSn2_id716_E-2.13.cif,LiAl2Cd2GaSn2,-2.1313,0.0,Metal,P4/mmm,123,8
Mg2BN8_id1159_E-2.13.cif,Mg2BN8,-2.1313,0.443,Semiconductor,P1,1,22
K2Na6Mg2In5Ga4Sn3_id642_E-2.13.cif,K2Na6Mg2In5Ga4Sn3,-2.1307,0.081,Semiconductor,P-1,2,22
Cd2Ga3_id2185_E-2.13.cif,Cd2Ga3,-2.1301,0.0,Metal,Cmce,64,20
NaGaSiTe2P4Se3S8O_id645_E-2.13.cif,NaGaSiTe2P4Se3S8O,-2.1271,0.883,Semiconductor,P4_1,76,84
NaSn_id1081_E-2.13.cif,NaSn,-2.126,0.004,Metal,F-43m,216,8
Li6Zn3In6Ga_id737_E-2.13.cif,Li6Zn3In6Ga,-2.1251,0.0,Metal,P6/mmm,191,16
NaGa(BO)2_id561_E-2.12.cif,NaGa(BO)2,-2.1247,8.531,Insulator,Pm-3n,223,36
As2P3_id2984_E-2.12.cif,As2P3,-2.1233,3.916,Insulator,Pmna,53,20
NaLi6Ca2Sc(GaO6)2_id627_E-2.12.cif,NaLi6Ca2Sc(GaO6)2,-2.1227,0.225,Semiconductor,C2/m,12,48
Li4Ga_id1909_E-2.12.cif,Li4Ga,-2.1223,0.0,Metal,Im-3m,229,10
CaZn2S2N_id2845_E-2.12.cif,CaZn2S2N,-2.1204,0.0,Metal,P1,1,24
K2Li2Mg4ScZn2InSnGe_id414_E-2.12.cif,K2Li2Mg4ScZn2InSnGe,-2.1188,0.0,Metal,Pmna,53,28
NO42_id2043_E-2.12.cif,NO42,-2.1187,0.335,Semiconductor,P1,1,43
KGa4_id2622_E-2.12.cif,KGa4,-2.1182,0.0,Metal,P4_2/n,86,10
Li6AlZn2(In8Ga)2_id664_E-2.12.cif,Li6AlZn2(In8Ga)2,-2.1175,0.0,Metal,P2,3,27
Ca7In6_id450_E-2.11.cif,Ca7In6,-2.1149,0.0,Metal,P1,1,26
Mg2Ga_id3026_E-2.11.cif,Mg2Ga,-2.1149,0.0,Metal,I4/mcm,140,12
As2PSeS16_id949_E-2.11.cif,As2PSeS16,-2.1133,1.6,Semiconductor,P2_1,4,40
Li7Sc2_id2510_E-2.11.cif,Li7Sc2,-2.1126,0.221,Semiconductor,Pn-3m,224,18
Li4Al3Zn2Cd(InGa3)2_id704_E-2.11.cif,Li4Al3Zn2Cd(InGa3)2,-2.1122,0.053,Semiconductor,P1,1,72
KBaIn4_id1413_E-2.11.cif,KBaIn4,-2.1101,0.0,Metal,Pmma,51,12
Ca2Mg4ScIn2_id3168_E-2.11.cif,Ca2Mg4ScIn2,-2.1088,0.0,Metal,Cmce,64,36
ZnCdSeS_id1199_E-2.11.cif,ZnCdSeS,-2.1081,1.472,Semiconductor,P1,1,24
Be7Al8Ga_id1380_E-2.11.cif,Be7Al8Ga,-2.1073,0.217,Semiconductor,P1,1,32
Li7(ZnAs)3_id1885_E-2.11.cif,Li7(ZnAs)3,-2.1061,0.303,Semiconductor,R32,155,78
KNa9In2Ga15_id3154_E-2.11.cif,KNa9In2Ga15,-2.1059,0.0,Metal,P-31m,162,27
K3Mg2Zn2Ga(SeO)2_id2209_E-2.10.cif,K3Mg2Zn2Ga(SeO)2,-2.1031,0.013,Metal,P-1,2,24
Li2Zn2SiGeS3O4_id1139_E-2.10.cif,Li2Zn2SiGeS3O4,-2.1028,0.385,Semiconductor,Pm,6,26
KNa4Al2(In2Sn)2_id2949_E-2.10.cif,KNa4Al2(In2Sn)2,-2.1024,0.089,Semiconductor,P4/ncc,130,52
In6Ga_id2801_E-2.10.cif,In6Ga,-2.1022,0.0,Metal,P6/mcc,192,56
Mg2Ga_id335_E-2.10.cif,Mg2Ga,-2.1021,0.0,Metal,Pa-3,205,12
K3AlGa3Ge_id1690_E-2.10.cif,K3AlGa3Ge,-2.0977,0.0,Metal,Ama2,40,16
Ba4Ca3In_id1171_E-2.10.cif,Ba4Ca3In,-2.0961,0.0,Metal,Im-3m,229,16
NaLiZn3GaGe_id1388_E-2.10.cif,NaLiZn3GaGe,-2.0961,0.0,Metal,P3c1,158,14
CaZnSn4SbTe8Se(SO3)4_id3048_E-2.10.cif,CaZnSn4SbTe8Se(SO3)4,-2.0955,3.929,Insulator,C2,5,64
Li6TiZn5GaSn_id1389_E-2.09.cif,Li6TiZn5GaSn,-2.0926,0.0,Metal,C2/c,15,56
Ba4Li2Ca4Cd(InSn)2_id541_E-2.09.cif,Ba4Li2Ca4Cd(InSn)2,-2.0871,0.108,Semiconductor,Cmce,64,60
AlZn2_id1376_E-2.08.cif,AlZn2,-2.0847,0.0,Metal,Ia-3d,230,72
K2NaMgIn3GaSn7Sb3TeSe2_id1734_E-2.08.cif,K2NaMgIn3GaSn7Sb3TeSe2,-2.0837,0.143,Semiconductor,P1,1,84
SrSb12Te_id2390_E-2.08.cif,SrSb12Te,-2.0823,1.618,Semiconductor,Amm2,38,28
K3ZnIn3Ga12Sn_id69_E-2.08.cif,K3ZnIn3Ga12Sn,-2.0817,0.009,Metal,Cmm2,35,40
Al2Zn2In7(TeSe5)2_id491_E-2.08.cif,Al2Zn2In7(TeSe5)2,-2.0794,1.48,Semiconductor,P2_12_12,18,46
BaCdIn3_id2774_E-2.07.cif,BaCdIn3,-2.0744,0.0,Metal,Imm2,44,10
K2Li4Zn5Ga2GeSb4_id362_E-2.07.cif,K2Li4Zn5Ga2GeSb4,-2.0736,0.0,Metal,P-4,81,18
Ti2Zn5_id1381_E-2.07.cif,Ti2Zn5,-2.0734,0.0,Metal,Ccce,68,28
Na3Li3GeSb3(TeS)3_id1351_E-2.07.cif,Na3Li3GeSb3(TeS)3,-2.0731,1.826,Semiconductor,P1,1,128
Al8Ga13_id981_E-2.07.cif,Al8Ga13,-2.0715,0.0,Metal,P2,3,21
Li2Sc2Ti2Be2Al3Zn6Cd4Ga(SnO2)2_id1093_E-2.07.cif,Li2Sc2Ti2Be2Al3Zn6Cd4Ga(SnO2)2,-2.0694,1.313,Semiconductor,Pm,6,56
Mg3Al2_id3095_E-2.07.cif,Mg3Al2,-2.0684,0.0,Metal,Pn-3m,224,10
KMgIn3_id3153_E-2.06.cif,KMgIn3,-2.0631,0.0,Metal,Pm-3m,221,5
MgScTiCdSe_id1107_E-2.06.cif,MgScTiCdSe,-2.0627,0.274,Semiconductor,P4mm,99,5
Zn(InGa2)2_id2140_E-2.06.cif,Zn(InGa2)2,-2.0612,0.0,Metal,P4/mmm,123,14
KNa6Sn2Ge_id230_E-2.06.cif,KNa6Sn2Ge,-2.0597,0.0,Metal,P312,149,10
ScGaSnGeTe_id563_E-2.06.cif,ScGaSnGeTe,-2.059,1.41,Semiconductor,Pmmn,59,10
NaLiAlGa_id1350_E-2.06.cif,NaLiAlGa,-2.057,0.0,Metal,P6_5,170,24
NaCdSn_id1756_E-2.06.cif,NaCdSn,-2.0564,0.0,Metal,P4/nmm,129,6
Li7Al2O2_id924_E-2.06.cif,Li7Al2O2,-2.0554,0.0,Metal,P2,3,11
ZnCdSe_id1391_E-2.05.cif,ZnCdSe,-2.0546,0.0,Metal,P3_121,152,18
Zn3CdGaO13_id19_E-2.05.cif,Zn3CdGaO13,-2.0522,1.04,Semiconductor,P1,1,54
NaLiGa_id558_E-2.05.cif,NaLiGa,-2.0504,0.0,Metal,R-3m,166,18
LiSb3Se4(SO2)2_id3138_E-2.05.cif,LiSb3Se4(SO2)2,-2.05,0.402,Semiconductor,I-42m,121,56
K7S9_id2208_E-2.05.cif,K7S9,-2.0499,2.032,Semiconductor,P1,1,16
K6Li3MgZn3In6Te3(SeS)3_id2933_E-2.05.cif,K6Li3MgZn3In6Te3(SeS)3,-2.0494,0.037,Metal,Pm,6,56
K12Na4Li6Mg4AlZn5Si4Sb4Te10As4(SeO)6_id803_E-2.05.cif,K12Na4Li6Mg4AlZn5Si4Sb4Te10As4(SeO)6,-2.0489,1.835,Semiconductor,P1,1,66
LiZnInSn_id607_E-2.05.cif,LiZnInSn,-2.048,0.0,Metal,P4_2/mmc,131,8
Li6Ca(SnGe)2_id2850_E-2.05.cif,Li6Ca(SnGe)2,-2.0462,0.0,Metal,P1,1,22
Li22CaTi2Zn2O9_id784_E-2.04.cif,Li22CaTi2Zn2O9,-2.0446,0.922,Semiconductor,P1,1,72
K4Ba2InAs_id1554_E-2.04.cif,K4Ba2InAs,-2.0432,0.0,Metal,I4/mcm,140,32
Na2Li3Sc_id2985_E-2.04.cif,Na2Li3Sc,-2.042,0.0,Metal,P2/m,10,6
K2SrZnIn2GaSiSn4GeTe4As4PO7_id415_E-2.04.cif,K2SrZnIn2GaSiSn4GeTe4As4PO7,-2.0414,0.971,Semiconductor,P1,1,58
K4Li8Mg4Be4Zn2SnS8(NO10)4_id739_E-2.04.cif,K4Li8Mg4Be4Zn2SnS8(NO10)4,-2.0408,0.426,Semiconductor,P1,1,150
Ba2Na2MgAlCdInSn4As_id198_E-2.04.cif,Ba2Na2MgAlCdInSn4As,-2.0404,0.55,Semiconductor,P1,1,52
ScBe4Zn2GaSn2_id124_E-2.04.cif,ScBe4Zn2GaSn2,-2.0383,1.876,Semiconductor,P1,1,30
KCa2In_id1790_E-2.04.cif,KCa2In,-2.0381,0.0,Metal,Fm-3m,225,16
CaMgIn_id1537_E-2.04.cif,CaMgIn,-2.038,0.0,Metal,F-43m,216,12
KTi3_id1737_E-2.04.cif,KTi3,-2.0377,0.0,Metal,R-3,148,24
K2Li8Mg5Be4Zn4Ga5_id2363_E-2.04.cif,K2Li8Mg5Be4Zn4Ga5,-2.0371,0.0,Metal,C222,21,56
AlZn3Sn_id2055_E-2.03.cif,AlZn3Sn,-2.033,0.0,Metal,P4mm,99,10
Sr3B2AsP5O9_id2762_E-2.03.cif,Sr3B2AsP5O9,-2.0326,0.0,Metal,P1,1,40
Na6InSn2_id793_E-2.03.cif,Na6InSn2,-2.032,0.262,Semiconductor,P4_2/m,84,18
Te5S4_id1506_E-2.03.cif,Te5S4,-2.0301,2.364,Semiconductor,P-3m1,164,9
Ba6GaSn20_id1674_E-2.02.cif,Ba6GaSn20,-2.0243,0.0,Metal,Fm-3m,225,108
CdGe(AsSe)2_id2231_E-2.02.cif,CdGe(AsSe)2,-2.0239,0.257,Semiconductor,P1,1,12
Na(Li2Sn)2_id2479_E-2.02.cif,Na(Li2Sn)2,-2.0238,0.067,Semiconductor,Pnnn,48,14
Mg2ZnTe2_id3347_E-2.02.cif,Mg2ZnTe2,-2.0225,0.0,Metal,Pbca,61,20
AlS_id3242_E-2.02.cif,AlS,-2.0224,7.888,Insulator,P4_322,95,16
ZnN6_id3374_E-2.02.cif,ZnN6,-2.018,0.0,Metal,Ibam,72,28
K3Si12Sn24P12(Se3O4)4_id1779_E-2.02.cif,K3Si12Sn24P12(Se3O4)4,-2.0175,2.459,Semiconductor,P1,1,158
BaCd3Ga2_id234_E-2.02.cif,BaCd3Ga2,-2.0174,0.0,Metal,P-3m1,164,6
Cd9In14Sn3_id2846_E-2.02.cif,Cd9In14Sn3,-2.0159,0.0,Metal,P6cc,184,52
KZn10CdGa5BO2_id1593_E-2.02.cif,KZn10CdGa5BO2,-2.0152,0.028,Metal,Pc,7,40
CdSb_id3074_E-2.01.cif,CdSb,-2.0129,0.0,Metal,P4_122,91,8
MgP_id2518_E-2.01.cif,MgP,-2.0122,0.842,Semiconductor,P4/mmm,123,16
ZnIn7_id2892_E-2.01.cif,ZnIn7,-2.012,0.0,Metal,P-42c,112,16
KZnGa7Si_id2391_E-2.01.cif,KZnGa7Si,-2.0117,0.0,Metal,P1,1,40
Mg2ZnCd(GaO8)2_id3363_E-2.01.cif,Mg2ZnCd(GaO8)2,-2.0094,0.03,Metal,Pm,6,44
Mg3Ga_id1763_E-2.01.cif,Mg3Ga,-2.009,0.0,Metal,Pm-3n,223,8
ZnB_id64_E-2.01.cif,ZnB,-2.0079,0.0,Metal,I4/mmm,139,4
Ca9Sc_id65_E-2.01.cif,Ca9Sc,-2.0072,0.0,Metal,P-1,2,10
KInGe(Se4S5)2_id1934_E-2.01.cif,KInGe(Se4S5)2,-2.0072,3.342,Semiconductor,Pm,6,84
LiMg2Ti2Zn8InGa2(TeO10)2_id621_E-2.01.cif,LiMg2Ti2Zn8InGa2(TeO10)2,-2.0065,0.931,Semiconductor,P1,1,38
MgAlZnGa2_id796_E-2.01.cif,MgAlZnGa2,-2.0058,0.0,Metal,Pmmm,47,5
Mg2Zn2Ge_id1150_E-2.01.cif,Mg2Zn2Ge,-2.0057,0.0,Metal,Cmcm,63,20
Ba2Na2MgZnCd2(PO)2_id1061_E-2.01.cif,Ba2Na2MgZnCd2(PO)2,-2.0051,0.21,Semiconductor,C2/m,12,48
CaMgSc14Al(ZnGa)2_id288_E-2.00.cif,CaMgSc14Al(ZnGa)2,-2.0039,0.492,Semiconductor,P1,1,42
AlZn2_id1802_E-2.00.cif,AlZn2,-2.003,0.0,Metal,Pmma,51,6
K2Na2Sc3Te24(Se4S)2_id675_E-2.00.cif,K2Na2Sc3Te24(Se4S)2,-2.0015,1.319,Semiconductor,Pm,6,82
Ga5Sn4Ge_id1526_E-2.00.cif,Ga5Sn4Ge,-1.9995,0.0,Metal,P31m,157,10
Na4Cd3Sb2_id753_E-2.00.cif,Na4Cd3Sb2,-1.996,0.132,Semiconductor,P-3c1,165,18
Li6Al(TeSe)4_id2287_E-1.99.cif,Li6Al(TeSe)4,-1.9949,2.256,Semiconductor,P-43m,215,15
MgIn_id3202_E-1.99.cif,MgIn,-1.9928,0.0,Metal,Cmcm,63,8
Ba2AsPS_id320_E-1.99.cif,Ba2AsPS,-1.9918,0.0,Metal,P2/m,10,5
AsO_id2668_E-1.99.cif,AsO,-1.9903,1.586,Semiconductor,P4_32_12,96,8
ZnIn_id1339_E-1.99.cif,ZnIn,-1.9897,0.185,Semiconductor,I4_1/acd,142,32
Cd2As_id118_E-1.99.cif,Cd2As,-1.9876,0.0,Metal,P4_122,91,12
Li2Be4ZnGeSeO12_id2897_E-1.98.cif,Li2Be4ZnGeSeO12,-1.9848,1.561,Semiconductor,Pna2_1,33,84
ZnSi_id1404_E-1.98.cif,ZnSi,-1.9843,0.0,Metal,Pmmm,47,4
Sr2LiAl2ZnGaAs3_id1729_E-1.98.cif,Sr2LiAl2ZnGaAs3,-1.9842,2.581,Semiconductor,P1,1,30
Li3MgGaSiSn_id2896_E-1.98.cif,Li3MgGaSiSn,-1.984,2.554,Semiconductor,P4_2cm,101,56
Sr2LiZn2Ga3_id1140_E-1.98.cif,Sr2LiZn2Ga3,-1.9835,0.0,Metal,P-4m2,115,8
KLiCd2SnGeAsSeN_id131_E-1.98.cif,KLiCd2SnGeAsSeN,-1.9822,0.0,Metal,I4_1cd,110,144
Ba4As_id1074_E-1.98.cif,Ba4As,-1.9818,0.0,Metal,P4_2/nmc,137,10
K4Be2B(AsSe)2_id2639_E-1.98.cif,K4Be2B(AsSe)2,-1.9768,1.892,Semiconductor,Iba2,45,44
CdIn2_id2071_E-1.98.cif,CdIn2,-1.9762,0.0,Metal,P4_2/nmc,137,12
Li2Ga_id292_E-1.97.cif,Li2Ga,-1.9747,0.0,Metal,Pcc2,27,12
Li2P_id3359_E-1.97.cif,Li2P,-1.9744,2.955,Semiconductor,I4/mmm,139,12
Sr3In2_id2352_E-1.97.cif,Sr3In2,-1.9739,0.0,Metal,Cmm2,35,10
Mg2ScZn2_id2509_E-1.97.cif,Mg2ScZn2,-1.9723,0.0,Metal,Cmcm,63,20
ZnInGa8_id458_E-1.97.cif,ZnInGa8,-1.9711,0.0,Metal,P2/m,10,10
Cd3In3SnSb_id2052_E-1.97.cif,Cd3In3SnSb,-1.9695,0.0,Metal,P4mm,99,8
Mg2Al3Zn3Cd2In2Ga4(SnAs)2_id211_E-1.97.cif,Mg2Al3Zn3Cd2In2Ga4(SnAs)2,-1.9693,0.136,Semiconductor,P1,1,40
K2Li(TiBe)2_id2519_E-1.97.cif,K2Li(TiBe)2,-1.9692,1.995,Semiconductor,P6/mmm,191,21
ScZn2(CdGa2)3_id2520_E-1.97.cif,ScZn2(CdGa2)3,-1.9686,0.0,Metal,P6mm,183,24
K9Na2Li9Ca3Zn3In3Ga3Sn9Ge9(Sb2As)3_id995_E-1.97.cif,K9Na2Li9Ca3Zn3In3Ga3Sn9Ge9(Sb2As)3,-1.9676,0.536,Semiconductor,P1,1,59
Mg2CdSn4_id2935_E-1.97.cif,Mg2CdSn4,-1.9667,0.0,Metal,Cmm2,35,56
SrAl2Zn4Cd4Sn3_id2704_E-1.97.cif,SrAl2Zn4Cd4Sn3,-1.9662,0.0,Metal,P-42_1m,113,56
Sr3Li2As2(NO15)2_id876_E-1.97.cif,Sr3Li2As2(NO15)2,-1.9661,0.0,Metal,P1,1,156
Mg5In8_id1957_E-1.96.cif,Mg5In8,-1.9641,0.0,Metal,I4/m,87,26
CdGaGe_id1884_E-1.96.cif,CdGaGe,-1.9639,0.051,Semiconductor,Cmme,67,24
Mg2In3Ga4Sn3_id1386_E-1.96.cif,Mg2In3Ga4Sn3,-1.9597,0.07,Semiconductor,P6_2,171,72
Na2Li2Mg2Ti2Zn3Cd4(In3Sb)2_id2533_E-1.96.cif,Na2Li2Mg2Ti2Zn3Cd4(In3Sb)2,-1.957,0.0,Metal,P6,168,69
Na4SrLiIn_id1271_E-1.96.cif,Na4SrLiIn,-1.9557,0.125,Semiconductor,P1,1,14
Na3In5_id2289_E-1.95.cif,Na3In5,-1.953,0.179,Semiconductor,I-42d,122,32
KLi2Be7In4Ga2GeAs3Se_id2482_E-1.95.cif,KLi2Be7In4Ga2GeAs3Se,-1.9525,1.177,Semiconductor,P1,1,84
Sc3C5N3_id197_E-1.95.cif,Sc3C5N3,-1.9513,0.042,Metal,Cc,9,44
KLiZn3(SbSe)3_id1172_E-1.95.cif,KLiZn3(SbSe)3,-1.9489,1.35,Semiconductor,P31c,159,22
NaLi4MgGa3_id2746_E-1.94.cif,NaLi4MgGa3,-1.9444,0.0,Metal,C222,21,18
Ti3Be14ZnGa3_id410_E-1.94.cif,Ti3Be14ZnGa3,-1.9387,4.098,Insulator,P1,1,84
Li4Al(ZnGa)4_id1574_E-1.93.cif,Li4Al(ZnGa)4,-1.935,0.0,Metal,P-1,2,13
In_id111_E-1.93.cif,In,-1.934,2.27,Semiconductor,Pnnn,48,24
Na8Cd2Ga2Sn4Ge2As2P4SeO6_id1791_E-1.93.cif,Na8Cd2Ga2Sn4Ge2As2P4SeO6,-1.933,1.003,Semiconductor,P1,1,124
Sc2Al7(Ga3Te)2_id925_E-1.93.cif,Sc2Al7(Ga3Te)2,-1.9308,0.727,Semiconductor,P4_2/m,84,34
GaSe_id2448_E-1.93.cif,GaSe,-1.9298,1.933,Semiconductor,P4_232,208,24
BaCaTiGeNO8_id1026_E-1.93.cif,BaCaTiGeNO8,-1.9292,1.834,Semiconductor,P2,3,26
Ba3Na3SnGeS3O32_id852_E-1.93.cif,Ba3Na3SnGeS3O32,-1.9288,1.112,Semiconductor,P-3,147,86
AlZn3Ga14_id1138_E-1.93.cif,AlZn3Ga14,-1.926,0.0,Metal,I422,97,36
K2Na3CaZn3Sn3Sb_id2569_E-1.93.cif,K2Na3CaZn3Sn3Sb,-1.9259,0.0,Metal,P3,143,13
K2Si3Ge_id1062_E-1.93.cif,K2Si3Ge,-1.9257,0.0,Metal,P4_2bc,106,24
Li3Ca3Mg2In3Sn_id406_E-1.92.cif,Li3Ca3Mg2In3Sn,-1.9208,0.0,Metal,P6_3/mcm,193,24
K3Na4Li6Mg2GaSi4Sb3As4P3CS3N3O4_id2780_E-1.92.cif,K3Na4Li6Mg2GaSi4Sb3As4P3CS3N3O4,-1.9208,4.605,Insulator,P1,1,82
Sr5Li4(ZnP)2_id835_E-1.92.cif,Sr5Li4(ZnP)2,-1.9203,3.227,Semiconductor,P4_2/n,86,26
K3Cd3Ga6Si3Sb3P4N3O13_id1804_E-1.92.cif,K3Cd3Ga6Si3Sb3P4N3O13,-1.9195,1.295,Semiconductor,P3,143,38
KLiSn_id576_E-1.92.cif,KLiSn,-1.9193,2.202,Semiconductor,Pmmm,47,6
NaSr2In3Ga2Te2(Se2S)2_id3344_E-1.92.cif,NaSr2In3Ga2Te2(Se2S)2,-1.9167,0.025,Metal,Pm,6,64
Ga24Sn_id54_E-1.91.cif,Ga24Sn,-1.9115,0.0,Metal,P-62c,190,100
ZnIn7Ga2_id1847_E-1.91.cif,ZnIn7Ga2,-1.9106,0.0,Metal,P2_1,4,20
K2Na3Li3Ga2Si2As2S2O23_id1607_E-1.91.cif,K2Na3Li3Ga2Si2As2S2O23,-1.9094,1.81,Semiconductor,P1,1,39
BaNa5Al6_id1375_E-1.91.cif,BaNa5Al6,-1.9079,0.0,Metal,P-3c1,165,24
Na4LiMg3B4_id2961_E-1.91.cif,Na4LiMg3B4,-1.9054,0.0,Metal,P4_2/m,84,24
Li3In10Sn3O4_id401_E-1.91.cif,Li3In10Sn3O4,-1.9051,0.0,Metal,Pm-3m,221,60
NaSr6Zn6Ge7As_id2673_E-1.90.cif,NaSr6Zn6Ge7As,-1.9012,0.0,Metal,P6_322,182,42
GaSn2_id1390_E-1.90.cif,GaSn2,-1.9011,0.0,Metal,P4/mmm,123,3
BaSr2Li4Ca3TiAlSi3GeBCN7_id703_E-1.90.cif,BaSr2Li4Ca3TiAlSi3GeBCN7,-1.8992,0.36,Semiconductor,I4cm,108,100
Ga2Ge4SbAs14S_id1540_E-1.90.cif,Ga2Ge4SbAs14S,-1.8982,3.613,Insulator,I4/mmm,139,44
Li2AlZn2_id2263_E-1.90.cif,Li2AlZn2,-1.8963,0.0,Metal,P4/mmm,123,20
Li7Ca4(AlGa)6_id2426_E-1.89.cif,Li7Ca4(AlGa)6,-1.8947,0.304,Semiconductor,P1,1,23
Zn3Ga4_id903_E-1.89.cif,Zn3Ga4,-1.8939,0.0,Metal,Cmm2,35,14
Li3AlInSn(S2O5)4_id1665_E-1.89.cif,Li3AlInSn(S2O5)4,-1.8903,4.939,Insulator,P-4,81,34
CaAlZn8Ga_id1958_E-1.89.cif,CaAlZn8Ga,-1.8901,2.145,Semiconductor,I-4m2,119,22
Li2Zn2In_id1371_E-1.89.cif,Li2Zn2In,-1.8898,0.0,Metal,Cmme,67,20
Li_id369_E-1.89.cif,Li,-1.8852,4.632,Insulator,P1,1,20
K3AlSn3As4_id2038_E-1.88.cif,K3AlSn3As4,-1.8849,0.599,Semiconductor,P3m1,156,11
Li6Al3Ga2_id3066_E-1.88.cif,Li6Al3Ga2,-1.8835,0.0,Metal,C2/c,15,44
Li7Ge_id636_E-1.88.cif,Li7Ge,-1.8831,0.0,Metal,Ibca,73,64
TiAlZn2CdGaBPNO12_id1585_E-1.88.cif,TiAlZn2CdGaBPNO12,-1.8818,0.65,Semiconductor,Cc,9,84
MgCd4In2(GaSn)3_id2053_E-1.88.cif,MgCd4In2(GaSn)3,-1.8785,0.0,Metal,P3_112,151,78
NaMgZnGa3_id285_E-1.88.cif,NaMgZnGa3,-1.8767,0.0,Metal,Pnma,62,24
KBa6Cd7(GaAs3)2_id695_E-1.87.cif,KBa6Cd7(GaAs3)2,-1.8745,1.218,Semiconductor,Cmm2,35,22
Li4CaMg5In4_id1775_E-1.87.cif,Li4CaMg5In4,-1.8744,0.0,Metal,P3,143,28
Li2GaGeAs2P2S11_id952_E-1.87.cif,Li2GaGeAs2P2S11,-1.8738,3.411,Semiconductor,P2_1,4,38
Mg(CdSn)2_id750_E-1.87.cif,Mg(CdSn)2,-1.872,0.0,Metal,P4_2/mnm,136,10
Li8ZnIn4_id2880_E-1.87.cif,Li8ZnIn4,-1.87,0.0,Metal,I4/m,87,26
K2Ba2Ga2Sb2SeSO5_id732_E-1.87.cif,K2Ba2Ga2Sb2SeSO5,-1.8697,0.055,Semiconductor,Pm,6,60
Li19Ti6O42_id2532_E-1.87.cif,Li19Ti6O42,-1.8695,0.122,Semiconductor,P1,1,67
Li(ZnIn)4_id1394_E-1.87.cif,Li(ZnIn)4,-1.8693,0.0,Metal,P4_2/nmc,137,18
Ba8SrIn3_id2752_E-1.87.cif,Ba8SrIn3,-1.8689,0.0,Metal,P6/mmm,191,12
K3In8_id353_E-1.87.cif,K3In8,-1.8684,0.0,Metal,Pm-3m,221,22
K2Sc_id643_E-1.87.cif,K2Sc,-1.8684,0.0,Metal,I4_1/amd,141,12
BaB2N12O23_id531_E-1.87.cif,BaB2N12O23,-1.8667,2.768,Semiconductor,P6/mmm,191,38
Al3Cd4In_id2751_E-1.87.cif,Al3Cd4In,-1.8653,0.0,Metal,I-4m2,119,16
MgTiZn2CdGa_id360_E-1.86.cif,MgTiZn2CdGa,-1.8646,0.0,Metal,Cmme,67,24
K2Na4Li(In2Sn)2_id304_E-1.86.cif,K2Na4Li(In2Sn)2,-1.8626,0.929,Semiconductor,P2,3,52
Zn3Sn_id513_E-1.86.cif,Zn3Sn,-1.8595,0.0,Metal,I-42d,122,16
K2Al2Cd4Sb2Te9(PSe3)4_id201_E-1.86.cif,K2Al2Cd4Sb2Te9(PSe3)4,-1.8585,1.466,Semiconductor,P1,1,70
ZnCdGa7Sn_id2132_E-1.86.cif,ZnCdGa7Sn,-1.8582,0.022,Metal,P4cc,103,20
Ba6NaSr12Ca6Sc3(Cd2P3)2_id79_E-1.86.cif,Ba6NaSr12Ca6Sc3(Cd2P3)2,-1.8569,1.371,Semiconductor,P1,1,76
ScZnCd2InGa_id1496_E-1.86.cif,ScZnCd2InGa,-1.8567,0.0,Metal,C222_1,20,24
ZnGa3_id2275_E-1.86.cif,ZnGa3,-1.8565,0.0,Metal,P4/mmm,123,4
BaNa(SO45)2_id926_E-1.86.cif,BaNa(SO45)2,-1.856,1.106,Semiconductor,P-3,147,94
Mg3Cd2(Se3S)3_id218_E-1.86.cif,Mg3Cd2(Se3S)3,-1.8555,2.309,Semiconductor,P23,195,34
KSO40_id1698_E-1.85.cif,KSO40,-1.8529,0.75,Semiconductor,P1,1,84
K2NaLi2MgTiBeAlZn3In2Ga2Ge2Te2As_id2453_E-1.85.cif,K2NaLi2MgTiBeAlZn3In2Ga2Ge2Te2As,-1.8515,0.0,Metal,P4_122,91,84
K2LiBe5AlZn3InGaSiAs_id1652_E-1.85.cif,K2LiBe5AlZn3InGaSiAs,-1.8506,0.306,Semiconductor,P6_1,169,96
ScAl3Zn2(GaS)2_id496_E-1.85.cif,ScAl3Zn2(GaS)2,-1.8478,0.031,Metal,Cmc2_1,36,20
ZnTe_id2334_E-1.85.cif,ZnTe,-1.8473,0.0,Metal,I4_1/acd,142,32
KNaCaIn_id301_E-1.85.cif,KNaCaIn,-1.8471,0.0,Metal,R3m,160,12
Be4Si3GeAs3N2_id1927_E-1.85.cif,Be4Si3GeAs3N2,-1.8463,2.289,Semiconductor,Pm,6,26
K6ZnCd4(InSn2)4_id1400_E-1.85.cif,K6ZnCd4(InSn2)4,-1.8461,0.0,Metal,P1,1,46
Ba2Ca2MgCdO3_id1196_E-1.85.cif,Ba2Ca2MgCdO3,-1.8459,0.221,Semiconductor,Cmm2,35,9
Ca2MgCd_id3308_E-1.84.cif,Ca2MgCd,-1.8371,0.0,Metal,Fm-3m,225,16
LiMgSc_id2700_E-1.83.cif,LiMgSc,-1.8323,0.0,Metal,Pmma,51,6
Li11Ti2Al4Zn6Cd6Ga4(Sn3Te)2_id1513_E-1.83.cif,Li11Ti2Al4Zn6Cd6Ga4(Sn3Te)2,-1.8323,0.403,Semiconductor,P4_2,77,82
NaIn6Si_id1348_E-1.83.cif,NaIn6Si,-1.8323,0.0,Metal,Pcc2,27,16
Ba2CaMg_id2003_E-1.83.cif,Ba2CaMg,-1.8322,0.0,Metal,Fm-3m,225,16
K4Na8Li12Ca4MgAl4In4Ga8Te5P4(SO5)4_id1193_E-1.83.cif,K4Na8Li12Ca4MgAl4In4Ga8Te5P4(SO5)4,-1.8304,2.435,Semiconductor,P1,1,78
Ba4Li2CaN3O8_id2299_E-1.83.cif,Ba4Li2CaN3O8,-1.8292,1.828,Semiconductor,P1,1,108
KO4_id1655_E-1.83.cif,KO4,-1.8281,0.106,Semiconductor,P4_2/mbc,135,40
Ca6Mg_id2228_E-1.83.cif,Ca6Mg,-1.8268,0.0,Metal,Fm-3m,225,28
K2Na4SrLi2ZnInGaSiSn4Sb_id357_E-1.82.cif,K2Na4SrLi2ZnInGaSiSn4Sb,-1.8217,0.195,Semiconductor,P1,1,108
KNaLi2Cd2SeO_id322_E-1.82.cif,KNaLi2Cd2SeO,-1.8179,2.08,Semiconductor,Pm,6,16
Li3Zn4Ga_id954_E-1.82.cif,Li3Zn4Ga,-1.8173,0.0,Metal,I-4m2,119,16
Zn2In(Ga7Sn2)2_id2866_E-1.82.cif,Zn2In(Ga7Sn2)2,-1.8158,1.671,Semiconductor,Ima2,46,84
Li2GaSn8_id2204_E-1.81.cif,Li2GaSn8,-1.8134,0.0,Metal,P1,1,44
Li10ZnGaSn2Sb2O5_id2996_E-1.81.cif,Li10ZnGaSn2Sb2O5,-1.813,0.073,Semiconductor,P4_1,76,84
KNaSn_id2516_E-1.81.cif,KNaSn,-1.8129,0.0,Metal,P6_522,179,18
Li2Zn5Ga2_id3049_E-1.81.cif,Li2Zn5Ga2,-1.8115,0.0,Metal,Pmna,53,18
MgAl3Zn2InSn_id2982_E-1.81.cif,MgAl3Zn2InSn,-1.8115,2.032,Semiconductor,Pnn2,34,16
Ba5Li3Ca5Zn2Si2(AsS)3_id2237_E-1.81.cif,Ba5Li3Ca5Zn2Si2(AsS)3,-1.81,0.722,Semiconductor,P2,3,92
Ca_id222_E-1.81.cif,Ca,-1.809,0.0,Metal,P-31m,162,12
Al_id145_E-1.81.cif,Al,-1.8075,0.0,Metal,Pmmm,47,8
Sc2Ti10TeAs2(SeS2)2_id932_E-1.81.cif,Sc2Ti10TeAs2(SeS2)2,-1.8074,0.0,Metal,Ima2,46,84
Mg2Sn_id488_E-1.80.cif,Mg2Sn,-1.8034,2.184,Semiconductor,Pm-3m,221,144
KSr2BeCdTe3As2Se5S3(NO4)2_id1452_E-1.80.cif,KSr2BeCdTe3As2Se5S3(NO4)2,-1.8028,0.0,Metal,P1,1,112
LiMg12Ti2Al3(ZnIn)3_id1552_E-1.80.cif,LiMg12Ti2Al3(ZnIn)3,-1.8027,0.0,Metal,P1,1,48
Sc8TiZn12_id477_E-1.80.cif,Sc8TiZn12,-1.8004,0.0,Metal,I23,197,42
K4Ba6MgBeGe3Sb3Te3P3(N3O8)3_id1658_E-1.80.cif,K4Ba6MgBeGe3Sb3Te3P3(N3O8)3,-1.8003,0.0,Metal,P6_3,173,114
SrCa5_id1431_E-1.80.cif,SrCa5,-1.8,0.0,Metal,P6/mmm,191,6
BaNa2Sr7Ca3CdSiAsP4N_id726_E-1.80.cif,BaNa2Sr7Ca3CdSiAsP4N,-1.7968,0.087,Semiconductor,Pm,6,42
MgZnSn_id387_E-1.79.cif,MgZnSn,-1.7947,0.0,Metal,P4_12_12,92,24
In_id2268_E-1.79.cif,In,-1.7934,0.0,Metal,Pcc2,27,8
Si7GeB2_id2744_E-1.79.cif,Si7GeB2,-1.7926,0.841,Semiconductor,P1,1,40
K9GeO13_id3158_E-1.79.cif,K9GeO13,-1.7863,0.234,Semiconductor,P-42_1m,113,46
KLi3SnTe8P(SeS)5_id2947_E-1.78.cif,KLi3SnTe8P(SeS)5,-1.7842,1.307,Semiconductor,P1,1,96
SrCa4Ga_id970_E-1.78.cif,SrCa4Ga,-1.7836,0.0,Metal,I4_1/amd,141,24
Mg2B_id516_E-1.78.cif,Mg2B,-1.7835,0.295,Semiconductor,P6_422,181,18
KSn2Te2(Se3S5)2_id3145_E-1.78.cif,KSn2Te2(Se3S5)2,-1.783,0.292,Semiconductor,P-42_1m,113,42
Mg3ZnN_id2288_E-1.78.cif,Mg3ZnN,-1.7828,0.061,Semiconductor,Pm-3m,221,5
K9Sb6(Te6P)2_id1925_E-1.78.cif,K9Sb6(Te6P)2,-1.7809,2.385,Semiconductor,C2,5,29
InO6_id2953_E-1.78.cif,InO6,-1.7796,4.011,Insulator,P-1,2,14
Sr2Be2Al6Si5Sn2_id922_E-1.78.cif,Sr2Be2Al6Si5Sn2,-1.7795,2.7,Semiconductor,P23,195,34
LiMg_id1292_E-1.78.cif,LiMg,-1.7783,0.0,Metal,I4_1/acd,142,32
Mg6Ga_id2058_E-1.78.cif,Mg6Ga,-1.778,0.0,Metal,Fm-3m,225,28
K4Te_id1455_E-1.78.cif,K4Te,-1.7775,0.998,Semiconductor,Pccm,49,10
Ga_id2050_E-1.77.cif,Ga,-1.7748,7.527,Insulator,P4_2/ncm,138,16
K4Zn3Cd3In12(Ga3Sn2)3_id724_E-1.77.cif,K4Zn3Cd3In12(Ga3Sn2)3,-1.7731,2.997,Semiconductor,P31m,157,37
Cd2InSnSb5_id171_E-1.77.cif,Cd2InSnSb5,-1.7726,0.012,Metal,P1,1,18
Li2MgGa_id1151_E-1.77.cif,Li2MgGa,-1.7722,0.0,Metal,P4_2/nnm,134,16
LiZnGa4Si_id1641_E-1.77.cif,LiZnGa4Si,-1.7715,0.0,Metal,Pmmm,47,14
MgZn3Ge_id3268_E-1.77.cif,MgZn3Ge,-1.77,0.0,Metal,P4_2/mmc,131,10
Li2Zn5Ga2_id41_E-1.77.cif,Li2Zn5Ga2,-1.7685,0.0,Metal,Pma2,28,18
Li2Mg2CdIn2_id1253_E-1.77.cif,Li2Mg2CdIn2,-1.7685,0.0,Metal,Pmmm,47,7
K2ScCd3In4_id3178_E-1.77.cif,K2ScCd3In4,-1.7656,0.0,Metal,P6_3/mcm,193,20
Li_id1816_E-1.76.cif,Li,-1.7631,0.0,Metal,P2_12_12,18,10
Li4In_id125_E-1.76.cif,Li4In,-1.7631,0.0,Metal,Ccc2,37,20
Li_id2586_E-1.76.cif,Li,-1.7629,0.0,Metal,Cmcm,63,16
NaMgSn17Sb2_id1870_E-1.76.cif,NaMgSn17Sb2,-1.7616,0.689,Semiconductor,P1,1,42
KBa4Sr6CaAl3GePO4_id669_E-1.76.cif,KBa4Sr6CaAl3GePO4,-1.7615,1.597,Semiconductor,Cmc2_1,36,84
Ba3Li2Ca2(CO2)6_id2927_E-1.76.cif,Ba3Li2Ca2(CO2)6,-1.7571,3.472,Semiconductor,R-3,148,75
Mg4Sc_id287_E-1.75.cif,Mg4Sc,-1.7535,0.0,Metal,Cmmm,65,20
Zn4Ga7_id2722_E-1.75.cif,Zn4Ga7,-1.7515,0.0,Metal,Pban,50,22
Zn3CdGa4_id1969_E-1.75.cif,Zn3CdGa4,-1.7497,0.0,Metal,P-42c,112,16
Be3Al4Cd3InS16_id98_E-1.75.cif,Be3Al4Cd3InS16,-1.7488,0.719,Semiconductor,R3m,160,81
LiZn2B_id2487_E-1.75.cif,LiZn2B,-1.7485,0.0,Metal,P6_422,181,24
K3Ti2Zn2Cd2InGa2SeS2_id2242_E-1.75.cif,K3Ti2Zn2Cd2InGa2SeS2,-1.7475,0.0,Metal,Pm,6,60
Ba3CaO2_id179_E-1.75.cif,Ba3CaO2,-1.7462,0.096,Semiconductor,P4_2/m,84,24
ScZn3_id3210_E-1.75.cif,ScZn3,-1.7457,0.0,Metal,F-43m,216,32
K2Ba4NaLi2In2GaSn2_id1036_E-1.74.cif,K2Ba4NaLi2In2GaSn2,-1.7444,0.007,Metal,P2,3,28
K5LiTi6GaGe2_id1990_E-1.74.cif,K5LiTi6GaGe2,-1.7444,0.894,Semiconductor,P42_12,90,30
BaNaLi4CaBeAlZnCd2In2Ga3Sb4_id1260_E-1.74.cif,BaNaLi4CaBeAlZnCd2In2Ga3Sb4,-1.7434,1.171,Semiconductor,P1,1,63
Sb2AsSe2_id1327_E-1.74.cif,Sb2AsSe2,-1.7426,2.484,Semiconductor,C2,5,20
Mg2Sc2TiZn2Ga3_id1561_E-1.74.cif,Mg2Sc2TiZn2Ga3,-1.7405,0.0,Metal,P-1,2,20
K4CaTiSn_id2395_E-1.74.cif,K4CaTiSn,-1.7392,0.0,Metal,I-4m2,119,14
Li2In_id1382_E-1.74.cif,Li2In,-1.7392,0.0,Metal,P4_2/mcm,132,12
MgZn2Cd6(Te3Se)2_id2062_E-1.74.cif,MgZn2Cd6(Te3Se)2,-1.7385,1.41,Semiconductor,C2/c,15,68
K2SbN2O11_id1960_E-1.74.cif,K2SbN2O11,-1.738,1.221,Semiconductor,C2/c,15,64
Ga_id370_E-1.74.cif,Ga,-1.7366,0.0,Metal,Pban,50,34
Li3TiAl3Zn5CdInGa3SnGe2As_id670_E-1.74.cif,Li3TiAl3Zn5CdInGa3SnGe2As,-1.7352,0.331,Semiconductor,P1,1,63
Na4Li16CaAl2Zn4Ga8Sn4(GeB)4_id856_E-1.73.cif,Na4Li16CaAl2Zn4Ga8Sn4(GeB)4,-1.7332,0.0,Metal,P4_2/n,86,94
BaZn_id1005_E-1.73.cif,BaZn,-1.7323,0.0,Metal,Pm-3m,221,16
Na6Mg2Ti8Al12Zn18InGa13Sb6(AsO18)2_id1936_E-1.73.cif,Na6Mg2Ti8Al12Zn18InGa13Sb6(AsO18)2,-1.7314,2.076,Semiconductor,P1,1,104
Sr4CaGe2O_id3346_E-1.73.cif,Sr4CaGe2O,-1.731,0.14,Semiconductor,I4_122,98,32
Zn2InSn_id258_E-1.73.cif,Zn2InSn,-1.7307,0.0,Metal,P4_2/m,84,16
Ca(MgIn)3_id1284_E-1.73.cif,Ca(MgIn)3,-1.7299,0.0,Metal,P6_3/m,176,14
MgZn6In2Si3_id3097_E-1.73.cif,MgZn6In2Si3,-1.7291,0.0,Metal,P6/mmm,191,12
Zn3Ga4_id2999_E-1.73.cif,Zn3Ga4,-1.729,0.0,Metal,P-62m,189,14
K3In3As_id2783_E-1.73.cif,K3In3As,-1.7281,0.0,Metal,P3,143,7
Li5GaTe2_id2564_E-1.73.cif,Li5GaTe2,-1.728,0.253,Semiconductor,P-3m1,164,8
Li7Mg_id996_E-1.73.cif,Li7Mg,-1.7266,2.47,Semiconductor,P1,1,16
Na2Li4(ZnIn4)3_id1312_E-1.73.cif,Na2Li4(ZnIn4)3,-1.7258,0.0,Metal,Pn-3,201,42
KCaSi2SnB2NO13_id2684_E-1.73.cif,KCaSi2SnB2NO13,-1.7258,0.456,Semiconductor,Pna2_1,33,84
Li2MgAlAsSe_id2001_E-1.73.cif,Li2MgAlAsSe,-1.7254,0.93,Semiconductor,I4mm,107,12
K2NaCa2Mg2Cd3Sn2Ge4Sb4As2(PO)2_id3310_E-1.72.cif,K2NaCa2Mg2Cd3Sn2Ge4Sb4As2(PO)2,-1.7246,0.864,Semiconductor,P3_121,152,78
K2NaAl2In3Sb_id1481_E-1.72.cif,K2NaAl2In3Sb,-1.7228,0.063,Semiconductor,P1,1,54
Na3ScZn_id24_E-1.72.cif,Na3ScZn,-1.7219,0.033,Metal,P-6c2,188,10
K4In3_id1999_E-1.72.cif,K4In3,-1.7203,0.126,Semiconductor,P2/m,10,14
Li3Zn_id2863_E-1.72.cif,Li3Zn,-1.7179,0.0,Metal,I-42d,122,16
K2BaNa2SrMgZnInGa3Ge3As_id2149_E-1.72.cif,K2BaNa2SrMgZnInGa3Ge3As,-1.7177,0.003,Metal,P1,1,96
MgAl_id1342_E-1.72.cif,MgAl,-1.7151,0.0,Metal,P6/mmm,191,12
Li2MgZn_id2461_E-1.71.cif,Li2MgZn,-1.7145,0.0,Metal,P6_3/mmc,194,8
Na2Ca6Zn2C_id890_E-1.71.cif,Na2Ca6Zn2C,-1.7116,0.0,Metal,P42_12,90,22
NaLiCaZn2Ga2Ge4As5P8(S2O)2_id2105_E-1.71.cif,NaLiCaZn2Ga2Ge4As5P8(S2O)2,-1.7088,1.982,Semiconductor,C2,5,90
MgAl3Ge4_id1473_E-1.71.cif,MgAl3Ge4,-1.708,0.0,Metal,P4,75,16
Ba_id1190_E-1.71.cif,Ba,-1.7073,0.0,Metal,P-31m,162,12
Ba_id1045_E-1.70.cif,Ba,-1.7044,0.0,Metal,P4_2/nmc,137,6
Mg4Al8Ga4Si5_id830_E-1.70.cif,Mg4Al8Ga4Si5,-1.703,2.704,Semiconductor,Cccm,66,84
Sr2ZnSiAs2O7_id264_E-1.70.cif,Sr2ZnSiAs2O7,-1.7018,2.317,Semiconductor,P1,1,52
Al6Zn_id527_E-1.70.cif,Al6Zn,-1.6994,0.0,Metal,P4_2/nmc,137,14
NaLiNO17_id3225_E-1.70.cif,NaLiNO17,-1.6984,0.104,Semiconductor,P1,1,80
SrCaZn6In2Sn11Ge2_id2366_E-1.70.cif,SrCaZn6In2Sn11Ge2,-1.6983,0.707,Semiconductor,P1,1,23
Li2MgScTi4AlZn2InGaSbTe7_id3229_E-1.70.cif,Li2MgScTi4AlZn2InGaSbTe7,-1.6975,1.384,Semiconductor,P4_1,76,84
K4Ba4LiCd4O12_id956_E-1.70.cif,K4Ba4LiCd4O12,-1.6954,2.848,Semiconductor,P4_2/n,86,50
Li5Al4_id2376_E-1.70.cif,Li5Al4,-1.6951,0.0,Metal,Amm2,38,18
Al4Zn6Sn_id2421_E-1.69.cif,Al4Zn6Sn,-1.6947,0.0,Metal,I-4c2,120,44
Be(AlSi)2_id1021_E-1.69.cif,Be(AlSi)2,-1.6926,0.108,Semiconductor,P1,1,40
SrCa12_id53_E-1.69.cif,SrCa12,-1.6924,0.0,Metal,I4mm,107,26
AlCd3In_id618_E-1.69.cif,AlCd3In,-1.6915,0.0,Metal,Pnnn,48,10
Ba12SrIn3_id2321_E-1.69.cif,Ba12SrIn3,-1.6904,0.21,Semiconductor,Pm,6,32
K12Na7Li4Cd2Ga4Sn8Ge2Sb10(Te2As)4_id73_E-1.69.cif,K12Na7Li4Cd2Ga4Sn8Ge2Sb10(Te2As)4,-1.6896,0.0,Metal,P1,1,61
Li4Mg2AlZn4Cd3In3GaSnSb2_id1598_E-1.69.cif,Li4Mg2AlZn4Cd3In3GaSnSb2,-1.6892,0.051,Semiconductor,Pm,6,84
Ba2CaMg4Al3In6GaSn4_id3266_E-1.69.cif,Ba2CaMg4Al3In6GaSn4,-1.6868,0.037,Metal,Pmna,53,42
CaMg21Sc2_id3085_E-1.68.cif,CaMg21Sc2,-1.6848,0.0,Metal,I4/mmm,139,48
Na3Ga_id811_E-1.68.cif,Na3Ga,-1.6845,0.0,Metal,Pm-3n,223,8
NaScZnCdInGa3_id1539_E-1.68.cif,NaScZnCdInGa3,-1.6842,0.0,Metal,P1,1,64
Ba2Mg2Cd_id157_E-1.68.cif,Ba2Mg2Cd,-1.6809,0.0,Metal,R-3m,166,15
K4BaSrCaBeGaAs_id3314_E-1.68.cif,K4BaSrCaBeGaAs,-1.6805,0.203,Semiconductor,P4,75,20
Na4ZnGaGe_id659_E-1.68.cif,Na4ZnGaGe,-1.6802,0.0,Metal,I4mm,107,14
Li_id1918_E-1.68.cif,Li,-1.6801,0.008,Metal,Pa-3,205,12
Zn2In2Ga_id2432_E-1.68.cif,Zn2In2Ga,-1.6794,0.0,Metal,Ccc2,37,20
KAl(Zn5Ga4)2_id1044_E-1.68.cif,KAl(Zn5Ga4)2,-1.6783,1.702,Semiconductor,P2_1,4,80
ZnCd2Ga3Ge_id3355_E-1.68.cif,ZnCd2Ga3Ge,-1.6774,0.0,Metal,Pm,6,14
Li6MgNO16_id1659_E-1.68.cif,Li6MgNO16,-1.6755,1.478,Semiconductor,Pmn2_1,31,48
CaMg2Zn_id2699_E-1.68.cif,CaMg2Zn,-1.6751,0.0,Metal,P4/mmm,123,16
K2Na3Al(In3Sb)2_id2158_E-1.67.cif,K2Na3Al(In3Sb)2,-1.6726,0.004,Metal,Pm,6,28
BaNaLiZnSiSn2GeTe2SO6_id80_E-1.67.cif,BaNaLiZnSiSn2GeTe2SO6,-1.6662,0.678,Semiconductor,P2_1/m,11,34
Mg2Zn4Cd2In13_id2756_E-1.67.cif,Mg2Zn4Cd2In13,-1.6661,0.0,Metal,C222,21,42
KMgSnSeO3_id1785_E-1.67.cif,KMgSnSeO3,-1.6654,0.032,Metal,P3_221,154,21
Al2Zn2Cd2Ga2Sb_id7_E-1.66.cif,Al2Zn2Cd2Ga2Sb,-1.6646,0.0,Metal,Ccc2,37,36
BaZnCd_id3102_E-1.66.cif,BaZnCd,-1.6632,0.0,Metal,P-6m2,187,3
Ge_id1799_E-1.66.cif,Ge,-1.6611,0.0,Metal,Imma,74,28
LiCd3In4_id2249_E-1.66.cif,LiCd3In4,-1.659,0.0,Metal,P-42c,112,16
SrSi2B11_id2307_E-1.66.cif,SrSi2B11,-1.6566,0.248,Semiconductor,P1,1,28
AlCd_id1111_E-1.66.cif,AlCd,-1.6552,0.0,Metal,F-43m,216,8
Zn4Ga_id3155_E-1.65.cif,Zn4Ga,-1.6541,1.839,Semiconductor,P4_2/nmc,137,10
ScGaSi2Ge17_id2837_E-1.65.cif,ScGaSi2Ge17,-1.6528,0.806,Semiconductor,Pm,6,42
Ba2Sr4Li5Ca4Al2Zn(GaGe)2_id112_E-1.65.cif,Ba2Sr4Li5Ca4Al2Zn(GaGe)2,-1.6496,0.003,Metal,Ibam,72,88
Li3Zn2In2Ga2SiSnGeSb2_id3076_E-1.65.cif,Li3Zn2In2Ga2SiSnGeSb2,-1.649,0.677,Semiconductor,P2_1,4,28
Al_id1649_E-1.65.cif,Al,-1.6486,4.783,Insulator,P4/nmm,129,16
K2Li6Mg3Zn8Ga4(AsO8)2_id33_E-1.65.cif,K2Li6Mg3Zn8Ga4(AsO8)2,-1.6484,2.316,Semiconductor,P1,1,82
KNa6Li6Ca6MgTi2Zn6Ga6B2(S5O12)4_id150_E-1.65.cif,KNa6Li6Ca6MgTi2Zn6Ga6B2(S5O12)4,-1.6483,0.575,Semiconductor,P-3,147,104
K7Sr3Cd2(GaGe)2_id2523_E-1.65.cif,K7Sr3Cd2(GaGe)2,-1.6466,0.294,Semiconductor,C2/c,15,64
Na6Sn_id3232_E-1.64.cif,Na6Sn,-1.6442,0.307,Semiconductor,R-3,148,21
K3Na2LiS_id1184_E-1.64.cif,K3Na2LiS,-1.6433,0.0,Metal,Ibca,73,56
BaSrGaSnGeSbAs2_id2343_E-1.64.cif,BaSrGaSnGeSbAs2,-1.6417,0.0,Metal,C222_1,20,48
K2Na2Li10Mg2ZnSiSn2Sb_id931_E-1.64.cif,K2Na2Li10Mg2ZnSiSn2Sb,-1.6406,5.006,Insulator,P1,1,42
Li3Mg3Zn6Cd3In13Sn3Ge3Te2S9_id1054_E-1.64.cif,Li3Mg3Zn6Cd3In13Sn3Ge3Te2S9,-1.6385,0.585,Semiconductor,P6mm,183,45
KNa2LiCd2SnSbTe13_id1229_E-1.64.cif,KNa2LiCd2SnSbTe13,-1.638,0.027,Metal,Pmc2_1,26,42
NaLiAl15ZnGa2Sn_id2691_E-1.64.cif,NaLiAl15ZnGa2Sn,-1.6357,0.082,Semiconductor,Pbcm,57,84
MgBe2Ge2As2(PO2)2_id2666_E-1.63.cif,MgBe2Ge2As2(PO2)2,-1.6304,0.903,Semiconductor,P1,1,26
K3Al3Zn6In5Ga9(BO)3_id2790_E-1.63.cif,K3Al3Zn6In5Ga9(BO)3,-1.63,0.476,Semiconductor,P6_3cm,185,64
Ti12Be12In3Sn5O24_id1269_E-1.63.cif,Ti12Be12In3Sn5O24,-1.6298,1.253,Semiconductor,Im-3,204,112
ZnCdGa_id708_E-1.63.cif,ZnCdGa,-1.6295,0.0,Metal,Ibca,73,24
Sc3Zn_id2679_E-1.63.cif,Sc3Zn,-1.6251,0.0,Metal,Pm-3m,221,4
Ba2Sr2Li4Al5(ZnGa)6_id2689_E-1.62.cif,Ba2Sr2Li4Al5(ZnGa)6,-1.624,0.0,Metal,Immm,71,50
KLi3MgZnGaSn3Te4SeO3_id562_E-1.62.cif,KLi3MgZnGaSn3Te4SeO3,-1.6239,0.205,Semiconductor,P1,1,72
Li_id492_E-1.62.cif,Li,-1.6234,0.0,Metal,P4_12_12,92,40
Sr3B(NO)18_id955_E-1.62.cif,Sr3B(NO)18,-1.6233,3.143,Semiconductor,Pm,6,80
LiCaMg2S_id3024_E-1.62.cif,LiCaMg2S,-1.6232,0.917,Semiconductor,P4mm,99,5
BaInO24_id1410_E-1.62.cif,BaInO24,-1.6221,0.218,Semiconductor,P1,1,52
In_id3207_E-1.62.cif,In,-1.622,0.0,Metal,P1,1,96
Mg11Sn4_id1234_E-1.62.cif,Mg11Sn4,-1.6195,0.032,Metal,P1,1,60
Be3Zn4In4(Ga3Si2)2_id690_E-1.62.cif,Be3Zn4In4(Ga3Si2)2,-1.6191,1.441,Semiconductor,I-43d,220,84
MgScAlCd3In2BTe12_id1235_E-1.62.cif,MgScAlCd3In2BTe12,-1.6168,0.054,Semiconductor,Ama2,40,84
Sc3Ti9O11_id499_E-1.62.cif,Sc3Ti9O11,-1.6163,0.81,Semiconductor,P1,1,92
Zn5Ga2_id1745_E-1.62.cif,Zn5Ga2,-1.6151,0.0,Metal,P-42m,111,7
LiAl3Cd3Ga3Sb(TeO)3_id3243_E-1.61.cif,LiAl3Cd3Ga3Sb(TeO)3,-1.6134,1.945,Semiconductor,P31m,157,17
Ba4Na4Cd5In4(GaSn2)4_id2758_E-1.61.cif,Ba4Na4Cd5In4(GaSn2)4,-1.6126,0.0,Metal,P4_2/n,86,58
LiTi2(BeIn2)2_id1262_E-1.61.cif,LiTi2(BeIn2)2,-1.6108,0.469,Semiconductor,P1,1,36
Ca2Cd4In_id2833_E-1.61.cif,Ca2Cd4In,-1.6085,0.0,Metal,P4_2/nmc,137,14
KNa2ZnO2_id2367_E-1.61.cif,KNa2ZnO2,-1.6065,0.0,Metal,P-6m2,187,12
NaSrLi_id1302_E-1.61.cif,NaSrLi,-1.6059,5.121,Insulator,P4/nmm,129,12
Li4In3_id3324_E-1.61.cif,Li4In3,-1.6058,0.0,Metal,P4_132,213,56
Li_id1191_E-1.61.cif,Li,-1.6051,0.0,Metal,Pccm,49,4
LiMg3BeZnCdInGa2_id2373_E-1.60.cif,LiMg3BeZnCdInGa2,-1.6047,0.0,Metal,P4_3,78,40
SeS10_id2742_E-1.60.cif,SeS10,-1.6024,2.323,Semiconductor,P1,1,22
K2SrAl2Cd6In2Ga2Ge2Sb4Te2(P2Se)2_id2815_E-1.60.cif,K2SrAl2Cd6In2Ga2Ge2Sb4Te2(P2Se)2,-1.6016,0.19,Semiconductor,P1,1,58
BaNaLi4Cd_id2943_E-1.60.cif,BaNaLi4Cd,-1.6012,0.0,Metal,P-6m2,187,7
NaAlZn3In2_id1119_E-1.60.cif,NaAlZn3In2,-1.6007,0.0,Metal,P6_3/mmc,194,14
KLiIn2_id3326_E-1.60.cif,KLiIn2,-1.5972,0.505,Semiconductor,Iba2,45,32
LiCaMg3In_id546_E-1.60.cif,LiCaMg3In,-1.5957,0.428,Semiconductor,P4mm,99,6
Li2Mg4AlSn2_id2322_E-1.59.cif,Li2Mg4AlSn2,-1.594,0.0,Metal,Pmmm,47,9
Li2Be2ZnSi3PSe2NO9_id2592_E-1.59.cif,Li2Be2ZnSi3PSe2NO9,-1.5935,2.82,Semiconductor,Pna2_1,33,84
Mg2Al16ZnGa2_id2940_E-1.59.cif,Mg2Al16ZnGa2,-1.5908,0.0,Metal,P1,1,42
K6SiSn6_id254_E-1.59.cif,K6SiSn6,-1.5903,0.505,Semiconductor,I-42m,121,26
Mg2Cd4Ga3_id1866_E-1.59.cif,Mg2Cd4Ga3,-1.59,0.0,Metal,Cmce,64,36
Li2Ca2Mg4Cd(InSn)2_id2387_E-1.59.cif,Li2Ca2Mg4Cd(InSn)2,-1.5899,0.0,Metal,Pnnm,58,26
Na(LiSn2)2_id2167_E-1.59.cif,Na(LiSn2)2,-1.5896,0.039,Metal,Amm2,38,14
Zn2In_id354_E-1.59.cif,Zn2In,-1.5892,0.0,Metal,P4_2/mmc,131,12
GaTeSe4S3_id1288_E-1.59.cif,GaTeSe4S3,-1.5858,0.0,Metal,P1,1,9
LiCd_id591_E-1.58.cif,LiCd,-1.5842,0.0,Metal,Pbca,61,16
Mg4ScTi_id964_E-1.58.cif,Mg4ScTi,-1.5822,0.0,Metal,P42_12,90,12
Li2Mg_id85_E-1.58.cif,Li2Mg,-1.5817,5.233,Insulator,I4/mmm,139,6
Li2Sc7(AlZn2)2_id249_E-1.58.cif,Li2Sc7(AlZn2)2,-1.5789,0.204,Semiconductor,P2,3,30
Ga4TeAs4_id416_E-1.58.cif,Ga4TeAs4,-1.5786,0.001,Metal,P2,3,18
K(LiGa)2_id2215_E-1.58.cif,K(LiGa)2,-1.5782,0.0,Metal,I-4c2,120,20
Ba3Na2_id538_E-1.58.cif,Ba3Na2,-1.5777,0.0,Metal,Cmce,64,20
Na3Sr3In4TeAs9C3Se3N7O10_id2506_E-1.58.cif,Na3Sr3In4TeAs9C3Se3N7O10,-1.577,1.486,Semiconductor,P1,1,86
K4BeAlSi_id2727_E-1.57.cif,K4BeAlSi,-1.5745,0.115,Semiconductor,I422,97,28
SrMg12(Cd2Sn)4_id2345_E-1.57.cif,SrMg12(Cd2Sn)4,-1.5745,0.0,Metal,P4_2/nmc,137,50
Na3Li4Ca3AlIn3Ga3Sb5As3Se3(S2O)3_id3004_E-1.57.cif,Na3Li4Ca3AlIn3Ga3Sb5As3Se3(S2O)3,-1.573,2.228,Semiconductor,P6mm,183,37
KLi11Ga3_id2224_E-1.57.cif,KLi11Ga3,-1.573,0.0,Metal,P-31m,162,15
Li4(Cd2Sn)3_id1268_E-1.57.cif,Li4(Cd2Sn)3,-1.5725,0.0,Metal,P3c1,158,26
BaLi2MgZn2_id1606_E-1.57.cif,BaLi2MgZn2,-1.5719,0.0,Metal,P4/mbm,127,12
Na4Ca2Zn4Cd4PO_id921_E-1.57.cif,Na4Ca2Zn4Cd4PO,-1.5718,0.0,Metal,P4,75,16
Li5Mg_id1501_E-1.57.cif,Li5Mg,-1.5715,0.0,Metal,C222,21,12
Li2Zn4Ga_id1198_E-1.57.cif,Li2Zn4Ga,-1.5705,0.0,Metal,Pban,50,14
Al4InGa_id2134_E-1.57.cif,Al4InGa,-1.5695,0.0,Metal,Pm,6,12
Li7Mg_id1073_E-1.57.cif,Li7Mg,-1.5679,0.0,Metal,P2/c,13,32
Mg9ScIn2_id2037_E-1.57.cif,Mg9ScIn2,-1.566,0.0,Metal,P6/mcc,192,48
K12Na12Ga12BO12_id2562_E-1.57.cif,K12Na12Ga12BO12,-1.5657,0.477,Semiconductor,I432,211,98
Al14ZnInGa5_id3125_E-1.56.cif,Al14ZnInGa5,-1.5646,1.329,Semiconductor,P1,1,84
LiMg5Al2In_id2296_E-1.56.cif,LiMg5Al2In,-1.5633,0.0,Metal,I4mm,107,18
K2Ba2CaSiGe6_id2424_E-1.56.cif,K2Ba2CaSiGe6,-1.5609,0.0,Metal,P4_2/m,84,24
Na4(LiCa)3_id23_E-1.56.cif,Na4(LiCa)3,-1.5609,0.0,Metal,I-43d,220,40
Ca2Cd2In5_id1178_E-1.56.cif,Ca2Cd2In5,-1.5586,0.0,Metal,Cmce,64,36
LiMg_id1551_E-1.56.cif,LiMg,-1.5583,0.0,Metal,P4_12_12,92,16
NaLi5ZnSbTeS12_id1482_E-1.56.cif,NaLi5ZnSbTeS12,-1.5555,2.734,Semiconductor,Pm,6,21
LiCa12_id617_E-1.55.cif,LiCa12,-1.554,0.0,Metal,R-3,148,39
CaO_id1784_E-1.55.cif,CaO,-1.5533,0.0,Metal,P4/mmm,123,4
Sc5Al2Zn15_id1121_E-1.55.cif,Sc5Al2Zn15,-1.5526,0.0,Metal,P6/mmm,191,22
K4Na2Li10CaZnCd3GaSn3Sb6Te3As3P4_id3013_E-1.55.cif,K4Na2Li10CaZnCd3GaSn3Sb6Te3As3P4,-1.5499,0.393,Semiconductor,P1,1,123
K14NaCdO5_id504_E-1.55.cif,K14NaCdO5,-1.5458,0.0,Metal,Pm,6,84
LiCd2B_id1534_E-1.54.cif,LiCd2B,-1.5447,0.0,Metal,I4_1/acd,142,64
K2Sr6ZnCd6GaSn6_id3098_E-1.54.cif,K2Sr6ZnCd6GaSn6,-1.544,0.0,Metal,Fm-3m,225,88
LiAlZn4_id2971_E-1.54.cif,LiAlZn4,-1.5438,0.0,Metal,I422,97,12
AlGa2SiSe_id2785_E-1.54.cif,AlGa2SiSe,-1.5433,0.076,Semiconductor,P2_1,4,30
Na2Li2Al(Zn2Ge)2_id3248_E-1.54.cif,Na2Li2Al(Zn2Ge)2,-1.5433,0.0,Metal,P1,1,44
BaLiMg_id825_E-1.54.cif,BaLiMg,-1.5431,0.0,Metal,I-4m2,119,6
K2Ba2Na4LiInGa2_id149_E-1.54.cif,K2Ba2Na4LiInGa2,-1.5419,0.0,Metal,P4mm,99,24
Cd3In2_id339_E-1.54.cif,Cd3In2,-1.5399,0.0,Metal,Cmce,64,20
KCdGe2_id2579_E-1.54.cif,KCdGe2,-1.5397,0.0,Metal,P4/mbm,127,16
Na4CdIn_id1246_E-1.54.cif,Na4CdIn,-1.5387,0.0,Metal,P4/mmm,123,6
MgZn_id27_E-1.54.cif,MgZn,-1.5366,0.0,Metal,Cmcm,63,16
CdIn_id1696_E-1.54.cif,CdIn,-1.5359,0.0,Metal,Pmmm,47,4
Al3Zn2_id658_E-1.54.cif,Al3Zn2,-1.5358,0.314,Semiconductor,Pmm2,25,40
Ca_id510_E-1.53.cif,Ca,-1.5326,0.0,Metal,P-6m2,187,10
GaSn_id445_E-1.53.cif,GaSn,-1.5303,0.0,Metal,P6_3/mmc,194,4
Mg2Ge_id2591_E-1.53.cif,Mg2Ge,-1.5275,4.789,Insulator,P4_2/mmc,131,12
Li45Mg14(Zn6Ga7)2_id1889_E-1.53.cif,Li45Mg14(Zn6Ga7)2,-1.5259,0.0,Metal,P1,1,85
KNaLiMgZn2In3SiSn5Ge2_id2913_E-1.53.cif,KNaLiMgZn2In3SiSn5Ge2,-1.5257,0.0,Metal,P1,1,102
Li5Mg4CdGa4_id2118_E-1.52.cif,Li5Mg4CdGa4,-1.5241,0.355,Semiconductor,Pm,6,14
BaLiZn4Cd_id2501_E-1.52.cif,BaLiZn4Cd,-1.5239,0.0,Metal,I4/mcm,140,28
Na2ZnCd5(SnO2)2_id1434_E-1.52.cif,Na2ZnCd5(SnO2)2,-1.5232,2.456,Semiconductor,P-42_1c,114,28
Zn7Ga2_id411_E-1.52.cif,Zn7Ga2,-1.523,0.0,Metal,C2/c,15,36
Mg_id3244_E-1.52.cif,Mg,-1.5225,0.0,Metal,I4/mmm,139,12
Li9Mg5_id2374_E-1.52.cif,Li9Mg5,-1.5202,0.0,Metal,P-6,174,14
Na6Li2Al2Ge2(SbS)3_id2771_E-1.52.cif,Na6Li2Al2Ge2(SbS)3,-1.5185,0.316,Semiconductor,P6_3cm,185,36
LiMgAl5Zn2CdGa_id3174_E-1.52.cif,LiMgAl5Zn2CdGa,-1.518,0.471,Semiconductor,P1,1,22
Li6Mg4ZnIn2_id692_E-1.52.cif,Li6Mg4ZnIn2,-1.5178,0.0,Metal,I-42m,121,26
Li2Be5(Al2B)2_id2986_E-1.52.cif,Li2Be5(Al2B)2,-1.5163,0.352,Semiconductor,P1,1,26
Li3CaZnCdInSiGeAs_id1822_E-1.52.cif,Li3CaZnCdInSiGeAs,-1.516,1.299,Semiconductor,P1,1,60
Li20Mg_id2922_E-1.51.cif,Li20Mg,-1.5144,4.005,Insulator,Pm,6,42
Ba12Sr7Ca6AlB3C4(NO4)3_id1219_E-1.51.cif,Ba12Sr7Ca6AlB3C4(NO4)3,-1.5141,0.146,Semiconductor,P1,1,48
NaCdIn_id1128_E-1.51.cif,NaCdIn,-1.5121,0.0,Metal,P4/mmm,123,12
Sr8CaMg6ZnIn_id1815_E-1.50.cif,Sr8CaMg6ZnIn,-1.5039,3.448,Semiconductor,Pmmm,47,17
K(InSn4)2_id1549_E-1.50.cif,K(InSn4)2,-1.5038,0.389,Semiconductor,P1,1,22
Li5CaMg4CdIn_id1532_E-1.50.cif,Li5CaMg4CdIn,-1.5024,3.14,Semiconductor,P4mm,99,12
Li10Ga_id2566_E-1.50.cif,Li10Ga,-1.5014,0.0,Metal,P2,3,22
Li4Mg2Cd3In2_id1666_E-1.50.cif,Li4Mg2Cd3In2,-1.5008,0.0,Metal,P-1,2,22
Na8Li4Mg3SnGe4Te8P16S12(NO5)4_id3245_E-1.50.cif,Na8Li4Mg3SnGe4Te8P16S12(NO5)4,-1.5004,4.247,Insulator,P1,1,80
K4Ba5Ca2Cd8Sn5O6_id2893_E-1.50.cif,K4Ba5Ca2Cd8Sn5O6,-1.5001,2.191,Semiconductor,Imm2,44,60
Na2MgCd2(InSb)2_id1471_E-1.50.cif,Na2MgCd2(InSb)2,-1.4981,0.0,Metal,P6_5,170,54
Mg3Sn2(SO2)2_id506_E-1.50.cif,Mg3Sn2(SO2)2,-1.4968,1.54,Semiconductor,P-42_1m,113,22
In7S_id2405_E-1.49.cif,In7S,-1.4928,1.081,Semiconductor,P4_2/mbc,135,64
LiCaCd2_id1611_E-1.49.cif,LiCaCd2,-1.4921,0.0,Metal,P4/mmm,123,8
Na2Ga_id2563_E-1.49.cif,Na2Ga,-1.4899,0.188,Semiconductor,I4/mmm,139,12
Ba4Mg2Zn3GaSiSnGeSe_id2555_E-1.49.cif,Ba4Mg2Zn3GaSiSnGeSe,-1.4893,0.0,Metal,P1,1,28
Na2Li2Mg2Al_id1443_E-1.49.cif,Na2Li2Mg2Al,-1.4888,0.0,Metal,Iba2,45,28
Na(MgBe2)2_id1505_E-1.49.cif,Na(MgBe2)2,-1.4867,0.0,Metal,I4_1/a,88,28
Ba3Sr2_id20_E-1.49.cif,Ba3Sr2,-1.4856,0.0,Metal,Pn-3m,224,10
Ca2Zn2In2Ga_id2978_E-1.48.cif,Ca2Zn2In2Ga,-1.4839,0.0,Metal,C2,5,28
Zn5In2Sn_id1603_E-1.48.cif,Zn5In2Sn,-1.4828,0.0,Metal,P-42c,112,16
Sc2TiZn8Ga_id1195_E-1.48.cif,Sc2TiZn8Ga,-1.4826,0.0,Metal,Pm,6,24
NaLi4Cd3In4_id2444_E-1.48.cif,NaLi4Cd3In4,-1.482,0.0,Metal,P4_2/m,84,24
NaLiMg2CdIn3_id3212_E-1.48.cif,NaLiMg2CdIn3,-1.4814,0.0,Metal,P-1,2,16
CaTiAlZnN4_id2970_E-1.48.cif,CaTiAlZnN4,-1.481,0.36,Semiconductor,F-43m,216,32
NaSr2Ca4MgGe_id2187_E-1.48.cif,NaSr2Ca4MgGe,-1.4793,0.0,Metal,P42_12,90,18
Li5TiBe7Al2Zn2InSiBTe_id2810_E-1.48.cif,Li5TiBe7Al2Zn2InSiBTe,-1.4758,1.636,Semiconductor,P1,1,126
NaLiCa2MgScAl4Zn_id3294_E-1.47.cif,NaLiCa2MgScAl4Zn,-1.4734,0.0,Metal,P2_1,4,66
Sr3Ca2MgZnCdGa4AsP_id395_E-1.47.cif,Sr3Ca2MgZnCdGa4AsP,-1.4694,0.583,Semiconductor,P1,1,56
Cd4In3_id1502_E-1.47.cif,Cd4In3,-1.4693,0.0,Metal,Cmmm,65,14
Cd12P6S7_id2065_E-1.47.cif,Cd12P6S7,-1.4687,8.42,Insulator,I-43m,217,50
NaZn2In_id194_E-1.46.cif,NaZn2In,-1.4636,0.0,Metal,I-42d,122,16
CaMg2In_id365_E-1.46.cif,CaMg2In,-1.4633,0.0,Metal,Cmmm,65,16
NaLi5BeGeSO3_id2223_E-1.46.cif,NaLi5BeGeSO3,-1.4596,2.577,Semiconductor,Pm,6,48
B8C13_id1028_E-1.46.cif,B8C13,-1.4557,0.704,Semiconductor,P4mm,99,42
Ga4SbTe4(AsS2)4_id1944_E-1.46.cif,Ga4SbTe4(AsS2)4,-1.4557,6.867,Insulator,P1,1,21
Ba4Na12Li8CaCd12(GaSe)4_id1654_E-1.45.cif,Ba4Na12Li8CaCd12(GaSe)4,-1.4545,2.022,Semiconductor,P-1,2,90
TiO7_id3252_E-1.45.cif,TiO7,-1.4531,3.875,Insulator,Aem2,39,32
ScTiAl3Zn10Ga3S_id1768_E-1.45.cif,ScTiAl3Zn10Ga3S,-1.4529,3.23,Semiconductor,P1,1,57
Li2AlZn7_id34_E-1.45.cif,Li2AlZn7,-1.4527,0.0,Metal,Fmmm,69,40
KCdSn2_id1183_E-1.45.cif,KCdSn2,-1.4501,2.696,Semiconductor,C2,5,12
Ba2Li4MgAl2Zn4Cd2In2Ga_id1133_E-1.45.cif,Ba2Li4MgAl2Zn4Cd2In2Ga,-1.4496,0.033,Metal,P1,1,36
MgZnInAs_id2370_E-1.45.cif,MgZnInAs,-1.4482,0.0,Metal,P-6m2,187,4
K4NaCd7In28Sn5_id764_E-1.45.cif,K4NaCd7In28Sn5,-1.4466,0.0,Metal,P1,1,90
BaLi2Mg2Cd2In19Ga2SnTe_id814_E-1.45.cif,BaLi2Mg2Cd2In19Ga2SnTe,-1.4465,0.0,Metal,P2,3,30
Li3CaGa_id1095_E-1.44.cif,Li3CaGa,-1.4444,1.088,Semiconductor,P2/c,13,40
Na2Li10Mg3Sc2Ti3Zn2Cd2In2Ga_id1429_E-1.44.cif,Na2Li10Mg3Sc2Ti3Zn2Cd2In2Ga,-1.4442,2.371,Semiconductor,P1,1,54
Ge5P4_id1255_E-1.44.cif,Ge5P4,-1.4436,0.371,Semiconductor,Cm,8,9
CdIn11SnGeSb(Te2O)2_id2738_E-1.44.cif,CdIn11SnGeSb(Te2O)2,-1.4418,0.395,Semiconductor,P1,1,42
Sr2Ca3Mg9ZnIn4_id358_E-1.44.cif,Sr2Ca3Mg9ZnIn4,-1.4411,2.455,Semiconductor,P1,1,19
Li2Mg_id1367_E-1.44.cif,Li2Mg,-1.4406,0.0,Metal,P4_322,95,12
Li4TiTeSe_id2865_E-1.44.cif,Li4TiTeSe,-1.439,1.255,Semiconductor,Ibca,73,56
Ti3Be30Al2Si_id1225_E-1.43.cif,Ti3Be30Al2Si,-1.4344,0.0,Metal,P1,1,72
LiGe_id412_E-1.43.cif,LiGe,-1.4333,0.0,Metal,P4/mmm,123,4
NaBe2Ga_id2910_E-1.43.cif,NaBe2Ga,-1.4331,2.086,Semiconductor,P4_132,213,32
Al_id2488_E-1.43.cif,Al,-1.4312,0.0,Metal,P4mm,99,10
KMg5Al4Cd(InGa)5_id84_E-1.43.cif,KMg5Al4Cd(InGa)5,-1.43,0.026,Metal,P1,1,21
Mg(CdIn)2_id331_E-1.43.cif,Mg(CdIn)2,-1.4297,0.0,Metal,Pmmm,47,5
Cd5Ga2_id368_E-1.43.cif,Cd5Ga2,-1.4293,0.0,Metal,C2/m,12,14
Li_id3073_E-1.43.cif,Li,-1.4282,0.0,Metal,Pmna,53,34
Ca2MgScTi6BeAlZnInGaP2NO4_id2411_E-1.43.cif,Ca2MgScTi6BeAlZnInGaP2NO4,-1.4282,0.0,Metal,Pm,6,88
K2Na3In2Ga_id900_E-1.43.cif,K2Na3In2Ga,-1.4273,0.074,Semiconductor,P1,1,16
Li6Ca2MgScCd2In2Ga3_id321_E-1.43.cif,Li6Ca2MgScCd2In2Ga3,-1.4272,0.0,Metal,P3_1,144,51
KNa18Li2Cd5In7(Ga2Sn)2_id1318_E-1.43.cif,KNa18Li2Cd5In7(Ga2Sn)2,-1.4271,0.024,Metal,P1,1,78
Li2CaScSbTe8PSe6N_id2435_E-1.42.cif,Li2CaScSbTe8PSe6N,-1.4247,0.917,Semiconductor,P1,1,84
BaSr4(Li3Mg)2_id155_E-1.42.cif,BaSr4(Li3Mg)2,-1.4247,0.0,Metal,P-6m2,187,13
NaIn2_id3060_E-1.42.cif,NaIn2,-1.4239,0.0,Metal,P4_322,95,12
Li4Mg_id2192_E-1.42.cif,Li4Mg,-1.4236,0.0,Metal,I-4m2,119,20
Ca_id484_E-1.42.cif,Ca,-1.4234,0.0,Metal,P-31m,162,24
Mg2CdIn2Te2(Se2S)2_id233_E-1.42.cif,Mg2CdIn2Te2(Se2S)2,-1.4232,0.768,Semiconductor,R-3m,166,39
Li4Zn5GaSn_id1486_E-1.42.cif,Li4Zn5GaSn,-1.4224,0.0,Metal,P1,1,44
LiAs24_id263_E-1.42.cif,LiAs24,-1.421,0.483,Semiconductor,P1,1,25
Cd6Ga35_id2858_E-1.42.cif,Cd6Ga35,-1.421,0.208,Semiconductor,P6/mcc,192,82
Li_id2577_E-1.42.cif,Li,-1.4197,0.0,Metal,P4_2/ncm,138,16
AlZnGa2_id2324_E-1.42.cif,AlZnGa2,-1.4172,0.0,Metal,I4/mmm,139,8
Ba4SrSb_id144_E-1.42.cif,Ba4SrSb,-1.4155,0.18,Semiconductor,P2_1/m,11,24
BaNaSrLiCaZnSeSN3O10_id1894_E-1.41.cif,BaNaSrLiCaZnSeSN3O10,-1.4149,3.629,Insulator,P1,1,84
Ba2Na2LiCd_id2078_E-1.41.cif,Ba2Na2LiCd,-1.4148,0.0,Metal,P4/mmm,123,24
Mg3(CdIn)2_id2757_E-1.41.cif,Mg3(CdIn)2,-1.4139,0.0,Metal,Cmce,64,28
K5NaZn2Te2(AsS)2_id1760_E-1.41.cif,K5NaZn2Te2(AsS)2,-1.4136,1.417,Semiconductor,C222,21,28
SrCaZn2_id3121_E-1.41.cif,SrCaZn2,-1.4089,0.0,Metal,P6/mmm,191,8
Ba6Na3Sr2Ca15Zn3Ge12As9(P2O)3_id3236_E-1.41.cif,Ba6Na3Sr2Ca15Zn3Ge12As9(P2O)3,-1.4064,1.044,Semiconductor,Pm,6,59
Mg6Zn2In3Sn2_id103_E-1.41.cif,Mg6Zn2In3Sn2,-1.4058,0.0,Metal,P4_2/m,84,26
LiCd_id3177_E-1.40.cif,LiCd,-1.4046,0.0,Metal,I4/mmm,139,12
KNa3BeAs4P6Se2SO5_id882_E-1.40.cif,KNa3BeAs4P6Se2SO5,-1.4042,0.015,Metal,P1,1,92
Be2ZnCdSi2B2AsPC3_id3104_E-1.40.cif,Be2ZnCdSi2B2AsPC3,-1.4008,0.745,Semiconductor,P1,1,26
Ba12Se7_id2015_E-1.40.cif,Ba12Se7,-1.3992,0.018,Metal,Pn-3n,222,76
LiZn3_id202_E-1.40.cif,LiZn3,-1.3964,0.0,Metal,Im-3m,229,8
Mg9Cd2In_id1160_E-1.40.cif,Mg9Cd2In,-1.3963,0.0,Metal,I4/mmm,139,24
K4LiMg9Sn4_id1115_E-1.39.cif,K4LiMg9Sn4,-1.3942,0.0,Metal,P4cc,103,36
KNaLi4_id2648_E-1.39.cif,KNaLi4,-1.3939,0.0,Metal,P-3m1,164,6
K4MgCd2Sn_id2103_E-1.38.cif,K4MgCd2Sn,-1.3832,0.125,Semiconductor,Ibam,72,32
SrLi2Zn2In2Ga4Si4(Ge7Te)2_id2877_E-1.38.cif,SrLi2Zn2In2Ga4Si4(Ge7Te)2,-1.3826,0.083,Semiconductor,P1,1,124
Li4Zn_id3367_E-1.38.cif,Li4Zn,-1.3826,0.0,Metal,P-42_1c,114,10
Li3CaAl_id1922_E-1.38.cif,Li3CaAl,-1.3817,0.0,Metal,Pm-3m,221,5
Na2Li7_id2540_E-1.38.cif,Na2Li7,-1.3786,0.0,Metal,P2,3,18
MgGa_id3340_E-1.38.cif,MgGa,-1.3774,0.0,Metal,P4_32_12,96,8
MgIn2Ga2Sn_id1820_E-1.38.cif,MgIn2Ga2Sn,-1.3761,0.0,Metal,P4/mmm,123,6
Al(ZnC)2_id405_E-1.38.cif,Al(ZnC)2,-1.3757,0.0,Metal,C2,5,15
CdO_id217_E-1.38.cif,CdO,-1.3755,0.0,Metal,Fm-3m,225,8
Al(Cd3Se2)2_id650_E-1.37.cif,Al(Cd3Se2)2,-1.3747,18.057,Insulator,P-1,2,22
SrCa5_id1189_E-1.37.cif,SrCa5,-1.3717,0.0,Metal,P3m1,156,12
Zn3In9Ga25_id841_E-1.37.cif,Zn3In9Ga25,-1.37,0.0,Metal,P1,1,74
Mg2Zn2CdCN3_id1421_E-1.37.cif,Mg2Zn2CdCN3,-1.3684,1.255,Semiconductor,Pmmm,47,18
Mg_id1080_E-1.37.cif,Mg,-1.368,0.0,Metal,I4_1/acd,142,32
Mg5ScCdIn2_id2772_E-1.37.cif,Mg5ScCdIn2,-1.3675,0.0,Metal,P4_2/mbc,135,36
Li3Zn4CdGa3_id1041_E-1.37.cif,Li3Zn4CdGa3,-1.3672,0.0,Metal,P4_3,78,44
KLiTi(Zn2Cd)2_id625_E-1.37.cif,KLiTi(Zn2Cd)2,-1.3652,0.0,Metal,P2_1/m,11,18
Ba2Ca7_id1947_E-1.36.cif,Ba2Ca7,-1.365,0.0,Metal,Pmna,53,36
Sr(MgZn)3_id2480_E-1.36.cif,Sr(MgZn)3,-1.3616,0.0,Metal,Cmcm,63,28
K4Sr9Cd4(InB)4_id49_E-1.36.cif,K4Sr9Cd4(InB)4,-1.3603,1.546,Semiconductor,P1,1,50
Ba5Li8MgZn2CdIn2GaGe_id2776_E-1.36.cif,Ba5Li8MgZn2CdIn2GaGe,-1.3579,0.0,Metal,P6_5,170,126
ZnIn2SiSn_id2159_E-1.36.cif,ZnIn2SiSn,-1.3568,0.393,Semiconductor,P6_122,178,60
Mg_id1765_E-1.36.cif,Mg,-1.3565,0.0,Metal,Ibam,72,28
Li6Mg8ScTi_id2116_E-1.36.cif,Li6Mg8ScTi,-1.3553,0.487,Semiconductor,P1,1,16
Li3ZnCd3_id3376_E-1.35.cif,Li3ZnCd3,-1.354,0.0,Metal,P6_3/m,176,14
K5Ba13_id1941_E-1.35.cif,K5Ba13,-1.3538,0.004,Metal,Pm,6,18
Li5Ca(Mg2Sc)2_id3223_E-1.35.cif,Li5Ca(Mg2Sc)2,-1.3527,0.0,Metal,P2/m,10,12
Li3ZnCd2In7_id2912_E-1.35.cif,Li3ZnCd2In7,-1.3525,0.303,Semiconductor,P6,168,26
Na2Li2Cd4In2Sn3_id259_E-1.35.cif,Na2Li2Cd4In2Sn3,-1.352,0.0,Metal,Pm,6,26
InGa3_id1851_E-1.35.cif,InGa3,-1.3519,0.0,Metal,P1,1,48
AlZn3Cd2_id2720_E-1.35.cif,AlZn3Cd2,-1.3496,0.0,Metal,Cmcm,63,24
Li14S3_id3292_E-1.35.cif,Li14S3,-1.3494,3.06,Semiconductor,Pm-3m,221,34
KLi2_id1689_E-1.35.cif,KLi2,-1.3486,0.0,Metal,P4/mmm,123,12
Mg3Al2(ZnSi)2_id691_E-1.35.cif,Mg3Al2(ZnSi)2,-1.3476,0.276,Semiconductor,P1,1,36
Li2Mg3Al_id2585_E-1.35.cif,Li2Mg3Al,-1.3464,0.0,Metal,C222,21,12
MgBeZn2O2_id1480_E-1.35.cif,MgBeZn2O2,-1.3457,0.032,Metal,P4_2/mmc,131,12
Al19Zn12_id2753_E-1.34.cif,Al19Zn12,-1.3447,0.241,Semiconductor,P-43n,218,62
Mg4Zn_id3021_E-1.34.cif,Mg4Zn,-1.3438,0.0,Metal,Ccce,68,20
Na6Ca6O_id2180_E-1.34.cif,Na6Ca6O,-1.3426,0.144,Semiconductor,Pm-3,200,13
NaLi_id2427_E-1.34.cif,NaLi,-1.3421,0.0,Metal,C222,21,20
Mg_id2969_E-1.34.cif,Mg,-1.3402,0.0,Metal,Pm-3m,221,4
Li2ZnCd_id349_E-1.34.cif,Li2ZnCd,-1.3401,0.0,Metal,C222,21,16
Mg_id1823_E-1.34.cif,Mg,-1.3385,0.0,Metal,Pccm,49,4
KLiZn4InGa2_id1409_E-1.34.cif,KLiZn4InGa2,-1.3377,0.0,Metal,P42_12,90,18
Li6CaGa2Te6(Se8S)3_id3353_E-1.33.cif,Li6CaGa2Te6(Se8S)3,-1.333,3.456,Semiconductor,P31m,157,42
Ca4Ge_id3234_E-1.33.cif,Ca4Ge,-1.333,0.0,Metal,P4/ncc,130,20
As5Se2_id974_E-1.33.cif,As5Se2,-1.3326,3.024,Semiconductor,I4_1/amd,141,28
Cd3Sn_id2420_E-1.33.cif,Cd3Sn,-1.3317,0.0,Metal,Pnn2,34,8
CaMg4_id396_E-1.33.cif,CaMg4,-1.33,0.0,Metal,Im-3m,229,40
Al(Zn5Ga7)3_id1824_E-1.33.cif,Al(Zn5Ga7)3,-1.3291,1.668,Semiconductor,P1,1,74
Ba3Li8Zn_id130_E-1.33.cif,Ba3Li8Zn,-1.3286,0.0,Metal,P-3m1,164,12
K2BaCa_id1227_E-1.33.cif,K2BaCa,-1.3273,0.0,Metal,Fm-3m,225,16
Ba8SrCaAsN2_id2828_E-1.33.cif,Ba8SrCaAsN2,-1.3254,0.0,Metal,P1,1,26
Zn4As6P4O_id1793_E-1.32.cif,Zn4As6P4O,-1.3244,3.694,Insulator,P1,1,120
LiZn4_id2255_E-1.32.cif,LiZn4,-1.3241,0.0,Metal,P4/mmm,123,20
Ba3Sr2Be6Ge6P18C6(N4O3)6_id2186_E-1.32.cif,Ba3Sr2Be6Ge6P18C6(N4O3)6,-1.3228,4.196,Insulator,P1,1,83
CaAl12Ga9Ge7Se6_id908_E-1.32.cif,CaAl12Ga9Ge7Se6,-1.3201,0.125,Semiconductor,P2,3,35
Ba5Sr2CaTi2O6_id631_E-1.32.cif,Ba5Sr2CaTi2O6,-1.3198,0.312,Semiconductor,Pmm2,25,32
KNa7In4Sn6Ge15Sb2As_id838_E-1.32.cif,KNa7In4Sn6Ge15Sb2As,-1.3191,0.0,Metal,P1,1,72
Ca2Mg5In3_id1535_E-1.32.cif,Ca2Mg5In3,-1.3174,0.0,Metal,P4/mmm,123,10
Zn4Ga_id182_E-1.32.cif,Zn4Ga,-1.3156,0.0,Metal,Amm2,38,10
CaZn_id3100_E-1.31.cif,CaZn,-1.3141,0.0,Metal,P2_12_12_1,19,8
K11LiZn3Cd2Ga5(Sn2Ge)2_id1724_E-1.31.cif,K11LiZn3Cd2Ga5(Sn2Ge)2,-1.3123,0.462,Semiconductor,P1,1,84
K3(ZnGa2)2_id1441_E-1.31.cif,K3(ZnGa2)2,-1.3122,0.087,Semiconductor,P4_2/nnm,134,72
BaZn6Cd6In6(GaO)6_id585_E-1.31.cif,BaZn6Cd6In6(GaO)6,-1.3118,1.006,Semiconductor,P6/mmm,191,31
LiGe_id2914_E-1.31.cif,LiGe,-1.3116,0.042,Metal,P4/mmm,123,6
Na2Zn3Ge5_id2157_E-1.31.cif,Na2Zn3Ge5,-1.3114,0.0,Metal,P6/mmm,191,10
KCa2Mg3Ga2Ge3_id143_E-1.31.cif,KCa2Mg3Ga2Ge3,-1.311,0.0,Metal,Pm,6,11
TeSeO2_id1605_E-1.31.cif,TeSeO2,-1.3088,2.04,Semiconductor,Fd-3m,227,128
Ga_id1328_E-1.30.cif,Ga,-1.3043,0.0,Metal,P4_2/mmc,131,4
K2Mg2In2Ga2Sn_id324_E-1.30.cif,K2Mg2In2Ga2Sn,-1.304,0.665,Semiconductor,I4_1/amd,141,36
AlZnCdSn2_id2502_E-1.30.cif,AlZnCdSn2,-1.3039,0.021,Metal,P1,1,30
Li4Mg2Ti4Be8Al12Zn16Ga5Si4B4C4S4(NO2)4_id913_E-1.30.cif,Li4Mg2Ti4Be8Al12Zn16Ga5Si4B4C4S4(NO2)4,-1.3029,0.333,Semiconductor,P1,1,79
Na4In17Ga6_id2014_E-1.30.cif,Na4In17Ga6,-1.3023,0.084,Semiconductor,P6/mmm,191,27
SrLiCa11In_id3240_E-1.30.cif,SrLiCa11In,-1.3,0.511,Semiconductor,I4mm,107,28
Li7Mg_id2096_E-1.30.cif,Li7Mg,-1.2981,0.039,Metal,P1,1,96
Na2Sr3Li8MgBe3Zn3Cd3Si6SnGe3Sb(AsP)3_id2902_E-1.30.cif,Na2Sr3Li8MgBe3Zn3Cd3Si6SnGe3Sb(AsP)3,-1.296,0.714,Semiconductor,R3,146,120
KIn_id937_E-1.29.cif,KIn,-1.294,0.0,Metal,P4_32_12,96,8
SrCa5_id3277_E-1.29.cif,SrCa5,-1.293,0.019,Metal,P1,1,18
Zn6Ga_id1050_E-1.29.cif,Zn6Ga,-1.2925,0.0,Metal,Cmmm,65,14
LiCaMgSc3AlZnCd2In3_id3337_E-1.29.cif,LiCaMgSc3AlZnCd2In3,-1.2919,0.006,Metal,P1,1,78
LiCaMgCdIn6_id907_E-1.29.cif,LiCaMgCdIn6,-1.2919,0.0,Metal,P4mm,99,10
BaLi4_id2665_E-1.29.cif,BaLi4,-1.2904,0.0,Metal,Im-3m,229,10
Zn2Cd5Ga2_id1812_E-1.29.cif,Zn2Cd5Ga2,-1.2901,1.267,Semiconductor,Ibam,72,36
Na3Sr_id277_E-1.29.cif,Na3Sr,-1.2871,0.0,Metal,P4/mmm,123,8
Li2Mg3Ga2_id519_E-1.29.cif,Li2Mg3Ga2,-1.2855,0.0,Metal,Ccc2,37,28
Mg2Zn(Cd2In3)2_id2526_E-1.28.cif,Mg2Zn(Cd2In3)2,-1.2844,0.0,Metal,Pmma,51,26
K4Na10Li4Ga6SnSbAs2_id107_E-1.28.cif,K4Na10Li4Ga6SnSbAs2,-1.2833,0.435,Semiconductor,P1,1,56
LiCaMg_id2041_E-1.28.cif,LiCaMg,-1.283,0.0,Metal,I4/mmm,139,24
MgCd_id1468_E-1.28.cif,MgCd,-1.2809,0.0,Metal,P6_3/mmc,194,8
NaLi2Cd_id1201_E-1.28.cif,NaLi2Cd,-1.2798,0.0,Metal,P4_3,78,16
LiZn4_id1101_E-1.28.cif,LiZn4,-1.2792,2.464,Semiconductor,P4_2/nmc,137,10
K3Na4Li2(Cd2In5)2_id2760_E-1.28.cif,K3Na4Li2(Cd2In5)2,-1.2788,0.0,Metal,P-1,2,23
BaCdIn3Sn8_id420_E-1.28.cif,BaCdIn3Sn8,-1.2767,0.0,Metal,Pm,6,26
Li38ScCd2_id2441_E-1.28.cif,Li38ScCd2,-1.2761,3.016,Semiconductor,P1,1,82
Ba2NaSr2Cd3Sn2_id2155_E-1.27.cif,Ba2NaSr2Cd3Sn2,-1.2738,0.0,Metal,Pm,6,40
LiMg6Al2Zn_id1580_E-1.27.cif,LiMg6Al2Zn,-1.2735,0.0,Metal,P4/mmm,123,10
Cd4Ga_id268_E-1.27.cif,Cd4Ga,-1.2735,0.0,Metal,Im-3m,229,10
LiZn4Cd2Ga_id1738_E-1.27.cif,LiZn4Cd2Ga,-1.2717,0.0,Metal,P6_1,169,48
Ba3Zn2Cd7_id611_E-1.27.cif,Ba3Zn2Cd7,-1.2714,0.0,Metal,P1,1,24
Ba(ZnGe)2_id286_E-1.27.cif,Ba(ZnGe)2,-1.2711,0.0,Metal,I4/mcm,140,20
LiZn_id3093_E-1.27.cif,LiZn,-1.2711,4.082,Insulator,P4_12_12,92,16
AlCd6_id878_E-1.27.cif,AlCd6,-1.2699,0.0,Metal,Fm-3m,225,28
NaAlZnCd2Ga2Te3S_id3031_E-1.27.cif,NaAlZnCd2Ga2Te3S,-1.2699,1.64,Semiconductor,P1,1,88
Na2LiMg5_id3000_E-1.27.cif,Na2LiMg5,-1.2691,0.0,Metal,I-4m2,119,16
Na3Ca9Mg_id151_E-1.27.cif,Na3Ca9Mg,-1.269,0.0,Metal,Ia-3,206,104
Mg2ScCd3_id2394_E-1.27.cif,Mg2ScCd3,-1.2684,0.0,Metal,P4_2/m,84,24
Zn3Cd5Sn2_id1862_E-1.27.cif,Zn3Cd5Sn2,-1.2674,0.0,Metal,P2/m,10,10
Li2Zn3_id3057_E-1.27.cif,Li2Zn3,-1.2674,0.0,Metal,Pmmm,47,5
NaLi3(CdGa)3_id2218_E-1.27.cif,NaLi3(CdGa)3,-1.2672,0.0,Metal,P6_3/m,176,20
Li_id3002_E-1.26.cif,Li,-1.2622,0.0,Metal,P1,1,54
Cd2In_id367_E-1.26.cif,Cd2In,-1.2616,0.0,Metal,Pa-3,205,12
SrLi2ScGe_id2306_E-1.26.cif,SrLi2ScGe,-1.2606,4.526,Insulator,Pm,6,20
Na2Li5Cd4In_id2403_E-1.26.cif,Na2Li5Cd4In,-1.2604,0.005,Metal,Cccm,66,48
GaSO2_id1015_E-1.26.cif,GaSO2,-1.2598,4.626,Insulator,P4/nmm,129,32
KCd2(InSn)2_id3380_E-1.26.cif,KCd2(InSn)2,-1.2592,0.037,Metal,I4/mmm,139,14
Na4Sr4MgGa_id3088_E-1.26.cif,Na4Sr4MgGa,-1.2591,0.0,Metal,P42_12,90,20
K4Li2Ti2Zn2Cd4In5S4_id1716_E-1.26.cif,K4Li2Ti2Zn2Cd4In5S4,-1.2553,0.364,Semiconductor,P4_2/m,84,46
Sc(Be9Si)2_id786_E-1.25.cif,Sc(Be9Si)2,-1.2545,0.256,Semiconductor,P1,1,42
Zn3As4S3_id3365_E-1.25.cif,Zn3As4S3,-1.2545,0.003,Metal,P1,1,80
Na_id757_E-1.25.cif,Na,-1.2542,0.0,Metal,Fd-3m,227,32
BeZn5InGa3Ge_id1819_E-1.25.cif,BeZn5InGa3Ge,-1.2515,0.0,Metal,Pm,6,44
Mg9TiAl2Zn6Cd8Ga2(SnO)2_id2095_E-1.25.cif,Mg9TiAl2Zn6Cd8Ga2(SnO)2,-1.25,0.0,Metal,P1,1,32
Ba2Sr_id2191_E-1.25.cif,Ba2Sr,-1.2493,0.0,Metal,P4/mmm,123,12
NaZn2_id2653_E-1.25.cif,NaZn2,-1.2491,0.0,Metal,I4/mcm,140,12
Na_id110_E-1.25.cif,Na,-1.2472,0.0,Metal,P-4c2,116,16
CaZn3GaGe_id849_E-1.25.cif,CaZn3GaGe,-1.2457,2.963,Semiconductor,Amm2,38,12
Ca4Mg11_id1521_E-1.25.cif,Ca4Mg11,-1.2456,0.46,Semiconductor,P1,1,30
K(Zn3Ga2)3_id1236_E-1.25.cif,K(Zn3Ga2)3,-1.2453,0.0,Metal,P1,1,32
MgTiZnCd3In_id1301_E-1.24.cif,MgTiZnCd3In,-1.2436,0.0,Metal,P2/c,13,28
K2Na13Al4Zn8Cd12In12Ga8Sn8(PO)4_id1725_E-1.24.cif,K2Na13Al4Zn8Cd12In12Ga8Sn8(PO)4,-1.2423,0.0,Metal,P1,1,150
K4NaCd2In2Ga_id2154_E-1.24.cif,K4NaCd2In2Ga,-1.2418,0.0,Metal,Ibam,72,40
SrLi_id2239_E-1.24.cif,SrLi,-1.241,0.0,Metal,P3m1,156,4
Li6Al4GaSn_id833_E-1.24.cif,Li6Al4GaSn,-1.2383,3.512,Insulator,P1,1,48
BaLiAlCdIn5GaSn_id3375_E-1.24.cif,BaLiAlCdIn5GaSn,-1.237,0.223,Semiconductor,Pm,6,11
Na_id2981_E-1.24.cif,Na,-1.236,0.0,Metal,I4_1/acd,142,16
Mg2ScTi2(Zn2Ga)2_id3096_E-1.24.cif,Mg2ScTi2(Zn2Ga)2,-1.2355,1.514,Semiconductor,P4_22_12,94,22
Zn(Cd3In2)7_id1997_E-1.23.cif,Zn(Cd3In2)7,-1.235,0.0,Metal,Cm,8,36
Sb_id2834_E-1.23.cif,Sb,-1.235,0.0,Metal,Im-3m,229,2
Mg_id1931_E-1.23.cif,Mg,-1.235,0.0,Metal,P4_2/mbc,135,16
Na4Li_id1503_E-1.23.cif,Na4Li,-1.2349,0.001,Metal,I4_1/a,88,20
Cd4In_id3025_E-1.23.cif,Cd4In,-1.2336,0.0,Metal,I4/m,87,10
KBa(Na2Li)2_id3043_E-1.23.cif,KBa(Na2Li)2,-1.2324,0.0,Metal,P-1,2,16
Li12Mg14TiAl2Zn4Ga5Si2_id2147_E-1.22.cif,Li12Mg14TiAl2Zn4Ga5Si2,-1.2244,0.909,Semiconductor,P1,1,80
Na3Li3Cd2In5Ga_id1265_E-1.22.cif,Na3Li3Cd2In5Ga,-1.2224,0.0,Metal,Iba2,45,56
Na(Li2Mg)2_id2698_E-1.22.cif,Na(Li2Mg)2,-1.2222,1.536,Semiconductor,I4_1/amd,141,28
Li2BeInGa_id3214_E-1.22.cif,Li2BeInGa,-1.2207,0.0,Metal,P3_1,144,15
Li5Sc(ZnGe2)2_id2703_E-1.22.cif,Li5Sc(ZnGe2)2,-1.2201,0.0,Metal,I4_1/amd,141,48
K3Sr6Mg2O6_id3030_E-1.22.cif,K3Sr6Mg2O6,-1.2201,0.452,Semiconductor,P4_132,213,68
K2Na5ScCdIn6Ga4SnGeAs2P_id1592_E-1.22.cif,K2Na5ScCdIn6Ga4SnGeAs2P,-1.2199,0.0,Metal,P1,1,24
Li4(MgZn)3_id622_E-1.22.cif,Li4(MgZn)3,-1.2195,0.0,Metal,P6_3/m,176,20
K2Na2Mg3(CdGa)2_id223_E-1.22.cif,K2Na2Mg3(CdGa)2,-1.218,0.0,Metal,P1,1,88
Li4SiO8_id3282_E-1.22.cif,Li4SiO8,-1.2169,4.294,Insulator,P1,1,13
Li8Mg12AlGa2_id988_E-1.21.cif,Li8Mg12AlGa2,-1.214,0.0,Metal,P-3m1,164,23
Be_id657_E-1.21.cif,Be,-1.2138,0.562,Semiconductor,Pma2,28,42
K2Na2Sr2Li6Be2Cd4In6SnSb2Te_id1714_E-1.21.cif,K2Na2Sr2Li6Be2Cd4In6SnSb2Te,-1.2124,0.0,Metal,Pm,6,28
K2CaMgZnCd5SnAsPSe2S_id3274_E-1.21.cif,K2CaMgZnCd5SnAsPSe2S,-1.2102,0.0,Metal,Pm,6,16
LiCd8In_id2677_E-1.21.cif,LiCd8In,-1.2099,0.0,Metal,P4/nbm,125,20
Na2Li7MgAl2Cd3In2Ga3_id2023_E-1.21.cif,Na2Li7MgAl2Cd3In2Ga3,-1.2097,0.0,Metal,C2,5,60
Na3Li3Mg3In6(GaSn2)4_id3022_E-1.21.cif,Na3Li3Mg3In6(GaSn2)4,-1.2094,0.027,Metal,P1,1,27
Ba4Na4LiAl2Ge5Sb4(NO3)4_id1071_E-1.21.cif,Ba4Na4LiAl2Ge5Sb4(NO3)4,-1.2089,1.479,Semiconductor,Pm,6,72
K6Al6Zn_id257_E-1.21.cif,K6Al6Zn,-1.2085,0.02,Metal,Pm-3,200,13
KLi10Ca(NO2)3_id399_E-1.21.cif,KLi10Ca(NO2)3,-1.2081,3.214,Semiconductor,Pmn2_1,31,42
KScSn3Te2SeNO4_id909_E-1.21.cif,KScSn3Te2SeNO4,-1.2074,0.048,Metal,P3m1,156,39
Ba3SrLi4N_id2102_E-1.21.cif,Ba3SrLi4N,-1.2073,0.0,Metal,Immm,71,18
Li2Zn3In2_id119_E-1.21.cif,Li2Zn3In2,-1.2062,4.026,Insulator,Pmmm,47,7
Mg2Sc2AlCd2_id2452_E-1.20.cif,Mg2Sc2AlCd2,-1.2036,5.302,Insulator,P4mm,99,7
NaLi6BeZnO12_id1056_E-1.20.cif,NaLi6BeZnO12,-1.2033,0.0,Metal,Pmn2_1,31,42
Al2In5Ga3Ge2Te10(Se5S4)2_id1490_E-1.20.cif,Al2In5Ga3Ge2Te10(Se5S4)2,-1.2029,0.128,Semiconductor,P1,1,80
K7MgIn6_id2406_E-1.20.cif,K7MgIn6,-1.2015,0.135,Semiconductor,P-31c,163,28
KBaNaLi4_id920_E-1.20.cif,KBaNaLi4,-1.2009,2.497,Semiconductor,P-4n2,118,14
K4Sr(ZnSi)5_id175_E-1.20.cif,K4Sr(ZnSi)5,-1.1989,0.063,Semiconductor,I-4m2,119,30
CaGa_id2843_E-1.20.cif,CaGa,-1.1966,0.0,Metal,I4_122,98,16
LiTi2Zn4Ge3_id2611_E-1.20.cif,LiTi2Zn4Ge3,-1.1951,0.0,Metal,Pmm2,25,10
Mg3Cd3In5Sn_id3091_E-1.19.cif,Mg3Cd3In5Sn,-1.1944,0.0,Metal,P-62m,189,12
Li8Be2Zn8Cd_id2960_E-1.19.cif,Li8Be2Zn8Cd,-1.1936,4.092,Insulator,P1,1,38
Zn8(InGa3)3_id2123_E-1.19.cif,Zn8(InGa3)3,-1.1931,0.455,Semiconductor,Pm,6,20
Zn2CdGa2_id3280_E-1.19.cif,Zn2CdGa2,-1.1896,0.0,Metal,Aem2,39,20
K2AlCd2_id1213_E-1.19.cif,K2AlCd2,-1.1882,0.0,Metal,P4/mmm,123,10
Ca2Cd2In_id1220_E-1.19.cif,Ca2Cd2In,-1.1881,0.0,Metal,Cmce,64,20
K3Cd15In4Ga4(Se3O2)2_id1387_E-1.19.cif,K3Cd15In4Ga4(Se3O2)2,-1.1878,0.0,Metal,P4/mmm,123,72
K3Na2Li5Mg2(TeP)2_id3141_E-1.19.cif,K3Na2Li5Mg2(TeP)2,-1.1873,0.148,Semiconductor,P4_2/m,84,32
Na4Zn4Cd2In6Ga4Sn5As2_id1769_E-1.19.cif,Na4Zn4Cd2In6Ga4Sn5As2,-1.1872,0.0,Metal,Iba2,45,108
LiCd2_id1285_E-1.19.cif,LiCd2,-1.1859,0.0,Metal,I4/mmm,139,6
KNa2CdIn2Ga3Sn2Ge8AsP_id853_E-1.18.cif,KNa2CdIn2Ga3Sn2Ge8AsP,-1.1848,3.115,Semiconductor,P1,1,42
Na4Li13Mg4Al8Cd2(Ga4B)2_id3186_E-1.18.cif,Na4Li13Mg4Al8Cd2(Ga4B)2,-1.184,3.403,Semiconductor,P1,1,82
Mg_id91_E-1.18.cif,Mg,-1.1815,0.201,Semiconductor,P4_12_12,92,16
BaLi2ZnGa_id1314_E-1.18.cif,BaLi2ZnGa,-1.1813,0.0,Metal,P4_12_12,92,20
SrCa2_id483_E-1.18.cif,SrCa2,-1.1806,0.0,Metal,P4/mmm,123,12
Mg_id2048_E-1.18.cif,Mg,-1.1794,0.0,Metal,P2_12_12_1,19,8
AlZn6Cd_id3072_E-1.18.cif,AlZn6Cd,-1.1794,0.0,Metal,P1,1,24
Mg2Ga_id768_E-1.18.cif,Mg2Ga,-1.1792,0.0,Metal,P4_12_12,92,12
Li2Mg2Zn3_id60_E-1.18.cif,Li2Mg2Zn3,-1.1778,0.0,Metal,P4mm,99,14
KNa3Te12Se6(S3O)4_id1993_E-1.18.cif,KNa3Te12Se6(S3O)4,-1.1775,0.693,Semiconductor,Pnn2,34,76
KCaGeO2_id3197_E-1.18.cif,KCaGeO2,-1.1761,0.741,Semiconductor,P-6m2,187,5
SrLiCd_id2931_E-1.18.cif,SrLiCd,-1.1756,0.0,Metal,P-6m2,187,6
K2Ba2Sr2LiCa2MgTi3Be2Zn2InGa2B10Te4(SeO)2_id3305_E-1.18.cif,K2Ba2Sr2LiCa2MgTi3Be2Zn2InGa2B10Te4(SeO)2,-1.1752,0.02,Metal,P1,1,76
CaMg13_id2818_E-1.17.cif,CaMg13,-1.1731,0.0,Metal,I-4m2,119,28
Ti2Al4Zn18CdGa14_id2251_E-1.17.cif,Ti2Al4Zn18CdGa14,-1.1711,1.331,Semiconductor,P2/c,13,78
Mg4In_id1250_E-1.17.cif,Mg4In,-1.169,0.0,Metal,P1,1,20
KNa4Li4(MgCd)2_id2121_E-1.17.cif,KNa4Li4(MgCd)2,-1.1687,0.0,Metal,C222,21,52
CaCdIn3PSe2(SO5)2_id1075_E-1.17.cif,CaCdIn3PSe2(SO5)2,-1.1687,2.19,Semiconductor,P3_2,145,60
SrLi3Mg2Zn3Si3Sn_id3383_E-1.17.cif,SrLi3Mg2Zn3Si3Sn,-1.1673,0.0,Metal,P6_3mc,186,26
KBaSrCaInSnBSbAs2CSeS5NO3_id100_E-1.16.cif,KBaSrCaInSnBSbAs2CSeS5NO3,-1.1621,0.387,Semiconductor,Pm,6,42
Ba4O9_id2120_E-1.16.cif,Ba4O9,-1.1611,2.322,Semiconductor,P6/mcc,192,104
Li11ScAl2Zn5Cd2_id2608_E-1.16.cif,Li11ScAl2Zn5Cd2,-1.1593,0.0,Metal,P1,1,126
ZnGa12_id3103_E-1.16.cif,ZnGa12,-1.1592,0.0,Metal,Pma2,28,26
NaLi3TiZn4(GaSb)2_id3143_E-1.16.cif,NaLi3TiZn4(GaSb)2,-1.1577,2.201,Semiconductor,P2_1/m,11,26
Sc4Ti3Zn8Ga3_id1825_E-1.16.cif,Sc4Ti3Zn8Ga3,-1.1563,1.41,Semiconductor,R3c,161,72
Sr4Mg3(CdIn)2_id2708_E-1.15.cif,Sr4Mg3(CdIn)2,-1.1537,0.0,Metal,Pmmm,47,11
Ba(CaZn3)2_id1883_E-1.15.cif,Ba(CaZn3)2,-1.1534,0.0,Metal,Fd-3m,227,72
Ba13(SrCa8)3_id982_E-1.15.cif,Ba13(SrCa8)3,-1.1529,3.68,Insulator,P1,1,80
NaSrCd6_id985_E-1.15.cif,NaSrCd6,-1.1517,0.0,Metal,P-31c,163,16
Na6Li12Cd7In3_id83_E-1.15.cif,Na6Li12Cd7In3,-1.1507,0.329,Semiconductor,Pmmm,47,28
Na_id2280_E-1.15.cif,Na,-1.1491,0.0,Metal,P-4c2,116,16
Na12Li6Al_id206_E-1.15.cif,Na12Li6Al,-1.1489,0.0,Metal,Im-3,204,38
Li14SnSb6_id1719_E-1.15.cif,Li14SnSb6,-1.1486,1.548,Semiconductor,Pm,6,42
Sr3Ca3Mg3In_id3190_E-1.15.cif,Sr3Ca3Mg3In,-1.1481,0.0,Metal,P6_3/m,176,20
Li2MgCd3Sn_id190_E-1.15.cif,Li2MgCd3Sn,-1.148,0.0,Metal,P3_1,144,21
Zn5Ga2Ge_id2636_E-1.15.cif,Zn5Ga2Ge,-1.1478,0.027,Metal,P1,1,32
Cd2In_id2022_E-1.15.cif,Cd2In,-1.1458,0.0,Metal,P4_2/nnm,134,24
K14CdInSi2Sn2Ge_id3267_E-1.15.cif,K14CdInSi2Sn2Ge,-1.1456,1.516,Semiconductor,P1,1,84
K9Na13Cd12(InB)12_id685_E-1.14.cif,K9Na13Cd12(InB)12,-1.1445,0.368,Semiconductor,Pmm2,25,116
Sr2Zn_id291_E-1.14.cif,Sr2Zn,-1.144,0.0,Metal,Pn-3m,224,6
Li2TiZn7Cd2_id2340_E-1.14.cif,Li2TiZn7Cd2,-1.1415,0.0,Metal,P1,1,24
Na7Zn3_id3251_E-1.14.cif,Na7Zn3,-1.1413,0.009,Metal,I-43d,220,40
Na2LiGe3_id574_E-1.14.cif,Na2LiGe3,-1.141,0.0,Metal,P4/mmm,123,6
BaNa3(SrSi2)2_id941_E-1.14.cif,BaNa3(SrSi2)2,-1.1406,0.0,Metal,P4/mmm,123,10
LiMgAl2Cd_id2920_E-1.14.cif,LiMgAl2Cd,-1.139,0.0,Metal,P3_212,153,15
Na_id1519_E-1.14.cif,Na,-1.1386,0.0,Metal,Pm-3m,221,12
Ba2Mg2In2SnSb_id454_E-1.14.cif,Ba2Mg2In2SnSb,-1.1375,0.0,Metal,P4bm,100,16
Li2CaMg17Cd_id1336_E-1.14.cif,Li2CaMg17Cd,-1.1374,0.0,Metal,Pmna,53,42
Na_id1244_E-1.14.cif,Na,-1.1369,0.0,Metal,Pban,50,14
Na6SrMg_id1304_E-1.14.cif,Na6SrMg,-1.1366,0.0,Metal,P-31c,163,16
Al2In29GaSn_id2662_E-1.14.cif,Al2In29GaSn,-1.1364,0.0,Metal,Pm,6,66
LiMgBe2Al5ZnCdGaTe2Se2SO4_id2936_E-1.14.cif,LiMgBe2Al5ZnCdGaTe2Se2SO4,-1.1362,0.02,Metal,Pm,6,42
K2Al2Ge2P2O3_id2206_E-1.13.cif,K2Al2Ge2P2O3,-1.1339,0.0,Metal,Pccn,56,44
GaSn3_id673_E-1.13.cif,GaSn3,-1.1338,0.591,Semiconductor,P6/mmm,191,16
K9Na4Mg4Cd6Ga3GeB3SbTe7As6P3O_id1857_E-1.13.cif,K9Na4Mg4Cd6Ga3GeB3SbTe7As6P3O,-1.1338,0.0,Metal,R3,146,144
KBaSr3Ca6Sc_id332_E-1.13.cif,KBaSr3Ca6Sc,-1.1337,0.0,Metal,Pm,6,12
SrAl2Zn8Ga5Ge2_id3081_E-1.13.cif,SrAl2Zn8Ga5Ge2,-1.1315,0.0,Metal,P1,1,36
MgZn_id148_E-1.13.cif,MgZn,-1.1283,0.0,Metal,P4/mmm,123,16
Be_id559_E-1.13.cif,Be,-1.1265,0.0,Metal,Pma2,28,22
NaCaMg3_id3010_E-1.12.cif,NaCaMg3,-1.124,0.0,Metal,P4_2/mmc,131,10
Cd2InSn_id984_E-1.12.cif,Cd2InSn,-1.119,0.0,Metal,Pm,6,16
Cd3In_id1263_E-1.12.cif,Cd3In,-1.1181,0.0,Metal,Cmme,67,16
Zn2Si3Sn3Sb2Te3As6P4Se3(SO4)4_id1280_E-1.12.cif,Zn2Si3Sn3Sb2Te3As6P4Se3(SO4)4,-1.1181,0.141,Semiconductor,P1,1,46
Li34MgZn6_id2958_E-1.12.cif,Li34MgZn6,-1.1153,3.696,Insulator,P1,1,82
Ti5Al2Zn3CdInGa2Te2P(SeO)2_id1479_E-1.11.cif,Ti5Al2Zn3CdInGa2Te2P(SeO)2,-1.1146,0.0,Metal,Ama2,40,84
Ca4Mg3In2_id2905_E-1.11.cif,Ca4Mg3In2,-1.1136,0.0,Metal,P6/mmm,191,9
Mg6Al8In6Te6N3O_id1601_E-1.11.cif,Mg6Al8In6Te6N3O,-1.1118,1.333,Semiconductor,Fm-3m,225,120
KNa6Cd_id582_E-1.11.cif,KNa6Cd,-1.1118,0.0,Metal,P-31c,163,16
Li3Cd2_id1461_E-1.11.cif,Li3Cd2,-1.1096,4.094,Insulator,P-1,2,20
Ca3MgZn3In4_id936_E-1.11.cif,Ca3MgZn3In4,-1.1092,0.0,Metal,P1,1,44
Na4Cd3In2_id2857_E-1.11.cif,Na4Cd3In2,-1.1089,3.268,Semiconductor,P4_22_12,94,36
Li_id2747_E-1.11.cif,Li,-1.1083,0.0,Metal,P2/c,13,84
ZnCd4In3Ga_id2304_E-1.11.cif,ZnCd4In3Ga,-1.1054,0.0,Metal,Pm,6,36
Ba3Li4Ga3Si3Sb3(AsP)3_id3133_E-1.10.cif,Ba3Li4Ga3Si3Sb3(AsP)3,-1.105,0.04,Metal,P-43m,215,44
KBa3InPN5O11_id736_E-1.10.cif,KBa3InPN5O11,-1.1033,0.614,Semiconductor,Pnma,62,88
LiMg2TiZnCd13GaSbO_id1224_E-1.10.cif,LiMg2TiZnCd13GaSbO,-1.0993,0.0,Metal,P4_1,76,84
KNaCdIn_id94_E-1.10.cif,KNaCdIn,-1.0969,0.043,Metal,P6_122,178,48
K2NaIn_id472_E-1.09.cif,K2NaIn,-1.0906,0.0,Metal,P-6m2,187,4
KNa6Li_id3348_E-1.09.cif,KNa6Li,-1.089,0.0,Metal,P2/m,10,8
Li2BeGaPN_id2734_E-1.09.cif,Li2BeGaPN,-1.0882,4.109,Insulator,P1,1,24
SrCaMg_id2004_E-1.09.cif,SrCaMg,-1.0873,0.0,Metal,P4/mmm,123,6
K_id1291_E-1.09.cif,K,-1.0868,0.0,Metal,Im-3m,229,8
Mg4AlInTe3_id1758_E-1.09.cif,Mg4AlInTe3,-1.086,0.24,Semiconductor,P4mm,99,9
Sr2Ca9_id2779_E-1.09.cif,Sr2Ca9,-1.0853,3.961,Insulator,Pm,6,44
Zn2Cd_id1105_E-1.09.cif,Zn2Cd,-1.0852,0.0,Metal,F-43m,216,12
Zn2Cd11(InSn)2_id1507_E-1.08.cif,Zn2Cd11(InSn)2,-1.0849,0.0,Metal,P-1,2,17
K12Na16Li12TiBe4Zn5In4Sb4As4S8O5_id3171_E-1.08.cif,K12Na16Li12TiBe4Zn5In4Sb4As4S8O5,-1.0837,0.197,Semiconductor,P1,1,75
KBaCdSbSO4_id1964_E-1.08.cif,KBaCdSbSO4,-1.0826,3.103,Semiconductor,P1,1,36
Li8Zn2Sb2Te2SeS4_id1249_E-1.08.cif,Li8Zn2Sb2Te2SeS4,-1.0826,1.64,Semiconductor,Cccm,66,76
Mg_id2294_E-1.08.cif,Mg,-1.0824,0.0,Metal,P1,1,9
Li_id2274_E-1.08.cif,Li,-1.0823,0.016,Metal,Ia-3d,230,32
Na2SrGe4(Te2As3)2_id2086_E-1.08.cif,Na2SrGe4(Te2As3)2,-1.0817,0.291,Semiconductor,I-4c2,120,68
K8Ga_id1460_E-1.08.cif,K8Ga,-1.0763,0.0,Metal,Imm2,44,18
Mg2Cd2In2Sn3_id1467_E-1.07.cif,Mg2Cd2In2Sn3,-1.0733,0.843,Semiconductor,P6_3/mmc,194,18
BaCd2_id3036_E-1.07.cif,BaCd2,-1.071,0.0,Metal,P4/mmm,123,12
LiMg7_id867_E-1.07.cif,LiMg7,-1.0708,0.0,Metal,P4/m,83,16
K7Ba2Na2(ZnIn)2_id1859_E-1.07.cif,K7Ba2Na2(ZnIn)2,-1.0703,0.073,Semiconductor,P1,1,30
Si_id2292_E-1.07.cif,Si,-1.0692,0.0,Metal,Im-3m,229,2
K2Li9Mg2Al2ZnCd2(Ga2Si)2_id2073_E-1.07.cif,K2Li9Mg2Al2ZnCd2(Ga2Si)2,-1.0658,0.238,Semiconductor,P1,1,48
LiAl2SiO12_id812_E-1.07.cif,LiAl2SiO12,-1.0655,1.22,Semiconductor,I-42m,121,32
Ga4Sn(Se2O)4_id3312_E-1.06.cif,Ga4Sn(Se2O)4,-1.063,0.0,Metal,P1,1,17
LiBe2Al10Zn4InGa3_id1970_E-1.06.cif,LiBe2Al10Zn4InGa3,-1.0619,0.09,Semiconductor,P1,1,84
LiMgTiAlZn9(CdGa)4_id2202_E-1.06.cif,LiMgTiAlZn9(CdGa)4,-1.0607,0.0,Metal,P1,1,21
K_id105_E-1.06.cif,K,-1.0597,0.0,Metal,Fm-3m,225,28
ZnGaSnGe3Sb7As_id398_E-1.06.cif,ZnGaSnGe3Sb7As,-1.0579,10.287,Insulator,Pm,6,14
Na(Li2Zn3)3_id725_E-1.06.cif,Na(Li2Zn3)3,-1.0578,0.0,Metal,Im-3m,229,32
Zn3Sn_id378_E-1.05.cif,Zn3Sn,-1.0549,0.0,Metal,P4_2/mcm,132,16
KBa2Na15Li8TiCd4In2(SnO2)2_id977_E-1.05.cif,KBa2Na15Li8TiCd4In2(SnO2)2,-1.0539,3.258,Semiconductor,P1,1,78
Na2SrP2_id319_E-1.05.cif,Na2SrP2,-1.0535,0.0,Metal,P6_3/mmc,194,10
Mg2Cd_id1238_E-1.05.cif,Mg2Cd,-1.0508,0.0,Metal,P4_2/nmc,137,12
Li4Ga2S15_id715_E-1.05.cif,Li4Ga2S15,-1.0476,0.0,Metal,Pmn2_1,31,42
Li2Mg4Cd3_id1810_E-1.05.cif,Li2Mg4Cd3,-1.0456,2.307,Semiconductor,P2,3,36
LiMg19_id1976_E-1.04.cif,LiMg19,-1.0448,0.0,Metal,P1,1,40
NaCd_id1022_E-1.04.cif,NaCd,-1.0441,0.047,Metal,P4_32_12,96,8
K4Li(InGa3)4_id1131_E-1.04.cif,K4Li(InGa3)4,-1.0421,1.569,Semiconductor,P4_2/nmc,137,42
SbTe3AsSe2_id3301_E-1.04.cif,SbTe3AsSe2,-1.0405,0.362,Semiconductor,Aem2,39,28
Mg_id816_E-1.04.cif,Mg,-1.0397,0.0,Metal,Ibca,73,56
Zn17Ga4_id3157_E-1.04.cif,Zn17Ga4,-1.0371,0.021,Metal,P1,1,84
Ca3Mg6Zn30(Ga2Sn3)2_id3338_E-1.04.cif,Ca3Mg6Zn30(Ga2Sn3)2,-1.0367,0.0,Metal,P1,1,98
NaLi4CaMg3TiBe3AlZn4Cd2Ga_id1018_E-1.03.cif,NaLi4CaMg3TiBe3AlZn4Cd2Ga,-1.0332,2.182,Semiconductor,P1,1,63
Na4Li2Cd5InSn8Ge_id3259_E-1.03.cif,Na4Li2Cd5InSn8Ge,-1.0328,6.235,Insulator,P1,1,42
Zn(CdIn)2_id2654_E-1.03.cif,Zn(CdIn)2,-1.0327,0.0,Metal,I-4m2,119,10
K2Ba2PC(SO2)3_id1720_E-1.03.cif,K2Ba2PC(SO2)3,-1.0319,4.178,Insulator,P2/m,10,15
Ba(NO5)4_id594_E-1.03.cif,Ba(NO5)4,-1.0297,0.227,Semiconductor,P1,1,50
ZnCd_id2929_E-1.03.cif,ZnCd,-1.0281,0.0,Metal,Pm-3m,221,16
Li2TiZnCd_id687_E-1.03.cif,Li2TiZnCd,-1.0274,0.0,Metal,P4/mmm,123,5
Li4In2Ga_id2513_E-1.03.cif,Li4In2Ga,-1.026,0.19,Semiconductor,I-4m2,119,14
Li2Mg3SiO8_id1667_E-1.03.cif,Li2Mg3SiO8,-1.0257,6.357,Insulator,Cmmm,65,28
Ca2Be2Zn8InGa10SnGe_id606_E-1.02.cif,Ca2Be2Zn8InGa10SnGe,-1.0209,0.0,Metal,P4_2/m,84,50
Mg_id2193_E-1.02.cif,Mg,-1.0202,0.0,Metal,Pmna,53,10
Li3Mg5Cd6Sn_id2410_E-1.02.cif,Li3Mg5Cd6Sn,-1.0165,0.0,Metal,C2,5,45
MgCd2_id1436_E-1.02.cif,MgCd2,-1.0158,0.0,Metal,I4/mmm,139,24
AlInSN2O3_id2856_E-1.01.cif,AlInSN2O3,-1.0129,4.61,Insulator,P4_2/ncm,138,32
Sr2Ca4Mg8AlSi4_id858_E-1.01.cif,Sr2Ca4Mg8AlSi4,-1.0127,0.0,Metal,I4mm,107,38
KLiCd3In2GaSn9(SbAs)2_id3017_E-1.01.cif,KLiCd3In2GaSn9(SbAs)2,-1.0091,0.348,Semiconductor,Pma2,28,84
K4Na2CdIn4Ga_id2797_E-1.01.cif,K4Na2CdIn4Ga,-1.0082,1.897,Semiconductor,P1,1,72
CaSnGe2(As2P)6_id2836_E-1.01.cif,CaSnGe2(As2P)6,-1.0058,0.062,Semiconductor,P31m,157,22
K_id1469_E-1.01.cif,K,-1.0052,0.0,Metal,P6/mmm,191,4
Li15Ca3Zn37Ga7_id2250_E-1.00.cif,Li15Ca3Zn37Ga7,-1.0047,0.0,Metal,P1,1,62
K3Na2Ti_id1813_E-1.00.cif,K3Na2Ti,-1.0042,0.0,Metal,R-3m,166,18
InSe7_id1809_E-1.00.cif,InSe7,-1.0036,0.665,Semiconductor,P1,1,48
Sn_id2265_E-1.00.cif,Sn,-1.0035,0.252,Semiconductor,P1,1,14
KNa2_id905_E-1.00.cif,KNa2,-1.0033,0.0,Metal,I4/mmm,139,6
K5Na19Zn4_id270_E-1.00.cif,K5Na19Zn4,-1.0025,0.023,Metal,Aea2,41,112
NaCd_id461_E-1.00.cif,NaCd,-1.0018,0.0,Metal,Cmcm,63,8
K2NaCaMgCd_id511_E-1.00.cif,K2NaCaMgCd,-0.9983,2.343,Semiconductor,P6_5,170,36
MgZn_id2316_E-1.00.cif,MgZn,-0.9967,0.0,Metal,F-43m,216,8
MgZn_id2584_E-0.99.cif,MgZn,-0.9944,0.0,Metal,P4_32_12,96,8
Sr4Zn8Ga3(AsO)4_id2072_E-0.99.cif,Sr4Zn8Ga3(AsO)4,-0.9933,2.363,Semiconductor,Fdd2,43,92
Na2Sr(Zn2Sn)2_id620_E-0.99.cif,Na2Sr(Zn2Sn)2,-0.9929,0.649,Semiconductor,I4/mcm,140,36
MgZn9_id1397_E-0.99.cif,MgZn9,-0.9911,0.0,Metal,P-4c2,116,20
Na2LiCd3_id2338_E-0.99.cif,Na2LiCd3,-0.9894,0.153,Semiconductor,Pnnn,48,24
ScAl4Ga9_id1165_E-0.99.cif,ScAl4Ga9,-0.9868,0.864,Semiconductor,P4mm,99,28
KZn2_id1377_E-0.99.cif,KZn2,-0.9857,0.0,Metal,P4/mmm,123,12
Na8SrLi4(Zn3In)4_id2754_E-0.98.cif,Na8SrLi4(Zn3In)4,-0.983,0.0,Metal,P4_2/nmc,137,58
NaSr2Mg5InSn_id573_E-0.98.cif,NaSr2Mg5InSn,-0.9812,0.004,Metal,P4/mmm,123,10
Cd4Ga_id654_E-0.98.cif,Cd4Ga,-0.9801,0.0,Metal,P4_12_12,92,40
KZn_id327_E-0.98.cif,KZn,-0.9789,1.08,Semiconductor,I4_1/amd,141,8
ZnCd3In_id2063_E-0.98.cif,ZnCd3In,-0.9766,0.0,Metal,Pbam,55,20
Li19Mg10Al3Zn9(CdGa)3_id428_E-0.98.cif,Li19Mg10Al3Zn9(CdGa)3,-0.9766,3.273,Semiconductor,P1,1,47
KLi11CaZn2In(GaGe)2_id1514_E-0.97.cif,KLi11CaZn2In(GaGe)2,-0.9738,0.0,Metal,Pm,6,40
LiMg9_id1416_E-0.97.cif,LiMg9,-0.9714,0.004,Metal,P2,3,10
LiMg8_id2030_E-0.97.cif,LiMg8,-0.9709,0.0,Metal,P2_1,4,18
NaLi8Cd2O3_id1175_E-0.97.cif,NaLi8Cd2O3,-0.9686,0.508,Semiconductor,I4cm,108,56
Ba2Ca_id2162_E-0.97.cif,Ba2Ca,-0.968,0.0,Metal,P4_22_12,94,12
NaCa_id3107_E-0.97.cif,NaCa,-0.9676,0.056,Semiconductor,P4/mmm,123,4
Li2Mg3TiAl(ZnCd2)2_id1120_E-0.97.cif,Li2Mg3TiAl(ZnCd2)2,-0.9668,0.0,Metal,P2/c,13,26
MgTi(Zn2Ga)4_id3204_E-0.97.cif,MgTi(Zn2Ga)4,-0.966,0.0,Metal,I422,97,28
K2Na2AsS4_id468_E-0.97.cif,K2Na2AsS4,-0.966,0.175,Semiconductor,P-3m1,164,9
NaLi4Cd8Ga_id840_E-0.97.cif,NaLi4Cd8Ga,-0.9653,0.0,Metal,P1,1,28
Li4Ga3_id3135_E-0.96.cif,Li4Ga3,-0.9649,0.0,Metal,P1,1,28
CdIn_id674_E-0.96.cif,CdIn,-0.9648,0.0,Metal,P3m1,156,4
Li29Mg2_id2696_E-0.96.cif,Li29Mg2,-0.9647,4.075,Insulator,P1,1,124
Zn2Cd_id891_E-0.96.cif,Zn2Cd,-0.9637,0.0,Metal,Pmmm,47,6
Ba2Sr2Li3Mg(ZnCd)2_id2862_E-0.96.cif,Ba2Sr2Li3Mg(ZnCd)2,-0.9635,0.0,Metal,P3_112,151,36
KMgZnCd_id2111_E-0.96.cif,KMgZnCd,-0.9605,0.0,Metal,Cmmm,65,16
Li4Sb_id1984_E-0.96.cif,Li4Sb,-0.9556,1.127,Semiconductor,I4/mmm,139,10
KNaZn_id2881_E-0.95.cif,KNaZn,-0.9531,0.599,Semiconductor,P4_322,95,24
Zn(CdGa2)2_id3114_E-0.95.cif,Zn(CdGa2)2,-0.9517,0.103,Semiconductor,Cccm,66,56
Na7Li_id2768_E-0.95.cif,Na7Li,-0.9478,0.0,Metal,P-31c,163,16
KCd2_id57_E-0.95.cif,KCd2,-0.9463,0.0,Metal,P4/mmm,123,12
Li3Ca2O2_id2_E-0.94.cif,Li3Ca2O2,-0.9449,1.188,Semiconductor,Immm,71,14
Ca_id1632_E-0.94.cif,Ca,-0.9425,0.0,Metal,Fd-3m,227,8
Li4AlCd_id2528_E-0.94.cif,Li4AlCd,-0.9425,0.0,Metal,Pnnn,48,24
K2Li2CaMg4TiZn4_id3200_E-0.94.cif,K2Li2CaMg4TiZn4,-0.9416,0.648,Semiconductor,P42_12,90,28
Cd28Sb3_id2550_E-0.94.cif,Cd28Sb3,-0.9394,2.431,Semiconductor,Pn-3n,222,62
Li2Mg5Cd2_id3068_E-0.94.cif,Li2Mg5Cd2,-0.939,0.023,Metal,Pmmm,47,9
BaLiCaGa2Sn5(Sb2Te3)2_id1494_E-0.94.cif,BaLiCaGa2Sn5(Sb2Te3)2,-0.9386,1.252,Semiconductor,P1,1,80
KGa_id735_E-0.94.cif,KGa,-0.9386,0.0,Metal,I4/mmm,139,4
Zn_id1713_E-0.94.cif,Zn,-0.9385,0.0,Metal,P2_12_12_1,19,16
MgZn4GaO8_id2402_E-0.94.cif,MgZn4GaO8,-0.9377,1.548,Semiconductor,Pmmn,59,28
Zn4Cd_id1137_E-0.94.cif,Zn4Cd,-0.9376,0.0,Metal,Cmmm,65,10
Mg_id2235_E-0.94.cif,Mg,-0.9366,0.0,Metal,I23,197,86
Sn3Sb2(As3P)3_id2909_E-0.93.cif,Sn3Sb2(As3P)3,-0.9343,0.0,Metal,R-3c,167,102
Ba2Na2SrLiCa2Sc2TiSi(Te2Se)2_id1484_E-0.93.cif,Ba2Na2SrLiCa2Sc2TiSi(Te2Se)2,-0.9325,1.846,Semiconductor,Pm,6,72
Cd_id1182_E-0.93.cif,Cd,-0.9323,2.839,Semiconductor,I4_1/acd,142,16
Na6CdIn_id680_E-0.93.cif,Na6CdIn,-0.9289,3.242,Semiconductor,P3_1,144,24
NaMg3Cd6In5_id2694_E-0.93.cif,NaMg3Cd6In5,-0.9281,0.0,Metal,P6/mmm,191,15
ScAlZnCdIn2SbSeSO3_id1052_E-0.93.cif,ScAlZnCdIn2SbSeSO3,-0.9265,0.5,Semiconductor,P1,1,24
Te_id2325_E-0.92.cif,Te,-0.9231,0.0,Metal,Im-3m,229,2
Ba3Cd3In3(SnO6)2_id3089_E-0.92.cif,Ba3Cd3In3(SnO6)2,-0.9226,2.029,Semiconductor,Cmc2_1,36,46
Na_id883_E-0.92.cif,Na,-0.922,2.501,Semiconductor,P222,16,16
Li4AlZnCd2Ga2SnTe9Se4_id2449_E-0.92.cif,Li4AlZnCd2Ga2SnTe9Se4,-0.9203,0.017,Metal,P1,1,96
KNaCa3_id1979_E-0.92.cif,KNaCa3,-0.9167,0.0,Metal,P-6m2,187,10
Li4Mg6Zn_id2084_E-0.92.cif,Li4Mg6Zn,-0.9167,0.0,Metal,P-6m2,187,11
KBa_id2106_E-0.92.cif,KBa,-0.9162,0.0,Metal,I-4m2,119,4
Mg2InGa_id1164_E-0.91.cif,Mg2InGa,-0.9127,0.0,Metal,P4/mmm,123,4
SrS20_id180_E-0.91.cif,SrS20,-0.9125,1.142,Semiconductor,Pm,6,84
K2Na5_id3161_E-0.91.cif,K2Na5,-0.9121,0.0,Metal,R-3,148,63
Cd4In_id1609_E-0.91.cif,Cd4In,-0.9111,0.0,Metal,P-42_1c,114,10
Sr7Li_id2119_E-0.91.cif,Sr7Li,-0.9109,0.019,Metal,P4/mmm,123,8
Mg9Ti_id1163_E-0.91.cif,Mg9Ti,-0.9106,0.0,Metal,P-4c2,116,20
K_id2521_E-0.91.cif,K,-0.9106,1.267,Semiconductor,Im-3m,229,40
KSrLiGa2SiP2_id887_E-0.91.cif,KSrLiGa2SiP2,-0.9071,0.227,Semiconductor,Pm,6,16
K2Mg6Zn9Ga_id1770_E-0.91.cif,K2Mg6Zn9Ga,-0.9061,0.0,Metal,P-3c1,165,36
Be(ZnCd)2_id1991_E-0.90.cif,Be(ZnCd)2,-0.9037,0.0,Metal,Pmm2,25,40
K6MgAlZn3Cd2InGa2Sn2Sb2As_id132_E-0.90.cif,K6MgAlZn3Cd2InGa2Sn2Sb2As,-0.9037,0.19,Semiconductor,P1,1,84
MgCd2_id537_E-0.90.cif,MgCd2,-0.9021,0.0,Metal,P4_22_12,94,12
Zn15Ga7_id1226_E-0.90.cif,Zn15Ga7,-0.8981,0.0,Metal,P2,3,22
Li5Mg6Zn4Ga2Sb2Te2P2Se2S2(N2O5)2_id1677_E-0.89.cif,Li5Mg6Zn4Ga2Sb2Te2P2Se2S2(N2O5)2,-0.8947,0.761,Semiconductor,P1,1,82
Mg_id872_E-0.89.cif,Mg,-0.8942,0.0,Metal,P23,195,12
Mg9Sc3Cd4In2Ga_id2257_E-0.89.cif,Mg9Sc3Cd4In2Ga,-0.8912,1.938,Semiconductor,Pmm2,25,38
K8Na9Sn2_id1362_E-0.89.cif,K8Na9Sn2,-0.8898,0.0,Metal,P1,1,76
K4Na5Li4(CdGa)4_id1517_E-0.89.cif,K4Na5Li4(CdGa)4,-0.8872,2.301,Semiconductor,P2/c,13,42
LiMg4(ScAl)2_id237_E-0.89.cif,LiMg4(ScAl)2,-0.8867,3.435,Semiconductor,Pm,6,18
Ba2Ca2MgZnCd4(In3Sn2)2_id1880_E-0.89.cif,Ba2Ca2MgZnCd4(In3Sn2)2,-0.8863,4.226,Insulator,P-42_1c,114,40
CaCd4_id3008_E-0.89.cif,CaCd4,-0.8852,0.0,Metal,P4_2/nmc,137,10
Li2ZnCd6_id697_E-0.88.cif,Li2ZnCd6,-0.8839,0.0,Metal,Cccm,66,36
K2Na(CdGa)2_id567_E-0.88.cif,K2Na(CdGa)2,-0.8838,0.0,Metal,I4/mcm,140,28
TiZnCdGa2Sn_id2477_E-0.88.cif,TiZnCdGa2Sn,-0.8774,1.395,Semiconductor,Cmme,67,24
Ba3Na2SrLi2Ca3AlCdInC3NO3_id2561_E-0.88.cif,Ba3Na2SrLi2Ca3AlCdInC3NO3,-0.8762,2.223,Semiconductor,Pm,6,84
Li2Zn2Ga3Si2Sn_id1943_E-0.88.cif,Li2Zn2Ga3Si2Sn,-0.876,0.0,Metal,P1,1,40
Li8Mg2Zn7In2Ga8Sn3Ge2_id740_E-0.87.cif,Li8Mg2Zn7In2Ga8Sn3Ge2,-0.8731,0.506,Semiconductor,P1,1,96
Li3Mg7(Cd2In)2_id375_E-0.87.cif,Li3Mg7(Cd2In)2,-0.8697,0.0,Metal,P1,1,32
K3Na7Ca_id2067_E-0.87.cif,K3Na7Ca,-0.8696,0.0,Metal,P3_112,151,33
Na_id2357_E-0.87.cif,Na,-0.8689,0.42,Semiconductor,P2_12_12_1,19,44
Li21Mg8Zn7In2_id2575_E-0.87.cif,Li21Mg8Zn7In2,-0.8685,0.0,Metal,P1,1,76
K6BaNa5Cd(SnO3)2_id3372_E-0.87.cif,K6BaNa5Cd(SnO3)2,-0.8659,1.396,Semiconductor,P1,1,42
Zn2Ga_id1231_E-0.87.cif,Zn2Ga,-0.8651,0.0,Metal,Pbam,55,12
K_id307_E-0.86.cif,K,-0.8629,0.0,Metal,Cmce,64,28
KNaLi2Ti2InGaSi2AsP3O7_id2430_E-0.86.cif,KNaLi2Ti2InGaSi2AsP3O7,-0.8623,0.026,Metal,P1,1,84
Mg2Cd3_id3321_E-0.86.cif,Mg2Cd3,-0.8623,0.0,Metal,I4/mcm,140,20
Ba2Na2SrCa5_id246_E-0.86.cif,Ba2Na2SrCa5,-0.8584,1.372,Semiconductor,Amm2,38,20
Mg9Zn_id2077_E-0.86.cif,Mg9Zn,-0.8558,0.0,Metal,Pbcm,57,80
K_id108_E-0.85.cif,K,-0.855,0.0,Metal,I4_1cd,110,32
NaLiMg6Zn2Cd14O16_id1290_E-0.85.cif,NaLiMg6Zn2Cd14O16,-0.8549,0.549,Semiconductor,Pnnm,58,80
K34Na3CaO6_id1402_E-0.85.cif,K34Na3CaO6,-0.8544,0.856,Semiconductor,P1,1,44
Na9Li2_id394_E-0.85.cif,Na9Li2,-0.8525,1.212,Semiconductor,Pnn2,34,22
K4Na4Li10TiZn4Cd4In4Ge4Te4As4(SO7)4_id1626_E-0.85.cif,K4Na4Li10TiZn4Cd4In4Ge4Te4As4(SO7)4,-0.8512,0.032,Metal,P1,1,150
Cd_id2923_E-0.85.cif,Cd,-0.8506,0.0,Metal,I4_1/acd,142,16
MgS_id960_E-0.85.cif,MgS,-0.8499,0.0,Metal,P4/m,83,8
K15NaCaSn5_id1796_E-0.85.cif,K15NaCaSn5,-0.849,1.243,Semiconductor,P1,1,88
Ba3Na3Sr4Li3Cd12O3_id2080_E-0.85.cif,Ba3Na3Sr4Li3Cd12O3,-0.8489,1.544,Semiconductor,Pm,6,56
K2MgCd4_id2552_E-0.85.cif,K2MgCd4,-0.8474,0.0,Metal,P4_2/mcm,132,14
K2BeTe2AsSeSN2_id2990_E-0.85.cif,K2BeTe2AsSeSN2,-0.8471,1.258,Semiconductor,P6_5,170,60
Na5Li2Mg2Cd9In2As_id1780_E-0.85.cif,Na5Li2Mg2Cd9In2As,-0.846,0.0,Metal,Pm,6,84
Na7Li4Mg3Sn_id1334_E-0.84.cif,Na7Li4Mg3Sn,-0.8446,0.0,Metal,P6_3/mcm,193,30
K6Sr2Li2Al4Zn2CdGa2SnP2(SO7)2_id2507_E-0.84.cif,K6Sr2Li2Al4Zn2CdGa2SnP2(SO7)2,-0.8442,2.059,Semiconductor,Pm,6,76
Cd_id1248_E-0.84.cif,Cd,-0.8438,0.0,Metal,Ia-3,206,48
LiCaTiBe11GaGeB3PC_id1333_E-0.84.cif,LiCaTiBe11GaGeB3PC,-0.8417,0.158,Semiconductor,P1,1,63
LiMgZn12_id2819_E-0.84.cif,LiMgZn12,-0.8408,0.0,Metal,Pm,6,28
Al2Zn_id2664_E-0.84.cif,Al2Zn,-0.8398,0.0,Metal,I2_13,199,24
Li4Mg3_id2039_E-0.84.cif,Li4Mg3,-0.8384,3.733,Insulator,P3m1,156,7
K_id2816_E-0.84.cif,K,-0.8374,0.0,Metal,P6/mmm,191,12
Zn11Cd2_id2326_E-0.84.cif,Zn11Cd2,-0.8372,0.0,Metal,P1,1,52
K4SrCaAlZnAs_id2293_E-0.83.cif,K4SrCaAlZnAs,-0.8338,0.0,Metal,P4_122,91,36
Li2CaZn5_id1788_E-0.83.cif,Li2CaZn5,-0.8329,0.0,Metal,Pmmm,47,8
MgAl2_id2522_E-0.83.cif,MgAl2,-0.8317,0.0,Metal,I4/mmm,139,12
Li3MgCd3_id2468_E-0.83.cif,Li3MgCd3,-0.8303,0.0,Metal,P2_1/m,11,14
K4Cd4Ga4As3O28_id829_E-0.83.cif,K4Cd4Ga4As3O28,-0.8296,0.0,Metal,P1,1,43
Ca3Cd40_id114_E-0.83.cif,Ca3Cd40,-0.8283,0.0,Metal,P432,207,43
Li11Mg42(ZnCd3)3_id1364_E-0.83.cif,Li11Mg42(ZnCd3)3,-0.8262,0.0,Metal,P31m,157,65
Na3(SrIn)2_id2267_E-0.82.cif,Na3(SrIn)2,-0.8237,0.844,Semiconductor,P4_2/nmc,137,14
Zn_id2590_E-0.82.cif,Zn,-0.8234,2.491,Semiconductor,P1,1,34
LiInGaSnTe2_id1256_E-0.82.cif,LiInGaSnTe2,-0.8201,0.947,Semiconductor,P1,1,72
LiScInSnTeS2O3_id37_E-0.82.cif,LiScInSnTeS2O3,-0.8191,0.458,Semiconductor,Cm,8,20
Ba2Na5CaGa_id1498_E-0.82.cif,Ba2Na5CaGa,-0.8178,4.56,Insulator,Pmm2,25,18
Zn_id3148_E-0.82.cif,Zn,-0.8177,0.0,Metal,P4_2/ncm,138,16
Li2SiGeSb2Te8(AsS2)2_id465_E-0.82.cif,Li2SiGeSb2Te8(AsS2)2,-0.8175,1.334,Semiconductor,P-42_1m,113,40
Ga_id2500_E-0.81.cif,Ga,-0.8142,0.067,Semiconductor,P6mm,183,10
LiZn3(CdGa2)2_id1956_E-0.81.cif,LiZn3(CdGa2)2,-0.8127,0.0,Metal,Ibca,73,80
K_id1102_E-0.81.cif,K,-0.8122,0.0,Metal,Aem2,39,16
LiCd4_id2330_E-0.81.cif,LiCd4,-0.8103,0.0,Metal,P-42_1c,114,10
Li7Zn_id508_E-0.81.cif,Li7Zn,-0.8068,2.033,Semiconductor,P1,1,16
Ca4Mg2Ga(Te2As)2_id3139_E-0.81.cif,Ca4Mg2Ga(Te2As)2,-0.8056,0.474,Semiconductor,Pnnm,58,52
K4Na8In3Ga5Sn_id1454_E-0.80.cif,K4Na8In3Ga5Sn,-0.8049,0.0,Metal,P1,1,63
Mg(InTe2)2_id3140_E-0.80.cif,Mg(InTe2)2,-0.8046,0.313,Semiconductor,Pmmn,59,14
Li12Sc4Al9Zn28(In2Ga)4_id3222_E-0.80.cif,Li12Sc4Al9Zn28(In2Ga)4,-0.7995,6.746,Insulator,P1,1,130
SrCa12Sc_id181_E-0.80.cif,SrCa12Sc,-0.7995,0.0,Metal,P4mm,99,14
Na2ZnCd2GaGe2(SeS10)2_id1669_E-0.80.cif,Na2ZnCd2GaGe2(SeS10)2,-0.7972,2.323,Semiconductor,P1,1,90
K6NaLi3Zn2InSn7Ge3B3Sb7As3_id2386_E-0.80.cif,K6NaLi3Zn2InSn7Ge3B3Sb7As3,-0.797,0.177,Semiconductor,P1,1,36
Mg_id896_E-0.80.cif,Mg,-0.7959,2.517,Semiconductor,P4/m,83,8
Li24Mg12Sc(AlSn2)3_id1858_E-0.80.cif,Li24Mg12Sc(AlSn2)3,-0.7952,0.148,Semiconductor,I23,197,92
SiGe20_id2794_E-0.79.cif,SiGe20,-0.793,0.022,Metal,Pm,6,21
Na2Al2Zn5Cd2_id245_E-0.79.cif,Na2Al2Zn5Cd2,-0.7924,0.0,Metal,Cccm,66,44
K_id2812_E-0.79.cif,K,-0.7923,5.439,Insulator,P3_112,151,15
LiCa5Mg24ScIn_id1134_E-0.79.cif,LiCa5Mg24ScIn,-0.7882,8.507,Insulator,P222_1,17,64
Ba3(Ca5Mg)2_id1691_E-0.79.cif,Ba3(Ca5Mg)2,-0.7876,0.0,Metal,P6/mmm,191,15
Li4Zn17_id1282_E-0.78.cif,Li4Zn17,-0.7847,0.0,Metal,P4_2/mbc,135,84
Sr3(Zn11Ga)2_id3216_E-0.78.cif,Sr3(Zn11Ga)2,-0.7831,0.0,Metal,P31m,157,27
Ba6Sr2Li2Ca4Mg8Be2Al(Cd4In)3_id1966_E-0.78.cif,Ba6Sr2Li2Ca4Mg8Be2Al(Cd4In)3,-0.783,0.083,Semiconductor,Pm,6,80
Na_id1916_E-0.78.cif,Na,-0.7829,0.0,Metal,P4_132,213,16
ZnIn9GaTe2SeS4O5_id1148_E-0.78.cif,ZnIn9GaTe2SeS4O5,-0.781,0.172,Semiconductor,Cm,8,46
BaMgSc2Zn2Se2O47_id3137_E-0.78.cif,BaMgSc2Zn2Se2O47,-0.7795,2.496,Semiconductor,P1,1,165
Na_id560_E-0.78.cif,Na,-0.7793,1.605,Semiconductor,P1,1,20
K14BaNa2_id651_E-0.78.cif,K14BaNa2,-0.7779,0.0,Metal,P6/m,175,17
LiZn6_id1204_E-0.78.cif,LiZn6,-0.7764,0.0,Metal,P4_2/mcm,132,28
K11Na4_id2871_E-0.78.cif,K11Na4,-0.776,0.0,Metal,P1,1,15
BaNaSrLi2Mg9AlZnCd2N2O_id2017_E-0.78.cif,BaNaSrLi2Mg9AlZnCd2N2O,-0.7754,0.0,Metal,P1,1,84
Sn2SbTe3As11_id2331_E-0.77.cif,Sn2SbTe3As11,-0.774,0.339,Semiconductor,Cm,8,68
Na2Si_id945_E-0.77.cif,Na2Si,-0.7733,0.0,Metal,P3_112,151,9
Ba4Ca2BeCd2(SeN2)2_id2659_E-0.77.cif,Ba4Ca2BeCd2(SeN2)2,-0.7729,0.359,Semiconductor,P1,1,60
Li4MgBe(Zn4Ga)3_id1576_E-0.77.cif,Li4MgBe(Zn4Ga)3,-0.7707,1.957,Semiconductor,P1,1,42
K3BaNaSrInGaSn3_id2346_E-0.77.cif,K3BaNaSrInGaSn3,-0.7679,1.252,Semiconductor,P3m1,156,11
K12Ba10NaSrInGa_id1347_E-0.76.cif,K12Ba10NaSrInGa,-0.7647,0.0,Metal,Pm,6,26
Be5Al3Zn9Ga2Ge_id2412_E-0.76.cif,Be5Al3Zn9Ga2Ge,-0.7623,0.005,Metal,Pbcm,57,80
Na4Ca8Sc8Si(CO2)4_id1594_E-0.76.cif,Na4Ca8Sc8Si(CO2)4,-0.762,0.686,Semiconductor,P1,1,33
Ba9Ca_id2844_E-0.76.cif,Ba9Ca,-0.7608,1.392,Semiconductor,P1,1,20
K2Ba2Na11As4_id1841_E-0.76.cif,K2Ba2Na11As4,-0.7562,2.135,Semiconductor,P1,1,76
Ca_id644_E-0.76.cif,Ca,-0.7552,0.177,Semiconductor,Pmm2,25,15
Cd_id1203_E-0.75.cif,Cd,-0.7544,0.0,Metal,I4_1/acd,142,48
Na2MgGaGeSbTe4As5PSe8S9_id1877_E-0.75.cif,Na2MgGaGeSbTe4As5PSe8S9,-0.7538,1.503,Semiconductor,P1,1,132
Na45Li7_id3084_E-0.75.cif,Na45Li7,-0.7528,3.28,Semiconductor,C2,5,52
Ba5NaLiCaIn3SiB4As_id205_E-0.75.cif,Ba5NaLiCaIn3SiB4As,-0.751,1.12,Semiconductor,P1,1,102
In7Sb_id2578_E-0.75.cif,In7Sb,-0.7498,0.0,Metal,P-4c2,116,16
K3Cd9In_id1097_E-0.75.cif,K3Cd9In,-0.7488,0.0,Metal,R-3,148,78
TiZn5Ga_id2301_E-0.75.cif,TiZn5Ga,-0.7476,0.0,Metal,P4/mmm,123,7
Li11ZnGa_id776_E-0.75.cif,Li11ZnGa,-0.7472,0.0,Metal,Pm,6,26
Al2Zn5_id1385_E-0.75.cif,Al2Zn5,-0.7472,0.008,Metal,Ccc2,37,28
Ba13In7_id1570_E-0.75.cif,Ba13In7,-0.7469,0.041,Metal,P1,1,40
NaLi4Zn8InSnSbAs2P_id2336_E-0.74.cif,NaLi4Zn8InSnSbAs2P,-0.7434,1.202,Semiconductor,P1,1,114
Na_id172_E-0.74.cif,Na,-0.7431,0.0,Metal,F-43m,216,32
Li23Mg8(Zn2Ga)2_id1472_E-0.74.cif,Li23Mg8(Zn2Ga)2,-0.7421,0.662,Semiconductor,P1,1,37
Mg2ScZnCd3Sn2_id2473_E-0.74.cif,Mg2ScZnCd3Sn2,-0.7413,0.0,Metal,Iba2,45,36
K4Cd4Ge_id2527_E-0.74.cif,K4Cd4Ge,-0.7401,0.0,Metal,P4_2/nmc,137,18
Mg12Al3Cd_id2467_E-0.74.cif,Mg12Al3Cd,-0.7395,0.0,Metal,Im-3m,229,32
ZnCd3_id3111_E-0.74.cif,ZnCd3,-0.736,0.0,Metal,P4_2/mmc,131,8
LiMg4Al_id993_E-0.74.cif,LiMg4Al,-0.7357,0.0,Metal,P42_12,90,12
Li_id2153_E-0.74.cif,Li,-0.7353,2.658,Semiconductor,Fd-3m,227,32
K6Ba2Li2Si6Ge2N_id1237_E-0.73.cif,K6Ba2Li2Si6Ge2N,-0.7344,2.077,Semiconductor,P321,150,19
Mg(AlIn4)3_id2318_E-0.73.cif,Mg(AlIn4)3,-0.7328,0.375,Semiconductor,Pc,7,32
Ba2Na2SrLi2InGeSb2(Te4Se)4_id1230_E-0.73.cif,Ba2Na2SrLi2InGeSb2(Te4Se)4,-0.7302,2.479,Semiconductor,Pbcm,57,124
Na4Be2In3Ga(AsS)2_id3053_E-0.73.cif,Na4Be2In3Ga(AsS)2,-0.7278,3.927,Insulator,P-6c2,188,28
KBa5Ca10MgZn2GaSn_id2312_E-0.73.cif,KBa5Ca10MgZn2GaSn,-0.7254,0.04,Metal,P1,1,42
Li2MgSc2TiAlGa_id1856_E-0.72.cif,Li2MgSc2TiAlGa,-0.7233,1.757,Semiconductor,P4_2/mbc,135,128
LiCa6Mg5Zn8Cd_id1753_E-0.72.cif,LiCa6Mg5Zn8Cd,-0.7232,0.0,Metal,P1,1,21
LiMg10Cd_id427_E-0.72.cif,LiMg10Cd,-0.7227,0.844,Semiconductor,P1,1,96
K4Li4Be2Ga4B_id1337_E-0.72.cif,K4Li4Be2Ga4B,-0.7223,0.734,Semiconductor,P1,1,60
Zn3Cd_id1216_E-0.72.cif,Zn3Cd,-0.7205,0.0,Metal,P4_2mc,105,8
In_id2882_E-0.72.cif,In,-0.7189,0.0,Metal,Pmm2,25,3
ZnCd4_id2505_E-0.72.cif,ZnCd4,-0.7184,0.0,Metal,I4/mcm,140,20
CaMg2AlCd2Ga2SiSn2GeAsC_id2173_E-0.72.cif,CaMg2AlCd2Ga2SiSn2GeAsC,-0.7165,0.048,Metal,P1,1,84
K6NaCa3(Cd4In)3_id1798_E-0.71.cif,K6NaCa3(Cd4In)3,-0.7148,0.459,Semiconductor,Pmmm,47,25
NaLi(CdIn)3_id2615_E-0.71.cif,NaLi(CdIn)3,-0.7122,0.0,Metal,P1,1,64
Mg15Sc2_id3219_E-0.71.cif,Mg15Sc2,-0.7061,0.014,Metal,P4mm,99,17
LiSi2SnTeAsC(N2O5)2_id3221_E-0.70.cif,LiSi2SnTeAsC(N2O5)2,-0.7045,0.002,Metal,Cm,8,42
Ba2Li2MgZn(InGa)3_id463_E-0.70.cif,Ba2Li2MgZn(InGa)3,-0.7045,0.0,Metal,Pm,6,12
K5NaSr3_id864_E-0.70.cif,K5NaSr3,-0.7044,0.0,Metal,R-3,148,54
Mg_id800_E-0.70.cif,Mg,-0.703,0.629,Semiconductor,F4_132,210,144
Na_id727_E-0.70.cif,Na,-0.7004,0.0,Metal,Pn-3m,224,6
KNa2Zn4Cd4Ga_id1017_E-0.70.cif,KNa2Zn4Cd4Ga,-0.6963,4.065,Insulator,Pm,6,24
CaZn_id1682_E-0.70.cif,CaZn,-0.6953,0.0,Metal,P4_232,208,24
BaTiAl2ZnIn3_id769_E-0.69.cif,BaTiAl2ZnIn3,-0.692,2.067,Semiconductor,P1,1,32
Na2Li2Mg2Zn2Cd2B2As3Se_id3162_E-0.69.cif,Na2Li2Mg2Zn2Cd2B2As3Se,-0.6906,2.157,Semiconductor,P1,1,64
K9Na6Cd3Sn_id2499_E-0.69.cif,K9Na6Cd3Sn,-0.6889,0.0,Metal,P3_112,151,57
SbTeAs2SeSO5_id3123_E-0.69.cif,SbTeAs2SeSO5,-0.6858,0.105,Semiconductor,P2,3,11
Mg8Sc4Ti(AlIn5)4_id2946_E-0.69.cif,Mg8Sc4Ti(AlIn5)4,-0.6852,0.194,Semiconductor,P2_1,4,74
KNa20ZnTe3O4_id1987_E-0.68.cif,KNa20ZnTe3O4,-0.6849,1.563,Semiconductor,P1,1,58
K4NaCd5_id3271_E-0.68.cif,K4NaCd5,-0.6844,0.01,Metal,Immm,71,20
In2Ga_id3136_E-0.68.cif,In2Ga,-0.6838,0.0,Metal,P-3m1,164,3
Ca7Mg18ScCd4_id444_E-0.68.cif,Ca7Mg18ScCd4,-0.6808,0.0,Metal,P6/mmm,191,60
Li2CdIn3GaSnTe4P2Se2S3NO_id3309_E-0.68.cif,Li2CdIn3GaSnTe4P2Se2S3NO,-0.6793,0.0,Metal,P1,1,84
Na2Mg7Cd5_id1308_E-0.68.cif,Na2Mg7Cd5,-0.6776,2.265,Semiconductor,Pbam,55,28
Mg3Zn10_id2690_E-0.68.cif,Mg3Zn10,-0.6759,0.0,Metal,C222,21,26
K_id2508_E-0.67.cif,K,-0.6746,0.0,Metal,P4/mmm,123,6
K3Cd2InGa2_id661_E-0.67.cif,K3Cd2InGa2,-0.6743,1.575,Semiconductor,P1,1,48
K_id3051_E-0.67.cif,K,-0.6702,0.0,Metal,P4_2cm,101,32
SrLi4CdGa_id1031_E-0.67.cif,SrLi4CdGa,-0.6692,4.013,Insulator,P1,1,14
K7NaO4_id1789_E-0.67.cif,K7NaO4,-0.6663,3.053,Semiconductor,P1,1,24
Li9Mg6Al2(CdGa2)2_id1744_E-0.66.cif,Li9Mg6Al2(CdGa2)2,-0.6639,0.351,Semiconductor,P4_2/m,84,46
LiMgAl(ZnCd)2_id1091_E-0.66.cif,LiMgAl(ZnCd)2,-0.6618,1.34,Semiconductor,Pmna,53,28
LiMg7_id3005_E-0.66.cif,LiMg7,-0.6616,0.007,Metal,P4/m,83,8
TiGa2Sn3_id240_E-0.66.cif,TiGa2Sn3,-0.6616,0.084,Semiconductor,P6_3/mmc,194,12
KSr2Cd7_id682_E-0.66.cif,KSr2Cd7,-0.6611,0.0,Metal,P2,3,40
KSrCd_id43_E-0.65.cif,KSrCd,-0.6545,0.0,Metal,P4_122,91,12
In(TeO8)2_id2671_E-0.65.cif,In(TeO8)2,-0.6541,11.653,Insulator,P23,195,114
NaCa4Al2Zn5Si4SnGe2_id2156_E-0.65.cif,NaCa4Al2Zn5Si4SnGe2,-0.6541,3.265,Semiconductor,Cm,8,38
Zn3Ga2_id2300_E-0.65.cif,Zn3Ga2,-0.6535,0.0,Metal,P6_5,170,30
Li2MgBe2_id2393_E-0.65.cif,Li2MgBe2,-0.6478,2.66,Semiconductor,P4_2/mmc,131,10
K2Li9Mg_id639_E-0.65.cif,K2Li9Mg,-0.6473,0.592,Semiconductor,P1,1,24
K2ZnIn3Ga2_id2692_E-0.65.cif,K2ZnIn3Ga2,-0.6461,0.0,Metal,Aem2,39,32
K2Ba7Sr5CaSnSb5_id1945_E-0.65.cif,K2Ba7Sr5CaSnSb5,-0.645,0.883,Semiconductor,P1,1,42
NaZn4InGePN_id40_E-0.64.cif,NaZn4InGePN,-0.6439,0.116,Semiconductor,Cmcm,63,36
Mg6Zn3Ga3SnSb2Te3_id2379_E-0.64.cif,Mg6Zn3Ga3SnSb2Te3,-0.6429,1.584,Semiconductor,P1,1,18
Ba3Sr3CaMgIn2_id2197_E-0.64.cif,Ba3Sr3CaMgIn2,-0.6422,0.0,Metal,P3c1,158,20
Na2Li2CdIn2Ga_id1930_E-0.64.cif,Na2Li2CdIn2Ga,-0.6403,0.0,Metal,I4_1/acd,142,128
SrCa2_id466_E-0.64.cif,SrCa2,-0.6378,0.0,Metal,Pn-3m,224,6
Na2Li9Mg2Cd2Ga3_id2791_E-0.63.cif,Na2Li9Mg2Cd2Ga3,-0.6336,2.334,Semiconductor,Pnna,52,72
LiZn3_id1834_E-0.62.cif,LiZn3,-0.6236,0.0,Metal,P4_2/mcm,132,8
CaGe2As2P2(SeO6)2_id2025_E-0.62.cif,CaGe2As2P2(SeO6)2,-0.6215,1.748,Semiconductor,P1,1,42
KBe2_id1786_E-0.62.cif,KBe2,-0.6213,0.0,Metal,I4_1/amd,141,12
Li32Al2Zn2Cd(TeO)2_id760_E-0.62.cif,Li32Al2Zn2Cd(TeO)2,-0.6193,2.449,Semiconductor,P4_2,77,82
KBeGeTeSe4S4N2O7_id2629_E-0.62.cif,KBeGeTeSe4S4N2O7,-0.6191,8.139,Insulator,P1,1,84
Ba2Sr6Ca29_id3147_E-0.62.cif,Ba2Sr6Ca29,-0.6166,0.111,Semiconductor,P1,1,37
Sr2LiMg_id947_E-0.62.cif,Sr2LiMg,-0.6161,0.0,Metal,P4/mmm,123,4
ZnCd8_id2955_E-0.62.cif,ZnCd8,-0.6151,0.0,Metal,P-4,81,72
Zn_id3370_E-0.61.cif,Zn,-0.6137,0.326,Semiconductor,Ama2,40,24
Ga_id1591_E-0.61.cif,Ga,-0.6135,0.0,Metal,Cmcm,63,4
Zn_id355_E-0.61.cif,Zn,-0.6105,0.0,Metal,P4/ncc,130,40
Mg3Cd3In8_id2418_E-0.61.cif,Mg3Cd3In8,-0.6095,0.0,Metal,P1,1,28
Sb2As2P_id2612_E-0.61.cif,Sb2As2P,-0.6088,0.0,Metal,I4_1/amd,141,20
In(SO4)4_id2702_E-0.61.cif,In(SO4)4,-0.6081,0.493,Semiconductor,Cm,8,84
Na6SrLi2Zn2Sn_id808_E-0.61.cif,Na6SrLi2Zn2Sn,-0.6077,0.0,Metal,P-6m2,187,24
K2Li5Sb_id2091_E-0.61.cif,K2Li5Sb,-0.6066,0.895,Semiconductor,P1,1,16
NaIn2SnTeAs2Se3S_id3054_E-0.60.cif,NaIn2SnTeAs2Se3S,-0.6029,1.365,Semiconductor,P1,1,22
LiSi2BAsP2N_id623_E-0.60.cif,LiSi2BAsP2N,-0.5982,1.246,Semiconductor,P1,1,48
SrCa_id1368_E-0.60.cif,SrCa,-0.5977,0.0,Metal,P4_2/mmc,131,8
K3Li3TiZn10Cd8In4(Ga2Sn)2_id3295_E-0.60.cif,K3Li3TiZn10Cd8In4(Ga2Sn)2,-0.5958,0.052,Semiconductor,P1,1,140
K2Na6Li2Zn4Ga2SnO2_id239_E-0.60.cif,K2Na6Li2Zn4Ga2SnO2,-0.5953,0.213,Semiconductor,P1,1,38
NaLiCd2InSn_id1864_E-0.59.cif,NaLiCd2InSn,-0.5946,0.055,Semiconductor,Pmm2,25,12
Na(SrCd)2_id487_E-0.59.cif,Na(SrCd)2,-0.594,0.0,Metal,Pnma,62,20
KNaSrLi3Zn2In(GaGe)2_id678_E-0.59.cif,KNaSrLi3Zn2In(GaGe)2,-0.5937,0.0,Metal,Ccc2,37,52
LiScAlZn5CdInGa_id2730_E-0.59.cif,LiScAlZn5CdInGa,-0.5932,0.0,Metal,P1,1,88
LiMgZn5Ga3_id3284_E-0.59.cif,LiMgZn5Ga3,-0.5898,0.091,Semiconductor,Pmmn,59,20
MgAlCd2_id1525_E-0.59.cif,MgAlCd2,-0.5891,0.0,Metal,P4mm,99,4
Na2Li2CaMg4ZnCd4In2Ga2SiGeSb_id3156_E-0.59.cif,Na2Li2CaMg4ZnCd4In2Ga2SiGeSb,-0.5889,0.0,Metal,P1,1,84
MgCd6_id2054_E-0.59.cif,MgCd6,-0.5878,0.0,Metal,P6_322,182,14
Al4Zn6In2Ga9_id3283_E-0.58.cif,Al4Zn6In2Ga9,-0.5839,0.144,Semiconductor,Cm,8,42
Li2Mg6Sn_id2878_E-0.58.cif,Li2Mg6Sn,-0.5838,0.324,Semiconductor,Pm,6,9
Li6Ca3Mg3Cd14_id1827_E-0.58.cif,Li6Ca3Mg3Cd14,-0.5836,3.135,Semiconductor,Pm,6,26
Na7Li12Ca3Mg6Al12Zn6Cd6In9Ge_id633_E-0.58.cif,Na7Li12Ca3Mg6Al12Zn6Cd6In9Ge,-0.5828,0.0,Metal,P1,1,62
BaNa4_id1543_E-0.58.cif,BaNa4,-0.5819,0.0,Metal,P6/mmm,191,5
CaCd31_id1369_E-0.58.cif,CaCd31,-0.5812,2.281,Semiconductor,Pm,6,32
LiMg4Al2Sn_id2576_E-0.58.cif,LiMg4Al2Sn,-0.5809,0.205,Semiconductor,P1,1,32
K3Ba3Li6Mg3Be3Al4In3Ga5Te9(Se5S2)3_id1708_E-0.58.cif,K3Ba3Li6Mg3Be3Al4In3Ga5Te9(Se5S2)3,-0.5803,1.014,Semiconductor,P6mm,183,60
Li17(Mg3Zn)2_id1644_E-0.58.cif,Li17(Mg3Zn)2,-0.5803,3.22,Semiconductor,Pm,6,50
Sc2TiAl20(In5Ga)2_id1595_E-0.58.cif,Sc2TiAl20(In5Ga)2,-0.58,2.602,Semiconductor,P1,1,70
K2Li9Mg2Zn2Cd6Ga3B2Te2Se2N2O_id2214_E-0.58.cif,K2Li9Mg2Zn2Cd6Ga3B2Te2Se2N2O,-0.5787,1.476,Semiconductor,P1,1,66
KNa2Cd2Sn_id82_E-0.58.cif,KNa2Cd2Sn,-0.5775,0.0,Metal,P4/mmm,123,6
Li(Mg3Cd2)2_id1316_E-0.57.cif,Li(Mg3Cd2)2,-0.5749,0.0,Metal,Pm-3m,221,11
Sb11As4_id2683_E-0.57.cif,Sb11As4,-0.5738,0.0,Metal,Amm2,38,30
LiMgCd2_id615_E-0.57.cif,LiMgCd2,-0.5694,0.0,Metal,P4_2/nnm,134,16
K2Na5Li_id912_E-0.57.cif,K2Na5Li,-0.5655,0.421,Semiconductor,P312,149,16
K3Na2Cd2GaSiSnSbAs3Se10_id2884_E-0.56.cif,K3Na2Cd2GaSiSnSbAs3Se10,-0.5629,0.005,Metal,Pm,6,48
BaNa2(Li3Ca)2_id1094_E-0.56.cif,BaNa2(Li3Ca)2,-0.5559,0.599,Semiconductor,P2,3,44
Li8MgZnCd3GaSn_id1881_E-0.55.cif,Li8MgZnCd3GaSn,-0.5517,0.0,Metal,Pmm2,25,60
LiGeS19_id1814_E-0.55.cif,LiGeS19,-0.5512,4.314,Insulator,Pmn2_1,31,42
K20Na13_id386_E-0.55.cif,K20Na13,-0.5508,0.057,Semiconductor,P3,143,33
Mg15Cd5In_id2875_E-0.55.cif,Mg15Cd5In,-0.5481,0.0,Metal,P1,1,21
BaNa3LiCaMg3ZnIn4Ga2Sn2SbPS_id767_E-0.54.cif,BaNa3LiCaMg3ZnIn4Ga2Sn2SbPS,-0.5448,0.0,Metal,Pm,6,84
Li(Mg2Zn)2_id2755_E-0.54.cif,Li(Mg2Zn)2,-0.5448,3.167,Semiconductor,P1,1,28
AlZnInGa3Sn2_id397_E-0.54.cif,AlZnInGa3Sn2,-0.5424,0.475,Semiconductor,Pm,6,16
Ba4Li3Zn2Cd4In2Sn_id798_E-0.54.cif,Ba4Li3Zn2Cd4In2Sn,-0.5411,2.595,Semiconductor,C2/m,12,64
BaNa2Sr2LiMgZn6Cd6InGa_id1888_E-0.54.cif,BaNa2Sr2LiMgZn6Cd6InGa,-0.5406,2.778,Semiconductor,P3_1,144,63
MgZnCdIn_id298_E-0.54.cif,MgZnCdIn,-0.539,0.0,Metal,P4mm,99,4
LiBe2Si2AsSeN4O27_id356_E-0.54.cif,LiBe2Si2AsSeN4O27,-0.537,0.909,Semiconductor,P1,1,76
CaMg_id2212_E-0.54.cif,CaMg,-0.537,0.0,Metal,P4_2cm,101,16
MgAlZnIn_id219_E-0.54.cif,MgAlZnIn,-0.5364,0.0,Metal,P-6m2,187,4
KZnCdO3_id3071_E-0.53.cif,KZnCdO3,-0.534,1.291,Semiconductor,Pbca,61,48
Al_id2049_E-0.53.cif,Al,-0.5326,0.36,Semiconductor,Cm,8,10
K4Li2Be2Zn4Ga3Ge2(SO)4_id2170_E-0.53.cif,K4Li2Be2Zn4Ga3Ge2(SO)4,-0.5324,0.42,Semiconductor,P1,1,25
Zn13Cd8In4Ga8Si8As_id1653_E-0.53.cif,Zn13Cd8In4Ga8Si8As,-0.531,0.085,Semiconductor,P1,1,84
K2Li3Mg2ScZnIn3_id2926_E-0.53.cif,K2Li3Mg2ScZnIn3,-0.5309,0.0,Metal,P-6m2,187,24
Li3Ca2Zn_id545_E-0.53.cif,Li3Ca2Zn,-0.5304,0.0,Metal,P4/mmm,123,6
K2Zn6Cd2(InGa3)3_id3113_E-0.53.cif,K2Zn6Cd2(InGa3)3,-0.5299,0.0,Metal,Cmme,67,88
K20Na11Ga2Sn2(SeS2)2_id2168_E-0.52.cif,K20Na11Ga2Sn2(SeS2)2,-0.5249,3.229,Semiconductor,P2_1/c,14,82
K3NaCd6_id1185_E-0.52.cif,K3NaCd6,-0.5247,0.014,Metal,Im-3m,229,20
Ba12SrCa2Cd8In2Sn_id1869_E-0.52.cif,Ba12SrCa2Cd8In2Sn,-0.5222,0.073,Semiconductor,P1,1,52
Li20Mg_id2601_E-0.52.cif,Li20Mg,-0.5183,4.456,Insulator,P1,1,84
AlZn2In2Ga4SiSnGe_id676_E-0.52.cif,AlZn2In2Ga4SiSnGe,-0.5181,0.159,Semiconductor,P2_1/m,11,24
LiMg19In_id3378_E-0.51.cif,LiMg19In,-0.5121,1.357,Semiconductor,P1,1,42
K3Na15Li3Ca3Mg12Sc4Zn3_id2994_E-0.51.cif,K3Na15Li3Ca3Mg12Sc4Zn3,-0.5093,0.606,Semiconductor,P1,1,86
TiO19_id2278_E-0.50.cif,TiO19,-0.5046,1.525,Semiconductor,Cmm2,35,80
BaSr3MgGa_id749_E-0.50.cif,BaSr3MgGa,-0.5025,0.0,Metal,P-6m2,187,6
Ba6CaMg27_id2660_E-0.50.cif,Ba6CaMg27,-0.4978,0.0,Metal,Pm-3m,221,34
Ba3Ca3Mg_id136_E-0.50.cif,Ba3Ca3Mg,-0.4964,0.592,Semiconductor,Fm-3m,225,56
Li2Mg2Zn7Cd2In2(Ga2Ge)2_id1217_E-0.49.cif,Li2Mg2Zn7Cd2In2(Ga2Ge)2,-0.4931,0.232,Semiconductor,P4_22_12,94,42
Zn6Ga_id1069_E-0.49.cif,Zn6Ga,-0.4911,1.074,Semiconductor,P1,1,14
MgCd2_id11_E-0.49.cif,MgCd2,-0.4904,0.0,Metal,Pbam,55,24
Mg4Cd8Sn3_id2867_E-0.48.cif,Mg4Cd8Sn3,-0.4785,0.035,Metal,P1,1,30
Li_id1086_E-0.48.cif,Li,-0.4774,0.0,Metal,Fm-3m,225,4
KBaNaLiMgPSeO14_id500_E-0.48.cif,KBaNaLiMgPSeO14,-0.4754,1.339,Semiconductor,Cmc2_1,36,84
Na2Cd9Sn_id1520_E-0.47.cif,Na2Cd9Sn,-0.4746,0.064,Semiconductor,P1,1,24
Cd17Ga_id1001_E-0.47.cif,Cd17Ga,-0.4711,0.0,Metal,Im-3m,229,36
NaLi8(CaMg)8_id1548_E-0.47.cif,NaLi8(CaMg)8,-0.4673,0.0,Metal,P4_2/nnm,134,50
Zn5Ga3_id1395_E-0.47.cif,Zn5Ga3,-0.4668,0.0,Metal,Pm,6,16
Zn2Ga4Si2Ge12Sb_id1599_E-0.46.cif,Zn2Ga4Si2Ge12Sb,-0.465,0.0,Metal,I4_1,80,84
Zn_id334_E-0.46.cif,Zn,-0.4644,0.0,Metal,P1,1,16
K6Li8Mg2Cd3In2Ga2(SnGe)6_id3196_E-0.46.cif,K6Li8Mg2Cd3In2Ga2(SnGe)6,-0.4602,0.004,Metal,Cc,9,70
Ba6Na7(Sr4Mg)3_id2766_E-0.46.cif,Ba6Na7(Sr4Mg)3,-0.4578,0.0,Metal,P23,195,28
K4NaInGaGeSbAs3P_id1123_E-0.46.cif,K4NaInGaGeSbAs3P,-0.4578,0.627,Semiconductor,P1,1,13
SrCa2Mg2Cd10(GaSi)2_id1853_E-0.46.cif,SrCa2Mg2Cd10(GaSi)2,-0.4569,0.0,Metal,P1,1,76
Zn7Sn_id826_E-0.46.cif,Zn7Sn,-0.4551,0.0,Metal,I4/mmm,139,16
C20N_id467_E-0.45.cif,C20N,-0.4545,0.0,Metal,Pbcm,57,84
LiMg2In_id3246_E-0.45.cif,LiMg2In,-0.4543,0.0,Metal,I4/mmm,139,8
Cd_id67_E-0.45.cif,Cd,-0.4492,0.0,Metal,P6/mcc,192,36
KSrZn3_id163_E-0.45.cif,KSrZn3,-0.448,0.119,Semiconductor,Pm,6,10
Al_id1338_E-0.44.cif,Al,-0.4449,0.1,Semiconductor,Pm,6,27
LiMgZn2_id3064_E-0.44.cif,LiMgZn2,-0.4433,0.0,Metal,I4_132,214,32
BaZn8_id1627_E-0.44.cif,BaZn8,-0.4419,0.0,Metal,P4_2/nmc,137,18
Li2Ca3Be2Al2Zn6In2Ga7Sn2Sb2As3P_id3179_E-0.44.cif,Li2Ca3Be2Al2Zn6In2Ga7Sn2Sb2As3P,-0.4387,0.027,Metal,Ccc2,37,128
NaZn8Cd6In8(Ga2Te)2_id1462_E-0.43.cif,NaZn8Cd6In8(Ga2Te)2,-0.4334,0.279,Semiconductor,Pm,6,116
Ba2Li3Zn2Cd6Ga_id1331_E-0.43.cif,Ba2Li3Zn2Cd6Ga,-0.4314,0.161,Semiconductor,P6,168,14
K50Cd2SnSb2_id3193_E-0.43.cif,K50Cd2SnSb2,-0.43,0.142,Semiconductor,P1,1,110
K2CaBe3GaB(AsP)3_id2179_E-0.43.cif,K2CaBe3GaB(AsP)3,-0.4252,0.525,Semiconductor,P1,1,28
S_id1020_E-0.42.cif,S,-0.4248,0.316,Semiconductor,P2,3,18
Ba2NaSrCa8MgSO7_id889_E-0.42.cif,Ba2NaSrCa8MgSO7,-0.4245,1.048,Semiconductor,Cm,8,42
Zn_id1499_E-0.42.cif,Zn,-0.4225,0.0,Metal,P2_12_12_1,19,36
K5Li2Cd4(Ga2Sn)2_id1994_E-0.42.cif,K5Li2Cd4(Ga2Sn)2,-0.4203,4.06,Insulator,P1,1,34
KNa_id2270_E-0.42.cif,KNa,-0.42,1.198,Semiconductor,Immm,71,8
ZnCdGa_id2059_E-0.42.cif,ZnCdGa,-0.4185,0.0,Metal,Aem2,39,12
K3Ca2(AlGa)2_id738_E-0.41.cif,K3Ca2(AlGa)2,-0.4143,0.638,Semiconductor,Pm,6,18
Ba(NaCd2)4_id1108_E-0.41.cif,Ba(NaCd2)4,-0.411,0.0,Metal,I-4m2,119,26
Na2Li2CdIn9Sn5_id2895_E-0.41.cif,Na2Li2CdIn9Sn5,-0.4089,0.098,Semiconductor,P2_1/m,11,38
KNa12Li8Cd4In4Ga4Sn12Ge8Sb8Te8(SeS2)4_id819_E-0.41.cif,KNa12Li8Cd4In4Ga4Sn12Ge8Sb8Te8(SeS2)4,-0.4055,0.002,Metal,P4_2/n,86,162
Na2Cd15_id457_E-0.40.cif,Na2Cd15,-0.4048,0.0,Metal,P-1,2,17
K5NaZn2Cd8Ge3_id965_E-0.40.cif,K5NaZn2Cd8Ge3,-0.4045,0.047,Metal,P1,1,38
Zn6Ga_id1939_E-0.40.cif,Zn6Ga,-0.4026,0.0,Metal,I4_1md,109,28
BaCd9_id1465_E-0.40.cif,BaCd9,-0.402,0.0,Metal,Im-3m,229,20
Li2Zn2Cd2Ge_id2873_E-0.40.cif,Li2Zn2Cd2Ge,-0.4007,0.008,Metal,Cccm,66,56
Zn6Cd_id1035_E-0.40.cif,Zn6Cd,-0.3998,0.0,Metal,Pmmn,59,14
K2Cd_id1125_E-0.40.cif,K2Cd,-0.398,0.0,Metal,P4/mmm,123,6
NaCaMg35Al_id2489_E-0.39.cif,NaCaMg35Al,-0.394,0.21,Semiconductor,P1,1,76
MgAl2Zn5Ga4_id2302_E-0.39.cif,MgAl2Zn5Ga4,-0.3939,0.0,Metal,P1,1,36
Zn4Cd5_id1491_E-0.39.cif,Zn4Cd5,-0.39,0.0,Metal,P4_2/nnm,134,18
Zn_id1702_E-0.39.cif,Zn,-0.3893,0.0,Metal,P1,1,40
Li2Be2GaGe11P2_id847_E-0.39.cif,Li2Be2GaGe11P2,-0.3858,0.965,Semiconductor,P4_12_12,92,72
K2Li3ZnCd3In2Ga3Sn(GeS2)2_id1309_E-0.38.cif,K2Li3ZnCd3In2Ga3Sn(GeS2)2,-0.384,0.858,Semiconductor,P6_1,169,126
Ba3Li3Mg12Sc3Cd8In3_id290_E-0.38.cif,Ba3Li3Mg12Sc3Cd8In3,-0.3816,0.0,Metal,P-62m,189,32
Ti(Zn18Ga)2_id2028_E-0.37.cif,Ti(Zn18Ga)2,-0.3738,0.0,Metal,Pm,6,39
K3Cd6In6Sn6Ge6Te6(Se4S3)2_id3044_E-0.37.cif,K3Cd6In6Sn6Ge6Te6(Se4S3)2,-0.3731,1.889,Semiconductor,P1,1,47
Sr4LiMg4InSn3B4Sb6Te4P4Se4(S2O7)4_id962_E-0.37.cif,Sr4LiMg4InSn3B4Sb6Te4P4Se4(S2O7)4,-0.3728,1.2,Semiconductor,P1,1,71
ZnGa_id426_E-0.37.cif,ZnGa,-0.3722,0.0,Metal,P6/mmm,191,8
In12GaSn6_id1774_E-0.37.cif,In12GaSn6,-0.3713,0.101,Semiconductor,P1,1,19
K3Na2CdIn4Sn11_id3319_E-0.36.cif,K3Na2CdIn4Sn11,-0.3634,0.698,Semiconductor,Cm,8,42
Li3Be2Al6Zn23Ga_id1954_E-0.36.cif,Li3Be2Al6Zn23Ga,-0.362,0.061,Semiconductor,P1,1,70
Zn_id1485_E-0.36.cif,Zn,-0.3582,0.0,Metal,Pn-3m,224,64
K2Na3Mg3O54_id2474_E-0.36.cif,K2Na3Mg3O54,-0.3571,1.67,Semiconductor,Pm,6,62
Mg_id3059_E-0.34.cif,Mg,-0.3381,0.0,Metal,P6/mmm,191,12
Li8MgCd4(InTe)2_id2225_E-0.34.cif,Li8MgCd4(InTe)2,-0.3378,0.0,Metal,Ccc2,37,68
Na(CaMg)2_id2236_E-0.33.cif,Na(CaMg)2,-0.3319,0.0,Metal,P4/mmm,123,5
SrCd4_id407_E-0.33.cif,SrCd4,-0.3316,0.0,Metal,P4_2/nmc,137,10
ZnCd4_id2226_E-0.33.cif,ZnCd4,-0.3311,0.0,Metal,Immm,71,10
Li12CdO2_id2284_E-0.33.cif,Li12CdO2,-0.3282,3.611,Insulator,P-6c2,188,30
Li2CaZn2GaO7_id2887_E-0.32.cif,Li2CaZn2GaO7,-0.3249,3.463,Semiconductor,P1,1,39
Cd_id1568_E-0.32.cif,Cd,-0.3232,2.517,Semiconductor,P1,1,32
KAl2In32GaSn_id3249_E-0.32.cif,KAl2In32GaSn,-0.322,0.0,Metal,P4bm,100,74
LiAlGa10Ge3_id509_E-0.32.cif,LiAlGa10Ge3,-0.3214,4.03,Insulator,Pm,6,15
Li2AlZnInGaSn3GeTe2AsSe7S_id352_E-0.32.cif,Li2AlZnInGaSn3GeTe2AsSe7S,-0.3202,2.087,Semiconductor,Pm,6,42
Li24Zn13Te12_id1453_E-0.32.cif,Li24Zn13Te12,-0.3174,1.888,Semiconductor,I23,197,98
Ba2Na2Li15Mg10ScZn2(InSn)2_id14_E-0.31.cif,Ba2Na2Li15Mg10ScZn2(InSn)2,-0.3105,0.0,Metal,P2_1/c,14,72
Zn2Cd2InGa2_id1401_E-0.31.cif,Zn2Cd2InGa2,-0.3073,0.008,Metal,P4/mmm,123,28
Mg(GaN)2_id153_E-0.30.cif,Mg(GaN)2,-0.3039,0.0,Metal,Pn-3,201,60
LiMgSn2_id1222_E-0.30.cif,LiMgSn2,-0.298,0.126,Semiconductor,P4/nmm,129,8
KNaScTi2InGaGe2Te2AsSeS18_id2854_E-0.30.cif,KNaScTi2InGaGe2Te2AsSeS18,-0.2972,2.902,Semiconductor,P1,1,62
NaLi4Ca4Mg16Al8Cd8In8(GaAs)4_id2008_E-0.30.cif,NaLi4Ca4Mg16Al8Cd8In8(GaAs)4,-0.2971,0.068,Semiconductor,P4_2/nmc,137,114
Ti4(Cd2Sn)7_id2440_E-0.30.cif,Ti4(Cd2Sn)7,-0.2961,0.0,Metal,Pm,6,50
Li12Al6Cd3In19(Ga3Sn2)2_id225_E-0.30.cif,Li12Al6Cd3In19(Ga3Sn2)2,-0.2954,0.033,Metal,P1,1,50
Cd3In4_id56_E-0.29.cif,Cd3In4,-0.295,0.338,Semiconductor,Pmmm,47,14
MgZnCd19_id1478_E-0.29.cif,MgZnCd19,-0.2896,1.416,Semiconductor,P2_1,4,42
Al6CdIn3_id2203_E-0.28.cif,Al6CdIn3,-0.2837,0.04,Metal,P6_3/mcm,193,20
Sr2Cd6InGaSb_id655_E-0.28.cif,Sr2Cd6InGaSb,-0.2831,0.0,Metal,P312,149,11
Li4Mg4Zn5_id3078_E-0.28.cif,Li4Mg4Zn5,-0.2829,3.336,Semiconductor,Pmm2,25,13
Cd19In4_id630_E-0.28.cif,Cd19In4,-0.2819,4.8,Insulator,P1,1,46
Li(Mg3Cd2)3_id1058_E-0.28.cif,Li(Mg3Cd2)3,-0.2775,0.0,Metal,Pm-3,200,16
Ca_id318_E-0.28.cif,Ca,-0.2768,1.623,Semiconductor,P-1,2,18
SrZn6Cd9(TeS)6_id1928_E-0.27.cif,SrZn6Cd9(TeS)6,-0.2749,2.948,Semiconductor,P1,1,56
KNa2LiGeP3O13_id1703_E-0.27.cif,KNa2LiGeP3O13,-0.2747,3.867,Insulator,Cm,8,42
Na2Li10Cd2In3Ga2Sn4Se2(SO7)2_id1122_E-0.27.cif,Na2Li10Cd2In3Ga2Sn4Se2(SO7)2,-0.2746,0.101,Semiconductor,Pm,6,82
K6Na12Sr9Ca2Be3Si2Sn3Ge3As6(PS2)3_id1688_E-0.27.cif,K6Na12Sr9Ca2Be3Si2Sn3Ge3As6(PS2)3,-0.2715,0.0,Metal,P1,1,165
K2Ba2Na3SrLi2TiZnAsO3_id1933_E-0.27.cif,K2Ba2Na3SrLi2TiZnAsO3,-0.27,0.809,Semiconductor,Pm,6,32
Ba2LiMg6Al2Sn2(NO6)2_id418_E-0.27.cif,Ba2LiMg6Al2Sn2(NO6)2,-0.2652,0.051,Semiconductor,P1,1,108
KNa2Zn2Cd7In_id102_E-0.26.cif,KNa2Zn2Cd7In,-0.2624,2.34,Semiconductor,Ibam,72,52
Sr4LiAlIn4Sn_id238_E-0.26.cif,Sr4LiAlIn4Sn,-0.2583,0.098,Semiconductor,Pmm2,25,22
Li(ZnGa)2_id2814_E-0.26.cif,Li(ZnGa)2,-0.2578,0.0,Metal,P31m,157,30
BaAl_id3286_E-0.25.cif,BaAl,-0.2539,0.0,Metal,P6_3/mmc,194,4
BaCa2InGe2(Te2O)2_id133_E-0.25.cif,BaCa2InGe2(Te2O)2,-0.2528,2.835,Semiconductor,I4/mmm,139,24
Li2InSnTe2Se2S9O2_id1448_E-0.24.cif,Li2InSnTe2Se2S9O2,-0.242,1.657,Semiconductor,Pnn2,34,38
Li6Mg14Zn2Cd2In_id3023_E-0.24.cif,Li6Mg14Zn2Cd2In,-0.2398,3.813,Insulator,Pm,6,25
K11Ba3Na4Cd4(In2Sn)6_id1524_E-0.24.cif,K11Ba3Na4Cd4(In2Sn)6,-0.2362,1.976,Semiconductor,Pnnm,58,80
Mg13In2_id87_E-0.24.cif,Mg13In2,-0.2352,0.169,Semiconductor,P1,1,60
K2Li12Zn2Cd8In3(Ga6B)2_id2068_E-0.23.cif,K2Li12Zn2Cd8In3(Ga6B)2,-0.2336,0.039,Metal,P4_2,77,82
NaLi4Sc2CdIn2Sn_id2948_E-0.23.cif,NaLi4Sc2CdIn2Sn,-0.2251,0.0,Metal,Imma,74,44
K3Zn12In2Ga9Si_id2416_E-0.22.cif,K3Zn12In2Ga9Si,-0.2177,2.647,Semiconductor,Pm,6,27
Zn4Ga6Ge_id3345_E-0.22.cif,Zn4Ga6Ge,-0.2173,0.838,Semiconductor,P1,1,22
MgZn2_id2621_E-0.21.cif,MgZn2,-0.2122,0.0,Metal,P4/mmm,123,3
LiCd2In2Sn_id1100_E-0.21.cif,LiCd2In2Sn,-0.2091,1.394,Semiconductor,P1,1,48
KLi3O34_id1264_E-0.21.cif,KLi3O34,-0.2084,2.182,Semiconductor,P1,1,76
Na4Li10Sc2Zn2Cd2As6S2O_id3170_E-0.21.cif,Na4Li10Sc2Zn2Cd2As6S2O,-0.2083,0.0,Metal,Pccn,56,116
Ba2Sr3Ca5_id2825_E-0.21.cif,Ba2Sr3Ca5,-0.2083,3.157,Semiconductor,P6_122,178,60
ZnCd_id3120_E-0.21.cif,ZnCd,-0.2078,0.0,Metal,I4_1/acd,142,32
CaMg7Sc8ZnCdSn_id2283_E-0.21.cif,CaMg7Sc8ZnCdSn,-0.2052,0.661,Semiconductor,P1,1,19
Li2Mg3ZnIn_id2198_E-0.21.cif,Li2Mg3ZnIn,-0.205,0.055,Semiconductor,P3m1,156,7
LiZn16Ga5_id837_E-0.20.cif,LiZn16Ga5,-0.2014,0.0,Metal,Pmmn,59,44
Li3Mg12Zn3Cd2(SiSn)2_id3275_E-0.20.cif,Li3Mg12Zn3Cd2(SiSn)2,-0.2001,0.02,Metal,P4nc,104,96
BaSrSc2SeS14_id1952_E-0.20.cif,BaSrSc2SeS14,-0.1958,2.435,Semiconductor,R3m,160,57
Na5Ca34_id1516_E-0.19.cif,Na5Ca34,-0.1938,0.038,Metal,P1,1,39
Li13Sc3(Zn6Ga)4_id755_E-0.19.cif,Li13Sc3(Zn6Ga)4,-0.1936,0.06,Semiconductor,P1,1,88
Li3Si2_id2081_E-0.19.cif,Li3Si2,-0.1936,0.588,Semiconductor,P1,1,80
K3Mg2CdInGa15SnO2_id3342_E-0.19.cif,K3Mg2CdInGa15SnO2,-0.1917,0.975,Semiconductor,Ima2,46,100
K4NaMg2In4Ga2Ge(SbAs2)2_id897_E-0.19.cif,K4NaMg2In4Ga2Ge(SbAs2)2,-0.1885,0.775,Semiconductor,P3m1,156,40
Cd2InGa6_id2347_E-0.18.cif,Cd2InGa6,-0.1825,0.0,Metal,Iba2,45,36
Li12Zn(Cd8Ga)3_id809_E-0.18.cif,Li12Zn(Cd8Ga)3,-0.1824,0.0,Metal,P432,207,40
ScZnSnSbTe3AsSe3_id640_E-0.18.cif,ScZnSnSbTe3AsSe3,-0.1817,0.014,Metal,P2_12_12_1,19,44
K7Na12(Cd6In7)2_id1664_E-0.18.cif,K7Na12(Cd6In7)2,-0.1806,0.142,Semiconductor,P1,1,45
LiMg7Al2(GaTe)2_id1088_E-0.18.cif,LiMg7Al2(GaTe)2,-0.1805,0.455,Semiconductor,Pm,6,56
K12Ba4Na8Sr8Ca3Mg_id1306_E-0.18.cif,K12Ba4Na8Sr8Ca3Mg,-0.1797,1.512,Semiconductor,P4,75,72
ZnCd2_id1289_E-0.18.cif,ZnCd2,-0.1781,0.0,Metal,P4mm,99,3
Li4Zn10Cd4Ga8SnGe_id1844_E-0.18.cif,Li4Zn10Cd4Ga8SnGe,-0.1772,2.132,Semiconductor,P2,3,28
LiBe2Al2ZnGe_id2139_E-0.18.cif,LiBe2Al2ZnGe,-0.1762,0.736,Semiconductor,P1,1,21
K8Li_id317_E-0.17.cif,K8Li,-0.1674,2.731,Semiconductor,Pn-3m,224,18
CaMg3AlZn2CdGaGe_id329_E-0.16.cif,CaMg3AlZn2CdGaGe,-0.1632,0.0,Metal,Pm,6,40
Mg4Cd6In_id3033_E-0.16.cif,Mg4Cd6In,-0.163,0.121,Semiconductor,P1,1,44
Li2ScAl8Zn10Cd4InGa14_id1451_E-0.16.cif,Li2ScAl8Zn10Cd4InGa14,-0.1623,0.121,Semiconductor,Pm,6,80
K2Na21_id728_E-0.16.cif,K2Na21,-0.161,3.032,Semiconductor,P1,1,92
CS6_id1116_E-0.16.cif,CS6,-0.1599,3.452,Semiconductor,P6,168,21
Mg11Sc2Zn2Ga_id699_E-0.16.cif,Mg11Sc2Zn2Ga,-0.1578,0.0,Metal,P1,1,64
Mg3Al2Zn4(InSn)2_id1940_E-0.15.cif,Mg3Al2Zn4(InSn)2,-0.1549,0.153,Semiconductor,P1,1,52
K6CaSbO21_id1646_E-0.15.cif,K6CaSbO21,-0.1512,2.342,Semiconductor,P6_322,182,58
Mg_id2627_E-0.13.cif,Mg,-0.1325,0.21,Semiconductor,P1,1,72
KCaMgZnSi2Ge6As3Se2_id1637_E-0.13.cif,KCaMgZnSi2Ge6As3Se2,-0.1321,0.0,Metal,Pm,6,68
K3BaNaInBC_id3253_E-0.13.cif,K3BaNaInBC,-0.1311,0.784,Semiconductor,P4_2/nmc,137,32
CaAl12Zn8Cd4In4Ga2(Sn3Sb2)2_id438_E-0.13.cif,CaAl12Zn8Cd4In4Ga2(Sn3Sb2)2,-0.1298,0.0,Metal,P1,1,123
K13S4_id2141_E-0.13.cif,K13S4,-0.1265,0.376,Semiconductor,P1,1,17
Li14Mg2Zn8Cd8Ga5(SiTe)2_id2787_E-0.12.cif,Li14Mg2Zn8Cd8Ga5(SiTe)2,-0.12,0.083,Semiconductor,P1,1,82
K6Ba2Na3SrLi2Ca2AlZnIn_id1415_E-0.12.cif,K6Ba2Na3SrLi2Ca2AlZnIn,-0.1195,2.514,Semiconductor,P1,1,114
Ba2Na8Li16Mg5Cd12In8Sb4Se4NO10_id1651_E-0.11.cif,Ba2Na8Li16Mg5Cd12In8Sb4Se4NO10,-0.1148,0.047,Metal,P1,1,70
Ti3Sn2Ge6Sb(Te2As)2_id1040_E-0.11.cif,Ti3Sn2Ge6Sb(Te2As)2,-0.1135,1.217,Semiconductor,P1,1,72
Li2Mg37ScCdIn_id942_E-0.11.cif,Li2Mg37ScCdIn,-0.112,1.491,Semiconductor,P4mm,99,42
Ba_id2216_E-0.11.cif,Ba,-0.1117,3.924,Insulator,P1,1,31
Cd11Ga2_id158_E-0.11.cif,Cd11Ga2,-0.1093,0.086,Semiconductor,Pm,6,13
Te_id185_E-0.11.cif,Te,-0.1088,4.849,Insulator,P1,1,4
Li11Zn2_id207_E-0.11.cif,Li11Zn2,-0.1085,3.893,Insulator,I2_12_12_1,24,52
Sc9(SO32)2_id3272_E-0.11.cif,Sc9(SO32)2,-0.1077,2.228,Semiconductor,P31m,157,75
Na2Li2TiBe7ZnGaSiB2PSO2_id2213_E-0.11.cif,Na2Li2TiBe7ZnGaSiB2PSO2,-0.107,2.002,Semiconductor,P2_1,4,84
NaSr11Ca_id2253_E-0.11.cif,NaSr11Ca,-0.1057,0.598,Semiconductor,P222,16,52
K7Ba7Na12_id21_E-0.10.cif,K7Ba7Na12,-0.1007,0.437,Semiconductor,Pm-3,200,26
K2Mg2Zn4Ga5_id1981_E-0.10.cif,K2Mg2Zn4Ga5,-0.0995,0.019,Metal,P1,1,78
Na4Cd3_id2238_E-0.10.cif,Na4Cd3,-0.0983,0.265,Semiconductor,P3m1,156,7
Li2AlZn2Ga3_id1778_E-0.09.cif,Li2AlZn2Ga3,-0.0908,1.351,Semiconductor,P-1,2,16
Na6Cd23_id1211_E-0.09.cif,Na6Cd23,-0.0879,4.104,Insulator,P-4c2,116,58
LiZn2In9Ga2Sn3SbAs3_id2972_E-0.08.cif,LiZn2In9Ga2Sn3SbAs3,-0.0779,7.899,Insulator,P1,1,21
K9Na2_id2876_E-0.08.cif,K9Na2,-0.0772,0.588,Semiconductor,P1,1,66
NaCd9In7Ga4_id1047_E-0.08.cif,NaCd9In7Ga4,-0.077,0.0,Metal,Cmc2_1,36,84
Sc8Cd13_id391_E-0.07.cif,Sc8Cd13,-0.0731,0.094,Semiconductor,Pmn2_1,31,42
Li9Mg4(Cd2Ga5)2_id1365_E-0.07.cif,Li9Mg4(Cd2Ga5)2,-0.0697,0.175,Semiconductor,Pn-3m,224,54
Na2Li3MgCd3In3Sn8Sb_id432_E-0.06.cif,Na2Li3MgCd3In3Sn8Sb,-0.065,0.505,Semiconductor,P1,1,42
Mg_id16_E-0.06.cif,Mg,-0.0608,0.0,Metal,P4/mmm,123,4
BaAs(Se4S3)2_id1932_E-0.06.cif,BaAs(Se4S3)2,-0.0576,2.689,Semiconductor,Cmc2_1,36,64
Ba3Te2As(Se2S)2_id1033_E-0.06.cif,Ba3Te2As(Se2S)2,-0.056,1.537,Semiconductor,P2_12_12,18,24
KMgInSi8B3_id1962_E-0.05.cif,KMgInSi8B3,-0.0473,0.297,Semiconductor,Pm,6,56
MgCdGeBAsP6S2O13_id638_E-0.05.cif,MgCdGeBAsP6S2O13,-0.046,0.153,Semiconductor,P1,1,104
Na4Li2Be2As2P_id2728_E-0.04.cif,Na4Li2Be2As2P,-0.0445,1.978,Semiconductor,P4_2/mnm,136,22
Sr2Cd(As3P)6_id2807_E-0.04.cif,Sr2Cd(As3P)6,-0.0419,0.371,Semiconductor,P31m,157,27
K8Ba4Sr4Li4AlZn4In5Ga4Sn4Sb12As16P4O5_id707_E-0.04.cif,K8Ba4Sr4Li4AlZn4In5Ga4Sn4Sb12As16P4O5,-0.0387,0.0,Metal,P1,1,150
BaCd_id141_E-0.03.cif,BaCd,-0.0314,0.0,Metal,P4/nmm,129,8
Li5Mg5Al5Zn32Cd8Ga12(SiSb)4_id1427_E-0.03.cif,Li5Mg5Al5Zn32Cd8Ga12(SiSb)4,-0.0312,0.018,Metal,I-4,82,150
Mg7ZnCd28_id3350_E-0.02.cif,Mg7ZnCd28,-0.0227,1.683,Semiconductor,P222_1,17,72
Ti2Zn5GaSn5Te24(Se2S)4_id1168_E-0.02.cif,Ti2Zn5GaSn5Te24(Se2S)4,-0.017,0.954,Semiconductor,I4,79,98
Ca9Ga_id2602_E-0.01.cif,Ca9Ga,-0.0125,3.248,Semiconductor,Pbam,55,20
K13As_id2551_E-0.01.cif,K13As,-0.0087,4.969,Insulator,P1,1,56
KLi3ZnCd4In3(GaSb)2_id2094_E-0.01.cif,KLi3ZnCd4In3(GaSb)2,-0.0084,0.0,Metal,P1,1,96
Zn3In2(GaO2)2_id589_E-0.00.cif,Zn3In2(GaO2)2,-0.004,0.798,Semiconductor,Pm,6,22
Na(Mg2Zn)4_id3110_E-0.00.cif,Na(Mg2Zn)4,-0.0014,0.002,Metal,P4_2/nmc,137,26
K2Li18Sc_id2535_E-0.00.cif,K2Li18Sc,-0.0001,4.759,Insulator,P1,1,21
