file_name,formula,energy,bandgap,type,space_group_symbol,space_group_number,num_atoms
BaTiO3_id3706_E-8.38.cif,BaTiO3,-8.3803,1.188,Semiconductor,Fm-3m,225,40
Ti3SO3_id1431_E-8.37.cif,Ti3SO3,-8.3746,1.26,Semiconductor,R-3c,167,42
NaSc4O6_id1490_E-8.24.cif,NaSc4O6,-8.2374,0.0,Metal,I4/m,87,22
ScTi3O2_id1726_E-8.19.cif,ScTi3O2,-8.1884,0.0,Metal,Pn-3m,224,12
Ti2N_id3404_E-8.16.cif,Ti2N,-8.1595,0.0,Metal,Pbcn,60,12
Sc3O2_id4900_E-7.99.cif,Sc3O2,-7.9858,0.0,Metal,P23,195,10
BaTi3O7_id1372_E-7.97.cif,BaTi3O7,-7.9721,0.0,Metal,Pm-3n,223,22
Ti9GaO6_id4084_E-7.92.cif,Ti9GaO6,-7.9201,0.302,Semiconductor,Pm-3,200,16
Ti2C3_id2550_E-7.92.cif,Ti2C3,-7.9162,1.069,Semiconductor,P4_22_12,94,20
ScN4_id2605_E-7.84.cif,ScN4,-7.837,1.006,Semiconductor,I4_1/a,88,20
Sc3ZnO4_id4739_E-7.81.cif,Sc3ZnO4,-7.8129,1.147,Semiconductor,Pm-3m,221,8
Ti6N2O7_id4198_E-7.78.cif,Ti6N2O7,-7.7804,0.0,Metal,P321,150,15
Ti6O7_id1624_E-7.77.cif,Ti6O7,-7.7652,1.835,Semiconductor,C2/m,12,26
Sc2O3_id4280_E-7.76.cif,Sc2O3,-7.764,3.651,Insulator,Pbcn,60,20
Ti3C2O_id1446_E-7.75.cif,Ti3C2O,-7.7539,0.0,Metal,P4_2/m,84,24
TiPO2_id228_E-7.72.cif,TiPO2,-7.7207,1.683,Semiconductor,Pbca,61,32
Ti_id204_E-7.71.cif,Ti,-7.706,0.0,Metal,P6/mcc,192,26
Ti2BC_id1543_E-7.69.cif,Ti2BC,-7.6915,0.0,Metal,P6_222,180,12
Ti2N15_id4140_E-7.64.cif,Ti2N15,-7.6436,0.38,Semiconductor,C2/m,12,34
Ti2N2O3_id1284_E-7.62.cif,Ti2N2O3,-7.6236,1.434,Semiconductor,P6_222,180,21
Ti4N5_id3569_E-7.61.cif,Ti4N5,-7.605,0.0,Metal,Cmcm,63,36
Ti_id2815_E-7.60.cif,Ti,-7.6015,0.0,Metal,Pmna,53,18
Sc3SnN_id2957_E-7.59.cif,Sc3SnN,-7.5887,0.0,Metal,Pm-3m,221,5
Sc4N5_id3478_E-7.56.cif,Sc4N5,-7.5576,0.805,Semiconductor,F-43m,216,36
Ti2B_id3048_E-7.55.cif,Ti2B,-7.5477,0.0,Metal,P6_422,181,9
CaC2NO2_id686_E-7.54.cif,CaC2NO2,-7.5395,1.731,Semiconductor,Pnma,62,24
KTi4O5_id1238_E-7.53.cif,KTi4O5,-7.5284,0.0,Metal,I4_1/a,88,40
Ti2B_id4800_E-7.52.cif,Ti2B,-7.5233,0.0,Metal,P6_422,181,9
KSc3O7_id4652_E-7.44.cif,KSc3O7,-7.4444,0.456,Semiconductor,Pm-3n,223,22
Ti7Al_id164_E-7.44.cif,Ti7Al,-7.4353,0.0,Metal,Pm-3,200,8
Ti6GeO12_id3181_E-7.42.cif,Ti6GeO12,-7.4167,2.337,Semiconductor,Im-3,204,38
Ti2B_id1553_E-7.40.cif,Ti2B,-7.4043,0.0,Metal,Pa-3,205,12
Sc3SnO_id4693_E-7.36.cif,Sc3SnO,-7.3572,0.0,Metal,Pm-3m,221,5
TiN3_id4774_E-7.35.cif,TiN3,-7.3482,0.294,Semiconductor,Cmcm,63,32
Ti5Sn2O5_id272_E-7.34.cif,Ti5Sn2O5,-7.3362,0.849,Semiconductor,P4/mnc,128,24
Sc2BC4_id1080_E-7.31.cif,Sc2BC4,-7.3106,2.233,Semiconductor,P2_1/m,11,14
C_id1257_E-7.29.cif,C,-7.2931,0.435,Semiconductor,C2/c,15,60
Ti2CSe_id3485_E-7.29.cif,Ti2CSe,-7.2897,0.0,Metal,P6_3/mmc,194,8
Sc4N_id2303_E-7.25.cif,Sc4N,-7.2461,0.0,Metal,I422,97,10
Sc5O4_id403_E-7.17.cif,Sc5O4,-7.1687,1.257,Semiconductor,P4_2/n,86,18
C2N5_id372_E-7.14.cif,C2N5,-7.1415,2.55,Semiconductor,Pbcn,60,28
Ti6BeP_id363_E-7.11.cif,Ti6BeP,-7.1129,0.0,Metal,I4/mmm,139,16
Ti_id3518_E-7.11.cif,Ti,-7.1069,0.0,Metal,P-1,2,48
Ti_id634_E-7.08.cif,Ti,-7.078,0.0,Metal,P4_12_12,92,32
KSc3N7_id4195_E-7.01.cif,KSc3N7,-7.0102,0.482,Semiconductor,Pm-3n,223,22
Ti3O10_id3682_E-6.99.cif,Ti3O10,-6.993,0.741,Semiconductor,P31c,159,26
Ti3Ga_id696_E-6.98.cif,Ti3Ga,-6.9782,0.0,Metal,Pm-3n,223,8
Ca2ScO4_id4795_E-6.95.cif,Ca2ScO4,-6.9508,0.0,Metal,Cmce,64,28
TiInO2_id2723_E-6.94.cif,TiInO2,-6.935,0.008,Metal,I4_122,98,16
Ti7O2_id4944_E-6.91.cif,Ti7O2,-6.9138,0.0,Metal,Cmcm,63,36
ZnN8_id49_E-6.91.cif,ZnN8,-6.9054,1.505,Semiconductor,Ccce,68,36
Ti_id1833_E-6.90.cif,Ti,-6.8984,0.0,Metal,P-4c2,116,16
TiO_id2295_E-6.88.cif,TiO,-6.879,0.0,Metal,Cmmm,65,16
C2N3O5_id3634_E-6.88.cif,C2N3O5,-6.8784,1.796,Semiconductor,C222_1,20,40
ScTi3O_id3378_E-6.87.cif,ScTi3O,-6.8705,0.0,Metal,Cmme,67,20
Sc2P_id1371_E-6.86.cif,Sc2P,-6.8644,0.652,Semiconductor,Pa-3,205,12
C_id2181_E-6.86.cif,C,-6.8598,0.0,Metal,Cc,9,40
Sc2Ti2Ga2O5_id3_E-6.86.cif,Sc2Ti2Ga2O5,-6.8571,0.124,Semiconductor,P321,150,33
Sc3AlGa3N8_id2978_E-6.85.cif,Sc3AlGa3N8,-6.8483,0.17,Semiconductor,Pm-3m,221,15
Ti7Al_id480_E-6.84.cif,Ti7Al,-6.8374,0.0,Metal,P6_322,182,16
Sc6C5_id980_E-6.83.cif,Sc6C5,-6.8331,0.0,Metal,P4/mmm,123,11
Ti_id984_E-6.82.cif,Ti,-6.8246,0.0,Metal,P-4c2,116,40
LiTiN2O_id3427_E-6.82.cif,LiTiN2O,-6.824,1.956,Semiconductor,C2/m,12,20
Sc3Ti3C_id139_E-6.82.cif,Sc3Ti3C,-6.8153,0.0,Metal,R-3,148,42
MgTi3O5_id3516_E-6.76.cif,MgTi3O5,-6.7552,1.579,Semiconductor,Cccm,66,36
Sc6TiN2_id1462_E-6.74.cif,Sc6TiN2,-6.7408,0.0,Metal,Cmce,64,36
Sc4AsS3_id4894_E-6.74.cif,Sc4AsS3,-6.7353,0.0,Metal,P-43m,215,8
N2_id517_E-6.73.cif,N2,-6.7271,0.0,Metal,Ia-3,206,56
Sc2B_id2627_E-6.70.cif,Sc2B,-6.7041,0.0,Metal,Pa-3,205,12
TiO2_id1620_E-6.69.cif,TiO2,-6.6927,1.01,Semiconductor,Pcca,54,24
InN4_id1482_E-6.69.cif,InN4,-6.6888,0.82,Semiconductor,Ccce,68,20
Sc10N_id1794_E-6.69.cif,Sc10N,-6.6885,0.0,Metal,P4/mmm,123,11
Sc2NO5_id3840_E-6.68.cif,Sc2NO5,-6.6809,0.094,Semiconductor,I4_122,98,32
CaScGaO6_id2410_E-6.67.cif,CaScGaO6,-6.6712,4.104,Insulator,P-31c,163,18
Ti3Ga_id2778_E-6.67.cif,Ti3Ga,-6.6661,0.0,Metal,P6_3/mmc,194,8
Sc2B_id2257_E-6.66.cif,Sc2B,-6.658,0.0,Metal,Fm-3m,225,12
Sc3Ti2O3_id610_E-6.65.cif,Sc3Ti2O3,-6.6544,0.0,Metal,Pn-3m,224,16
SrBN2_id1247_E-6.64.cif,SrBN2,-6.6374,1.858,Semiconductor,P6_222,180,12
Sc5N7_id3009_E-6.64.cif,Sc5N7,-6.6373,0.0,Metal,Pn-3m,224,24
Sc5C2_id345_E-6.60.cif,Sc5C2,-6.5979,1.546,Semiconductor,P4_22_12,94,28
Al2C7_id4879_E-6.59.cif,Al2C7,-6.5918,0.357,Semiconductor,Cmce,64,36
CaB2(CN)2_id2620_E-6.55.cif,CaB2(CN)2,-6.5511,0.028,Metal,Pa-3,205,28
Sc3TiInS4_id1588_E-6.55.cif,Sc3TiInS4,-6.5487,0.0,Metal,P-43m,215,9
Ti4Al_id2174_E-6.55.cif,Ti4Al,-6.5463,0.0,Metal,Im-3m,229,10
ScC2_id3418_E-6.53.cif,ScC2,-6.5331,0.0,Metal,Ibca,73,48
BaScO4_id50_E-6.51.cif,BaScO4,-6.506,0.042,Metal,P4/nbm,125,12
PO2_id122_E-6.47.cif,PO2,-6.4717,5.335,Insulator,Pbca,61,24
Ti3ZnC_id3591_E-6.47.cif,Ti3ZnC,-6.4676,0.0,Metal,Cmcm,63,20
Sc2S3_id4201_E-6.46.cif,Sc2S3,-6.464,0.0,Metal,P4/mnc,128,20
ScSnN2O_id3792_E-6.46.cif,ScSnN2O,-6.4568,0.0,Metal,Pca2_1,29,20
Sc7O2_id4442_E-6.44.cif,Sc7O2,-6.4362,0.0,Metal,Cmce,64,36
Sc2CSe_id3036_E-6.43.cif,Sc2CSe,-6.4336,0.0,Metal,P6_3/mmc,194,8
AsPCNO2_id3195_E-6.43.cif,AsPCNO2,-6.428,2.64,Semiconductor,C222_1,20,48
TiCdO4_id3902_E-6.42.cif,TiCdO4,-6.4217,0.822,Semiconductor,P4/nbm,125,12
Ca2Ti(NO)2_id624_E-6.40.cif,Ca2Ti(NO)2,-6.4047,1.411,Semiconductor,Cmce,64,28
Ca4GaO6_id1810_E-6.40.cif,Ca4GaO6,-6.3981,1.061,Semiconductor,Im-3m,229,22
Sc5N2O_id1302_E-6.37.cif,Sc5N2O,-6.3731,0.537,Semiconductor,Pn-3m,224,16
KTi4Te3O4_id4010_E-6.37.cif,KTi4Te3O4,-6.3662,0.467,Semiconductor,I4_1/a,88,48
Ti2Si2B_id1701_E-6.35.cif,Ti2Si2B,-6.3529,0.0,Metal,P6_422,181,15
BaB4SbO4_id4161_E-6.34.cif,BaB4SbO4,-6.3409,0.0,Metal,I222,23,20
Sc2SN_id296_E-6.31.cif,Sc2SN,-6.307,0.0,Metal,Pnma,62,16
MgSc2As(NO)2_id1615_E-6.30.cif,MgSc2As(NO)2,-6.3016,0.002,Metal,I4_122,98,32
Sc5Se2_id2118_E-6.30.cif,Sc5Se2,-6.2962,0.0,Metal,Cmce,64,28
Ca(SiO2)4_id3268_E-6.29.cif,Ca(SiO2)4,-6.2858,1.607,Semiconductor,P-42_1c,114,26
ScGa3O4_id1667_E-6.28.cif,ScGa3O4,-6.2827,1.065,Semiconductor,P-6,174,8
Sc_id3796_E-6.27.cif,Sc,-6.2731,0.0,Metal,Fd-3m,227,32
Sc_id2904_E-6.26.cif,Sc,-6.2608,0.0,Metal,Im-3m,229,16
Sc_id4430_E-6.26.cif,Sc,-6.2608,0.0,Metal,Im-3m,229,16
Ca4N9_id166_E-6.26.cif,Ca4N9,-6.2589,0.289,Semiconductor,I4/m,87,26
Ca3O4_id3601_E-6.25.cif,Ca3O4,-6.2474,0.0,Metal,I-43d,220,28
ScPN_id2157_E-6.24.cif,ScPN,-6.2391,0.488,Semiconductor,Pca2_1,29,12
Sc2GaN_id2232_E-6.23.cif,Sc2GaN,-6.2294,0.45,Semiconductor,I4_122,98,16
MgTiO6_id3948_E-6.23.cif,MgTiO6,-6.2287,2.482,Semiconductor,P-31c,163,16
Sr2TiPO2_id3092_E-6.22.cif,Sr2TiPO2,-6.223,0.929,Semiconductor,P3_221,154,18
K2Ti3O6_id1770_E-6.20.cif,K2Ti3O6,-6.1962,0.469,Semiconductor,Im-3,204,44
Sc_id3784_E-6.16.cif,Sc,-6.1649,0.0,Metal,Im-3m,229,14
BaCaTi2(PO)2_id288_E-6.14.cif,BaCaTi2(PO)2,-6.1449,1.036,Semiconductor,P-3m1,164,8
MgSc12Cd_id1605_E-6.14.cif,MgSc12Cd,-6.1418,0.0,Metal,Fm-3m,225,56
ScCdO4_id1141_E-6.14.cif,ScCdO4,-6.141,0.285,Semiconductor,P4/nbm,125,12
Ti2Ga_id2676_E-6.14.cif,Ti2Ga,-6.1389,0.0,Metal,Cmm2,35,18
P3CN3_id3942_E-6.13.cif,P3CN3,-6.1342,4.422,Insulator,P6_3mc,186,14
AlGeO3_id3120_E-6.13.cif,AlGeO3,-6.1283,0.0,Metal,P-31m,162,15
Ti2S3_id2258_E-6.12.cif,Ti2S3,-6.1196,0.0,Metal,P6/mcc,192,60
BaPN2_id736_E-6.12.cif,BaPN2,-6.1185,1.345,Semiconductor,I4_122,98,16
Sc_id905_E-6.09.cif,Sc,-6.0901,0.0,Metal,P6/mmm,191,6
BaCaO3_id2613_E-6.08.cif,BaCaO3,-6.083,0.0,Metal,Pm-3m,221,5
Ti2Be2B_id1872_E-6.08.cif,Ti2Be2B,-6.0824,0.0,Metal,I4_1/amd,141,40
Ca2Si2C17S2(N2O)2_id3958_E-6.06.cif,Ca2Si2C17S2(N2O)2,-6.0558,0.979,Semiconductor,P2/c,13,58
ScCdO3_id2875_E-6.06.cif,ScCdO3,-6.0551,0.0,Metal,P4/nmm,129,10
Ti2Al_id4148_E-6.05.cif,Ti2Al,-6.0489,0.0,Metal,Pa-3,205,12
Ti4Cd_id1845_E-6.04.cif,Ti4Cd,-6.0446,0.0,Metal,I4_1/a,88,20
BaBN2_id2382_E-6.04.cif,BaBN2,-6.0355,2.05,Semiconductor,P6_222,180,12
Sc_id4330_E-6.03.cif,Sc,-6.0318,0.0,Metal,Pn-3m,224,16
ZnIn(N4O3)3_id484_E-6.02.cif,ZnIn(N4O3)3,-6.0218,2.166,Semiconductor,P6_322,182,46
Sc2Ti4Ga3_id862_E-6.02.cif,Sc2Ti4Ga3,-6.0163,0.0,Metal,P6/mmm,191,9
SrO_id1489_E-6.02.cif,SrO,-6.0158,0.0,Metal,Pm-3m,221,4
Li2Be(N3O)2_id2105_E-6.01.cif,Li2Be(N3O)2,-6.0137,2.598,Semiconductor,Pbcn,60,44
Si2GeO2_id3871_E-6.01.cif,Si2GeO2,-6.0118,0.0,Metal,P4_2mc,105,10
CaGaO2_id3684_E-5.99.cif,CaGaO2,-5.9897,0.02,Metal,I4_122,98,16
LiTi4GaSi_id4631_E-5.99.cif,LiTi4GaSi,-5.9868,0.0,Metal,I-4m2,119,14
Ca3(Si4O3)2_id1242_E-5.98.cif,Ca3(Si4O3)2,-5.9843,0.0,Metal,P6cc,184,34
Ti4AlGa3_id3351_E-5.98.cif,Ti4AlGa3,-5.9768,0.0,Metal,Im-3m,229,16
Ti2GeSe2_id1073_E-5.97.cif,Ti2GeSe2,-5.9734,0.0,Metal,Pa-3,205,20
KScGaO6_id3451_E-5.97.cif,KScGaO6,-5.9653,3.494,Semiconductor,P-31c,163,18
Ti3Si3As4_id1607_E-5.96.cif,Ti3Si3As4,-5.9621,0.0,Metal,I-43d,220,40
Ge3N3O_id1218_E-5.96.cif,Ge3N3O,-5.9599,1.318,Semiconductor,P6_3mc,186,14
Ca2TiO6_id401_E-5.93.cif,Ca2TiO6,-5.9339,1.87,Semiconductor,Cmce,64,36
Ti2Si7_id1510_E-5.92.cif,Ti2Si7,-5.9241,0.344,Semiconductor,Immm,71,18
As2SeN4_id4118_E-5.92.cif,As2SeN4,-5.9189,1.527,Semiconductor,Pbcn,60,28
Ti2GaAsP_id588_E-5.92.cif,Ti2GaAsP,-5.9167,0.0,Metal,P6_3/mmc,194,10
ScB_id1778_E-5.92.cif,ScB,-5.9162,0.0,Metal,I-43d,220,24
Ti3Be2C_id687_E-5.91.cif,Ti3Be2C,-5.9118,0.0,Metal,Pn-3m,224,12
Sc2CdO10_id641_E-5.91.cif,Sc2CdO10,-5.9079,0.0,Metal,P-1,2,13
TiP6N_id1868_E-5.90.cif,TiP6N,-5.9048,1.05,Semiconductor,R-3,148,48
SeN_id173_E-5.90.cif,SeN,-5.8989,1.354,Semiconductor,P4/m,83,8
Sc8Sn_id4468_E-5.89.cif,Sc8Sn,-5.8942,0.0,Metal,I4mm,107,18
LiPO2_id2880_E-5.89.cif,LiPO2,-5.8939,3.746,Insulator,I4_122,98,16
LiGeO2_id3932_E-5.88.cif,LiGeO2,-5.8822,3.239,Semiconductor,I4_122,98,16
Ti4Al3_id1736_E-5.87.cif,Ti4Al3,-5.8685,0.0,Metal,I-43d,220,28
CaTiAlO_id2995_E-5.87.cif,CaTiAlO,-5.8675,0.0,Metal,P4/nmm,129,8
ScAlB4_id764_E-5.87.cif,ScAlB4,-5.8674,0.0,Metal,I4_1/a,88,24
Sc2Ga2TeSN2_id4345_E-5.86.cif,Sc2Ga2TeSN2,-5.8641,0.0,Metal,P-3m1,164,8
BaSbO4_id1182_E-5.85.cif,BaSbO4,-5.8543,0.342,Semiconductor,P4/nbm,125,12
Sc2Si_id4791_E-5.85.cif,Sc2Si,-5.854,0.0,Metal,P4_2/nmc,137,12
LiAlO2_id2496_E-5.85.cif,LiAlO2,-5.8525,4.151,Insulator,I-42d,122,32
Ti3Zn_id715_E-5.84.cif,Ti3Zn,-5.837,0.0,Metal,Im-3m,229,8
LiGeO2_id3436_E-5.83.cif,LiGeO2,-5.834,2.551,Semiconductor,I4_122,98,16
LiGeO2_id472_E-5.83.cif,LiGeO2,-5.8324,0.028,Metal,I4_122,98,16
Ti10Ga_id3223_E-5.83.cif,Ti10Ga,-5.8305,0.0,Metal,P2_12_12,18,44
Ti4Ge_id1479_E-5.83.cif,Ti4Ge,-5.8284,0.0,Metal,P4_2/nmc,137,10
Sc6SnN_id4548_E-5.83.cif,Sc6SnN,-5.8279,0.0,Metal,Pm-3m,221,8
Ti(GaO)4_id4003_E-5.82.cif,Ti(GaO)4,-5.8175,0.266,Semiconductor,P-43m,215,9
LiScO_id2882_E-5.82.cif,LiScO,-5.8161,0.0,Metal,P4_2/nbc,133,24
KMgScO6_id3869_E-5.81.cif,KMgScO6,-5.8148,1.019,Semiconductor,P-31c,163,18
Ti2Zn_id4587_E-5.81.cif,Ti2Zn,-5.8129,0.0,Metal,I4/mmm,139,12
Al2SnB2O5_id1937_E-5.79.cif,Al2SnB2O5,-5.7886,1.721,Semiconductor,C2/c,15,40
GaSiO2_id4361_E-5.79.cif,GaSiO2,-5.7881,2.788,Semiconductor,I4_122,98,16
Sc4Ti2Cd_id1884_E-5.78.cif,Sc4Ti2Cd,-5.7847,0.0,Metal,I4mm,107,14
ScSi2_id4180_E-5.78.cif,ScSi2,-5.7826,0.0,Metal,I4_1/amd,141,12
AsO3_id2126_E-5.78.cif,AsO3,-5.7816,2.482,Semiconductor,R-3c,167,24
TiSeSN_id3126_E-5.78.cif,TiSeSN,-5.7779,0.711,Semiconductor,P6_522,179,24
Ti4O15_id1212_E-5.78.cif,Ti4O15,-5.7766,1.837,Semiconductor,P4/n,85,38
NaMgScO6_id706_E-5.76.cif,NaMgScO6,-5.7642,2.558,Semiconductor,P-31c,163,18
Sc8AlO8_id3457_E-5.76.cif,Sc8AlO8,-5.7633,0.0,Metal,P4mm,99,17
SrCa2O4_id2386_E-5.75.cif,SrCa2O4,-5.7493,0.269,Semiconductor,Pban,50,14
LiGeO2_id258_E-5.75.cif,LiGeO2,-5.7492,2.88,Semiconductor,I4_122,98,16
Sc3B2_id4874_E-5.74.cif,Sc3B2,-5.7365,1.494,Semiconductor,I23,197,60
BaGe3O8_id2290_E-5.73.cif,BaGe3O8,-5.734,2.28,Semiconductor,I222,23,24
SrSnGeO3_id2810_E-5.73.cif,SrSnGeO3,-5.7338,1.446,Semiconductor,P-6m2,187,6
CaTiAl3N3O_id2735_E-5.73.cif,CaTiAl3N3O,-5.7263,0.0,Metal,P4/nmm,129,18
BeO2_id37_E-5.72.cif,BeO2,-5.7204,3.126,Semiconductor,Pbca,61,24
Ba2NaTi2O3_id843_E-5.72.cif,Ba2NaTi2O3,-5.7153,2.283,Semiconductor,I4_122,98,32
NaTiO4_id817_E-5.71.cif,NaTiO4,-5.7122,0.983,Semiconductor,I-42m,121,24
Ca3CNO3_id1304_E-5.71.cif,Ca3CNO3,-5.7096,2.504,Semiconductor,R32,155,24
SnN_id3354_E-5.70.cif,SnN,-5.7004,0.0,Metal,I4_122,98,16
LiAsO2_id4071_E-5.69.cif,LiAsO2,-5.6892,2.572,Semiconductor,I4_122,98,16
Sc_id601_E-5.67.cif,Sc,-5.6671,0.0,Metal,P6/mmm,191,12
Sn(GeN)3_id4606_E-5.67.cif,Sn(GeN)3,-5.6664,0.0,Metal,R-3c,167,42
Sr(SnC2)2_id3667_E-5.66.cif,Sr(SnC2)2,-5.6609,0.0,Metal,P4_2/m,84,14
KTi2O_id23_E-5.66.cif,KTi2O,-5.6604,0.0,Metal,I4_1/amd,141,16
SrCaO4_id163_E-5.66.cif,SrCaO4,-5.6556,0.86,Semiconductor,P4/nbm,125,12
KLi3(SnO3)4_id670_E-5.66.cif,KLi3(SnO3)4,-5.6554,0.481,Semiconductor,Im-3,204,40
SrSc3P_id729_E-5.65.cif,SrSc3P,-5.6529,0.0,Metal,Pm-3m,221,5
CaAl(Si3O2)2_id1118_E-5.65.cif,CaAl(Si3O2)2,-5.6525,2.605,Semiconductor,I-42m,121,24
BaO2_id4057_E-5.65.cif,BaO2,-5.6521,0.0,Metal,I4/mmm,139,6
SrCaO4_id2752_E-5.65.cif,SrCaO4,-5.6517,1.864,Semiconductor,P4/nbm,125,12
KNa2C2NO2_id738_E-5.65.cif,KNa2C2NO2,-5.6459,0.646,Semiconductor,Aea2,41,32
Mg3InO4_id252_E-5.64.cif,Mg3InO4,-5.6386,0.075,Semiconductor,Pm-3n,223,16
Sc2AlSn_id2565_E-5.64.cif,Sc2AlSn,-5.6386,0.0,Metal,Fm-3m,225,16
Sc_id4642_E-5.64.cif,Sc,-5.6379,0.0,Metal,I4/mmm,139,24
LiTi2Si_id513_E-5.64.cif,LiTi2Si,-5.637,0.0,Metal,I-42d,122,16
Sb3O4_id693_E-5.63.cif,Sb3O4,-5.6252,0.0,Metal,I4_1/a,88,28
TiSe_id4056_E-5.62.cif,TiSe,-5.623,0.0,Metal,P6_122,178,24
Si4O11_id565_E-5.60.cif,Si4O11,-5.6015,1.402,Semiconductor,Pba2,32,30
Ti6AlGa6Ge_id523_E-5.59.cif,Ti6AlGa6Ge,-5.595,0.0,Metal,Pm-3,200,14
Sc3Ti2_id2958_E-5.59.cif,Sc3Ti2,-5.595,0.0,Metal,P4_322,95,20
CaSc2PC_id4098_E-5.59.cif,CaSc2PC,-5.5949,0.0,Metal,Cmcm,63,20
SrCaO4_id3030_E-5.59.cif,SrCaO4,-5.5946,3.289,Semiconductor,P4/nbm,125,12
ScAs(PO)4_id2767_E-5.59.cif,ScAs(PO)4,-5.5917,0.948,Semiconductor,I4_1/a,88,40
ScInPSO2_id4698_E-5.59.cif,ScInPSO2,-5.5909,1.558,Semiconductor,P2_1/m,11,12
TiAlSi4_id18_E-5.59.cif,TiAlSi4,-5.5908,0.0,Metal,I422,97,12
Sc12C25_id938_E-5.59.cif,Sc12C25,-5.5879,0.005,Metal,Pm-3m,221,37
BaLiCa8B12(NO2)6_id3556_E-5.59.cif,BaLiCa8B12(NO2)6,-5.5857,1.123,Semiconductor,P321,150,40
KCaB6Sb(TeO2)3_id3007_E-5.58.cif,KCaB6Sb(TeO2)3,-5.5847,1.986,Semiconductor,P-31c,163,36
Sc7Si_id2856_E-5.57.cif,Sc7Si,-5.5744,0.0,Metal,Pbam,55,16
Sc2Ge_id1656_E-5.57.cif,Sc2Ge,-5.569,0.0,Metal,P4_2/nmc,137,12
GaO2_id2892_E-5.57.cif,GaO2,-5.566,1.358,Semiconductor,I4_122,98,12
ScAlO2_id587_E-5.57.cif,ScAlO2,-5.5656,1.167,Semiconductor,P3_221,154,12
TiSbP2_id3630_E-5.56.cif,TiSbP2,-5.5638,0.0,Metal,P6_522,179,24
Sc_id2942_E-5.56.cif,Sc,-5.5609,0.0,Metal,P6/mmm,191,34
Sc9Se2_id61_E-5.56.cif,Sc9Se2,-5.558,1.962,Semiconductor,Cmce,64,44
Be2AsN8_id2490_E-5.55.cif,Be2AsN8,-5.5546,1.7,Semiconductor,I422,97,22
Ti4Be4C_id543_E-5.55.cif,Ti4Be4C,-5.5516,0.041,Metal,I422,97,18
Si2GeN2_id3062_E-5.55.cif,Si2GeN2,-5.5491,0.183,Semiconductor,P4_12_12,92,20
BN24_id2321_E-5.54.cif,BN24,-5.5435,2.652,Semiconductor,I432,211,50
Sc4BCN_id4001_E-5.54.cif,Sc4BCN,-5.5432,0.0,Metal,P6_222,180,21
P3S2N4O11_id4333_E-5.54.cif,P3S2N4O11,-5.541,2.944,Semiconductor,P2/c,13,40
BaSrO4_id4881_E-5.54.cif,BaSrO4,-5.5388,0.326,Semiconductor,P4/nbm,125,12
LiScTi2_id2294_E-5.53.cif,LiScTi2,-5.5317,0.0,Metal,I-42d,122,16
LiSc3TeS3_id4932_E-5.52.cif,LiSc3TeS3,-5.5179,0.173,Semiconductor,Pm-3m,221,8
GeO_id913_E-5.51.cif,GeO,-5.5142,2.937,Semiconductor,Pbca,61,16
SrInO2_id2461_E-5.51.cif,SrInO2,-5.5092,0.0,Metal,I4_122,98,16
Sc_id4052_E-5.50.cif,Sc,-5.5008,0.0,Metal,P4_232,208,54
MgSc6_id2857_E-5.50.cif,MgSc6,-5.4973,0.0,Metal,Fm-3m,225,28
GaO_id3674_E-5.49.cif,GaO,-5.489,1.517,Semiconductor,Aea2,41,16
BaO2_id3006_E-5.48.cif,BaO2,-5.4794,3.171,Semiconductor,P4_2/ncm,138,12
Ca3Sn2(NO2)4_id2650_E-5.47.cif,Ca3Sn2(NO2)4,-5.4664,1.477,Semiconductor,Pban,50,34
MgSbO2_id2354_E-5.46.cif,MgSbO2,-5.4564,1.375,Semiconductor,P3_221,154,12
Ti9AlZn_id1056_E-5.46.cif,Ti9AlZn,-5.4564,0.0,Metal,Pm-3,200,11
Ti3SbTe3_id2841_E-5.45.cif,Ti3SbTe3,-5.4485,0.0,Metal,P6_3/m,176,14
ScSb2_id387_E-5.44.cif,ScSb2,-5.4407,0.0,Metal,P4/nmm,129,6
LiSc3Te3S4_id3752_E-5.44.cif,LiSc3Te3S4,-5.4356,0.0,Metal,Pm-3n,223,22
LiMg(PN)4_id4177_E-5.43.cif,LiMg(PN)4,-5.4339,1.387,Semiconductor,I4_1/a,88,40
Li4AsO4_id1753_E-5.43.cif,Li4AsO4,-5.4253,3.447,Semiconductor,P-42_1c,114,18
K(PN)4_id3335_E-5.42.cif,K(PN)4,-5.4191,1.343,Semiconductor,Ccce,68,36
BaGeO5_id2097_E-5.42.cif,BaGeO5,-5.4164,3.992,Insulator,Pnma,62,28
Ba4MgIn3O6_id4277_E-5.41.cif,Ba4MgIn3O6,-5.4146,0.046,Metal,Im-3m,229,28
Sc_id2304_E-5.41.cif,Sc,-5.4108,0.0,Metal,P4/mmm,123,6
CN2_id30_E-5.40.cif,CN2,-5.4049,1.723,Semiconductor,C2,5,24
ScBeGa2SnPO9_id883_E-5.40.cif,ScBeGa2SnPO9,-5.4047,2.342,Semiconductor,Cc,9,60
Ga2Si2P2N2O_id4936_E-5.40.cif,Ga2Si2P2N2O,-5.4022,1.315,Semiconductor,Pbcn,60,36
P2O_id1773_E-5.40.cif,P2O,-5.3992,1.434,Semiconductor,Aea2,41,12
P_id3875_E-5.39.cif,P,-5.3943,0.0,Metal,Pccm,49,6
Ge2N_id2_E-5.39.cif,Ge2N,-5.3871,0.71,Semiconductor,Pbcn,60,12
NaSn(N2O)2_id2056_E-5.38.cif,NaSn(N2O)2,-5.3756,0.967,Semiconductor,Pc,7,32
SrCS2(NO)2_id342_E-5.37.cif,SrCS2(NO)2,-5.3746,2.406,Semiconductor,P6_3cm,185,48
Be2InPN4_id535_E-5.37.cif,Be2InPN4,-5.3711,0.491,Semiconductor,P4bm,100,32
Ba2Ca2N3O_id1047_E-5.37.cif,Ba2Ca2N3O,-5.3655,0.0,Metal,Pn-3m,224,16
Li2Mg3Sc2Ti5Zn2O8_id4663_E-5.36.cif,Li2Mg3Sc2Ti5Zn2O8,-5.3578,0.0,Metal,P1,1,44
Ti2(GaO)3_id4412_E-5.36.cif,Ti2(GaO)3,-5.3562,0.061,Semiconductor,Pn-3m,224,16
GaSbO2_id4596_E-5.35.cif,GaSbO2,-5.3527,0.01,Metal,I4_122,98,16
AlIn2(SnO4)2_id2209_E-5.35.cif,AlIn2(SnO4)2,-5.3512,0.0,Metal,P-4,81,13
Ca4ScO4_id2246_E-5.35.cif,Ca4ScO4,-5.348,0.652,Semiconductor,Cmce,64,36
SrSc8(N2O)2_id831_E-5.34.cif,SrSc8(N2O)2,-5.3435,0.0,Metal,P4_2/mnm,136,30
SnN_id4611_E-5.34.cif,SnN,-5.3384,0.025,Metal,P6_3/mmc,194,8
Be6Sn4O9_id3383_E-5.34.cif,Be6Sn4O9,-5.338,1.83,Semiconductor,P6_322,182,38
K3Ga2(BO2)6_id2776_E-5.34.cif,K3Ga2(BO2)6,-5.3353,2.576,Semiconductor,P4_232,208,46
LiPO2_id2453_E-5.33.cif,LiPO2,-5.3266,1.769,Semiconductor,I4_122,98,16
NaGa(BO)2_id1521_E-5.32.cif,NaGa(BO)2,-5.323,0.003,Metal,P4_2/mmc,131,12
SrCaO8_id3713_E-5.32.cif,SrCaO8,-5.3201,1.721,Semiconductor,P4/nbm,125,20
ScZnO3_id310_E-5.32.cif,ScZnO3,-5.3181,1.223,Semiconductor,Cmcm,63,20
Ti2Al3O_id409_E-5.32.cif,Ti2Al3O,-5.3174,0.0,Metal,Pn-3m,224,12
Sc2BTe2_id4844_E-5.32.cif,Sc2BTe2,-5.3173,0.115,Semiconductor,I4/mmm,139,10
KBa4SnO8_id1719_E-5.32.cif,KBa4SnO8,-5.3162,1.014,Semiconductor,P4/mcc,124,28
Ca6Mg2(NO)3_id1976_E-5.31.cif,Ca6Mg2(NO)3,-5.3123,1.018,Semiconductor,P321,150,14
BaSnO6_id4044_E-5.31.cif,BaSnO6,-5.3116,0.855,Semiconductor,P6_322,182,16
NaTi4Ga_id2710_E-5.31.cif,NaTi4Ga,-5.3052,0.0,Metal,I4_1/a,88,24
Sc11C_id2441_E-5.30.cif,Sc11C,-5.2995,0.0,Metal,I4/mmm,139,24
ScTeO2_id79_E-5.30.cif,ScTeO2,-5.2995,1.167,Semiconductor,P-6m2,187,8
Be2O3_id1457_E-5.28.cif,Be2O3,-5.2819,1.059,Semiconductor,Pbcn,60,20
CaSc5Ti_id1974_E-5.28.cif,CaSc5Ti,-5.28,0.0,Metal,I-4m2,119,14
MgZnO2_id4207_E-5.28.cif,MgZnO2,-5.2776,1.136,Semiconductor,I4_122,98,16
SrNO5_id2426_E-5.28.cif,SrNO5,-5.2775,2.497,Semiconductor,C2/m,12,14
B(PO)12_id763_E-5.27.cif,B(PO)12,-5.274,1.935,Semiconductor,I432,211,50
ScSi4_id396_E-5.27.cif,ScSi4,-5.2733,0.0,Metal,Ccce,68,20
Sc_id3874_E-5.27.cif,Sc,-5.2714,0.0,Metal,Fm-3m,225,52
Ba4AlO4_id2830_E-5.27.cif,Ba4AlO4,-5.2711,1.608,Semiconductor,I4_1/a,88,36
Ba(AsO)6_id2927_E-5.27.cif,Ba(AsO)6,-5.2667,0.0,Metal,P6/mmm,191,13
Mg4CO4_id4372_E-5.26.cif,Mg4CO4,-5.2617,0.034,Metal,P-42_1c,114,18
NaCaO4_id43_E-5.26.cif,NaCaO4,-5.2603,3.531,Insulator,P4/nbm,125,12
Ba4Mg3GaO6_id1464_E-5.26.cif,Ba4Mg3GaO6,-5.2598,2.322,Semiconductor,Im-3m,229,28
Ti2Te2S_id4155_E-5.26.cif,Ti2Te2S,-5.2591,0.0,Metal,P-42_1m,113,20
Sc2Al_id3199_E-5.26.cif,Sc2Al,-5.2553,0.0,Metal,Pa-3,205,12
BaO3_id2802_E-5.25.cif,BaO3,-5.2481,1.269,Semiconductor,P6_522,179,24
AsPO_id399_E-5.25.cif,AsPO,-5.2469,1.635,Semiconductor,Pbca,61,24
Ti2Ge2Sb(AsP)2_id964_E-5.24.cif,Ti2Ge2Sb(AsP)2,-5.2412,0.0,Metal,P-4m2,115,9
Ti2Al2Si_id2013_E-5.24.cif,Ti2Al2Si,-5.2406,0.0,Metal,I4/mcm,140,20
TiO8_id2596_E-5.24.cif,TiO8,-5.2396,0.951,Semiconductor,Aea2,41,36
Ti4GaGe13_id636_E-5.24.cif,Ti4GaGe13,-5.2363,0.0,Metal,P4/mcc,124,36
Sc2SnTe2Se3_id4643_E-5.24.cif,Sc2SnTe2Se3,-5.2355,0.0,Metal,Pbam,55,16
BPCS3NO2_id1616_E-5.23.cif,BPCS3NO2,-5.2327,1.809,Semiconductor,P2/c,13,36
NaAsO2_id3307_E-5.23.cif,NaAsO2,-5.2281,2.179,Semiconductor,I4_122,98,16
NaPO2_id4919_E-5.23.cif,NaPO2,-5.2258,2.258,Semiconductor,I4_122,98,16
Ga2C3_id864_E-5.22.cif,Ga2C3,-5.2228,0.0,Metal,P4_222,93,10
K2PN2_id4509_E-5.22.cif,K2PN2,-5.2221,1.386,Semiconductor,Iba2,45,20
LiSiGeO6_id3197_E-5.22.cif,LiSiGeO6,-5.221,3.34,Semiconductor,P2_12_12_1,19,36
ScGe3_id4706_E-5.21.cif,ScGe3,-5.2134,0.0,Metal,Im-3m,229,8
KSc17GaSiN_id3311_E-5.21.cif,KSc17GaSiN,-5.2124,0.0,Metal,P1,1,21
TiInO8_id2862_E-5.21.cif,TiInO8,-5.2115,1.936,Semiconductor,P4/nbm,125,20
MgO_id4804_E-5.21.cif,MgO,-5.2106,4.161,Insulator,Pccn,56,16
Ge3S2(NO)2_id3626_E-5.21.cif,Ge3S2(NO)2,-5.2103,1.427,Semiconductor,Pnn2,34,18
SrSnO8_id934_E-5.21.cif,SrSnO8,-5.2057,2.448,Semiconductor,P4/nbm,125,20
BAs3P12N5_id1527_E-5.20.cif,BAs3P12N5,-5.1998,1.168,Semiconductor,P2_1,4,42
TiIn2(S3N2)3_id1901_E-5.20.cif,TiIn2(S3N2)3,-5.1961,1.283,Semiconductor,P6/mmm,191,18
PO10_id434_E-5.20.cif,PO10,-5.1958,1.329,Semiconductor,Pcca,54,44
K2Sr(NO2)3_id1995_E-5.19.cif,K2Sr(NO2)3,-5.193,0.29,Semiconductor,P-3c1,165,48
BaO3_id2399_E-5.19.cif,BaO3,-5.1928,3.578,Insulator,C222_1,20,16
BaNO7_id1706_E-5.19.cif,BaNO7,-5.1885,0.369,Semiconductor,Pba2,32,36
KSrLiSb2Te4(AsO6)2_id902_E-5.18.cif,KSrLiSb2Te4(AsO6)2,-5.1843,1.156,Semiconductor,I222,23,46
CdAsN2_id4675_E-5.18.cif,CdAsN2,-5.1838,0.73,Semiconductor,I4_122,98,16
BaSn4GeO4_id644_E-5.17.cif,BaSn4GeO4,-5.174,0.453,Semiconductor,I4/m,87,20
BaGeSb2AsO4_id19_E-5.17.cif,BaGeSb2AsO4,-5.1738,0.0,Metal,I222,23,18
NaSiBSb4As2N5O6_id2749_E-5.17.cif,NaSiBSb4As2N5O6,-5.1724,2.237,Semiconductor,P3_121,152,60
ZnSNO_id2920_E-5.17.cif,ZnSNO,-5.1702,1.868,Semiconductor,Pca2_1,29,16
Sc_id1936_E-5.16.cif,Sc,-5.1626,0.0,Metal,P4_232,208,42
TiTe_id2353_E-5.16.cif,TiTe,-5.1575,0.0,Metal,P4_232,208,24
Sc3Ga2O_id4647_E-5.16.cif,Sc3Ga2O,-5.1551,0.0,Metal,Pn-3m,224,12
SNO_id2112_E-5.15.cif,SNO,-5.154,0.953,Semiconductor,P6_522,179,18
LiMg3Ti4O3_id2478_E-5.15.cif,LiMg3Ti4O3,-5.1536,0.008,Metal,Pm-3n,223,22
GaO3_id4288_E-5.15.cif,GaO3,-5.1536,1.466,Semiconductor,Im-3m,229,8
Sr2P4O3_id1556_E-5.15.cif,Sr2P4O3,-5.151,1.544,Semiconductor,P4_32_12,96,36
CaAlTeO4_id4111_E-5.15.cif,CaAlTeO4,-5.1509,2.03,Semiconductor,P4/mmm,123,28
GaPO_id3339_E-5.15.cif,GaPO,-5.1486,0.494,Semiconductor,P3_212,153,9
Li2Si4NO21_id732_E-5.14.cif,Li2Si4NO21,-5.1431,0.0,Metal,P4/n,85,56
TiZnS2_id2813_E-5.14.cif,TiZnS2,-5.1376,0.0,Metal,I-42d,122,32
Sc2TiCd_id11_E-5.14.cif,Sc2TiCd,-5.1368,0.0,Metal,P4/mmm,123,4
Sc2InGa_id3793_E-5.13.cif,Sc2InGa,-5.1325,0.0,Metal,Fm-3m,225,16
Sc_id4096_E-5.12.cif,Sc,-5.1203,0.0,Metal,Amm2,38,20
Ti4In_id4833_E-5.12.cif,Ti4In,-5.1182,0.0,Metal,Pmma,51,10
ScTe_id723_E-5.12.cif,ScTe,-5.1163,0.0,Metal,Cmmm,65,12
Sc2Al_id1843_E-5.11.cif,Sc2Al,-5.1138,0.0,Metal,Pa-3,205,12
SrAs4PO4_id1613_E-5.11.cif,SrAs4PO4,-5.1137,1.376,Semiconductor,P-4n2,118,20
Ti12Al21SiGe_id2124_E-5.11.cif,Ti12Al21SiGe,-5.1133,0.0,Metal,Pm-3,200,35
NaAsO2_id4507_E-5.11.cif,NaAsO2,-5.1133,2.045,Semiconductor,I4_122,98,16
BaCa2SbO10_id930_E-5.11.cif,BaCa2SbO10,-5.1112,3.292,Semiconductor,I4_1/a,88,56
BaIn3N7_id2516_E-5.11.cif,BaIn3N7,-5.1093,0.815,Semiconductor,Pm-3n,223,22
Sc37Ti2O2_id168_E-5.11.cif,Sc37Ti2O2,-5.1084,1.58,Semiconductor,P-1,2,41
ScAlZn2O2_id2247_E-5.11.cif,ScAlZn2O2,-5.1072,0.0,Metal,Pmmn,59,12
Sc9(TeSe2)2_id3013_E-5.10.cif,Sc9(TeSe2)2,-5.1032,0.0,Metal,Cmce,64,60
Ti2ZnSnSb_id2653_E-5.10.cif,Ti2ZnSnSb,-5.1023,0.0,Metal,P4mm,99,10
Li3Ca2Sc2O4_id4521_E-5.09.cif,Li3Ca2Sc2O4,-5.0947,3.745,Insulator,Cmce,64,44
ScAlGe2_id4520_E-5.09.cif,ScAlGe2,-5.0947,0.0,Metal,I-42d,122,16
Sc4In_id2355_E-5.09.cif,Sc4In,-5.0946,0.0,Metal,Ccce,68,20
Ti3As2_id3047_E-5.09.cif,Ti3As2,-5.0929,0.092,Semiconductor,P4_122,91,20
NaGaTe(NO4)3_id3194_E-5.09.cif,NaGaTe(NO4)3,-5.0903,2.703,Semiconductor,P-31c,163,36
Sc3Cd_id1861_E-5.09.cif,Sc3Cd,-5.0878,0.0,Metal,I4/mmm,139,8
TiSnGe2_id2475_E-5.08.cif,TiSnGe2,-5.0813,0.0,Metal,P-6m2,187,4
SiP13_id3768_E-5.08.cif,SiP13,-5.0758,0.0,Metal,Pccm,49,28
KSe6(SN3)3_id2757_E-5.07.cif,KSe6(SN3)3,-5.0738,0.795,Semiconductor,P6_3,173,38
Ba4CaCd3O6_id1647_E-5.07.cif,Ba4CaCd3O6,-5.0732,0.0,Metal,Im-3m,229,28
MgTi2Cd3O3_id3463_E-5.07.cif,MgTi2Cd3O3,-5.0687,0.437,Semiconductor,P4_322,95,36
K2CNO_id2026_E-5.07.cif,K2CNO,-5.0683,3.7,Insulator,C222_1,20,20
Ti3Ga2Te3S2_id2443_E-5.07.cif,Ti3Ga2Te3S2,-5.068,0.0,Metal,P6mm,183,10
Ba5(AsO)6_id1943_E-5.06.cif,Ba5(AsO)6,-5.0646,1.085,Semiconductor,P6/mmm,191,17
Al2ZnGa4BO4_id2308_E-5.06.cif,Al2ZnGa4BO4,-5.0636,0.0,Metal,P-42c,112,24
Sn2O_id3962_E-5.06.cif,Sn2O,-5.0598,0.272,Semiconductor,Immm,71,12
Ti3Ga4C_id953_E-5.06.cif,Ti3Ga4C,-5.0587,0.0,Metal,Pm-3m,221,8
BaN4O5_id3473_E-5.06.cif,BaN4O5,-5.0568,1.369,Semiconductor,C222,21,20
SbO_id4230_E-5.05.cif,SbO,-5.0542,0.0,Metal,P4/mmm,123,4
NaCa(BS)6_id2191_E-5.04.cif,NaCa(BS)6,-5.0445,2.879,Semiconductor,R-3,148,42
NaSrO6_id4401_E-5.04.cif,NaSrO6,-5.041,2.815,Semiconductor,P-31c,163,16
Li(CdN2)2_id41_E-5.04.cif,Li(CdN2)2,-5.0398,1.619,Semiconductor,I-42d,122,28
Li2CaMgO12_id4093_E-5.04.cif,Li2CaMgO12,-5.0397,0.0,Metal,R-3,148,48
BAs3PN_id2758_E-5.04.cif,BAs3PN,-5.0387,1.245,Semiconductor,Pca2_1,29,24
Sc5Zn2C_id2028_E-5.04.cif,Sc5Zn2C,-5.0363,0.0,Metal,Pn-3m,224,16
Sc_id859_E-5.04.cif,Sc,-5.035,0.0,Metal,P6/mmm,191,12
Ti5Se4_id1993_E-5.03.cif,Ti5Se4,-5.0282,0.0,Metal,P4_2/n,86,18
KBaO12_id1129_E-5.03.cif,KBaO12,-5.0252,0.0,Metal,P4/nbm,125,28
MgTi6(AlS4)3_id4142_E-5.02.cif,MgTi6(AlS4)3,-5.025,0.007,Metal,I432,211,44
Ti3In_id365_E-5.02.cif,Ti3In,-5.0211,0.0,Metal,Cmcm,63,16
P_id2994_E-5.02.cif,P,-5.0169,0.0,Metal,P4_132,213,32
SrO_id358_E-5.01.cif,SrO,-5.0138,0.0,Metal,C2/m,12,8
Mg4InO4_id1060_E-5.01.cif,Mg4InO4,-5.0125,0.089,Semiconductor,P4_2/n,86,18
BaAlO8_id88_E-5.01.cif,BaAlO8,-5.0119,0.0,Metal,I4_1/a,88,40
CaO4_id3224_E-5.01.cif,CaO4,-5.0096,1.921,Semiconductor,I4_1/a,88,20
Sc2ZnSn_id3709_E-5.01.cif,Sc2ZnSn,-5.0081,0.0,Metal,Fm-3m,225,16
Li4CaO6_id508_E-5.00.cif,Li4CaO6,-4.9994,3.214,Semiconductor,Im-3m,229,22
TeN_id4620_E-5.00.cif,TeN,-4.9969,1.998,Semiconductor,C222_1,20,16
Mg3NO_id1016_E-5.00.cif,Mg3NO,-4.9967,2.153,Semiconductor,R-3c,167,30
ZnInC2SN2_id1982_E-5.00.cif,ZnInC2SN2,-4.9955,0.156,Semiconductor,P3_1,144,21
KSrO6_id2075_E-4.99.cif,KSrO6,-4.9933,3.377,Semiconductor,P-31c,163,16
Sc_id3178_E-4.99.cif,Sc,-4.9918,0.276,Semiconductor,P4/mmm,123,12
BaN2_id1068_E-4.99.cif,BaN2,-4.9909,0.0,Metal,R-3m,166,9
Sb3P2C3_id4417_E-4.99.cif,Sb3P2C3,-4.9898,0.0,Metal,R-3c,167,48
P_id3909_E-4.99.cif,P,-4.9862,0.0,Metal,I2_12_12_1,24,12
Sc2In_id3106_E-4.98.cif,Sc2In,-4.9843,0.02,Metal,Pa-3,205,12
ScSi4Sn_id2393_E-4.98.cif,ScSi4Sn,-4.9841,1.122,Semiconductor,P-4n2,118,12
ScIn_id3396_E-4.98.cif,ScIn,-4.9839,0.0,Metal,Pm-3m,221,16
Sc7Ti2Cd2Si2(SnO6)2_id3020_E-4.98.cif,Sc7Ti2Cd2Si2(SnO6)2,-4.9825,0.0,Metal,P2_1/c,14,54
NaGeO4_id3882_E-4.98.cif,NaGeO4,-4.9804,2.564,Semiconductor,I4_122,98,24
NaGeO2_id410_E-4.98.cif,NaGeO2,-4.9788,0.0,Metal,I4_122,98,16
Li(GeO)2_id3295_E-4.98.cif,Li(GeO)2,-4.9751,0.695,Semiconductor,Ibam,72,40
TiGa2O_id1134_E-4.97.cif,TiGa2O,-4.9748,0.0,Metal,Fm-3m,225,16
GaTeO2_id1286_E-4.97.cif,GaTeO2,-4.971,1.578,Semiconductor,C2/m,12,8
Ti2Al3GeB4_id749_E-4.97.cif,Ti2Al3GeB4,-4.9703,0.0,Metal,P-6m2,187,10
BaIn3GaB2O5_id370_E-4.96.cif,BaIn3GaB2O5,-4.964,1.943,Semiconductor,R32,155,36
SnSb7O8_id4511_E-4.96.cif,SnSb7O8,-4.9611,0.82,Semiconductor,P2_12_12,18,32
GaSiBO18_id1398_E-4.96.cif,GaSiBO18,-4.9558,0.0,Metal,Pc,7,42
Si_id113_E-4.96.cif,Si,-4.9556,0.0,Metal,I-43d,220,28
Si_id311_E-4.96.cif,Si,-4.9552,1.178,Semiconductor,Ccce,68,20
BeCd(BO8)2_id1915_E-4.95.cif,BeCd(BO8)2,-4.9542,0.0,Metal,P-42c,112,40
Na3Sr3O8_id4344_E-4.95.cif,Na3Sr3O8,-4.9541,1.694,Semiconductor,I-43d,220,56
Si_id3173_E-4.95.cif,Si,-4.9515,0.066,Semiconductor,Ccce,68,20
Li3TiO8_id1100_E-4.95.cif,Li3TiO8,-4.9487,1.524,Semiconductor,I-42d,122,48
Sb3(TeO3)2_id1295_E-4.95.cif,Sb3(TeO3)2,-4.9459,0.915,Semiconductor,P2,3,11
B2NO_id3919_E-4.94.cif,B2NO,-4.9448,2.789,Semiconductor,Fm-3m,225,16
SrCa2Al2Si2(SbO2)2_id847_E-4.94.cif,SrCa2Al2Si2(SbO2)2,-4.9425,0.0,Metal,P4_2/m,84,26
SrNO3_id4156_E-4.94.cif,SrNO3,-4.9413,1.327,Semiconductor,C222_1,20,20
Si_id629_E-4.94.cif,Si,-4.9399,0.0,Metal,I4/mmm,139,8
BaNaO12_id1166_E-4.93.cif,BaNaO12,-4.9344,0.0,Metal,P6_322,182,28
SrLiSiSbO2_id460_E-4.93.cif,SrLiSiSbO2,-4.9329,0.86,Semiconductor,P4/nmm,129,12
KTi2Si6SbO50_id4235_E-4.93.cif,KTi2Si6SbO50,-4.9258,1.608,Semiconductor,P-3,147,60
Na3Ti6B_id640_E-4.92.cif,Na3Ti6B,-4.9232,0.0,Metal,Pm-3m,221,10
Li3SO6_id2006_E-4.92.cif,Li3SO6,-4.9201,2.348,Semiconductor,P2_1/c,14,40
Si_id727_E-4.92.cif,Si,-4.9197,0.217,Semiconductor,I-42d,122,28
Ca2Sc2O_id315_E-4.92.cif,Ca2Sc2O,-4.9193,0.0,Metal,Pn-3m,224,10
Li2As3O2_id398_E-4.92.cif,Li2As3O2,-4.9162,1.441,Semiconductor,P4,75,14
Si3P_id4260_E-4.92.cif,Si3P,-4.9158,0.668,Semiconductor,P4_32_12,96,16
BaCa2AlO4_id2782_E-4.91.cif,BaCa2AlO4,-4.9133,0.027,Metal,I4/mcm,140,32
SN12_id262_E-4.91.cif,SN12,-4.9127,1.864,Semiconductor,Fmmm,69,52
Li2Ti3O_id4895_E-4.91.cif,Li2Ti3O,-4.9123,0.0,Metal,Pn-3m,224,12
NaLiMgPCNO2_id772_E-4.91.cif,NaLiMgPCNO2,-4.9106,2.188,Semiconductor,Pca2_1,29,32
Li2Si2S2N3_id2446_E-4.90.cif,Li2Si2S2N3,-4.9028,2.039,Semiconductor,P6_2,171,27
O2_id1236_E-4.90.cif,O2,-4.9027,1.214,Semiconductor,Pbca,61,16
Be2Cd2O3_id4913_E-4.90.cif,Be2Cd2O3,-4.9016,2.667,Semiconductor,P4_2/mcm,132,14
LiAlGeO8_id1008_E-4.90.cif,LiAlGeO8,-4.901,1.862,Semiconductor,Pban,50,22
Ba12SrO32_id3079_E-4.90.cif,Ba12SrO32,-4.9009,1.633,Semiconductor,P-3,147,45
CaGaO10_id4441_E-4.90.cif,CaGaO10,-4.8995,1.651,Semiconductor,R32,155,36
SrLiIn2Ga2(SO2)6_id652_E-4.90.cif,SrLiIn2Ga2(SO2)6,-4.8984,2.451,Semiconductor,P321,150,24
P_id2114_E-4.89.cif,P,-4.8943,0.594,Semiconductor,P2_12_12_1,19,12
AsP2_id2742_E-4.89.cif,AsP2,-4.8929,1.168,Semiconductor,Pbcn,60,12
Ti2TeSe4_id612_E-4.89.cif,Ti2TeSe4,-4.8899,2.113,Semiconductor,P6/mcc,192,42
KNaB12_id3738_E-4.89.cif,KNaB12,-4.8898,0.0,Metal,R-3,148,42
K2LiBAs2(PO5)2_id3531_E-4.89.cif,K2LiBAs2(PO5)2,-4.8865,0.0,Metal,C2,5,36
BaSrO6_id948_E-4.88.cif,BaSrO6,-4.8836,0.057,Semiconductor,R-3,148,24
KBa2Na2Li10Si(PO6)2_id3439_E-4.88.cif,KBa2Na2Li10Si(PO6)2,-4.8817,0.0,Metal,P-1,2,30
ScO2_id2241_E-4.88.cif,ScO2,-4.8814,3.939,Insulator,R-3m,166,18
P3S4_id4872_E-4.88.cif,P3S4,-4.8795,1.895,Semiconductor,Fm-3m,225,56
Sc2Al2Ga3N_id4728_E-4.88.cif,Sc2Al2Ga3N,-4.8788,0.0,Metal,Pn-3m,224,16
BeP4_id1288_E-4.88.cif,BeP4,-4.8775,0.0,Metal,Pccm,49,10
Ti2Cd2B2C3_id285_E-4.88.cif,Ti2Cd2B2C3,-4.8774,0.0,Metal,Pbcn,60,36
AsPO9_id4549_E-4.88.cif,AsPO9,-4.8769,1.338,Semiconductor,P2,3,11
Na(CO2)3_id2546_E-4.88.cif,Na(CO2)3,-4.8765,2.134,Semiconductor,R-3c,167,60
NaSiO_id26_E-4.88.cif,NaSiO,-4.8758,0.0,Metal,Pbca,61,24
BaAl4O6_id1405_E-4.88.cif,BaAl4O6,-4.8753,2.931,Semiconductor,Im-3m,229,22
Na3CaSc4O3_id575_E-4.87.cif,Na3CaSc4O3,-4.875,0.0,Metal,Pm-3n,223,22
Ti3Zn2O_id4362_E-4.87.cif,Ti3Zn2O,-4.8697,0.0,Metal,Pn-3m,224,12
LiO4_id4921_E-4.87.cif,LiO4,-4.8688,4.907,Insulator,Ccce,68,20
Li5O8_id477_E-4.87.cif,Li5O8,-4.8661,3.288,Semiconductor,Ccce,68,52
NaSnP(SO5)4_id3263_E-4.86.cif,NaSnP(SO5)4,-4.864,0.0,Metal,P4/n,85,54
Ba2InO2_id4573_E-4.86.cif,Ba2InO2,-4.8635,0.068,Semiconductor,Ibca,73,40
LiO8_id879_E-4.86.cif,LiO8,-4.8626,2.058,Semiconductor,Ccce,68,36
SiAsS2_id2682_E-4.86.cif,SiAsS2,-4.8603,0.296,Semiconductor,I-42d,122,16
Li4BeGa2Si3O11_id4012_E-4.86.cif,Li4BeGa2Si3O11,-4.8586,2.697,Semiconductor,P1,1,42
TiO6_id2073_E-4.85.cif,TiO6,-4.8519,3.392,Semiconductor,P4/n,85,14
P_id4687_E-4.85.cif,P,-4.8473,0.0,Metal,I-43d,220,16
Na4Ti(Si2O3)2_id1984_E-4.85.cif,Na4Ti(Si2O3)2,-4.8451,1.474,Semiconductor,I4/m,87,30
MgSiP2_id827_E-4.84.cif,MgSiP2,-4.8431,1.4,Semiconductor,I-42d,122,16
BaAl2SnGe2(SO)4_id4393_E-4.84.cif,BaAl2SnGe2(SO)4,-4.8418,2.044,Semiconductor,I222,23,28
BaO4_id4405_E-4.84.cif,BaO4,-4.8418,0.328,Semiconductor,I4/mmm,139,10
O2_id4835_E-4.84.cif,O2,-4.8412,4.222,Insulator,P4_2/mbc,135,32
Sb(As2O)2_id4244_E-4.84.cif,Sb(As2O)2,-4.8381,0.003,Metal,Iba2,45,28
KBeO4_id1306_E-4.84.cif,KBeO4,-4.8365,3.348,Semiconductor,I4_1/a,88,24
Sr2AlO2_id1477_E-4.83.cif,Sr2AlO2,-4.8317,0.0,Metal,Pa-3,205,20
TiGa2_id952_E-4.83.cif,TiGa2,-4.8302,0.0,Metal,Pbam,55,12
BeB3N2O_id81_E-4.83.cif,BeB3N2O,-4.8298,2.809,Semiconductor,Pca2_1,29,28
LiMgO6_id289_E-4.83.cif,LiMgO6,-4.8277,3.896,Insulator,P-31c,163,16
Li3TiS3_id1230_E-4.83.cif,Li3TiS3,-4.8263,0.962,Semiconductor,R-3,148,42
LiSiO4_id1818_E-4.82.cif,LiSiO4,-4.8248,0.001,Metal,I4_122,98,24
Sb5O4_id1748_E-4.82.cif,Sb5O4,-4.8241,0.0,Metal,I4_1/a,88,36
Zn2As2P2O5_id777_E-4.82.cif,Zn2As2P2O5,-4.8196,1.942,Semiconductor,Pbcn,60,44
NaLi2GaGeB4(TeO)4_id4110_E-4.82.cif,NaLi2GaGeB4(TeO)4,-4.8177,1.786,Semiconductor,I222,23,34
KMg2Al6Zn(NO)6_id2369_E-4.81.cif,KMg2Al6Zn(NO)6,-4.8125,0.0,Metal,P321,150,22
K2(GeO2)3_id676_E-4.81.cif,K2(GeO2)3,-4.8123,1.844,Semiconductor,R3m,160,33
Mg2BeN2O3_id1082_E-4.81.cif,Mg2BeN2O3,-4.8115,4.708,Insulator,P6_222,180,24
SiGe2BPO2_id3187_E-4.81.cif,SiGe2BPO2,-4.8098,0.788,Semiconductor,P1,1,56
SnBPCO_id3705_E-4.80.cif,SnBPCO,-4.8048,0.0,Metal,Pca2_1,29,20
CaSe_id956_E-4.80.cif,CaSe,-4.8038,0.24,Semiconductor,Pm-3m,221,12
Si2GeBSbAsPSeSO12_id4903_E-4.80.cif,Si2GeBSbAsPSeSO12,-4.8038,0.606,Semiconductor,P1,1,42
MgGaSnO2_id2463_E-4.80.cif,MgGaSnO2,-4.803,0.033,Metal,Pccm,49,10
TiGe4_id1454_E-4.80.cif,TiGe4,-4.7979,0.0,Metal,Ccce,68,20
BaSbO6_id4342_E-4.79.cif,BaSbO6,-4.7942,0.48,Semiconductor,I222,23,16
Sc5Zn2_id1499_E-4.79.cif,Sc5Zn2,-4.7926,0.0,Metal,I4/mmm,139,14
Na2Mg2Sc2ZnIn(P3O2)2_id3294_E-4.79.cif,Na2Mg2Sc2ZnIn(P3O2)2,-4.792,0.0,Metal,P-1,2,18
Li3CaO4_id2636_E-4.79.cif,Li3CaO4,-4.7895,3.331,Semiconductor,I-42d,122,32
Ba(NO)6_id2724_E-4.79.cif,Ba(NO)6,-4.7881,2.956,Semiconductor,P6/mmm,191,13
SrO4_id559_E-4.79.cif,SrO4,-4.785,2.458,Semiconductor,P4/nbm,125,30
In2SnO6_id3382_E-4.78.cif,In2SnO6,-4.7843,0.243,Semiconductor,P-3c1,165,18
Sc8Zn_id2201_E-4.78.cif,Sc8Zn,-4.7838,0.0,Metal,Fmmm,69,36
S3(NO6)2_id1076_E-4.78.cif,S3(NO6)2,-4.7825,0.0,Metal,Pba2,32,34
BAs2_id1491_E-4.78.cif,BAs2,-4.7815,0.008,Metal,Pccm,49,6
BaNaO2_id1541_E-4.78.cif,BaNaO2,-4.7796,1.996,Semiconductor,Pca2_1,29,16
NaCdAsPCSNO5_id4577_E-4.78.cif,NaCdAsPCSNO5,-4.7774,2.238,Semiconductor,Pca2_1,29,48
Na2Cd(NO)6_id1641_E-4.77.cif,Na2Cd(NO)6,-4.7718,1.847,Semiconductor,P6/mmm,191,15
BP12_id2102_E-4.77.cif,BP12,-4.7717,0.777,Semiconductor,I432,211,26
Si_id3393_E-4.77.cif,Si,-4.768,0.0,Metal,P6_122,178,24
Mg3Ga2P4(SO2)2_id3332_E-4.77.cif,Mg3Ga2P4(SO2)2,-4.767,0.0,Metal,Pnn2,34,30
BaLi3N4O3_id2992_E-4.76.cif,BaLi3N4O3,-4.7631,0.0,Metal,Pm-3n,223,22
Sr(TiGa)2_id4396_E-4.76.cif,Sr(TiGa)2,-4.7615,0.0,Metal,P4_332,212,20
SrCaSe2_id275_E-4.76.cif,SrCaSe2,-4.7601,0.294,Semiconductor,R-3m,166,12
C2SeO4_id305_E-4.75.cif,C2SeO4,-4.7548,2.302,Semiconductor,Pmna,53,14
Sc(TiZn)2_id1855_E-4.75.cif,Sc(TiZn)2,-4.754,0.0,Metal,R-3m,166,15
Sc5Ga2_id2707_E-4.75.cif,Sc5Ga2,-4.754,0.0,Metal,P4_2mc,105,14
NaSc2Sn_id2701_E-4.75.cif,NaSc2Sn,-4.7528,0.0,Metal,Fm-3m,225,16
Si4Sb_id1132_E-4.75.cif,Si4Sb,-4.7524,0.957,Semiconductor,P3_121,152,15
Ba3Li3CaGeO6_id1857_E-4.75.cif,Ba3Li3CaGeO6,-4.75,0.998,Semiconductor,P-6,174,14
Ti2ZnGa_id845_E-4.75.cif,Ti2ZnGa,-4.7478,0.0,Metal,I4/mmm,139,8
Sr(S3O2)2_id2540_E-4.75.cif,Sr(S3O2)2,-4.7475,2.401,Semiconductor,P4_22_12,94,44
KBa(GaO24)2_id4090_E-4.74.cif,KBa(GaO24)2,-4.7416,1.984,Semiconductor,P-3,147,52
BaCdSnO4_id2334_E-4.74.cif,BaCdSnO4,-4.7376,0.474,Semiconductor,I-4m2,119,14
BP12_id1052_E-4.74.cif,BP12,-4.7372,0.608,Semiconductor,I432,211,26
NaLiTe2AsO4_id452_E-4.74.cif,NaLiTe2AsO4,-4.7367,1.594,Semiconductor,I222,23,18
Mg3O8_id1348_E-4.74.cif,Mg3O8,-4.7353,1.769,Semiconductor,Pnn2,34,22
Sr2Ge2C3N_id175_E-4.73.cif,Sr2Ge2C3N,-4.7347,0.0,Metal,Pn-3m,224,16
SrC2O_id3023_E-4.73.cif,SrC2O,-4.7346,0.945,Semiconductor,I4/mmm,139,8
BaSr2O6_id1417_E-4.73.cif,BaSr2O6,-4.7342,0.106,Semiconductor,P31m,157,18
Ca3As4N3_id2746_E-4.73.cif,Ca3As4N3,-4.7326,0.125,Semiconductor,P6_3mc,186,20
Si_id1085_E-4.73.cif,Si,-4.7324,0.0,Metal,P4_132,213,20
Ba7Ca2In6(CO)6_id731_E-4.73.cif,Ba7Ca2In6(CO)6,-4.7317,0.0,Metal,P-3c1,165,54
KIn3(GaO3)2_id2198_E-4.73.cif,KIn3(GaO3)2,-4.7315,0.347,Semiconductor,P-3c1,165,24
AlB2NO17_id4829_E-4.73.cif,AlB2NO17,-4.7305,0.0,Metal,P1,1,21
Sc_id4327_E-4.73.cif,Sc,-4.7288,0.0,Metal,P6/mcc,192,36
Sc2Zn_id2834_E-4.73.cif,Sc2Zn,-4.7283,0.0,Metal,I4/mmm,139,12
BaLi6Sc(GaO19)2_id1850_E-4.73.cif,BaLi6Sc(GaO19)2,-4.7268,0.0,Metal,P-3,147,48
NaCaO6_id4462_E-4.73.cif,NaCaO6,-4.7265,1.44,Semiconductor,P-31c,163,16
Si2SnAs(SO3)2_id1155_E-4.72.cif,Si2SnAs(SO3)2,-4.7247,0.041,Metal,Pnn2,34,24
Ca3Se4N3_id2713_E-4.72.cif,Ca3Se4N3,-4.7233,0.22,Semiconductor,I-43d,220,40
LiO4_id783_E-4.72.cif,LiO4,-4.7196,0.28,Semiconductor,Ccce,68,20
Sc2InTe6_id1313_E-4.71.cif,Sc2InTe6,-4.7125,0.054,Semiconductor,P-31c,163,18
LiScS7_id579_E-4.71.cif,LiScS7,-4.711,2.149,Semiconductor,Pnma,62,36
AlGe3Se4(S2O)2_id2766_E-4.71.cif,AlGe3Se4(S2O)2,-4.7104,0.258,Semiconductor,Pnn2,34,28
TiBe2BP_id2276_E-4.71.cif,TiBe2BP,-4.7089,0.137,Semiconductor,P3_112,151,15
Si3Ge_id3989_E-4.71.cif,Si3Ge,-4.7066,0.0,Metal,P4_132,213,32
Sc3Zn_id1019_E-4.71.cif,Sc3Zn,-4.7062,0.0,Metal,Im-3m,229,8
Ba3Sn2(BO10)2_id1547_E-4.71.cif,Ba3Sn2(BO10)2,-4.7056,0.18,Semiconductor,P-1,2,27
MgSc12Sn7_id2035_E-4.70.cif,MgSc12Sn7,-4.6973,0.0,Metal,Pm-3,200,20
KTiGaSiSnO16_id4453_E-4.70.cif,KTiGaSiSnO16,-4.6971,0.443,Semiconductor,P1,1,42
NaCaCdO4_id3367_E-4.69.cif,NaCaCdO4,-4.6938,0.484,Semiconductor,P4/nbm,125,14
Sc5In2_id1316_E-4.69.cif,Sc5In2,-4.691,0.0,Metal,Pban,50,14
LiBO19_id3536_E-4.69.cif,LiBO19,-4.6885,1.602,Semiconductor,P2_1,4,42
BPSeO18_id4585_E-4.69.cif,BPSeO18,-4.6851,0.93,Semiconductor,P2_1,4,42
Ca3N2_id3037_E-4.68.cif,Ca3N2,-4.6841,0.0,Metal,I-43d,220,40
ScSn2_id3420_E-4.68.cif,ScSn2,-4.6824,0.0,Metal,Pbcn,60,12
Sc_id2301_E-4.68.cif,Sc,-4.6804,0.0,Metal,P2/c,13,12
Si5As2_id2370_E-4.68.cif,Si5As2,-4.68,0.0,Metal,I-42d,122,28
Si3Ge4_id3429_E-4.68.cif,Si3Ge4,-4.6772,0.0,Metal,I-43d,220,28
O2_id3978_E-4.68.cif,O2,-4.6752,4.218,Insulator,P6/mcc,192,36
BaCdSb2O11_id585_E-4.67.cif,BaCdSb2O11,-4.6733,0.979,Semiconductor,P-3m1,164,15
Na2BSe4(SO3)2_id1623_E-4.67.cif,Na2BSe4(SO3)2,-4.669,2.709,Semiconductor,Pcca,54,60
Sc5Ga2Sn_id2219_E-4.67.cif,Sc5Ga2Sn,-4.6689,0.0,Metal,Immm,71,16
MgSc2Ga_id1622_E-4.67.cif,MgSc2Ga,-4.6683,0.0,Metal,Fm-3m,225,16
SrSO6_id4159_E-4.67.cif,SrSO6,-4.6655,0.995,Semiconductor,P6_322,182,16
Ti2AlGaSi_id3448_E-4.66.cif,Ti2AlGaSi,-4.6638,0.0,Metal,I422,97,20
AsP2_id45_E-4.66.cif,AsP2,-4.6636,1.27,Semiconductor,I4_1cd,110,48
Sb3O7_id3584_E-4.66.cif,Sb3O7,-4.6635,1.775,Semiconductor,P6/mmm,191,10
KNaAs2(SO)4_id2918_E-4.66.cif,KNaAs2(SO)4,-4.66,1.507,Semiconductor,I222,23,24
MgTi2CdGaO6_id1852_E-4.66.cif,MgTi2CdGaO6,-4.6591,1.091,Semiconductor,P3_221,154,33
ScTe_id314_E-4.66.cif,ScTe,-4.6583,0.0,Metal,I4/mmm,139,4
Sc(SbTe)2_id1898_E-4.66.cif,Sc(SbTe)2,-4.6561,0.634,Semiconductor,I4_1/amd,141,20
MgSc2Al_id3099_E-4.65.cif,MgSc2Al,-4.6548,0.0,Metal,F-43m,216,16
CaSeO_id2019_E-4.65.cif,CaSeO,-4.6539,2.053,Semiconductor,P4_2/mmc,131,12
KAl6Zn(BO12)2_id215_E-4.65.cif,KAl6Zn(BO12)2,-4.6525,1.261,Semiconductor,P321,150,34
P4C_id3546_E-4.65.cif,P4C,-4.6514,0.0,Metal,P4_232,208,30
Sc2Ti4Zn2Ga2C_id2863_E-4.65.cif,Sc2Ti4Zn2Ga2C,-4.651,0.0,Metal,P4/mmm,123,11
Si2Ge_id4988_E-4.65.cif,Si2Ge,-4.65,0.0,Metal,Fd-3m,227,24
K(SeO12)2_id1127_E-4.65.cif,K(SeO12)2,-4.6478,0.613,Semiconductor,P-3,147,27
O2_id1126_E-4.65.cif,O2,-4.6461,3.468,Semiconductor,Pba2,32,30
Ti7BeAl3_id808_E-4.65.cif,Ti7BeAl3,-4.646,0.0,Metal,Pm-3,200,11
SrC2_id3176_E-4.64.cif,SrC2,-4.6416,0.685,Semiconductor,I4/mcm,140,12
LiTi3ZnGe2_id2969_E-4.64.cif,LiTi3ZnGe2,-4.6415,0.0,Metal,P42_12,90,14
Ga2O_id3304_E-4.64.cif,Ga2O,-4.641,0.104,Semiconductor,Pbcn,60,12
Ge4P3_id3753_E-4.64.cif,Ge4P3,-4.6404,0.0,Metal,I-43d,220,28
BaAlS2_id4736_E-4.64.cif,BaAlS2,-4.6403,0.005,Metal,R-3m,166,12
SO5_id1752_E-4.64.cif,SO5,-4.6369,1.246,Semiconductor,P6_2,171,36
KGa4TeO4_id330_E-4.64.cif,KGa4TeO4,-4.6359,1.046,Semiconductor,I222,23,20
Ba3GeO3_id2784_E-4.63.cif,Ba3GeO3,-4.6324,1.313,Semiconductor,P6_3,173,14
Na2Li3Mg2(SbO4)3_id4636_E-4.63.cif,Na2Li3Mg2(SbO4)3,-4.6299,2.001,Semiconductor,P31c,159,44
LiSbO2_id919_E-4.63.cif,LiSbO2,-4.6296,2.173,Semiconductor,I4_122,98,16
Li3GaB(PO7)2_id1117_E-4.63.cif,Li3GaB(PO7)2,-4.6292,2.796,Semiconductor,P1,1,21
LiO3_id4660_E-4.63.cif,LiO3,-4.6258,3.693,Insulator,Pbca,61,32
NaSnO8_id1941_E-4.62.cif,NaSnO8,-4.6203,1.165,Semiconductor,P4/nbm,125,20
TiSb5As2_id302_E-4.62.cif,TiSb5As2,-4.6194,0.0,Metal,P2/c,13,16
BaCaGa2(SO27)2_id4645_E-4.62.cif,BaCaGa2(SO27)2,-4.6163,0.84,Semiconductor,P-3,147,60
Ca2GaS3_id3391_E-4.62.cif,Ca2GaS3,-4.6158,2.127,Semiconductor,C2/m,12,12
BaSn2Ge(SbO2)2_id4723_E-4.61.cif,BaSn2Ge(SbO2)2,-4.6105,2.389,Semiconductor,I222,23,20
Si3Ge4_id2014_E-4.61.cif,Si3Ge4,-4.6061,0.0,Metal,I-43d,220,28
O2_id1911_E-4.60.cif,O2,-4.6046,1.088,Semiconductor,Pba2,32,18
BeS3O_id2835_E-4.60.cif,BeS3O,-4.6037,0.257,Semiconductor,Pna2_1,33,20
Sc_id1234_E-4.60.cif,Sc,-4.6036,0.0,Metal,P4_2/mmc,131,12
KNaLi(TeO2)2_id1754_E-4.60.cif,KNaLi(TeO2)2,-4.6013,2.103,Semiconductor,I222,23,18
Sr2Ca(AsO)2_id3053_E-4.60.cif,Sr2Ca(AsO)2,-4.6002,1.627,Semiconductor,C222,21,28
MgSO_id1452_E-4.60.cif,MgSO,-4.5996,3.244,Semiconductor,P4_2/ncm,138,12
ScBe2Ge2B_id1450_E-4.60.cif,ScBe2Ge2B,-4.5993,0.0,Metal,P4_122,91,24
LiBO11_id1836_E-4.60.cif,LiBO11,-4.5971,0.0,Metal,P1,1,26
Sc2Zn_id4989_E-4.60.cif,Sc2Zn,-4.5952,0.0,Metal,Pa-3,205,12
GeAsP_id635_E-4.59.cif,GeAsP,-4.5948,0.829,Semiconductor,Cmc2_1,36,12
Li3TiNO8_id3246_E-4.59.cif,Li3TiNO8,-4.5937,0.89,Semiconductor,Cmcm,63,52
Al2CdGa2SnO12_id3057_E-4.59.cif,Al2CdGa2SnO12,-4.5931,0.844,Semiconductor,Pnn2,34,36
BaGe(AsO)2_id778_E-4.59.cif,BaGe(AsO)2,-4.5914,0.584,Semiconductor,Immm,71,12
P_id4190_E-4.59.cif,P,-4.5911,1.267,Semiconductor,I2_12_12_1,24,32
CaGeS6_id4295_E-4.59.cif,CaGeS6,-4.5903,1.831,Semiconductor,P-31c,163,16
MgO13_id2643_E-4.59.cif,MgO13,-4.5875,1.052,Semiconductor,Pbam,55,28
GaSi10_id1222_E-4.59.cif,GaSi10,-4.5874,0.792,Semiconductor,I2_12_12_1,24,44
SiAsSe3N_id2048_E-4.59.cif,SiAsSe3N,-4.5872,1.259,Semiconductor,P2_1/m,11,12
TeO_id3565_E-4.58.cif,TeO,-4.5837,0.893,Semiconductor,P6/mmm,191,12
Na2Li2MgGa2(NO4)2_id949_E-4.58.cif,Na2Li2MgGa2(NO4)2,-4.5837,2.337,Semiconductor,P4_2,77,34
SnP2O_id1456_E-4.58.cif,SnP2O,-4.581,0.0,Metal,P3_221,154,12
Na4Zn2SnGeO8_id767_E-4.58.cif,Na4Zn2SnGeO8,-4.5777,0.902,Semiconductor,I-42m,121,32
SrCa(PO4)2_id1523_E-4.58.cif,SrCa(PO4)2,-4.5765,3.709,Insulator,P-3m1,164,12
Sr2SeN_id355_E-4.58.cif,Sr2SeN,-4.5753,1.423,Semiconductor,P6_3/mmc,194,8
BP12_id2436_E-4.57.cif,BP12,-4.5728,0.0,Metal,I432,211,26
AsS2_id149_E-4.57.cif,AsS2,-4.5692,2.005,Semiconductor,I-42d,122,12
Ba4N3_id910_E-4.57.cif,Ba4N3,-4.568,1.513,Semiconductor,P31c,159,14
In2SnO9_id1776_E-4.57.cif,In2SnO9,-4.567,2.762,Semiconductor,P31m,157,12
SiSe_id900_E-4.56.cif,SiSe,-4.5591,0.0,Metal,Pbcm,57,8
KAlGeB5As4(SO)4_id3592_E-4.56.cif,KAlGeB5As4(SO)4,-4.5551,1.562,Semiconductor,P4,75,20
Sc_id775_E-4.55.cif,Sc,-4.5536,0.0,Metal,P-6m2,187,15
Al2Si2O_id4240_E-4.55.cif,Al2Si2O,-4.5535,3.006,Semiconductor,P1,1,20
Si3As4_id268_E-4.55.cif,Si3As4,-4.5531,0.0,Metal,I-43d,220,28
SrAs(P2O3)2_id820_E-4.55.cif,SrAs(P2O3)2,-4.5514,2.33,Semiconductor,I222,23,24
MgO4_id4857_E-4.55.cif,MgO4,-4.5494,3.596,Insulator,P4/mnc,128,20
LiScO19_id1415_E-4.55.cif,LiScO19,-4.5485,0.88,Semiconductor,P1,1,42
Be2AlZn2In2O5_id561_E-4.55.cif,Be2AlZn2In2O5,-4.5482,0.0,Metal,P4_322,95,48
KC3N4O3_id2671_E-4.55.cif,KC3N4O3,-4.5479,0.906,Semiconductor,Pm-3n,223,22
AlTeN4_id1380_E-4.55.cif,AlTeN4,-4.5475,2.392,Semiconductor,P4_2/ncm,138,24
As2P_id2906_E-4.54.cif,As2P,-4.5403,1.259,Semiconductor,Cmmm,65,6
Mg2In5(SeO2)2_id3399_E-4.54.cif,Mg2In5(SeO2)2,-4.5387,0.0,Metal,C222,21,26
GeNO8_id2788_E-4.54.cif,GeNO8,-4.5385,0.0,Metal,P2/c,13,40
ScTe4_id4639_E-4.54.cif,ScTe4,-4.5376,0.892,Semiconductor,P3_112,151,15
AlTeSeS3O4_id4115_E-4.54.cif,AlTeSeS3O4,-4.5367,2.05,Semiconductor,Pnna,52,40
PSeSN2O_id969_E-4.54.cif,PSeSN2O,-4.5362,1.915,Semiconductor,P4_12_12,92,24
Sc2Sn_id4224_E-4.54.cif,Sc2Sn,-4.5358,0.0,Metal,Pmma,51,6
CdO6_id3736_E-4.53.cif,CdO6,-4.5346,0.0,Metal,P6_322,182,14
P_id4888_E-4.53.cif,P,-4.5342,0.0,Metal,P4_12_12,92,32
BP24_id386_E-4.53.cif,BP24,-4.5337,0.664,Semiconductor,I432,211,50
Mg2O5_id2559_E-4.53.cif,Mg2O5,-4.5317,3.977,Insulator,Ibca,73,56
Na2LiO8_id1964_E-4.53.cif,Na2LiO8,-4.5276,1.299,Semiconductor,Pcca,54,44
O2_id4334_E-4.53.cif,O2,-4.5276,0.968,Semiconductor,Pba2,32,24
MgSc2In_id2564_E-4.53.cif,MgSc2In,-4.5259,0.0,Metal,Fm-3m,225,16
MgSc2In_id1626_E-4.53.cif,MgSc2In,-4.5259,0.0,Metal,Fm-3m,225,16
Ca2ZnGe2AsSeNO13_id2846_E-4.52.cif,Ca2ZnGe2AsSeNO13,-4.5198,0.735,Semiconductor,P1,1,42
Ba2BN5_id2753_E-4.52.cif,Ba2BN5,-4.519,0.0,Metal,Pn-3m,224,16
Al(AsP)3_id4618_E-4.52.cif,Al(AsP)3,-4.5189,0.613,Semiconductor,P31c,159,14
GaGeBAsSe2S2N2O_id2481_E-4.52.cif,GaGeBAsSe2S2N2O,-4.5167,1.932,Semiconductor,Pcca,54,44
Ca2N3_id3640_E-4.51.cif,Ca2N3,-4.5143,0.152,Semiconductor,P6_122,178,30
AsSeN_id1560_E-4.51.cif,AsSeN,-4.5106,0.0,Metal,Pca2_1,29,12
NaTeSO2_id4559_E-4.51.cif,NaTeSO2,-4.5102,1.541,Semiconductor,Aea2,41,40
Ti3In3N_id4946_E-4.51.cif,Ti3In3N,-4.509,0.0,Metal,R-3c,167,42
Li2ScTi2ZnC_id4672_E-4.51.cif,Li2ScTi2ZnC,-4.5075,0.0,Metal,P4/mmm,123,7
CaInGa(SO)2_id429_E-4.51.cif,CaInGa(SO)2,-4.5074,0.0,Metal,Pmc2_1,26,14
SnSe(SO)2_id1894_E-4.50.cif,SnSe(SO)2,-4.5027,1.733,Semiconductor,P3_221,154,18
LiScSn2_id3218_E-4.49.cif,LiScSn2,-4.4932,0.0,Metal,Fm-3m,225,16
LiO2_id2451_E-4.49.cif,LiO2,-4.4929,2.401,Semiconductor,P4_12_12,92,24
Na3Be4BN12_id521_E-4.49.cif,Na3Be4BN12,-4.4874,1.248,Semiconductor,I432,211,40
Cd2InGa(SnO2)2_id1369_E-4.49.cif,Cd2InGa(SnO2)2,-4.4873,0.037,Metal,P-42_1c,114,20
Ca2ScS4_id2233_E-4.49.cif,Ca2ScS4,-4.486,0.496,Semiconductor,Cmme,67,28
ScGa4S4O_id109_E-4.48.cif,ScGa4S4O,-4.4842,1.321,Semiconductor,P-1,2,20
Ba2Be2SeS6_id643_E-4.48.cif,Ba2Be2SeS6,-4.4831,2.085,Semiconductor,P2/m,10,11
Si2As4PS_id1334_E-4.48.cif,Si2As4PS,-4.4806,1.104,Semiconductor,P-4n2,118,16
KO2_id3808_E-4.48.cif,KO2,-4.4803,4.575,Insulator,Pban,50,12
ScAl2GaSi3_id4589_E-4.48.cif,ScAl2GaSi3,-4.4797,0.001,Metal,Amm2,38,14
O2_id1086_E-4.48.cif,O2,-4.4791,1.023,Semiconductor,C222_1,20,28
Sr4Li4Be2ZnGe4(BO6)2_id161_E-4.48.cif,Sr4Li4Be2ZnGe4(BO6)2,-4.4764,0.0,Metal,P1,1,58
Li12C43_id1088_E-4.47.cif,Li12C43,-4.4702,0.237,Semiconductor,Pm-3m,221,55
As_id1598_E-4.47.cif,As,-4.4698,0.478,Semiconductor,Pccm,49,10
BaCd2O9_id3779_E-4.47.cif,BaCd2O9,-4.4686,1.997,Semiconductor,I-42d,122,48
CdSn3(SbO2)2_id4566_E-4.47.cif,CdSn3(SbO2)2,-4.4663,0.0,Metal,P6/mmm,191,10
BaAsPSeO2_id2871_E-4.46.cif,BaAsPSeO2,-4.4648,2.181,Semiconductor,P1,1,36
P2O15_id3743_E-4.46.cif,P2O15,-4.4645,0.426,Semiconductor,Pba2,32,34
Si2Ge3_id286_E-4.46.cif,Si2Ge3,-4.4643,0.0,Metal,P4_132,213,20
Sc_id791_E-4.46.cif,Sc,-4.4641,0.0,Metal,P4_2/mmc,131,6
Zn(CO4)2_id2287_E-4.46.cif,Zn(CO4)2,-4.4626,2.816,Semiconductor,P-42_1m,113,22
CaBeSiAs_id654_E-4.46.cif,CaBeSiAs,-4.4618,0.754,Semiconductor,P4/nmm,129,8
ZnInGaO2_id815_E-4.46.cif,ZnInGaO2,-4.4603,0.0,Metal,P-42_1c,114,20
CaInO12_id65_E-4.45.cif,CaInO12,-4.4549,1.461,Semiconductor,P4_2/mcm,132,28
B(AsP)12_id1954_E-4.45.cif,B(AsP)12,-4.4549,0.0,Metal,I432,211,50
Ca2S9N_id2738_E-4.45.cif,Ca2S9N,-4.4538,1.641,Semiconductor,C2/m,12,24
Ba2Sr2In2TeAsP2Se2S8O7_id2419_E-4.45.cif,Ba2Sr2In2TeAsP2Se2S8O7,-4.4521,0.688,Semiconductor,Pnn2,34,54
Sc3Ga2_id2225_E-4.45.cif,Sc3Ga2,-4.4514,0.0,Metal,P4_322,95,20
LiZn(GaO3)2_id3560_E-4.45.cif,LiZn(GaO3)2,-4.4514,2.42,Semiconductor,C222,21,20
K6MgTiAsO12_id4210_E-4.45.cif,K6MgTiAsO12,-4.4509,0.158,Semiconductor,P6_322,182,42
P2S2N_id3847_E-4.45.cif,P2S2N,-4.4507,2.359,Semiconductor,Aea2,41,20
CaSc2Al6(NO)2_id2335_E-4.45.cif,CaSc2Al6(NO)2,-4.4495,0.0,Metal,Pa-3,205,52
Al2Ga2Si3N2_id2041_E-4.45.cif,Al2Ga2Si3N2,-4.4486,0.0,Metal,C222_1,20,36
KNa2SnSb(SO)4_id3286_E-4.45.cif,KNa2SnSb(SO)4,-4.4475,1.278,Semiconductor,I222,23,26
SrO4_id1399_E-4.44.cif,SrO4,-4.4443,2.899,Semiconductor,Im-3m,229,10
ScTi(Al2N)2_id3083_E-4.44.cif,ScTi(Al2N)2,-4.444,0.0,Metal,P3_121,152,24
SrMg13O12_id4543_E-4.44.cif,SrMg13O12,-4.4405,3.835,Insulator,P6_322,182,52
Li10GaO10_id1278_E-4.44.cif,Li10GaO10,-4.4394,2.433,Semiconductor,P1,1,21
AsS8N_id3209_E-4.44.cif,AsS8N,-4.4357,1.588,Semiconductor,P2/c,13,20
Ba2P(SeS)3_id2272_E-4.44.cif,Ba2P(SeS)3,-4.4354,0.179,Semiconductor,P2/m,10,9
KBaAlIn4GaO4_id3728_E-4.44.cif,KBaAlIn4GaO4,-4.4353,0.0,Metal,I-4m2,119,24
SiP_id1684_E-4.43.cif,SiP,-4.4339,0.0,Metal,P4_2/mbc,135,32
KLiIn4O4_id3270_E-4.43.cif,KLiIn4O4,-4.4325,0.454,Semiconductor,P-42_1c,114,20
NaSrGa2As2O13_id419_E-4.43.cif,NaSrGa2As2O13,-4.4318,2.899,Semiconductor,P4bm,100,38
Ti3Zn(GeO4)3_id1034_E-4.43.cif,Ti3Zn(GeO4)3,-4.431,1.271,Semiconductor,P-43m,215,19
ScTiAl6_id2147_E-4.43.cif,ScTiAl6,-4.4305,0.0,Metal,P4/mmm,123,8
MgGaSi2SO16_id538_E-4.43.cif,MgGaSi2SO16,-4.4279,2.163,Semiconductor,Pc,7,42
Li4O5_id2268_E-4.43.cif,Li4O5,-4.4258,2.76,Semiconductor,Pbcn,60,36
NaSnO_id1229_E-4.42.cif,NaSnO,-4.4241,1.769,Semiconductor,P6_522,179,18
SrCaBeSiP14_id4477_E-4.42.cif,SrCaBeSiP14,-4.424,1.53,Semiconductor,P1,1,18
NaO12_id1653_E-4.42.cif,NaO12,-4.4202,0.0,Metal,Pba2,32,52
Si3S4_id3490_E-4.42.cif,Si3S4,-4.42,0.215,Semiconductor,I-42d,122,28
Ca6SiP13_id4469_E-4.41.cif,Ca6SiP13,-4.4132,0.0,Metal,R-3,148,60
Ca2Sc(SnSe)2_id66_E-4.41.cif,Ca2Sc(SnSe)2,-4.41,0.0,Metal,C2/m,12,14
Na4MgSiSnO4_id2445_E-4.41.cif,Na4MgSiSnO4,-4.4087,1.713,Semiconductor,I222,23,22
MgO9_id917_E-4.41.cif,MgO9,-4.4076,1.559,Semiconductor,Pba2,32,40
SnS4_id343_E-4.41.cif,SnS4,-4.4076,0.0,Metal,I4_1/a,88,20
Ba(AsS2)2_id1311_E-4.41.cif,Ba(AsS2)2,-4.4067,1.559,Semiconductor,P4_2/nnm,134,28
SrZnO19_id928_E-4.41.cif,SrZnO19,-4.4056,0.0,Metal,P1,1,21
KNaCdInGaSeO5_id1892_E-4.40.cif,KNaCdInGaSeO5,-4.4047,1.466,Semiconductor,Pmc2_1,26,22
Ba2NaSnP2(SO4)2_id4624_E-4.40.cif,Ba2NaSnP2(SO4)2,-4.4034,2.71,Semiconductor,P3_121,152,48
ZnPO19_id3093_E-4.40.cif,ZnPO19,-4.4022,0.01,Metal,P1,1,21
BaSr(SeO15)2_id423_E-4.40.cif,BaSr(SeO15)2,-4.4017,2.206,Semiconductor,P-3,147,34
CS5N2_id4216_E-4.40.cif,CS5N2,-4.3989,0.0,Metal,C2/m,12,16
KSc4_id1635_E-4.40.cif,KSc4,-4.3981,0.0,Metal,P2/c,13,10
Ge3As2_id4256_E-4.40.cif,Ge3As2,-4.3954,0.0,Metal,P4_32_12,96,20
KO20_id497_E-4.39.cif,KO20,-4.3943,1.649,Semiconductor,Pc,7,42
Li4Mg2As2P2CO8_id1139_E-4.39.cif,Li4Mg2As2P2CO8,-4.3918,0.69,Semiconductor,P2_1/c,14,38
KScO8_id2926_E-4.39.cif,KScO8,-4.3898,1.769,Semiconductor,P4/mmm,123,20
Li2AlAs3SO3_id2861_E-4.39.cif,Li2AlAs3SO3,-4.3882,1.977,Semiconductor,P321,150,20
GeAs2_id4457_E-4.39.cif,GeAs2,-4.3854,0.0,Metal,Pccm,49,6
Ba2SeO10_id4390_E-4.38.cif,Ba2SeO10,-4.3847,1.518,Semiconductor,P3_2,145,39
Li4AlGa4As2O5_id4269_E-4.38.cif,Li4AlGa4As2O5,-4.3833,0.369,Semiconductor,I4/m,87,32
Li2MgZn4GaO8_id3198_E-4.38.cif,Li2MgZn4GaO8,-4.3814,2.622,Semiconductor,C222,21,32
KSbO20_id4488_E-4.38.cif,KSbO20,-4.3799,1.298,Semiconductor,P-3,147,22
KS3O2_id1186_E-4.38.cif,KS3O2,-4.3773,2.096,Semiconductor,Cmmm,65,12
Na2SrO2_id4125_E-4.38.cif,Na2SrO2,-4.3762,1.24,Semiconductor,Pca2_1,29,20
Sn5S6_id2617_E-4.38.cif,Sn5S6,-4.3756,1.406,Semiconductor,C2/m,12,22
Ti2SbTe3S_id3643_E-4.38.cif,Ti2SbTe3S,-4.3752,0.001,Metal,Pnnm,58,28
BaCd4(BO)4_id3606_E-4.38.cif,BaCd4(BO)4,-4.3751,2.679,Semiconductor,P4_2/n,86,26
TiSe2S5_id3794_E-4.37.cif,TiSe2S5,-4.3738,0.0,Metal,Pn-3m,224,16
NaSiP2SeS2_id1112_E-4.37.cif,NaSiP2SeS2,-4.3719,0.054,Semiconductor,Pca2_1,29,28
SrIn4(SnO2)2_id4237_E-4.37.cif,SrIn4(SnO2)2,-4.3716,0.451,Semiconductor,I-4m2,119,22
Si2SnGe3_id1533_E-4.37.cif,Si2SnGe3,-4.3704,0.0,Metal,P-4n2,118,12
Te3PN2_id4880_E-4.37.cif,Te3PN2,-4.3683,1.445,Semiconductor,C2/m,12,12
TiSn4_id3131_E-4.37.cif,TiSn4,-4.3675,0.0,Metal,P-42_1c,114,10
Sb2Te2O5_id798_E-4.37.cif,Sb2Te2O5,-4.3657,2.428,Semiconductor,P2_1/c,14,18
As_id2318_E-4.37.cif,As,-4.3655,0.13,Semiconductor,I4_1/acd,142,16
LiO5_id1856_E-4.37.cif,LiO5,-4.3655,2.356,Semiconductor,I4_1/a,88,24
CaCdO4_id2030_E-4.36.cif,CaCdO4,-4.3646,0.185,Semiconductor,I4_1/a,88,24
ScInSn4_id226_E-4.36.cif,ScInSn4,-4.3641,0.0,Metal,P4/nbm,125,12
Sc2Cd_id1354_E-4.36.cif,Sc2Cd,-4.3637,0.0,Metal,P4_2/nmc,137,12
TiGa2_id4075_E-4.36.cif,TiGa2,-4.3618,0.0,Metal,P4_12_12,92,12
Ti2SiGe4_id1190_E-4.35.cif,Ti2SiGe4,-4.3542,0.0,Metal,P4/mmm,123,28
KBa2Zn2Sb4AsO4_id2152_E-4.35.cif,KBa2Zn2Sb4AsO4,-4.3534,0.0,Metal,I222,23,28
LiSbAsS2_id972_E-4.35.cif,LiSbAsS2,-4.3527,0.0,Metal,P-4m2,115,10
Ge_id33_E-4.35.cif,Ge,-4.3498,0.0,Metal,Pccm,49,8
KIn3Sn3O4_id2568_E-4.35.cif,KIn3Sn3O4,-4.3492,0.0,Metal,P-43m,215,11
BeSiSbO18_id2561_E-4.35.cif,BeSiSbO18,-4.348,0.039,Metal,Pc,7,42
Se3N2_id3045_E-4.35.cif,Se3N2,-4.3468,1.598,Semiconductor,R-3m,166,15
CaSc5N2_id3815_E-4.35.cif,CaSc5N2,-4.3465,0.0,Metal,P4_2/nbc,133,32
TiIn2TeN_id4848_E-4.34.cif,TiIn2TeN,-4.3428,0.0,Metal,P4/nmm,129,10
TiAlZn_id3775_E-4.34.cif,TiAlZn,-4.3423,0.0,Metal,P6_3/mmc,194,12
SrS2_id3821_E-4.34.cif,SrS2,-4.3394,0.266,Semiconductor,P2/m,10,6
MgInAsP6_id1293_E-4.34.cif,MgInAsP6,-4.3386,0.367,Semiconductor,Pccm,49,18
Na2Sn2Sb(SeO)4_id3562_E-4.34.cif,Na2Sn2Sb(SeO)4,-4.3381,1.135,Semiconductor,Fmm2,42,52
As_id1788_E-4.34.cif,As,-4.3358,0.104,Semiconductor,Ia-3,206,56
K2TiIn(SeS5)2_id478_E-4.34.cif,K2TiIn(SeS5)2,-4.3358,0.191,Semiconductor,P-1,2,16
K(GaS2)2_id3921_E-4.33.cif,K(GaS2)2,-4.3344,1.969,Semiconductor,I4_122,98,28
SrO12_id2267_E-4.33.cif,SrO12,-4.3335,0.162,Semiconductor,P6/mmm,191,13
As11P6_id4120_E-4.33.cif,As11P6,-4.3332,0.0,Metal,P6/mmm,191,17
K3TiO6_id3627_E-4.33.cif,K3TiO6,-4.3331,3.456,Semiconductor,P6_3/m,176,20
NaCdO6_id2379_E-4.33.cif,NaCdO6,-4.3324,2.599,Semiconductor,P6_322,182,16
Ga2P3N_id4450_E-4.33.cif,Ga2P3N,-4.3311,0.0,Metal,Pn-3m,224,12
Si_id4483_E-4.33.cif,Si,-4.3289,0.0,Metal,P4_12_12,92,16
Li2O7_id4635_E-4.33.cif,Li2O7,-4.3281,0.677,Semiconductor,Pbcn,60,36
MgTi_id264_E-4.33.cif,MgTi,-4.3276,0.0,Metal,P4/mmm,123,16
Mg3Sc4Ga_id2059_E-4.33.cif,Mg3Sc4Ga,-4.3267,0.0,Metal,Im-3m,229,16
PSe_id1206_E-4.32.cif,PSe,-4.3237,1.289,Semiconductor,P6_522,179,12
Sc2Zn_id1679_E-4.32.cif,Sc2Zn,-4.3232,0.0,Metal,P4_2/nmc,137,12
Ge2AsP_id4482_E-4.32.cif,Ge2AsP,-4.322,0.0,Metal,I-4m2,119,8
Li2SiSnAsSO15_id1956_E-4.32.cif,Li2SiSnAsSO15,-4.319,1.487,Semiconductor,P1,1,42
Ge_id334_E-4.32.cif,Ge,-4.3166,0.0,Metal,Ccce,68,20
MgAl2Ga3O2_id3698_E-4.32.cif,MgAl2Ga3O2,-4.3166,0.0,Metal,C222,21,16
As3SeS4_id2955_E-4.32.cif,As3SeS4,-4.3153,0.969,Semiconductor,Pnnm,58,16
As_id2222_E-4.31.cif,As,-4.3149,0.0,Metal,P-62c,190,16
Sc_id4505_E-4.31.cif,Sc,-4.3107,0.0,Metal,P4_232,208,24
SiAs5P2_id2462_E-4.31.cif,SiAs5P2,-4.3106,0.922,Semiconductor,Pca2_1,29,32
KLiO2_id4541_E-4.31.cif,KLiO2,-4.3102,1.742,Semiconductor,I4_122,98,16
BaO26_id4443_E-4.31.cif,BaO26,-4.3093,0.0,Metal,P-1,2,27
Si_id2069_E-4.31.cif,Si,-4.3089,0.0,Metal,P4_2bc,106,44
Na3Sc6CdTeS5_id690_E-4.31.cif,Na3Sc6CdTeS5,-4.3088,0.523,Semiconductor,R-3m,166,48
As_id4789_E-4.31.cif,As,-4.3086,0.18,Semiconductor,I4_1/a,88,24
ScGaSn_id4914_E-4.31.cif,ScGaSn,-4.3075,0.0,Metal,P4/mmm,123,12
NaSnO8_id2869_E-4.31.cif,NaSnO8,-4.3074,1.018,Semiconductor,Ibam,72,40
Al4Si3_id3955_E-4.30.cif,Al4Si3,-4.3035,0.004,Metal,I-43d,220,28
SbO_id52_E-4.30.cif,SbO,-4.3019,0.919,Semiconductor,P6_222,180,12
Si(GeP)2_id1459_E-4.30.cif,Si(GeP)2,-4.3018,0.0,Metal,P4/mmm,123,10
SbAs2PS4_id1971_E-4.30.cif,SbAs2PS4,-4.3001,0.724,Semiconductor,P4,75,8
MgInGaSbO2_id5_E-4.30.cif,MgInGaSbO2,-4.2987,0.0,Metal,P2_13,198,24
Ge_id2704_E-4.30.cif,Ge,-4.2983,0.0,Metal,I4/mmm,139,8
Cd(SiSe2)2_id835_E-4.30.cif,Cd(SiSe2)2,-4.2976,0.415,Semiconductor,P-42m,111,7
Sb(AsSe)2_id2914_E-4.30.cif,Sb(AsSe)2,-4.2973,0.514,Semiconductor,Pcca,54,20
Sc20Cd_id4461_E-4.29.cif,Sc20Cd,-4.2946,0.0,Metal,P-31m,162,21
LiZnGaP2(SeO)2_id1742_E-4.29.cif,LiZnGaP2(SeO)2,-4.2946,0.816,Semiconductor,P3_221,154,27
CaAs_id3577_E-4.29.cif,CaAs,-4.2929,0.0,Metal,P6_3/mmc,194,8
K2TeO4_id3941_E-4.29.cif,K2TeO4,-4.2928,1.926,Semiconductor,Cmme,67,28
Ca3Ge3P3O_id3545_E-4.29.cif,Ca3Ge3P3O,-4.2915,0.0,Metal,P3c1,158,20
SrO12_id1010_E-4.29.cif,SrO12,-4.2913,1.687,Semiconductor,P6/mmm,191,13
Cd2GaAsO17_id838_E-4.29.cif,Cd2GaAsO17,-4.2912,2.243,Semiconductor,P2_1,4,42
SrGe(CO)2_id4181_E-4.29.cif,SrGe(CO)2,-4.29,0.257,Semiconductor,Immm,71,12
CaBe2InO2_id1621_E-4.29.cif,CaBe2InO2,-4.2886,0.0,Metal,I4/mmm,139,12
As_id1568_E-4.29.cif,As,-4.2852,0.0,Metal,Pccm,49,6
KCaO6_id3077_E-4.28.cif,KCaO6,-4.2848,2.2,Semiconductor,P-31c,163,16
Ga2Ge2N_id3495_E-4.28.cif,Ga2Ge2N,-4.2843,0.0,Metal,Pn-3m,224,10
As5Se2_id57_E-4.28.cif,As5Se2,-4.2825,0.0,Metal,Pbcn,60,28
Sc4(S3N)3_id2939_E-4.28.cif,Sc4(S3N)3,-4.2805,1.902,Semiconductor,R3m,160,48
SiSb2_id4825_E-4.28.cif,SiSb2,-4.2782,0.0,Metal,Pccm,49,6
Sc3CdIn2_id1442_E-4.28.cif,Sc3CdIn2,-4.2782,0.0,Metal,Pn-3m,224,12
Sc2Zn3P2N_id2821_E-4.28.cif,Sc2Zn3P2N,-4.2763,0.0,Metal,Pn-3m,224,16
Sc_id4303_E-4.27.cif,Sc,-4.2721,0.0,Metal,Fd-3m,227,32
Li5As4(PO7)2_id4763_E-4.27.cif,Li5As4(PO7)2,-4.2702,0.149,Semiconductor,Pnn2,34,50
Ge_id4526_E-4.27.cif,Ge,-4.2701,0.0,Metal,C2/c,15,28
O2_id4011_E-4.27.cif,O2,-4.2663,1.041,Semiconductor,Pba2,32,22
GeS2_id1226_E-4.26.cif,GeS2,-4.2643,2.213,Semiconductor,I4_1/amd,141,12
Ti2Ga2BAs2_id3734_E-4.26.cif,Ti2Ga2BAs2,-4.2639,0.0,Metal,P3_221,154,21
BaGe5_id955_E-4.26.cif,BaGe5,-4.2632,0.0,Metal,P-6m2,187,6
GeS_id3510_E-4.26.cif,GeS,-4.2629,0.0,Metal,P6_3/mmc,194,8
K2Ti2N_id691_E-4.26.cif,K2Ti2N,-4.262,4.293,Insulator,P4_2/mmc,131,20
ScZnSb2S_id3600_E-4.26.cif,ScZnSb2S,-4.2578,0.004,Metal,Cmme,67,20
LiCaS6_id1317_E-4.26.cif,LiCaS6,-4.2564,1.904,Semiconductor,P1,1,32
As5P4_id578_E-4.26.cif,As5P4,-4.2563,0.0,Metal,Pc,7,18
Li3Sc2Ga6S2N3_id669_E-4.25.cif,Li3Sc2Ga6S2N3,-4.2541,0.0,Metal,R-3m,166,48
TiGaSnP_id3323_E-4.25.cif,TiGaSnP,-4.2534,0.0,Metal,P4_32_12,96,16
Ga2Si6P_id1513_E-4.25.cif,Ga2Si6P,-4.2529,0.366,Semiconductor,Pnnn,48,18
NaZnO2_id914_E-4.25.cif,NaZnO2,-4.2517,1.253,Semiconductor,I4_122,98,16
PSe2_id64_E-4.25.cif,PSe2,-4.2458,0.913,Semiconductor,Pcca,54,12
KLi(SnS2)2_id1455_E-4.24.cif,KLi(SnS2)2,-4.2421,0.453,Semiconductor,I-42d,122,32
AsO5_id3885_E-4.24.cif,AsO5,-4.2404,0.913,Semiconductor,P2_12_12_1,19,24
SiSnGe4_id2839_E-4.24.cif,SiSnGe4,-4.2402,0.0,Metal,P-4n2,118,12
Te2O15_id3188_E-4.24.cif,Te2O15,-4.2392,0.9,Semiconductor,Pba2,32,34
SnGe6_id4926_E-4.24.cif,SnGe6,-4.2383,0.0,Metal,R-3,148,21
Ba3LiCaO3_id666_E-4.24.cif,Ba3LiCaO3,-4.2378,0.0,Metal,P-6,174,8
BeGaSi3SnGeS14_id406_E-4.23.cif,BeGaSi3SnGeS14,-4.2345,1.651,Semiconductor,Pc,7,42
SrGe4_id3780_E-4.23.cif,SrGe4,-4.2344,0.0,Metal,I4_1/a,88,20
NaMg2Si2Te2AsO4_id4_E-4.23.cif,NaMg2Si2Te2AsO4,-4.2337,2.147,Semiconductor,I222,23,24
Ge2Sb3S2_id3028_E-4.23.cif,Ge2Sb3S2,-4.2273,0.0,Metal,Pn-3m,224,14
Ga6NO6_id4448_E-4.22.cif,Ga6NO6,-4.2245,0.394,Semiconductor,P6_322,182,26
BaSb2_id1210_E-4.22.cif,BaSb2,-4.2237,0.0,Metal,P6/mmm,191,3
Na4Li3Mg2O8_id1642_E-4.22.cif,Na4Li3Mg2O8,-4.2234,3.89,Insulator,C222,21,34
SnGe6_id4757_E-4.22.cif,SnGe6,-4.2216,0.0,Metal,I-42d,122,28
KNa2Se3(SO)3_id4409_E-4.22.cif,KNa2Se3(SO)3,-4.2215,0.693,Semiconductor,P31m,157,12
MgAl2Ga3O2_id1403_E-4.22.cif,MgAl2Ga3O2,-4.22,0.0,Metal,C222,21,16
Li2Sc(GeAs2)2_id4517_E-4.22.cif,Li2Sc(GeAs2)2,-4.218,0.0,Metal,Iba2,45,36
K3MgB2(NO)4_id2789_E-4.22.cif,K3MgB2(NO)4,-4.217,0.096,Semiconductor,P4/n,85,28
As3P_id4678_E-4.22.cif,As3P,-4.217,0.0,Metal,P3m1,156,4
SiSb2As6P2Se_id247_E-4.21.cif,SiSb2As6P2Se,-4.2139,0.0,Metal,P2/c,13,24
KLi2(TeO)4_id412_E-4.21.cif,KLi2(TeO)4,-4.2136,1.869,Semiconductor,I222,23,22
GeP_id3032_E-4.21.cif,GeP,-4.2125,0.518,Semiconductor,P4_32_12,96,8
SbS3_id514_E-4.21.cif,SbS3,-4.2108,1.883,Semiconductor,P-1,2,8
ScAlSi5_id553_E-4.21.cif,ScAlSi5,-4.2082,0.0,Metal,I4_1md,109,28
SiAs_id1657_E-4.21.cif,SiAs,-4.2062,1.304,Semiconductor,P4_32_12,96,8
Sn2Te(P3S)2_id554_E-4.21.cif,Sn2Te(P3S)2,-4.2061,2.224,Semiconductor,P2,3,33
Sb3S2_id2690_E-4.20.cif,Sb3S2,-4.2033,0.989,Semiconductor,P-42_1m,113,10
GeS4_id793_E-4.20.cif,GeS4,-4.2017,0.863,Semiconductor,C222_1,20,20
TiZnGeSb_id675_E-4.20.cif,TiZnGeSb,-4.1989,0.0,Metal,Pca2_1,29,16
Li5O4_id3834_E-4.20.cif,Li5O4,-4.1976,0.055,Semiconductor,P4/mnc,128,36
Ba3Ca2O3_id240_E-4.20.cif,Ba3Ca2O3,-4.195,0.0,Metal,P-6,174,8
LiO20_id534_E-4.19.cif,LiO20,-4.1943,0.666,Semiconductor,Pc,7,42
KSbS12_id1668_E-4.19.cif,KSbS12,-4.1939,0.645,Semiconductor,I4_1/a,88,56
MgZn2SiO12_id4147_E-4.19.cif,MgZn2SiO12,-4.1927,1.158,Semiconductor,I-42m,121,32
Mg2NO_id1703_E-4.19.cif,Mg2NO,-4.1917,2.763,Semiconductor,P4_2cm,101,32
KZn3O7_id2798_E-4.19.cif,KZn3O7,-4.1911,1.897,Semiconductor,Pm-3n,223,22
Se2S_id3894_E-4.19.cif,Se2S,-4.1897,1.465,Semiconductor,I4_1/amd,141,48
LiSeO_id4072_E-4.19.cif,LiSeO,-4.1887,2.571,Semiconductor,P4_2/ncm,138,12
Ge_id2954_E-4.19.cif,Ge,-4.1874,0.0,Metal,P2/m,10,6
TeAs3PSe_id4744_E-4.18.cif,TeAs3PSe,-4.1848,0.823,Semiconductor,Pca2_1,29,24
Sc2TiZnGa2_id36_E-4.18.cif,Sc2TiZnGa2,-4.1829,0.0,Metal,P4_2bc,106,48
Ti12B_id4664_E-4.18.cif,Ti12B,-4.182,2.468,Semiconductor,I432,211,26
K2Ba4CN2O3_id2729_E-4.18.cif,K2Ba4CN2O3,-4.1813,0.0,Metal,P3_121,152,36
InSiGe5_id210_E-4.18.cif,InSiGe5,-4.1799,0.0,Metal,P-42m,111,7
MgS_id1153_E-4.18.cif,MgS,-4.1774,2.805,Semiconductor,Aea2,41,16
As9Se2S_id4950_E-4.18.cif,As9Se2S,-4.1764,0.0,Metal,I-42d,122,48
NaSn(AsP)2_id501_E-4.17.cif,NaSn(AsP)2,-4.1745,0.0,Metal,I4_122,98,24
B2Sb3P2_id3904_E-4.17.cif,B2Sb3P2,-4.1734,0.9,Semiconductor,P4_12_12,92,28
SrLi3SO2_id872_E-4.17.cif,SrLi3SO2,-4.1734,3.887,Insulator,P4/nmm,129,14
LiAl2Si(TeS)2_id3041_E-4.17.cif,LiAl2Si(TeS)2,-4.1716,0.294,Semiconductor,Pcca,54,32
O2_id2146_E-4.17.cif,O2,-4.1709,1.118,Semiconductor,Pba2,32,28
Ca3AsS3_id1384_E-4.17.cif,Ca3AsS3,-4.1699,0.808,Semiconductor,P6_3,173,14
LiMg3Se3O4_id1379_E-4.17.cif,LiMg3Se3O4,-4.1697,1.235,Semiconductor,Pm-3n,223,22
Li2ZnO6_id218_E-4.17.cif,Li2ZnO6,-4.1695,1.656,Semiconductor,C2/m,12,18
BaCa3O5_id4823_E-4.17.cif,BaCa3O5,-4.1695,3.677,Insulator,Cmme,67,36
ScZnSn2_id2421_E-4.17.cif,ScZnSn2,-4.1694,0.0,Metal,Fm-3m,225,16
SrLiP2(SeS)4_id4336_E-4.17.cif,SrLiP2(SeS)4,-4.1692,1.223,Semiconductor,I-42d,122,48
CaZn3C4O3_id4317_E-4.17.cif,CaZn3C4O3,-4.1674,0.672,Semiconductor,Pm-3n,223,22
Na(GeS4)2_id3108_E-4.17.cif,Na(GeS4)2,-4.1672,0.0,Metal,P-42m,111,11
Al2ZnSiSe4_id830_E-4.17.cif,Al2ZnSiSe4,-4.166,1.853,Semiconductor,I-42m,121,16
AlSnS_id4938_E-4.16.cif,AlSnS,-4.1647,0.0,Metal,P6_522,179,18
Mg4(As2S)3_id1396_E-4.16.cif,Mg4(As2S)3,-4.1646,0.0,Metal,Pm-3m,221,26
LiMg(InS2)2_id2685_E-4.16.cif,LiMg(InS2)2,-4.1635,1.538,Semiconductor,I-42m,121,16
Sc3Cd_id4854_E-4.16.cif,Sc3Cd,-4.163,0.0,Metal,Ibca,73,32
BaAsP_id193_E-4.16.cif,BaAsP,-4.1627,0.0,Metal,P6_3/mmc,194,6
Cd2(SO)3_id1761_E-4.16.cif,Cd2(SO)3,-4.1612,1.218,Semiconductor,P6_3/mcm,193,16
Ga2Sb(SeO)6_id4130_E-4.16.cif,Ga2Sb(SeO)6,-4.1593,2.06,Semiconductor,R-3,148,45
Ge3Sb(AsSe)4_id4391_E-4.16.cif,Ge3Sb(AsSe)4,-4.1583,0.0,Metal,I-42m,121,24
Ca2NO18_id3655_E-4.16.cif,Ca2NO18,-4.1557,0.163,Semiconductor,P1,1,21
CaSbO19_id4732_E-4.15.cif,CaSbO19,-4.1541,2.4,Semiconductor,Pc,7,42
Ge_id4472_E-4.15.cif,Ge,-4.1539,0.0,Metal,P2_12_12_1,19,8
AlSe_id4734_E-4.15.cif,AlSe,-4.1528,1.637,Semiconductor,Pca2_1,29,8
BeSi2Ge_id3454_E-4.15.cif,BeSi2Ge,-4.1527,0.0,Metal,Cmm2,35,16
BAs12_id2172_E-4.15.cif,BAs12,-4.151,0.081,Semiconductor,I432,211,26
LiZn3O8_id1373_E-4.15.cif,LiZn3O8,-4.1498,0.0,Metal,I-42d,122,48
As2O5_id2250_E-4.15.cif,As2O5,-4.1494,0.029,Metal,P6/mmm,191,7
K2GaSiS4_id580_E-4.15.cif,K2GaSiS4,-4.1492,0.015,Metal,I-42d,122,32
GeAs2S_id1388_E-4.15.cif,GeAs2S,-4.1477,0.254,Semiconductor,P2/m,10,4
LiSi2Ge_id1468_E-4.15.cif,LiSi2Ge,-4.1476,0.169,Semiconductor,P4_2/m,84,16
InAs6_id28_E-4.15.cif,InAs6,-4.1458,0.226,Semiconductor,P-42m,111,7
KIn(AsO)2_id1617_E-4.14.cif,KIn(AsO)2,-4.1436,0.005,Metal,P-3m1,164,6
ZnSiBAsP7S_id4523_E-4.14.cif,ZnSiBAsP7S,-4.141,0.59,Semiconductor,P2_1,4,24
KSnAs6P_id3801_E-4.14.cif,KSnAs6P,-4.1408,0.0,Metal,P312,149,9
Ba3P(SeO2)4_id4079_E-4.14.cif,Ba3P(SeO2)4,-4.1396,1.274,Semiconductor,I222,23,32
Ga2Si4Sn_id2142_E-4.14.cif,Ga2Si4Sn,-4.1386,0.0,Metal,I-42d,122,28
As_id1997_E-4.14.cif,As,-4.1385,0.0,Metal,I4/mcm,140,8
In3O2_id2431_E-4.13.cif,In3O2,-4.1339,0.0,Metal,Pa-3,205,20
As3Se2_id4206_E-4.13.cif,As3Se2,-4.1327,0.0,Metal,P6_122,178,30
MgBO4_id4692_E-4.13.cif,MgBO4,-4.1327,4.632,Insulator,P4/n,85,12
In6Sn(TeO)4_id2506_E-4.13.cif,In6Sn(TeO)4,-4.1325,0.527,Semiconductor,I-42m,121,30
LiSc4Zn3_id2936_E-4.13.cif,LiSc4Zn3,-4.132,0.0,Metal,Im-3m,229,16
BaLi2B4As2O11_id405_E-4.13.cif,BaLi2B4As2O11,-4.1309,0.929,Semiconductor,C2,5,40
CaGe4_id1823_E-4.13.cif,CaGe4,-4.1308,0.0,Metal,I-4m2,119,20
K3Na2Sr2O29_id3568_E-4.13.cif,K3Na2Sr2O29,-4.1303,0.0,Metal,P-1,2,36
LiMgZnGeO17_id3987_E-4.13.cif,LiMgZnGeO17,-4.1302,1.44,Semiconductor,Pc,7,42
GeSb_id1798_E-4.12.cif,GeSb,-4.1247,0.0,Metal,Fd-3m,227,16
CdSi3(AsS)3_id4527_E-4.12.cif,CdSi3(AsS)3,-4.1227,0.001,Metal,P6_3mc,186,20
K2Na3O8_id2368_E-4.12.cif,K2Na3O8,-4.1187,0.074,Semiconductor,Pmna,53,26
SrZn2(SbO3)2_id483_E-4.12.cif,SrZn2(SbO3)2,-4.1171,2.006,Semiconductor,P6_3/mmc,194,22
O2_id2408_E-4.12.cif,O2,-4.117,0.941,Semiconductor,P1,1,34
KSn(PO10)2_id2583_E-4.12.cif,KSn(PO10)2,-4.1163,1.892,Semiconductor,P-3,147,24
Li(MgP2)2_id541_E-4.12.cif,Li(MgP2)2,-4.1162,2.255,Semiconductor,I4_1/a,88,28
MgS4_id614_E-4.12.cif,MgS4,-4.1155,2.228,Semiconductor,P3_221,154,15
BaBe3B3N_id2688_E-4.11.cif,BaBe3B3N,-4.1135,0.0,Metal,P6_3mc,186,16
S_id1821_E-4.11.cif,S,-4.1134,1.267,Semiconductor,P6/mmm,191,12
S_id1029_E-4.11.cif,S,-4.1132,0.144,Semiconductor,Pm-3m,221,12
S_id454_E-4.11.cif,S,-4.1129,1.25,Semiconductor,Pbca,61,16
Ge_id648_E-4.11.cif,Ge,-4.1097,0.0,Metal,P4_132,213,20
BaO7_id2074_E-4.11.cif,BaO7,-4.1093,1.4,Semiconductor,P6_322,182,16
GeAs7Se4_id2499_E-4.11.cif,GeAs7Se4,-4.1052,1.158,Semiconductor,I-42d,122,48
SnGe8_id369_E-4.10.cif,SnGe8,-4.1013,0.0,Metal,P422,89,18
CaGe2Sb2AsSe_id2549_E-4.10.cif,CaGe2Sb2AsSe,-4.1005,0.601,Semiconductor,Cmcm,63,28
K2(GaO4)3_id607_E-4.10.cif,K2(GaO4)3,-4.1003,0.0,Metal,P-31c,163,34
GaGe7_id4208_E-4.10.cif,GaGe7,-4.0999,0.0,Metal,Pm-3,200,8
Sc5In2_id443_E-4.10.cif,Sc5In2,-4.0977,0.0,Metal,Pnnn,48,14
Na2SbO5_id795_E-4.10.cif,Na2SbO5,-4.0966,1.33,Semiconductor,P6/mmm,191,16
S_id1676_E-4.10.cif,S,-4.0963,1.766,Semiconductor,Pbca,61,16
SrLi4O11_id1740_E-4.10.cif,SrLi4O11,-4.096,0.881,Semiconductor,P4/n,85,32
BePSe_id1377_E-4.10.cif,BePSe,-4.0957,1.516,Semiconductor,Pca2_1,29,12
LiInGeSe4_id1472_E-4.09.cif,LiInGeSe4,-4.0918,0.939,Semiconductor,P-42m,111,7
As_id3954_E-4.09.cif,As,-4.0893,0.956,Semiconductor,P2_12_12,18,8
LiGa(BO4)2_id4917_E-4.09.cif,LiGa(BO4)2,-4.0887,2.561,Semiconductor,P-42_1c,114,24
SnSbAsSe_id604_E-4.09.cif,SnSbAsSe,-4.0858,0.0,Metal,F-43m,216,16
BaSr3(NO2)3_id1662_E-4.08.cif,BaSr3(NO2)3,-4.0831,0.0,Metal,P6mm,183,13
Li4Ti4AsO2_id3081_E-4.08.cif,Li4Ti4AsO2,-4.0827,1.368,Semiconductor,P4mm,99,11
Ti6AlZnGa6_id3520_E-4.08.cif,Ti6AlZnGa6,-4.0818,0.0,Metal,Pm-3,200,14
KCdO4_id2148_E-4.08.cif,KCdO4,-4.0799,2.649,Semiconductor,P4/mmm,123,12
S_id4042_E-4.08.cif,S,-4.0796,1.388,Semiconductor,Pbca,61,32
BAs12_id2362_E-4.08.cif,BAs12,-4.0792,0.074,Semiconductor,I432,211,26
CaSiP2_id1713_E-4.08.cif,CaSiP2,-4.0784,0.008,Metal,Pca2_1,29,16
LiSbO_id4801_E-4.08.cif,LiSbO,-4.0751,1.582,Semiconductor,P-42_1m,113,12
Mg4Be4B2P4NO9_id3969_E-4.07.cif,Mg4Be4B2P4NO9,-4.0747,2.436,Semiconductor,P4bm,100,48
KGaPS2_id3589_E-4.07.cif,KGaPS2,-4.0743,2.019,Semiconductor,P3_221,154,15
LiSc2AlZn4O4_id1233_E-4.07.cif,LiSc2AlZn4O4,-4.0737,0.0,Metal,F-43m,216,48
CaGe2_id877_E-4.07.cif,CaGe2,-4.0732,0.0,Metal,P2_1/m,11,6
S_id2518_E-4.07.cif,S,-4.073,0.72,Semiconductor,Pbca,61,16
GaSi2_id836_E-4.07.cif,GaSi2,-4.0729,0.0,Metal,P6/mcc,192,36
Li6AsP(SO2)2_id2065_E-4.07.cif,Li6AsP(SO2)2,-4.0716,2.08,Semiconductor,Pnn2,34,56
K6BaCaO26_id1586_E-4.07.cif,K6BaCaO26,-4.0715,0.014,Metal,P-3,147,34
Sc_id2394_E-4.07.cif,Sc,-4.07,0.0,Metal,Ia-3d,230,32
LiS12_id4078_E-4.07.cif,LiS12,-4.07,0.009,Metal,Pba2,32,26
Sc_id4163_E-4.07.cif,Sc,-4.0695,0.0,Metal,P4/mmm,123,10
Si2Sn_id1939_E-4.07.cif,Si2Sn,-4.0685,0.0,Metal,I4_1cd,110,48
As2PS8_id2071_E-4.07.cif,As2PS8,-4.0684,1.867,Semiconductor,Pmna,53,22
O2_id1644_E-4.07.cif,O2,-4.0654,0.0,Metal,Pba2,32,38
GaAs_id2427_E-4.06.cif,GaAs,-4.0646,0.045,Metal,F-43m,216,8
PS9_id3430_E-4.06.cif,PS9,-4.0644,0.666,Semiconductor,Pccn,56,40
CaZnO2_id329_E-4.06.cif,CaZnO2,-4.0637,2.091,Semiconductor,I4/mcm,140,16
GaO26_id4353_E-4.06.cif,GaO26,-4.062,0.775,Semiconductor,P1,1,27
Sc3ZnIn_id4726_E-4.06.cif,Sc3ZnIn,-4.0618,0.0,Metal,Pm-3m,221,5
ZnO_id4296_E-4.06.cif,ZnO,-4.061,2.706,Semiconductor,I4_1/amd,141,16
BaNaO6_id4562_E-4.06.cif,BaNaO6,-4.061,4.038,Insulator,P6_322,182,16
AsSe_id926_E-4.06.cif,AsSe,-4.0595,1.264,Semiconductor,I-42d,122,16
LiAs3_id839_E-4.06.cif,LiAs3,-4.0588,0.117,Semiconductor,P-4n2,118,8
S_id4176_E-4.06.cif,S,-4.0576,1.349,Semiconductor,Pbca,61,24
SbAsS18O_id2721_E-4.06.cif,SbAsS18O,-4.0566,1.877,Semiconductor,P1,1,21
Ca2SiTeC(SeS)2_id3123_E-4.06.cif,Ca2SiTeC(SeS)2,-4.0563,1.39,Semiconductor,P2/m,10,9
BeSi3_id2242_E-4.06.cif,BeSi3,-4.0562,0.0,Metal,P2_12_12,18,32
ScGa_id3010_E-4.06.cif,ScGa,-4.056,0.0,Metal,F-43m,216,8
Cd(GeSe2)2_id4422_E-4.06.cif,Cd(GeSe2)2,-4.0557,1.054,Semiconductor,P-42m,111,7
KNa2Ca(AsO)4_id4910_E-4.05.cif,KNa2Ca(AsO)4,-4.0533,0.948,Semiconductor,I4_1/a,88,48
Al2ZnAs8(PS2)2_id1569_E-4.05.cif,Al2ZnAs8(PS2)2,-4.0532,0.589,Semiconductor,P-42m,111,17
SiSnGeAs_id1093_E-4.05.cif,SiSnGeAs,-4.0531,0.0,Metal,P1,1,16
S_id451_E-4.05.cif,S,-4.0527,2.207,Semiconductor,Pbca,61,24
BaO15_id2786_E-4.05.cif,BaO15,-4.0526,2.164,Semiconductor,P6/mmm,191,16
BAs12_id2285_E-4.05.cif,BAs12,-4.0513,0.577,Semiconductor,I432,211,26
Ba3Ge4As3P_id2310_E-4.05.cif,Ba3Ge4As3P,-4.0507,0.0,Metal,Imm2,44,22
ScSe_id3525_E-4.05.cif,ScSe,-4.0493,0.259,Semiconductor,P4_232,208,24
K2TiTe4_id157_E-4.05.cif,K2TiTe4,-4.0488,0.098,Semiconductor,P4_2/mcm,132,14
BaO9_id4600_E-4.05.cif,BaO9,-4.0487,1.118,Semiconductor,I4_1/a,88,40
MgAlZn2O4_id2210_E-4.05.cif,MgAlZn2O4,-4.0486,0.094,Semiconductor,P-42c,112,16
Ga3O_id2169_E-4.05.cif,Ga3O,-4.048,0.0,Metal,P6_322,182,16
GeS6_id2263_E-4.05.cif,GeS6,-4.0471,1.186,Semiconductor,I-42d,122,28
MgSnGeAs4_id2284_E-4.05.cif,MgSnGeAs4,-4.0466,0.0,Metal,Pnn2,34,14
Li2Be2Sb2Se2S7_id595_E-4.05.cif,Li2Be2Sb2Se2S7,-4.0459,1.67,Semiconductor,P4nc,104,60
KGaO_id3292_E-4.05.cif,KGaO,-4.0454,0.835,Semiconductor,Cmme,67,12
KO10_id453_E-4.05.cif,KO10,-4.0453,0.0,Metal,Aea2,41,44
Na2Li2Zn2GeO18_id4574_E-4.04.cif,Na2Li2Zn2GeO18,-4.0437,1.465,Semiconductor,Pnn2,34,50
Te(AsS2)2_id4876_E-4.04.cif,Te(AsS2)2,-4.0436,0.0,Metal,I-42d,122,28
NaGeS24_id3401_E-4.04.cif,NaGeS24,-4.0416,0.146,Semiconductor,P4/n,85,52
SbTeAs3_id923_E-4.04.cif,SbTeAs3,-4.0408,0.812,Semiconductor,Pnn2,34,10
K3NaScO18_id2189_E-4.04.cif,K3NaScO18,-4.04,1.439,Semiconductor,P-31c,163,46
Sc8Al8B8C2N_id3856_E-4.04.cif,Sc8Al8B8C2N,-4.0396,0.0,Metal,I422,97,54
Ca3PSe2_id922_E-4.04.cif,Ca3PSe2,-4.0383,0.936,Semiconductor,Pn-3m,224,12
O2_id2207_E-4.04.cif,O2,-4.0383,2.09,Semiconductor,Pba2,32,26
Ba3Na2AsO3_id4901_E-4.04.cif,Ba3Na2AsO3,-4.0379,0.0,Metal,R32,155,27
Li2AlInSe4_id2801_E-4.04.cif,Li2AlInSe4,-4.0376,0.929,Semiconductor,I-42d,122,32
SnGe2_id239_E-4.04.cif,SnGe2,-4.0375,0.0,Metal,I4_1md,109,12
Sb_id4554_E-4.04.cif,Sb,-4.0352,0.0,Metal,P4/nmm,129,4
S_id4621_E-4.04.cif,S,-4.0351,0.0,Metal,Pbca,61,16
LiSi2As_id3798_E-4.03.cif,LiSi2As,-4.0348,1.306,Semiconductor,P4_32_12,96,16
GeAs_id4271_E-4.03.cif,GeAs,-4.0333,0.0,Metal,Pmmm,47,6
KMg(GaS2)2_id3845_E-4.03.cif,KMg(GaS2)2,-4.0324,2.04,Semiconductor,I-42d,122,32
Ga2SiS2_id1089_E-4.03.cif,Ga2SiS2,-4.0313,1.465,Semiconductor,Pa-3,205,20
S_id71_E-4.03.cif,S,-4.0289,2.523,Semiconductor,Cc,9,12
BaGe2As3_id2761_E-4.03.cif,BaGe2As3,-4.0284,0.0,Metal,Pmmm,47,6
SbSe_id2400_E-4.03.cif,SbSe,-4.0271,0.0,Metal,P4_2/mmc,131,4
O2_id4162_E-4.03.cif,O2,-4.0261,1.073,Semiconductor,Pba2,32,28
GeSbTeAsSe_id1688_E-4.03.cif,GeSbTeAsSe,-4.026,0.87,Semiconductor,Pmmm,47,5
S_id1593_E-4.03.cif,S,-4.0259,1.511,Semiconductor,Pbca,61,8
ScS15_id1180_E-4.02.cif,ScS15,-4.0248,1.435,Semiconductor,P6_3mc,186,32
PS4_id1947_E-4.02.cif,PS4,-4.0246,2.334,Semiconductor,R-3m,166,15
ScGa3Sn2_id998_E-4.02.cif,ScGa3Sn2,-4.0227,0.0,Metal,P6/mmm,191,6
Sb5Se2_id770_E-4.02.cif,Sb5Se2,-4.0214,0.0,Metal,I-42d,122,28
AlZnP4_id24_E-4.02.cif,AlZnP4,-4.0179,1.286,Semiconductor,I4_1/a,88,24
Sc_id2555_E-4.02.cif,Sc,-4.0177,0.0,Metal,Im-3m,229,20
LiIn2(TeO2)2_id1062_E-4.02.cif,LiIn2(TeO2)2,-4.0174,0.0,Metal,Pban,50,18
Al2Zn2InO10_id990_E-4.02.cif,Al2Zn2InO10,-4.0167,1.522,Semiconductor,Cccm,66,60
Sn4Ge_id2736_E-4.01.cif,Sn4Ge,-4.0142,0.0,Metal,P-42_1c,114,10
ScSe4_id457_E-4.01.cif,ScSe4,-4.0135,0.0,Metal,I4/m,87,10
CaAs4_id2244_E-4.01.cif,CaAs4,-4.0133,0.423,Semiconductor,I4_1/a,88,20
KSn(SO2)4_id4134_E-4.01.cif,KSn(SO2)4,-4.0119,1.846,Semiconductor,P4/nbm,125,28
Mg4B4AsN4O11_id4030_E-4.01.cif,Mg4B4AsN4O11,-4.0119,3.645,Insulator,P2/c,13,48
TiZnTe3_id4000_E-4.01.cif,TiZnTe3,-4.0116,0.0,Metal,P3_221,154,15
SnTeAs_id3979_E-4.01.cif,SnTeAs,-4.0112,0.037,Metal,Pca2_1,29,12
S_id3084_E-4.01.cif,S,-4.0104,0.265,Semiconductor,Pbca,61,8
SrGe5_id951_E-4.01.cif,SrGe5,-4.0102,0.0,Metal,P-4n2,118,12
K2BaAlO36_id2536_E-4.01.cif,K2BaAlO36,-4.0096,0.0,Metal,P-3,147,40
KNaCdSbAs2PSNO_id3789_E-4.01.cif,KNaCdSbAs2PSNO,-4.009,1.221,Semiconductor,Cc,9,40
LiO28_id971_E-4.01.cif,LiO28,-4.0085,0.01,Metal,P2,3,29
Li3Ga3SbS4_id1920_E-4.01.cif,Li3Ga3SbS4,-4.0079,0.0,Metal,P-43m,215,11
CaZn3P4N3_id3284_E-4.01.cif,CaZn3P4N3,-4.0055,0.0,Metal,Pm-3n,223,22
S_id3501_E-4.00.cif,S,-4.0036,2.047,Semiconductor,Pbca,61,16
Mg2CdIn4GaO8_id2171_E-4.00.cif,Mg2CdIn4GaO8,-4.0035,1.237,Semiconductor,P-42c,112,32
Al(TeS3)2_id811_E-4.00.cif,Al(TeS3)2,-4.002,0.788,Semiconductor,P321,150,9
TeAs6Se_id2010_E-4.00.cif,TeAs6Se,-4.0019,1.21,Semiconductor,P2/c,13,16
SiSnGe(SbAs4)2_id320_E-4.00.cif,SiSnGe(SbAs4)2,-4.0005,0.0,Metal,Cmme,67,52
Sn7Sb3_id2900_E-4.00.cif,Sn7Sb3,-3.9998,0.0,Metal,I-43d,220,40
KLi2GaO4_id2245_E-4.00.cif,KLi2GaO4,-3.9991,2.334,Semiconductor,C222,21,32
KLi4Ga6AsPO8_id3658_E-4.00.cif,KLi4Ga6AsPO8,-3.999,0.636,Semiconductor,I222,23,42
GeAs3Se4_id2495_E-4.00.cif,GeAs3Se4,-3.999,0.95,Semiconductor,P2/m,10,8
O2_id3167_E-4.00.cif,O2,-3.9986,0.813,Semiconductor,Pnma,62,24
Cd(P2O)2_id2187_E-4.00.cif,Cd(P2O)2,-3.9973,2.509,Semiconductor,Amm2,38,14
S_id586_E-4.00.cif,S,-3.9972,0.27,Semiconductor,Pbca,61,16
Sc6Al12CdIn_id243_E-4.00.cif,Sc6Al12CdIn,-3.997,0.0,Metal,Pm-3,200,20
S_id2979_E-4.00.cif,S,-3.9964,2.423,Semiconductor,Pbca,61,16
AsSeS2_id1545_E-4.00.cif,AsSeS2,-3.9963,0.002,Metal,I-42d,122,16
Li4GeB7_id292_E-4.00.cif,Li4GeB7,-3.9956,2.234,Semiconductor,P42_12,90,24
SnGe6_id1595_E-3.99.cif,SnGe6,-3.9941,0.0,Metal,Pccm,49,14
S_id2913_E-3.99.cif,S,-3.9935,1.043,Semiconductor,Pbca,61,16
GeSeS2_id3373_E-3.99.cif,GeSeS2,-3.9934,1.256,Semiconductor,I-42d,122,16
GeAs7Se_id3689_E-3.99.cif,GeAs7Se,-3.9913,0.003,Metal,P2/c,13,18
Sb4TeAs2P_id4806_E-3.99.cif,Sb4TeAs2P,-3.9905,0.0,Metal,P-1,2,16
ZnGe17_id2470_E-3.99.cif,ZnGe17,-3.988,0.0,Metal,P4/mcc,124,36
K4Sn2GeO3_id1871_E-3.99.cif,K4Sn2GeO3,-3.9879,2.098,Semiconductor,P6mm,183,20
BaNaLi8Mg6Be6Zn6Si6(NO2)6_id853_E-3.99.cif,BaNaLi8Mg6Be6Zn6Si6(NO2)6,-3.9852,1.031,Semiconductor,P321,150,52
Zn2GaO2_id3831_E-3.98.cif,Zn2GaO2,-3.9846,0.0,Metal,C222,21,10
Sc3Zn6(SeO3)2_id3853_E-3.98.cif,Sc3Zn6(SeO3)2,-3.9845,0.0,Metal,P6,168,17
Ga3B3Sb_id1652_E-3.98.cif,Ga3B3Sb,-3.9831,0.003,Metal,R-3c,167,42
NaGe7_id931_E-3.98.cif,NaGe7,-3.9829,0.0,Metal,Pm-3,200,8
TiTe3_id628_E-3.98.cif,TiTe3,-3.9805,0.0,Metal,Aea2,41,32
CdO_id2494_E-3.98.cif,CdO,-3.9802,0.76,Semiconductor,P4_2/ncm,138,8
Ge_id1962_E-3.98.cif,Ge,-3.9797,0.0,Metal,P2_12_12_1,19,20
CaAs_id4685_E-3.98.cif,CaAs,-3.9796,0.015,Metal,Imma,74,8
BaGa2O_id684_E-3.98.cif,BaGa2O,-3.9795,0.0,Metal,I4/mmm,139,8
TiZnO13_id4700_E-3.98.cif,TiZnO13,-3.9792,1.083,Semiconductor,P4bm,100,30
K2InNO2_id4568_E-3.98.cif,K2InNO2,-3.979,0.917,Semiconductor,Pa-3,205,24
Ba3Na6(PO3)2_id2652_E-3.98.cif,Ba3Na6(PO3)2,-3.9779,0.01,Metal,P6cc,184,34
GeSb_id1562_E-3.98.cif,GeSb,-3.9779,0.0,Metal,P3_221,154,6
Li2AsP2_id3764_E-3.97.cif,Li2AsP2,-3.9735,1.203,Semiconductor,Cc,9,20
SnSe_id726_E-3.97.cif,SnSe,-3.9731,0.0,Metal,P4/m,83,8
Li3TiGa3SnSe4_id3422_E-3.97.cif,Li3TiGa3SnSe4,-3.9723,0.0,Metal,P-43m,215,12
CaSeS_id3465_E-3.97.cif,CaSeS,-3.9704,1.308,Semiconductor,Pbca,61,24
Ge4Sb4C_id709_E-3.97.cif,Ge4Sb4C,-3.9692,0.0,Metal,P4_2/nmc,137,18
K(GaSe2)2_id2588_E-3.97.cif,K(GaSe2)2,-3.969,0.632,Semiconductor,P-42m,111,7
Al(GaGe3)2_id3275_E-3.97.cif,Al(GaGe3)2,-3.9689,0.0,Metal,P-42m,111,9
KS7_id751_E-3.97.cif,KS7,-3.9682,1.326,Semiconductor,R32,155,24
Ge2Sb2Te4AsP(SeS)2_id564_E-3.97.cif,Ge2Sb2Te4AsP(SeS)2,-3.9672,1.538,Semiconductor,P6_4,172,42
ZnSN_id381_E-3.97.cif,ZnSN,-3.9672,0.003,Metal,P6_122,178,18
K6SrGa6AsO6_id438_E-3.96.cif,K6SrGa6AsO6,-3.9612,1.655,Semiconductor,R-3,148,60
Li(GeAs)2_id2829_E-3.96.cif,Li(GeAs)2,-3.9595,0.0,Metal,P4_2/mmc,131,20
As_id3968_E-3.96.cif,As,-3.9589,2.075,Semiconductor,Pnn2,34,10
LiSc2Al4Zn_id2634_E-3.96.cif,LiSc2Al4Zn,-3.9585,0.0,Metal,I4/mmm,139,16
Li11Zn3(PO5)2_id3403_E-3.96.cif,Li11Zn3(PO5)2,-3.9584,0.0,Metal,P-1,2,26
KSrCdO9_id242_E-3.96.cif,KSrCdO9,-3.9564,0.753,Semiconductor,P6_322,182,24
Sn(GeAs2)2_id2328_E-3.95.cif,Sn(GeAs2)2,-3.9539,0.0,Metal,Ima2,46,28
TeS5_id3231_E-3.95.cif,TeS5,-3.9536,1.086,Semiconductor,C2/m,12,12
ScZn_id4035_E-3.95.cif,ScZn,-3.9528,0.0,Metal,P6_3/mcm,193,12
GeSe3_id97_E-3.95.cif,GeSe3,-3.9498,1.314,Semiconductor,Pna2_1,33,16
ZnSi2Ge2As_id3717_E-3.95.cif,ZnSi2Ge2As,-3.9496,0.0,Metal,P-4n2,118,12
Sn2GeTe3_id3450_E-3.95.cif,Sn2GeTe3,-3.9485,0.0,Metal,C2/m,12,12
Sc3Cd3Sn4_id3744_E-3.94.cif,Sc3Cd3Sn4,-3.9447,0.0,Metal,I-43d,220,40
Sb_id2772_E-3.94.cif,Sb,-3.9439,0.0,Metal,Cmm2,35,8
BaAsS2NO_id3692_E-3.94.cif,BaAsS2NO,-3.9438,2.431,Semiconductor,C2,5,36
Sc2Ti2GeN2_id1563_E-3.94.cif,Sc2Ti2GeN2,-3.9431,1.558,Semiconductor,Pa-3,205,28
Na2CdSe3(S4O)3_id4385_E-3.94.cif,Na2CdSe3(S4O)3,-3.943,1.82,Semiconductor,P31m,157,21
CaTe_id3086_E-3.94.cif,CaTe,-3.9426,0.178,Semiconductor,P3_221,154,6
Ge_id86_E-3.94.cif,Ge,-3.9408,0.0,Metal,P6_522,179,18
ScBeGa_id918_E-3.94.cif,ScBeGa,-3.9396,0.0,Metal,Pcc2,27,12
Ca2Si2Ge2CN2_id4340_E-3.94.cif,Ca2Si2Ge2CN2,-3.9394,0.353,Semiconductor,Cm,8,18
MgSc_id3277_E-3.94.cif,MgSc,-3.936,0.0,Metal,Fd-3m,227,32
S_id1938_E-3.93.cif,S,-3.9344,0.006,Metal,Pbca,61,16
Li3InS4_id1270_E-3.93.cif,Li3InS4,-3.9336,2.228,Semiconductor,I-42d,122,32
LiGe3_id3460_E-3.93.cif,LiGe3,-3.9332,0.0,Metal,I4/mmm,139,8
S_id3646_E-3.93.cif,S,-3.9325,0.185,Semiconductor,P6_4,172,30
CdO2_id1914_E-3.93.cif,CdO2,-3.9298,0.0,Metal,P6/mmm,191,9
SnTe_id2898_E-3.93.cif,SnTe,-3.9293,0.0,Metal,F-43m,216,8
ZnSi2B_id3205_E-3.93.cif,ZnSi2B,-3.9273,0.008,Metal,P6_522,179,24
As_id4814_E-3.93.cif,As,-3.9252,0.409,Semiconductor,P4_2/mmc,131,6
Na4Li4GeO20_id3171_E-3.92.cif,Na4Li4GeO20,-3.9237,2.211,Semiconductor,P-4,81,29
InSiSe4_id2923_E-3.92.cif,InSiSe4,-3.9235,0.016,Metal,P4/nbm,125,12
Na(SeS)2_id2188_E-3.92.cif,Na(SeS)2,-3.9235,0.919,Semiconductor,Cccm,66,20
In2SiGe2SbAs2P2SeS10_id3816_E-3.92.cif,In2SiGe2SbAs2P2SeS10,-3.9235,0.891,Semiconductor,P1,1,21
Li6CdO9_id2660_E-3.92.cif,Li6CdO9,-3.9227,0.0,Metal,P6_3/m,176,32
ScAl2_id2327_E-3.92.cif,ScAl2,-3.9214,0.0,Metal,P6/mmm,191,24
TiAlO7_id710_E-3.92.cif,TiAlO7,-3.9212,0.175,Semiconductor,Ama2,40,36
SnAs2_id4499_E-3.92.cif,SnAs2,-3.9194,0.0,Metal,Pccm,49,6
InGe3_id2783_E-3.92.cif,InGe3,-3.9186,0.0,Metal,P-3m1,164,4
LiScAlIn_id2703_E-3.92.cif,LiScAlIn,-3.9165,0.0,Metal,F-43m,216,16
Ga3N_id394_E-3.92.cif,Ga3N,-3.9163,0.153,Semiconductor,Im-3m,229,8
KNaAlO4_id119_E-3.92.cif,KNaAlO4,-3.9157,4.818,Insulator,Pban,50,14
Sn_id2502_E-3.92.cif,Sn,-3.9153,0.0,Metal,Im-3m,229,16
KIn4O8_id2336_E-3.91.cif,KIn4O8,-3.9146,0.54,Semiconductor,P4_2/n,86,26
Mg8Sc15_id3650_E-3.91.cif,Mg8Sc15,-3.9135,0.0,Metal,Pm-3m,221,23
K2P3_id3529_E-3.91.cif,K2P3,-3.9124,1.481,Semiconductor,I4mm,107,20
Ba2Ca2AsSeO8_id2087_E-3.91.cif,Ba2Ca2AsSeO8,-3.912,1.602,Semiconductor,P3_221,154,42
LiO21_id581_E-3.91.cif,LiO21,-3.9119,0.016,Metal,Pba2,32,44
BaLiSe4(S4O)2_id2371_E-3.91.cif,BaLiSe4(S4O)2,-3.9119,0.648,Semiconductor,P-1,2,32
K(GaS2)2_id440_E-3.91.cif,K(GaS2)2,-3.9114,2.82,Semiconductor,P4/nbm,125,14
GaGe2_id719_E-3.91.cif,GaGe2,-3.9113,0.0,Metal,I4_1/amd,141,12
Sn_id1197_E-3.91.cif,Sn,-3.9111,0.0,Metal,P4/mmm,123,12
Ba2S_id3827_E-3.91.cif,Ba2S,-3.9106,0.0,Metal,Pn-3m,224,6
Ga2SiAs2_id774_E-3.91.cif,Ga2SiAs2,-3.9101,0.0,Metal,Pccm,49,10
NaLi2AlGeP2O_id4719_E-3.91.cif,NaLi2AlGeP2O,-3.9101,0.06,Semiconductor,P4_322,95,32
KAs3_id4141_E-3.91.cif,KAs3,-3.9088,0.971,Semiconductor,Immm,71,8
InS2_id2050_E-3.91.cif,InS2,-3.9077,1.953,Semiconductor,Aea2,41,24
BaO4_id4513_E-3.91.cif,BaO4,-3.907,0.0,Metal,P4_2/n,86,10
GaGeSe_id4383_E-3.90.cif,GaGeSe,-3.905,0.0,Metal,P-42_1m,113,12
MgSc2_id3980_E-3.90.cif,MgSc2,-3.9049,0.0,Metal,I4/mmm,139,6
Mg4Te4S5O4_id2563_E-3.90.cif,Mg4Te4S5O4,-3.9024,1.354,Semiconductor,P-42_1c,114,34
K(GeSe2)2_id3177_E-3.90.cif,K(GeSe2)2,-3.9015,0.874,Semiconductor,P4/mmm,123,7
K4Na(GeO)3_id1249_E-3.90.cif,K4Na(GeO)3,-3.9014,0.517,Semiconductor,P31c,159,22
Sn3(GeTe)4_id2253_E-3.90.cif,Sn3(GeTe)4,-3.9011,0.0,Metal,P6/mmm,191,11
LiSb4(PSe)2_id1827_E-3.90.cif,LiSb4(PSe)2,-3.9009,0.011,Metal,P4_2/mnm,136,18
Ti2Ga3Si2_id810_E-3.90.cif,Ti2Ga3Si2,-3.8993,0.004,Metal,P4_12_12,92,28
Ba2InSiAs2_id192_E-3.90.cif,Ba2InSiAs2,-3.8992,0.0,Metal,Pnnm,58,12
Sn_id1779_E-3.90.cif,Sn,-3.8987,0.0,Metal,P4/mmm,123,8
NaO5_id2435_E-3.90.cif,NaO5,-3.8982,2.167,Semiconductor,I4_1/a,88,24
CaIn4GaS8_id2340_E-3.90.cif,CaIn4GaS8,-3.8979,1.938,Semiconductor,I4/m,87,28
Li3CaSn3As4_id4299_E-3.90.cif,Li3CaSn3As4,-3.8978,0.0,Metal,Pm-3n,223,22
Sn_id250_E-3.90.cif,Sn,-3.8971,0.0,Metal,P6_3/mmc,194,6
Sn_id3247_E-3.89.cif,Sn,-3.8936,0.0,Metal,Pbcn,60,12
Sn4GeSb_id3143_E-3.89.cif,Sn4GeSb,-3.8935,0.0,Metal,P2/c,13,12
BeSi7_id325_E-3.89.cif,BeSi7,-3.8929,0.0,Metal,P2_1,4,16
LiSiSb2_id3683_E-3.89.cif,LiSiSb2,-3.8919,0.0,Metal,I4/mmm,139,8
BeAs_id1897_E-3.89.cif,BeAs,-3.8915,0.547,Semiconductor,C222_1,20,16
Li2In(AsSe2)2_id1720_E-3.89.cif,Li2In(AsSe2)2,-3.8914,0.0,Metal,P-42m,111,9
Sn_id1038_E-3.89.cif,Sn,-3.8914,0.0,Metal,Pm-3,200,8
S_id4313_E-3.89.cif,S,-3.8913,2.199,Semiconductor,Pba2,32,20
Li3ScGe3C_id4512_E-3.89.cif,Li3ScGe3C,-3.8888,0.0,Metal,Pm-3m,221,8
Li2Mg2AlO2_id2213_E-3.89.cif,Li2Mg2AlO2,-3.8884,0.0,Metal,C2/c,15,28
K2NaCdO9_id298_E-3.89.cif,K2NaCdO9,-3.8872,0.0,Metal,P4/n,85,26
Sn_id4852_E-3.88.cif,Sn,-3.8834,0.0,Metal,Fm-3m,225,28
CaZn4O6_id1355_E-3.88.cif,CaZn4O6,-3.8829,1.798,Semiconductor,I4/m,87,22
GeSb(AsP2)2_id2420_E-3.88.cif,GeSb(AsP2)2,-3.8828,0.954,Semiconductor,Pccm,49,16
Cd(AsSe2)2_id444_E-3.88.cif,Cd(AsSe2)2,-3.8809,0.005,Metal,P-42m,111,7
BaSi2_id3363_E-3.88.cif,BaSi2,-3.8809,0.155,Semiconductor,Ibam,72,24
SnTe4As2P2S_id4124_E-3.88.cif,SnTe4As2P2S,-3.8795,0.0,Metal,Pcca,54,40
Mg2Ti(Si2P)2_id1252_E-3.88.cif,Mg2Ti(Si2P)2,-3.8795,0.0,Metal,P4_2/mnm,136,18
CaSnSb2AsS16_id4971_E-3.88.cif,CaSnSb2AsS16,-3.8789,2.01,Semiconductor,P1,1,42
BaO4_id2806_E-3.88.cif,BaO4,-3.8776,0.0,Metal,P4_2/n,86,10
GeS4_id3257_E-3.88.cif,GeS4,-3.8775,1.211,Semiconductor,Pn-3,201,30
K2O2_id3908_E-3.88.cif,K2O2,-3.8768,1.803,Semiconductor,I-43d,220,24
Sn5Sb_id1824_E-3.88.cif,Sn5Sb,-3.8758,0.0,Metal,P-4m2,115,6
Sc4CdGa2_id2460_E-3.87.cif,Sc4CdGa2,-3.875,0.0,Metal,Fd-3m,227,56
O2_id3917_E-3.87.cif,O2,-3.8748,0.619,Semiconductor,Pc,7,42
BeSi_id3657_E-3.87.cif,BeSi,-3.8741,0.004,Metal,P4_2/mmc,131,32
Ga4GeO16_id4604_E-3.87.cif,Ga4GeO16,-3.8734,0.877,Semiconductor,P-43m,215,21
AlTe2_id2122_E-3.87.cif,AlTe2,-3.8731,0.0,Metal,Pcca,54,12
KAs3_id2567_E-3.87.cif,KAs3,-3.8728,1.083,Semiconductor,Immm,71,8
Sr2Ca3N4_id3097_E-3.87.cif,Sr2Ca3N4,-3.8726,0.0,Metal,P6/mmm,191,9
ZnCdSnO2_id4830_E-3.87.cif,ZnCdSnO2,-3.8713,0.035,Metal,Pccm,49,10
Sn2Te_id304_E-3.87.cif,Sn2Te,-3.8705,0.0,Metal,Pbcn,60,12
Ba(SbTe)4_id1967_E-3.87.cif,Ba(SbTe)4,-3.8685,0.219,Semiconductor,I4/m,87,18
Li3Ca2GaGePO13_id2928_E-3.87.cif,Li3Ca2GaGePO13,-3.8681,0.0,Metal,P1,1,42
SbPSeS6_id1630_E-3.87.cif,SbPSeS6,-3.867,1.34,Semiconductor,Pmmm,47,9
TiZnSn_id3280_E-3.86.cif,TiZnSn,-3.8623,0.013,Metal,P4/mmm,123,12
O2_id102_E-3.86.cif,O2,-3.862,2.156,Semiconductor,Pba2,32,22
Sn_id3244_E-3.86.cif,Sn,-3.8605,0.0,Metal,P6_3/mmc,194,4
Mg(GaP2)2_id2178_E-3.86.cif,Mg(GaP2)2,-3.8601,0.008,Metal,I4_1/a,88,28
Sb_id4389_E-3.86.cif,Sb,-3.8589,0.0,Metal,P4/nmm,129,8
LiP5_id3214_E-3.86.cif,LiP5,-3.8569,1.353,Semiconductor,I422,97,24
BaTiO4_id4077_E-3.86.cif,BaTiO4,-3.8566,2.723,Semiconductor,Ibam,72,48
CdO2_id870_E-3.86.cif,CdO2,-3.8564,1.28,Semiconductor,I4_122,98,12
CaGa(Sb2Se3)2_id4172_E-3.86.cif,CaGa(Sb2Se3)2,-3.8562,0.0,Metal,P-31c,163,24
LiSnSbAs2_id3412_E-3.86.cif,LiSnSbAs2,-3.856,0.0,Metal,Pccm,49,10
LiSnSbAs3_id3735_E-3.85.cif,LiSnSbAs3,-3.8545,0.051,Semiconductor,Pmmm,47,6
CaMgAl2ZnO2_id300_E-3.85.cif,CaMgAl2ZnO2,-3.8533,0.0,Metal,P3_121,152,21
TiCd(InAs)2_id2922_E-3.85.cif,TiCd(InAs)2,-3.8503,0.0,Metal,I4/mmm,139,12
Sn_id1933_E-3.85.cif,Sn,-3.8503,0.0,Metal,P-3m1,164,5
Al2S_id4711_E-3.85.cif,Al2S,-3.8494,0.0,Metal,Pba2,32,18
Sn_id3152_E-3.85.cif,Sn,-3.8493,0.0,Metal,Pm-3m,221,12
Sb_id2781_E-3.85.cif,Sb,-3.8483,0.0,Metal,I4_1/amd,141,24
Sr2Ga3Si2O_id2847_E-3.85.cif,Sr2Ga3Si2O,-3.8474,0.0,Metal,Pn-3m,224,16
GeAs5_id4751_E-3.85.cif,GeAs5,-3.8469,1.066,Semiconductor,Pmmm,47,6
In2PS_id4061_E-3.85.cif,In2PS,-3.8466,0.009,Metal,R-3m,166,12
Sn_id1364_E-3.85.cif,Sn,-3.8461,0.0,Metal,P4_132,213,32
Be2Ge2As_id1735_E-3.85.cif,Be2Ge2As,-3.8457,0.0,Metal,P4_32_12,96,20
S_id1215_E-3.84.cif,S,-3.8445,1.156,Semiconductor,P-1,2,24
CaP_id3101_E-3.84.cif,CaP,-3.844,0.321,Semiconductor,P4/nmm,129,16
SeS_id2998_E-3.84.cif,SeS,-3.8431,1.505,Semiconductor,P4/m,83,8
Ga3N4_id1109_E-3.84.cif,Ga3N4,-3.8425,1.354,Semiconductor,R-3c,167,42
Li4SnSb(AsSe2)2_id1219_E-3.84.cif,Li4SnSb(AsSe2)2,-3.8425,0.022,Metal,I222,23,24
KLiCaGeO4_id3364_E-3.84.cif,KLiCaGeO4,-3.8424,0.0,Metal,P4bm,100,16
KLi2Zn2Ga2SnGe2O11_id4607_E-3.84.cif,KLi2Zn2Ga2SnGe2O11,-3.8423,0.0,Metal,P2_1,4,42
MgGe6_id4067_E-3.84.cif,MgGe6,-3.8423,0.0,Metal,I-42m,121,14
K4BeAl(AsO)4_id2763_E-3.84.cif,K4BeAl(AsO)4,-3.8404,1.676,Semiconductor,P4/mcc,124,28
LiAlAsP4_id1343_E-3.84.cif,LiAlAsP4,-3.8391,0.015,Metal,Pccm,49,14
Sc3In2O2_id695_E-3.84.cif,Sc3In2O2,-3.8385,0.0,Metal,P4_2/mmc,131,28
GeAs6Se_id1064_E-3.84.cif,GeAs6Se,-3.8372,0.974,Semiconductor,I-42d,122,32
TeAsSe_id4497_E-3.84.cif,TeAsSe,-3.8363,0.533,Semiconductor,Pca2_1,29,12
SeS_id4927_E-3.84.cif,SeS,-3.836,1.357,Semiconductor,P4/m,83,8
GeSb2Se7_id2205_E-3.84.cif,GeSb2Se7,-3.8356,0.604,Semiconductor,C2/m,12,20
KSb(SO13)2_id2874_E-3.83.cif,KSb(SO13)2,-3.8345,1.421,Semiconductor,P-3,147,30
InS5_id875_E-3.83.cif,InS5,-3.8344,0.444,Semiconductor,Aea2,41,24
ScSb4_id3900_E-3.83.cif,ScSb4,-3.8342,0.0,Metal,Amm2,38,10
InS3O_id3415_E-3.83.cif,InS3O,-3.8342,1.835,Semiconductor,P4/nmm,129,10
Ca4GeP2_id874_E-3.83.cif,Ca4GeP2,-3.8338,0.0,Metal,I4/m,87,14
NaSnS_id1225_E-3.83.cif,NaSnS,-3.8336,2.019,Semiconductor,P4_32_12,96,12
BS12_id2011_E-3.83.cif,BS12,-3.8333,1.39,Semiconductor,I432,211,26
P(Se2S)2_id1481_E-3.83.cif,P(Se2S)2,-3.8318,0.0,Metal,I-42d,122,28
Li2GeSe4_id970_E-3.83.cif,Li2GeSe4,-3.8312,0.0,Metal,I-42d,122,28
KSnO14_id1007_E-3.83.cif,KSnO14,-3.8287,0.808,Semiconductor,P321,150,16
Sn4Sb4As_id3102_E-3.83.cif,Sn4Sb4As,-3.8281,0.0,Metal,I4_1/a,88,36
MgGeAs2_id2916_E-3.82.cif,MgGeAs2,-3.8244,0.0,Metal,I-4m2,119,8
CaGe4_id2808_E-3.82.cif,CaGe4,-3.8236,0.0,Metal,I4/mcm,140,20
Al2TeO2_id479_E-3.82.cif,Al2TeO2,-3.8228,0.0,Metal,P4_12_12,92,20
TiZn4SnS8_id1908_E-3.82.cif,TiZn4SnS8,-3.8228,1.316,Semiconductor,P4/mmm,123,28
Sb12Te_id2067_E-3.82.cif,Sb12Te,-3.822,0.0,Metal,P2/c,13,26
In4S7_id3982_E-3.82.cif,In4S7,-3.8214,0.233,Semiconductor,Im-3m,229,22
NaZn(PSe2)2_id3417_E-3.82.cif,NaZn(PSe2)2,-3.8211,0.0,Metal,I-42m,121,16
Sn6Ge_id3554_E-3.82.cif,Sn6Ge,-3.8211,0.0,Metal,I-42d,122,28
MgSc4Al2ZnGa2_id1368_E-3.82.cif,MgSc4Al2ZnGa2,-3.8209,0.0,Metal,I4/mcm,140,40
Ge(Te3S4)2_id1330_E-3.82.cif,Ge(Te3S4)2,-3.8202,0.064,Semiconductor,P6_3/mcm,193,30
CdS4_id2123_E-3.82.cif,CdS4,-3.8177,1.483,Semiconductor,I4_1/a,88,20
LiAlSiGe_id1697_E-3.82.cif,LiAlSiGe,-3.8169,0.0,Metal,P4_2/mmc,131,8
Sn3Te2_id2094_E-3.82.cif,Sn3Te2,-3.8165,0.0,Metal,C2/c,15,20
BaAl2SiB2_id4586_E-3.82.cif,BaAl2SiB2,-3.8165,0.0,Metal,P4/mmm,123,12
BaSnTe5S4N4O_id747_E-3.81.cif,BaSnTe5S4N4O,-3.8146,0.941,Semiconductor,P2_1/m,11,32
KTe(PO)2_id3370_E-3.81.cif,KTe(PO)2,-3.8142,2.021,Semiconductor,P3_221,154,18
SiS_id1321_E-3.81.cif,SiS,-3.8136,0.137,Semiconductor,P6_522,179,12
AlSn2_id200_E-3.81.cif,AlSn2,-3.8135,0.0,Metal,Pa-3,205,12
TeP2(Se2S)4_id2674_E-3.81.cif,TeP2(Se2S)4,-3.8129,0.141,Semiconductor,I-42d,122,60
Li3Mg3Al3Ge3B2(As2P)3_id351_E-3.81.cif,Li3Mg3Al3Ge3B2(As2P)3,-3.8128,0.0,Metal,P31m,157,23
SrO20_id677_E-3.81.cif,SrO20,-3.8107,1.222,Semiconductor,P4/n,85,42
In2O_id2762_E-3.81.cif,In2O,-3.8092,0.701,Semiconductor,Cmmm,65,12
ZnSiGe(SeS2)2_id392_E-3.81.cif,ZnSiGe(SeS2)2,-3.8091,1.535,Semiconductor,P-42_1m,113,18
Ca7ZnC6_id2794_E-3.81.cif,Ca7ZnC6,-3.8083,0.028,Metal,R-3,148,42
LiSb5As3P_id4506_E-3.81.cif,LiSb5As3P,-3.8077,0.138,Semiconductor,P2_1,4,20
SrLiSb4As_id1030_E-3.81.cif,SrLiSb4As,-3.8059,0.024,Metal,P-42m,111,7
SbAs_id1296_E-3.80.cif,SbAs,-3.7987,0.0,Metal,P4_32_12,96,8
SbAs_id2300_E-3.80.cif,SbAs,-3.7968,0.0,Metal,Iba2,45,32
GeTe2_id2887_E-3.80.cif,GeTe2,-3.7955,0.0,Metal,Pbca,61,24
KSc3TeSe6_id1813_E-3.80.cif,KSc3TeSe6,-3.795,0.0,Metal,P-31c,163,22
Be7Ge2P_id712_E-3.80.cif,Be7Ge2P,-3.795,0.0,Metal,P2_1/m,11,20
Ba(PO5)4_id1224_E-3.79.cif,Ba(PO5)4,-3.7947,0.19,Semiconductor,P6/mmm,191,25
Ga4Si3_id294_E-3.79.cif,Ga4Si3,-3.7928,0.1,Semiconductor,I-43d,220,28
Sn_id3631_E-3.79.cif,Sn,-3.7923,0.0,Metal,I4_1cd,110,16
S_id3579_E-3.79.cif,S,-3.7922,2.555,Semiconductor,Cmmm,65,16
LiS6_id1689_E-3.79.cif,LiS6,-3.7912,1.036,Semiconductor,P6/mmm,191,14
Li2MgB4Te_id1014_E-3.79.cif,Li2MgB4Te,-3.7901,0.023,Metal,P4_2/mcm,132,16
Ga4Si3_id2905_E-3.79.cif,Ga4Si3,-3.7876,0.0,Metal,I-43d,220,28
LiCaZnO12_id878_E-3.79.cif,LiCaZnO12,-3.7864,0.392,Semiconductor,Cm,8,30
BeGaAs3_id655_E-3.78.cif,BeGaAs3,-3.7848,0.0,Metal,P4/nmm,129,10
NaLiTiZnO4_id3783_E-3.78.cif,NaLiTiZnO4,-3.7839,2.021,Semiconductor,P4_322,95,32
BeZnSn2As2(SeO)2_id681_E-3.78.cif,BeZnSn2As2(SeO)2,-3.7834,1.413,Semiconductor,P-42_1m,113,20
Na5O4_id4716_E-3.78.cif,Na5O4,-3.7814,1.559,Semiconductor,Cmce,64,36
BO12_id3854_E-3.78.cif,BO12,-3.7805,1.321,Semiconductor,I432,211,26
BaGa2Sn8Ge5_id4026_E-3.78.cif,BaGa2Sn8Ge5,-3.7802,0.0,Metal,I422,97,32
BaTiAs_id2119_E-3.78.cif,BaTiAs,-3.7787,1.124,Semiconductor,I-43d,220,48
Zn(SiGe)2_id718_E-3.78.cif,Zn(SiGe)2,-3.7776,0.0,Metal,P-4n2,118,10
BaNa2Cd2SiTeO3_id1781_E-3.78.cif,BaNa2Cd2SiTeO3,-3.7768,1.33,Semiconductor,P-6m2,187,10
Zn2Si3O2_id4737_E-3.78.cif,Zn2Si3O2,-3.7751,1.277,Semiconductor,I-43d,220,56
Ga2Ge3_id2917_E-3.77.cif,Ga2Ge3,-3.7747,0.0,Metal,P-42_1m,113,10
Li2Al2GeTe4_id132_E-3.77.cif,Li2Al2GeTe4,-3.7733,0.0,Metal,P-42m,111,9
ScAl5_id3610_E-3.77.cif,ScAl5,-3.7732,0.0,Metal,P-4n2,118,12
Sn4Ge4Sb11_id3555_E-3.77.cif,Sn4Ge4Sb11,-3.7724,0.0,Metal,Pmna,53,38
Sc_id1142_E-3.77.cif,Sc,-3.7708,0.0,Metal,P4mm,99,9
Na(GeTe2)2_id2790_E-3.77.cif,Na(GeTe2)2,-3.7701,0.698,Semiconductor,P-42m,111,7
Ba2Si3_id1476_E-3.77.cif,Ba2Si3,-3.7699,0.0,Metal,P622,177,30
Ba4CaTeO4_id2066_E-3.77.cif,Ba4CaTeO4,-3.769,0.089,Semiconductor,P42_12,90,20
Cd4Sn3S8_id78_E-3.77.cif,Cd4Sn3S8,-3.768,0.0,Metal,P-43m,215,15
Mg3ScSi3(TeAs)3_id3100_E-3.77.cif,Mg3ScSi3(TeAs)3,-3.7673,0.0,Metal,P6_3,173,26
Li2Sn5(GeSe2)2_id1867_E-3.77.cif,Li2Sn5(GeSe2)2,-3.7671,0.932,Semiconductor,P-42m,111,13
Ga3Se2S5_id1031_E-3.77.cif,Ga3Se2S5,-3.7669,1.891,Semiconductor,P2_1,4,20
ZnSiAs6_id1231_E-3.77.cif,ZnSiAs6,-3.7667,0.702,Semiconductor,I-42d,122,32
K2NaSbS6_id4081_E-3.77.cif,K2NaSbS6,-3.7659,0.877,Semiconductor,R-3,148,30
Se2S3_id2768_E-3.77.cif,Se2S3,-3.765,1.592,Semiconductor,P2_12_12_1,19,20
AlTe2_id1203_E-3.76.cif,AlTe2,-3.7625,0.0,Metal,Pn-3m,224,6
Ba2As2PSe5_id1854_E-3.76.cif,Ba2As2PSe5,-3.7625,1.409,Semiconductor,P4_2/m,84,20
Li3(TeS2)2_id2497_E-3.76.cif,Li3(TeS2)2,-3.762,1.466,Semiconductor,Pnn2,34,18
Sn4Sb10As_id446_E-3.76.cif,Sn4Sb10As,-3.7614,0.0,Metal,P2_12_12,18,60
Na2CaMg2(GaP7)2_id4164_E-3.76.cif,Na2CaMg2(GaP7)2,-3.7611,0.0,Metal,P2_1/c,14,42
Sn5Ge2_id263_E-3.76.cif,Sn5Ge2,-3.7598,0.0,Metal,Aea2,41,28
Te3S4_id4609_E-3.76.cif,Te3S4,-3.7579,0.805,Semiconductor,P6_3/m,176,14
BaO16_id2140_E-3.76.cif,BaO16,-3.7555,1.494,Semiconductor,P6/mmm,191,17
ZnP2_id4545_E-3.76.cif,ZnP2,-3.7554,0.0,Metal,Pca2_1,29,12
Sn2Sb3_id4681_E-3.75.cif,Sn2Sb3,-3.7547,0.0,Metal,P4_2mc,105,10
BeAl4B_id2532_E-3.75.cif,BeAl4B,-3.7532,0.0,Metal,I422,97,24
BaLi2CaMg2Cd6(PN2)6_id619_E-3.75.cif,BaLi2CaMg2Cd6(PN2)6,-3.7471,0.598,Semiconductor,P321,150,30
In2SnTe2Se5_id3870_E-3.74.cif,In2SnTe2Se5,-3.7446,0.953,Semiconductor,Pbam,55,20
Sn9Se2_id1817_E-3.74.cif,Sn9Se2,-3.7426,0.0,Metal,I-42d,122,44
SeS_id1874_E-3.74.cif,SeS,-3.7412,1.801,Semiconductor,Pbca,61,16
SiAs2PSeS16_id786_E-3.74.cif,SiAs2PSeS16,-3.7408,1.775,Semiconductor,P2_1,4,42
Sc2Zn3O_id2141_E-3.74.cif,Sc2Zn3O,-3.739,0.0,Metal,Pn-3m,224,12
Na(SnAs)2_id4943_E-3.74.cif,Na(SnAs)2,-3.7387,0.0,Metal,P4/nmm,129,20
Li(AlTe)4_id1681_E-3.74.cif,Li(AlTe)4,-3.7385,0.927,Semiconductor,P-42m,111,9
SeS_id221_E-3.74.cif,SeS,-3.7379,1.509,Semiconductor,Pbca,61,16
Ga2Ge(TeAs)2_id2858_E-3.74.cif,Ga2Ge(TeAs)2,-3.7359,0.0,Metal,P4_32_12,96,28
SrAl3O16_id2569_E-3.74.cif,SrAl3O16,-3.7353,0.16,Semiconductor,Im-3,204,40
BaCaAs2O11_id270_E-3.73.cif,BaCaAs2O11,-3.735,3.159,Semiconductor,P-3m1,164,15
Al2GaSiGeP_id2796_E-3.73.cif,Al2GaSiGeP,-3.7345,0.0,Metal,Pca2_1,29,24
TeAs3SO_id2987_E-3.73.cif,TeAs3SO,-3.7336,0.094,Semiconductor,Cmc2_1,36,24
Na(SnSe2)2_id2889_E-3.73.cif,Na(SnSe2)2,-3.7316,0.006,Metal,I-42d,122,28
Sr(BeB)2_id4582_E-3.73.cif,Sr(BeB)2,-3.73,0.0,Metal,I4/mcm,140,20
ZnN_id1045_E-3.73.cif,ZnN,-3.729,0.513,Semiconductor,Pbca,61,16
BaCaCdGeN_id2867_E-3.73.cif,BaCaCdGeN,-3.7289,0.0,Metal,P4/nmm,129,10
Si2Ge2As5P2_id235_E-3.73.cif,Si2Ge2As5P2,-3.7288,0.873,Semiconductor,P4_2mc,105,22
K2Te4SeS4_id4748_E-3.73.cif,K2Te4SeS4,-3.7277,0.818,Semiconductor,Cccm,66,44
MgSeS_id3249_E-3.73.cif,MgSeS,-3.7276,0.725,Semiconductor,Pca2_1,29,12
PSe6_id2404_E-3.73.cif,PSe6,-3.7264,0.003,Metal,I-42d,122,28
Al3ZnGa2O7_id509_E-3.73.cif,Al3ZnGa2O7,-3.7263,2.986,Semiconductor,Ima2,46,52
MgS8_id932_E-3.72.cif,MgS8,-3.7243,0.084,Semiconductor,P-42_1m,113,18
K2NaS10_id4043_E-3.72.cif,K2NaS10,-3.7225,1.264,Semiconductor,P-1,2,26
LiSe_id1243_E-3.72.cif,LiSe,-3.722,0.694,Semiconductor,I-42d,122,16
Li(TeAs)2_id1435_E-3.72.cif,Li(TeAs)2,-3.7216,0.746,Semiconductor,C2/c,15,20
K2Na3O6_id3943_E-3.72.cif,K2Na3O6,-3.7208,1.944,Semiconductor,Cmce,64,44
KO4_id172_E-3.72.cif,KO4,-3.7202,0.68,Semiconductor,P4nc,104,40
Al2GaGeTe6_id647_E-3.72.cif,Al2GaGeTe6,-3.719,1.198,Semiconductor,P2_12_12,18,20
Li2Si3_id867_E-3.72.cif,Li2Si3,-3.7166,0.0,Metal,P6_3/m,176,20
CdSbSeS_id391_E-3.72.cif,CdSbSeS,-3.7159,1.11,Semiconductor,P4/nmm,129,8
CaSi_id3851_E-3.72.cif,CaSi,-3.7154,0.491,Semiconductor,P6_3/mmc,194,8
CdGe5_id383_E-3.71.cif,CdGe5,-3.7149,0.0,Metal,P-4n2,118,12
SbTe_id2293_E-3.71.cif,SbTe,-3.7141,0.0,Metal,I4_1/amd,141,8
SbTe_id4053_E-3.71.cif,SbTe,-3.7134,0.005,Metal,F-43m,216,8
SO13_id4934_E-3.71.cif,SO13,-3.7133,0.93,Semiconductor,Pba2,32,28
Na2Li10In(SnO6)2_id4435_E-3.71.cif,Na2Li10In(SnO6)2,-3.7121,0.001,Metal,P-4,81,27
SbAsS13_id3628_E-3.71.cif,SbAsS13,-3.7121,1.662,Semiconductor,P2/m,10,15
ScGa5_id567_E-3.71.cif,ScGa5,-3.7113,0.0,Metal,P-6m2,187,12
Cd(GeSe4)2_id2270_E-3.71.cif,Cd(GeSe4)2,-3.7108,0.646,Semiconductor,P-42m,111,11
K2InSnSe4_id4438_E-3.71.cif,K2InSnSe4,-3.7105,0.709,Semiconductor,I-42d,122,32
NaLiGa2Ge(BO)2_id4377_E-3.71.cif,NaLiGa2Ge(BO)2,-3.7104,0.007,Metal,C222,21,18
CdGe5_id4266_E-3.71.cif,CdGe5,-3.7103,0.0,Metal,P-4n2,118,12
SbTe3S2_id4460_E-3.71.cif,SbTe3S2,-3.7101,0.0,Metal,C2/m,12,12
K4Li3O4_id2903_E-3.71.cif,K4Li3O4,-3.7083,1.807,Semiconductor,Pm-3n,223,22
LiTeAsS_id246_E-3.71.cif,LiTeAsS,-3.7066,0.731,Semiconductor,Cmc2_1,36,16
K7CaGaO6_id2045_E-3.71.cif,K7CaGaO6,-3.7065,0.001,Metal,P-31c,163,30
SbTe_id2702_E-3.71.cif,SbTe,-3.7062,0.0,Metal,Pbca,61,16
Al2Cd2In(SeO)4_id3145_E-3.70.cif,Al2Cd2In(SeO)4,-3.7046,0.0,Metal,P-42m,111,13
TeS_id1432_E-3.70.cif,TeS,-3.7031,0.0,Metal,Pban,50,16
Se2S19_id1246_E-3.70.cif,Se2S19,-3.6983,1.56,Semiconductor,Pc,7,42
CaMg(Ga3O)2_id1116_E-3.70.cif,CaMg(Ga3O)2,-3.6981,0.0,Metal,P321,150,10
Al4InTe4_id4628_E-3.70.cif,Al4InTe4,-3.6979,0.369,Semiconductor,P-42m,111,9
Sb2TeSeS3_id631_E-3.70.cif,Sb2TeSeS3,-3.6977,0.123,Semiconductor,P2_1/c,14,28
GeSbTe_id1959_E-3.70.cif,GeSbTe,-3.6974,0.0,Metal,P2/c,13,12
Ba2AsS_id3376_E-3.70.cif,Ba2AsS,-3.6967,0.0,Metal,Cmmm,65,8
Li3Ca2Sn2(GeO)2_id3186_E-3.70.cif,Li3Ca2Sn2(GeO)2,-3.6965,0.307,Semiconductor,P4/mnc,128,44
Sc3TiAl5_id1883_E-3.70.cif,Sc3TiAl5,-3.696,0.0,Metal,P-62m,189,9
ZnO3_id4725_E-3.70.cif,ZnO3,-3.6953,3.388,Semiconductor,P-42_1m,113,16
Sc_id1239_E-3.70.cif,Sc,-3.695,0.0,Metal,Pm-3n,223,32
CdSe2O7_id920_E-3.69.cif,CdSe2O7,-3.6943,0.0,Metal,Cmmm,65,20
Li2CdGeSe4_id389_E-3.69.cif,Li2CdGeSe4,-3.6913,1.297,Semiconductor,I-42d,122,32
GaC_id2364_E-3.69.cif,GaC,-3.6911,0.0,Metal,I4_132,214,16
Li2ZnSiP2_id1853_E-3.69.cif,Li2ZnSiP2,-3.6907,0.0,Metal,I4/mmm,139,12
K2Te2N3O_id4380_E-3.69.cif,K2Te2N3O,-3.69,0.0,Metal,Pn-3m,224,16
TiZn2_id2765_E-3.69.cif,TiZn2,-3.6898,0.0,Metal,Fd-3m,227,24
LiSn2BSb4Te4As5SeS_id642_E-3.69.cif,LiSn2BSb4Te4As5SeS,-3.6889,0.088,Semiconductor,P2_1,4,38
BaGaSn7_id2282_E-3.69.cif,BaGaSn7,-3.6883,0.0,Metal,P312,149,9
S_id3059_E-3.69.cif,S,-3.6877,2.29,Semiconductor,Pc,7,42
Li(SiGe)2_id3857_E-3.69.cif,Li(SiGe)2,-3.6873,0.0,Metal,P6_222,180,15
AlZn5Ga2(S3O7)2_id2265_E-3.69.cif,AlZn5Ga2(S3O7)2,-3.6854,0.284,Semiconductor,Pnn2,34,56
BeZn(SeO)2_id251_E-3.68.cif,BeZn(SeO)2,-3.6848,0.58,Semiconductor,P3_221,154,18
SeO_id2792_E-3.68.cif,SeO,-3.6842,2.098,Semiconductor,P4_12_12,92,16
InSnSe_id1425_E-3.68.cif,InSnSe,-3.6815,0.0,Metal,P-6m2,187,3
Li4TiZn2(GaN)2_id3159_E-3.68.cif,Li4TiZn2(GaN)2,-3.6809,0.0,Metal,Pmmn,59,22
CaZnCd2O2_id4378_E-3.68.cif,CaZnCd2O2,-3.6805,0.842,Semiconductor,P4_2/mmc,131,12
KGaGe3_id3656_E-3.68.cif,KGaGe3,-3.6802,0.018,Metal,I-4m2,119,10
Sn5Sb12Te6(As2Se3)3_id1011_E-3.68.cif,Sn5Sb12Te6(As2Se3)3,-3.6802,0.0,Metal,P6,168,38
AlS_id2943_E-3.68.cif,AlS,-3.6799,0.0,Metal,P4_2/mcm,132,16
AsSe2_id418_E-3.68.cif,AsSe2,-3.6798,1.883,Semiconductor,P4_2mc,105,6
NaIn2GaSnSeO4_id321_E-3.68.cif,NaIn2GaSnSeO4,-3.6774,1.227,Semiconductor,Pm,6,20
Sn_id828_E-3.68.cif,Sn,-3.6772,0.0,Metal,P4/mmm,123,5
Na4Li2Zn(SbO6)2_id2993_E-3.68.cif,Na4Li2Zn(SbO6)2,-3.6761,0.212,Semiconductor,I222,23,42
CaGaTeP_id739_E-3.67.cif,CaGaTeP,-3.6731,0.0,Metal,P4_3,78,16
SrLiSb4_id1691_E-3.67.cif,SrLiSb4,-3.673,0.286,Semiconductor,I4_1/a,88,24
Cd(AsSe2)2_id2350_E-3.67.cif,Cd(AsSe2)2,-3.6729,0.159,Semiconductor,P-42m,111,7
NaMgSc3InSn2Te_id4015_E-3.67.cif,NaMgSc3InSn2Te,-3.6727,0.24,Semiconductor,P2_1/m,11,18
Ga2Te2As_id2641_E-3.67.cif,Ga2Te2As,-3.6725,1.035,Semiconductor,P3_221,154,15
InS_id3916_E-3.67.cif,InS,-3.6723,0.0,Metal,I4/mmm,139,4
LiAl2Si_id976_E-3.67.cif,LiAl2Si,-3.6723,0.02,Metal,Fm-3m,225,16
GeSe3_id2202_E-3.67.cif,GeSe3,-3.6712,0.0,Metal,P3m1,156,4
SnSb4As5_id4214_E-3.67.cif,SnSb4As5,-3.669,0.0,Metal,I4_1/a,88,40
ScCdSb_id3507_E-3.67.cif,ScCdSb,-3.6683,0.0,Metal,P4_32_12,96,12
S(NO2)2_id4335_E-3.67.cif,S(NO2)2,-3.6678,1.276,Semiconductor,Fd-3m,227,56
Sc(ZnB)2_id2220_E-3.67.cif,Sc(ZnB)2,-3.6674,0.0,Metal,P6_222,180,15
ScZn2Te2S4(NO2)2_id1337_E-3.67.cif,ScZn2Te2S4(NO2)2,-3.6655,1.961,Semiconductor,Pccn,56,60
AlCd2Ge(AsS)4_id4909_E-3.66.cif,AlCd2Ge(AsS)4,-3.6645,1.694,Semiconductor,I-42m,121,24
Na5LiIn(Te2O)4_id1575_E-3.66.cif,Na5LiIn(Te2O)4,-3.6644,0.206,Semiconductor,I222,23,38
CaAlGe_id4677_E-3.66.cif,CaAlGe,-3.6632,0.0,Metal,Ibam,72,24
Li2MgBe(GaO)2_id2638_E-3.66.cif,Li2MgBe(GaO)2,-3.6621,0.0,Metal,P6_422,181,24
AlGa3Te4(Se5S2)2_id4211_E-3.66.cif,AlGa3Te4(Se5S2)2,-3.662,0.903,Semiconductor,C2,5,44
MgGeTeS2_id3129_E-3.66.cif,MgGeTeS2,-3.661,1.446,Semiconductor,Aea2,41,40
TeS_id1869_E-3.66.cif,TeS,-3.6609,0.926,Semiconductor,Pbca,61,16
NaS2_id3998_E-3.66.cif,NaS2,-3.6594,2.393,Semiconductor,P6/mcc,192,36
NaMgS8_id4371_E-3.66.cif,NaMgS8,-3.6577,0.0,Metal,C222_1,20,40
Mg3Zn2Si2(PN)2_id897_E-3.66.cif,Mg3Zn2Si2(PN)2,-3.6576,0.0,Metal,P3_121,152,33
KNa3O10_id3265_E-3.66.cif,KNa3O10,-3.6572,0.0,Metal,Pnn2,34,28
Li2Zn3O8_id1738_E-3.66.cif,Li2Zn3O8,-3.6569,2.223,Semiconductor,Cccm,66,52
SrLiCaSn2Te4As_id703_E-3.66.cif,SrLiCaSn2Te4As,-3.6564,0.828,Semiconductor,I222,23,20
LiGaTe4PS2_id4542_E-3.66.cif,LiGaTe4PS2,-3.6562,0.446,Semiconductor,Pcca,54,36
AlCdGe6_id4279_E-3.66.cif,AlCdGe6,-3.6559,0.0,Metal,I-42d,122,32
LiSc4AlGa2_id4707_E-3.66.cif,LiSc4AlGa2,-3.6554,0.0,Metal,P-42m,111,8
TeS_id3762_E-3.65.cif,TeS,-3.6546,0.628,Semiconductor,Pbca,61,16
Mg2SeS2_id4108_E-3.65.cif,Mg2SeS2,-3.654,2.051,Semiconductor,Pn-3m,224,10
Li10Ga(PO2)2_id3508_E-3.65.cif,Li10Ga(PO2)2,-3.6536,2.245,Semiconductor,P2/c,13,34
KInSe6_id518_E-3.65.cif,KInSe6,-3.6531,0.02,Metal,P6_322,182,16
K2Ge(Se3S)4_id223_E-3.65.cif,K2Ge(Se3S)4,-3.6527,0.526,Semiconductor,P-42m,111,19
KGaS4_id2407_E-3.65.cif,KGaS4,-3.6524,0.0,Metal,P4/nbm,125,12
MgAl3(SeS2)2_id2159_E-3.65.cif,MgAl3(SeS2)2,-3.6515,0.091,Semiconductor,P-42_1m,113,20
ZnSbSeO12_id4447_E-3.65.cif,ZnSbSeO12,-3.651,0.0,Metal,P6_322,182,30
Mg2Sc4Ti_id1271_E-3.65.cif,Mg2Sc4Ti,-3.6507,0.0,Metal,Pn-3m,224,14
In6Sn7O12_id1601_E-3.65.cif,In6Sn7O12,-3.6505,1.338,Semiconductor,I23,197,50
Li2GaS4_id700_E-3.65.cif,Li2GaS4,-3.6502,3.187,Semiconductor,P1,1,28
Li2S5_id2345_E-3.65.cif,Li2S5,-3.6495,0.009,Metal,Pc,7,28
Sn_id2406_E-3.65.cif,Sn,-3.6487,0.0,Metal,P4/mmm,123,4
ZnSi4Sn2Te4As_id2319_E-3.65.cif,ZnSi4Sn2Te4As,-3.6475,0.0,Metal,I-42m,121,24
SrLi2PO_id1483_E-3.64.cif,SrLi2PO,-3.6442,1.266,Semiconductor,P4_2/mmc,131,10
KLi4SbAsS4_id1496_E-3.64.cif,KLi4SbAsS4,-3.644,1.53,Semiconductor,I222,23,22
Sb2As3_id4491_E-3.64.cif,Sb2As3,-3.6435,0.0,Metal,Pm-3m,221,10
LiSiSnGeAsP2(Se3S4)2_id4717_E-3.64.cif,LiSiSnGeAsP2(Se3S4)2,-3.6434,0.59,Semiconductor,P2_1,4,42
GaGe_id1743_E-3.64.cif,GaGe,-3.6422,0.0,Metal,Pca2_1,29,8
K2Ba2InSb2(AsO)2_id2283_E-3.64.cif,K2Ba2InSb2(AsO)2,-3.6422,0.0,Metal,P4/mnc,128,44
TiZn4GaO4_id4544_E-3.64.cif,TiZn4GaO4,-3.6405,0.966,Semiconductor,Cmmm,65,20
InGa2O_id734_E-3.64.cif,InGa2O,-3.6376,0.0,Metal,P3m1,156,8
GaO6_id2804_E-3.64.cif,GaO6,-3.6369,0.137,Semiconductor,P6_3/m,176,14
ZnTePS_id785_E-3.64.cif,ZnTePS,-3.6358,0.92,Semiconductor,P6_4,172,24
Mg2ScTe6O_id3310_E-3.64.cif,Mg2ScTe6O,-3.6354,0.682,Semiconductor,P1,1,40
In2Ga2Ge4As_id3514_E-3.63.cif,In2Ga2Ge4As,-3.6344,0.0,Metal,P-42m,111,9
MgScIn(SiS2)3_id1955_E-3.63.cif,MgScIn(SiS2)3,-3.6335,0.535,Semiconductor,P-31c,163,24
LiScTe_id2212_E-3.63.cif,LiScTe,-3.6332,0.004,Metal,P4_122,91,12
KNa2Sr2Ca2B2SbO30_id4282_E-3.63.cif,KNa2Sr2Ca2B2SbO30,-3.6322,2.11,Semiconductor,P-1,2,40
AlTe3_id916_E-3.63.cif,AlTe3,-3.6318,0.0,Metal,Im-3m,229,8
NaZn(AsS)2_id659_E-3.63.cif,NaZn(AsS)2,-3.6308,1.389,Semiconductor,I4_122,98,24
Sn(Te2Se)2_id3160_E-3.63.cif,Sn(Te2Se)2,-3.6294,0.307,Semiconductor,I-42d,122,28
InSn3_id3622_E-3.62.cif,InSn3,-3.6218,0.0,Metal,Fm-3m,225,16
K2ZnSi2TeAs4_id1839_E-3.62.cif,K2ZnSi2TeAs4,-3.6181,0.531,Semiconductor,I4_1/a,88,40
Sn8Ge_id1037_E-3.62.cif,Sn8Ge,-3.6171,0.0,Metal,Pnnn,48,18
BaGaSn2_id68_E-3.62.cif,BaGaSn2,-3.6164,0.0,Metal,P6_3/mmc,194,8
SrMg4Al2O3_id3400_E-3.62.cif,SrMg4Al2O3,-3.6153,0.0,Metal,I4/mmm,139,20
AlGaGe2_id1524_E-3.61.cif,AlGaGe2,-3.615,0.0,Metal,Pnma,62,16
Ca4CN2_id1310_E-3.61.cif,Ca4CN2,-3.613,1.027,Semiconductor,P4/mnc,128,28
AlGaSn2_id85_E-3.61.cif,AlGaSn2,-3.6099,0.0,Metal,P-3m1,164,4
S_id3890_E-3.61.cif,S,-3.6097,1.118,Semiconductor,Pccn,56,12
KAs3O2_id4359_E-3.61.cif,KAs3O2,-3.6087,0.625,Semiconductor,I4_1/amd,141,24
Ca2TiAl_id2042_E-3.61.cif,Ca2TiAl,-3.6084,0.0,Metal,Fm-3m,225,16
LiZnS2_id4948_E-3.61.cif,LiZnS2,-3.6082,0.383,Semiconductor,P3_221,154,12
Ba(LiS)4_id3225_E-3.61.cif,Ba(LiS)4,-3.6073,3.247,Semiconductor,I-4c2,120,36
Ga2SnTe4_id2342_E-3.61.cif,Ga2SnTe4,-3.6071,0.094,Semiconductor,P-42m,111,7
TeSe2S_id1394_E-3.61.cif,TeSe2S,-3.6059,0.674,Semiconductor,P4/m,83,16
GaSe_id3671_E-3.61.cif,GaSe,-3.6051,0.0,Metal,P-42_1m,113,8
Ge2As2Se7_id59_E-3.60.cif,Ge2As2Se7,-3.6018,0.0,Metal,P2/m,10,11
Li2As(PSe)2_id1942_E-3.60.cif,Li2As(PSe)2,-3.6012,2.503,Semiconductor,P-42_1m,113,14
K2ScGaSn6_id2510_E-3.60.cif,K2ScGaSn6,-3.6012,0.0,Metal,Fm-3m,225,40
Li4Sn2Sb2O3_id2027_E-3.60.cif,Li4Sn2Sb2O3,-3.6005,1.01,Semiconductor,Pccn,56,44
NaO18_id2017_E-3.60.cif,NaO18,-3.6001,4.201,Insulator,P2_1,4,38
GaSbTeSe7S2_id1538_E-3.60.cif,GaSbTeSe7S2,-3.6,0.963,Semiconductor,P2_1,4,24
K3In(GeSe)4_id1054_E-3.60.cif,K3In(GeSe)4,-3.5997,0.032,Metal,P-43m,215,12
InSn3_id2718_E-3.60.cif,InSn3,-3.5991,0.0,Metal,Pm-3n,223,8
MgAs2_id1698_E-3.60.cif,MgAs2,-3.5983,0.0,Metal,P4_12_12,92,12
Al2Cd(GaSe2)2_id1825_E-3.60.cif,Al2Cd(GaSe2)2,-3.5974,1.603,Semiconductor,P-42m,111,9
O2_id2628_E-3.60.cif,O2,-3.5974,1.375,Semiconductor,P1,1,48
K2Te2AsP3S2_id2206_E-3.60.cif,K2Te2AsP3S2,-3.5953,1.11,Semiconductor,Pcca,54,40
MgSc5Ti2(Al3Zn)2_id3757_E-3.59.cif,MgSc5Ti2(Al3Zn)2,-3.593,0.0,Metal,P2/c,13,32
LiSc2Cd_id871_E-3.59.cif,LiSc2Cd,-3.5926,0.0,Metal,P4/mmm,123,4
SiGe_id2044_E-3.59.cif,SiGe,-3.5916,0.0,Metal,P4_32_12,96,8
Sn_id148_E-3.59.cif,Sn,-3.5909,0.0,Metal,C2/c,15,36
GaSb_id328_E-3.59.cif,GaSb,-3.5894,0.0,Metal,P6_522,179,12
K2NaB6_id7_E-3.59.cif,K2NaB6,-3.5894,1.546,Semiconductor,P-3c1,165,36
Li2Si3(SbAs)2_id1972_E-3.59.cif,Li2Si3(SbAs)2,-3.5889,0.0,Metal,P4_2mc,105,18
Al_id4439_E-3.59.cif,Al,-3.5885,0.0,Metal,P4_132,213,20
MgZnCd3GaGeAsP2Se(S2O3)2_id1783_E-3.59.cif,MgZnCd3GaGeAsP2Se(S2O3)2,-3.5882,0.0,Metal,P2_1,4,42
KTiBeAl_id3193_E-3.59.cif,KTiBeAl,-3.5879,2.375,Semiconductor,Cmme,67,16
Li(InGe2)2_id2459_E-3.59.cif,Li(InGe2)2,-3.5852,0.0,Metal,P42_12,90,14
LiTiGa4_id505_E-3.59.cif,LiTiGa4,-3.585,0.0,Metal,I4_1/a,88,24
AlSiGePSe_id4731_E-3.58.cif,AlSiGePSe,-3.5824,1.07,Semiconductor,P6_522,179,30
InSnSb2_id1661_E-3.58.cif,InSnSb2,-3.5803,0.0,Metal,P2/c,13,16
SbTe_id4564_E-3.58.cif,SbTe,-3.5791,0.035,Metal,Aea2,41,16
CaScIn3Sb_id3044_E-3.58.cif,CaScIn3Sb,-3.5783,0.0,Metal,P4_3,78,24
CaSn_id174_E-3.58.cif,CaSn,-3.5759,0.0,Metal,P6_3/mmc,194,4
In2S_id2872_E-3.58.cif,In2S,-3.5754,0.031,Metal,Pca2_1,29,12
CaGaN4_id2824_E-3.57.cif,CaGaN4,-3.5736,0.039,Metal,I4_1/amd,141,24
BeZn2SiO8_id4514_E-3.57.cif,BeZn2SiO8,-3.573,2.497,Semiconductor,P-42c,112,24
Al3Si2_id3635_E-3.57.cif,Al3Si2,-3.5722,0.008,Metal,P4_132,213,20
LiSn3_id906_E-3.57.cif,LiSn3,-3.5703,0.0,Metal,Pm-3n,223,8
BaMg(TiGa)2_id4933_E-3.57.cif,BaMg(TiGa)2,-3.5689,0.0,Metal,P4_122,91,24
GeAs_id31_E-3.57.cif,GeAs,-3.5689,0.0,Metal,I4_1/acd,142,32
AlZnSi2Ge_id1711_E-3.57.cif,AlZnSi2Ge,-3.5675,0.415,Semiconductor,P-62m,189,15
MgSb3As2_id2298_E-3.57.cif,MgSb3As2,-3.5675,0.0,Metal,C222_1,20,24
Mg2As3_id1143_E-3.57.cif,Mg2As3,-3.5664,0.0,Metal,Pbcn,60,20
K9Na5LiCa2O22_id4129_E-3.57.cif,K9Na5LiCa2O22,-3.5659,2.212,Semiconductor,P1,1,39
KGaAs2_id3835_E-3.57.cif,KGaAs2,-3.5654,0.044,Metal,I4_122,98,16
Li2InTeSeS3_id3461_E-3.56.cif,Li2InTeSeS3,-3.5649,0.039,Metal,P4_322,95,32
Al_id376_E-3.56.cif,Al,-3.5641,0.0,Metal,I4_1/acd,142,16
Sn_id1183_E-3.56.cif,Sn,-3.5636,0.0,Metal,P2_12_12_1,19,20
Li4TeSeS_id4588_E-3.56.cif,Li4TeSeS,-3.5635,1.697,Semiconductor,Aea2,41,56
LiMgGaSn(SeS)2_id757_E-3.56.cif,LiMgGaSn(SeS)2,-3.5628,0.0,Metal,Pmmn,59,16
GeSe4_id1157_E-3.56.cif,GeSe4,-3.5621,0.681,Semiconductor,P-42_1c,114,10
LiSe4_id2614_E-3.56.cif,LiSe4,-3.5601,0.0,Metal,P-1,2,10
MgInSn(TeSe)4_id4192_E-3.56.cif,MgInSn(TeSe)4,-3.5593,1.201,Semiconductor,I222,23,22
Se3S2_id1590_E-3.56.cif,Se3S2,-3.5582,0.0,Metal,I-42d,122,60
Be4Sb3_id4500_E-3.56.cif,Be4Sb3,-3.5581,0.095,Semiconductor,I-43d,220,28
Sn10Ge_id2537_E-3.56.cif,Sn10Ge,-3.5571,0.0,Metal,Amm2,38,22
LiSbTe_id705_E-3.56.cif,LiSbTe,-3.5567,0.821,Semiconductor,Ibca,73,24
KNa2InSnSe8_id680_E-3.56.cif,KNa2InSnSe8,-3.5566,0.0,Metal,P-42m,111,13
NaAs2_id297_E-3.56.cif,NaAs2,-3.5566,1.172,Semiconductor,P4_2/m,84,18
Li3(ScIn)2_id3345_E-3.56.cif,Li3(ScIn)2,-3.5564,0.0,Metal,Pn-3m,224,14
Li3(ScIn)2_id2236_E-3.56.cif,Li3(ScIn)2,-3.5564,0.0,Metal,Pn-3m,224,14
Sn(BS5)2_id3526_E-3.56.cif,Sn(BS5)2,-3.5562,0.312,Semiconductor,Cccm,66,52
InSn2(TeSe2)3_id1422_E-3.56.cif,InSn2(TeSe2)3,-3.5561,0.138,Semiconductor,P6mm,183,12
KMgGaGe2AsN_id3907_E-3.55.cif,KMgGaGe2AsN,-3.5534,0.0,Metal,P6_5,170,42
Sn2Se19S2_id1305_E-3.55.cif,Sn2Se19S2,-3.5522,1.187,Semiconductor,Pba2,32,46
Sn5Ge2_id1092_E-3.55.cif,Sn5Ge2,-3.5499,1.656,Semiconductor,P1,1,42
InSn2_id625_E-3.55.cif,InSn2,-3.5495,0.0,Metal,C2/m,12,6
ZnGaP2_id2168_E-3.55.cif,ZnGaP2,-3.5484,1.761,Semiconductor,Pca2_1,29,16
AlSbTe2_id954_E-3.55.cif,AlSbTe2,-3.5477,1.112,Semiconductor,Aea2,41,32
InGe_id3588_E-3.55.cif,InGe,-3.5477,0.0,Metal,Fm-3m,225,4
InSn3_id287_E-3.54.cif,InSn3,-3.5445,0.0,Metal,P4_132,213,32
K6Li6PO6_id442_E-3.54.cif,K6Li6PO6,-3.5439,2.555,Semiconductor,Pm-3,200,19
Li(ScZn)2_id1012_E-3.54.cif,Li(ScZn)2,-3.5435,0.0,Metal,I4mm,107,10
SbTe3_id1453_E-3.54.cif,SbTe3,-3.542,0.037,Metal,I-42d,122,48
Na4Li3TeO4_id4657_E-3.54.cif,Na4Li3TeO4,-3.5418,1.532,Semiconductor,P4_2/mcm,132,24
Li8Cd3(Sn2O3)2_id4978_E-3.54.cif,Li8Cd3(Sn2O3)2,-3.5391,0.0,Metal,P-31m,162,21
KS_id1087_E-3.54.cif,KS,-3.5381,1.851,Semiconductor,Pnma,62,24
Sn3Sb3Te10_id2897_E-3.54.cif,Sn3Sb3Te10,-3.5359,0.0,Metal,P31m,157,16
Te2As_id4102_E-3.54.cif,Te2As,-3.5358,0.016,Metal,Pccm,49,6
BaAlTe_id1448_E-3.54.cif,BaAlTe,-3.5354,0.0,Metal,C222_1,20,24
ZnGe3_id2648_E-3.53.cif,ZnGe3,-3.5349,0.0,Metal,I4/mmm,139,8
KInO50_id1458_E-3.53.cif,KInO50,-3.5348,1.722,Semiconductor,P-3,147,52
K2Na7Ga2TeO28_id2708_E-3.53.cif,K2Na7Ga2TeO28,-3.5342,1.025,Semiconductor,P-1,2,40
Sn_id1572_E-3.53.cif,Sn,-3.5336,0.0,Metal,P-43m,215,32
BaGaSn7_id1604_E-3.53.cif,BaGaSn7,-3.5316,0.0,Metal,I-4m2,119,18
AlSnTe6_id958_E-3.53.cif,AlSnTe6,-3.5283,0.0,Metal,P2_12_12,18,16
Sn_id2311_E-3.53.cif,Sn,-3.5279,0.0,Metal,Pm-3m,221,48
CaSn2_id317_E-3.53.cif,CaSn2,-3.5275,0.0,Metal,Fm-3m,225,12
TeSe2_id1044_E-3.53.cif,TeSe2,-3.5272,0.0,Metal,Aea2,41,24
MgSc_id259_E-3.53.cif,MgSc,-3.5268,0.0,Metal,P4/mmm,123,16
Ba4Ca4ScO4_id3716_E-3.53.cif,Ba4Ca4ScO4,-3.5267,0.283,Semiconductor,P-42_1c,114,26
K2Li2CdO5_id2004_E-3.53.cif,K2Li2CdO5,-3.5261,0.0,Metal,Cmcm,63,40
Ga4GeTe4_id3751_E-3.53.cif,Ga4GeTe4,-3.526,0.0,Metal,P-42m,111,9
Sc_id2372_E-3.52.cif,Sc,-3.524,0.0,Metal,Pmmn,59,12
Sb2AsP(SeS)6_id4627_E-3.52.cif,Sb2AsP(SeS)6,-3.5227,2.198,Semiconductor,C2,5,32
Li4MgAl2Ga2(TeS)4_id3299_E-3.52.cif,Li4MgAl2Ga2(TeS)4,-3.5214,1.3,Semiconductor,P-42m,111,17
NaAlGaSn3Ge2P_id1890_E-3.52.cif,NaAlGaSn3Ge2P,-3.5204,0.0,Metal,P2/c,13,36
LiSn5_id4331_E-3.52.cif,LiSn5,-3.5173,0.071,Semiconductor,P4/mmm,123,6
Li3ZnIn4O8_id4292_E-3.52.cif,Li3ZnIn4O8,-3.5171,1.475,Semiconductor,P1,1,16
Se_id2622_E-3.52.cif,Se,-3.5159,0.01,Metal,P4/m,83,4
Be2ZnTe4_id3972_E-3.52.cif,Be2ZnTe4,-3.5158,1.734,Semiconductor,P-42m,111,7
Mg2Zn2CdIn2Ga2(SN3)2_id3872_E-3.51.cif,Mg2Zn2CdIn2Ga2(SN3)2,-3.5146,1.013,Semiconductor,P3_121,152,51
Si2O5_id794_E-3.51.cif,Si2O5,-3.5135,2.128,Semiconductor,P6_122,178,42
MgBeZnGaPS5_id3372_E-3.51.cif,MgBeZnGaPS5,-3.5106,0.0,Metal,P2_1/m,11,20
As_id608_E-3.51.cif,As,-3.5095,1.928,Semiconductor,I4/mmm,139,4
MgAlPS_id3826_E-3.51.cif,MgAlPS,-3.5094,0.681,Semiconductor,P6_522,179,24
Al2Zn2Sn(SeS)4_id4753_E-3.51.cif,Al2Zn2Sn(SeS)4,-3.5085,1.429,Semiconductor,P-42m,111,13
TiGa8_id3861_E-3.51.cif,TiGa8,-3.5072,0.0,Metal,P6/mmm,191,9
ZnSiTe2(SeS)2_id185_E-3.50.cif,ZnSiTe2(SeS)2,-3.5036,1.231,Semiconductor,Pnn2,34,16
InGaTe2_id1328_E-3.50.cif,InGaTe2,-3.5024,0.0,Metal,I-42m,121,16
Li2SnGeSe3_id4050_E-3.50.cif,Li2SnGeSe3,-3.5007,0.0,Metal,P4nc,104,56
Ca(GaN)3_id1413_E-3.50.cif,Ca(GaN)3,-3.5004,2.047,Semiconductor,P6_3/m,176,14
LiSi2SnGeSb2PSe6S5_id4747_E-3.50.cif,LiSi2SnGeSb2PSe6S5,-3.4996,0.828,Semiconductor,P1,1,38
Al2ZnTe4_id3920_E-3.50.cif,Al2ZnTe4,-3.4991,0.274,Semiconductor,P-42m,111,7
AlTe4As(SeS4)3_id3207_E-3.50.cif,AlTe4As(SeS4)3,-3.499,0.0,Metal,P2_1,4,42
K2BaZn2CdO20_id1886_E-3.50.cif,K2BaZn2CdO20,-3.4978,2.731,Semiconductor,P-3,147,26
KSe8_id2163_E-3.49.cif,KSe8,-3.4904,1.347,Semiconductor,Cccm,66,36
Sr2Sn3_id3803_E-3.49.cif,Sr2Sn3,-3.4891,0.0,Metal,C222,21,10
Si2SnGeS_id4047_E-3.49.cif,Si2SnGeS,-3.4888,0.543,Semiconductor,P6_522,179,30
LiBP2Se14S3_id663_E-3.49.cif,LiBP2Se14S3,-3.4888,1.708,Semiconductor,P1,1,21
Ba2LiO6_id58_E-3.49.cif,Ba2LiO6,-3.4879,0.0,Metal,P-3m1,164,18
K2BaIn6O3_id176_E-3.49.cif,K2BaIn6O3,-3.4878,0.0,Metal,P-3c1,165,24
Mg2AlS4_id2307_E-3.49.cif,Mg2AlS4,-3.4877,2.448,Semiconductor,Aea2,41,28
Ti2Zn3O_id1356_E-3.49.cif,Ti2Zn3O,-3.4866,0.944,Semiconductor,P3_221,154,18
Li2MgZnIn4Sn3SbCS4NO2_id4273_E-3.49.cif,Li2MgZnIn4Sn3SbCS4NO2,-3.4862,0.0,Metal,P2_1,4,40
Be2Sb_id1658_E-3.49.cif,Be2Sb,-3.4854,0.505,Semiconductor,Pbcn,60,12
LiSn4_id1791_E-3.48.cif,LiSn4,-3.4843,0.0,Metal,Ccce,68,20
Na2AsSe2_id485_E-3.48.cif,Na2AsSe2,-3.4841,0.393,Semiconductor,Cmmm,65,10
Li2SbTe(AsSe)2_id2231_E-3.48.cif,Li2SbTe(AsSe)2,-3.4839,0.0,Metal,Pcca,54,32
LiZn2Sn(GeAs)4_id3213_E-3.48.cif,LiZn2Sn(GeAs)4,-3.4838,0.0,Metal,P4_2/m,84,24
K3Zn2Ge(Te2O7)2_id548_E-3.48.cif,K3Zn2Ge(Te2O7)2,-3.4828,1.786,Semiconductor,P2_12_12,18,48
Sr2Ga5O_id593_E-3.48.cif,Sr2Ga5O,-3.482,0.0,Metal,Pn-3m,224,16
Al3Ga_id2022_E-3.48.cif,Al3Ga,-3.4807,0.0,Metal,P4_132,213,32
K2Ba3O3_id3849_E-3.48.cif,K2Ba3O3,-3.4799,0.261,Semiconductor,Pn-3m,224,16
LiAlIn2(Te2Se)4_id950_E-3.48.cif,LiAlIn2(Te2Se)4,-3.479,0.0,Metal,P222,16,32
Se_id2574_E-3.48.cif,Se,-3.4773,0.832,Semiconductor,C2,5,8
MgGa4Si2(GeS2)2_id2211_E-3.48.cif,MgGa4Si2(GeS2)2,-3.4772,1.672,Semiconductor,P-42m,111,13
KCaTe4_id4449_E-3.48.cif,KCaTe4,-3.4766,0.019,Metal,I222,23,12
Al3Si4_id2080_E-3.48.cif,Al3Si4,-3.4763,0.0,Metal,I4_1/a,88,28
AlTe_id1760_E-3.48.cif,AlTe,-3.4762,0.005,Metal,Pbca,61,16
NaTeSe3_id1580_E-3.48.cif,NaTeSe3,-3.476,0.0,Metal,P2_13,198,20
K2SrTe8_id4531_E-3.48.cif,K2SrTe8,-3.4758,0.0,Metal,I422,97,22
ZnTeSe3S16_id2633_E-3.48.cif,ZnTeSe3S16,-3.4754,1.396,Semiconductor,Pc,7,42
ZnN_id4087_E-3.47.cif,ZnN,-3.4743,0.164,Semiconductor,P6_222,180,12
GaTe_id3748_E-3.47.cif,GaTe,-3.472,0.775,Semiconductor,Aea2,41,16
SnSe3_id4123_E-3.47.cif,SnSe3,-3.4719,1.227,Semiconductor,Iba2,45,16
KSb3As_id4984_E-3.47.cif,KSb3As,-3.4718,0.0,Metal,P-6m2,187,5
Ga5N_id4136_E-3.47.cif,Ga5N,-3.4701,0.0,Metal,Pn-3m,224,12
LiGa4Ge3_id487_E-3.47.cif,LiGa4Ge3,-3.4689,0.0,Metal,Im-3m,229,16
K2Li7ZnO10_id3481_E-3.47.cif,K2Li7ZnO10,-3.4689,0.0,Metal,C222,21,40
LiIn2Te2As2(PS3)2_id3500_E-3.47.cif,LiIn2Te2As2(PS3)2,-3.4676,0.0,Metal,P6_4,172,45
Li(Sc2Al)3_id2580_E-3.47.cif,Li(Sc2Al)3,-3.4674,0.0,Metal,Im-3m,229,20
KSrCdGeO2_id1640_E-3.47.cif,KSrCdGeO2,-3.4673,0.0,Metal,P-6m2,187,6
LiTi(GaSi)2_id713_E-3.47.cif,LiTi(GaSi)2,-3.4664,0.0,Metal,P4/mbm,127,12
LiZnGeS2_id1115_E-3.47.cif,LiZnGeS2,-3.4663,0.0,Metal,Pccm,49,10
Se_id2999_E-3.46.cif,Se,-3.4632,1.068,Semiconductor,Pbca,61,16
Li12BS12_id4251_E-3.46.cif,Li12BS12,-3.4626,0.0,Metal,I432,211,50
Li13(GaO12)3_id2970_E-3.46.cif,Li13(GaO12)3,-3.4622,1.653,Semiconductor,P1,1,52
Sc_id3467_E-3.46.cif,Sc,-3.4615,0.0,Metal,P23,195,24
KZnSnSb6_id3945_E-3.46.cif,KZnSnSb6,-3.4611,0.0,Metal,P312,149,9
ZnGeO_id203_E-3.46.cif,ZnGeO,-3.4597,0.991,Semiconductor,P4_2/mmc,131,12
TeSe3_id4537_E-3.46.cif,TeSe3,-3.4592,1.001,Semiconductor,Aem2,39,16
K2CaIn4SbS4_id590_E-3.46.cif,K2CaIn4SbS4,-3.4592,0.0,Metal,P4_2/mcm,132,24
KNaCaTe6_id2033_E-3.46.cif,KNaCaTe6,-3.4579,0.559,Semiconductor,P312,149,9
InSn2_id1912_E-3.46.cif,InSn2,-3.4574,0.0,Metal,Cmmm,65,12
GaSn_id3642_E-3.46.cif,GaSn,-3.4564,0.0,Metal,P6_3/mmc,194,4
Na2LiCd5In4(SnO4)2_id4777_E-3.46.cif,Na2LiCd5In4(SnO4)2,-3.456,0.227,Semiconductor,P-42_1c,114,44
LiTe3S_id2637_E-3.45.cif,LiTe3S,-3.4539,0.0,Metal,P6/mmm,191,20
Mg3Zn4In2GaTe4(S4N)2_id3685_E-3.45.cif,Mg3Zn4In2GaTe4(S4N)2,-3.4538,1.334,Semiconductor,C2,5,48
Al5GaGe3_id4062_E-3.45.cif,Al5GaGe3,-3.4528,0.0,Metal,P-62m,189,9
KGa3O8_id171_E-3.45.cif,KGa3O8,-3.4524,3.582,Insulator,P-3,147,12
Li4SnTeSe2_id4773_E-3.45.cif,Li4SnTeSe2,-3.4523,0.084,Semiconductor,Cmcm,63,32
ZnGa2SiTe4_id4533_E-3.45.cif,ZnGa2SiTe4,-3.4522,0.089,Semiconductor,I-42m,121,16
Li2Al2InSe4_id4553_E-3.45.cif,Li2Al2InSe4,-3.452,0.0,Metal,I-42d,122,36
InTe2_id271_E-3.45.cif,InTe2,-3.4509,0.0,Metal,Pban,50,12
SbTe5_id3168_E-3.45.cif,SbTe5,-3.4485,0.026,Metal,P4/mmm,123,6
KSnS3_id2981_E-3.45.cif,KSnS3,-3.4467,1.032,Semiconductor,Cmc2_1,36,20
Al2Si_id1200_E-3.45.cif,Al2Si,-3.4452,0.0,Metal,P6_522,179,18
LiSn2_id3669_E-3.44.cif,LiSn2,-3.4449,0.0,Metal,P4_332,212,12
Ca2Sn3(Te2S)2_id3587_E-3.44.cif,Ca2Sn3(Te2S)2,-3.4433,0.868,Semiconductor,C2/m,12,22
BaO12_id1873_E-3.44.cif,BaO12,-3.4429,0.901,Semiconductor,Im-3,204,26
As_id4580_E-3.44.cif,As,-3.4419,0.0,Metal,P-43m,215,5
K3Ba2O6_id4272_E-3.44.cif,K3Ba2O6,-3.4418,4.608,Insulator,P4_132,213,44
Li3(Te3S2)2_id1651_E-3.44.cif,Li3(Te3S2)2,-3.4416,0.78,Semiconductor,P-42m,111,13
Li5(SeS2)2_id1704_E-3.44.cif,Li5(SeS2)2,-3.4411,2.147,Semiconductor,P-42_1m,113,22
Zn2InSe4_id1628_E-3.44.cif,Zn2InSe4,-3.4403,1.133,Semiconductor,P-42m,111,7
CaSn_id1966_E-3.44.cif,CaSn,-3.4396,0.0,Metal,P6_3/mmc,194,4
Sn6GeSb_id3314_E-3.44.cif,Sn6GeSb,-3.4382,0.0,Metal,P6_322,182,16
BaInSn_id762_E-3.44.cif,BaInSn,-3.4381,0.0,Metal,P-6m2,187,3
LiAs_id813_E-3.44.cif,LiAs,-3.4368,0.015,Metal,P4_32_12,96,16
NaMgSe4_id1421_E-3.44.cif,NaMgSe4,-3.4363,0.021,Metal,R-3m,166,18
KSnSbTe_id4966_E-3.43.cif,KSnSbTe,-3.4343,0.339,Semiconductor,Pcc2,27,16
KAsSe_id309_E-3.43.cif,KAsSe,-3.4341,0.0,Metal,Imma,74,12
PS8_id725_E-3.43.cif,PS8,-3.433,1.877,Semiconductor,P1,1,18
LiSn3_id489_E-3.43.cif,LiSn3,-3.433,0.0,Metal,P4/mmm,123,8
Al3Ga_id4827_E-3.43.cif,Al3Ga,-3.4318,0.0,Metal,R-3c,167,24
TeSe_id3369_E-3.43.cif,TeSe,-3.4316,0.0,Metal,Pbca,61,16
Sr2LiZn2GaO4_id1860_E-3.43.cif,Sr2LiZn2GaO4,-3.4308,0.0,Metal,Ibam,72,40
Sn_id53_E-3.43.cif,Sn,-3.4306,0.0,Metal,P4_32_12,96,4
K2ScCd6O12_id716_E-3.43.cif,K2ScCd6O12,-3.4302,1.323,Semiconductor,P-3c1,165,42
BaCaIn3GeO3_id571_E-3.43.cif,BaCaIn3GeO3,-3.4287,0.0,Metal,P-6m2,187,9
LiZnGeAs4_id2795_E-3.43.cif,LiZnGeAs4,-3.4283,0.96,Semiconductor,Pccm,49,14
In2SnSeS_id4189_E-3.43.cif,In2SnSeS,-3.427,0.0,Metal,Pnma,62,20
SbTe3_id2515_E-3.43.cif,SbTe3,-3.425,0.0,Metal,P4/mmm,123,4
Sr2As_id741_E-3.42.cif,Sr2As,-3.4231,0.0,Metal,Pa-3,205,12
NaIn2SnSbSe8_id2403_E-3.42.cif,NaIn2SnSbSe8,-3.423,0.0,Metal,P-42m,111,13
NaZn3In(GaS)6_id121_E-3.42.cif,NaZn3In(GaS)6,-3.4229,0.0,Metal,P-31c,163,34
InSn2Ge3_id1505_E-3.42.cif,InSn2Ge3,-3.4224,0.0,Metal,I-4m2,119,12
CSe5S2_id2454_E-3.42.cif,CSe5S2,-3.4215,1.563,Semiconductor,C2/m,12,16
GaSn_id3973_E-3.42.cif,GaSn,-3.4207,0.0,Metal,F-43m,216,8
In4Sb3Te4_id3474_E-3.42.cif,In4Sb3Te4,-3.4207,0.0,Metal,P-43m,215,11
Na2GaSn(TeSe)4_id3162_E-3.42.cif,Na2GaSn(TeSe)4,-3.4188,0.0,Metal,I-42m,121,24
CaSn_id3986_E-3.42.cif,CaSn,-3.4181,0.0,Metal,Cmcm,63,8
Se_id13_E-3.42.cif,Se,-3.4164,0.046,Metal,Pbca,61,8
KNaGaSb7_id4808_E-3.42.cif,KNaGaSb7,-3.4161,0.0,Metal,P312,149,10
MgCdTeSe6_id3880_E-3.42.cif,MgCdTeSe6,-3.4157,0.313,Semiconductor,P-31c,163,18
GaO_id4709_E-3.41.cif,GaO,-3.4148,0.024,Metal,P6_522,179,24
SnSb_id3243_E-3.41.cif,SnSb,-3.4132,0.0,Metal,P3_221,154,12
ZnAs3_id4985_E-3.41.cif,ZnAs3,-3.4122,0.0,Metal,Pccm,49,8
Ge2As_id2668_E-3.41.cif,Ge2As,-3.4121,0.0,Metal,P4_32_12,96,12
Ga4Si3Sb4_id999_E-3.41.cif,Ga4Si3Sb4,-3.4119,0.0,Metal,I-43d,220,44
TiZn_id1851_E-3.41.cif,TiZn,-3.4118,0.0,Metal,Pm-3,200,14
KMg4Sb2As4(Se2S)2_id1486_E-3.41.cif,KMg4Sb2As4(Se2S)2,-3.4112,0.185,Semiconductor,Pm,6,17
SbTeSe2_id415_E-3.41.cif,SbTeSe2,-3.4098,0.0,Metal,R-3m,166,12
SrAl6_id3456_E-3.41.cif,SrAl6,-3.4098,0.0,Metal,I4/mmm,139,14
AsS8_id3245_E-3.41.cif,AsS8,-3.4097,2.513,Semiconductor,Fm-3m,225,36
ZnGeAs17_id3242_E-3.41.cif,ZnGeAs17,-3.4096,0.0,Metal,I4,79,38
MgTiN2O_id3067_E-3.41.cif,MgTiN2O,-3.4077,1.72,Semiconductor,Pca2_1,29,20
LiGe3_id4099_E-3.41.cif,LiGe3,-3.4068,0.0,Metal,P4_2/mmc,131,8
MgIn2P2N_id3438_E-3.41.cif,MgIn2P2N,-3.4065,0.0,Metal,P3_221,154,18
SbTe5_id1281_E-3.40.cif,SbTe5,-3.4039,0.0,Metal,P6/mmm,191,12
Se2S_id1830_E-3.40.cif,Se2S,-3.3998,1.577,Semiconductor,Pbcn,60,12
NaTe2S_id1170_E-3.40.cif,NaTe2S,-3.3971,0.53,Semiconductor,P4_32_12,96,32
Ba2Sn5_id1916_E-3.40.cif,Ba2Sn5,-3.3967,0.0,Metal,I-42m,121,14
BeTe2_id165_E-3.40.cif,BeTe2,-3.3962,0.0,Metal,Pbca,61,24
BeAs_id2466_E-3.40.cif,BeAs,-3.3954,0.0,Metal,P4_132,213,16
SnTe2_id678_E-3.39.cif,SnTe2,-3.3892,0.0,Metal,Fd-3m,227,24
Ca4N_id2600_E-3.39.cif,Ca4N,-3.389,0.0,Metal,Im-3m,229,10
KLi7B6Sb_id3352_E-3.39.cif,KLi7B6Sb,-3.3875,2.212,Semiconductor,P312,149,15
ScTi3In3SnGeTe8_id3761_E-3.38.cif,ScTi3In3SnGeTe8,-3.3844,0.217,Semiconductor,P31m,157,17
BSe12_id3732_E-3.38.cif,BSe12,-3.3841,2.064,Semiconductor,I432,211,26
O2_id2775_E-3.38.cif,O2,-3.3838,1.433,Semiconductor,Pba2,32,22
KNaMg6Zn6Ga6(SO6)2_id2773_E-3.38.cif,KNaMg6Zn6Ga6(SO6)2,-3.3836,0.233,Semiconductor,P1,1,34
Te4AsSe2_id2598_E-3.38.cif,Te4AsSe2,-3.3831,0.054,Semiconductor,I-42d,122,28
Sr2Sb_id2866_E-3.38.cif,Sr2Sb,-3.382,0.0,Metal,Pa-3,205,12
K4SrCd5(S3O)4_id1763_E-3.38.cif,K4SrCd5(S3O)4,-3.3815,2.066,Semiconductor,P4_2/n,86,52
LiAs_id3899_E-3.38.cif,LiAs,-3.3801,1.32,Semiconductor,P4_222,93,16
LiZnCd2Si(SeS)4_id3210_E-3.38.cif,LiZnCd2Si(SeS)4,-3.3755,0.0,Metal,P-42c,112,26
KIn2(TeSe2)4_id3025_E-3.37.cif,KIn2(TeSe2)4,-3.375,0.773,Semiconductor,I222,23,30
LiInSe2_id291_E-3.37.cif,LiInSe2,-3.3746,0.403,Semiconductor,I-42d,122,32
Mg7ZnNO6_id1121_E-3.37.cif,Mg7ZnNO6,-3.3709,2.744,Semiconductor,P6_322,182,30
InSn_id3681_E-3.37.cif,InSn,-3.3698,0.0,Metal,P4/mmm,123,8
SnTe_id525_E-3.37.cif,SnTe,-3.3689,0.006,Metal,Pbca,61,16
ZnGa2SbO8_id2092_E-3.37.cif,ZnGa2SbO8,-3.3663,2.911,Semiconductor,Pba2,32,48
K2Be3Cd3Ga3B3(N2O)3_id4049_E-3.37.cif,K2Be3Cd3Ga3B3(N2O)3,-3.3659,1.106,Semiconductor,P321,150,46
NaZnSiGe2As_id3122_E-3.37.cif,NaZnSiGe2As,-3.3653,0.0,Metal,P-4n2,118,12
CaO6_id254_E-3.36.cif,CaO6,-3.3647,3.257,Semiconductor,Pm,6,14
Li5Zn2(GaO3)2_id115_E-3.36.cif,Li5Zn2(GaO3)2,-3.3647,0.006,Metal,Pmna,53,30
Mg2ZnSnAs6_id3633_E-3.36.cif,Mg2ZnSnAs6,-3.3646,0.0,Metal,Pccm,49,20
CaIn3(Se2S)2_id4197_E-3.36.cif,CaIn3(Se2S)2,-3.3644,1.359,Semiconductor,Cmme,67,40
KSn3_id1120_E-3.36.cif,KSn3,-3.362,0.0,Metal,Fm-3m,225,16
InGe_id1423_E-3.36.cif,InGe,-3.3618,0.0,Metal,P4_32_12,96,8
Sn(SbTe)3_id974_E-3.36.cif,Sn(SbTe)3,-3.361,0.416,Semiconductor,Pmmm,47,7
Sb3O_id25_E-3.36.cif,Sb3O,-3.3596,0.0,Metal,Pmmm,47,4
LiIn(SnSe2)2_id4920_E-3.36.cif,LiIn(SnSe2)2,-3.359,0.0,Metal,I-42d,122,32
BaMg2AlGe6_id4226_E-3.36.cif,BaMg2AlGe6,-3.3586,0.0,Metal,P312,149,10
Li2In3S2_id3563_E-3.36.cif,Li2In3S2,-3.3575,0.0,Metal,C222,21,14
KSrGe(Te2Se)2_id2759_E-3.36.cif,KSrGe(Te2Se)2,-3.3567,0.469,Semiconductor,I222,23,18
BeSe_id4570_E-3.36.cif,BeSe,-3.3557,2.224,Semiconductor,P6_522,179,12
SbTe2_id2138_E-3.36.cif,SbTe2,-3.3555,0.004,Metal,P4_12_12,92,12
BaGaSn_id4312_E-3.35.cif,BaGaSn,-3.3538,0.0,Metal,Immm,71,6
Ba3GaGe4_id2814_E-3.35.cif,Ba3GaGe4,-3.3534,0.0,Metal,I4/mcm,140,32
KIn4(SbTe4)2_id4109_E-3.35.cif,KIn4(SbTe4)2,-3.3512,0.0,Metal,P4_2bc,106,60
K2BaLi2InO2_id2750_E-3.35.cif,K2BaLi2InO2,-3.3507,0.611,Semiconductor,P-3m1,164,8
TiGa2Sb_id3966_E-3.35.cif,TiGa2Sb,-3.3505,0.105,Semiconductor,P4_2/mmc,131,8
BaInSn_id4187_E-3.35.cif,BaInSn,-3.3495,0.0,Metal,Pnma,62,12
BSe12_id2595_E-3.35.cif,BSe12,-3.3495,0.009,Metal,I432,211,26
NaCa3Mg3Zn2O6_id994_E-3.35.cif,NaCa3Mg3Zn2O6,-3.3481,2.378,Semiconductor,P-3c1,165,30
In2Sn3_id114_E-3.35.cif,In2Sn3,-3.3476,0.0,Metal,Ibca,73,40
InSb_id3946_E-3.35.cif,InSb,-3.3469,0.0,Metal,I4/mcm,140,16
Sc_id4617_E-3.35.cif,Sc,-3.3455,0.0,Metal,P-6m2,187,21
Na2Li4SbO2_id3024_E-3.34.cif,Na2Li4SbO2,-3.3431,1.939,Semiconductor,C222,21,18
Na3(TeO5)2_id63_E-3.34.cif,Na3(TeO5)2,-3.3427,0.443,Semiconductor,C222_1,20,60
CdTeSeS2_id3913_E-3.34.cif,CdTeSeS2,-3.342,1.677,Semiconductor,P622,177,30
Se_id3318_E-3.34.cif,Se,-3.3383,0.0,Metal,P4_2/ncm,138,8
Ti(InGa3)2_id1725_E-3.34.cif,Ti(InGa3)2,-3.3382,0.0,Metal,P6_322,182,18
Se13S4_id2224_E-3.34.cif,Se13S4,-3.3368,0.587,Semiconductor,Pba2,32,34
Na2Si7Ge_id2629_E-3.33.cif,Na2Si7Ge,-3.3344,0.984,Semiconductor,Pmmm,47,10
Ga2Sb_id417_E-3.33.cif,Ga2Sb,-3.334,0.242,Semiconductor,P4_2/nmc,137,12
Al_id3935_E-3.33.cif,Al,-3.3337,0.0,Metal,I4_1cd,110,32
Al4Ga_id4970_E-3.33.cif,Al4Ga,-3.3335,0.0,Metal,Pmna,53,10
K6NaGaO6_id3276_E-3.33.cif,K6NaGaO6,-3.3334,2.134,Semiconductor,P-31c,163,28
Sr4(CaS)3_id379_E-3.33.cif,Sr4(CaS)3,-3.3334,0.111,Semiconductor,I-43d,220,40
GaSn2Te3S4_id4066_E-3.33.cif,GaSn2Te3S4,-3.3324,0.157,Semiconductor,C2/m,12,20
LiCa4Sc3_id3078_E-3.33.cif,LiCa4Sc3,-3.3319,0.0,Metal,Im-3m,229,16
In6Te2S3_id2330_E-3.33.cif,In6Te2S3,-3.3313,0.0,Metal,P-43n,218,44
BaLi2CaSi2_id4267_E-3.33.cif,BaLi2CaSi2,-3.3301,0.16,Semiconductor,P-3m1,164,6
ZnInGaSi2Ge_id2556_E-3.33.cif,ZnInGaSi2Ge,-3.3298,0.017,Metal,I-4m2,119,12
Mg3SbP_id3611_E-3.33.cif,Mg3SbP,-3.3287,0.004,Metal,Pm-3m,221,40
SrAlInO_id1326_E-3.33.cif,SrAlInO,-3.3274,0.0,Metal,I4/mmm,139,32
Si2SnGeTeAs2Se5S7_id658_E-3.33.cif,Si2SnGeTeAs2Se5S7,-3.3258,0.0,Metal,P2_1,4,38
Li2Sc3TiTe2_id1831_E-3.32.cif,Li2Sc3TiTe2,-3.3248,0.0,Metal,P6,168,24
LiBeP3_id189_E-3.32.cif,LiBeP3,-3.3247,0.0,Metal,P6_222,180,15
Ca4Al4O_id3976_E-3.32.cif,Ca4Al4O,-3.3246,0.089,Semiconductor,I4/m,87,18
MgSn2Sb_id3722_E-3.32.cif,MgSn2Sb,-3.3239,0.0,Metal,P2_12_12_1,19,16
In2Ga3(Sn3Ge)2_id3677_E-3.32.cif,In2Ga3(Sn3Ge)2,-3.3223,0.0,Metal,P6,168,13
KZn2InS4_id4648_E-3.32.cif,KZn2InS4,-3.3215,2.03,Semiconductor,I-42d,122,32
Li2Zn2Sb2O3_id2390_E-3.32.cif,Li2Zn2Sb2O3,-3.3214,0.456,Semiconductor,Pccn,56,36
LiZn5In2O12_id3128_E-3.32.cif,LiZn5In2O12,-3.3207,0.019,Metal,P-42c,112,40
ScBe4(ZnB)4_id1797_E-3.32.cif,ScBe4(ZnB)4,-3.3206,0.0,Metal,P4_2/nmc,137,26
KLi2(Si2Ge)2_id3727_E-3.32.cif,KLi2(Si2Ge)2,-3.32,0.0,Metal,I-4c2,120,36
CaZnGaSbO17_id2396_E-3.32.cif,CaZnGaSbO17,-3.3198,1.364,Semiconductor,Pc,7,42
AlGa_id486_E-3.32.cif,AlGa,-3.3191,0.0,Metal,P6_3/mmc,194,8
SbSe20_id2199_E-3.32.cif,SbSe20,-3.3171,1.383,Semiconductor,P2_1,4,42
Mg2Ge3_id1799_E-3.32.cif,Mg2Ge3,-3.3163,0.015,Metal,C222,21,10
K2O_id1577_E-3.32.cif,K2O,-3.3155,1.333,Semiconductor,Pbca,61,12
Se_id3136_E-3.31.cif,Se,-3.3149,0.109,Semiconductor,Pba2,32,26
Na2GaSn2(SbAs)2_id2527_E-3.31.cif,Na2GaSn2(SbAs)2,-3.3142,0.022,Metal,C222_1,20,36
KGaSiSb2_id4613_E-3.31.cif,KGaSiSb2,-3.3127,0.0,Metal,P4_122,91,20
Li2Zn2Sn3S2_id4058_E-3.31.cif,Li2Zn2Sn3S2,-3.3103,0.264,Semiconductor,C222,21,18
NaO2_id4418_E-3.31.cif,NaO2,-3.3102,0.483,Semiconductor,I4_1/a,88,24
BO12_id3486_E-3.31.cif,BO12,-3.3101,1.733,Semiconductor,I432,211,26
SnGe_id3791_E-3.31.cif,SnGe,-3.3092,0.0,Metal,P4/mmm,123,4
Li15(TeO2)2_id2020_E-3.31.cif,Li15(TeO2)2,-3.3083,3.022,Semiconductor,Pnn2,34,42
MgAlSi2_id2485_E-3.31.cif,MgAlSi2,-3.308,0.0,Metal,P6_222,180,12
LiSe_id3860_E-3.31.cif,LiSe,-3.3075,2.002,Semiconductor,P4_32_12,96,8
Li4Se3_id4955_E-3.31.cif,Li4Se3,-3.3073,0.0,Metal,Pccn,56,28
LiZnSn3Sb2_id2538_E-3.31.cif,LiZnSn3Sb2,-3.3073,0.0,Metal,Immm,71,14
In2(SeS)3_id4638_E-3.31.cif,In2(SeS)3,-3.3073,1.651,Semiconductor,P6/mmm,191,16
Sc2Ti2NO_id975_E-3.30.cif,Sc2Ti2NO,-3.3019,0.845,Semiconductor,I4/mmm,139,24
Se_id8_E-3.30.cif,Se,-3.3016,0.001,Metal,Pbca,61,8
ScZnCd2(GaS)2_id137_E-3.30.cif,ScZnCd2(GaS)2,-3.3014,0.0,Metal,P-3m1,164,8
GaTePSe2S_id1981_E-3.30.cif,GaTePSe2S,-3.3008,2.286,Semiconductor,P6_5,170,36
LiGaTe_id4398_E-3.30.cif,LiGaTe,-3.296,0.987,Semiconductor,P6_3/mmc,194,6
Na(Se2S)2_id503_E-3.29.cif,Na(Se2S)2,-3.2938,0.0,Metal,P3_112,151,21
Se_id1842_E-3.29.cif,Se,-3.2937,0.003,Metal,Pbca,61,8
K7As5(PO3)4_id2432_E-3.29.cif,K7As5(PO3)4,-3.2932,1.794,Semiconductor,I222,23,56
MgTe4_id2378_E-3.29.cif,MgTe4,-3.2916,1.234,Semiconductor,Pccm,49,10
SrLi2(GaSi2)2_id4388_E-3.29.cif,SrLi2(GaSi2)2,-3.2902,0.369,Semiconductor,Amm2,38,18
Ca7Ge4_id3021_E-3.29.cif,Ca7Ge4,-3.29,0.029,Metal,I-43m,217,22
BaGa2Ge_id3596_E-3.29.cif,BaGa2Ge,-3.2899,0.0,Metal,Ibam,72,32
Ga5Ge2_id4868_E-3.29.cif,Ga5Ge2,-3.2889,0.0,Metal,P-42m,111,7
Be(GaSi)2_id3901_E-3.29.cif,Be(GaSi)2,-3.2884,0.489,Semiconductor,Cmme,67,20
K2SO2_id360_E-3.29.cif,K2SO2,-3.2865,1.866,Semiconductor,P4_2/nmc,137,20
GeTeAsSeS4_id4021_E-3.28.cif,GeTeAsSeS4,-3.2848,0.163,Semiconductor,I-4m2,119,16
BaInO12_id3540_E-3.28.cif,BaInO12,-3.2846,0.0,Metal,R-3,148,42
Sr4InSn3_id67_E-3.28.cif,Sr4InSn3,-3.2821,0.0,Metal,Im-3m,229,16
Li2AlO5_id3103_E-3.28.cif,Li2AlO5,-3.2791,0.0,Metal,Cmme,67,32
BaIn2Ge3_id776_E-3.28.cif,BaIn2Ge3,-3.279,0.0,Metal,Immm,71,12
Li3ZnAsP2_id1075_E-3.28.cif,Li3ZnAsP2,-3.2777,0.112,Semiconductor,Pccm,49,14
K2GaSi5_id4083_E-3.28.cif,K2GaSi5,-3.2767,0.0,Metal,Ibam,72,32
ZnInSn6_id1600_E-3.27.cif,ZnInSn6,-3.2745,0.0,Metal,P-42c,112,16
K4O3_id4859_E-3.27.cif,K4O3,-3.2738,1.218,Semiconductor,P-31c,163,28
BaLiZnIn2GePS2N_id4850_E-3.27.cif,BaLiZnIn2GePS2N,-3.2732,0.0,Metal,Pm,6,20
Ca8MgCd2O4_id2132_E-3.27.cif,Ca8MgCd2O4,-3.273,0.006,Metal,P4/nbm,125,30
LiCaSn2_id3301_E-3.27.cif,LiCaSn2,-3.2706,0.0,Metal,P4_2/mmc,131,8
Na(TeSe)2_id841_E-3.27.cif,Na(TeSe)2,-3.2685,1.105,Semiconductor,Cc,9,20
LiZn(SnSe2)2_id3549_E-3.27.cif,LiZn(SnSe2)2,-3.2682,0.034,Metal,Pban,50,16
Be2GaTe2_id2714_E-3.27.cif,Be2GaTe2,-3.2672,1.356,Semiconductor,Cccm,66,20
SbTe6_id1144_E-3.27.cif,SbTe6,-3.2654,0.0,Metal,I-42d,122,28
BSe12_id1192_E-3.26.cif,BSe12,-3.2631,0.066,Semiconductor,I432,211,26
Na3MgZn3O4_id4907_E-3.26.cif,Na3MgZn3O4,-3.2607,0.0,Metal,Pm-3n,223,22
ZnPS_id2930_E-3.26.cif,ZnPS,-3.2595,1.505,Semiconductor,P4_32_12,96,24
LiSn_id32_E-3.26.cif,LiSn,-3.2592,0.0,Metal,I4_1/amd,141,8
Cd3Ga4Sn(TeS)4_id3222_E-3.26.cif,Cd3Ga4Sn(TeS)4,-3.2578,0.926,Semiconductor,I-42m,121,32
NaGe2_id4349_E-3.26.cif,NaGe2,-3.2562,0.0,Metal,Pbcn,60,12
ZnSe2_id1470_E-3.26.cif,ZnSe2,-3.2551,1.044,Semiconductor,Pccn,56,12
Ga7Ge2_id1289_E-3.25.cif,Ga7Ge2,-3.2549,0.0,Metal,P-62m,189,9
SbTe_id3710_E-3.25.cif,SbTe,-3.2524,0.0,Metal,I4_1/a,88,40
Ge_id1707_E-3.25.cif,Ge,-3.2501,0.0,Metal,P4_222,93,14
NaTe2_id2015_E-3.25.cif,NaTe2,-3.2477,0.0,Metal,F-43m,216,12
SbTe_id4812_E-3.25.cif,SbTe,-3.2468,0.0,Metal,P4_32_12,96,16
CaIn4(SnGe)4_id1005_E-3.24.cif,CaIn4(SnGe)4,-3.2447,0.0,Metal,P4_2/n,86,26
LiBe3PSe_id3506_E-3.24.cif,LiBe3PSe,-3.2438,0.0,Metal,P6_5,170,36
K4Sr3(Sb4O3)2_id568_E-3.24.cif,K4Sr3(Sb4O3)2,-3.2412,0.021,Metal,I-43m,217,42
Na2AlTe8AsS4_id1107_E-3.24.cif,Na2AlTe8AsS4,-3.2405,0.238,Semiconductor,P4_2/mcm,132,32
Li4Ti3AsS8_id761_E-3.24.cif,Li4Ti3AsS8,-3.2404,1.156,Semiconductor,I4/m,87,32
LiSn_id528_E-3.24.cif,LiSn,-3.2392,0.0,Metal,P4/nmm,129,16
Sr3SnSb4_id40_E-3.24.cif,Sr3SnSb4,-3.2392,0.0,Metal,P4_322,95,32
CdSn3Te4_id147_E-3.24.cif,CdSn3Te4,-3.239,0.0,Metal,P-42c,112,16
Li3MgSe3S_id4394_E-3.24.cif,Li3MgSe3S,-3.2367,0.0,Metal,Pm-3m,221,8
AlZnSb2_id3746_E-3.24.cif,AlZnSb2,-3.2363,0.0,Metal,Pccm,49,8
Na4In4Ge9_id2002_E-3.24.cif,Na4In4Ge9,-3.2359,0.0,Metal,P-62m,189,17
Sn3Sb4_id4510_E-3.23.cif,Sn3Sb4,-3.2343,0.0,Metal,P4_2/m,84,14
K3O4_id3771_E-3.23.cif,K3O4,-3.2343,1.301,Semiconductor,P23,195,21
Sb3Te4_id2960_E-3.23.cif,Sb3Te4,-3.234,0.0,Metal,P2_12_12,18,14
CaAl6ZnGa3Si_id1323_E-3.23.cif,CaAl6ZnGa3Si,-3.2335,0.0,Metal,P-6m2,187,12
KNaInSb7_id2616_E-3.23.cif,KNaInSb7,-3.2278,0.0,Metal,P312,149,10
Ca2Ge5_id2797_E-3.23.cif,Ca2Ge5,-3.2278,0.0,Metal,P4/mnc,128,28
BaScIn_id3184_E-3.23.cif,BaScIn,-3.2275,0.0,Metal,I-4m2,119,6
Ca2Sn_id699_E-3.23.cif,Ca2Sn,-3.227,0.103,Semiconductor,P4/mmm,123,12
MgScIn2_id4476_E-3.23.cif,MgScIn2,-3.2254,0.0,Metal,P4_2/m,84,16
Se6S_id3654_E-3.22.cif,Se6S,-3.2247,0.0,Metal,P2/m,10,7
MgAl2(TeS3)2_id2468_E-3.22.cif,MgAl2(TeS3)2,-3.2236,1.819,Semiconductor,P-42_1m,113,22
NaSn2_id2594_E-3.22.cif,NaSn2,-3.2223,0.0,Metal,Cmmm,65,12
Ba5Na2ZnCd2SnP2(NO)2_id613_E-3.22.cif,Ba5Na2ZnCd2SnP2(NO)2,-3.2215,1.394,Semiconductor,P1,1,51
Ca2Ge_id2573_E-3.22.cif,Ca2Ge,-3.221,0.009,Metal,Ibam,72,12
LiZnS_id668_E-3.22.cif,LiZnS,-3.2205,2.173,Semiconductor,P4_2/ncm,138,12
KCa3Cd3Se4_id4231_E-3.22.cif,KCa3Cd3Se4,-3.2195,0.038,Metal,Pm-3n,223,22
CdSe6_id961_E-3.22.cif,CdSe6,-3.2181,0.0,Metal,R-3,148,21
Ba4LiSn3_id651_E-3.21.cif,Ba4LiSn3,-3.2141,0.0,Metal,Im-3m,229,16
CaAlTe6_id2137_E-3.21.cif,CaAlTe6,-3.2139,0.0,Metal,P-31c,163,16
KZnSnO_id1926_E-3.21.cif,KZnSnO,-3.2134,0.959,Semiconductor,Pnnm,58,16
MgCd4In4(SnN2)2_id1319_E-3.21.cif,MgCd4In4(SnN2)2,-3.2124,0.0,Metal,I-42m,121,30
Al3CdTe3_id592_E-3.21.cif,Al3CdTe3,-3.2097,1.182,Semiconductor,Pm-3n,223,14
NaSc2_id2025_E-3.21.cif,NaSc2,-3.2079,0.0,Metal,I4_1/a,88,24
NaLiSn8_id357_E-3.21.cif,NaLiSn8,-3.2058,0.0,Metal,Fm-3m,225,40
In3Ga2O_id2184_E-3.21.cif,In3Ga2O,-3.2055,0.215,Semiconductor,Pn-3m,224,12
Ga5Ge4_id488_E-3.20.cif,Ga5Ge4,-3.2034,0.0,Metal,C222,21,18
Na4(SnGe)3_id2585_E-3.20.cif,Na4(SnGe)3,-3.201,0.0,Metal,I-43d,220,40
KNa2Li3Zn3SnGe3(Sb2As3)2_id2306_E-3.20.cif,KNa2Li3Zn3SnGe3(Sb2As3)2,-3.201,0.0,Metal,P3,143,23
Be3Si_id2976_E-3.20.cif,Be3Si,-3.1993,0.0,Metal,P4_132,213,32
LiAl(Te4Se)3_id683_E-3.20.cif,LiAl(Te4Se)3,-3.1985,0.037,Metal,P31c,159,34
Sr2SnTe2_id2925_E-3.20.cif,Sr2SnTe2,-3.1969,1.007,Semiconductor,R-3,148,45
KNa6SnAs7_id987_E-3.20.cif,KNa6SnAs7,-3.1964,0.8,Semiconductor,P312,149,15
Ga2Si_id1350_E-3.20.cif,Ga2Si,-3.1963,0.0,Metal,I4_1,80,12
CaSiGe6_id2669_E-3.20.cif,CaSiGe6,-3.1961,0.0,Metal,P-4n2,118,16
SbTe7_id3859_E-3.20.cif,SbTe7,-3.1955,0.0,Metal,Pcc2,27,16
MgBe3(AlB3)2_id2625_E-3.19.cif,MgBe3(AlB3)2,-3.1948,2.278,Semiconductor,P4_3,78,48
Ga2B_id3825_E-3.19.cif,Ga2B,-3.1944,0.0,Metal,P6_422,181,9
KBaSnSb2_id1410_E-3.19.cif,KBaSnSb2,-3.194,0.0,Metal,P3m1,156,5
Mg2Sc3(InTe)4_id4516_E-3.19.cif,Mg2Sc3(InTe)4,-3.194,0.0,Metal,Cmce,64,52
Ga12SnSe6_id1602_E-3.19.cif,Ga12SnSe6,-3.1937,0.0,Metal,I23,197,38
SbTe10As_id2088_E-3.19.cif,SbTe10As,-3.1934,0.001,Metal,P2_12_12_1,19,48
GaSnAsSe2S_id2016_E-3.19.cif,GaSnAsSe2S,-3.1926,1.602,Semiconductor,P-4m2,115,12
LiSn_id674_E-3.19.cif,LiSn,-3.191,0.0,Metal,P4/nmm,129,8
K3(Se3S)2_id225_E-3.19.cif,K3(Se3S)2,-3.1886,1.473,Semiconductor,P6/mmm,191,11
NaScZn_id3832_E-3.19.cif,NaScZn,-3.1861,0.0,Metal,Ibam,72,24
Be4Al3_id1859_E-3.18.cif,Be4Al3,-3.1845,0.0,Metal,Fm-3m,225,56
ZnGa2Te8(Se2S)4_id208_E-3.18.cif,ZnGa2Te8(Se2S)4,-3.1836,0.579,Semiconductor,P-42m,111,23
In6GaSiSnAs_id1149_E-3.18.cif,In6GaSiSnAs,-3.1835,0.0,Metal,P312,149,10
K3NaO6_id4503_E-3.18.cif,K3NaO6,-3.1831,0.878,Semiconductor,P23,195,40
Li2TiZn2TeO_id3387_E-3.18.cif,Li2TiZn2TeO,-3.1815,0.0,Metal,Pcc2,27,28
CdGa4SiSn6_id1566_E-3.18.cif,CdGa4SiSn6,-3.1814,0.0,Metal,I-42d,122,48
MgScBe4ZnSi4GeP_id2774_E-3.18.cif,MgScBe4ZnSi4GeP,-3.1807,0.0,Metal,Cc,9,52
Li4BP10(NO)4_id4404_E-3.18.cif,Li4BP10(NO)4,-3.1786,1.254,Semiconductor,P4/n,85,46
MgSc8Cd2Ga8(SiSn2)2_id206_E-3.18.cif,MgSc8Cd2Ga8(SiSn2)2,-3.1761,0.0,Metal,I422,97,50
Na3Sr2O6_id4965_E-3.17.cif,Na3Sr2O6,-3.1749,2.326,Semiconductor,P-6,174,11
CaZnN_id1036_E-3.17.cif,CaZnN,-3.1742,0.0,Metal,P6_3/mmc,194,6
K4Te7_id3615_E-3.17.cif,K4Te7,-3.1729,0.0,Metal,Pm-3n,223,22
KNa2Te5As_id3695_E-3.17.cif,KNa2Te5As,-3.1729,0.0,Metal,I222,23,18
Cd4GaS4_id2053_E-3.17.cif,Cd4GaS4,-3.1727,0.0,Metal,P-43m,215,9
Li2GaTe4_id2079_E-3.17.cif,Li2GaTe4,-3.1727,0.961,Semiconductor,Pcca,54,28
NaCd2SnSe8_id1629_E-3.17.cif,NaCd2SnSe8,-3.172,0.0,Metal,I-42d,122,48
B4O15_id3574_E-3.17.cif,B4O15,-3.1703,0.959,Semiconductor,P4/n,85,38
NaSn2_id3740_E-3.17.cif,NaSn2,-3.1697,0.0,Metal,P6_1,169,18
KScSn4_id2793_E-3.17.cif,KScSn4,-3.1692,0.0,Metal,P4_322,95,24
Sr4CdGe4_id2154_E-3.17.cif,Sr4CdGe4,-3.1684,0.0,Metal,I4_1/a,88,36
Ba6Ti2In6NO_id3618_E-3.17.cif,Ba6Ti2In6NO,-3.1668,0.0,Metal,R-3,148,48
KNaO_id4708_E-3.17.cif,KNaO,-3.1663,2.317,Semiconductor,C222,21,12
Ba2Sn_id1596_E-3.16.cif,Ba2Sn,-3.164,0.0,Metal,P6_3/mmc,194,6
Ga4Ge_id4041_E-3.16.cif,Ga4Ge,-3.164,0.0,Metal,P-42_1c,114,10
Te_id1835_E-3.16.cif,Te,-3.1613,0.514,Semiconductor,Pbca,61,8
LiSb4As5_id821_E-3.16.cif,LiSb4As5,-3.161,1.544,Semiconductor,Pbcm,57,40
Te_id4765_E-3.16.cif,Te,-3.1603,1.268,Semiconductor,P4/m,83,8
KZnGeAs4_id1353_E-3.16.cif,KZnGeAs4,-3.1602,0.0,Metal,P4_122,91,28
Ba(CaB3)4_id2162_E-3.16.cif,Ba(CaB3)4,-3.1601,0.0,Metal,Im-3,204,34
LiSn3_id771_E-3.16.cif,LiSn3,-3.1577,0.0,Metal,P2/c,13,8
Li2ZnSe4_id2608_E-3.16.cif,Li2ZnSe4,-3.1571,1.256,Semiconductor,Pnma,62,28
K2Ba2Ca2SnO2_id2395_E-3.16.cif,K2Ba2Ca2SnO2,-3.1561,0.0,Metal,P4/mnc,128,36
SrScAlCd_id546_E-3.16.cif,SrScAlCd,-3.1556,0.0,Metal,F-43m,216,16
K2Sb3_id1411_E-3.15.cif,K2Sb3,-3.1544,0.0,Metal,P6/mmm,191,5
CdS_id1113_E-3.15.cif,CdS,-3.154,1.508,Semiconductor,P4_2/ncm,138,8
LiTiZn_id3278_E-3.15.cif,LiTiZn,-3.1534,0.0,Metal,F-43m,216,12
BaGe_id2693_E-3.15.cif,BaGe,-3.1533,0.012,Metal,I4_1/acd,142,32
NaTiZnCdSe21_id2823_E-3.15.cif,NaTiZnCdSe21,-3.1492,0.0,Metal,P31c,159,50
LiAl4_id3200_E-3.15.cif,LiAl4,-3.1485,0.0,Metal,Im-3m,229,10
BaNa4(SnO)4_id1083_E-3.15.cif,BaNa4(SnO)4,-3.1464,1.769,Semiconductor,P4_2/n,86,26
Sb(SeS)2_id1209_E-3.14.cif,Sb(SeS)2,-3.1438,2.34,Semiconductor,P4_2/nmc,137,10
Te_id3700_E-3.14.cif,Te,-3.1415,0.045,Metal,I4/mmm,139,8
Te_id3570_E-3.14.cif,Te,-3.1396,0.035,Metal,P2_12_12_1,19,8
Te_id2589_E-3.14.cif,Te,-3.139,0.01,Metal,Pbca,61,8
KLiInTe4_id3970_E-3.14.cif,KLiInTe4,-3.1385,0.132,Semiconductor,I222,23,14
GaTe_id2429_E-3.14.cif,GaTe,-3.1385,0.0,Metal,P6_522,179,12
LiCdO6_id4942_E-3.14.cif,LiCdO6,-3.1382,2.338,Semiconductor,P-31c,163,16
Li(InTe)3_id3997_E-3.14.cif,Li(InTe)3,-3.1381,0.063,Semiconductor,Pm-3n,223,14
Te_id702_E-3.14.cif,Te,-3.1363,0.0,Metal,P6_222,180,6
Te_id1544_E-3.14.cif,Te,-3.1351,0.0,Metal,P4_32_12,96,12
Te_id4967_E-3.13.cif,Te,-3.1346,0.0,Metal,P4/mmm,123,4
Te_id2358_E-3.13.cif,Te,-3.1333,0.757,Semiconductor,P6/mmm,191,18
ScGe6_id2884_E-3.13.cif,ScGe6,-3.1329,0.0,Metal,I4/mmm,139,14
Sr(LiSi)2_id4856_E-3.13.cif,Sr(LiSi)2,-3.1328,0.0,Metal,I4/mcm,140,20
KNa2SbAs2_id6_E-3.13.cif,KNa2SbAs2,-3.1304,0.0,Metal,Immm,71,12
Te_id280_E-3.13.cif,Te,-3.1303,0.0,Metal,P23,195,12
K5O4_id3183_E-3.13.cif,K5O4,-3.1296,0.0,Metal,P6/mmm,191,27
Te_id2832_E-3.13.cif,Te,-3.1287,0.014,Metal,Ia-3,206,56
Te6Se4S_id1589_E-3.13.cif,Te6Se4S,-3.128,0.0,Metal,Im-3m,229,22
Te_id3219_E-3.13.cif,Te,-3.1258,0.147,Semiconductor,Pccn,56,12
KBa3B2O_id211_E-3.13.cif,KBa3B2O,-3.1252,0.0,Metal,R32,155,21
Ca3Sc2_id2316_E-3.12.cif,Ca3Sc2,-3.1239,0.0,Metal,Aea2,41,20
Zn2Sn(TeSe3)2_id3598_E-3.12.cif,Zn2Sn(TeSe3)2,-3.1233,0.0,Metal,P3m1,156,11
Ba2In2Sb_id2945_E-3.12.cif,Ba2In2Sb,-3.122,0.0,Metal,Pa-3,205,20
Al4CdIn2Sn5_id4612_E-3.12.cif,Al4CdIn2Sn5,-3.1217,0.0,Metal,P-42_1c,114,24
Na2Li2Zn2Ga2Ge2Sb2AsSe2_id237_E-3.12.cif,Na2Li2Zn2Ga2Ge2Sb2AsSe2,-3.1216,0.682,Semiconductor,Ccc2,37,60
CdP4_id3619_E-3.12.cif,CdP4,-3.1213,0.149,Semiconductor,Pccm,49,10
SeS6_id2973_E-3.12.cif,SeS6,-3.1207,0.0,Metal,Fm-3m,225,28
AlGa5SnGe_id269_E-3.12.cif,AlGa5SnGe,-3.1205,0.0,Metal,I2_12_12_1,24,32
Sc14Ti3Al_id2200_E-3.12.cif,Sc14Ti3Al,-3.1187,0.0,Metal,I4mm,107,36
SrTe_id349_E-3.11.cif,SrTe,-3.1145,0.373,Semiconductor,P4/m,83,8
KCaZnInGaTeAs2SeS_id1581_E-3.11.cif,KCaZnInGaTeAs2SeS,-3.1138,0.0,Metal,P3_1,144,30
Ba2SnGe2_id4750_E-3.11.cif,Ba2SnGe2,-3.1138,0.0,Metal,P1,1,20
Na2SiSb_id2347_E-3.11.cif,Na2SiSb,-3.1137,0.0,Metal,Imma,74,16
Na3Mg3SbTe4_id531_E-3.11.cif,Na3Mg3SbTe4,-3.113,1.801,Semiconductor,P-43m,215,11
KLi2CdO2_id4815_E-3.11.cif,KLi2CdO2,-3.1129,1.76,Semiconductor,Cmme,67,24
MgSi_id814_E-3.11.cif,MgSi,-3.1127,0.0,Metal,P4_122,91,8
K2AlIn7O8_id4785_E-3.11.cif,K2AlIn7O8,-3.1111,0.0,Metal,P-1,2,18
LiTe2_id3988_E-3.11.cif,LiTe2,-3.1111,0.86,Semiconductor,P4/m,83,12
KCd4Ga(SnO2)2_id402_E-3.11.cif,KCd4Ga(SnO2)2,-3.1104,1.23,Semiconductor,P-42c,112,24
InS5_id1587_E-3.11.cif,InS5,-3.1079,1.826,Semiconductor,Pcc2,27,12
Na4Te2AsSe2_id4350_E-3.11.cif,Na4Te2AsSe2,-3.1074,0.0,Metal,Pmmn,59,18
AlCd(GeTe2)2_id4994_E-3.11.cif,AlCd(GeTe2)2,-3.1066,0.904,Semiconductor,I-42d,122,32
K2Ba(SnGe2)4_id1893_E-3.10.cif,K2Ba(SnGe2)4,-3.1047,0.0,Metal,I-42d,122,60
KLi2TiGa4_id4629_E-3.10.cif,KLi2TiGa4,-3.1038,0.0,Metal,P-42c,112,16
Te_id2949_E-3.10.cif,Te,-3.0984,0.0,Metal,Pm-3m,221,8
ZnIn3Sn4_id4485_E-3.10.cif,ZnIn3Sn4,-3.0966,0.0,Metal,Im-3m,229,16
LiGaGeTe2_id4319_E-3.10.cif,LiGaGeTe2,-3.0956,0.0,Metal,Pccm,49,10
LiSe2N5O3_id2196_E-3.10.cif,LiSe2N5O3,-3.0951,2.54,Semiconductor,Pmmn,59,22
LiInGe_id1992_E-3.09.cif,LiInGe,-3.0947,0.0,Metal,Ibca,73,24
Sb2Te23Se4_id461_E-3.09.cif,Sb2Te23Se4,-3.0933,0.0,Metal,P2_12_12,18,58
Te_id4316_E-3.09.cif,Te,-3.093,0.0,Metal,Pbca,61,16
Li6CdTe4_id4004_E-3.09.cif,Li6CdTe4,-3.0929,0.062,Semiconductor,Im-3m,229,22
KSn3O2_id1591_E-3.09.cif,KSn3O2,-3.0916,0.621,Semiconductor,Pmmm,47,6
Li3P2_id2381_E-3.09.cif,Li3P2,-3.0912,4.817,Insulator,I4_1,80,20
LiMgZn2Ga2As4(PSe2)2_id4158_E-3.09.cif,LiMgZn2Ga2As4(PSe2)2,-3.0912,0.0,Metal,P3_221,154,48
Sb_id4699_E-3.09.cif,Sb,-3.0901,0.0,Metal,P23,195,12
NaZnO2_id1290_E-3.09.cif,NaZnO2,-3.089,1.045,Semiconductor,I4_122,98,16
Ti4Si2Sn_id1445_E-3.09.cif,Ti4Si2Sn,-3.0877,0.009,Metal,P1,1,14
Be16Sn_id3906_E-3.09.cif,Be16Sn,-3.0874,0.0,Metal,Im-3,204,34
NaSn3(SbTe3)4_id1366_E-3.09.cif,NaSn3(SbTe3)4,-3.0869,0.41,Semiconductor,P1,1,20
Li5SnSbAs_id1492_E-3.09.cif,Li5SnSbAs,-3.0864,0.494,Semiconductor,Pnma,62,32
AlGa7Sb_id3594_E-3.09.cif,AlGa7Sb,-3.0856,0.0,Metal,P6_322,182,18
Na(ZnSe2)2_id159_E-3.08.cif,Na(ZnSe2)2,-3.0848,0.0,Metal,P4/mmm,123,7
TiAlZnGaGeTe16_id4318_E-3.08.cif,TiAlZnGaGeTe16,-3.0837,0.273,Semiconductor,Pc,7,42
ZnAs2(SeS)8_id898_E-3.08.cif,ZnAs2(SeS)8,-3.0833,1.567,Semiconductor,P4/n,85,38
Ca4GeSb4_id4860_E-3.08.cif,Ca4GeSb4,-3.0823,0.005,Metal,P-42_1c,114,18
In3GaSn2_id1815_E-3.08.cif,In3GaSn2,-3.0816,0.0,Metal,I-4m2,119,24
SrCaGaGe2_id2264_E-3.08.cif,SrCaGaGe2,-3.0815,0.0,Metal,Amm2,38,10
In15Sn8_id2086_E-3.08.cif,In15Sn8,-3.0813,0.0,Metal,P6/mcc,192,46
BaO18_id3730_E-3.08.cif,BaO18,-3.0809,0.51,Semiconductor,Cm,8,38
In3Sb_id4493_E-3.08.cif,In3Sb,-3.0804,0.0,Metal,Pm-3m,221,4
K2Te7_id1025_E-3.08.cif,K2Te7,-3.0799,0.494,Semiconductor,I4/mcm,140,36
Te_id3937_E-3.08.cif,Te,-3.0798,0.231,Semiconductor,P2_12_12_1,19,32
Te_id2302_E-3.08.cif,Te,-3.0795,0.0,Metal,P4/m,83,12
Li2Ga4Si3Ge_id2719_E-3.08.cif,Li2Ga4Si3Ge,-3.0795,0.0,Metal,Pbam,55,20
MgSc10Sn3_id4931_E-3.08.cif,MgSc10Sn3,-3.0788,0.0,Metal,Pm-3,200,14
K2ZnS5O2_id4400_E-3.08.cif,K2ZnS5O2,-3.0752,1.747,Semiconductor,Pbam,55,20
Ga_id3014_E-3.08.cif,Ga,-3.075,0.0,Metal,I4_1/acd,142,16
KZnInSn6Ge_id69_E-3.07.cif,KZnInSn6Ge,-3.07,0.0,Metal,P312,149,10
SnAs5P2Se_id2785_E-3.07.cif,SnAs5P2Se,-3.0672,0.657,Semiconductor,P2/m,10,9
NaAl4Zn2(GaTe4)2_id2741_E-3.07.cif,NaAl4Zn2(GaTe4)2,-3.0653,1.281,Semiconductor,I422,97,34
MgBeTeAs2_id4274_E-3.06.cif,MgBeTeAs2,-3.0649,0.861,Semiconductor,P1,1,20
SrZn3Cd(TeO2)2_id1185_E-3.06.cif,SrZn3Cd(TeO2)2,-3.0637,0.0,Metal,Pmmn,59,22
LiCa2Ge_id1267_E-3.06.cif,LiCa2Ge,-3.0626,0.007,Metal,Fm-3m,225,16
O2_id4174_E-3.06.cif,O2,-3.0619,0.847,Semiconductor,R-3c,167,24
KIn2GaTe8_id1382_E-3.06.cif,KIn2GaTe8,-3.0616,0.11,Semiconductor,I422,97,24
BaNaSrAl2SiAs2_id4069_E-3.06.cif,BaNaSrAl2SiAs2,-3.061,0.0,Metal,P-4n2,118,16
ZnSb8(AsP3)2_id465_E-3.06.cif,ZnSb8(AsP3)2,-3.06,0.0,Metal,I4/mmm,139,34
Mg2CdS4_id400_E-3.06.cif,Mg2CdS4,-3.0598,2.052,Semiconductor,Cccm,66,28
ZnIn2Sb3_id577_E-3.06.cif,ZnIn2Sb3,-3.0567,0.0,Metal,P6/mmm,191,6
Ca2TiAl2_id2844_E-3.06.cif,Ca2TiAl2,-3.0566,0.0,Metal,I23,197,60
LiSi_id2611_E-3.06.cif,LiSi,-3.0565,0.944,Semiconductor,I4_1/acd,142,32
LiAl2Cd(GaSn2)2_id448_E-3.06.cif,LiAl2Cd(GaSn2)2,-3.0559,0.0,Metal,Immm,71,20
Na4CaZn4O4_id332_E-3.06.cif,Na4CaZn4O4,-3.0556,2.847,Semiconductor,P4_2/n,86,26
Mg(GaSn)3_id15_E-3.05.cif,Mg(GaSn)3,-3.0536,0.0,Metal,Pm-3n,223,14
Li5(ZnN)2_id3147_E-3.05.cif,Li5(ZnN)2,-3.0503,2.69,Semiconductor,Pbcn,60,36
Mg2GeSb_id555_E-3.05.cif,Mg2GeSb,-3.0501,0.0,Metal,I-4m2,119,8
GaS2_id224_E-3.05.cif,GaS2,-3.0468,1.962,Semiconductor,Pnnn,48,12
Sr4ZnSn3_id4805_E-3.05.cif,Sr4ZnSn3,-3.0465,0.036,Metal,Im-3m,229,16
NaTe_id2234_E-3.04.cif,NaTe,-3.0447,0.0,Metal,Pbca,61,16
KLi2SiSbAs_id4557_E-3.04.cif,KLi2SiSbAs,-3.0442,0.918,Semiconductor,P-4n2,118,12
Sc2BeZn2_id2083_E-3.04.cif,Sc2BeZn2,-3.0435,0.0,Metal,P6_222,180,15
AsS38_id4539_E-3.04.cif,AsS38,-3.0429,0.588,Semiconductor,Pm-3m,221,39
LiIn3Ga3(SbAs)3_id4425_E-3.04.cif,LiIn3Ga3(SbAs)3,-3.0359,0.0,Metal,P3,143,13
K3MgAl3Te4_id4884_E-3.04.cif,K3MgAl3Te4,-3.0358,0.006,Metal,P-43m,215,11
Na3SnGe3_id3264_E-3.03.cif,Na3SnGe3,-3.0342,0.0,Metal,P6_3,173,14
Te_id4413_E-3.03.cif,Te,-3.0337,0.233,Semiconductor,P2_12_12_1,19,12
Ba2Sb3Te_id2278_E-3.03.cif,Ba2Sb3Te,-3.0335,0.0,Metal,P4_2/m,84,24
Na3Li3S4O3_id3375_E-3.03.cif,Na3Li3S4O3,-3.0328,3.346,Semiconductor,Pm-3m,221,26
K2GeSb2As8Se3_id1932_E-3.03.cif,K2GeSb2As8Se3,-3.0318,0.0,Metal,Pm,6,16
Ba7Al4O2_id2659_E-3.03.cif,Ba7Al4O2,-3.0294,0.0,Metal,P6/mmm,191,13
KLiAl3Zn2InGe(TeS)2_id1282_E-3.03.cif,KLiAl3Zn2InGe(TeS)2,-3.029,1.335,Semiconductor,Pmmn,59,26
Ba4SrO6_id626_E-3.03.cif,Ba4SrO6,-3.0288,0.0,Metal,P4/mmm,123,22
KLiZnInGaSN_id4444_E-3.03.cif,KLiZnInGaSN,-3.0271,0.202,Semiconductor,P2_1/m,11,14
In3Te_id2269_E-3.03.cif,In3Te,-3.0267,0.0,Metal,P4_2/nnm,134,8
Ca3O_id382_E-3.03.cif,Ca3O,-3.0266,0.0,Metal,R-3c,167,24
Mg3ScCd2O2_id1137_E-3.03.cif,Mg3ScCd2O2,-3.0265,0.032,Metal,Pnnm,58,16
Te_id4581_E-3.03.cif,Te,-3.0254,0.182,Semiconductor,P3_2,145,6
CaGe_id21_E-3.02.cif,CaGe,-3.024,0.0,Metal,P6_3/mmc,194,8
ZnGaSn2_id2657_E-3.02.cif,ZnGaSn2,-3.0221,0.0,Metal,I-42d,122,16
Li2Ga2Ge_id957_E-3.02.cif,Li2Ga2Ge,-3.0214,0.0,Metal,P4/mmm,123,20
CdIn2GaSnTe4_id2089_E-3.02.cif,CdIn2GaSnTe4,-3.0208,0.0,Metal,Cmme,67,36
LiIn2Ga2Ge_id4200_E-3.02.cif,LiIn2Ga2Ge,-3.0205,0.0,Metal,Pbam,55,12
Be2GaSnGeSb2_id4128_E-3.02.cif,Be2GaSnGeSb2,-3.0176,0.0,Metal,P4_12_12,92,28
Li2S_id3912_E-3.02.cif,Li2S,-3.0161,3.294,Semiconductor,P3_112,151,18
AlZn2GaAs2_id656_E-3.01.cif,AlZn2GaAs2,-3.0137,0.526,Semiconductor,I4/mmm,139,12
GaSnTe2_id1308_E-3.01.cif,GaSnTe2,-3.0129,0.0,Metal,Pccm,49,8
AsP2_id4579_E-3.01.cif,AsP2,-3.0113,7.038,Insulator,P4_32_12,96,12
AlGa5_id4304_E-3.01.cif,AlGa5,-3.0103,0.0,Metal,P4/mmm,123,6
Mg(ZnTe2)2_id4778_E-3.01.cif,Mg(ZnTe2)2,-3.0077,1.564,Semiconductor,P-42m,111,7
Mg4TiSn2_id4365_E-3.01.cif,Mg4TiSn2,-3.0068,0.0,Metal,P4_22_12,94,14
Ga_id2576_E-3.00.cif,Ga,-3.0035,0.0,Metal,Pm-3m,221,8
In3Sn_id3464_E-3.00.cif,In3Sn,-3.0024,0.0,Metal,Pm-3n,223,8
Ga_id3022_E-3.00.cif,Ga,-3.0018,0.0,Metal,I4_1/acd,142,16
Sr6Li2Ca(GaS2)2_id4558_E-3.00.cif,Sr6Li2Ca(GaS2)2,-3.0015,0.0,Metal,Cmce,64,60
Li2Al2PC2_id1722_E-3.00.cif,Li2Al2PC2,-2.9993,0.01,Metal,P4_322,95,28
Ca(Ga2Sn)2_id1081_E-3.00.cif,Ca(Ga2Sn)2,-2.9976,0.0,Metal,I4_1/a,88,28
LiBeGa4_id1449_E-3.00.cif,LiBeGa4,-2.9975,0.0,Metal,I422,97,12
NaTeSe3_id1530_E-3.00.cif,NaTeSe3,-2.9958,0.14,Semiconductor,Cc,9,20
Ga4Sn4P_id3437_E-2.99.cif,Ga4Sn4P,-2.9943,0.0,Metal,P-42_1c,114,18
Li2Sc4Zn4B_id196_E-2.99.cif,Li2Sc4Zn4B,-2.9937,0.0,Metal,P6_422,181,33
Na2GeTe11_id4241_E-2.99.cif,Na2GeTe11,-2.9919,0.0,Metal,Iba2,45,56
BaNa2Li2Cd2Te(Se2N)4_id4845_E-2.99.cif,BaNa2Li2Cd2Te(Se2N)4,-2.9896,2.157,Semiconductor,P-42_1c,114,40
Ba3Sb_id2727_E-2.99.cif,Ba3Sb,-2.9882,0.127,Semiconductor,R-3,148,24
SeS9_id4257_E-2.99.cif,SeS9,-2.9875,2.271,Semiconductor,Pm-3m,221,10
Ga_id807_E-2.99.cif,Ga,-2.9872,0.0,Metal,I4_1/acd,142,16
Li4InSn4_id4695_E-2.99.cif,Li4InSn4,-2.9857,0.0,Metal,I4/m,87,18
Li2Ga2Ge_id3470_E-2.98.cif,Li2Ga2Ge,-2.9841,0.0,Metal,I4/mmm,139,20
Ge2SbAs3_id3889_E-2.98.cif,Ge2SbAs3,-2.9834,0.0,Metal,P4/mmm,123,6
Li2ScSi2_id1664_E-2.98.cif,Li2ScSi2,-2.983,0.0,Metal,P4_32_12,96,20
Ga_id890_E-2.98.cif,Ga,-2.9829,0.0,Metal,P2_12_12_1,19,8
Ge_id2908_E-2.98.cif,Ge,-2.9827,0.0,Metal,Amm2,38,10
BeZn2(GeTe2)2_id1287_E-2.98.cif,BeZn2(GeTe2)2,-2.9825,0.174,Semiconductor,P-42m,111,9
Ga_id4431_E-2.98.cif,Ga,-2.9825,0.0,Metal,I4_1/acd,142,32
K2BaLiTeO_id3567_E-2.98.cif,K2BaLiTeO,-2.9809,2.022,Semiconductor,Pmc2_1,26,12
SeS8_id146_E-2.98.cif,SeS8,-2.9806,1.724,Semiconductor,Fm-3m,225,36
Na3Li4Cd4O12_id366_E-2.98.cif,Na3Li4Cd4O12,-2.9792,1.792,Semiconductor,I23,197,46
Ge_id4659_E-2.98.cif,Ge,-2.9792,0.0,Metal,C2/c,15,12
Na2GaGe2_id3576_E-2.98.cif,Na2GaGe2,-2.9773,0.0,Metal,Ibam,72,20
InGaSe_id542_E-2.98.cif,InGaSe,-2.9761,0.444,Semiconductor,Pbca,61,24
ZnSe_id359_E-2.98.cif,ZnSe,-2.9751,0.0,Metal,Aea2,41,16
AlInAs_id1708_E-2.97.cif,AlInAs,-2.975,0.0,Metal,P4_132,213,24
Zn3(GeB)2_id3678_E-2.97.cif,Zn3(GeB)2,-2.974,0.0,Metal,P4_12_12,92,28
Ga_id2747_E-2.97.cif,Ga,-2.9716,0.0,Metal,I4_1/acd,142,16
CdGa2(SO)2_id4899_E-2.97.cif,CdGa2(SO)2,-2.9712,0.215,Semiconductor,Pa-3,205,28
ScIn_id4022_E-2.97.cif,ScIn,-2.9708,0.0,Metal,P4mm,99,8
Mg2TiAlGa2_id4357_E-2.97.cif,Mg2TiAlGa2,-2.9702,0.0,Metal,P4/mmm,123,12
Na(ZnGe2)2_id2063_E-2.97.cif,Na(ZnGe2)2,-2.9685,0.0,Metal,P3_121,152,21
Be11AlZn3B2C_id3349_E-2.97.cif,Be11AlZn3B2C,-2.9685,0.0,Metal,P1,1,54
In7Sn4_id1340_E-2.97.cif,In7Sn4,-2.9682,0.0,Metal,P-1,2,11
K2Na2Ga3O8_id4055_E-2.97.cif,K2Na2Ga3O8,-2.9674,3.49,Semiconductor,P-42_1m,113,30
BTe12_id3324_E-2.97.cif,BTe12,-2.9673,0.0,Metal,I432,211,26
SrMgIn4(GaGe)2_id4167_E-2.97.cif,SrMgIn4(GaGe)2,-2.9666,0.0,Metal,I4/mcm,140,40
In5(GaSn)2_id362_E-2.97.cif,In5(GaSn)2,-2.9652,0.0,Metal,Fmm2,42,36
Ca(Zn3P2)2_id2651_E-2.96.cif,Ca(Zn3P2)2,-2.9632,0.036,Metal,Im-3m,229,22
LiSe2S_id233_E-2.96.cif,LiSe2S,-2.9621,1.779,Semiconductor,P6_122,178,24
Cd2Sn4GeTe4_id2946_E-2.96.cif,Cd2Sn4GeTe4,-2.96,0.0,Metal,P-42m,111,11
Na4Cd4InSb4(Te2S)4_id2700_E-2.96.cif,Na4Cd4InSb4(Te2S)4,-2.9579,0.015,Metal,P4_2/n,86,50
InGa2Sb_id1903_E-2.96.cif,InGa2Sb,-2.9572,0.0,Metal,Ibca,73,32
LiAlCd2In4(TeSe)4_id504_E-2.96.cif,LiAlCd2In4(TeSe)4,-2.956,0.438,Semiconductor,P-42c,112,32
CaIn3Ga8_id4415_E-2.96.cif,CaIn3Ga8,-2.9559,0.0,Metal,P6/mmm,191,12
LiZn2GaO_id3521_E-2.95.cif,LiZn2GaO,-2.9548,0.151,Semiconductor,Ibca,73,40
LiGa7_id3343_E-2.95.cif,LiGa7,-2.9529,0.0,Metal,Pm-3,200,8
Cd2In9Sn11Ge2Sb3_id3096_E-2.95.cif,Cd2In9Sn11Ge2Sb3,-2.9506,0.0,Metal,P4bm,100,54
In5Sn3_id4294_E-2.95.cif,In5Sn3,-2.95,0.0,Metal,P-31m,162,16
Ga5Ge_id3046_E-2.95.cif,Ga5Ge,-2.9494,0.0,Metal,P4/mmm,123,12
LiMgGa2Ge_id1135_E-2.95.cif,LiMgGa2Ge,-2.9491,0.0,Metal,I-4m2,119,20
BaGa2(CN)2_id1002_E-2.95.cif,BaGa2(CN)2,-2.949,0.0,Metal,I4/mmm,139,14
Ba2Zn2CdGa3As2_id997_E-2.95.cif,Ba2Zn2CdGa3As2,-2.9488,0.0,Metal,Ibam,72,40
Ca2TiZn_id4171_E-2.95.cif,Ca2TiZn,-2.9483,0.0,Metal,Fm-3m,225,16
NaAlSb_id3721_E-2.95.cif,NaAlSb,-2.9478,0.0,Metal,Pca2_1,29,12
Ge_id4786_E-2.95.cif,Ge,-2.9475,0.001,Metal,I4_1md,109,16
Al3CdGa4_id2732_E-2.95.cif,Al3CdGa4,-2.9471,0.0,Metal,Im-3m,229,16
Sc5Cd2InSn_id4289_E-2.95.cif,Sc5Cd2InSn,-2.9468,0.0,Metal,I-4m2,119,18
Li3Ge_id1715_E-2.95.cif,Li3Ge,-2.9468,0.001,Metal,Fm-3m,225,16
Al3Ga_id1102_E-2.95.cif,Al3Ga,-2.9462,0.231,Semiconductor,P6_122,178,48
LiMgSb2_id44_E-2.95.cif,LiMgSb2,-2.9456,0.0,Metal,Pccm,49,8
CdSiTe2_id4106_E-2.95.cif,CdSiTe2,-2.9453,1.0,Semiconductor,I4_122,98,16
Na2Sn3_id231_E-2.94.cif,Na2Sn3,-2.9438,0.0,Metal,Pn-3m,224,10
Ga_id256_E-2.94.cif,Ga,-2.9415,0.0,Metal,Pm,6,12
BaAl8(CdSn2)4_id4036_E-2.94.cif,BaAl8(CdSn2)4,-2.9409,0.0,Metal,P4_2/nmc,137,42
Al2Sn(Te3Se)4_id2423_E-2.94.cif,Al2Sn(Te3Se)4,-2.9403,1.528,Semiconductor,P-42m,111,19
Ti3Zn7_id1633_E-2.94.cif,Ti3Zn7,-2.9395,0.0,Metal,I-43d,220,40
Na2Ga4SnTe6_id2670_E-2.94.cif,Na2Ga4SnTe6,-2.9389,0.0,Metal,Fmm2,42,52
In4Ge_id2289_E-2.94.cif,In4Ge,-2.9373,0.0,Metal,P-42_1c,114,10
Cd2In3SiSn3_id1232_E-2.94.cif,Cd2In3SiSn3,-2.9352,0.0,Metal,P-62m,189,9
Li12SiTe12_id3915_E-2.93.cif,Li12SiTe12,-2.9348,0.0,Metal,I432,211,50
CdSbTe3Se_id1579_E-2.93.cif,CdSbTe3Se,-2.934,0.0,Metal,Pca2_1,29,24
Li2SnSb_id4556_E-2.93.cif,Li2SnSb,-2.9323,1.056,Semiconductor,Imma,74,16
Li3Sn2_id3425_E-2.93.cif,Li3Sn2,-2.9316,0.0,Metal,P6_3/mcm,193,10
NaLi4Sn3_id3778_E-2.93.cif,NaLi4Sn3,-2.9307,0.0,Metal,Im-3m,229,16
AlIn2_id4641_E-2.93.cif,AlIn2,-2.93,0.0,Metal,Pa-3,205,12
MgSc_id2457_E-2.93.cif,MgSc,-2.9294,0.0,Metal,P6_122,178,24
Ba2Sr2O_id2251_E-2.93.cif,Ba2Sr2O,-2.9294,0.0,Metal,C2/m,12,10
BaMgScAl4_id758_E-2.93.cif,BaMgScAl4,-2.9253,0.0,Metal,P-4n2,118,14
TiBe3Al2Zn2GaSiO2_id331_E-2.93.cif,TiBe3Al2Zn2GaSiO2,-2.9252,0.0,Metal,P3_1,144,36
LiGeB_id4550_E-2.93.cif,LiGeB,-2.925,0.019,Metal,P6_422,181,18
KMg(TiIn)2_id1877_E-2.92.cif,KMg(TiIn)2,-2.924,0.385,Semiconductor,P4_122,91,24
LiMgAlSn_id4902_E-2.92.cif,LiMgAlSn,-2.9238,0.0,Metal,F-43m,216,16
Mg3ScGa3_id1846_E-2.92.cif,Mg3ScGa3,-2.9235,0.0,Metal,P6_3/m,176,14
KNa2O_id2217_E-2.92.cif,KNa2O,-2.9229,1.282,Semiconductor,P-4m2,115,16
Li(MgSb)3_id3360_E-2.92.cif,Li(MgSb)3,-2.9224,1.109,Semiconductor,Pm-3n,223,14
Ga4Ge_id3174_E-2.92.cif,Ga4Ge,-2.9204,0.0,Metal,Cmme,67,20
Te_id3384_E-2.92.cif,Te,-2.9203,0.0,Metal,P4/m,83,4
Ga_id4219_E-2.92.cif,Ga,-2.9192,0.0,Metal,I4_1/acd,142,16
Al_id1969_E-2.92.cif,Al,-2.9185,0.0,Metal,P23,195,12
Sr2Li2SbC_id4915_E-2.92.cif,Sr2Li2SbC,-2.9172,0.0,Metal,P6_3/mmc,194,12
BaIn7Sb_id2296_E-2.92.cif,BaIn7Sb,-2.9167,0.0,Metal,P312,149,9
KNa4Te2As(SO)4_id2389_E-2.92.cif,KNa4Te2As(SO)4,-2.9159,1.209,Semiconductor,I222,23,32
Sb5Te7_id2469_E-2.91.cif,Sb5Te7,-2.9148,0.326,Semiconductor,P-43n,218,24
In3P5S19_id4847_E-2.91.cif,In3P5S19,-2.9134,1.686,Semiconductor,P31m,157,27
In4Sn_id4060_E-2.91.cif,In4Sn,-2.9131,0.0,Metal,I-4m2,119,20
Si2O3_id3273_E-2.91.cif,Si2O3,-2.9128,3.47,Semiconductor,Pbcn,60,20
GaSnSeS4_id2974_E-2.91.cif,GaSnSeS4,-2.912,0.012,Metal,P4/mmm,123,28
ScIn2_id2248_E-2.91.cif,ScIn2,-2.9107,0.0,Metal,Pn-3m,224,6
CdSe_id2401_E-2.91.cif,CdSe,-2.9107,0.0,Metal,P4_2/ncm,138,8
Ga_id4258_E-2.91.cif,Ga,-2.9082,0.0,Metal,P4_2/nmc,137,12
Sc_id2547_E-2.91.cif,Sc,-2.9076,0.0,Metal,P-6m2,187,10
Ti2BeGa_id1156_E-2.91.cif,Ti2BeGa,-2.9076,0.041,Metal,P6_222,180,12
K3SrTe6_id3216_E-2.91.cif,K3SrTe6,-2.9069,1.323,Semiconductor,Fm-3m,225,40
Li3Te2_id1416_E-2.91.cif,Li3Te2,-2.9067,0.87,Semiconductor,P-42_1m,113,10
LiSn2_id3337_E-2.90.cif,LiSn2,-2.905,0.0,Metal,P6/mcc,192,36
BaLi2(InSn2)2_id3922_E-2.90.cif,BaLi2(InSn2)2,-2.9049,0.0,Metal,I4/mcm,140,36
Mg2P_id2656_E-2.90.cif,Mg2P,-2.9046,0.161,Semiconductor,I4_1/acd,142,48
K2BO_id3426_E-2.90.cif,K2BO,-2.9042,1.276,Semiconductor,P6_422,181,12
LiZnGe3As2_id4690_E-2.90.cif,LiZnGe3As2,-2.901,1.791,Semiconductor,P2_1/m,11,14
Zn2Ga3O_id1147_E-2.90.cif,Zn2Ga3O,-2.9002,0.0,Metal,Pn-3m,224,12
Sc3TiAlZn5_id698_E-2.90.cif,Sc3TiAlZn5,-2.8998,0.0,Metal,P4/mmm,123,10
MgAl3_id3841_E-2.90.cif,MgAl3,-2.8997,0.0,Metal,I4/mmm,139,8
Sn3Sb_id789_E-2.90.cif,Sn3Sb,-2.8991,0.0,Metal,P4/mmm,123,4
LiCa2_id3230_E-2.90.cif,LiCa2,-2.8987,0.0,Metal,P6_1,169,18
Mg2TiSn2_id2915_E-2.90.cif,Mg2TiSn2,-2.8955,0.0,Metal,Pbcn,60,20
Ga_id4248_E-2.89.cif,Ga,-2.8944,0.0,Metal,P4_2/nmc,137,12
Li2CaZnTe2_id2229_E-2.89.cif,Li2CaZnTe2,-2.894,1.301,Semiconductor,P-3m1,164,6
Ba2SrO_id476_E-2.89.cif,Ba2SrO,-2.8925,0.0,Metal,I4/mmm,139,8
Te_id4002_E-2.89.cif,Te,-2.8918,0.0,Metal,Fm-3m,225,28
Mg4Sn3C_id2208_E-2.89.cif,Mg4Sn3C,-2.8907,0.0,Metal,Pm-3m,221,8
Ca3Ge_id4402_E-2.89.cif,Ca3Ge,-2.89,0.0,Metal,P6_3/mmc,194,8
KSb2_id4981_E-2.89.cif,KSb2,-2.8896,0.0,Metal,P4_122,91,12
AlGa11_id4740_E-2.89.cif,AlGa11,-2.8887,0.0,Metal,P-4c2,116,24
KLi2(Te2Se)2_id2733_E-2.89.cif,KLi2(Te2Se)2,-2.8883,3.588,Insulator,P-42_1m,113,18
MgAl2ZnTe8_id2843_E-2.89.cif,MgAl2ZnTe8,-2.8866,0.066,Semiconductor,P-42c,112,24
Ca3Sc_id323_E-2.89.cif,Ca3Sc,-2.8856,0.0,Metal,Pm-3m,221,32
BaAlGa3_id2681_E-2.88.cif,BaAlGa3,-2.8845,0.0,Metal,P2,3,10
In8Sn9_id707_E-2.88.cif,In8Sn9,-2.8843,0.0,Metal,P-42_1c,114,34
NaTe7Se2_id3866_E-2.88.cif,NaTe7Se2,-2.8843,1.651,Semiconductor,Pbam,55,20
KGaSn_id1071_E-2.88.cif,KGaSn,-2.8841,0.0,Metal,P6_3/mmc,194,6
Be8GaSi_id1255_E-2.88.cif,Be8GaSi,-2.8837,0.0,Metal,Pmmn,59,20
KNaS_id238_E-2.88.cif,KNaS,-2.8837,1.714,Semiconductor,C222,21,12
Be2Ga_id2586_E-2.88.cif,Be2Ga,-2.8836,0.0,Metal,C222_1,20,12
InGa3_id2325_E-2.88.cif,InGa3,-2.8835,0.0,Metal,Fm-3m,225,16
Al3Zn_id2950_E-2.88.cif,Al3Zn,-2.8823,0.0,Metal,Pc,7,16
K2Na2Si3_id4169_E-2.88.cif,K2Na2Si3,-2.8818,0.476,Semiconductor,Cccm,66,28
BaSbP2(Se3O)2_id4653_E-2.88.cif,BaSbP2(Se3O)2,-2.8807,0.805,Semiconductor,P1,1,36
Al3In_id4602_E-2.88.cif,Al3In,-2.88,0.0,Metal,P4mm,99,16
Ga_id2131_E-2.88.cif,Ga,-2.8788,0.0,Metal,Pmma,51,8
MgSn_id4571_E-2.88.cif,MgSn,-2.8783,0.0,Metal,Pm-3m,221,16
Na4SbO2_id4213_E-2.88.cif,Na4SbO2,-2.8782,0.544,Semiconductor,P4,75,7
Li2InSn_id3388_E-2.88.cif,Li2InSn,-2.8771,0.0,Metal,I-42d,122,16
LiGa4SnP2_id1078_E-2.88.cif,LiGa4SnP2,-2.8764,0.0,Metal,I222,23,16
KNa2In(NO6)2_id2203_E-2.88.cif,KNa2In(NO6)2,-2.876,1.271,Semiconductor,P3_121,152,54
ScTi3(ZnN)3_id4182_E-2.87.cif,ScTi3(ZnN)3,-2.8738,0.0,Metal,R-3c,167,60
Cd3Ga(Si2Sn)2_id4670_E-2.87.cif,Cd3Ga(Si2Sn)2,-2.8733,0.0,Metal,P3_121,152,30
Li3Al7Ga4_id2606_E-2.87.cif,Li3Al7Ga4,-2.8729,0.411,Semiconductor,P1,1,28
ZnGe4_id2139_E-2.87.cif,ZnGe4,-2.8727,0.0,Metal,I4_1/amd,141,20
LiTe6_id4028_E-2.87.cif,LiTe6,-2.8725,0.003,Metal,P31c,159,56
Ga_id4650_E-2.87.cif,Ga,-2.8713,0.0,Metal,P2_12_12_1,19,24
Na2Mg3In7Te2(Se3S)2_id35_E-2.87.cif,Na2Mg3In7Te2(Se3S)2,-2.8699,0.592,Semiconductor,C2,5,44
Na6As3(PSe)2_id927_E-2.87.cif,Na6As3(PSe)2,-2.8698,2.014,Semiconductor,P1,1,26
NaSn_id558_E-2.87.cif,NaSn,-2.8688,0.0,Metal,I4_1/amd,141,8
K3BaP6_id4598_E-2.87.cif,K3BaP6,-2.868,0.0,Metal,P6/mmm,191,10
MgZnGa2Sn3Ge(TeSe)2_id3398_E-2.87.cif,MgZnGa2Sn3Ge(TeSe)2,-2.8663,0.0,Metal,Pnn2,34,24
KIn2Sn3_id3066_E-2.87.cif,KIn2Sn3,-2.8658,0.0,Metal,C222_1,20,24
KCdO6_id3208_E-2.86.cif,KCdO6,-2.8647,3.007,Semiconductor,I4mm,107,16
Ga_id1162_E-2.86.cif,Ga,-2.864,0.0,Metal,Ia-3d,230,48
Ga3Si_id1973_E-2.86.cif,Ga3Si,-2.8622,1.074,Semiconductor,P4_132,213,32
K3GaO_id861_E-2.86.cif,K3GaO,-2.8593,0.329,Semiconductor,Cc,9,20
K3Na2Li2O3_id4160_E-2.86.cif,K3Na2Li2O3,-2.8587,1.177,Semiconductor,I4cm,108,40
LiAl2Ga_id605_E-2.86.cif,LiAl2Ga,-2.8573,0.0,Metal,I-42d,122,16
NaMg(AlTe2)2_id3135_E-2.86.cif,NaMg(AlTe2)2,-2.8556,1.276,Semiconductor,Pbcm,57,32
KScZnSb_id1122_E-2.86.cif,KScZnSb,-2.8554,0.242,Semiconductor,P4_122,91,16
BeC3O14_id4551_E-2.85.cif,BeC3O14,-2.8549,0.775,Semiconductor,R32,155,54
Li3Ga5_id1958_E-2.85.cif,Li3Ga5,-2.8544,0.0,Metal,Im-3m,229,16
AlZnGa7_id2760_E-2.85.cif,AlZnGa7,-2.8536,0.0,Metal,P-6m2,187,9
LiAlTe_id2153_E-2.85.cif,LiAlTe,-2.8523,0.0,Metal,Immm,71,24
Ga5As2_id3407_E-2.85.cif,Ga5As2,-2.8522,0.0,Metal,Pccm,49,14
NaMgSnTe2_id1694_E-2.85.cif,NaMgSnTe2,-2.8514,0.0,Metal,P3_121,152,15
Mg4(ScCd)3_id1777_E-2.85.cif,Mg4(ScCd)3,-2.8513,0.0,Metal,I-43d,220,40
NaLi2InGe2SbTe2_id145_E-2.85.cif,NaLi2InGe2SbTe2,-2.8505,0.0,Metal,Pccm,49,18
BeCd2BO8_id3290_E-2.85.cif,BeCd2BO8,-2.8496,0.0,Metal,P-42c,112,24
Li7Ge3_id2472_E-2.85.cif,Li7Ge3,-2.8479,0.0,Metal,P6_3/m,176,20
Ga2Ge12P_id4522_E-2.85.cif,Ga2Ge12P,-2.8459,0.0,Metal,P6/mmm,191,15
MgInTe_id1262_E-2.84.cif,MgInTe,-2.841,0.0,Metal,P4_2/ncm,138,12
Mg7N2_id202_E-2.84.cif,Mg7N2,-2.8395,0.46,Semiconductor,P-4c2,116,18
Li2InSn_id4014_E-2.84.cif,Li2InSn,-2.8379,0.0,Metal,P-6m2,187,8
NaSn2Sb3_id1988_E-2.83.cif,NaSn2Sb3,-2.8342,0.0,Metal,P6_2,171,18
KZn3In3GeSb7_id1335_E-2.83.cif,KZn3In3GeSb7,-2.8327,0.0,Metal,P3,143,15
CaIn_id4218_E-2.83.cif,CaIn,-2.8326,0.0,Metal,Pm-3m,221,16
LiIn2Ge_id3267_E-2.83.cif,LiIn2Ge,-2.8317,0.0,Metal,P3_121,152,12
NaLi6(GeAs)7_id4891_E-2.83.cif,NaLi6(GeAs)7,-2.8316,0.672,Semiconductor,P6_322,182,42
AlZnGa4_id143_E-2.83.cif,AlZnGa4,-2.8315,0.0,Metal,I422,97,12
Mg3Sc8_id4686_E-2.83.cif,Mg3Sc8,-2.8299,0.0,Metal,P6/mmm,191,11
Te_id3843_E-2.83.cif,Te,-2.8295,0.569,Semiconductor,Pba2,32,14
AlIn4_id4995_E-2.83.cif,AlIn4,-2.8289,0.0,Metal,P-42_1c,114,10
BeAl2Zn4Si2(TeS)2_id3553_E-2.83.cif,BeAl2Zn4Si2(TeS)2,-2.828,0.0,Metal,Cmme,67,52
TiAl4Zn2Ga_id367_E-2.83.cif,TiAl4Zn2Ga,-2.8277,0.0,Metal,C2/c,15,32
Al_id3118_E-2.83.cif,Al,-2.8261,0.0,Metal,I4_132,214,24
Na4Ca2ZnSb2TeAs4_id3327_E-2.83.cif,Na4Ca2ZnSb2TeAs4,-2.8261,0.0,Metal,I4_1/a,88,56
Ga_id4168_E-2.83.cif,Ga,-2.826,0.0,Metal,Pmma,51,8
InGa_id2868_E-2.83.cif,InGa,-2.8256,0.0,Metal,Cmme,67,16
AlIn5_id3837_E-2.82.cif,AlIn5,-2.8223,0.0,Metal,Pmna,53,12
BaLi2CaZn4Sb2(TeSe)2_id2851_E-2.82.cif,BaLi2CaZn4Sb2(TeSe)2,-2.8207,0.0,Metal,P4_2/m,84,56
MgAl2Zn2Cd8(GeTe)8_id4665_E-2.82.cif,MgAl2Zn2Cd8(GeTe)8,-2.8199,0.0,Metal,I422,97,58
LiGa6_id4987_E-2.82.cif,LiGa6,-2.8171,0.0,Metal,P4_2/nnm,134,14
Ga_id4209_E-2.82.cif,Ga,-2.8169,0.0,Metal,P2/c,13,18
BaLi2ZnSi2_id3061_E-2.82.cif,BaLi2ZnSi2,-2.8167,0.611,Semiconductor,P4/mmm,123,24
Ba2LiSn_id2383_E-2.82.cif,Ba2LiSn,-2.8165,0.0,Metal,Fm-3m,225,16
LiCdSnGe_id1125_E-2.82.cif,LiCdSnGe,-2.8159,0.0,Metal,P-6m2,187,4
AlZnSe_id3489_E-2.82.cif,AlZnSe,-2.8153,0.011,Metal,Pbca,61,24
Al5(ZnGa)2_id2840_E-2.81.cif,Al5(ZnGa)2,-2.8142,0.0,Metal,P4_2/m,84,18
In3Sn_id178_E-2.81.cif,In3Sn,-2.8142,0.0,Metal,Pmmm,47,4
Li2Mg2GaTe8_id1807_E-2.81.cif,Li2Mg2GaTe8,-2.8109,0.0,Metal,C2/c,15,52
Te4PSe_id3125_E-2.81.cif,Te4PSe,-2.8108,0.734,Semiconductor,P2/m,10,6
KBa2O_id1463_E-2.81.cif,KBa2O,-2.8086,1.001,Semiconductor,Pa-3,205,16
Zn3CdInSnP2(SO)2_id1961_E-2.81.cif,Zn3CdInSnP2(SO)2,-2.8083,1.386,Semiconductor,Cmme,67,48
ZnIn3Sn17_id1473_E-2.81.cif,ZnIn3Sn17,-2.8059,0.0,Metal,P1,1,21
Mg2Sc_id1599_E-2.81.cif,Mg2Sc,-2.8056,0.0,Metal,Fm-3m,225,12
CaCdSbTe_id600_E-2.80.cif,CaCdSbTe,-2.8032,0.936,Semiconductor,P4_122,91,16
Sr2MgSc2Si2(TeP)2_id4145_E-2.80.cif,Sr2MgSc2Si2(TeP)2,-2.8031,3.212,Semiconductor,Pm,6,44
KInTe2_id2317_E-2.80.cif,KInTe2,-2.8002,0.084,Semiconductor,Pcc2,27,32
Al3Ga4_id2932_E-2.80.cif,Al3Ga4,-2.8,0.0,Metal,P6_4,172,21
In2Ga_id4139_E-2.80.cif,In2Ga,-2.7999,0.0,Metal,Pa-3,205,12
LiTe_id106_E-2.80.cif,LiTe,-2.7988,0.426,Semiconductor,I4_132,214,16
Zn4Si(SO)2_id882_E-2.80.cif,Zn4Si(SO)2,-2.7986,0.236,Semiconductor,P4_2mc,105,18
LiSbTeAs2_id2008_E-2.80.cif,LiSbTeAs2,-2.7983,3.964,Insulator,P6_522,179,30
KBa2NaSn3Sb_id4843_E-2.80.cif,KBa2NaSn3Sb,-2.7979,0.615,Semiconductor,P3,143,8
Ga_id784_E-2.80.cif,Ga,-2.7976,0.0,Metal,P6_322,182,16
Sb(Te3Se)2_id4742_E-2.80.cif,Sb(Te3Se)2,-2.7971,0.008,Metal,P2/m,10,9
BaLi6TeO_id4100_E-2.80.cif,BaLi6TeO,-2.7964,0.234,Semiconductor,P4/mmm,123,9
Na8LiCd2Sn4(SO)4_id14_E-2.80.cif,Na8LiCd2Sn4(SO)4,-2.7963,0.165,Semiconductor,P4_2/n,86,46
Mg3Sc_id1351_E-2.79.cif,Mg3Sc,-2.7938,0.0,Metal,Fm-3m,225,16
TiZn4Sn_id3612_E-2.79.cif,TiZn4Sn,-2.7923,0.0,Metal,P4/nbm,125,12
LiCa2In2Sn_id56_E-2.79.cif,LiCa2In2Sn,-2.7922,0.0,Metal,Cmmm,65,12
Ga_id1826_E-2.79.cif,Ga,-2.7916,0.0,Metal,Fd-3m,227,8
In2Sn_id2655_E-2.79.cif,In2Sn,-2.7896,0.0,Metal,P4_12_12,92,12
Li4ScZnGeTe8_id2082_E-2.79.cif,Li4ScZnGeTe8,-2.7893,2.588,Semiconductor,I222,23,30
Ga_id4632_E-2.79.cif,Ga,-2.7891,0.0,Metal,C222_1,20,20
BeZn(GaAs)2_id3846_E-2.79.cif,BeZn(GaAs)2,-2.789,0.001,Metal,P-42_1m,113,24
MgAl3Ga2Ge3_id3632_E-2.79.cif,MgAl3Ga2Ge3,-2.7888,0.0,Metal,P-3c1,165,18
NaSbTe_id889_E-2.79.cif,NaSbTe,-2.7884,0.935,Semiconductor,P3_221,154,18
K3NaLi4Zn4P(S2O)2_id4754_E-2.79.cif,K3NaLi4Zn4P(S2O)2,-2.7879,0.084,Semiconductor,I222,23,38
Ca5GeN8_id2337_E-2.79.cif,Ca5GeN8,-2.7877,1.366,Semiconductor,P2_1/m,11,28
BaGa_id2791_E-2.79.cif,BaGa,-2.7859,0.0,Metal,Pm-3m,221,16
Sr3Ga2O_id3833_E-2.78.cif,Sr3Ga2O,-2.7826,0.0,Metal,Pn-3m,224,12
Ga_id4758_E-2.78.cif,Ga,-2.7812,0.0,Metal,Cmce,64,20
Na3As2_id2519_E-2.78.cif,Na3As2,-2.78,0.859,Semiconductor,C2/c,15,20
SrIn3Ga_id4242_E-2.78.cif,SrIn3Ga,-2.7791,0.0,Metal,Pm-3m,221,5
Zn5GeSe4_id3306_E-2.78.cif,Zn5GeSe4,-2.7775,0.0,Metal,P-42m,111,10
LiCa4Al3_id179_E-2.78.cif,LiCa4Al3,-2.777,0.0,Metal,Im-3m,229,16
KBe(InS)2_id1148_E-2.78.cif,KBe(InS)2,-2.7766,1.555,Semiconductor,P3_121,152,18
LiCa2Sc_id797_E-2.78.cif,LiCa2Sc,-2.776,0.0,Metal,Fm-3m,225,16
NaMg2Zn(GaSb)4_id2541_E-2.78.cif,NaMg2Zn(GaSb)4,-2.7751,0.0,Metal,P-42c,112,24
LiScInGa2_id2040_E-2.77.cif,LiScInGa2,-2.7742,0.0,Metal,P2/c,13,10
Mg3(Te2Se)2_id1342_E-2.77.cif,Mg3(Te2Se)2,-2.7739,0.026,Metal,P-42_1m,113,18
Ga_id1359_E-2.77.cif,Ga,-2.7738,0.0,Metal,I4_1/acd,142,16
Li5(GaTe2)2_id2373_E-2.77.cif,Li5(GaTe2)2,-2.7735,1.393,Semiconductor,P-42m,111,11
Ga_id4250_E-2.77.cif,Ga,-2.7731,0.0,Metal,P6/mmm,191,5
Sn_id657_E-2.77.cif,Sn,-2.7722,0.0,Metal,I4/mmm,139,4
KNa2Cd2Te4As_id4811_E-2.77.cif,KNa2Cd2Te4As,-2.7717,1.194,Semiconductor,I222,23,20
In2Ga_id2280_E-2.77.cif,In2Ga,-2.7712,0.0,Metal,Fm-3m,225,12
LiTiZn_id3087_E-2.77.cif,LiTiZn,-2.7707,0.0,Metal,P4_22_12,94,24
Ba2InGa_id160_E-2.77.cif,Ba2InGa,-2.7707,0.0,Metal,Fm-3m,225,16
Ba2InGa_id3234_E-2.77.cif,Ba2InGa,-2.7707,0.0,Metal,Fm-3m,225,16
KNaLiBeCdSnBTeSe2_id3810_E-2.77.cif,KNaLiBeCdSnBTeSe2,-2.7688,0.0,Metal,P3_1,144,30
Te_id2599_E-2.77.cif,Te,-2.768,0.0,Metal,P4_232,208,16
NaIn3Sb_id1260_E-2.77.cif,NaIn3Sb,-2.7673,0.0,Metal,Pnnn,48,10
CaIn5_id2543_E-2.77.cif,CaIn5,-2.7664,0.0,Metal,P6/mmm,191,6
In5Ga7_id3121_E-2.77.cif,In5Ga7,-2.7656,0.0,Metal,P-62m,189,12
Zn2InGa2O_id3664_E-2.77.cif,Zn2InGa2O,-2.7654,0.0,Metal,P4_322,95,24
Ga_id1627_E-2.76.cif,Ga,-2.7645,0.0,Metal,P2_12_12_1,19,16
Ca2Ge_id1507_E-2.76.cif,Ca2Ge,-2.7643,0.0,Metal,Pn-3m,224,6
ZnSb(TeSe)2_id2324_E-2.76.cif,ZnSb(TeSe)2,-2.7635,0.995,Semiconductor,P3_221,154,18
Cd2InSe2_id2890_E-2.76.cif,Cd2InSe2,-2.7604,0.0,Metal,Pm-3m,221,30
In3Ga9Sn2Sb3_id2680_E-2.76.cif,In3Ga9Sn2Sb3,-2.7597,0.0,Metal,P6_3cm,185,34
MgIn2Sn_id4816_E-2.76.cif,MgIn2Sn,-2.7588,0.0,Metal,Cmme,67,16
Ba2MgTi_id3012_E-2.76.cif,Ba2MgTi,-2.7574,0.0,Metal,Fm-3m,225,16
Mg3ScTi3Zn7InSn(SbP)3_id4373_E-2.76.cif,Mg3ScTi3Zn7InSn(SbP)3,-2.7561,0.0,Metal,P3m1,156,22
Na4Sn4Sb_id4594_E-2.76.cif,Na4Sn4Sb,-2.756,0.0,Metal,Ccce,68,36
Al6ZnCd_id2442_E-2.75.cif,Al6ZnCd,-2.7547,0.0,Metal,P-42c,112,16
MgSc9Ti_id4877_E-2.75.cif,MgSc9Ti,-2.7546,0.0,Metal,Pm-3,200,11
BaIn_id2456_E-2.75.cif,BaIn,-2.7531,0.0,Metal,Pm-3m,221,16
Ca2ScCd_id2859_E-2.75.cif,Ca2ScCd,-2.7476,0.0,Metal,Fm-3m,225,16
Mg4Cd3Se4_id4715_E-2.75.cif,Mg4Cd3Se4,-2.7466,0.0,Metal,P-43m,215,11
LiGaGe_id1341_E-2.74.cif,LiGaGe,-2.7448,0.0,Metal,P6_522,179,18
ZnAs_id1419_E-2.74.cif,ZnAs,-2.7438,0.0,Metal,P4_32_12,96,8
MgGe_id1536_E-2.74.cif,MgGe,-2.7438,0.0,Metal,P3_1,144,6
In5GaSn_id1512_E-2.74.cif,In5GaSn,-2.742,0.0,Metal,P-42m,111,7
Mg2TiZn2Sn_id566_E-2.74.cif,Mg2TiZn2Sn,-2.7403,0.0,Metal,Immm,71,12
K4CaMg3O3_id1862_E-2.74.cif,K4CaMg3O3,-2.7389,0.017,Metal,Pm-3n,223,22
K4Ba3Na4Sr2ZnO4_id2349_E-2.74.cif,K4Ba3Na4Sr2ZnO4,-2.7388,2.151,Semiconductor,P2_1/c,14,36
MgAl2InGa2_id1549_E-2.74.cif,MgAl2InGa2,-2.7384,0.0,Metal,P3_121,152,18
Ba7P3_id3883_E-2.74.cif,Ba7P3,-2.7375,0.298,Semiconductor,R-3,148,60
NaScAlGa2_id4735_E-2.74.cif,NaScAlGa2,-2.7364,0.0,Metal,P4/mmm,123,5
InGa4_id2895_E-2.73.cif,InGa4,-2.7348,0.0,Metal,Im-3m,229,10
Cd4InO2_id2374_E-2.73.cif,Cd4InO2,-2.7341,0.083,Semiconductor,P4_2/mnm,136,14
Mg4Sn3_id978_E-2.73.cif,Mg4Sn3,-2.7326,0.0,Metal,I-43d,220,28
BaLi3(GaGe)3_id3742_E-2.73.cif,BaLi3(GaGe)3,-2.7325,0.0,Metal,P6_3/m,176,20
Ca(MgGe)2_id2967_E-2.73.cif,Ca(MgGe)2,-2.7322,0.0,Metal,I4/mcm,140,20
Sr4Al3Ga_id1509_E-2.73.cif,Sr4Al3Ga,-2.7319,0.0,Metal,Im-3m,229,16
ZnGa6_id2663_E-2.73.cif,ZnGa6,-2.7318,0.0,Metal,Fm-3m,225,28
Sr4Al3In_id1801_E-2.73.cif,Sr4Al3In,-2.7309,0.022,Metal,Im-3m,229,16
Te_id3590_E-2.73.cif,Te,-2.7302,0.0,Metal,I4/mmm,139,4
MgGa3_id2060_E-2.73.cif,MgGa3,-2.7298,0.0,Metal,Pm-3m,221,32
CdSn3_id3687_E-2.73.cif,CdSn3,-2.7294,0.0,Metal,P4/nmm,129,8
SrGa10_id2780_E-2.73.cif,SrGa10,-2.729,0.0,Metal,I422,97,22
Mg4Sc3In2(Sn2Te)2_id1053_E-2.73.cif,Mg4Sc3In2(Sn2Te)2,-2.7289,0.0,Metal,P6_2,171,45
Ca4Ga3_id589_E-2.73.cif,Ca4Ga3,-2.7287,0.0,Metal,I-43d,220,28
LiZn(GaSn)2_id1383_E-2.73.cif,LiZn(GaSn)2,-2.7282,0.0,Metal,P6_1,169,36
Mg2AlGa5_id186_E-2.73.cif,Mg2AlGa5,-2.727,0.0,Metal,Fmmm,69,32
ZnCdSn4_id539_E-2.73.cif,ZnCdSn4,-2.7269,0.0,Metal,P4/mmm,123,12
GaSb2_id2072_E-2.73.cif,GaSb2,-2.7257,0.397,Semiconductor,Pnn2,34,6
In3Ga_id2351_E-2.72.cif,In3Ga,-2.7241,0.0,Metal,Pm-3n,223,8
Ba4Sr2Ge2B_id2430_E-2.72.cif,Ba4Sr2Ge2B,-2.7233,0.0,Metal,P4_2/mnm,136,18
In_id3551_E-2.72.cif,In,-2.7217,0.0,Metal,Pm-3m,221,8
KNa2Sn2Sb_id4040_E-2.72.cif,KNa2Sn2Sb,-2.7216,0.002,Metal,Cmmm,65,12
CaGa3_id4122_E-2.72.cif,CaGa3,-2.7216,0.0,Metal,Cmmm,65,16
Ca7Ga12_id2273_E-2.72.cif,Ca7Ga12,-2.7208,0.0,Metal,Im-3,204,38
Ca3Mg2Zn4Ga4(Si2Ge3)2_id3458_E-2.72.cif,Ca3Mg2Zn4Ga4(Si2Ge3)2,-2.7207,0.002,Metal,P1,1,23
ZnTe2_id1768_E-2.72.cif,ZnTe2,-2.7206,0.839,Semiconductor,P3_221,154,9
Li2Zn2Ga3Se4_id4323_E-2.72.cif,Li2Zn2Ga3Se4,-2.7187,1.344,Semiconductor,Pmmm,47,11
Zn2GeSb3_id1648_E-2.72.cif,Zn2GeSb3,-2.7171,0.0,Metal,P6/mmm,191,6
SrGa_id3818_E-2.72.cif,SrGa,-2.7165,0.0,Metal,Pm-3m,221,16
CdGaGe_id2528_E-2.72.cif,CdGaGe,-2.7164,0.0,Metal,P-6m2,187,3
SrZn(Te2S)2_id4233_E-2.72.cif,SrZn(Te2S)2,-2.716,1.335,Semiconductor,P3_221,154,24
SrLi2CaAlZnSnGeSb2_id348_E-2.72.cif,SrLi2CaAlZnSnGeSb2,-2.7158,0.0,Metal,P3_1,144,30
In17Sn2_id2133_E-2.71.cif,In17Sn2,-2.7143,0.0,Metal,P6/mmm,191,19
K4Na6Si2SbS4_id704_E-2.71.cif,K4Na6Si2SbS4,-2.7119,2.313,Semiconductor,I-42m,121,34
CaMgIn4Ga_id2226_E-2.71.cif,CaMgIn4Ga,-2.7119,0.0,Metal,I-4m2,119,14
Mg3Ge2_id1001_E-2.71.cif,Mg3Ge2,-2.7105,0.0,Metal,P4_132,213,20
ZnIn7Ga6Sn12Sb_id2077_E-2.71.cif,ZnIn7Ga6Sn12Sb,-2.71,0.127,Semiconductor,P6_322,182,54
CdSn10_id2180_E-2.71.cif,CdSn10,-2.7089,0.0,Metal,P4/mmm,123,11
CdSn9Sb_id996_E-2.71.cif,CdSn9Sb,-2.7087,0.0,Metal,Pm-3,200,11
Ca4SiSn_id3348_E-2.71.cif,Ca4SiSn,-2.7084,0.0,Metal,I4_1/a,88,24
NaLi4GeAs2Se_id3072_E-2.71.cif,NaLi4GeAs2Se,-2.7071,0.0,Metal,P-1,2,18
TeSeS_id135_E-2.71.cif,TeSeS,-2.7067,0.154,Semiconductor,P4/m,83,12
MgIn(GaSn2)2_id3227_E-2.71.cif,MgIn(GaSn2)2,-2.706,0.0,Metal,I-42d,122,32
MgInSn_id1441_E-2.70.cif,MgInSn,-2.704,0.0,Metal,Pmmm,47,6
K2GeAs_id3016_E-2.70.cif,K2GeAs,-2.7028,1.054,Semiconductor,P2_12_12_1,19,16
Ba2TiGa2Sn_id4262_E-2.70.cif,Ba2TiGa2Sn,-2.7021,0.0,Metal,Fd-3m,227,48
SnGe2As3_id4873_E-2.70.cif,SnGe2As3,-2.702,0.0,Metal,P4/mmm,123,6
LiZn2Cd4Ga(SeS)4_id850_E-2.70.cif,LiZn2Cd4Ga(SeS)4,-2.7002,0.792,Semiconductor,P-42c,112,32
NaLiMgAlSnTe2_id894_E-2.70.cif,NaLiMgAlSnTe2,-2.7002,0.0,Metal,Pbcm,57,28
In_id467_E-2.70.cif,In,-2.7,0.0,Metal,I4/mmm,139,8
Al2ZnGa6_id4597_E-2.70.cif,Al2ZnGa6,-2.6997,0.0,Metal,Ibam,72,36
In_id1940_E-2.70.cif,In,-2.6988,0.0,Metal,I4/mmm,139,8
LiZnIn4Ga4Sn2Sb_id3725_E-2.70.cif,LiZnIn4Ga4Sn2Sb,-2.6986,0.0,Metal,Fmm2,42,52
Mg(Al2Zn)2_id620_E-2.70.cif,Mg(Al2Zn)2,-2.6977,0.0,Metal,I-42m,121,14
In_id27_E-2.70.cif,In,-2.6972,0.0,Metal,I4_1/acd,142,16
Al4In4Ga3_id4029_E-2.70.cif,Al4In4Ga3,-2.6971,0.0,Metal,Pm-3m,221,22
BaNa(ZnTe2)4_id319_E-2.70.cif,BaNa(ZnTe2)4,-2.6966,0.0,Metal,I222,23,28
Ba4Ga4As3_id4519_E-2.70.cif,Ba4Ga4As3,-2.6956,0.0,Metal,Fmm2,42,22
In3Ga_id1437_E-2.69.cif,In3Ga,-2.6949,0.0,Metal,P6_3/m,176,8
In_id3975_E-2.69.cif,In,-2.6944,0.0,Metal,I4_1/amd,141,12
CaMg2Sc_id2852_E-2.69.cif,CaMg2Sc,-2.6944,0.0,Metal,P4/mbm,127,16
Ba2CdSn_id714_E-2.69.cif,Ba2CdSn,-2.6932,0.0,Metal,Fm-3m,225,16
Ge2TeAsSe2_id860_E-2.69.cif,Ge2TeAsSe2,-2.6925,0.743,Semiconductor,P4/mmm,123,6
LiCa2In2Sn_id2098_E-2.69.cif,LiCa2In2Sn,-2.6924,0.0,Metal,P3_112,151,18
Ga_id2666_E-2.69.cif,Ga,-2.6922,0.0,Metal,P6/mmm,191,8
BaAlCdIn4_id4480_E-2.69.cif,BaAlCdIn4,-2.6913,0.0,Metal,I-4m2,119,14
In_id3617_E-2.69.cif,In,-2.6906,0.0,Metal,Im-3m,229,16
CdAs_id511_E-2.69.cif,CdAs,-2.6906,0.0,Metal,P3_221,154,6
In_id1339_E-2.69.cif,In,-2.6906,0.0,Metal,Im-3m,229,2
Cd3SnTe8_id3806_E-2.69.cif,Cd3SnTe8,-2.6889,0.0,Metal,P-43m,215,12
Li3Al4In3_id2158_E-2.69.cif,Li3Al4In3,-2.6871,0.0,Metal,I-43d,220,40
In_id3638_E-2.69.cif,In,-2.6854,0.0,Metal,Fm-3m,225,28
BaSrAl2ZnGaSiGe_id4770_E-2.68.cif,BaSrAl2ZnGaSiGe,-2.6815,0.0,Metal,P4_3,78,32
In_id277_E-2.68.cif,In,-2.6814,0.0,Metal,Pm-3n,223,8
Li7Mg2Cd(TeSe3)2_id4799_E-2.68.cif,Li7Mg2Cd(TeSe3)2,-2.6812,0.342,Semiconductor,P2_1/c,14,36
SrLiMg7AlSiTePS3O_id4565_E-2.68.cif,SrLiMg7AlSiTePS3O,-2.6811,1.527,Semiconductor,P2_1,4,34
Ba3(CaTe)2_id733_E-2.68.cif,Ba3(CaTe)2,-2.6806,0.477,Semiconductor,P4/mmm,123,14
K2Ba4NaLi8B4Sb4PO5_id1634_E-2.68.cif,K2Ba4NaLi8B4Sb4PO5,-2.6798,1.11,Semiconductor,P4,75,29
Zn(InGe)2_id4126_E-2.68.cif,Zn(InGe)2,-2.6794,0.0,Metal,P4_2/nnm,134,20
Mg3Ga4Sn_id3153_E-2.68.cif,Mg3Ga4Sn,-2.6781,0.0,Metal,Im-3m,229,16
Ba7O3_id1819_E-2.68.cif,Ba7O3,-2.6778,2.87,Semiconductor,Cmc2_1,36,20
CaGa2_id4229_E-2.68.cif,CaGa2,-2.6776,0.0,Metal,Pbam,55,12
Li2BeZn2P2Se_id4464_E-2.68.cif,Li2BeZn2P2Se,-2.6758,0.007,Metal,P6_422,181,24
KIn2(GaTe2)2_id1514_E-2.67.cif,KIn2(GaTe2)2,-2.6748,1.026,Semiconductor,I422,97,18
In_id2192_E-2.67.cif,In,-2.6742,0.0,Metal,Imm2,44,8
K7O8_id500_E-2.67.cif,K7O8,-2.673,0.05,Metal,P-3m1,164,15
LiIn3_id692_E-2.67.cif,LiIn3,-2.6723,0.0,Metal,Pm-3n,223,8
LiIn3_id4605_E-2.67.cif,LiIn3,-2.6713,0.0,Metal,Pm-3m,221,32
InGa_id3715_E-2.67.cif,InGa,-2.6712,0.0,Metal,P4_222,93,16
In_id471_E-2.67.cif,In,-2.6711,0.0,Metal,P2_12_12_1,19,12
SrCdSn3_id4290_E-2.67.cif,SrCdSn3,-2.6705,0.0,Metal,Pmmm,47,5
BaLi2In2GaSn6_id1488_E-2.67.cif,BaLi2In2GaSn6,-2.669,0.0,Metal,P-3m1,164,12
KNa2Ge2As_id4807_E-2.67.cif,KNa2Ge2As,-2.669,0.379,Semiconductor,P-4n2,118,12
Na2Sn2Te3_id2110_E-2.67.cif,Na2Sn2Te3,-2.6687,0.0,Metal,I4_132,214,28
Ga_id1069_E-2.67.cif,Ga,-2.6684,0.0,Metal,P2_12_12_1,19,20
InGa10_id4351_E-2.67.cif,InGa10,-2.6679,0.0,Metal,I422,97,22
In_id4603_E-2.67.cif,In,-2.6675,0.0,Metal,P4_2/nnm,134,16
LiIn3_id466_E-2.67.cif,LiIn3,-2.6669,0.0,Metal,P4_2/mmc,131,8
Ba4Ga5_id1929_E-2.67.cif,Ba4Ga5,-2.6664,0.0,Metal,P4_2/nmc,137,18
Li(ZnGe)2_id4252_E-2.67.cif,Li(ZnGe)2,-2.6655,0.0,Metal,C222_1,20,40
LiTe_id1241_E-2.66.cif,LiTe,-2.665,0.008,Metal,I4_1/acd,142,32
Li8Te4As_id3389_E-2.66.cif,Li8Te4As,-2.6647,0.421,Semiconductor,Ccc2,37,52
NaLi8(SnGe)3_id4320_E-2.66.cif,NaLi8(SnGe)3,-2.6644,0.014,Metal,P-3c1,165,30
LiBeAsSeSN_id582_E-2.66.cif,LiBeAsSeSN,-2.6642,2.502,Semiconductor,Pca2_1,29,24
Na2LiInGa3Sb_id469_E-2.66.cif,Na2LiInGa3Sb,-2.6636,0.0,Metal,P2_1/m,11,16
KCa4GeAs4_id2448_E-2.66.cif,KCa4GeAs4,-2.6635,0.773,Semiconductor,I4_1/a,88,40
MgSn_id753_E-2.66.cif,MgSn,-2.6634,0.0,Metal,I4_1/acd,142,32
MgBe2ZnGa2Si_id4239_E-2.66.cif,MgBe2ZnGa2Si,-2.6625,0.0,Metal,P42_12,90,14
Mg2O_id217_E-2.66.cif,Mg2O,-2.6624,0.0,Metal,Fd-3m,227,24
Li2TiGe2_id3724_E-2.66.cif,Li2TiGe2,-2.6605,0.0,Metal,P4_332,212,20
Zn2(GaSn)3_id4980_E-2.66.cif,Zn2(GaSn)3,-2.6604,0.0,Metal,Pmmm,47,8
Be3Ga3B_id1397_E-2.66.cif,Be3Ga3B,-2.6603,0.0,Metal,Pm-3n,223,14
Zn4(Ga3Sn)3_id2175_E-2.66.cif,Zn4(Ga3Sn)3,-2.6583,0.0,Metal,P6/mmm,191,16
Mg2InSb_id627_E-2.65.cif,Mg2InSb,-2.6545,0.0,Metal,Fm-3m,225,16
CaGa13_id907_E-2.65.cif,CaGa13,-2.6544,0.0,Metal,P222,16,14
Al3In8_id1906_E-2.65.cif,Al3In8,-2.6543,0.0,Metal,P6_3cm,185,22
In_id2000_E-2.65.cif,In,-2.6516,0.0,Metal,P4cc,103,20
In_id1291_E-2.65.cif,In,-2.6512,0.0,Metal,Pbcn,60,12
In_id2664_E-2.65.cif,In,-2.6509,0.0,Metal,Pa-3,205,12
MgSb_id117_E-2.65.cif,MgSb,-2.6501,0.0,Metal,P4_2/mcm,132,16
K4TeSe2_id3019_E-2.65.cif,K4TeSe2,-2.649,1.656,Semiconductor,P-42_1m,113,14
BeZnGa4_id924_E-2.65.cif,BeZnGa4,-2.6489,0.0,Metal,P-42c,112,12
In_id3261_E-2.65.cif,In,-2.6474,0.0,Metal,I4_1/acd,142,48
Mg3Al11Sn3_id1699_E-2.65.cif,Mg3Al11Sn3,-2.6454,0.0,Metal,P-6,174,17
In_id2770_E-2.65.cif,In,-2.645,0.003,Metal,I4/mmm,139,10
SrLi2B_id1216_E-2.64.cif,SrLi2B,-2.6447,0.0,Metal,P6_222,180,12
Ba2MgSc_id2286_E-2.64.cif,Ba2MgSc,-2.6441,0.0,Metal,Fm-3m,225,16
Zn4As3_id3763_E-2.64.cif,Zn4As3,-2.6435,0.0,Metal,I-43d,220,28
Na(ZnSb)2_id1944_E-2.64.cif,Na(ZnSb)2,-2.6401,2.546,Semiconductor,P3_121,152,15
In_id1500_E-2.64.cif,In,-2.6394,0.0,Metal,P-3m1,164,4
MgAl_id1979_E-2.64.cif,MgAl,-2.639,0.0,Metal,Fd-3m,227,32
CaMg(InGa2)2_id1438_E-2.64.cif,CaMg(InGa2)2,-2.6352,0.0,Metal,I4/mcm,140,32
KNa4Mg2Cd4In4Sn(SeS)4_id377_E-2.63.cif,KNa4Mg2Cd4In4Sn(SeS)4,-2.6346,0.0,Metal,I-42m,121,48
Na2As_id4993_E-2.63.cif,Na2As,-2.6322,0.785,Semiconductor,Pa-3,205,12
AlGa6_id2477_E-2.63.cif,AlGa6,-2.6312,0.0,Metal,Pmma,51,14
K2P_id1175_E-2.63.cif,K2P,-2.6287,0.139,Semiconductor,Pa-3,205,12
Ba2Na4Sn2Sb9Te2_id4082_E-2.63.cif,Ba2Na4Sn2Sb9Te2,-2.6286,0.0,Metal,P2/m,10,19
BaNa3MgSn6_id4721_E-2.63.cif,BaNa3MgSn6,-2.6276,0.0,Metal,P6/mmm,191,11
In_id3039_E-2.63.cif,In,-2.626,0.0,Metal,Im-3m,229,6
In_id3000_E-2.63.cif,In,-2.6259,0.0,Metal,Im-3m,229,12
KScIn_id4465_E-2.63.cif,KScIn,-2.625,0.0,Metal,I-4m2,119,6
ZnGaS_id1965_E-2.62.cif,ZnGaS,-2.6211,1.932,Semiconductor,P6_522,179,18
Na4InSn3_id445_E-2.62.cif,Na4InSn3,-2.6198,0.0,Metal,Im-3m,229,16
NaZn2Sn3_id2825_E-2.62.cif,NaZn2Sn3,-2.6195,0.0,Metal,P6_3/mmc,194,12
MgCdIn3Te2_id4818_E-2.62.cif,MgCdIn3Te2,-2.6184,0.0,Metal,P4mm,99,7
MgBe2Ga8Ge_id3559_E-2.62.cif,MgBe2Ga8Ge,-2.618,0.0,Metal,I422,97,24
Mg2AlSn_id2582_E-2.62.cif,Mg2AlSn,-2.6179,0.0,Metal,I-42d,122,16
Li(MgSn)2_id1511_E-2.62.cif,Li(MgSn)2,-2.6178,0.0,Metal,P6_3/mmc,194,10
KBaNaSb2_id844_E-2.62.cif,KBaNaSb2,-2.6169,0.184,Semiconductor,Pcc2,27,20
Ti3Zn2Si_id3235_E-2.62.cif,Ti3Zn2Si,-2.6158,0.0,Metal,Cm,8,12
KGeS8_id2745_E-2.62.cif,KGeS8,-2.615,2.081,Semiconductor,Cmc2_1,36,40
In6GaSn2Te_id3785_E-2.61.cif,In6GaSn2Te,-2.6126,0.0,Metal,P2/c,13,20
K5(LiTe2)2_id3477_E-2.61.cif,K5(LiTe2)2,-2.6122,1.666,Semiconductor,I222,23,22
Li4Mg3(S4N)2_id4309_E-2.61.cif,Li4Mg3(S4N)2,-2.61,2.838,Semiconductor,P2_1/c,14,34
Al_id1131_E-2.61.cif,Al,-2.6093,0.0,Metal,Pnn2,34,22
Cd4SbTe8Se_id3113_E-2.61.cif,Cd4SbTe8Se,-2.6077,1.129,Semiconductor,I4,79,28
LiGa_id4184_E-2.60.cif,LiGa,-2.6046,0.0,Metal,P4/mmm,123,8
Ca7Ga4_id2947_E-2.60.cif,Ca7Ga4,-2.6038,0.0,Metal,I-43m,217,22
In_id3149_E-2.60.cif,In,-2.6034,0.0,Metal,I4/mmm,139,24
Ca2MgSc2Cd_id3333_E-2.60.cif,Ca2MgSc2Cd,-2.6034,0.0,Metal,Pmmm,47,6
Sr8LiZn2(GaP2)2_id2689_E-2.60.cif,Sr8LiZn2(GaP2)2,-2.6032,0.0,Metal,Pmmm,47,17
MgTiInSn2Sb5_id2221_E-2.60.cif,MgTiInSn2Sb5,-2.6026,0.0,Metal,P3,143,10
KSc2Ga9_id1909_E-2.60.cif,KSc2Ga9,-2.6023,0.0,Metal,P-3c1,165,24
Zn3Ga2N_id3663_E-2.60.cif,Zn3Ga2N,-2.6018,0.0,Metal,Pn-3m,224,12
Mg4Si7Sn3_id3281_E-2.60.cif,Mg4Si7Sn3,-2.6007,0.0,Metal,Pm-3n,223,28
Na2GaSb2Te_id744_E-2.60.cif,Na2GaSb2Te,-2.6006,0.0,Metal,Cmmm,65,12
Na2CdIn2Sn3_id3241_E-2.60.cif,Na2CdIn2Sn3,-2.5994,0.0,Metal,Pmmm,47,8
In2Ga3_id3858_E-2.60.cif,In2Ga3,-2.5992,0.0,Metal,Cmce,64,20
MgSn_id397_E-2.60.cif,MgSn,-2.5969,0.0,Metal,P4_2/mmc,131,4
Li3(InGa)2_id2603_E-2.60.cif,Li3(InGa)2,-2.5953,0.0,Metal,P31m,157,7
In_id4793_E-2.59.cif,In,-2.594,0.0,Metal,P4/mmm,123,4
Ba6CdN_id3934_E-2.59.cif,Ba6CdN,-2.5935,0.0,Metal,P6_322,182,16
In3Ga_id455_E-2.59.cif,In3Ga,-2.5931,0.0,Metal,P6_3,173,8
In_id3950_E-2.59.cif,In,-2.5929,0.0,Metal,P6/mmm,191,12
CdSb_id3673_E-2.59.cif,CdSb,-2.5926,0.0,Metal,P4/nmm,129,8
AlZn2GaGe_id2405_E-2.59.cif,AlZn2GaGe,-2.5924,0.0,Metal,Pccm,49,10
In_id4202_E-2.59.cif,In,-2.5919,0.0,Metal,P-6m2,187,9
In_id622_E-2.59.cif,In,-2.5906,0.0,Metal,P2_12_12_1,19,4
Mg5Sc3_id2452_E-2.59.cif,Mg5Sc3,-2.5902,0.0,Metal,Cmmm,65,16
ZnGa5_id4220_E-2.59.cif,ZnGa5,-2.5892,0.0,Metal,P4_2/mcm,132,24
Ga_id4679_E-2.59.cif,Ga,-2.5887,0.0,Metal,Amm2,38,16
SrCd2(InSn3)2_id341_E-2.59.cif,SrCd2(InSn3)2,-2.5882,0.0,Metal,P2/m,10,11
SrCd6InO3_id1551_E-2.59.cif,SrCd6InO3,-2.587,0.0,Metal,P6_322,182,22
Sc2(ZnGa2)3_id2615_E-2.59.cif,Sc2(ZnGa2)3,-2.5865,0.0,Metal,C2/m,12,22
LiAlGa_id1746_E-2.59.cif,LiAlGa,-2.5864,0.0,Metal,Ccc2,37,24
Zn5Ga2B(SeS)8_id3992_E-2.59.cif,Zn5Ga2B(SeS)8,-2.5863,1.597,Semiconductor,P-42c,112,48
Ba2B_id322_E-2.59.cif,Ba2B,-2.5857,0.0,Metal,P6_422,181,9
CdTe2_id1280_E-2.59.cif,CdTe2,-2.5853,0.699,Semiconductor,Pca2_1,29,12
LiCd2Sn2Sb_id1090_E-2.58.cif,LiCd2Sn2Sb,-2.5846,0.0,Metal,P2_1,4,12
Zn2GeSb2_id2977_E-2.58.cif,Zn2GeSb2,-2.5844,0.0,Metal,P4/mmm,123,10
Ca2In2Sn2As_id4838_E-2.58.cif,Ca2In2Sn2As,-2.582,0.0,Metal,P4/mnc,128,28
Ba2ScCd_id1663_E-2.58.cif,Ba2ScCd,-2.5817,0.0,Metal,Fm-3m,225,16
Li2InGa_id2609_E-2.58.cif,Li2InGa,-2.5813,0.0,Metal,I-42d,122,16
SrAl8(ZnGa)4_id1990_E-2.58.cif,SrAl8(ZnGa)4,-2.5807,0.0,Metal,P4_2/nmc,137,34
MgIn12_id2271_E-2.58.cif,MgIn12,-2.5799,0.0,Metal,Fm-3m,225,52
CdInSn2_id4381_E-2.58.cif,CdInSn2,-2.5772,0.0,Metal,Pmmm,47,4
LiZnIn3SnSe2_id3239_E-2.58.cif,LiZnIn3SnSe2,-2.5763,0.0,Metal,P2_1/m,11,16
SrIn3Sn11_id888_E-2.58.cif,SrIn3Sn11,-2.576,0.0,Metal,P6/mmm,191,15
KAl(InGa)2_id10_E-2.57.cif,KAl(InGa)2,-2.575,0.0,Metal,P-4m2,115,6
CaZnGa6_id3076_E-2.57.cif,CaZnGa6,-2.5749,0.0,Metal,P4/mmm,123,8
Mg3Be2Al2Si2(AsS)2_id522_E-2.57.cif,Mg3Be2Al2Si2(AsS)2,-2.5741,0.04,Metal,Pccn,56,52
Be3Ga_id295_E-2.57.cif,Be3Ga,-2.5736,0.0,Metal,Cmme,67,16
CdIn4Sn_id136_E-2.57.cif,CdIn4Sn,-2.5734,0.0,Metal,Pbam,55,12
BaIn4Ga_id1198_E-2.57.cif,BaIn4Ga,-2.5731,0.0,Metal,I4_1/amd,141,24
Ca3Al3Ga2_id4640_E-2.57.cif,Ca3Al3Ga2,-2.5715,0.016,Metal,P4_132,213,32
Zn2Cd(GaO2)2_id2312_E-2.57.cif,Zn2Cd(GaO2)2,-2.5713,0.062,Semiconductor,P4_2/m,84,18
Li4Ga3_id673_E-2.57.cif,Li4Ga3,-2.571,0.0,Metal,I-43d,220,28
Li4Ca3(MgSe3)2_id4135_E-2.57.cif,Li4Ca3(MgSe3)2,-2.5697,0.021,Metal,Cccm,66,60
K3Ba2LiO2_id1774_E-2.57.cif,K3Ba2LiO2,-2.5688,2.822,Semiconductor,P2/m,10,8
Na(InGa2)2_id463_E-2.57.cif,Na(InGa2)2,-2.568,0.0,Metal,I4/mmm,139,14
CdTe_id3593_E-2.57.cif,CdTe,-2.5672,0.0,Metal,P4/mmm,123,8
Ba2ScZn_id4875_E-2.57.cif,Ba2ScZn,-2.5669,0.0,Metal,Fm-3m,225,16
LiZn4(SnAs)4_id4887_E-2.57.cif,LiZn4(SnAs)4,-2.566,0.0,Metal,I4_1/a,88,52
LiCd3In3SbAs3_id962_E-2.57.cif,LiCd3In3SbAs3,-2.5651,0.0,Metal,P6_322,182,22
KMg3Sn3C_id3844_E-2.56.cif,KMg3Sn3C,-2.5647,0.0,Metal,Pm-3m,221,8
LiGa3_id1035_E-2.56.cif,LiGa3,-2.5643,0.0,Metal,Pmmn,59,8
In5Ga4_id2933_E-2.56.cif,In5Ga4,-2.5635,0.0,Metal,P-62m,189,9
KO4_id2173_E-2.56.cif,KO4,-2.5614,3.521,Insulator,P4/nbm,125,20
BaSr2O_id3346_E-2.56.cif,BaSr2O,-2.5609,0.614,Semiconductor,P4_2/mmc,131,8
SrScIn3Ga5_id4790_E-2.56.cif,SrScIn3Ga5,-2.5605,0.0,Metal,P4/mmm,123,10
AlIn_id2619_E-2.56.cif,AlIn,-2.5597,0.0,Metal,Imma,74,16
In_id1814_E-2.56.cif,In,-2.5595,0.0,Metal,C222_1,20,8
CdGa4_id3166_E-2.56.cif,CdGa4,-2.5588,0.0,Metal,P4_2/nmc,137,10
Sr6CaSi4_id1079_E-2.56.cif,Sr6CaSi4,-2.5587,0.0,Metal,I4mm,107,22
CdAs_id3522_E-2.56.cif,CdAs,-2.5582,0.0,Metal,Pn-3m,224,16
Mg2GaSb_id3488_E-2.56.cif,Mg2GaSb,-2.5579,0.0,Metal,P4/mmm,123,8
Mg2InSn_id2149_E-2.56.cif,Mg2InSn,-2.5577,0.0,Metal,Fm-3m,225,16
CaCd2Ga4Si(GeSe2)4_id3624_E-2.56.cif,CaCd2Ga4Si(GeSe2)4,-2.5568,1.551,Semiconductor,I422,97,40
SrIn4_id3809_E-2.55.cif,SrIn4,-2.5548,0.0,Metal,Pmma,51,10
NaCd(NO8)2_id1360_E-2.55.cif,NaCd(NO8)2,-2.5543,1.346,Semiconductor,P3_121,152,60
K2Li2CdGa5Sn2_id1178_E-2.55.cif,K2Li2CdGa5Sn2,-2.5543,0.0,Metal,C222,21,24
In_id3289_E-2.55.cif,In,-2.5541,0.0,Metal,P6/mmm,191,10
CaIn10_id89_E-2.55.cif,CaIn10,-2.5529,0.0,Metal,I-42d,122,44
Mg3Si2_id3156_E-2.55.cif,Mg3Si2,-2.5522,0.0,Metal,P6_3/mcm,193,20
LiIn4_id3731_E-2.55.cif,LiIn4,-2.5516,0.0,Metal,Ccce,68,20
Na2Li2Sn3Ge_id516_E-2.55.cif,Na2Li2Sn3Ge,-2.5506,0.006,Metal,P-4n2,118,16
Al2Zn2Ga3Si2_id3052_E-2.55.cif,Al2Zn2Ga3Si2,-2.5506,0.617,Semiconductor,P4_12_12,92,36
Ti3Zn5Ga4_id3694_E-2.55.cif,Ti3Zn5Ga4,-2.5505,0.0,Metal,P-62m,189,12
Ba4In13_id671_E-2.55.cif,Ba4In13,-2.5504,0.0,Metal,P622,177,17
Li2In6Ga5Sn2_id4832_E-2.55.cif,Li2In6Ga5Sn2,-2.5491,0.0,Metal,Imma,74,60
In_id3800_E-2.55.cif,In,-2.5483,0.0,Metal,C2/c,15,52
MgAl2_id4205_E-2.55.cif,MgAl2,-2.5483,0.0,Metal,P4_332,212,12
ZnGaSn_id3365_E-2.55.cif,ZnGaSn,-2.5468,0.0,Metal,Pmna,53,12
In_id416_E-2.55.cif,In,-2.5466,0.0,Metal,Fd-3m,227,8
In12Sn_id1338_E-2.55.cif,In12Sn,-2.5455,0.0,Metal,Fm-3m,225,52
Mg2InGaGe_id983_E-2.55.cif,Mg2InGaGe,-2.5455,0.0,Metal,Pnnn,48,10
Ba2Li2MgZnN_id728_E-2.54.cif,Ba2Li2MgZnN,-2.5448,0.0,Metal,P4/mmm,123,7
Ca2Al_id4782_E-2.54.cif,Ca2Al,-2.5433,0.0,Metal,Pbca,61,12
BeAl4Ga3_id3040_E-2.54.cif,BeAl4Ga3,-2.5424,0.0,Metal,I422,97,16
LiMgAlGa_id195_E-2.54.cif,LiMgAlGa,-2.5411,0.0,Metal,P4_3,78,16
BaCdIn5_id1095_E-2.54.cif,BaCdIn5,-2.5405,0.0,Metal,I-4m2,119,14
MgScGa2_id1301_E-2.54.cif,MgScGa2,-2.5398,0.0,Metal,P4_32_12,96,16
MgSn_id2901_E-2.54.cif,MgSn,-2.5391,0.0,Metal,F-43m,216,8
Ba4CaSn3_id2717_E-2.54.cif,Ba4CaSn3,-2.5375,0.0,Metal,P3m1,156,8
Li3CdInSi_id848_E-2.54.cif,Li3CdInSi,-2.5369,0.0,Metal,Pmmn,59,12
AlGeS_id1769_E-2.53.cif,AlGeS,-2.5349,0.227,Semiconductor,P6_522,179,18
NaAl4Zn_id1525_E-2.53.cif,NaAl4Zn,-2.5344,0.0,Metal,I422,97,12
CdGaSn_id2195_E-2.53.cif,CdGaSn,-2.5344,0.0,Metal,Cmme,67,12
Na4Ca4TiZn4Se4(SO)4_id4364_E-2.53.cif,Na4Ca4TiZn4Se4(SO)4,-2.5342,2.353,Semiconductor,P2,3,50
Ba4ZnGa3_id4575_E-2.53.cif,Ba4ZnGa3,-2.5335,0.0,Metal,Im-3m,229,16
SrCdIn5_id4037_E-2.53.cif,SrCdIn5,-2.5333,0.0,Metal,I-4m2,119,14
Ba3Ca3InO_id3394_E-2.53.cif,Ba3Ca3InO,-2.5328,0.0,Metal,Pm-3m,221,8
In_id3296_E-2.53.cif,In,-2.532,0.0,Metal,Pmna,53,16
ZnSb_id4481_E-2.53.cif,ZnSb,-2.5281,0.0,Metal,P4_2/ncm,138,8
LiAl2ZnIn2GaGe2_id261_E-2.53.cif,LiAl2ZnIn2GaGe2,-2.5269,0.0,Metal,P2_1,4,18
Mg2AlGa2_id2640_E-2.53.cif,Mg2AlGa2,-2.5257,0.0,Metal,Pa-3,205,20
KCd2Ga2(GeAs)2_id1687_E-2.53.cif,KCd2Ga2(GeAs)2,-2.5255,0.0,Metal,P4_122,91,36
CdInGe_id2418_E-2.52.cif,CdInGe,-2.5245,0.0,Metal,P4_2/mmc,131,6
Na5SrCa4N2_id2961_E-2.52.cif,Na5SrCa4N2,-2.5235,0.605,Semiconductor,I4/mmm,139,24
K(LiGe2)2_id1501_E-2.52.cif,K(LiGe2)2,-2.5209,0.009,Metal,I-4c2,120,28
Li4ZnGa3_id2249_E-2.52.cif,Li4ZnGa3,-2.5206,0.0,Metal,Im-3m,229,16
BeZnSi_id1023_E-2.52.cif,BeZnSi,-2.5204,0.0,Metal,P6_522,179,18
LiIn2_id1802_E-2.52.cif,LiIn2,-2.5202,0.0,Metal,Pa-3,205,12
MgZnGa4_id384_E-2.52.cif,MgZnGa4,-2.52,0.0,Metal,I422,97,12
LiGe2SbAs2_id1848_E-2.52.cif,LiGe2SbAs2,-2.5194,0.0,Metal,P4/mmm,123,6
In_id2991_E-2.52.cif,In,-2.5188,0.0,Metal,P2_12_12_1,19,12
K4NaZn3O3_id3342_E-2.52.cif,K4NaZn3O3,-2.5175,1.065,Semiconductor,Pm-3n,223,22
Al4Ga3_id1672_E-2.52.cif,Al4Ga3,-2.517,0.0,Metal,P2,3,14
Li9ZnSn3Ge2_id3517_E-2.52.cif,Li9ZnSn3Ge2,-2.5167,0.0,Metal,P-31m,162,15
Li9ZnSn3Ge2_id1307_E-2.52.cif,Li9ZnSn3Ge2,-2.5163,0.0,Metal,P-31m,162,15
KBaNa2Zn2(InGe)2_id4086_E-2.52.cif,KBaNa2Zn2(InGe)2,-2.5151,2.103,Semiconductor,P-3m1,164,10
Mg2Ga2Ge_id4922_E-2.51.cif,Mg2Ga2Ge,-2.5149,0.0,Metal,Pccm,49,10
Al_id2455_E-2.51.cif,Al,-2.5143,0.0,Metal,C2/c,15,56
Sr2AlIn_id2886_E-2.51.cif,Sr2AlIn,-2.5124,0.0,Metal,Imm2,44,8
Be2Zn3Ga2SiGe_id2235_E-2.51.cif,Be2Zn3Ga2SiGe,-2.5111,0.0,Metal,P6_1,169,54
KSn(AsS)2_id944_E-2.51.cif,KSn(AsS)2,-2.5101,0.076,Semiconductor,Pmmn,59,12
MgZnSe_id3492_E-2.51.cif,MgZnSe,-2.5061,1.521,Semiconductor,Aea2,41,24
Te_id1418_E-2.51.cif,Te,-2.5057,0.0,Metal,I4/mmm,139,4
KGa3_id1266_E-2.50.cif,KGa3,-2.5044,0.0,Metal,Pm-3n,223,8
Na2GaTe4As_id2464_E-2.50.cif,Na2GaTe4As,-2.5039,0.0,Metal,P-42c,112,16
Ba4CdIn3_id598_E-2.50.cif,Ba4CdIn3,-2.5039,0.0,Metal,Im-3m,229,16
LiCa2Zn2Ga3_id4555_E-2.50.cif,LiCa2Zn2Ga3,-2.5034,0.0,Metal,Pn-3m,224,16
Li4Zn5Sn6_id1263_E-2.50.cif,Li4Zn5Sn6,-2.502,0.0,Metal,P4cc,103,30
KSn_id4591_E-2.50.cif,KSn,-2.502,0.446,Semiconductor,P3m1,156,4
Ca(Zn2Si)2_id2183_E-2.50.cif,Ca(Zn2Si)2,-2.5015,0.0,Metal,I4/mcm,140,28
Ca2Ga_id4937_E-2.50.cif,Ca2Ga,-2.5007,0.0,Metal,Pa-3,205,12
ZnCdSn2_id4013_E-2.50.cif,ZnCdSn2,-2.5006,0.0,Metal,I-42d,122,16
In16Sn9_id77_E-2.50.cif,In16Sn9,-2.5005,0.0,Metal,P-42_1c,114,50
Ba(LiIn2)4_id1_E-2.50.cif,Ba(LiIn2)4,-2.5003,0.0,Metal,P4_2/nmc,137,26
Li(Al4Ga)2_id3069_E-2.50.cif,Li(Al4Ga)2,-2.5002,0.0,Metal,I2_12_12_1,24,44
Mg5Sc3In_id3107_E-2.50.cif,Mg5Sc3In,-2.5002,0.0,Metal,Pmmm,47,9
Ba4SN_id279_E-2.50.cif,Ba4SN,-2.4988,0.0,Metal,P4/mmm,123,6
BaLiCdIn2GaSn2_id1173_E-2.50.cif,BaLiCdIn2GaSn2,-2.4979,0.0,Metal,Imm2,44,16
ZnCdS2O_id2227_E-2.50.cif,ZnCdS2O,-2.4961,1.645,Semiconductor,P4mm,99,5
AlIn7_id2434_E-2.49.cif,AlIn7,-2.4949,0.0,Metal,P6_3/mcm,193,16
Na2Cd2In4Sn9_id352_E-2.49.cif,Na2Cd2In4Sn9,-2.4937,0.0,Metal,C2/m,12,34
Be3Al3Zn_id464_E-2.49.cif,Be3Al3Zn,-2.4929,0.0,Metal,Pm-3n,223,14
Na3CdSn4_id2997_E-2.49.cif,Na3CdSn4,-2.4907,0.178,Semiconductor,P4/mmm,123,8
Ba2Ga_id2665_E-2.49.cif,Ba2Ga,-2.4904,0.011,Metal,Pa-3,205,12
MgScCd2_id617_E-2.49.cif,MgScCd2,-2.4901,0.0,Metal,P4/mmm,123,8
SrGaSn2_id3005_E-2.49.cif,SrGaSn2,-2.4901,0.0,Metal,P6_3/mmc,194,8
CdO_id3739_E-2.49.cif,CdO,-2.4896,0.152,Semiconductor,P4_2/mcm,132,16
Li3Ga4Si2Ge_id2223_E-2.49.cif,Li3Ga4Si2Ge,-2.4886,0.0,Metal,Ibam,72,40
Na4Li2ScZn2Ge2O_id104_E-2.49.cif,Na4Li2ScZn2Ge2O,-2.4886,0.0,Metal,P3_112,151,36
CdSb_id3956_E-2.49.cif,CdSb,-2.4874,0.0,Metal,Fd-3m,227,32
Ga_id2491_E-2.48.cif,Ga,-2.4839,0.0,Metal,P2_12_12_1,19,28
Ti4(ZnGa2)7_id3805_E-2.48.cif,Ti4(ZnGa2)7,-2.4811,0.0,Metal,Immm,71,50
MgIn4_id2985_E-2.48.cif,MgIn4,-2.4807,0.0,Metal,I-4m2,119,20
Na6Sn2Ge2AsSe_id1292_E-2.48.cif,Na6Sn2Ge2AsSe,-2.4799,0.129,Semiconductor,P-4m2,115,12
NaLi2Sn2Sb_id4437_E-2.48.cif,NaLi2Sn2Sb,-2.4792,0.007,Metal,P2/m,10,6
KZn7O3_id609_E-2.48.cif,KZn7O3,-2.4787,0.355,Semiconductor,Pm-3n,223,22
Li3In3Ge_id2845_E-2.48.cif,Li3In3Ge,-2.4782,0.0,Metal,P6_3/m,176,14
Ca4Sn_id4619_E-2.48.cif,Ca4Sn,-2.4781,0.0,Metal,Ccce,68,20
KTiCdTe_id3719_E-2.47.cif,KTiCdTe,-2.474,0.0,Metal,P3_221,154,12
Li2Ti_id2725_E-2.47.cif,Li2Ti,-2.4728,0.729,Semiconductor,Cmme,67,24
In_id436_E-2.47.cif,In,-2.4712,0.0,Metal,Pmmm,47,4
Mg3Sc2Cd2In_id3929_E-2.47.cif,Mg3Sc2Cd2In,-2.4701,0.0,Metal,Pbam,55,16
Ba2SrLi4Ga4Ge_id2422_E-2.47.cif,Ba2SrLi4Ga4Ge,-2.4696,0.413,Semiconductor,C222,21,24
KNa6Li7(GaO2)3_id3466_E-2.47.cif,KNa6Li7(GaO2)3,-2.467,0.687,Semiconductor,P-31c,163,46
Na2CaSn_id2309_E-2.47.cif,Na2CaSn,-2.466,0.0,Metal,F-43m,216,16
Ba2Mg2Sn_id16_E-2.46.cif,Ba2Mg2Sn,-2.4649,0.0,Metal,Ibam,72,20
Al3Te_id4961_E-2.46.cif,Al3Te,-2.4641,1.329,Semiconductor,P3c1,158,8
LiAl_id1899_E-2.46.cif,LiAl,-2.4625,0.0,Metal,I4_1/acd,142,32
Li2Mg5Sc2CdIn2_id4215_E-2.46.cif,Li2Mg5Sc2CdIn2,-2.4622,0.0,Metal,Fmmm,69,48
MgIn3_id3413_E-2.46.cif,MgIn3,-2.462,0.0,Metal,Fm-3m,225,16
In2Ga_id1443_E-2.46.cif,In2Ga,-2.4598,0.0,Metal,Pn-3m,224,6
Li3ZnIn5Ga3_id3512_E-2.46.cif,Li3ZnIn5Ga3,-2.4597,0.0,Metal,P-62m,189,12
Mg2Sc3In_id527_E-2.46.cif,Mg2Sc3In,-2.4578,0.0,Metal,Cmcm,63,24
BaNaGa6B6Sb_id3170_E-2.46.cif,BaNaGa6B6Sb,-2.4573,0.0,Metal,P312,149,15
Li5PO3_id3282_E-2.46.cif,Li5PO3,-2.4572,3.339,Semiconductor,P-42_1m,113,36
Li(MgSn)4_id3881_E-2.46.cif,Li(MgSn)4,-2.4569,0.0,Metal,I4/m,87,18
Zn4Ga5Ge3_id3217_E-2.46.cif,Zn4Ga5Ge3,-2.4567,0.0,Metal,P-43m,215,12
Ba3Se4_id3416_E-2.46.cif,Ba3Se4,-2.4565,0.467,Semiconductor,P6_3/m,176,14
MgScCd_id1327_E-2.45.cif,MgScCd,-2.4544,0.0,Metal,Pmma,51,12
ScCd3_id1300_E-2.45.cif,ScCd3,-2.4539,0.0,Metal,I4/mmm,139,8
Li3Ga2_id1517_E-2.45.cif,Li3Ga2,-2.4514,0.288,Semiconductor,Cmce,64,20
Li4CdGe_id4076_E-2.45.cif,Li4CdGe,-2.4494,0.006,Metal,I422,97,12
Li2Ga3Ge_id986_E-2.45.cif,Li2Ga3Ge,-2.4491,0.0,Metal,Pmmn,59,12
BaMgCd2(GeAs)2_id2631_E-2.45.cif,BaMgCd2(GeAs)2,-2.448,0.0,Metal,P4_122,91,32
Li3TiZnSn6_id1849_E-2.45.cif,Li3TiZnSn6,-2.4476,0.0,Metal,Pm-3m,221,11
Na5Li2Cd2(TeS)2_id1205_E-2.45.cif,Na5Li2Cd2(TeS)2,-2.4474,1.838,Semiconductor,P4_22_12,94,52
K2Sn3_id1782_E-2.45.cif,K2Sn3,-2.4474,0.026,Metal,Pmmm,47,20
LiIn2_id1022_E-2.45.cif,LiIn2,-2.4474,0.0,Metal,P4/mmm,123,6
Li7MgSn2_id3421_E-2.45.cif,Li7MgSn2,-2.4456,0.0,Metal,C2/m,12,20
Zn3GaSi2_id937_E-2.45.cif,Zn3GaSi2,-2.4452,0.423,Semiconductor,I4_1,80,24
Li7ScInGa_id2980_E-2.45.cif,Li7ScInGa,-2.4452,0.0,Metal,P312,149,10
Cd2In3O_id116_E-2.45.cif,Cd2In3O,-2.445,0.225,Semiconductor,Pn-3m,224,12
Mg2ScIn2_id933_E-2.44.cif,Mg2ScIn2,-2.4449,0.0,Metal,Pmmm,47,5
Na3Se_id3644_E-2.44.cif,Na3Se,-2.4442,0.0,Metal,Ibca,73,32
LiAl3Zn2_id142_E-2.44.cif,LiAl3Zn2,-2.4441,0.0,Metal,Ibam,72,24
K4Na3GaSb3AsP3_id3850_E-2.44.cif,K4Na3GaSb3AsP3,-2.4438,0.947,Semiconductor,P3,143,15
KCdSb_id3054_E-2.44.cif,KCdSb,-2.4437,0.334,Semiconductor,Pmmm,47,6
NaCdGe2_id1494_E-2.44.cif,NaCdGe2,-2.4432,0.0,Metal,Pccm,49,8
MgSc(Zn2Ga)2_id1550_E-2.44.cif,MgSc(Zn2Ga)2,-2.4412,0.0,Metal,P4/mmm,123,8
ZnTe_id1747_E-2.44.cif,ZnTe,-2.4394,0.301,Semiconductor,Pca2_1,29,8
MgZnCdGa8Sn_id346_E-2.44.cif,MgZnCdGa8Sn,-2.4391,0.0,Metal,Pmmm,47,12
Ca2ZnGa_id4661_E-2.44.cif,Ca2ZnGa,-2.4378,0.0,Metal,Fm-3m,225,16
BaGa5Si_id3074_E-2.44.cif,BaGa5Si,-2.4359,0.0,Metal,Pm,6,7
SrCd3N_id3696_E-2.44.cif,SrCd3N,-2.4354,0.0,Metal,Pm-3m,221,5
Li2In_id2388_E-2.43.cif,Li2In,-2.4325,0.0,Metal,I4/mcm,140,12
NaLi2Sn_id2043_E-2.43.cif,NaLi2Sn,-2.4305,0.0,Metal,I-42d,122,16
AlGa_id4236_E-2.43.cif,AlGa,-2.4303,0.0,Metal,Pmma,51,12
NaCa2InTeSe_id3300_E-2.43.cif,NaCa2InTeSe,-2.4282,0.0,Metal,P1,1,24
Ba2Na2Li4Sn4Sb_id1673_E-2.43.cif,Ba2Na2Li4Sn4Sb,-2.4274,0.0,Metal,Cccm,66,52
Na2Mg7Ti2Al2Zn2Si3_id1091_E-2.43.cif,Na2Mg7Ti2Al2Zn2Si3,-2.427,0.0,Metal,P2_1/c,14,36
AlCdGa6_id2438_E-2.43.cif,AlCdGa6,-2.4269,0.0,Metal,I4/mmm,139,16
Be2Al2CdGa2_id1522_E-2.43.cif,Be2Al2CdGa2,-2.4262,0.0,Metal,I4/mcm,140,28
LiCd5(InSe2)2_id3795_E-2.43.cif,LiCd5(InSe2)2,-2.4253,2.074,Semiconductor,I-42d,122,48
MgZnGe_id340_E-2.42.cif,MgZnGe,-2.4246,0.0,Metal,Cmcm,63,12
ZnSn_id2799_E-2.42.cif,ZnSn,-2.4246,0.0,Metal,P6_3/mmc,194,4
SrIn4_id2661_E-2.42.cif,SrIn4,-2.4222,0.0,Metal,Pmmm,47,5
Al(ZnGa)2_id3927_E-2.42.cif,Al(ZnGa)2,-2.4222,0.0,Metal,I-4m2,119,20
Mg2Al7_id4101_E-2.42.cif,Mg2Al7,-2.4218,0.0,Metal,Cccm,66,36
CdSn_id4614_E-2.42.cif,CdSn,-2.4217,0.0,Metal,Fd-3m,227,16
In15Sn2_id3390_E-2.42.cif,In15Sn2,-2.4209,0.0,Metal,Pmna,53,34
NaBAsSN5O_id507_E-2.42.cif,NaBAsSN5O,-2.4202,0.0,Metal,Pca2_1,29,40
Ca3In_id3191_E-2.42.cif,Ca3In,-2.4191,0.0,Metal,Pm-3n,223,8
Mg2In3Sn_id2511_E-2.42.cif,Mg2In3Sn,-2.419,0.0,Metal,Pbam,55,12
KMgIn6_id3253_E-2.42.cif,KMgIn6,-2.4185,0.0,Metal,P-31c,163,16
LiMg2As_id105_E-2.41.cif,LiMg2As,-2.4135,0.984,Semiconductor,P3_121,152,12
Na2In5_id921_E-2.41.cif,Na2In5,-2.4103,0.0,Metal,Pn-3m,224,14
InB2N_id1333_E-2.41.cif,InB2N,-2.4102,0.0,Metal,P4_2/ncm,138,16
AlZn3Ga2Te2Se10(SO2)2_id3842_E-2.41.cif,AlZn3Ga2Te2Se10(SO2)2,-2.4095,1.779,Semiconductor,Pnn2,34,48
LiMgIn2Sn_id2624_E-2.41.cif,LiMgIn2Sn,-2.4094,0.0,Metal,P4_2/mmc,131,10
In5Ga_id1297_E-2.41.cif,In5Ga,-2.4079,0.0,Metal,P2/c,13,12
Li2AlInGa_id144_E-2.41.cif,Li2AlInGa,-2.4059,0.0,Metal,P6_3/mcm,193,30
KMgSnGe2_id313_E-2.41.cif,KMgSnGe2,-2.4057,0.0,Metal,Immm,71,10
K4MgP4_id4930_E-2.41.cif,K4MgP4,-2.4054,1.455,Semiconductor,I4_1/a,88,36
Te_id3575_E-2.41.cif,Te,-2.405,0.583,Semiconductor,P6_3/m,176,8
Na3Te_id2259_E-2.41.cif,Na3Te,-2.405,0.195,Semiconductor,R-3,148,24
LiCdIn2TeS2_id606_E-2.40.cif,LiCdIn2TeS2,-2.4046,1.122,Semiconductor,P4_22_12,94,28
Al3ZnO4_id556_E-2.40.cif,Al3ZnO4,-2.4033,0.245,Semiconductor,P-42c,112,16
In2Si4TeS_id2748_E-2.40.cif,In2Si4TeS,-2.4027,12.704,Insulator,P3_1,144,24
Li4Be2Ge_id925_E-2.40.cif,Li4Be2Ge,-2.3995,0.0,Metal,Ccc2,37,28
KNa3TiTeS2_id4445_E-2.40.cif,KNa3TiTeS2,-2.3979,0.01,Metal,P3_112,151,24
Ba3CdSn_id982_E-2.40.cif,Ba3CdSn,-2.3967,0.0,Metal,P4/mmm,123,20
Li2MgInSb2_id4466_E-2.40.cif,Li2MgInSb2,-2.3967,0.0,Metal,Fd-3m,227,48
K2Cd2O_id1950_E-2.39.cif,K2Cd2O,-2.3944,0.0,Metal,P4/mmm,123,10
CaZn8(GaGe3)4_id198_E-2.39.cif,CaZn8(GaGe3)4,-2.3928,0.0,Metal,I422,97,50
Na4LiO_id3211_E-2.39.cif,Na4LiO,-2.3913,0.415,Semiconductor,C2/c,15,48
Ca2Zn4Si(SnGe)2_id2409_E-2.39.cif,Ca2Zn4Si(SnGe)2,-2.3894,0.0,Metal,Pm,6,11
LiBe2GaGe_id4962_E-2.39.cif,LiBe2GaGe,-2.3887,0.0,Metal,Pccm,49,10
K9CaIn6GaSbSe6_id773_E-2.39.cif,K9CaIn6GaSbSe6,-2.3872,1.467,Semiconductor,P-31c,163,48
KCaZnS2_id4893_E-2.39.cif,KCaZnS2,-2.3868,2.826,Semiconductor,P-42_1m,113,10
CaCdGa_id688_E-2.39.cif,CaCdGa,-2.386,0.0,Metal,P6_3/mmc,194,6
MgSn2_id866_E-2.39.cif,MgSn2,-2.3857,0.0,Metal,Pn-3m,224,6
Zn3Ge2_id1298_E-2.38.cif,Zn3Ge2,-2.3844,0.0,Metal,I-4m2,119,10
BaLi4(MgSn)8_id127_E-2.38.cif,BaLi4(MgSn)8,-2.3832,0.0,Metal,P4_2/nmc,137,42
Al9InGaTe3_id4492_E-2.38.cif,Al9InGaTe3,-2.3825,0.357,Semiconductor,P2_12_12,18,56
KCaBeAl2Ga2Si3Ge_id1991_E-2.38.cif,KCaBeAl2Ga2Si3Ge,-2.3811,0.0,Metal,Pm,6,22
Li4In3_id3964_E-2.38.cif,Li4In3,-2.3804,0.0,Metal,I4/mmm,139,28
Li2Si2Ge2As_id2730_E-2.38.cif,Li2Si2Ge2As,-2.3777,0.563,Semiconductor,P-4n2,118,14
Mg4ScTi_id2256_E-2.38.cif,Mg4ScTi,-2.376,0.0,Metal,P4_322,95,24
SrAl4(ZnGa)5_id3308_E-2.37.cif,SrAl4(ZnGa)5,-2.3744,0.0,Metal,I-4m2,119,30
LiZnGa2_id4360_E-2.37.cif,LiZnGa2,-2.374,0.0,Metal,Cmmm,65,8
BaLiCa2Sn_id3581_E-2.37.cif,BaLiCa2Sn,-2.3735,0.0,Metal,P4/mmm,123,20
Ca2MgIn_id2800_E-2.37.cif,Ca2MgIn,-2.3729,0.0,Metal,Fm-3m,225,16
ZnSi_id232_E-2.37.cif,ZnSi,-2.3728,0.0,Metal,I4_1/acd,142,32
Cd4In3S2_id1685_E-2.37.cif,Cd4In3S2,-2.3673,0.0,Metal,P4_2mc,105,18
MgIn6_id3440_E-2.37.cif,MgIn6,-2.3672,0.0,Metal,Cmce,64,28
ZnIn2Ga_id1428_E-2.36.cif,ZnIn2Ga,-2.3623,0.0,Metal,P4/mmm,123,8
Ga3Ge2_id4407_E-2.36.cif,Ga3Ge2,-2.3613,2.021,Semiconductor,P4_132,213,20
CdN_id433_E-2.36.cif,CdN,-2.3605,0.51,Semiconductor,P4/mmm,123,8
Li3Ga_id2570_E-2.36.cif,Li3Ga,-2.3603,0.0,Metal,P4/mmm,123,16
ScZn2_id988_E-2.36.cif,ScZn2,-2.3595,0.0,Metal,P4nc,104,12
NaLi3CaGa3_id3115_E-2.36.cif,NaLi3CaGa3,-2.3577,0.0,Metal,P-6c2,188,16
TiZn(CdIn2)2_id3597_E-2.36.cif,TiZn(CdIn2)2,-2.3572,0.0,Metal,P-42c,112,16
Ca3Sb_id141_E-2.36.cif,Ca3Sb,-2.3568,0.0,Metal,R-3,148,24
NaAl8(CdGa)4_id4979_E-2.36.cif,NaAl8(CdGa)4,-2.3563,0.007,Metal,P4_2/nmc,137,34
Na2Mg3ZnSi2_id502_E-2.36.cif,Na2Mg3ZnSi2,-2.356,0.0,Metal,Pn-3m,224,16
BaCaSn_id2952_E-2.36.cif,BaCaSn,-2.356,0.0,Metal,P4_2/mmc,131,6
Sc(ZnGa)4_id4245_E-2.36.cif,Sc(ZnGa)4,-2.3559,0.0,Metal,P4_2/nmc,137,18
Zn4Ga7_id2739_E-2.35.cif,Zn4Ga7,-2.3549,0.0,Metal,Im-3m,229,22
CdInGa2_id1649_E-2.35.cif,CdInGa2,-2.3534,0.0,Metal,P4/mmm,123,8
Li3CdGa2Ge_id2320_E-2.35.cif,Li3CdGa2Ge,-2.3534,0.0,Metal,P4mm,99,14
Sr6Mg6ScAl12_id1864_E-2.35.cif,Sr6Mg6ScAl12,-2.3532,0.0,Metal,I23,197,50
K2Ba2ZnO_id2480_E-2.35.cif,K2Ba2ZnO,-2.3523,0.124,Semiconductor,Pa-3,205,24
Li2ZnSb_id2100_E-2.35.cif,Li2ZnSb,-2.3519,0.744,Semiconductor,Iba2,45,32
AlZn_id4982_E-2.35.cif,AlZn,-2.3513,0.0,Metal,Cmcm,63,8
KBa3In3P_id2696_E-2.35.cif,KBa3In3P,-2.3508,0.0,Metal,Pm-3m,221,8
Ba(MgIn)2_id1167_E-2.35.cif,Ba(MgIn)2,-2.3496,0.0,Metal,I4/mmm,139,10
Zn3Ga7_id4356_E-2.35.cif,Zn3Ga7,-2.3494,0.0,Metal,P2/m,10,10
NaIn2_id1948_E-2.35.cif,NaIn2,-2.3494,0.419,Semiconductor,Pmma,51,6
Ba2LiGa_id118_E-2.35.cif,Ba2LiGa,-2.3461,0.0,Metal,Fm-3m,225,16
AlIn4Ga_id560_E-2.35.cif,AlIn4Ga,-2.3456,0.0,Metal,Pmmm,47,6
In_id4154_E-2.35.cif,In,-2.3452,0.0,Metal,I4_1,80,16
Ba3Na2As3P_id682_E-2.35.cif,Ba3Na2As3P,-2.3452,0.008,Metal,P6/mmm,191,9
Li2MgAl4_id4759_E-2.34.cif,Li2MgAl4,-2.3445,0.0,Metal,Ibam,72,28
LiAl3Zn4_id99_E-2.34.cif,LiAl3Zn4,-2.3444,0.0,Metal,Im-3m,229,16
KLi2Sb_id4802_E-2.34.cif,KLi2Sb,-2.3438,0.0,Metal,Imma,74,16
ZnGa3_id4837_E-2.34.cif,ZnGa3,-2.3434,0.0,Metal,I-42d,122,16
LiCd4As5_id1318_E-2.34.cif,LiCd4As5,-2.343,0.0,Metal,I4_1/a,88,40
ZnCdP(NO)2_id4540_E-2.34.cif,ZnCdP(NO)2,-2.343,0.747,Semiconductor,Pccm,49,14
MgIn2Ga6Ge_id1363_E-2.34.cif,MgIn2Ga6Ge,-2.3426,0.0,Metal,Pmmn,59,20
TiZn4_id3609_E-2.34.cif,TiZn4,-2.342,0.0,Metal,I-4m2,119,20
CaIn8Ga6Ge_id2919_E-2.34.cif,CaIn8Ga6Ge,-2.3418,0.0,Metal,P312,149,16
Na2In7_id4495_E-2.34.cif,Na2In7,-2.3415,0.027,Metal,C2/m,12,18
KBaLi2Sb(SO2)4_id1561_E-2.34.cif,KBaLi2Sb(SO2)4,-2.3402,2.314,Semiconductor,I222,23,34
KNa2AlZn2AsS2_id3787_E-2.34.cif,KNa2AlZn2AsS2,-2.3378,0.688,Semiconductor,Imm2,44,18
Li4Be8Si_id2612_E-2.34.cif,Li4Be8Si,-2.3376,0.0,Metal,P-42_1c,114,26
Mg7ScAlIn3Sn_id2712_E-2.34.cif,Mg7ScAlIn3Sn,-2.3376,0.0,Metal,P-6m2,187,13
LiMg4Ti_id1235_E-2.33.cif,LiMg4Ti,-2.3348,2.26,Semiconductor,I4_1/amd,141,24
BaNaZnSn_id3215_E-2.33.cif,BaNaZnSn,-2.3328,0.532,Semiconductor,P4/nmm,129,8
Ca2Zn3O_id62_E-2.33.cif,Ca2Zn3O,-2.3305,0.0,Metal,Pn-3m,224,12
MgGa_id1408_E-2.33.cif,MgGa,-2.3256,0.0,Metal,C2/m,12,12
Mg6Sc(AlGa4)3_id48_E-2.33.cif,Mg6Sc(AlGa4)3,-2.3256,0.0,Metal,I23,197,44
Ba2Na2LiCaZnSi2_id3192_E-2.32.cif,Ba2Na2LiCaZnSi2,-2.3249,0.0,Metal,P4_3,78,36
Li2MgIn6_id3961_E-2.32.cif,Li2MgIn6,-2.324,0.0,Metal,Cmce,64,36
BaLiIn_id4911_E-2.32.cif,BaLiIn,-2.3234,0.0,Metal,I-4m2,119,6
BaLiIn_id4489_E-2.32.cif,BaLiIn,-2.3232,0.0,Metal,I-4m2,119,6
Sr2CaGaSnGe2_id4691_E-2.32.cif,Sr2CaGaSnGe2,-2.322,0.0,Metal,I4/mcm,140,28
K3Zn2Sn3_id689_E-2.32.cif,K3Zn2Sn3,-2.3217,0.0,Metal,P6_3/mcm,193,16
Li2BeCd4Ga4B_id4074_E-2.32.cif,Li2BeCd4Ga4B,-2.321,0.0,Metal,P6_422,181,36
Al2Zn_id4348_E-2.32.cif,Al2Zn,-2.3208,0.0,Metal,P4/nmm,129,12
Al2Cd_id1592_E-2.32.cif,Al2Cd,-2.3204,0.0,Metal,Pa-3,205,12
CdSn_id3368_E-2.32.cif,CdSn,-2.3198,0.0,Metal,P6/mmm,191,12
Mg8Sc4Zn3_id1732_E-2.32.cif,Mg8Sc4Zn3,-2.3186,0.0,Metal,P6cc,184,30
Li18Ge5_id2117_E-2.32.cif,Li18Ge5,-2.3184,0.0,Metal,P23,195,23
Ba2MgAl_id4733_E-2.32.cif,Ba2MgAl,-2.3181,0.0,Metal,Fm-3m,225,16
MgCdSn2_id3504_E-2.32.cif,MgCdSn2,-2.3175,0.0,Metal,I-42d,122,16
LiCdGaSn_id904_E-2.32.cif,LiCdGaSn,-2.3167,0.0,Metal,Aea2,41,32
K2Zn(CdAs)4_id482_E-2.32.cif,K2Zn(CdAs)4,-2.3159,0.0,Metal,P4_2/mcm,132,22
KGa3_id2572_E-2.31.cif,KGa3,-2.3146,0.0,Metal,P4/mmm,123,4
Na(Li2Ga)6_id3829_E-2.31.cif,Na(Li2Ga)6,-2.3134,0.622,Semiconductor,Im-3,204,38
Ba2CaB4_id1584_E-2.31.cif,Ba2CaB4,-2.312,0.617,Semiconductor,P4_332,212,28
Li4MgScSn_id2498_E-2.31.cif,Li4MgScSn,-2.3119,0.0,Metal,P3_1,144,21
CaGe_id4114_E-2.31.cif,CaGe,-2.3118,0.0,Metal,P4_2cm,101,16
NaIn2_id3252_E-2.31.cif,NaIn2,-2.3117,0.0,Metal,P4_2/mmc,131,12
BaCd3Sn4_id152_E-2.31.cif,BaCd3Sn4,-2.3111,0.0,Metal,P4_2/m,84,16
CdIn4_id1520_E-2.31.cif,CdIn4,-2.3098,0.0,Metal,P4_2/nmc,137,10
Sn5Sb_id3315_E-2.31.cif,Sn5Sb,-2.3091,0.0,Metal,P4/mmm,123,6
BaO8_id915_E-2.31.cif,BaO8,-2.3086,0.0,Metal,Aea2,41,36
NaLiInGa_id4546_E-2.31.cif,NaLiInGa,-2.3076,2.456,Semiconductor,P4/nmm,129,8
MgIn14_id380_E-2.31.cif,MgIn14,-2.3075,0.0,Metal,Pmna,53,30
MgBeZn3O8_id3691_E-2.31.cif,MgBeZn3O8,-2.3064,3.233,Semiconductor,P-43m,215,13
Li2Mg4ScZn2O2_id2618_E-2.31.cif,Li2Mg4ScZn2O2,-2.3061,0.0,Metal,P4_322,95,44
Li3Ga4_id1583_E-2.31.cif,Li3Ga4,-2.3055,0.0,Metal,P4_222,93,14
SrCaTeS_id3484_E-2.30.cif,SrCaTeS,-2.3048,0.014,Metal,I4mm,107,8
Ga_id803_E-2.30.cif,Ga,-2.3036,0.0,Metal,Cmcm,63,16
Li3Ga_id1033_E-2.30.cif,Li3Ga,-2.3032,0.013,Metal,Ibam,72,16
In_id4112_E-2.30.cif,In,-2.3026,0.0,Metal,P2,3,12
Na2MgInSnGe2_id3075_E-2.30.cif,Na2MgInSnGe2,-2.3024,0.463,Semiconductor,P-4m2,115,7
Ba(AlIn2)2_id661_E-2.30.cif,Ba(AlIn2)2,-2.3021,0.0,Metal,Fmmm,69,28
In4Ga_id842_E-2.30.cif,In4Ga,-2.3016,0.0,Metal,P4/nmm,129,20
Li(In3Ga2)2_id1910_E-2.30.cif,Li(In3Ga2)2,-2.3006,0.0,Metal,F-43m,216,44
Li4Zn8SnSe4_id4212_E-2.30.cif,Li4Zn8SnSe4,-2.2997,0.037,Metal,P4/mbm,127,34
Li2AlZn_id3297_E-2.30.cif,Li2AlZn,-2.2963,0.0,Metal,Fm-3m,225,16
LiGa2Si_id187_E-2.30.cif,LiGa2Si,-2.2957,0.003,Metal,P6_5,170,48
K2NaAs_id1631_E-2.30.cif,K2NaAs,-2.2951,0.349,Semiconductor,Fm-3m,225,16
Li3Al3Cd3Ga4_id1051_E-2.29.cif,Li3Al3Cd3Ga4,-2.2946,0.0,Metal,P6_3/m,176,26
CdSb_id884_E-2.29.cif,CdSb,-2.2941,0.0,Metal,P4_32_12,96,8
LiCa2Ga2Ge_id2315_E-2.29.cif,LiCa2Ga2Ge,-2.2934,0.0,Metal,P4/mbm,127,12
KZnGaAs_id3914_E-2.29.cif,KZnGaAs,-2.2931,0.0,Metal,Cm,8,8
CdIn2Ga_id3392_E-2.29.cif,CdIn2Ga,-2.2926,0.0,Metal,P4/mmm,123,4
Cd3AsSe_id1870_E-2.29.cif,Cd3AsSe,-2.292,0.008,Metal,Aea2,41,20
Sr3LiGa2_id4608_E-2.29.cif,Sr3LiGa2,-2.2917,0.0,Metal,Pn-3m,224,12
In_id2891_E-2.29.cif,In,-2.2917,0.0,Metal,P2_12_12_1,19,32
Sc(CdIn)2_id2433_E-2.29.cif,Sc(CdIn)2,-2.2897,0.0,Metal,P4_2/mnm,136,10
Ca6Mg2Sc2Sn_id3109_E-2.29.cif,Ca6Mg2Sc2Sn,-2.2894,0.0,Metal,P622,177,22
Mg3Sn2_id3355_E-2.29.cif,Mg3Sn2,-2.2887,0.0,Metal,Imma,74,20
Mg3Sn2_id449_E-2.29.cif,Mg3Sn2,-2.2885,0.0,Metal,Cmce,64,20
Li2Mg2Al2Ga_id4958_E-2.29.cif,Li2Mg2Al2Ga,-2.2865,0.0,Metal,Cmce,64,28
MgGa2_id91_E-2.29.cif,MgGa2,-2.2854,0.0,Metal,P4/nnc,126,24
Sr2Mg2Ge2O_id191_E-2.28.cif,Sr2Mg2Ge2O,-2.2833,0.0,Metal,Pccn,56,28
Cd2GaGe2_id4322_E-2.28.cif,Cd2GaGe2,-2.2826,0.0,Metal,P4/mmm,123,10
Al2ZnGa7_id4293_E-2.28.cif,Al2ZnGa7,-2.2817,0.0,Metal,Pmmm,47,10
In_id3758_E-2.28.cif,In,-2.2815,0.0,Metal,P4_132,213,8
ZnInGa_id2185_E-2.28.cif,ZnInGa,-2.2801,0.0,Metal,Ibca,73,24
Mg2ZnSb_id2513_E-2.28.cif,Mg2ZnSb,-2.2793,0.004,Metal,Fm-3m,225,16
Ga_id1202_E-2.28.cif,Ga,-2.2778,0.0,Metal,I4_1,80,24
LiZn2Ga2Si_id4908_E-2.28.cif,LiZn2Ga2Si,-2.2775,0.0,Metal,Aem2,39,24
ZnSi2As_id667_E-2.28.cif,ZnSi2As,-2.277,0.0,Metal,Ibca,73,32
CdIn6_id611_E-2.28.cif,CdIn6,-2.2757,0.0,Metal,I4/mmm,139,14
Na(GaGe)2_id4186_E-2.27.cif,Na(GaGe)2,-2.2749,0.0,Metal,P4_122,91,20
NaSrMgCd2SbAs2_id3027_E-2.27.cif,NaSrMgCd2SbAs2,-2.2733,0.0,Metal,Pca2_1,29,32
K4Ga5Sn_id3515_E-2.27.cif,K4Ga5Sn,-2.2732,0.007,Metal,P4nc,104,20
Sc(CdSn)4_id3933_E-2.27.cif,Sc(CdSn)4,-2.2725,0.0,Metal,P-42_1c,114,18
Mg4Ga2SnSb2_id1279_E-2.27.cif,Mg4Ga2SnSb2,-2.272,0.0,Metal,P4_2/m,84,18
Li4MgAlZn2(SiSn2)2_id1150_E-2.27.cif,Li4MgAlZn2(SiSn2)2,-2.2718,0.0,Metal,I422,97,28
AlGa7_id4221_E-2.27.cif,AlGa7,-2.2705,0.0,Metal,Pmmm,47,8
LiMg3(Sc2Zn)2_id9_E-2.27.cif,LiMg3(Sc2Zn)2,-2.2675,0.0,Metal,P4_2/m,84,20
Cd2In8Ga5SnTe4_id3255_E-2.27.cif,Cd2In8Ga5SnTe4,-2.2674,0.0,Metal,P-42c,112,40
KZnIn6_id496_E-2.27.cif,KZnIn6,-2.2673,0.0,Metal,I-42d,122,32
Li2MgGa9_id855_E-2.27.cif,Li2MgGa9,-2.2672,0.0,Metal,I422,97,24
Na2Ca4Sc3In_id3898_E-2.27.cif,Na2Ca4Sc3In,-2.2669,0.0,Metal,P3_112,151,30
K4Al3Ga2Si_id4265_E-2.27.cif,K4Al3Ga2Si,-2.2664,0.0,Metal,P6_3/mcm,193,20
LiZn2Si_id4416_E-2.27.cif,LiZn2Si,-2.2655,0.0,Metal,P4/mmm,123,8
MgGa_id2827_E-2.26.cif,MgGa,-2.2647,0.0,Metal,I4_1/amd,141,16
Ba2CdGa_id858_E-2.26.cif,Ba2CdGa,-2.2629,0.0,Metal,Fm-3m,225,16
Ca2Mg5(InSn)4_id4834_E-2.26.cif,Ca2Mg5(InSn)4,-2.2625,0.0,Metal,P4/nbm,125,30
K7Zn2SiSn6_id2360_E-2.26.cif,K7Zn2SiSn6,-2.2613,0.0,Metal,P312,149,16
LiGa_id759_E-2.26.cif,LiGa,-2.2612,0.0,Metal,Cmcm,63,16
Zn2B_id2331_E-2.26.cif,Zn2B,-2.2607,0.0,Metal,P6_422,181,18
K4Li8Cd4In4GeAs(SeO)4_id3288_E-2.26.cif,K4Li8Cd4In4GeAs(SeO)4,-2.2606,0.218,Semiconductor,P4,75,30
In_id112_E-2.26.cif,In,-2.26,0.0,Metal,Ibca,73,40
CdTe_id3530_E-2.26.cif,CdTe,-2.258,0.001,Metal,P4_32_12,96,8
Na5Cd(PO)4_id1727_E-2.26.cif,Na5Cd(PO)4,-2.2569,1.207,Semiconductor,I4_1/a,88,56
Ba2NaSrIn2_id3380_E-2.26.cif,Ba2NaSrIn2,-2.2566,0.052,Semiconductor,P-1,2,6
CaGa_id4031_E-2.26.cif,CaGa,-2.2559,0.0,Metal,I-43d,220,24
NaIn4_id4261_E-2.26.cif,NaIn4,-2.2556,0.0,Metal,P4_2/n,86,10
MgAl3Zn4_id4684_E-2.26.cif,MgAl3Zn4,-2.2553,0.0,Metal,Im-3m,229,16
Na3(MgSi)2_id230_E-2.25.cif,Na3(MgSi)2,-2.2549,0.0,Metal,I-4c2,120,28
LiCd3Te2_id2692_E-2.25.cif,LiCd3Te2,-2.2548,0.0,Metal,Pn-3m,224,12
Sr2Li4Al2Sn_id4376_E-2.25.cif,Sr2Li4Al2Sn,-2.2545,0.0,Metal,Ccc2,37,36
Cd3Ga3S_id1678_E-2.25.cif,Cd3Ga3S,-2.2543,0.0,Metal,P6_3/m,176,14
Zn(Ga2Te)2_id3564_E-2.25.cif,Zn(Ga2Te)2,-2.2516,0.938,Semiconductor,P3_221,154,21
BaAlZn_id985_E-2.25.cif,BaAlZn,-2.2509,0.0,Metal,I-4m2,119,6
KTe_id3042_E-2.25.cif,KTe,-2.2491,0.0,Metal,P4/mmm,123,8
CdGa2_id1671_E-2.25.cif,CdGa2,-2.2486,0.0,Metal,Ibca,73,24
LiZnSe_id216_E-2.25.cif,LiZnSe,-2.2484,0.0,Metal,P4_2bc,106,24
Sn2Ge_id3824_E-2.25.cif,Sn2Ge,-2.2483,0.0,Metal,P4/mmm,123,6
LiMg2CdSn2_id2365_E-2.25.cif,LiMg2CdSn2,-2.2482,0.0,Metal,R-3m,166,18
In_id892_E-2.25.cif,In,-2.247,0.0,Metal,P4_2/ncm,138,16
Li4Zn3Si4_id3561_E-2.25.cif,Li4Zn3Si4,-2.2461,0.0,Metal,I-43d,220,44
Cd3InSn3_id303_E-2.24.cif,Cd3InSn3,-2.2423,0.0,Metal,Pm-3n,223,14
Zn2B_id2135_E-2.24.cif,Zn2B,-2.2412,0.0,Metal,P6_422,181,9
LiMg2Ga2Sn_id284_E-2.24.cif,LiMg2Ga2Sn,-2.24,0.0,Metal,C222,21,12
K2Ba2Na2Sr2GaAs2Se3_id3686_E-2.24.cif,K2Ba2Na2Sr2GaAs2Se3,-2.2393,0.36,Semiconductor,Pbam,55,28
K2Sn3_id1945_E-2.24.cif,K2Sn3,-2.2391,0.0,Metal,Ibca,73,40
BaInGa5_id4870_E-2.24.cif,BaInGa5,-2.2388,0.0,Metal,Imm2,44,14
MgCd3N_id2046_E-2.24.cif,MgCd3N,-2.2383,0.0,Metal,Pm-3m,221,5
BeAlZnGa_id1882_E-2.24.cif,BeAlZnGa,-2.2376,1.373,Semiconductor,P6_222,180,24
Li3In_id155_E-2.24.cif,Li3In,-2.2367,0.0,Metal,I-42d,122,16
KNa4GeS4_id2533_E-2.24.cif,KNa4GeS4,-2.236,1.465,Semiconductor,I222,23,20
Mg2In3_id2492_E-2.24.cif,Mg2In3,-2.2357,0.0,Metal,P-3m1,164,5
ZnGa3_id4674_E-2.24.cif,ZnGa3,-2.2352,0.0,Metal,P4_2/mcm,132,8
Sr3LiSc3_id2299_E-2.23.cif,Sr3LiSc3,-2.2343,0.0,Metal,Pm-3n,223,14
Sc4Cd4In_id519_E-2.23.cif,Sc4Cd4In,-2.2337,0.0,Metal,Pmmm,47,9
Ca(Zn2B)4_id3065_E-2.23.cif,Ca(Zn2B)4,-2.233,0.0,Metal,P4_2/nmc,137,26
Ba4Sr3(ZnP2)3_id96_E-2.23.cif,Ba4Sr3(ZnP2)3,-2.2315,2.161,Semiconductor,P31m,157,16
BaLi2PO_id2166_E-2.23.cif,BaLi2PO,-2.2263,0.351,Semiconductor,Pmmn,59,20
Mg2In5_id1865_E-2.23.cif,Mg2In5,-2.2256,0.0,Metal,Cmmm,65,14
CdIn8_id3897_E-2.23.cif,CdIn8,-2.2253,0.0,Metal,Pmna,53,18
Mg2Al2ZnInGa2_id4858_E-2.22.cif,Mg2Al2ZnInGa2,-2.2243,0.0,Metal,Immm,71,16
Zn4Cd(GaGe)2_id1161_E-2.22.cif,Zn4Cd(GaGe)2,-2.2238,0.0,Metal,P-42m,111,9
Al3(ZnIn)2_id4671_E-2.22.cif,Al3(ZnIn)2,-2.2224,0.0,Metal,P4_2/m,84,14
CdInGaSn5_id3325_E-2.22.cif,CdInGaSn5,-2.2221,0.0,Metal,P2_12_12_1,19,32
Al5In6Ga7_id3119_E-2.22.cif,Al5In6Ga7,-2.222,0.0,Metal,P-62m,189,18
K4Ga6P_id2099_E-2.22.cif,K4Ga6P,-2.2184,0.0,Metal,P4/mnc,128,22
Li2Ga_id3974_E-2.22.cif,Li2Ga,-2.218,0.0,Metal,Pa-3,205,12
LiCaIn_id4470_E-2.22.cif,LiCaIn,-2.2178,0.0,Metal,F-43m,216,12
Sc2Zn3In2_id3491_E-2.22.cif,Sc2Zn3In2,-2.2167,0.0,Metal,Im-3m,229,28
KLi2Ga3_id1099_E-2.21.cif,KLi2Ga3,-2.2129,0.0,Metal,Pcc2,27,24
NaLi8Cd4In4O4_id3659_E-2.21.cif,NaLi8Cd4In4O4,-2.2125,0.0,Metal,P4_2/n,86,42
Mg6Al7_id3395_E-2.21.cif,Mg6Al7,-2.2124,0.0,Metal,Pm-3n,223,26
Sr6LiScIn_id151_E-2.21.cif,Sr6LiScIn,-2.2116,0.0,Metal,P-31c,163,18
LiCa6O_id4923_E-2.21.cif,LiCa6O,-2.2112,0.0,Metal,Pm-3m,221,8
Na3Cd2(GaS)2_id2416_E-2.21.cif,Na3Cd2(GaS)2,-2.2112,0.0,Metal,Pm-3m,221,54
K4NaAs4_id3548_E-2.21.cif,K4NaAs4,-2.2099,0.074,Semiconductor,P3,143,9
GaGe5_id1578_E-2.21.cif,GaGe5,-2.2088,0.0,Metal,P4/mmm,123,6
Li2Mg(CdSn)2_id4352_E-2.21.cif,Li2Mg(CdSn)2,-2.2085,0.0,Metal,Cmce,64,28
Mg4ScCdIn_id260_E-2.21.cif,Mg4ScCdIn,-2.2079,0.0,Metal,Pnnn,48,14
Li3Mg5InTe12_id1619_E-2.21.cif,Li3Mg5InTe12,-2.2076,1.119,Semiconductor,P1,1,21
K9(CdTe2)2_id2001_E-2.21.cif,K9(CdTe2)2,-2.2073,0.0,Metal,P4_2/mcm,132,30
Na6SbAs_id1152_E-2.21.cif,Na6SbAs,-2.207,1.342,Semiconductor,R-3,148,24
Al13Ga3_id2479_E-2.21.cif,Al13Ga3,-2.2066,0.0,Metal,Pm-3m,221,16
Li3Cd7O2_id1077_E-2.20.cif,Li3Cd7O2,-2.2029,0.276,Semiconductor,C222,21,24
NaMgIn6_id1603_E-2.20.cif,NaMgIn6,-2.2025,0.17,Semiconductor,P-31c,163,16
Sr2CaIn_id1393_E-2.20.cif,Sr2CaIn,-2.2017,0.0,Metal,P4/mmm,123,4
KTiAlZn3Ga2_id278_E-2.20.cif,KTiAlZn3Ga2,-2.2007,0.0,Metal,P6_1,169,48
NaCd2In4Sn5_id2144_E-2.20.cif,NaCd2In4Sn5,-2.2,0.0,Metal,Pm,6,12
NaCd2GaSiSn2_id2194_E-2.20.cif,NaCd2GaSiSn2,-2.1991,0.0,Metal,Cmcm,63,28
Li14AlCd4GeAs4_id3931_E-2.20.cif,Li14AlCd4GeAs4,-2.1983,1.005,Semiconductor,I222,23,48
Li15InSnSb_id364_E-2.20.cif,Li15InSnSb,-2.197,0.0,Metal,Pmna,53,36
MgIn4_id1430_E-2.20.cif,MgIn4,-2.1959,0.0,Metal,I4/mmm,139,10
NaLiGa8(SbO4)2_id3690_E-2.19.cif,NaLiGa8(SbO4)2,-2.1903,0.0,Metal,P321,150,20
Na2Ca2Ge_id3807_E-2.19.cif,Na2Ca2Ge,-2.1893,0.007,Metal,R-3m,166,15
ZnIn6_id1665_E-2.19.cif,ZnIn6,-2.1892,0.0,Metal,Pban,50,14
Li3Ga2_id1756_E-2.19.cif,Li3Ga2,-2.1874,0.0,Metal,Cmce,64,20
In5Ga3_id2822_E-2.19.cif,In5Ga3,-2.1871,0.0,Metal,P4_2/m,84,16
Na2GaSb_id4924_E-2.19.cif,Na2GaSb,-2.1862,0.977,Semiconductor,P4_32_12,96,16
Li3BeAl2Zn2Ga2SiGeO_id1412_E-2.19.cif,Li3BeAl2Zn2Ga2SiGeO,-2.1855,0.0,Metal,P2_1,4,26
SrCa4MgScAl_id3496_E-2.19.cif,SrCa4MgScAl,-2.1851,0.0,Metal,P3_1,144,24
KZn(CdTe)2_id1055_E-2.18.cif,KZn(CdTe)2,-2.1815,0.339,Semiconductor,P4_2/mmc,131,12
Na3Te_id1866_E-2.18.cif,Na3Te,-2.1804,0.0,Metal,Ibca,73,32
K(InS)2_id1314_E-2.18.cif,K(InS)2,-2.1804,2.427,Semiconductor,P3m1,156,5
Sr2MgIn_id2204_E-2.18.cif,Sr2MgIn,-2.1792,0.0,Metal,Fm-3m,225,16
Li2CaAl_id2130_E-2.18.cif,Li2CaAl,-2.1789,0.0,Metal,Ibca,73,32
MgGa_id4745_E-2.18.cif,MgGa,-2.1785,0.0,Metal,I4_1/acd,142,32
Mg3ZnGa8_id1504_E-2.18.cif,Mg3ZnGa8,-2.1782,0.0,Metal,P6/mmm,191,12
Li3Zn3Ga4_id569_E-2.18.cif,Li3Zn3Ga4,-2.1776,0.0,Metal,I-43d,220,40
Zn4In2GaTe2_id2081_E-2.18.cif,Zn4In2GaTe2,-2.1774,1.365,Semiconductor,Pnn2,34,18
LiZn3Cd3Sn4_id1919_E-2.18.cif,LiZn3Cd3Sn4,-2.1768,0.0,Metal,Pm-3n,223,22
Sc(ZnGa)3_id3397_E-2.18.cif,Sc(ZnGa)3,-2.1767,0.0,Metal,R-3,148,42
ZnP2_id3550_E-2.18.cif,ZnP2,-2.1767,0.0,Metal,P4/mmm,123,6
Al3Zn5_id95_E-2.18.cif,Al3Zn5,-2.1755,0.0,Metal,Im-3m,229,16
Ba4(NaIn)3_id374_E-2.17.cif,Ba4(NaIn)3,-2.174,0.0,Metal,I-43d,220,40
NaAlZn2In2Ga2SnSb_id3266_E-2.17.cif,NaAlZn2In2Ga2SnSb,-2.1737,0.0,Metal,P4_3,78,40
LiMgS4_id1655_E-2.17.cif,LiMgS4,-2.1735,0.161,Semiconductor,Fd-3m,227,48
Mg6CdGa12_id1571_E-2.17.cif,Mg6CdGa12,-2.1727,0.0,Metal,Im-3,204,38
Sn4Ge6As_id378_E-2.17.cif,Sn4Ge6As,-2.1715,0.0,Metal,Pm-3,200,11
Li6Sc2Ti2ZnCd4_id4432_E-2.17.cif,Li6Sc2Ti2ZnCd4,-2.1699,0.0,Metal,P1,1,60
CdSn2_id3583_E-2.17.cif,CdSn2,-2.1689,0.0,Metal,Pn-3m,224,6
BaNa12Li6O3_id3154_E-2.17.cif,BaNa12Li6O3,-2.1673,0.0,Metal,Im-3,204,44
K2Ga7_id768_E-2.17.cif,K2Ga7,-2.1669,0.0,Metal,Pmmm,47,9
Zn4In3GaGe_id4530_E-2.17.cif,Zn4In3GaGe,-2.1651,0.0,Metal,C222,21,18
Na7Li2GeSe2_id2313_E-2.16.cif,Na7Li2GeSe2,-2.1627,2.846,Semiconductor,C222,21,24
Sr2Zn3O_id4515_E-2.16.cif,Sr2Zn3O,-2.1626,0.042,Metal,Pn-3m,224,12
K7PO_id4781_E-2.16.cif,K7PO,-2.1615,1.195,Semiconductor,P6_322,182,18
Ba(AlZn)4_id1294_E-2.16.cif,Ba(AlZn)4,-2.16,0.0,Metal,P4_2/nmc,137,18
Ca5O_id4254_E-2.16.cif,Ca5O,-2.1579,0.0,Metal,Pn-3m,224,12
Ba3CdGa_id1881_E-2.16.cif,Ba3CdGa,-2.1566,0.0,Metal,R-3c,167,30
SrZn4(SiSn2)2_id1772_E-2.16.cif,SrZn4(SiSn2)2,-2.1561,0.766,Semiconductor,I-4c2,120,44
LiAlCdInGa_id3511_E-2.16.cif,LiAlCdInGa,-2.1553,0.0,Metal,Ibca,73,40
ZnSn2_id1987_E-2.15.cif,ZnSn2,-2.1544,0.0,Metal,P2_1/m,11,12
K4Cd5Ga2Sn(TeAs)4_id1027_E-2.15.cif,K4Cd5Ga2Sn(TeAs)4,-2.1508,0.0,Metal,I-42m,121,40
KIn3_id3226_E-2.15.cif,KIn3,-2.1498,0.0,Metal,I4_1/amd,141,16
Ba4Li(Cd2Sn)3_id2255_E-2.15.cif,Ba4Li(Cd2Sn)3,-2.1491,0.0,Metal,Im-3m,229,28
Ca3Sn10Sb_id4429_E-2.15.cif,Ca3Sn10Sb,-2.1479,0.0,Metal,Pm-3,200,14
MgGa5Sn4_id2893_E-2.15.cif,MgGa5Sn4,-2.1476,0.0,Metal,P4/mnc,128,40
KMg2Ga3_id475_E-2.15.cif,KMg2Ga3,-2.1468,0.0,Metal,Cmmm,65,12
K2GaGe_id1478_E-2.15.cif,K2GaGe,-2.1465,0.897,Semiconductor,Fm-3m,225,16
Li4MgIn3Ga4_id1660_E-2.15.cif,Li4MgIn3Ga4,-2.145,0.0,Metal,I-42m,121,24
InCN5O4_id2635_E-2.14.cif,InCN5O4,-2.1391,0.0,Metal,Pban,50,22
NaIn_id4762_E-2.14.cif,NaIn,-2.1385,0.479,Semiconductor,I4_1/amd,141,8
ScZn4Ga_id4563_E-2.14.cif,ScZn4Ga,-2.1356,0.0,Metal,Imm2,44,12
Na3Li4Cd2Ga2P_id3814_E-2.13.cif,Na3Li4Cd2Ga2P,-2.1347,0.0,Metal,P-3m1,164,12
Zn3GaGe_id760_E-2.13.cif,Zn3GaGe,-2.1346,0.0,Metal,Cmme,67,20
Na2LiMg2InSn2_id2134_E-2.13.cif,Na2LiMg2InSn2,-2.1333,0.0,Metal,P4_2/mcm,132,16
K2Ba2Li3CdSe6_id852_E-2.13.cif,K2Ba2Li3CdSe6,-2.1294,0.0,Metal,P1,1,42
In10Sn_id2937_E-2.13.cif,In10Sn,-2.1266,0.0,Metal,Imm2,44,22
Li(MgIn)2_id4095_E-2.13.cif,Li(MgIn)2,-2.1262,0.0,Metal,Pn-3m,224,10
Ga_id3703_E-2.13.cif,Ga,-2.1253,0.0,Metal,P-62c,190,10
BaMgIn_id422_E-2.13.cif,BaMgIn,-2.1252,0.0,Metal,I-4m2,119,6
Li4MgIn_id1320_E-2.12.cif,Li4MgIn,-2.125,0.0,Metal,P-6m2,187,6
Mg2B_id2164_E-2.12.cif,Mg2B,-2.124,0.525,Semiconductor,P4_2cm,101,24
Ca4Mg3In_id3799_E-2.12.cif,Ca4Mg3In,-2.124,0.0,Metal,Im-3m,229,16
CaZn3In3C_id1174_E-2.12.cif,CaZn3In3C,-2.1229,0.0,Metal,Pm-3m,221,8
Ca2Al3Ga2_id3312_E-2.12.cif,Ca2Al3Ga2,-2.1225,0.0,Metal,Fmmm,69,28
Ba2SrMg2O_id4729_E-2.12.cif,Ba2SrMg2O,-2.1215,0.0,Metal,P4/nmm,129,12
Li2Ga4B_id3991_E-2.12.cif,Li2Ga4B,-2.1212,0.052,Semiconductor,P6_422,181,21
Li4Mg4Al4In_id2216_E-2.12.cif,Li4Mg4Al4In,-2.1195,0.0,Metal,P4/ncc,130,52
Li3AlIn3_id3011_E-2.12.cif,Li3AlIn3,-2.1185,0.0,Metal,Pm-3n,223,14
ZnIn9Ga2Sn_id4552_E-2.12.cif,ZnIn9Ga2Sn,-2.1163,0.0,Metal,P4_322,95,52
LiAl8(ZnGa)8_id3639_E-2.12.cif,LiAl8(ZnGa)8,-2.1158,0.0,Metal,I422,97,50
KCd4(InSn3)6_id1194_E-2.11.cif,KCd4(InSn3)6,-2.1147,0.0,Metal,P1,1,58
ZnSb_id3668_E-2.11.cif,ZnSb,-2.1127,0.0,Metal,I4_1/acd,142,32
Ba4Li3Ga_id3305_E-2.11.cif,Ba4Li3Ga,-2.1115,0.0,Metal,Im-3m,229,16
NaGa3_id1528_E-2.11.cif,NaGa3,-2.1093,0.0,Metal,Fd-3m,227,32
MgIn_id1828_E-2.11.cif,MgIn,-2.1093,0.0,Metal,I4/mmm,139,4
MgIn3Sn_id3959_E-2.11.cif,MgIn3Sn,-2.1092,0.0,Metal,Pmmm,47,5
ZnGa_id420_E-2.11.cif,ZnGa,-2.1083,0.0,Metal,Pm-3m,221,16
LiMg3Al4In13_id3105_E-2.11.cif,LiMg3Al4In13,-2.1068,0.0,Metal,P1,1,21
K(ZnTe)2_id1444_E-2.11.cif,K(ZnTe)2,-2.105,0.255,Semiconductor,P4_122,91,20
KCdInSn_id1891_E-2.10.cif,KCdInSn,-2.1048,0.024,Metal,Pmna,53,16
LiZnGeP_id2314_E-2.10.cif,LiZnGeP,-2.1042,0.776,Semiconductor,P6_222,180,24
Li2ZnGa2_id1646_E-2.10.cif,Li2ZnGa2,-2.1041,0.019,Metal,P4/mmm,123,20
Li4Mg2Sc2BeAl12(Zn3Ga)2_id3675_E-2.10.cif,Li4Mg2Sc2BeAl12(Zn3Ga)2,-2.104,0.0,Metal,P-1,2,29
LiTiZn3InGa5_id1172_E-2.10.cif,LiTiZn3InGa5,-2.1027,0.0,Metal,Cm,8,22
TiAl2Zn3Ga2_id711_E-2.10.cif,TiAl2Zn3Ga2,-2.1025,0.0,Metal,P4_322,95,32
Li2ZnIn2Ga_id274_E-2.10.cif,Li2ZnIn2Ga,-2.0998,0.0,Metal,Pbam,55,12
Mg(AlZn)4_id520_E-2.10.cif,Mg(AlZn)4,-2.0989,0.0,Metal,Ccce,68,36
Li2Cd3(InGa)4_id868_E-2.10.cif,Li2Cd3(InGa)4,-2.0989,0.0,Metal,Ccc2,37,52
Ti3Zn12Sn_id1796_E-2.10.cif,Ti3Zn12Sn,-2.0957,0.0,Metal,Pm-3,200,32
LiMg8Al4Zn8GaO2_id3058_E-2.09.cif,LiMg8Al4Zn8GaO2,-2.0949,0.0,Metal,I422,97,48
In3O2_id3580_E-2.09.cif,In3O2,-2.0944,0.0,Metal,P6/mmm,191,5
ZnGa_id4916_E-2.09.cif,ZnGa,-2.0942,0.0,Metal,I4/mmm,139,16
Zn2Ga5_id207_E-2.09.cif,Zn2Ga5,-2.0909,0.0,Metal,P-1,2,14
K4In3Sn_id4688_E-2.09.cif,K4In3Sn,-2.0904,0.0,Metal,Im-3m,229,16
Li3In_id2562_E-2.09.cif,Li3In,-2.0897,0.0,Metal,I-42d,122,16
MgAl6Ga3Ge_id2507_E-2.09.cif,MgAl6Ga3Ge,-2.0895,0.0,Metal,P-6,174,11
ZnGa_id2413_E-2.09.cif,ZnGa,-2.0893,2.354,Semiconductor,Ibca,73,32
K4NaIn4Ge_id4355_E-2.09.cif,K4NaIn4Ge,-2.0876,0.613,Semiconductor,P4nc,104,20
AsO8_id1315_E-2.09.cif,AsO8,-2.0873,0.568,Semiconductor,P1,1,36
Li2Ca5ZnPO_id1469_E-2.08.cif,Li2Ca5ZnPO,-2.085,1.701,Semiconductor,Pcc2,27,40
CdIn2_id1636_E-2.08.cif,CdIn2,-2.0849,0.0,Metal,Imma,74,12
BeGa4Si_id1346_E-2.08.cif,BeGa4Si,-2.084,0.0,Metal,I422,97,24
Sr6CdIn12_id1714_E-2.08.cif,Sr6CdIn12,-2.083,0.0,Metal,I23,197,38
CdIn2_id1949_E-2.08.cif,CdIn2,-2.0825,0.0,Metal,P6_3/mmc,194,6
Mg3Al2ZnIn4_id3926_E-2.08.cif,Mg3Al2ZnIn4,-2.0807,0.0,Metal,I4/mcm,140,40
SrIn3_id4764_E-2.08.cif,SrIn3,-2.0804,0.0,Metal,Pmma,51,8
CdIn2_id2348_E-2.08.cif,CdIn2,-2.0799,0.0,Metal,P6/mmm,191,12
BaCdIn_id3472_E-2.08.cif,BaCdIn,-2.0777,0.0,Metal,I-4m2,119,6
K2Zn4Sn3Ge_id4113_E-2.07.cif,K2Zn4Sn3Ge,-2.0745,0.0,Metal,P4_2/mcm,132,20
Mg4AlGa4_id3269_E-2.07.cif,Mg4AlGa4,-2.0728,0.0,Metal,Cmce,64,36
LiAl_id1188_E-2.07.cif,LiAl,-2.0725,0.0,Metal,I4_1/acd,142,32
Zn4InGa4_id3031_E-2.07.cif,Zn4InGa4,-2.0717,0.0,Metal,P4_2/nmc,137,18
MgZnIn2_id1084_E-2.07.cif,MgZnIn2,-2.0692,0.0,Metal,I4/mmm,139,8
Mg(AlSn2)2_id4615_E-2.07.cif,Mg(AlSn2)2,-2.0689,0.0,Metal,P4_332,212,28
Li3Ca2Al2Cd2(InSn)2_id1404_E-2.07.cif,Li3Ca2Al2Cd2(InSn)2,-2.0678,0.0,Metal,P6_2,171,39
LiCd3TeAs_id4975_E-2.07.cif,LiCd3TeAs,-2.0674,0.0,Metal,Imma,74,24
K2Zn3O_id1390_E-2.07.cif,K2Zn3O,-2.0668,0.0,Metal,C222,21,24
NaLi2ZnGaGe_id1365_E-2.07.cif,NaLi2ZnGaGe,-2.0652,0.0,Metal,Cmme,67,24
K2Ba2NaSr(CdAs)2_id138_E-2.06.cif,K2Ba2NaSr(CdAs)2,-2.0649,0.283,Semiconductor,Pm,6,10
GaGe(SO2)2_id788_E-2.06.cif,GaGe(SO2)2,-2.0644,2.43,Semiconductor,P1,1,16
In_id1808_E-2.06.cif,In,-2.0628,0.0,Metal,P4/m,83,18
NaMg4ScGa_id2544_E-2.06.cif,NaMg4ScGa,-2.0621,0.0,Metal,I-4m2,119,14
Sr(AlZn2)2_id1424_E-2.06.cif,Sr(AlZn2)2,-2.0616,0.0,Metal,I4/mcm,140,28
KNa6ZnSbAs_id3819_E-2.06.cif,KNa6ZnSbAs,-2.0615,0.176,Semiconductor,P312,149,10
ScZn6_id1532_E-2.06.cif,ScZn6,-2.0607,0.0,Metal,Fm-3m,225,28
Sr2Cd3O_id4387_E-2.06.cif,Sr2Cd3O,-2.0599,0.0,Metal,Pn-3m,224,12
Cd4GaGe2_id4935_E-2.06.cif,Cd4GaGe2,-2.0599,0.0,Metal,Ccce,68,28
MgInGa_id1639_E-2.06.cif,MgInGa,-2.0588,0.0,Metal,I-43m,217,24
ScZn3Ga_id4246_E-2.06.cif,ScZn3Ga,-2.0585,0.0,Metal,C222_1,20,20
K2NaSc2Zn2Cd_id947_E-2.06.cif,K2NaSc2Zn2Cd,-2.0583,0.0,Metal,P-3m1,164,8
InSn5_id977_E-2.06.cif,InSn5,-2.0572,0.0,Metal,P4/mmm,123,6
InSn5_id499_E-2.06.cif,InSn5,-2.0564,0.0,Metal,P4/mmm,123,6
NaLi2Ga_id3928_E-2.05.cif,NaLi2Ga,-2.0544,0.0,Metal,P3_2,145,12
Al3Zn2Ga_id4954_E-2.05.cif,Al3Zn2Ga,-2.0535,0.0,Metal,Pmma,51,12
LiSc(Zn3Ga)2_id1196_E-2.05.cif,LiSc(Zn3Ga)2,-2.0529,0.0,Metal,Fm-3m,225,40
BaMgCdGa2_id4529_E-2.05.cif,BaMgCdGa2,-2.0525,0.0,Metal,P4/mmm,123,20
InB4_id1124_E-2.05.cif,InB4,-2.0513,0.0,Metal,P4_2/nmc,137,10
TiZnIn_id4427_E-2.05.cif,TiZnIn,-2.0505,0.04,Metal,P4_122,91,12
BaIn2_id787_E-2.05.cif,BaIn2,-2.0503,0.0,Metal,Pmmm,47,12
K4Al(Zn2N)2_id1576_E-2.05.cif,K4Al(Zn2N)2,-2.0494,0.0,Metal,P-1,2,22
Sr2Ca3Ge2_id1712_E-2.05.cif,Sr2Ca3Ge2,-2.0481,0.0,Metal,P4_2mc,105,14
BeZnGe_id4392_E-2.05.cif,BeZnGe,-2.0478,0.0,Metal,P4_2cm,101,24
Sc(ZnIn)2_id3765_E-2.05.cif,Sc(ZnIn)2,-2.047,1.658,Semiconductor,C222,21,20
Mg2In6Sn_id2751_E-2.05.cif,Mg2In6Sn,-2.0464,0.0,Metal,P4_2/nbc,133,36
Na2Li16ScZnO3_id4475_E-2.05.cif,Na2Li16ScZnO3,-2.0452,1.418,Semiconductor,P312,149,46
BaAlZnGa4_id4338_E-2.04.cif,BaAlZnGa4,-2.0447,0.0,Metal,I-4m2,119,14
K4TeSe2_id886_E-2.04.cif,K4TeSe2,-2.0445,0.0,Metal,P6/mmm,191,7
Ca(Ga2Si)6_id4702_E-2.04.cif,Ca(Ga2Si)6,-2.0441,0.377,Semiconductor,Im-3,204,38
Ba4Mg3In_id3538_E-2.04.cif,Ba4Mg3In,-2.0441,0.0,Metal,Im-3m,229,16
Zn5In2Ga5_id4730_E-2.04.cif,Zn5In2Ga5,-2.0432,0.0,Metal,Immm,71,24
Sr3Zn2O_id4065_E-2.04.cif,Sr3Zn2O,-2.0407,0.517,Semiconductor,Pn-3m,224,12
Ca3(MgIn3)2_id3414_E-2.04.cif,Ca3(MgIn3)2,-2.0398,0.063,Semiconductor,Cmce,64,44
Mg8ScSn4NO4_id4474_E-2.04.cif,Mg8ScSn4NO4,-2.0387,0.0,Metal,P4,75,18
Na(ZnB)3_id2274_E-2.04.cif,Na(ZnB)3,-2.0385,0.002,Metal,R-3,148,42
KCa2In_id1013_E-2.04.cif,KCa2In,-2.0381,0.0,Metal,Fm-3m,225,16
ScZn7_id4960_E-2.04.cif,ScZn7,-2.0359,0.0,Metal,Fm-3m,225,32
ZnTe_id4479_E-2.04.cif,ZnTe,-2.0356,0.0,Metal,I4_1/acd,142,32
Li4Zn4As_id1805_E-2.03.cif,Li4Zn4As,-2.0348,0.0,Metal,P-42_1c,114,18
CaAlGa6_id3189_E-2.03.cif,CaAlGa6,-2.0319,0.0,Metal,Immm,71,16
Sr3Li5Ca2P_id2805_E-2.03.cif,Sr3Li5Ca2P,-2.0314,0.0,Metal,I4mm,107,22
Li2Zn2P_id2728_E-2.03.cif,Li2Zn2P,-2.0312,0.032,Metal,Pbcn,60,20
Na3In3Sn2_id2500_E-2.03.cif,Na3In3Sn2,-2.0311,0.868,Semiconductor,P-1,2,16
Zn2CdSn2_id1497_E-2.03.cif,Zn2CdSn2,-2.0299,0.0,Metal,I4/mcm,140,20
Ca(CdGa)2_id4824_E-2.03.cif,Ca(CdGa)2,-2.0295,0.0,Metal,I-4m2,119,20
Li4Al3_id526_E-2.03.cif,Li4Al3,-2.0254,0.0,Metal,I-43d,220,28
AlZn3Se2_id2809_E-2.02.cif,AlZn3Se2,-2.0222,1.915,Semiconductor,I4/mmm,139,12
CdIn3Te_id2103_E-2.02.cif,CdIn3Te,-2.0207,0.0,Metal,P31c,159,10
MgCdGa4_id4803_E-2.02.cif,MgCdGa4,-2.0202,0.0,Metal,Ibam,72,24
Zn2In3Sn_id2934_E-2.02.cif,Zn2In3Sn,-2.0198,0.0,Metal,Pbam,55,12
LiZn2Ge_id4321_E-2.02.cif,LiZn2Ge,-2.0195,0.0,Metal,R-3m,166,24
Ba4Na4ZnSb_id4590_E-2.02.cif,Ba4Na4ZnSb,-2.0183,0.546,Semiconductor,P4/mcc,124,20
NaCaIn_id3287_E-2.02.cif,NaCaIn,-2.0178,0.0,Metal,F-43m,216,12
Li3Cd3Te_id1935_E-2.02.cif,Li3Cd3Te,-2.0175,0.0,Metal,Pnnn,48,14
Li2CaMg3In7_id4358_E-2.01.cif,Li2CaMg3In7,-2.015,0.0,Metal,P2/m,10,13
ZnGa_id3571_E-2.02.cif,ZnGa,-2.015,0.0,Metal,Pccn,56,48
K4Li8CaZn4Cd8In12Ga4Sb4(AsO)5_id2047_E-2.01.cif,K4Li8CaZn4Cd8In12Ga4Sb4(AsO)5,-2.0116,0.0,Metal,P4,75,55
Sr3Ga_id3949_E-2.01.cif,Sr3Ga,-2.0091,0.0,Metal,C2/m,12,8
KLi6Ti2Cd_id4986_E-2.01.cif,KLi6Ti2Cd,-2.0084,0.032,Metal,P3,143,10
Li10In3GaGe2_id2387_E-2.01.cif,Li10In3GaGe2,-2.0074,0.0,Metal,P6/mmm,191,16
Sr2Al4Cd(NO)4_id3431_E-2.01.cif,Sr2Al4Cd(NO)4,-2.0066,1.74,Semiconductor,I4_1/a,88,60
K(MgGe)2_id1208_E-2.01.cif,K(MgGe)2,-2.0053,0.0,Metal,I-4c2,120,20
Ba4Cd3In_id350_E-2.00.cif,Ba4Cd3In,-2.0037,0.0,Metal,Im-3m,229,16
Li6GeB_id3649_E-2.00.cif,Li6GeB,-2.0035,0.0,Metal,P4/mmm,123,32
Ca5Ga4Sn_id2975_E-2.00.cif,Ca5Ga4Sn,-2.0034,0.0,Metal,I4_1/a,88,40
KLiGe_id968_E-2.00.cif,KLiGe,-2.0033,0.316,Semiconductor,P6_1,169,18
NaLi2CaInGa2SnSb2_id1169_E-2.00.cif,NaLi2CaInGa2SnSb2,-2.0026,0.0,Metal,P4_3,78,40
NaLiIn17_id2078_E-2.00.cif,NaLiIn17,-2.0019,0.0,Metal,P2/c,13,38
CaIn4Sb_id3303_E-2.00.cif,CaIn4Sb,-2.0,0.071,Semiconductor,I4/mmm,139,12
Li6Cd(InSn)2_id3641_E-2.00.cif,Li6Cd(InSn)2,-1.9992,0.0,Metal,P422,89,22
Na5Ga4_id833_E-2.00.cif,Na5Ga4,-1.9981,0.0,Metal,P4_2/n,86,18
ZnIn2_id1895_E-2.00.cif,ZnIn2,-1.9981,0.0,Metal,I-42d,122,12
Li(ZnGa)2_id2602_E-2.00.cif,Li(ZnGa)2,-1.9974,0.0,Metal,Cmme,67,20
Sb3Te2(Se2S)2_id1474_E-2.00.cif,Sb3Te2(Se2S)2,-1.9958,2.496,Semiconductor,Iba2,45,44
ZnCd3C_id3385_E-2.00.cif,ZnCd3C,-1.9956,0.0,Metal,Pm-3m,221,5
GaTe2_id3776_E-2.00.cif,GaTe2,-1.9954,2.674,Semiconductor,P432,207,36
Li2ZnGa2_id2881_E-1.99.cif,Li2ZnGa2,-1.9944,0.0,Metal,P4/mnc,128,20
MgCdGa4_id1806_E-1.99.cif,MgCdGa4,-1.993,0.0,Metal,P4/mbm,127,12
Li2Sc2Be3Ge_id3433_E-1.99.cif,Li2Sc2Be3Ge,-1.9921,0.0,Metal,P6_222,180,24
LiTiAl3Zn2Ga3Ge_id2777_E-1.99.cif,LiTiAl3Zn2Ga3Ge,-1.992,0.0,Metal,P4_3,78,44
NaLiGa_id1844_E-1.99.cif,NaLiGa,-1.9918,0.0,Metal,F-43m,216,12
LiMg5ScCd_id1401_E-1.99.cif,LiMg5ScCd,-1.9915,0.0,Metal,I-4m2,119,16
CaCd3Ga2_id87_E-1.99.cif,CaCd3Ga2,-1.9904,0.0,Metal,P6/mmm,191,6
Mg5(InSn)3_id4034_E-1.99.cif,Mg5(InSn)3,-1.9895,0.0,Metal,P6_3/mcm,193,22
Mg3In10Ga_id2093_E-1.99.cif,Mg3In10Ga,-1.9883,0.0,Metal,Im-3m,229,28
K2Ge_id1951_E-1.99.cif,K2Ge,-1.9883,0.167,Semiconductor,Pa-3,205,12
Mg2Al3(Zn2Ga3)2_id4929_E-1.99.cif,Mg2Al3(Zn2Ga3)2,-1.9879,0.0,Metal,P-1,2,15
CdGa2_id1546_E-1.99.cif,CdGa2,-1.9872,0.0,Metal,P4nc,104,24
K2LiIn2Sn_id750_E-1.99.cif,K2LiIn2Sn,-1.9867,0.0,Metal,I-4m2,119,12
Ca3Sc3CdIn2Ga_id4092_E-1.99.cif,Ca3Sc3CdIn2Ga,-1.9854,0.35,Semiconductor,P1,1,60
NaLiSiAsPSeS12_id4410_E-1.98.cif,NaLiSiAsPSeS12,-1.9849,3.533,Insulator,P2_1,4,36
K2LiAlGa3_id3766_E-1.98.cif,K2LiAlGa3,-1.9848,0.0,Metal,Pmma,51,14
K4Al2ZnGa8SiGe2_id1683_E-1.98.cif,K4Al2ZnGa8SiGe2,-1.9843,0.0,Metal,I422,97,36
LiTiZn3InGaAs_id2584_E-1.98.cif,LiTiZn3InGaAs,-1.9819,0.0,Metal,P3_112,151,48
K(ZnGa3)4_id1039_E-1.98.cif,K(ZnGa3)4,-1.981,0.0,Metal,Pban,50,34
Ba6Sr3Mg3AlSn3_id3582_E-1.98.cif,Ba6Sr3Mg3AlSn3,-1.9806,0.0,Metal,R3m,160,48
Li(ZnGa)2_id4255_E-1.98.cif,Li(ZnGa)2,-1.9798,0.0,Metal,Aem2,39,20
ZnTe3S_id3050_E-1.98.cif,ZnTe3S,-1.9797,0.918,Semiconductor,Pn-3,201,40
Na2In2GaSi2_id2677_E-1.98.cif,Na2In2GaSi2,-1.9783,0.015,Metal,Pm-3m,221,42
K4Ba4P3_id47_E-1.98.cif,K4Ba4P3,-1.9776,0.609,Semiconductor,I-43d,220,44
Sc2Zn2CdGaO_id3893_E-1.98.cif,Sc2Zn2CdGaO,-1.9774,0.0,Metal,P4_2/m,84,28
BaAl4(ZnIn2)4_id2037_E-1.98.cif,BaAl4(ZnIn2)4,-1.977,0.0,Metal,P4_2/nmc,137,34
Li3Sn2_id4969_E-1.98.cif,Li3Sn2,-1.9766,0.0,Metal,I-43d,220,40
LiMg2Zn2In2Ga_id344_E-1.98.cif,LiMg2Zn2In2Ga,-1.9764,0.0,Metal,P4/mmm,123,8
ZnGa_id2787_E-1.98.cif,ZnGa,-1.9756,0.0,Metal,Aea2,41,24
NaBeZnIn2_id3737_E-1.98.cif,NaBeZnIn2,-1.9752,0.0,Metal,P4/mmm,123,20
Li2CdIn_id2482_E-1.97.cif,Li2CdIn,-1.9708,0.0,Metal,C2/m,12,8
BaMg2In_id3250_E-1.97.cif,BaMg2In,-1.97,0.0,Metal,P4/mmm,123,16
Sr2ZnGaSn2_id3552_E-1.97.cif,Sr2ZnGaSn2,-1.969,0.0,Metal,P4/mbm,127,12
Ca2In5_id3240_E-1.97.cif,Ca2In5,-1.966,0.0,Metal,Fmmm,69,28
K2Zn5(Ga5As)2_id1534_E-1.96.cif,K2Zn5(Ga5As)2,-1.9649,0.0,Metal,P2_12_12,18,38
AlZn11S4_id3063_E-1.96.cif,AlZn11S4,-1.9645,1.862,Semiconductor,P-42c,112,32
Al_id3362_E-1.96.cif,Al,-1.9638,0.0,Metal,Pm-3n,223,12
CaMg6Sc_id212_E-1.96.cif,CaMg6Sc,-1.9631,0.006,Metal,I4/mmm,139,16
LiCa3MgGa6_id2820_E-1.96.cif,LiCa3MgGa6,-1.9626,0.0,Metal,Pm-3,200,11
BaMg6In5_id3114_E-1.96.cif,BaMg6In5,-1.9621,0.0,Metal,P-6m2,187,12
CaAl3Zn3Ga2_id960_E-1.96.cif,CaAl3Zn3Ga2,-1.9615,0.0,Metal,P6/mmm,191,9
Li2CdIn3_id4132_E-1.96.cif,Li2CdIn3,-1.9611,0.0,Metal,P4/mmm,123,6
CaMgIn_id908_E-1.96.cif,CaMgIn,-1.9606,0.0,Metal,Immm,71,6
Cd4In4Ge_id1645_E-1.96.cif,Cd4In4Ge,-1.9606,0.0,Metal,P-42_1c,114,18
SrAl(CdIn)4_id4855_E-1.96.cif,SrAl(CdIn)4,-1.9595,0.0,Metal,I-4m2,119,20
NaSr2Li4Ca4Sc_id2593_E-1.96.cif,NaSr2Li4Ca4Sc,-1.958,0.0,Metal,C2/m,12,24
NaInGa_id1041_E-1.96.cif,NaInGa,-1.9575,0.0,Metal,P-6m2,187,6
Li6MgIn7_id4070_E-1.96.cif,Li6MgIn7,-1.9574,0.0,Metal,Pm-3,200,14
AlZn_id717_E-1.96.cif,AlZn,-1.9574,0.0,Metal,P-42c,112,16
NaIn2_id1017_E-1.96.cif,NaIn2,-1.9568,0.073,Semiconductor,P4_2cm,101,24
Sr3AlCd_id2639_E-1.96.cif,Sr3AlCd,-1.9551,0.0,Metal,P4/mmm,123,20
Li13CdB_id2425_E-1.95.cif,Li13CdB,-1.9544,0.0,Metal,P-42c,112,30
In2Ga5_id2261_E-1.95.cif,In2Ga5,-1.952,0.0,Metal,P4/mmm,123,14
Li5(ZnGa)2_id4370_E-1.95.cif,Li5(ZnGa)2,-1.9503,0.0,Metal,Pm,6,9
LiAl3Zn_id2744_E-1.95.cif,LiAl3Zn,-1.9502,0.0,Metal,Pbcm,57,20
LiAl2(ZnGa)2_id1426_E-1.95.cif,LiAl2(ZnGa)2,-1.9471,0.0,Metal,Imm2,44,14
Ba4Li4Mg5Zn2(SnB)4_id2182_E-1.95.cif,Ba4Li4Mg5Zn2(SnB)4,-1.9471,0.0,Metal,P4_2/n,86,46
NaLi3Sn3Sb3Te2_id4024_E-1.95.cif,NaLi3Sn3Sb3Te2,-1.9462,0.982,Semiconductor,P3c1,158,24
Sr4ZnIn2_id1067_E-1.94.cif,Sr4ZnIn2,-1.9447,0.0,Metal,Fd-3m,227,56
LiAs2P_id1168_E-1.94.cif,LiAs2P,-1.9443,0.0,Metal,P4/mmm,123,8
Li2TiBeZn3InGaSn2SbTe7PSe_id992_E-1.94.cif,Li2TiBeZn3InGaSn2SbTe7PSe,-1.9443,1.409,Semiconductor,P1,1,21
Li3CaIn5_id506_E-1.94.cif,Li3CaIn5,-1.9441,0.0,Metal,P6/mmm,191,9
BaCa3_id4223_E-1.94.cif,BaCa3,-1.9414,0.0,Metal,Pm-3m,221,4
Li(ZnIn3)2_id4286_E-1.94.cif,Li(ZnIn3)2,-1.9409,0.0,Metal,P6/mmm,191,9
In11Ga_id4326_E-1.94.cif,In11Ga,-1.9403,0.529,Semiconductor,P2/m,10,12
Na2Li4Zn2Ga2Ge_id576_E-1.94.cif,Na2Li4Zn2Ga2Ge,-1.9392,0.004,Metal,Cccm,66,44
CdGa_id4149_E-1.94.cif,CdGa,-1.9375,0.0,Metal,I4_1/amd,141,8
TiZn2_id2107_E-1.94.cif,TiZn2,-1.9373,1.945,Semiconductor,P4/nmm,129,12
Ba6CaSiB_id3952_E-1.94.cif,Ba6CaSiB,-1.9352,0.0,Metal,Amm2,38,18
K3In2Si_id3718_E-1.93.cif,K3In2Si,-1.9348,0.009,Metal,P2,3,48
Zn2In2Ga_id4885_E-1.93.cif,Zn2In2Ga,-1.9344,0.0,Metal,P2/c,13,10
Mg3ScGa_id3599_E-1.93.cif,Mg3ScGa,-1.9338,0.0,Metal,P-31m,162,15
Li5Zn3Ga2_id1427_E-1.93.cif,Li5Zn3Ga2,-1.9337,0.0,Metal,P6/mmm,191,10
Li6Ca5Mg9SiSn_id3452_E-1.93.cif,Li6Ca5Mg9SiSn,-1.9336,0.0,Metal,P-6m2,187,22
Li2Mg3(CdGa2)2_id2076_E-1.93.cif,Li2Mg3(CdGa2)2,-1.9325,0.0,Metal,P-1,2,11
K4MgAl2Ga5_id1322_E-1.93.cif,K4MgAl2Ga5,-1.9305,0.0,Metal,P-42c,112,24
Mg2In_id1106_E-1.93.cif,Mg2In,-1.9293,0.0,Metal,Fm-3m,225,12
Zn2SnTe_id255_E-1.93.cif,Zn2SnTe,-1.929,0.0,Metal,I4/mmm,139,8
Li3Cd4Ga3_id3104_E-1.93.cif,Li3Cd4Ga3,-1.9282,0.0,Metal,I-43d,220,40
Mg2Ga5_id1811_E-1.93.cif,Mg2Ga5,-1.9277,0.0,Metal,Cmmm,65,14
LiCa(Zn2Si)4_id646_E-1.93.cif,LiCa(Zn2Si)4,-1.9266,0.0,Metal,I422,97,28
Mg4GaSi_id1502_E-1.93.cif,Mg4GaSi,-1.9258,0.0,Metal,I4_1/a,88,24
BaGa2_id2911_E-1.93.cif,BaGa2,-1.9254,0.0,Metal,P6_122,178,18
MgInSn_id494_E-1.92.cif,MgInSn,-1.925,0.0,Metal,Imma,74,24
K2Na2SrGaSiSn_id1220_E-1.92.cif,K2Na2SrGaSiSn,-1.9248,0.0,Metal,Amm2,38,16
Ga_id1608_E-1.92.cif,Ga,-1.9239,0.0,Metal,P6/mmm,191,20
Na5Cd2(InTe)2_id3285_E-1.92.cif,Na5Cd2(InTe)2,-1.9218,0.184,Semiconductor,P3_112,151,33
CaMg4Te_id876_E-1.92.cif,CaMg4Te,-1.9212,0.083,Semiconductor,I4_1/a,88,24
Li3Ca4Mg_id4780_E-1.92.cif,Li3Ca4Mg,-1.9212,0.0,Metal,Im-3m,229,16
CdIn2_id3238_E-1.92.cif,CdIn2,-1.9211,0.0,Metal,Pbcn,60,12
K3Al2(GaSi)2_id826_E-1.92.cif,K3Al2(GaSi)2,-1.9208,0.0,Metal,I-4c2,120,36
Mg3CdInSn_id94_E-1.92.cif,Mg3CdInSn,-1.9197,0.0,Metal,Pmmm,47,6
Cd2In3_id244_E-1.92.cif,Cd2In3,-1.9192,0.0,Metal,Cmce,64,20
ScZn6_id3157_E-1.92.cif,ScZn6,-1.9189,0.0,Metal,P4/ncc,130,28
Na2SrIn2Ga_id4183_E-1.92.cif,Na2SrIn2Ga,-1.9187,0.0,Metal,P622,177,36
Ca3Zn2CdIn4_id1559_E-1.92.cif,Ca3Zn2CdIn4,-1.9183,0.0,Metal,P6_122,178,60
CdGa_id1433_E-1.92.cif,CdGa,-1.9183,0.0,Metal,P4/mmm,123,4
Mg(AlZn)2_id2529_E-1.92.cif,Mg(AlZn)2,-1.9182,0.0,Metal,I4/mcm,140,20
Mg3In_id2444_E-1.92.cif,Mg3In,-1.9181,0.018,Metal,Pm-3n,223,8
BaCa_id3990_E-1.92.cif,BaCa,-1.917,0.0,Metal,Pm-3m,221,16
BaMg5Al_id3411_E-1.92.cif,BaMg5Al,-1.9154,0.0,Metal,I-4m2,119,14
AlZn_id1189_E-1.92.cif,AlZn,-1.9153,0.0,Metal,Aem2,39,8
LiCa2Zn_id2417_E-1.91.cif,LiCa2Zn,-1.9147,0.0,Metal,Fm-3m,225,16
LiMg6Al_id1930_E-1.91.cif,LiMg6Al,-1.9129,0.0,Metal,Fm-3m,225,32
Mg3(ZnGa2)2_id4238_E-1.91.cif,Mg3(ZnGa2)2,-1.9128,0.0,Metal,Cmce,64,36
Na2Li2Te3_id4945_E-1.91.cif,Na2Li2Te3,-1.9117,0.052,Semiconductor,I4_132,214,28
CdGa_id3008_E-1.91.cif,CdGa,-1.911,0.0,Metal,P4/nmm,129,8
KCdIn2_id1331_E-1.91.cif,KCdIn2,-1.9105,0.0,Metal,Immm,71,8
Li3Ca4Zn_id1889_E-1.91.cif,Li3Ca4Zn,-1.9102,0.0,Metal,Im-3m,229,16
In12Sn_id602_E-1.91.cif,In12Sn,-1.9096,0.0,Metal,P6/mmm,191,13
Li(AlIn2)3_id2260_E-1.91.cif,Li(AlIn2)3,-1.909,0.0,Metal,Im-3m,229,20
MgAlGa2_id1436_E-1.91.cif,MgAlGa2,-1.9088,0.0,Metal,P4/mmm,123,8
BaBeAlGa2_id3056_E-1.91.cif,BaBeAlGa2,-1.9085,0.0,Metal,Pcc2,27,20
Mg5Al4Cd_id1367_E-1.91.cif,Mg5Al4Cd,-1.9081,0.005,Metal,P6_3/mcm,193,20
LiIn3_id1066_E-1.91.cif,LiIn3,-1.908,0.0,Metal,Pnnn,48,16
K9Na4Li(AsO)3_id645_E-1.91.cif,K9Na4Li(AsO)3,-1.9077,0.0,Metal,P31m,157,20
Mg3InGa3_id1728_E-1.91.cif,Mg3InGa3,-1.9063,0.0,Metal,Pm-3n,223,14
LiCa2Cd_id1980_E-1.91.cif,LiCa2Cd,-1.9063,0.0,Metal,Fm-3m,225,16
Li4Ga_id3144_E-1.91.cif,Li4Ga,-1.9061,0.103,Semiconductor,Pn-3n,222,60
Be2Zn2B_id253_E-1.91.cif,Be2Zn2B,-1.9057,0.0,Metal,I4/mmm,139,20
CdIn4_id4366_E-1.90.cif,CdIn4,-1.9049,0.0,Metal,I4_1/a,88,20
Al_id1006_E-1.90.cif,Al,-1.9044,0.0,Metal,P4/m,83,14
Li9Al12ZnCd8_id1922_E-1.90.cif,Li9Al12ZnCd8,-1.9038,0.0,Metal,I422,97,60
KBe2BAs2_id1119_E-1.90.cif,KBe2BAs2,-1.9031,0.395,Semiconductor,P6_422,181,18
Mg2Cd4In2Sn3_id1597_E-1.90.cif,Mg2Cd4In2Sn3,-1.8989,0.0,Metal,Cmce,64,44
Ba3Ca_id532_E-1.90.cif,Ba3Ca,-1.8975,0.0,Metal,Fm-3m,225,16
Zn2Ga5_id4532_E-1.90.cif,Zn2Ga5,-1.8971,0.0,Metal,Immm,71,14
ZnIn_id2731_E-1.90.cif,ZnIn,-1.8966,0.0,Metal,I4/mmm,139,4
Zn3In4_id4849_E-1.89.cif,Zn3In4,-1.8946,0.0,Metal,I-43d,220,28
NaZn2Sb_id425_E-1.89.cif,NaZn2Sb,-1.8945,0.0,Metal,P4_2/mmc,131,8
LiZn4Cd(In2Ga)2_id3648_E-1.89.cif,LiZn4Cd(In2Ga)2,-1.8938,0.0,Metal,P-42c,112,24
Ba3Ca_id3995_E-1.89.cif,Ba3Ca,-1.8934,0.0,Metal,P4/mmm,123,16
K(NaGe)3_id356_E-1.89.cif,K(NaGe)3,-1.8933,0.024,Metal,P4_332,212,28
Na2Ga_id2392_E-1.89.cif,Na2Ga,-1.893,0.002,Metal,I4/mmm,139,12
ZnGa5Si_id4713_E-1.89.cif,ZnGa5Si,-1.8927,0.0,Metal,P-42m,111,7
BaNaZnCd2GaSn4GeSb_id3616_E-1.89.cif,BaNaZnCd2GaSn4GeSb,-1.8923,0.0,Metal,P3_1,144,36
Mg6AlGa2_id2965_E-1.89.cif,Mg6AlGa2,-1.8904,0.0,Metal,P6/mmm,191,18
BaCd2In_id2649_E-1.89.cif,BaCd2In,-1.8903,0.0,Metal,Fm-3m,225,16
LiCa4Zn3_id219_E-1.89.cif,LiCa4Zn3,-1.8889,0.0,Metal,Im-3m,229,16
Ba2P2O3_id3229_E-1.89.cif,Ba2P2O3,-1.8881,2.679,Semiconductor,P-42_1m,113,14
Sr2Al(Zn2In)2_id3379_E-1.89.cif,Sr2Al(Zn2In)2,-1.8875,0.0,Metal,I4/mcm,140,36
Ca2Mg2Al_id940_E-1.89.cif,Ca2Mg2Al,-1.886,0.0,Metal,P4/mnc,128,20
Cd2Te_id1475_E-1.89.cif,Cd2Te,-1.886,0.242,Semiconductor,P2_12_12_1,19,12
Ca2Te3_id3726_E-1.88.cif,Ca2Te3,-1.8842,0.0,Metal,P4_332,212,20
Li3Al(Zn2Ga)2_id2484_E-1.88.cif,Li3Al(Zn2Ga)2,-1.884,0.0,Metal,P-4m2,115,10
Li2ZnCdSiTe_id1193_E-1.88.cif,Li2ZnCdSiTe,-1.881,0.0,Metal,P4_2nm,102,12
Ca2Cd_id1123_E-1.88.cif,Ca2Cd,-1.881,0.0,Metal,I4/mmm,139,12
LiCd4Ga3_id4259_E-1.88.cif,LiCd4Ga3,-1.8772,0.0,Metal,Im-3m,229,16
ZnCd3GeSe3_id1957_E-1.87.cif,ZnCd3GeSe3,-1.8738,0.0,Metal,P3m1,156,8
Zn3Ga2_id1540_E-1.87.cif,Zn3Ga2,-1.8724,0.0,Metal,Cmce,64,20
KLi2Al2Zn4Cd2Ga_id2838_E-1.87.cif,KLi2Al2Zn4Cd2Ga,-1.87,0.0,Metal,P-3m1,164,12
Li2Al2Zn2Ga5_id1111_E-1.87.cif,Li2Al2Zn2Ga5,-1.8677,0.0,Metal,P4_2/m,84,22
CaZn_id1020_E-1.87.cif,CaZn,-1.8658,0.0,Metal,Pm-3m,221,16
LiMg4(ZnGa)4_id1554_E-1.87.cif,LiMg4(ZnGa)4,-1.865,0.0,Metal,P4_2/n,86,26
Zn6CdIn3(Ga3Sn2)2_id1344_E-1.86.cif,Zn6CdIn3(Ga3Sn2)2,-1.8644,0.0,Metal,P-6m2,187,20
CaMg_id1820_E-1.86.cif,CaMg,-1.8636,0.0,Metal,Pm-3m,221,16
LiCd2InGa_id945_E-1.86.cif,LiCd2InGa,-1.8633,0.0,Metal,C2/m,12,10
LiMg3Cd3(In5Sn2)2_id2007_E-1.86.cif,LiMg3Cd3(In5Sn2)2,-1.8619,0.0,Metal,P1,1,21
SrCdIn_id1201_E-1.86.cif,SrCdIn,-1.8613,0.0,Metal,Immm,71,6
Ga_id3377_E-1.86.cif,Ga,-1.8607,0.0,Metal,Pm-3n,223,12
Ga_id973_E-1.86.cif,Ga,-1.8601,0.0,Metal,P4/m,83,12
Zn5Ga3_id3729_E-1.86.cif,Zn5Ga3,-1.8601,0.0,Metal,Pbam,55,16
Zn9O2_id4091_E-1.86.cif,Zn9O2,-1.8599,0.0,Metal,Pba2,32,22
CaMg12Al3Ga2_id3029_E-1.86.cif,CaMg12Al3Ga2,-1.8595,0.0,Metal,P6/mmm,191,18
ZnGa_id2996_E-1.86.cif,ZnGa,-1.8588,0.0,Metal,Pmmm,47,4
Ba2Ca12N_id2032_E-1.86.cif,Ba2Ca12N,-1.857,0.0,Metal,Pn-3,201,30
MgZn8Ga2SnGe2_id2658_E-1.86.cif,MgZn8Ga2SnGe2,-1.8567,0.0,Metal,I422,97,28
Ga_id1792_E-1.86.cif,Ga,-1.8559,0.0,Metal,Pm-3n,223,12
Li2Mg2As3_id4637_E-1.86.cif,Li2Mg2As3,-1.8555,0.02,Metal,P4/mmm,123,14
Mg3Ga_id1171_E-1.85.cif,Mg3Ga,-1.8536,0.0,Metal,P6_3/mmc,194,8
Li2AlZnGa_id2068_E-1.85.cif,Li2AlZnGa,-1.8535,0.0,Metal,P4_2cm,101,40
Li4Mg2Al2O_id413_E-1.85.cif,Li4Mg2Al2O,-1.8506,0.0,Metal,Pccn,56,36
K4Sb3(Te3Se2)2_id637_E-1.85.cif,K4Sb3(Te3Se2)2,-1.8486,0.365,Semiconductor,C2,5,34
Li4In11Ga_id2577_E-1.85.cif,Li4In11Ga,-1.8486,0.0,Metal,P-62m,189,16
Al5Zn2_id437_E-1.85.cif,Al5Zn2,-1.8486,0.0,Metal,I422,97,28
Li4Mg8Ga4BSb4P_id276_E-1.85.cif,Li4Mg8Ga4BSb4P,-1.8475,0.0,Metal,P4,75,22
Al3Zn4Ga5_id2899_E-1.85.cif,Al3Zn4Ga5,-1.8463,0.0,Metal,P6_2,171,36
Mg4Al_id3064_E-1.84.cif,Mg4Al,-1.8439,0.0,Metal,R-3m,166,15
Zn6In3Ga4SiSnO3_id316_E-1.84.cif,Zn6In3Ga4SiSnO3,-1.8431,0.029,Metal,P-6,174,18
CaZn5Ga_id1103_E-1.84.cif,CaZn5Ga,-1.8414,0.0,Metal,I-4m2,119,14
Ba4Li3_id4486_E-1.84.cif,Ba4Li3,-1.839,0.0,Metal,I-43d,220,28
Ca2ZnCd_id2095_E-1.84.cif,Ca2ZnCd,-1.8378,0.0,Metal,Fm-3m,225,16
Ca2ZnCd_id796_E-1.84.cif,Ca2ZnCd,-1.8378,0.0,Metal,Fm-3m,225,16
Li7Mg2Sn_id936_E-1.84.cif,Li7Mg2Sn,-1.8365,0.0,Metal,P4/mmm,123,10
Na2CaSc2InGa_id2193_E-1.84.cif,Na2CaSc2InGa,-1.835,0.4,Semiconductor,P4/nmm,129,14
NaCd2In3_id3839_E-1.83.cif,NaCd2In3,-1.8344,0.0,Metal,R-3m,166,18
Li6Zn_id103_E-1.83.cif,Li6Zn,-1.8332,0.065,Semiconductor,Fm-3m,225,28
NaCdGa2_id1402_E-1.83.cif,NaCdGa2,-1.8304,0.0,Metal,P-3m1,164,4
BaNa9SrLi3Ga2Sb(AsP)2_id4957_E-1.83.cif,BaNa9SrLi3Ga2Sb(AsP)2,-1.8278,0.0,Metal,P1,1,21
Li2Mg2In_id2505_E-1.83.cif,Li2Mg2In,-1.8278,0.0,Metal,P6_3/mcm,193,20
CaMg_id4819_E-1.82.cif,CaMg,-1.8247,0.0,Metal,I4_1/amd,141,8
KMgGa_id4683_E-1.82.cif,KMgGa,-1.8237,0.0,Metal,P4_122,91,12
Ca2Mg5Sc_id3741_E-1.82.cif,Ca2Mg5Sc,-1.8226,0.0,Metal,I4/mmm,139,16
Li5CdGa_id4669_E-1.82.cif,Li5CdGa,-1.819,0.0,Metal,P4_2/mmc,131,14
Na8Li3AlIn6_id755_E-1.82.cif,Na8Li3AlIn6,-1.8181,0.0,Metal,I-43m,217,36
LiZn5GaSn_id4656_E-1.82.cif,LiZn5GaSn,-1.8178,0.0,Metal,Imma,74,32
BaLi4Ca3Zn4_id1963_E-1.82.cif,BaLi4Ca3Zn4,-1.8166,3.771,Insulator,I-43m,217,24
NaAlZn2Ga3_id1485_E-1.82.cif,NaAlZn2Ga3,-1.8163,0.0,Metal,Pmma,51,14
Mg4CdGa4_id1876_E-1.82.cif,Mg4CdGa4,-1.8161,0.0,Metal,Pmna,53,36
Mg2Si_id3051_E-1.82.cif,Mg2Si,-1.8157,0.0,Metal,P4_332,212,12
Na7CaGa6_id3534_E-1.82.cif,Na7CaGa6,-1.8152,0.0,Metal,P-31c,163,28
MgGa_id1757_E-1.81.cif,MgGa,-1.8143,0.0,Metal,F-43m,216,8
Li2Mg(CdIn)2_id3060_E-1.81.cif,Li2Mg(CdIn)2,-1.8142,0.0,Metal,C2/m,12,14
Ba2Ca_id2109_E-1.81.cif,Ba2Ca,-1.814,0.0,Metal,P4/mmm,123,6
KNa8Li(GaGe2)2_id158_E-1.81.cif,KNa8Li(GaGe2)2,-1.8118,0.0,Metal,I-42m,121,32
Ca4Mg3_id2888_E-1.81.cif,Ca4Mg3,-1.8112,0.0,Metal,I-43d,220,28
KGa_id3918_E-1.81.cif,KGa,-1.8111,0.232,Semiconductor,Pcc2,27,8
Ca_id2029_E-1.81.cif,Ca,-1.8108,0.0,Metal,P2_12_12_1,19,12
CaMg6Al3Zn2_id885_E-1.81.cif,CaMg6Al3Zn2,-1.809,0.0,Metal,P6/mmm,191,12
Ga_id281_E-1.81.cif,Ga,-1.8089,0.0,Metal,Ibca,73,48
Mg3Sc4Cd_id4724_E-1.81.cif,Mg3Sc4Cd,-1.8075,0.0,Metal,C222,21,32
Li4Mg4Cd2GaGe_id2237_E-1.81.cif,Li4Mg4Cd2GaGe,-1.8073,2.679,Semiconductor,Amm2,38,24
Ba6LiMg_id1248_E-1.81.cif,Ba6LiMg,-1.8068,0.0,Metal,Fm-3m,225,32
ZnGa_id2402_E-1.80.cif,ZnGa,-1.8046,0.0,Metal,F-43m,216,8
Ca_id1786_E-1.80.cif,Ca,-1.8045,0.0,Metal,Cmmm,65,12
Li2Mg2Ga3_id462_E-1.80.cif,Li2Mg2Ga3,-1.8022,0.0,Metal,Ccc2,37,28
BaLi2Mg2Be2Cd4Ga2Sn_id4454_E-1.80.cif,BaLi2Mg2Be2Cd4Ga2Sn,-1.8017,0.0,Metal,P4_322,95,56
Ba6Sr_id596_E-1.80.cif,Ba6Sr,-1.8014,0.0,Metal,Fm-3m,225,28
Ba6Sr_id4813_E-1.80.cif,Ba6Sr,-1.8014,0.0,Metal,Fm-3m,225,28
Ga_id3604_E-1.80.cif,Ga,-1.8005,0.0,Metal,P4_2/m,84,14
NaSrLiBe2Zn3InGaSn_id4199_E-1.80.cif,NaSrLiBe2Zn3InGaSn,-1.8001,0.0,Metal,P4_3,78,44
SrCa5_id1048_E-1.80.cif,SrCa5,-1.8,0.0,Metal,P6/mmm,191,6
Mg2In_id4008_E-1.80.cif,Mg2In,-1.7989,0.0,Metal,Pa-3,205,12
Ca_id3033_E-1.80.cif,Ca,-1.7984,0.0,Metal,P-31m,162,12
BaMg_id4234_E-1.80.cif,BaMg,-1.7965,0.0,Metal,Pm-3m,221,16
BaMg_id1324_E-1.80.cif,BaMg,-1.7965,0.0,Metal,Pm-3m,221,16
Li6In7_id2009_E-1.80.cif,Li6In7,-1.7964,0.0,Metal,Pm-3,200,13
Ca_id4896_E-1.80.cif,Ca,-1.7955,0.0,Metal,P-31m,162,12
LiMg3In4_id4423_E-1.80.cif,LiMg3In4,-1.795,0.0,Metal,P4_2/m,84,16
Li2Mg2Al_id3091_E-1.79.cif,Li2Mg2Al,-1.7944,0.0,Metal,Pbca,61,20
MgCdGa_id1809_E-1.79.cif,MgCdGa,-1.7936,0.0,Metal,F-43m,216,12
Al3Cd3In_id4822_E-1.79.cif,Al3Cd3In,-1.7926,0.0,Metal,Pm-3n,223,14
Li4Al2Ga_id2579_E-1.79.cif,Li4Al2Ga,-1.7903,0.0,Metal,P4/mmm,123,28
Na2Mg5Se2_id2424_E-1.79.cif,Na2Mg5Se2,-1.79,0.0,Metal,C222,21,18
Ga5Ge2_id3645_E-1.79.cif,Ga5Ge2,-1.789,0.0,Metal,I2_12_12_1,24,28
Mg2Zn4Ga3Sn_id1666_E-1.79.cif,Mg2Zn4Ga3Sn,-1.7886,0.0,Metal,P2_1/m,11,20
BaNaGe_id2924_E-1.79.cif,BaNaGe,-1.7883,0.0,Metal,P4_2mc,105,12
Cd(In3Sn)3_id491_E-1.79.cif,Cd(In3Sn)3,-1.7881,0.051,Semiconductor,P-6m2,187,13
ScZn2_id3566_E-1.79.cif,ScZn2,-1.7879,0.0,Metal,P6_3/mcm,193,24
Li2ZnCd3In4_id4768_E-1.79.cif,Li2ZnCd3In4,-1.7869,0.0,Metal,P4_2/nmc,137,20
Li2Zn2Cd2Ga5_id4524_E-1.79.cif,Li2Zn2Cd2Ga5,-1.7861,0.0,Metal,P-1,2,22
Ba4Mg3Cd_id4787_E-1.78.cif,Ba4Mg3Cd,-1.7843,0.0,Metal,Im-3m,229,16
LiMg4AlGa2_id4654_E-1.78.cif,LiMg4AlGa2,-1.7827,0.012,Metal,Pm,6,16
LiMg3In2_id1467_E-1.78.cif,LiMg3In2,-1.7825,0.0,Metal,P6/mmm,191,24
MgGa2Ge_id4973_E-1.78.cif,MgGa2Ge,-1.7825,0.0,Metal,I4/mmm,139,8
ScCd_id4325_E-1.78.cif,ScCd,-1.7783,0.0,Metal,P6/mmm,191,6
CdIn_id2176_E-1.78.cif,CdIn,-1.7766,0.0,Metal,P4/nmm,129,8
LiAlZn4_id1336_E-1.78.cif,LiAlZn4,-1.776,0.0,Metal,I422,97,12
MgScCd6_id562_E-1.78.cif,MgScCd6,-1.7759,0.0,Metal,Pm-3,200,8
NaSrMg2(Cd2Sn)2_id4626_E-1.78.cif,NaSrMg2(Cd2Sn)2,-1.7759,0.01,Metal,I4/mmm,139,20
Zn4Ge_id1885_E-1.77.cif,Zn4Ge,-1.7749,0.0,Metal,P-42_1c,114,10
Ba6LiTiGa2_id4595_E-1.77.cif,Ba6LiTiGa2,-1.7746,0.0,Metal,P42_12,90,20
Ba6SrIn_id373_E-1.77.cif,Ba6SrIn,-1.7732,0.0,Metal,P-31c,163,16
LiGa2_id3867_E-1.77.cif,LiGa2,-1.7709,0.0,Metal,P4_122,91,12
LiMg7In4_id2277_E-1.77.cif,LiMg7In4,-1.7703,0.0,Metal,P4_2/m,84,24
BeAlGa2_id3204_E-1.77.cif,BeAlGa2,-1.77,0.0,Metal,P6_222,180,12
NaCd2Sn_id941_E-1.77.cif,NaCd2Sn,-1.7698,0.0,Metal,I-42d,122,16
Mg2ScZnIn2_id4583_E-1.77.cif,Mg2ScZnIn2,-1.7695,0.0,Metal,P6_5,170,36
Ba4Mg2CdIn2_id2414_E-1.77.cif,Ba4Mg2CdIn2,-1.7694,2.242,Semiconductor,P4_22_12,94,18
Li4Zn7Ga2_id2959_E-1.77.cif,Li4Zn7Ga2,-1.7672,0.0,Metal,P-6m2,187,13
K7Na3Li6Cd2Ga2Sn2(SeS3)2_id4173_E-1.77.cif,K7Na3Li6Cd2Ga2Sn2(SeS3)2,-1.7672,2.861,Semiconductor,P1,1,60
KIn2Ga_id249_E-1.77.cif,KIn2Ga,-1.7657,0.0,Metal,P4_12_12,92,32
KLi6Te_id2647_E-1.76.cif,KLi6Te,-1.7647,0.0,Metal,R-3,148,24
ZnGa2_id2938_E-1.76.cif,ZnGa2,-1.7646,0.0,Metal,Cmcm,63,12
Be3Ga4Ge_id2326_E-1.76.cif,Be3Ga4Ge,-1.7639,0.0,Metal,P42_12,90,16
Na2Mg4AlGa2_id649_E-1.76.cif,Na2Mg4AlGa2,-1.763,0.0,Metal,Cmce,64,36
NaLi(CdIn)2_id3608_E-1.76.cif,NaLi(CdIn)2,-1.7623,0.0,Metal,R-3m,166,18
Ba_id3134_E-1.76.cif,Ba,-1.7616,0.0,Metal,Ibca,73,24
CdIn_id1391_E-1.76.cif,CdIn,-1.7612,0.0,Metal,P4/mmm,123,8
ZnIn_id22_E-1.76.cif,ZnIn,-1.7599,0.0,Metal,I4_1/acd,142,32
Li3Mg3(CdSn)2_id3924_E-1.76.cif,Li3Mg3(CdSn)2,-1.7598,0.0,Metal,Pbam,55,20
Ba13Ca9_id3017_E-1.76.cif,Ba13Ca9,-1.7587,0.0,Metal,Pm-3m,221,22
Li(MgSn)2_id4440_E-1.76.cif,Li(MgSn)2,-1.7573,0.207,Semiconductor,P6_222,180,15
BaMg(CdIn)3_id4178_E-1.76.cif,BaMg(CdIn)3,-1.7566,0.0,Metal,Pm-3m,221,8
BaCdSb2_id2239_E-1.75.cif,BaCdSb2,-1.7541,0.0,Metal,Aea2,41,16
CdIn2_id1986_E-1.75.cif,CdIn2,-1.7539,0.0,Metal,P2_12_12_1,19,12
BaCd_id743_E-1.75.cif,BaCd,-1.7524,0.0,Metal,Pm-3m,221,16
LiScCd6_id2756_E-1.75.cif,LiScCd6,-1.7516,0.0,Metal,P-31c,163,16
Na7Mg3Cd2SnGeAs_id3034_E-1.75.cif,Na7Mg3Cd2SnGeAs,-1.751,0.094,Semiconductor,P2_12_12_1,19,60
Mg(ZnGa)3_id2449_E-1.75.cif,Mg(ZnGa)3,-1.7503,0.0,Metal,C2/m,12,14
Ba2NaCa_id2575_E-1.75.cif,Ba2NaCa,-1.7491,0.0,Metal,Fm-3m,225,16
ZnGa_id3089_E-1.75.cif,ZnGa,-1.7486,0.0,Metal,P4_32_12,96,8
LiZnGe2_id1614_E-1.75.cif,LiZnGe2,-1.7481,0.0,Metal,P6/mmm,191,8
Ba3Al3Zn3Cd2In3Sn2_id3406_E-1.75.cif,Ba3Al3Zn3Cd2In3Sn2,-1.7477,0.0,Metal,P-6m2,187,16
LiCdGa3_id2726_E-1.75.cif,LiCdGa3,-1.7472,0.0,Metal,Pccm,49,10
Ba2ZnCd_id2811_E-1.75.cif,Ba2ZnCd,-1.7464,0.0,Metal,Fm-3m,225,16
LiMgCdIn_id4347_E-1.74.cif,LiMgCdIn,-1.7444,0.0,Metal,P-1,2,8
LiAlZn4_id4384_E-1.74.cif,LiAlZn4,-1.7436,0.0,Metal,I422,97,12
CaMg3_id1518_E-1.74.cif,CaMg3,-1.7417,0.0,Metal,Pm-3m,221,32
BaNa6SrSb_id3923_E-1.74.cif,BaNa6SrSb,-1.7412,0.0,Metal,P312,149,9
LiCd2InSn_id2983_E-1.74.cif,LiCd2InSn,-1.7411,0.0,Metal,Cmmm,65,10
MgAlZn_id4963_E-1.74.cif,MgAlZn,-1.741,0.0,Metal,Cmcm,63,12
ZnCdO30_id1128_E-1.74.cif,ZnCdO30,-1.7406,1.185,Semiconductor,P23,195,32
MgAlIn_id3274_E-1.74.cif,MgAlIn,-1.7404,0.179,Semiconductor,P4/mmm,123,12
MgCdAs2_id1900_E-1.74.cif,MgCdAs2,-1.7403,0.0,Metal,Pccm,49,8
LiCdSn_id3830_E-1.74.cif,LiCdSn,-1.7392,0.0,Metal,Pm,6,6
KGa3_id3447_E-1.74.cif,KGa3,-1.7383,0.0,Metal,P4_122,91,16
Mg2Cd2In5_id318_E-1.74.cif,Mg2Cd2In5,-1.7379,0.0,Metal,P4_22_12,94,18
Ba4Ca3_id993_E-1.74.cif,Ba4Ca3,-1.7374,0.0,Metal,C2/m,12,14
KBaNa2CaInSb_id1960_E-1.74.cif,KBaNa2CaInSb,-1.7369,0.025,Metal,P6_5,170,42
Al2CdIn4Ga3_id5000_E-1.74.cif,Al2CdIn4Ga3,-1.7362,0.0,Metal,P4/mmm,123,20
Li6ScZnCd_id4889_E-1.74.cif,Li6ScZnCd,-1.7361,0.0,Metal,P2_1/m,11,18
LiAlZn4_id93_E-1.74.cif,LiAlZn4,-1.7354,0.0,Metal,P42_12,90,12
AlZn4Cd2In4GaAs2_id1548_E-1.73.cif,AlZn4Cd2In4GaAs2,-1.7349,0.0,Metal,I422,97,28
Na2MgIn_id4222_E-1.73.cif,Na2MgIn,-1.7327,0.0,Metal,Fm-3m,225,16
BaCd2(In3Ga)3_id1730_E-1.73.cif,BaCd2(In3Ga)3,-1.7327,0.0,Metal,P6/mmm,191,15
Li4Zn3_id2305_E-1.73.cif,Li4Zn3,-1.7326,0.0,Metal,Im-3m,229,14
Ba2CaZn_id4651_E-1.73.cif,Ba2CaZn,-1.7322,0.0,Metal,Fm-3m,225,16
Li(ZnGe)2_id929_E-1.73.cif,Li(ZnGe)2,-1.732,0.0,Metal,P4_322,95,20
Sr2LiMg_id616_E-1.73.cif,Sr2LiMg,-1.7309,0.0,Metal,Fm-3m,225,16
Sr2LiMg_id1352_E-1.73.cif,Sr2LiMg,-1.7309,0.0,Metal,Fm-3m,225,16
Li4Cd3_id4165_E-1.73.cif,Li4Cd3,-1.7299,0.0,Metal,Ia-3,206,56
Na3Mg2In2GaSnGe_id1003_E-1.73.cif,Na3Mg2In2GaSnGe,-1.7297,0.0,Metal,Fmm2,42,40
CaMg_id108_E-1.73.cif,CaMg,-1.7294,0.0,Metal,Ibca,73,16
BaLiAlZn2_id3502_E-1.73.cif,BaLiAlZn2,-1.729,0.0,Metal,P4/mmm,123,20
KBa2CaCd4Ga_id1159_E-1.73.cif,KBa2CaCd4Ga,-1.7287,0.0,Metal,I4mm,107,18
Li4Mg4Al(Zn2Ga)4_id2626_E-1.73.cif,Li4Mg4Al(Zn2Ga)4,-1.7259,0.219,Semiconductor,P-42_1c,114,42
Ba7Cd_id2356_E-1.73.cif,Ba7Cd,-1.7258,0.0,Metal,P-31c,163,16
Li4Cd2Sn_id4682_E-1.73.cif,Li4Cd2Sn,-1.7254,0.0,Metal,P4_2/nnm,134,14
Li6Mg5Al3Zn2_id3951_E-1.72.cif,Li6Mg5Al3Zn2,-1.7234,0.0,Metal,P-6m2,187,16
Al(ZnGa)2_id3503_E-1.72.cif,Al(ZnGa)2,-1.7232,0.0,Metal,I4/mmm,139,20
Li(AlGa6)2_id4314_E-1.72.cif,Li(AlGa6)2,-1.7224,0.0,Metal,P4/mnc,128,30
Sr4(LiCa)3_id4836_E-1.72.cif,Sr4(LiCa)3,-1.7217,0.0,Metal,I-43d,220,40
K2In5GaSn_id4797_E-1.72.cif,K2In5GaSn,-1.7213,0.0,Metal,P3m1,156,9
K3Sc_id2963_E-1.72.cif,K3Sc,-1.7203,0.0,Metal,R-3,148,24
Zn(CdGa)2_id4992_E-1.72.cif,Zn(CdGa)2,-1.7194,0.0,Metal,Ibam,72,20
MgCd2Sn_id3442_E-1.72.cif,MgCd2Sn,-1.7187,0.0,Metal,P4/mmm,123,8
Zn2Cd3GaGe2_id4866_E-1.72.cif,Zn2Cd3GaGe2,-1.7186,0.0,Metal,Pbam,55,16
LiBeZn4Ga10Si_id336_E-1.72.cif,LiBeZn4Ga10Si,-1.7175,0.074,Semiconductor,P1,1,34
Ca_id4157_E-1.72.cif,Ca,-1.7167,0.0,Metal,P4_2/nmc,137,14
BeZn2_id3572_E-1.72.cif,BeZn2,-1.7156,0.0,Metal,P6_222,180,9
Cd2Sn_id2705_E-1.71.cif,Cd2Sn,-1.7149,0.0,Metal,P4/nnc,126,24
CaMg3AlZnGa3SiSb4Te3_id4436_E-1.71.cif,CaMg3AlZnGa3SiSb4Te3,-1.7146,0.043,Metal,P1,1,17
K6TiAlGaAs_id4862_E-1.71.cif,K6TiAlGaAs,-1.7118,0.0,Metal,P312,149,10
Na3Li6Ca3MgIn3_id2167_E-1.71.cif,Na3Li6Ca3MgIn3,-1.71,0.0,Metal,P6_3/m,176,32
K7MgInGa6_id995_E-1.71.cif,K7MgInGa6,-1.709,0.0,Metal,P-31c,163,30
Ba2NaMg_id1347_E-1.71.cif,Ba2NaMg,-1.7088,0.0,Metal,Fm-3m,225,16
LiCa2Mg3_id1184_E-1.71.cif,LiCa2Mg3,-1.7076,0.0,Metal,Cmmm,65,12
K3Ba4In2Ga_id4616_E-1.71.cif,K3Ba4In2Ga,-1.7069,0.0,Metal,P-6m2,187,10
Li4Mg2Cd2Si_id4253_E-1.71.cif,Li4Mg2Cd2Si,-1.7068,0.0,Metal,P6_5,170,54
Ca5(Cd2In)2_id2771_E-1.71.cif,Ca5(Cd2In)2,-1.7052,0.0,Metal,Cmce,64,44
Sr4LiMg3_id3733_E-1.71.cif,Sr4LiMg3,-1.705,0.0,Metal,Im-3m,229,16
NaGa_id4720_E-1.70.cif,NaGa,-1.7048,0.077,Semiconductor,P4_122,91,8
Li2Mg3Al_id1686_E-1.70.cif,Li2Mg3Al,-1.7034,0.0,Metal,Pbam,55,12
Li3(Zn2Sn)2_id3366_E-1.70.cif,Li3(Zn2Sn)2,-1.7028,0.0,Metal,Imma,74,36
Li2Mg2ScCd2_id4898_E-1.70.cif,Li2Mg2ScCd2,-1.7021,0.0,Metal,Pmmm,47,7
LiGeBO4_id3248_E-1.70.cif,LiGeBO4,-1.7015,0.776,Semiconductor,Pca2_1,29,28
Li2MgZn6CdGaSiSn_id3443_E-1.70.cif,Li2MgZn6CdGaSiSn,-1.7006,0.0,Metal,P4_3,78,52
NaMg(CdGa)2_id1759_E-1.70.cif,NaMg(CdGa)2,-1.7003,0.0,Metal,R-3m,166,18
Mg(ScCd4)2_id4964_E-1.70.cif,Mg(ScCd4)2,-1.7002,0.0,Metal,P4_2/mbc,135,44
Ba6Li5CaMg_id2447_E-1.70.cif,Ba6Li5CaMg,-1.6994,0.0,Metal,Amm2,38,26
Li2MgIn2_id307_E-1.70.cif,Li2MgIn2,-1.6991,0.0,Metal,P4_22_12,94,20
Ba_id3749_E-1.70.cif,Ba,-1.6989,0.0,Metal,I4_1/acd,142,16
Na2In_id3653_E-1.70.cif,Na2In,-1.6988,0.0,Metal,Pa-3,205,12
Li13Mg3Cd2(InSn)2_id1181_E-1.70.cif,Li13Mg3Cd2(InSn)2,-1.6985,0.0,Metal,P-1,2,22
NaLi12Cd6In_id4940_E-1.70.cif,NaLi12Cd6In,-1.6975,0.018,Metal,Pm-3,200,20
KCdIn_id1274_E-1.69.cif,KCdIn,-1.6947,0.0,Metal,P-6m2,187,3
Sr4CaMg3_id3651_E-1.69.cif,Sr4CaMg3,-1.6928,0.0,Metal,Im-3m,229,16
NaCdIn_id3015_E-1.69.cif,NaCdIn,-1.6907,0.0,Metal,F-43m,216,12
Li6Mg2Zn2Ga_id3350_E-1.69.cif,Li6Mg2Zn2Ga,-1.6907,0.0,Metal,Fmmm,69,44
Na2Li2CdSn2_id2363_E-1.69.cif,Na2Li2CdSn2,-1.6894,0.017,Metal,P-4m2,115,7
CdGa_id1702_E-1.69.cif,CdGa,-1.6887,0.0,Metal,P4_2/mmc,131,8
Ba2Na2(Zn2Ga)3_id4809_E-1.69.cif,Ba2Na2(Zn2Ga)3,-1.6885,0.0,Metal,Ccc2,37,52
Ba4LiMg3(Cd2In3)2_id248_E-1.69.cif,Ba4LiMg3(Cd2In3)2,-1.6882,0.0,Metal,P-1,2,18
Li2TiGa_id2769_E-1.69.cif,Li2TiGa,-1.6881,0.0,Metal,Pnnn,48,16
Li24Ti3Cd2Ga_id1258_E-1.69.cif,Li24Ti3Cd2Ga,-1.6867,0.017,Metal,P-62m,189,30
LiMgIn2_id4810_E-1.69.cif,LiMgIn2,-1.6858,0.0,Metal,P6_122,178,48
K11O2_id4538_E-1.68.cif,K11O2,-1.6836,1.476,Semiconductor,P6/mmm,191,13
Ca2Zn_id2520_E-1.68.cif,Ca2Zn,-1.6835,0.0,Metal,Pa-3,205,12
Mg8ScAl4In5_id4842_E-1.68.cif,Mg8ScAl4In5,-1.6834,0.0,Metal,Pmna,53,36
KIn3_id4784_E-1.68.cif,KIn3,-1.6804,0.0,Metal,Cmcm,63,16
Ba2Li2BeZn3_id1784_E-1.68.cif,Ba2Li2BeZn3,-1.6803,0.0,Metal,Ibam,72,32
Ba(LiIn)8_id633_E-1.68.cif,Ba(LiIn)8,-1.6801,0.0,Metal,P4_2/nmc,137,34
Zn2Sn_id4302_E-1.68.cif,Zn2Sn,-1.6793,0.0,Metal,Pn-3m,224,6
ZnGa_id2367_E-1.68.cif,ZnGa,-1.6788,0.0,Metal,Cmcm,63,8
CdIn_id3098_E-1.68.cif,CdIn,-1.6786,0.0,Metal,P6/mmm,191,12
CaMg3(TeSe3)2_id4771_E-1.68.cif,CaMg3(TeSe3)2,-1.6773,1.396,Semiconductor,Iba2,45,48
Cd6In9Ga2_id3985_E-1.68.cif,Cd6In9Ga2,-1.6769,0.0,Metal,P2_1/c,14,34
Li(Mg2In)3_id2165_E-1.68.cif,Li(Mg2In)3,-1.6765,0.0,Metal,P6_3/m,176,20
Zn3Ga2Ge_id2160_E-1.68.cif,Zn3Ga2Ge,-1.6753,0.0,Metal,I4_1md,109,24
SbAs13Se(SO3)2_id3817_E-1.67.cif,SbAs13Se(SO3)2,-1.6739,0.078,Semiconductor,P2,3,23
NaSrLiBe_id1465_E-1.67.cif,NaSrLiBe,-1.6738,0.0,Metal,Cmme,67,16
CaMg2Cd_id2501_E-1.67.cif,CaMg2Cd,-1.6724,0.0,Metal,Fm-3m,225,16
Ba_id1140_E-1.67.cif,Ba,-1.6721,0.0,Metal,P31m,157,9
Ba2SrMg_id4228_E-1.67.cif,Ba2SrMg,-1.6712,0.0,Metal,P3_1,144,12
Ca4Sb2P2O9_id3116_E-1.67.cif,Ca4Sb2P2O9,-1.6699,0.087,Semiconductor,P4/n,85,34
LiMg2Ga3_id4471_E-1.67.cif,LiMg2Ga3,-1.6695,0.0,Metal,Pnnn,48,24
Sr4Mg3Cd_id2111_E-1.67.cif,Sr4Mg3Cd,-1.6681,0.0,Metal,Im-3m,229,16
KSnSb2_id3468_E-1.67.cif,KSnSb2,-1.6674,2.758,Semiconductor,P4_2bc,106,32
Zn2Ga_id1059_E-1.67.cif,Zn2Ga,-1.665,0.0,Metal,I4/mmm,139,6
BaLiMgBeZnGaTe_id4487_E-1.66.cif,BaLiMgBeZnGaTe,-1.6644,0.0,Metal,P4_3,78,28
Li2Zn_id4433_E-1.66.cif,Li2Zn,-1.6625,0.001,Metal,I4_1/amd,141,24
BaNaLiCdIn2Sn_id2116_E-1.66.cif,BaNaLiCdIn2Sn,-1.6623,0.0,Metal,P3_1,144,21
Mg6ZnO_id4743_E-1.66.cif,Mg6ZnO,-1.6612,0.0,Metal,P6_322,182,16
ScSi2SnO17_id3088_E-1.66.cif,ScSi2SnO17,-1.6602,0.0,Metal,Pc,7,42
Na2In_id156_E-1.66.cif,Na2In,-1.6599,0.354,Semiconductor,P6mm,183,9
Mg3(CdIn)2_id1902_E-1.66.cif,Mg3(CdIn)2,-1.6599,0.0,Metal,Cmce,64,28
K3Na2O_id1409_E-1.66.cif,K3Na2O,-1.6593,1.319,Semiconductor,C2,5,12
Ca3ScCd3_id4547_E-1.66.cif,Ca3ScCd3,-1.6587,0.0,Metal,Pm-3n,223,14
KLi3(CaGa3)6_id2021_E-1.66.cif,KLi3(CaGa3)6,-1.6573,0.0,Metal,Im-3,204,56
K2LiMg2Zn2CdGa3SnTe7_id98_E-1.66.cif,K2LiMg2Zn2CdGa3SnTe7,-1.6563,0.009,Metal,P1,1,38
K2Sc3Cd8Sn_id769_E-1.66.cif,K2Sc3Cd8Sn,-1.6561,0.0,Metal,P-4c2,116,28
Li3Zn_id1272_E-1.66.cif,Li3Zn,-1.6551,0.0,Metal,P4_2/mbc,135,32
Li3ScCd8In9_id665_E-1.66.cif,Li3ScCd8In9,-1.6551,0.0,Metal,Pm-3m,221,21
Ga2TeAsPS_id3169_E-1.65.cif,Ga2TeAsPS,-1.6545,0.362,Semiconductor,P4/nmm,129,12
Sc2Cd5_id162_E-1.65.cif,Sc2Cd5,-1.6527,0.0,Metal,Pmmm,47,7
In_id3428_E-1.65.cif,In,-1.6527,0.0,Metal,P6_3/mmc,194,6
K6ZnO_id3896_E-1.65.cif,K6ZnO,-1.6519,0.009,Metal,P6_322,182,16
Sr4Mg3Zn_id4974_E-1.65.cif,Sr4Mg3Zn,-1.6512,0.0,Metal,Im-3m,229,16
Zn12Ga47_id188_E-1.65.cif,Zn12Ga47,-1.6491,0.0,Metal,P622,177,59
Mg(ZnIn)3_id4696_E-1.65.cif,Mg(ZnIn)3,-1.6487,0.0,Metal,Pm-3n,223,14
Ba4ZnB_id2361_E-1.65.cif,Ba4ZnB,-1.6485,0.0,Metal,I4_1/a,88,24
Sr3Zn6Ga3N2_id3082_E-1.65.cif,Sr3Zn6Ga3N2,-1.6473,0.0,Metal,P23,195,28
LiMg7_id459_E-1.65.cif,LiMg7,-1.6471,0.0,Metal,Fm-3m,225,32
Ba2CaCdIn2_id529_E-1.65.cif,Ba2CaCdIn2,-1.6456,0.0,Metal,I4/mcm,140,24
Cd3Sn_id3547_E-1.64.cif,Cd3Sn,-1.644,0.0,Metal,Fm-3m,225,16
K2(NaIn)3_id1675_E-1.64.cif,K2(NaIn)3,-1.6438,0.17,Semiconductor,P-3c1,165,32
Ca2Cd3In_id1329_E-1.64.cif,Ca2Cd3In,-1.6423,0.0,Metal,P-4m2,115,6
Na2Li2MgGa_id1970_E-1.64.cif,Na2Li2MgGa,-1.642,0.0,Metal,P4_2nm,102,12
Na6LiGa3Sn_id1061_E-1.64.cif,Na6LiGa3Sn,-1.642,0.0,Metal,P-31c,163,22
Ba4Na4SrLi4(InTe)4_id4601_E-1.64.cif,Ba4Na4SrLi4(InTe)4,-1.6419,0.0,Metal,P4_2/n,86,42
Ba_id2127_E-1.64.cif,Ba,-1.6414,0.0,Metal,P4_2/n,86,10
Mg4Zn(CdGa)4_id1299_E-1.64.cif,Mg4Zn(CdGa)4,-1.6414,0.0,Metal,P4_2/n,86,26
MgAl3(Zn4Ge)2_id4301_E-1.64.cif,MgAl3(Zn4Ge)2,-1.6409,0.0,Metal,I422,97,28
Zn4Sn_id3479_E-1.64.cif,Zn4Sn,-1.6399,0.0,Metal,P4_2/nmc,137,10
Na4Al4Ga4Sn4Se_id1692_E-1.64.cif,Na4Al4Ga4Sn4Se,-1.6395,0.0,Metal,P4_2/nmc,137,34
Al8Ga7_id236_E-1.64.cif,Al8Ga7,-1.6393,0.0,Metal,P-62m,189,15
Sr4ZnCd3_id361_E-1.64.cif,Sr4ZnCd3,-1.6382,0.0,Metal,Im-3m,229,16
Mg2Cd7Sn3_id1133_E-1.64.cif,Mg2Cd7Sn3,-1.6379,0.0,Metal,P-62m,189,12
BaCa6_id1693_E-1.64.cif,BaCa6,-1.6371,0.0,Metal,Pban,50,14
Mg3In2_id3660_E-1.64.cif,Mg3In2,-1.6363,0.0,Metal,P4_12_12,92,20
K3(Cd3C)2_id82_E-1.64.cif,K3(Cd3C)2,-1.6363,0.0,Metal,P6cc,184,22
BaNa2CdIn5Sn2_id3206_E-1.64.cif,BaNa2CdIn5Sn2,-1.6358,0.02,Metal,P1,1,11
SrZn4In_id1370_E-1.64.cif,SrZn4In,-1.6354,0.0,Metal,P-6m2,187,6
Ca_id740_E-1.63.cif,Ca,-1.6347,0.0,Metal,I4_1/acd,142,16
Na4In3_id3984_E-1.63.cif,Na4In3,-1.6343,0.195,Semiconductor,P4/mmm,123,7
Cd3In2Sn_id3855_E-1.63.cif,Cd3In2Sn,-1.6329,0.0,Metal,Immm,71,12
Al(ZnGa2)3_id2836_E-1.63.cif,Al(ZnGa2)3,-1.6329,0.0,Metal,Ibam,72,40
Na2Li3Mg3(ZnSn)3_id865_E-1.63.cif,Na2Li3Mg3(ZnSn)3,-1.6323,0.0,Metal,P3c1,158,28
Sr2AlCd2_id3482_E-1.63.cif,Sr2AlCd2,-1.631,0.0,Metal,I4/mcm,140,20
Li8Zn5_id1734_E-1.63.cif,Li8Zn5,-1.6274,0.0,Metal,P4_2/nnm,134,26
Cd2Sn_id1677_E-1.63.cif,Cd2Sn,-1.6266,0.014,Metal,Pn-3m,224,6
Mg3(CdIn)2_id3432_E-1.63.cif,Mg3(CdIn)2,-1.6258,0.0,Metal,I-4m2,119,28
AlZn4_id2679_E-1.63.cif,AlZn4,-1.6253,0.0,Metal,P4_2/nmc,137,10
K8Ge2Sb_id3212_E-1.63.cif,K8Ge2Sb,-1.6251,1.163,Semiconductor,P4_2nm,102,22
NaLi5Cd_id2467_E-1.62.cif,NaLi5Cd,-1.6239,0.0,Metal,R3,146,21
K4Sn_id1240_E-1.62.cif,K4Sn,-1.6235,0.194,Semiconductor,P6/mmm,191,20
MgZnIn_id2989_E-1.62.cif,MgZnIn,-1.6234,0.0,Metal,Immm,71,6
Ca2MgCd2Ga_id1357_E-1.62.cif,Ca2MgCd2Ga,-1.6231,0.0,Metal,Pbam,55,12
K4Sr4Li6Be8Al4Si_id3613_E-1.62.cif,K4Sr4Li6Be8Al4Si,-1.6212,2.532,Semiconductor,P4,75,27
Sr4MgZn3_id3283_E-1.62.cif,Sr4MgZn3,-1.621,0.0,Metal,Im-3m,229,16
CaMg5Cd_id2101_E-1.62.cif,CaMg5Cd,-1.6197,0.0,Metal,I-4m2,119,14
Sr_id1283_E-1.62.cif,Sr,-1.6194,0.0,Metal,C2/m,12,6
BaCa5_id2837_E-1.62.cif,BaCa5,-1.619,0.0,Metal,I4/mmm,139,24
Zn2Cd2In3_id792_E-1.61.cif,Zn2Cd2In3,-1.6144,0.0,Metal,Cmcm,63,28
KCdGa_id2621_E-1.61.cif,KCdGa,-1.6137,0.198,Semiconductor,P4_2/mmc,131,12
K6Mg7In7Sn6_id266_E-1.61.cif,K6Mg7In7Sn6,-1.6136,0.0,Metal,P6_322,182,52
BaSr_id1695_E-1.61.cif,BaSr,-1.6128,0.0,Metal,Iba2,45,16
Li7Al4_id2956_E-1.61.cif,Li7Al4,-1.6116,0.0,Metal,Pmna,53,22
LiCd5(GaSn)2_id2853_E-1.61.cif,LiCd5(GaSn)2,-1.6076,0.0,Metal,Pmna,53,20
NaIn_id4278_E-1.61.cif,NaIn,-1.607,0.0,Metal,F-43m,216,8
NaIn_id2333_E-1.61.cif,NaIn,-1.607,0.0,Metal,F-43m,216,8
K18Sn2(Ge2As)3_id4395_E-1.61.cif,K18Sn2(Ge2As)3,-1.6064,0.0,Metal,P6_3cm,185,58
Zn3CdGa2_id4379_E-1.61.cif,Zn3CdGa2,-1.6063,0.0,Metal,C222_1,20,24
Sr3Ca_id4421_E-1.60.cif,Sr3Ca,-1.6049,0.0,Metal,I-4m2,119,16
BaNa2(Zn2Ga)2_id4064_E-1.60.cif,BaNa2(Zn2Ga)2,-1.6044,0.0,Metal,I-4c2,120,36
K5BaSrInGaSb6_id1040_E-1.60.cif,K5BaSrInGaSb6,-1.6043,2.987,Semiconductor,P3,143,15
Li2In_id2860_E-1.60.cif,Li2In,-1.6037,0.0,Metal,P4_22_12,94,18
Mg4ZnGa2_id2338_E-1.60.cif,Mg4ZnGa2,-1.6,0.0,Metal,I4/mcm,140,28
K7ScAlSi_id2323_E-1.60.cif,K7ScAlSi,-1.5999,0.822,Semiconductor,P312,149,10
Cd3(InGa2)2_id1063_E-1.60.cif,Cd3(InGa2)2,-1.5971,0.0,Metal,C222,21,18
Ca3Mg2InSn2_id283_E-1.60.cif,Ca3Mg2InSn2,-1.5956,0.0,Metal,Pnnm,58,16
KMg5Ga_id4451_E-1.59.cif,KMg5Ga,-1.5944,0.0,Metal,I-4m2,119,14
Al3Zn4_id2085_E-1.59.cif,Al3Zn4,-1.594,0.0,Metal,I-43d,220,28
CaZn4_id2128_E-1.59.cif,CaZn4,-1.5939,0.0,Metal,P4_2/nmc,137,10
Ti2Sn2Sb_id2057_E-1.59.cif,Ti2Sn2Sb,-1.5937,0.821,Semiconductor,Pm,6,20
Li(ZnGa)2_id4666_E-1.59.cif,Li(ZnGa)2,-1.5928,0.214,Semiconductor,P4_2/nmc,137,10
Ba3SrZn3Si_id4446_E-1.59.cif,Ba3SrZn3Si,-1.5923,0.0,Metal,Pm-3m,221,8
Na(CdGa)3_id1996_E-1.59.cif,Na(CdGa)3,-1.5923,0.01,Metal,P6_3/m,176,14
K2NaBePO_id4133_E-1.59.cif,K2NaBePO,-1.5919,1.746,Semiconductor,P1,1,18
BaNaSr2_id4424_E-1.59.cif,BaNaSr2,-1.5905,0.0,Metal,Fm-3m,225,16
Ba2Li2MgAl2Ga_id1214_E-1.59.cif,Ba2Li2MgAl2Ga,-1.5898,0.0,Metal,Fmmm,69,32
SrCa2_id3925_E-1.59.cif,SrCa2,-1.5889,0.0,Metal,F-43m,216,12
Li7Mg2Zn_id4374_E-1.59.cif,Li7Mg2Zn,-1.5884,0.0,Metal,Cccm,66,40
SrCa5_id2120_E-1.59.cif,SrCa5,-1.5875,0.0,Metal,P4mm,99,6
Na6CdIn8_id550_E-1.59.cif,Na6CdIn8,-1.5872,0.0,Metal,P-31m,162,15
Mg10ScCd5_id4020_E-1.59.cif,Mg10ScCd5,-1.5869,0.0,Metal,P-6m2,187,16
Ca2Mg6Cd_id1508_E-1.59.cif,Ca2Mg6Cd,-1.5867,0.0,Metal,Fm-3m,225,36
Li5AlSn_id2084_E-1.59.cif,Li5AlSn,-1.5863,0.352,Semiconductor,I4_1md,109,28
LiMgCdIn2Sn_id1780_E-1.59.cif,LiMgCdIn2Sn,-1.5855,0.0,Metal,Pmmn,59,12
Mg4CdGa_id3080_E-1.58.cif,Mg4CdGa,-1.5839,0.0,Metal,P6_322,182,12
K11GaPO2_id2428_E-1.58.cif,K11GaPO2,-1.5819,0.93,Semiconductor,Pm,6,15
K2Li3ZnGa2_id530_E-1.58.cif,K2Li3ZnGa2,-1.5816,0.0,Metal,P4_322,95,32
Li21Mg2Zn7(CdSn)2_id3446_E-1.58.cif,Li21Mg2Zn7(CdSn)2,-1.5795,0.0,Metal,P-1,2,34
NaMgIn2_id2238_E-1.58.cif,NaMgIn2,-1.5794,0.0,Metal,Pnnn,48,16
BeZn5_id1395_E-1.58.cif,BeZn5,-1.5752,0.0,Metal,I422,97,12
Ba(SrCd2)2_id1925_E-1.58.cif,Ba(SrCd2)2,-1.5751,0.0,Metal,I-4c2,120,28
Ga_id1378_E-1.57.cif,Ga,-1.5736,0.0,Metal,P2_12_12_1,19,12
Mg4Sc_id1606_E-1.57.cif,Mg4Sc,-1.5733,0.0,Metal,P-42_1c,114,10
Li3Mg2(Zn2Ga)2_id630_E-1.57.cif,Li3Mg2(Zn2Ga)2,-1.5733,0.0,Metal,Cmce,64,44
Li12Mg4Zn3_id3723_E-1.57.cif,Li12Mg4Zn3,-1.5722,0.0,Metal,P2/m,10,19
KMgIn_id819_E-1.57.cif,KMgIn,-1.5717,0.0,Metal,I-4m2,119,6
Ba_id2948_E-1.57.cif,Ba,-1.5714,0.054,Semiconductor,P-6m2,187,5
LiMg6_id2630_E-1.57.cif,LiMg6,-1.5705,0.0,Metal,Fm-3m,225,28
LiBe8Al8Ga_id4990_E-1.57.cif,LiBe8Al8Ga,-1.5704,0.0,Metal,P4/mcc,124,36
Li12Cd12Ga7_id1506_E-1.57.cif,Li12Cd12Ga7,-1.5702,0.0,Metal,P6,168,31
NaMg6In_id1733_E-1.57.cif,NaMg6In,-1.5691,0.0,Metal,P-31c,163,16
K(Zn3Si2)2_id1946_E-1.57.cif,K(Zn3Si2)2,-1.5682,0.0,Metal,I-4c2,120,44
CdIn_id3258_E-1.57.cif,CdIn,-1.5679,0.0,Metal,P4_2/mmc,131,4
LiZn6Ga_id1484_E-1.57.cif,LiZn6Ga,-1.5677,0.0,Metal,I-4m2,119,16
K3Na4In7Ga9_id2803_E-1.57.cif,K3Na4In7Ga9,-1.5674,0.255,Semiconductor,P-62m,189,23
Mg13(In4Ga5)3_id1744_E-1.57.cif,Mg13(In4Ga5)3,-1.5672,0.0,Metal,Pm-3m,221,40
Li9CaAl2Zn3_id4878_E-1.57.cif,Li9CaAl2Zn3,-1.5671,0.0,Metal,P6/mmm,191,15
NaSr2(LiMg2)3_id4504_E-1.57.cif,NaSr2(LiMg2)3,-1.5654,0.0,Metal,P-3c1,165,24
SrInSn4_id1176_E-1.57.cif,SrInSn4,-1.5652,0.013,Metal,Pmma,51,12
K3Na4Al3_id4152_E-1.56.cif,K3Na4Al3,-1.5644,0.0,Metal,I-43d,220,40
K3Sb_id4676_E-1.56.cif,K3Sb,-1.5639,1.513,Semiconductor,P4_132,213,16
LiMg5Ga_id3573_E-1.56.cif,LiMg5Ga,-1.56,0.0,Metal,F-43m,216,28
K2Na(Cd2Sn)3_id2252_E-1.56.cif,K2Na(Cd2Sn)3,-1.5599,0.0,Metal,P4mm,99,24
KBa4In_id2645_E-1.56.cif,KBa4In,-1.5581,0.0,Metal,P4/mmm,123,6
CdIn_id2322_E-1.56.cif,CdIn,-1.557,0.0,Metal,Imm2,44,12
K3In2TeSe_id1535_E-1.56.cif,K3In2TeSe,-1.5554,0.0,Metal,Cmcm,63,28
ZnIn2SnGe_id4204_E-1.56.cif,ZnIn2SnGe,-1.5553,0.0,Metal,P4/mmm,123,5
ScAlZn6_id301_E-1.55.cif,ScAlZn6,-1.553,0.0,Metal,Imm2,44,16
Li2Zn3GaGe_id3537_E-1.55.cif,Li2Zn3GaGe,-1.5524,0.0,Metal,P-4n2,118,14
CaMg6_id458_E-1.55.cif,CaMg6,-1.5524,0.0,Metal,Fm-3m,225,28
Ba2Li4Mg4Zn2In3Ga4_id2288_E-1.55.cif,Ba2Li4Mg4Zn2In3Ga4,-1.551,0.0,Metal,P-1,2,19
BaCa7_id2982_E-1.55.cif,BaCa7,-1.5495,0.0,Metal,P6/mmm,191,8
Mg5In4_id4703_E-1.55.cif,Mg5In4,-1.5491,0.0,Metal,Pmna,53,18
KBaCa10_id2553_E-1.55.cif,KBaCa10,-1.5489,0.0,Metal,Pmmm,47,12
BaGa4_id2873_E-1.55.cif,BaGa4,-1.5489,0.0,Metal,P-3m1,164,10
Sr2LiCa3_id1349_E-1.55.cif,Sr2LiCa3,-1.5473,0.0,Metal,P6/mmm,191,12
SrCaMg2CdSiGe_id3038_E-1.55.cif,SrCaMg2CdSiGe,-1.5471,0.0,Metal,Pnma,62,28
AlIn4O16_id3471_E-1.55.cif,AlIn4O16,-1.5459,0.674,Semiconductor,P-43m,215,21
K2In_id2058_E-1.55.cif,K2In,-1.5459,0.096,Semiconductor,Ibca,73,24
SrLiCa_id1888_E-1.55.cif,SrLiCa,-1.5456,0.0,Metal,Cmme,67,12
Na4Li4Ga3_id737_E-1.54.cif,Na4Li4Ga3,-1.5441,0.0,Metal,I-43d,220,44
MgAl4Zn4Cd6In2Ga3Ge_id533_E-1.54.cif,MgAl4Zn4Cd6In2Ga3Ge,-1.5436,0.0,Metal,P1,1,42
CdIn_id4831_E-1.54.cif,CdIn,-1.5436,0.0,Metal,F-43m,216,8
Mg3Al5In6Ga_id2966_E-1.54.cif,Mg3Al5In6Ga,-1.5411,0.0,Metal,P-62m,189,15
LiCd6Ge_id3863_E-1.54.cif,LiCd6Ge,-1.5401,0.0,Metal,Fm-3m,225,32
Al4Zn_id2512_E-1.54.cif,Al4Zn,-1.5395,0.0,Metal,I4_1/a,88,20
NaLi5Mg4_id1049_E-1.54.cif,NaLi5Mg4,-1.5393,0.0,Metal,P4_2/m,84,20
Zn8Cd2GaSi_id4820_E-1.54.cif,Zn8Cd2GaSi,-1.5357,0.0,Metal,I422,97,24
Mg3In2_id2049_E-1.53.cif,Mg3In2,-1.5344,0.0,Metal,Pnnn,48,20
Na3SrLi3Ga_id1065_E-1.53.cif,Na3SrLi3Ga,-1.534,0.0,Metal,R-3,148,48
KGa_id1841_E-1.53.cif,KGa,-1.5317,0.0,Metal,I4_1cd,110,32
Mg3GaGeAs2_id3419_E-1.53.cif,Mg3GaGeAs2,-1.531,0.0,Metal,Pccm,49,14
Ba2Sr2Ca_id411_E-1.53.cif,Ba2Sr2Ca,-1.5308,0.0,Metal,Pn-3m,224,10
Ca2Cd7In3(SnTe)2_id4525_E-1.53.cif,Ca2Cd7In3(SnTe)2,-1.5293,0.0,Metal,P-1,2,32
Sr2Ca_id3905_E-1.53.cif,Sr2Ca,-1.5291,0.0,Metal,P4_322,95,12
Ba4Sr4Zn3CdGa2_id2849_E-1.53.cif,Ba4Sr4Zn3CdGa2,-1.5273,0.009,Metal,Ibam,72,56
Zn4Ga_id2848_E-1.53.cif,Zn4Ga,-1.5272,0.0,Metal,Ccce,68,20
BaNa3LiIn_id2329_E-1.53.cif,BaNa3LiIn,-1.5269,0.0,Metal,P2/m,10,6
BaCa3Sc_id943_E-1.53.cif,BaCa3Sc,-1.5251,0.0,Metal,P2/m,10,5
Mg3AlZn2_id153_E-1.52.cif,Mg3AlZn2,-1.5248,0.0,Metal,Cmmm,65,12
In_id1165_E-1.52.cif,In,-1.5235,0.0,Metal,P4/mbm,127,24
In_id2380_E-1.52.cif,In,-1.5229,0.0,Metal,P4/m,83,20
K3CaScZn3O6_id3124_E-1.52.cif,K3CaScZn3O6,-1.5225,0.086,Semiconductor,P6_3cm,185,56
Mg2Sc_id2266_E-1.52.cif,Mg2Sc,-1.5224,0.0,Metal,P6/mmm,191,12
Li(Zn2Ga)4_id273_E-1.52.cif,Li(Zn2Ga)4,-1.5216,0.0,Metal,C2/c,15,52
CaCd2Ga_id2910_E-1.52.cif,CaCd2Ga,-1.5215,0.0,Metal,Ibca,73,32
Sr2Ca5_id1612_E-1.52.cif,Sr2Ca5,-1.5214,0.0,Metal,Cmce,64,28
Cd2Ga_id4694_E-1.52.cif,Cd2Ga,-1.5213,0.0,Metal,Pa-3,205,12
Li3Zn8InGa2_id3094_E-1.52.cif,Li3Zn8InGa2,-1.521,0.0,Metal,C2/c,15,56
K3LiGa3_id4630_E-1.52.cif,K3LiGa3,-1.52,0.061,Semiconductor,Pm-3,200,14
K4Ba(ZnSb)2_id1690_E-1.52.cif,K4Ba(ZnSb)2,-1.5196,0.0,Metal,Pnma,62,36
LiCd_id404_E-1.52.cif,LiCd,-1.5178,0.0,Metal,Cmme,67,16
Zn5Cd2GaTe2_id170_E-1.52.cif,Zn5Cd2GaTe2,-1.5169,0.0,Metal,P-42_1m,113,20
Mg2ScCd4_id3532_E-1.52.cif,Mg2ScCd4,-1.5169,0.0,Metal,Cmmm,65,14
Ca2Cd3_id2678_E-1.52.cif,Ca2Cd3,-1.5166,0.0,Metal,Pn-3m,224,10
Ca2Mg3In_id2476_E-1.52.cif,Ca2Mg3In,-1.5156,0.0,Metal,P4/nmm,129,12
MgCdIn_id869_E-1.51.cif,MgCdIn,-1.5129,0.0,Metal,Pmmm,47,6
Si_id3133_E-1.51.cif,Si,-1.5127,0.205,Semiconductor,Amm2,38,16
KBa5Cd4_id4498_E-1.51.cif,KBa5Cd4,-1.5126,0.0,Metal,P4_2/m,84,20
AlZn2(CdGa)2_id3788_E-1.51.cif,AlZn2(CdGa)2,-1.5105,0.0,Metal,Cccm,66,28
TiAl4Zn_id2121_E-1.51.cif,TiAl4Zn,-1.5095,2.05,Semiconductor,P4mm,99,12
K11SrO4_id1696_E-1.51.cif,K11SrO4,-1.5058,0.0,Metal,P-31m,162,16
K6NaSrO4_id2070_E-1.50.cif,K6NaSrO4,-1.504,0.088,Semiconductor,P-4c2,116,24
Li7Zn6_id493_E-1.50.cif,Li7Zn6,-1.5022,0.0,Metal,Fm-3m,225,52
KZn4Si_id4983_E-1.50.cif,KZn4Si,-1.5006,0.383,Semiconductor,I4_1/a,88,24
Sr_id2275_E-1.50.cif,Sr,-1.5004,0.0,Metal,P-31m,162,12
Na4Mg2CdGa2_id800_E-1.50.cif,Na4Mg2CdGa2,-1.4992,0.0,Metal,P4_22_12,94,36
Li5Ca4_id891_E-1.50.cif,Li5Ca4,-1.4968,0.0,Metal,Cmce,64,36
MgAlZn2Ga_id2877_E-1.50.cif,MgAlZn2Ga,-1.4965,0.0,Metal,Aem2,39,20
Ba2LiCaMg2(CdIn)4_id4871_E-1.49.cif,Ba2LiCaMg2(CdIn)4,-1.4946,0.0,Metal,I4/mmm,139,28
LiZn2_id3164_E-1.49.cif,LiZn2,-1.4946,0.0,Metal,Cmmm,65,12
BaSr2(CdIn)2_id4306_E-1.49.cif,BaSr2(CdIn)2,-1.4941,0.0,Metal,C2/m,12,28
Ba24CdIn3_id4016_E-1.49.cif,Ba24CdIn3,-1.4937,0.0,Metal,Pm-3m,221,28
Na7Cd7SnSb_id742_E-1.49.cif,Na7Cd7SnSb,-1.4936,1.263,Semiconductor,P312,149,16
Mg2Zn5Ga_id2687_E-1.49.cif,Mg2Zn5Ga,-1.4931,0.0,Metal,Pbam,55,16
Cd5In6_id2376_E-1.49.cif,Cd5In6,-1.492,0.0,Metal,P4_2/nnm,134,22
MgZn3Ga2_id1755_E-1.49.cif,MgZn3Ga2,-1.4904,0.0,Metal,Pmmn,59,12
Ba13Cd6_id3996_E-1.49.cif,Ba13Cd6,-1.4898,0.05,Metal,P-3c1,165,38
Mg4Be2Zn4Sn3Ge_id129_E-1.49.cif,Mg4Be2Zn4Sn3Ge,-1.4881,0.0,Metal,P4_2/m,84,28
KBa4Cd_id3291_E-1.49.cif,KBa4Cd,-1.488,0.0,Metal,P6/mmm,191,12
LiZn3_id2971_E-1.49.cif,LiZn3,-1.488,0.0,Metal,C222_1,20,16
K2Ga_id3358_E-1.49.cif,K2Ga,-1.4875,0.0,Metal,Ccce,68,24
LiMg2Zn2CdGa_id1564_E-1.49.cif,LiMg2Zn2CdGa,-1.4873,0.0,Metal,P4mm,99,7
Li4CaMgCd4_id3068_E-1.49.cif,Li4CaMgCd4,-1.4871,0.0,Metal,P4bm,100,20
K4SrLi6Ga_id4403_E-1.49.cif,K4SrLi6Ga,-1.4869,0.0,Metal,P-6m2,187,12
K6NaLiAlCd3In9Ga3SnTe(AsSe)3_id3326_E-1.49.cif,K6NaLiAlCd3In9Ga3SnTe(AsSe)3,-1.4865,0.111,Semiconductor,P3,143,32
K11In2Ga2Sn3_id2534_E-1.49.cif,K11In2Ga2Sn3,-1.4859,0.0,Metal,P6cc,184,36
Mg_id1567_E-1.49.cif,Mg,-1.4858,0.0,Metal,I4_1/acd,142,16
Li21MgZn2Cd3_id4054_E-1.49.cif,Li21MgZn2Cd3,-1.4856,0.0,Metal,P-31m,162,27
Mg6ScCd2Sn_id1018_E-1.49.cif,Mg6ScCd2Sn,-1.4851,0.0,Metal,I-4m2,119,20
BaZn4_id2672_E-1.48.cif,BaZn4,-1.4849,0.0,Metal,P4_2/nmc,137,10
Li6Mg2Al_id4107_E-1.48.cif,Li6Mg2Al,-1.4842,0.0,Metal,Fm-3m,225,36
Li(Zn3Ga)2_id4712_E-1.48.cif,Li(Zn3Ga)2,-1.4836,0.0,Metal,Cmm2,35,18
Li3Mg4Cd_id4826_E-1.48.cif,Li3Mg4Cd,-1.4832,0.0,Metal,P-6,174,8
Ba4CaZn2Si_id2398_E-1.48.cif,Ba4CaZn2Si,-1.483,0.0,Metal,P4_2/m,84,16
BaZnCd_id3879_E-1.48.cif,BaZnCd,-1.4808,0.0,Metal,I-4m2,119,6
Mg4In16Ga_id3891_E-1.48.cif,Mg4In16Ga,-1.4805,0.0,Metal,P-42_1c,114,42
Li2Zn12GaSi_id4905_E-1.48.cif,Li2Zn12GaSi,-1.4781,0.0,Metal,I422,97,32
Li3(MgSb)2_id1700_E-1.48.cif,Li3(MgSb)2,-1.4781,0.0,Metal,R-3m,166,21
Mg3Zn2In_id4097_E-1.48.cif,Mg3Zn2In,-1.478,0.0,Metal,Immm,71,12
LiZn2In6Si_id2397_E-1.48.cif,LiZn2In6Si,-1.4779,0.0,Metal,P312,149,10
Ba5Ca_id2214_E-1.48.cif,Ba5Ca,-1.4776,0.0,Metal,P2/m,10,12
Mg3Cd_id1138_E-1.48.cif,Mg3Cd,-1.4765,0.0,Metal,Fm-3m,225,16
Mg2Ga4N_id3704_E-1.48.cif,Mg2Ga4N,-1.4756,0.0,Metal,P4_2/m,84,14
LiMg3Cd2_id3236_E-1.47.cif,LiMg3Cd2,-1.4723,0.0,Metal,C2/m,12,12
KCa2Cd_id2885_E-1.47.cif,KCa2Cd,-1.4715,0.0,Metal,Fm-3m,225,16
Li2MgIn2_id3112_E-1.47.cif,Li2MgIn2,-1.4691,0.0,Metal,Pm-3m,221,30
Li3Ca3Mg8_id46_E-1.47.cif,Li3Ca3Mg8,-1.469,0.0,Metal,P-6,174,14
LiZn4CdGa2Ge3_id1070_E-1.47.cif,LiZn4CdGa2Ge3,-1.4682,0.0,Metal,P-1,2,22
Ba4NaCa3_id4776_E-1.47.cif,Ba4NaCa3,-1.4673,0.0,Metal,C2/m,12,16
Ge_id735_E-1.47.cif,Ge,-1.4668,0.495,Semiconductor,P6/mmm,191,7
CaMgCdIn3_id3331_E-1.47.cif,CaMgCdIn3,-1.4664,0.0,Metal,Pmmm,47,6
Na9CaBe3Ga2_id2864_E-1.47.cif,Na9CaBe3Ga2,-1.466,0.0,Metal,R3,146,45
Cd5In4_id1495_E-1.47.cif,Cd5In4,-1.466,0.0,Metal,P4_2/nmc,137,18
Sr4LiMg3Sc4Cd2In3_id1145_E-1.46.cif,Sr4LiMg3Sc4Cd2In3,-1.4641,0.0,Metal,Pmmm,47,17
BaLi6Ca6ZnCd6_id4534_E-1.46.cif,BaLi6Ca6ZnCd6,-1.4637,0.0,Metal,R-3,148,60
K7GeSb_id4705_E-1.46.cif,K7GeSb,-1.4632,0.01,Metal,P312,149,9
Li(CdGa)2_id2807_E-1.46.cif,Li(CdGa)2,-1.4628,0.0,Metal,P3_1,144,15
K2MgAl_id748_E-1.46.cif,K2MgAl,-1.4614,0.0,Metal,Fm-3m,225,16
Ba5Na2_id3977_E-1.46.cif,Ba5Na2,-1.4606,0.0,Metal,I4/mmm,139,14
SrZn6Si_id3161_E-1.46.cif,SrZn6Si,-1.4588,0.0,Metal,P6_322,182,16
SrLi(Ca2Mg)2_id1277_E-1.46.cif,SrLi(Ca2Mg)2,-1.4587,0.0,Metal,P-1,2,16
LiZn_id2711_E-1.46.cif,LiZn,-1.4586,0.0,Metal,P4_32_12,96,8
Ca7Mg3_id184_E-1.46.cif,Ca7Mg3,-1.4577,0.0,Metal,Imm2,44,20
Li5Mg2GeO12_id177_E-1.46.cif,Li5Mg2GeO12,-1.457,2.906,Semiconductor,I-42m,121,40
NaLi2MgAlCd_id2023_E-1.46.cif,NaLi2MgAlCd,-1.4567,0.0,Metal,P3_1,144,18
MgAl3(Zn2Ga)2_id4194_E-1.46.cif,MgAl3(Zn2Ga)2,-1.4565,0.0,Metal,P2_1,4,20
Li3MgCd_id1917_E-1.46.cif,Li3MgCd,-1.4558,0.0,Metal,Immm,71,20
Sr4Ca4Mg3In4_id4131_E-1.46.cif,Sr4Ca4Mg3In4,-1.4555,0.026,Metal,Cmce,64,60
MgCd4(In2Sn)2_id3714_E-1.46.cif,MgCd4(In2Sn)2,-1.4554,0.0,Metal,Cmce,64,44
Zn9Ga4_id4467_E-1.46.cif,Zn9Ga4,-1.4553,0.0,Metal,Pmna,53,26
LiZn7Ga2_id2064_E-1.45.cif,LiZn7Ga2,-1.4548,0.0,Metal,P4_2/nnm,134,20
CaMgCd2_id3708_E-1.45.cif,CaMgCd2,-1.4548,0.0,Metal,P4_2/mmc,131,8
Na3MgGa_id1542_E-1.45.cif,Na3MgGa,-1.4547,0.0,Metal,P4/mmm,123,20
Na2Mg2Zn3Ga2_id3535_E-1.45.cif,Na2Mg2Zn3Ga2,-1.4541,0.0,Metal,Cccm,66,36
ScAl9_id3110_E-1.45.cif,ScAl9,-1.4504,0.0,Metal,Pmma,51,20
AlZn10Ga3Sn_id4452_E-1.45.cif,AlZn10Ga3Sn,-1.45,0.0,Metal,P-6m2,187,15
K3InSn_id2522_E-1.45.cif,K3InSn,-1.4495,0.0,Metal,P6_122,178,30
BaNa2_id1789_E-1.45.cif,BaNa2,-1.4494,0.0,Metal,Cmmm,65,12
SrZn4_id3220_E-1.45.cif,SrZn4,-1.4479,0.0,Metal,I4_1/a,88,20
Mg2CdIn_id2929_E-1.44.cif,Mg2CdIn,-1.4437,0.0,Metal,Pmmn,59,8
KBa2SrLiCa2CdInSn3_id101_E-1.44.cif,KBa2SrLiCa2CdInSn3,-1.4432,0.0,Metal,P4_2/m,84,48
Sc2TiZn6_id2896_E-1.44.cif,Sc2TiZn6,-1.443,0.0,Metal,Pmmm,47,9
Zn2Sb2O19_id2740_E-1.44.cif,Zn2Sb2O19,-1.4425,0.015,Metal,Pba2,32,46
KScTi2ZnCN_id3533_E-1.44.cif,KScTi2ZnCN,-1.4419,0.991,Semiconductor,P3_1,144,21
LiCd2_id3347_E-1.44.cif,LiCd2,-1.44,0.0,Metal,P6_3/mmc,194,6
SrCa_id3947_E-1.44.cif,SrCa,-1.4376,0.0,Metal,P4/mmm,123,8
Li(Zn3Ga)2_id1771_E-1.44.cif,Li(Zn3Ga)2,-1.4366,0.0,Metal,I422,97,18
Cd2In_id812_E-1.43.cif,Cd2In,-1.4327,0.0,Metal,I4/mcm,140,12
Ba3Cd_id4268_E-1.43.cif,Ba3Cd,-1.4324,0.0,Metal,Amm2,38,8
Sr_id3444_E-1.43.cif,Sr,-1.4314,0.0,Metal,Fm-3m,225,12
BaNaLi2_id439_E-1.43.cif,BaNaLi2,-1.43,0.0,Metal,P4/mmm,123,16
K4Cd4PSe4_id4369_E-1.43.cif,K4Cd4PSe4,-1.4296,0.0,Metal,P4_2/nmc,137,26
KIn_id312_E-1.43.cif,KIn,-1.4296,0.0,Metal,F-43m,216,8
K2BaNa2Li2AlCd2InGa2Sn_id849_E-1.43.cif,K2BaNa2Li2AlCd2InGa2Sn,-1.4293,0.0,Metal,P3_1,144,42
Li4Zn5_id615_E-1.43.cif,Li4Zn5,-1.429,0.0,Metal,P-42_1c,114,18
Sr4Mg_id1213_E-1.43.cif,Sr4Mg,-1.4287,0.0,Metal,Im-3m,229,10
Al2Cd3_id536_E-1.43.cif,Al2Cd3,-1.4275,0.0,Metal,P4_132,213,20
Na5Sn_id1361_E-1.43.cif,Na5Sn,-1.426,0.0,Metal,Cmmm,65,12
LiZn11Ge2_id4428_E-1.42.cif,LiZn11Ge2,-1.4239,0.0,Metal,I422,97,28
MgCd8(InGa)4_id3773_E-1.42.cif,MgCd8(InGa)4,-1.4239,0.0,Metal,P4_2/n,86,34
K4Cd3Sn_id4976_E-1.42.cif,K4Cd3Sn,-1.4234,0.0,Metal,Im-3m,229,16
Ba4Na2In_id2346_E-1.42.cif,Ba4Na2In,-1.4233,0.172,Semiconductor,C2/m,12,14
Mg5(CdIn)2_id1285_E-1.42.cif,Mg5(CdIn)2,-1.4225,0.0,Metal,P4/mbm,127,18
Zn4In_id1097_E-1.42.cif,Zn4In,-1.4223,0.0,Metal,I4/m,87,10
Cd7O4_id3558_E-1.42.cif,Cd7O4,-1.4204,3.893,Insulator,P2,3,22
Li4MgZn3_id4103_E-1.42.cif,Li4MgZn3,-1.4169,0.0,Metal,I4_1/a,88,32
Cd2In_id2483_E-1.42.cif,Cd2In,-1.4156,0.0,Metal,Cmmm,65,12
Mg2(CdIn2)3_id805_E-1.41.cif,Mg2(CdIn2)3,-1.4149,0.0,Metal,P4_132,213,44
Li2Mg2CdTe2_id3770_E-1.41.cif,Li2Mg2CdTe2,-1.4144,3.178,Semiconductor,P3m1,156,7
LiCd_id1253_E-1.41.cif,LiCd,-1.4137,0.0,Metal,I4_1/acd,142,32
BaCa5_id4560_E-1.41.cif,BaCa5,-1.4135,0.0,Metal,Pmma,51,12
O2_id3494_E-1.41.cif,O2,-1.4131,1.149,Semiconductor,Pba2,32,18
K2AlCd_id1574_E-1.41.cif,K2AlCd,-1.4128,0.0,Metal,Fm-3m,225,16
BaGa2_id1741_E-1.41.cif,BaGa2,-1.4127,0.0,Metal,I4/mmm,139,6
Ba_id80_E-1.41.cif,Ba,-1.4112,0.127,Semiconductor,P-4c2,116,16
MgZn2Ga2SnGe_id474_E-1.41.cif,MgZn2Ga2SnGe,-1.4109,0.0,Metal,Pmmm,47,7
KBa2Na3_id4346_E-1.41.cif,KBa2Na3,-1.4105,0.0,Metal,P-3c1,165,12
Mg2ScCd9In4_id1739_E-1.41.cif,Mg2ScCd9In4,-1.4105,0.0,Metal,I4/mmm,139,32
Ba2Na2Sr2Ca_id2465_E-1.41.cif,Ba2Na2Sr2Ca,-1.4095,0.0,Metal,Cmce,64,28
BaMg2Cd4Ga_id2096_E-1.41.cif,BaMg2Cd4Ga,-1.4088,0.0,Metal,I4/mcm,140,32
Zn2SiSnGe2_id3137_E-1.41.cif,Zn2SiSnGe2,-1.4083,0.0,Metal,P1,1,12
LiCd5Sn_id1204_E-1.40.cif,LiCd5Sn,-1.4038,0.0,Metal,C222_1,20,28
Li(MgCd)2_id54_E-1.40.cif,Li(MgCd)2,-1.4029,0.0,Metal,R-3m,166,15
Cd2In_id3602_E-1.40.cif,Cd2In,-1.4026,0.0,Metal,Pa-3,205,12
Ca_id1199_E-1.40.cif,Ca,-1.4024,0.0,Metal,Pmma,51,8
Zn5Ga3_id3180_E-1.40.cif,Zn5Ga3,-1.4018,0.0,Metal,P-4c2,116,16
Ga_id512_E-1.40.cif,Ga,-1.4014,0.0,Metal,P2_12_12_1,19,32
Cd3Ga_id1309_E-1.40.cif,Cd3Ga,-1.4011,0.0,Metal,Pm-3n,223,8
CdSn_id2384_E-1.40.cif,CdSn,-1.4008,0.0,Metal,I4/mmm,139,4
Na4Cd3In_id4478_E-1.40.cif,Na4Cd3In,-1.4002,0.0,Metal,Im-3m,229,16
BaZn2O_id2833_E-1.40.cif,BaZn2O,-1.3984,0.014,Metal,I4_122,98,16
BaLi4Ca7_id38_E-1.40.cif,BaLi4Ca7,-1.398,0.0,Metal,P-6m2,187,12
Ba6Sr6Ca7Mg_id3272_E-1.40.cif,Ba6Sr6Ca7Mg,-1.3976,0.0,Metal,P-31c,163,40
K2LiCd(InSn)2_id2909_E-1.40.cif,K2LiCd(InSn)2,-1.3971,0.174,Semiconductor,R-3m,166,24
CdIn9_id4673_E-1.40.cif,CdIn9,-1.3969,0.0,Metal,Fm-3m,225,40
LiZn3_id1325_E-1.40.cif,LiZn3,-1.3963,0.0,Metal,Im-3m,229,8
Na3Sr2Li7Sc(TeAs)2_id4354_E-1.40.cif,Na3Sr2Li7Sc(TeAs)2,-1.3955,2.083,Semiconductor,P4_2nm,102,34
Sr4Zn_id2375_E-1.39.cif,Sr4Zn,-1.3932,0.0,Metal,Pmm2,25,5
Ba3Mg4_id3910_E-1.39.cif,Ba3Mg4,-1.3928,0.0,Metal,P-6m2,187,7
BaZn4_id2539_E-1.39.cif,BaZn4,-1.3926,0.0,Metal,P42_12,90,10
BaCd6GaTe_id2662_E-1.39.cif,BaCd6GaTe,-1.3925,0.0,Metal,P312,149,9
Mg_id4714_E-1.39.cif,Mg,-1.3922,0.0,Metal,Ibca,73,24
MgZn2Ga_id653_E-1.39.cif,MgZn2Ga,-1.3919,0.0,Metal,I-42d,122,16
Li19Zn3Cd6Ga_id3002_E-1.39.cif,Li19Zn3Cd6Ga,-1.3914,0.0,Metal,P23,195,29
Li2Al4Zn7Ga_id2940_E-1.39.cif,Li2Al4Zn7Ga,-1.3914,2.352,Semiconductor,Pbam,55,28
SrIn4_id3944_E-1.39.cif,SrIn4,-1.3895,0.0,Metal,P4_2/nmc,137,10
Li13Ca2Sc_id1731_E-1.39.cif,Li13Ca2Sc,-1.3881,0.0,Metal,P6/mmm,191,16
Na(Zn2Ga)5_id4023_E-1.39.cif,Na(Zn2Ga)5,-1.3874,0.0,Metal,Pmmn,59,32
NaLiCa_id126_E-1.39.cif,NaLiCa,-1.387,0.0,Metal,Ibca,73,24
Mg_id3873_E-1.39.cif,Mg,-1.3863,0.0,Metal,Fm-3m,225,12
CdIn_id896_E-1.39.cif,CdIn,-1.3859,0.0,Metal,P4_12_12,92,16
K5Sb_id1187_E-1.39.cif,K5Sb,-1.3855,0.067,Semiconductor,P3m1,156,6
Li2BeZn5_id29_E-1.38.cif,Li2BeZn5,-1.3844,0.0,Metal,Cmme,67,32
LiMg5Cd2_id4746_E-1.38.cif,LiMg5Cd2,-1.3831,0.0,Metal,I4/mmm,139,16
Li2Cd2InSn_id4925_E-1.38.cif,Li2Cd2InSn,-1.3824,0.0,Metal,P4_322,95,24
Cd3Ga_id4191_E-1.38.cif,Cd3Ga,-1.3819,0.0,Metal,P-31c,163,16
Ca_id375_E-1.38.cif,Ca,-1.3818,0.0,Metal,P-31m,162,15
K2Ga3_id4951_E-1.38.cif,K2Ga3,-1.3818,0.219,Semiconductor,P4/nnc,126,40
Zn2CdIn_id1931_E-1.38.cif,Zn2CdIn,-1.3813,0.0,Metal,P4_2/mmc,131,8
Sr2Zn6Sn_id4284_E-1.38.cif,Sr2Zn6Sn,-1.3811,0.0,Metal,P312,149,9
NaLi4_id1381_E-1.38.cif,NaLi4,-1.381,0.0,Metal,P6,168,45
K4Ge_id3699_E-1.38.cif,K4Ge,-1.3804,0.0,Metal,P4_2/nmc,137,10
BaNa2Ca2Cd_id1952_E-1.38.cif,BaNa2Ca2Cd,-1.3795,0.0,Metal,Aea2,41,24
Na2Li(MgIn)3_id632_E-1.38.cif,Na2Li(MgIn)3,-1.3791,2.508,Semiconductor,P-3c1,165,36
LiCa5Zn2_id3790_E-1.38.cif,LiCa5Zn2,-1.3786,0.0,Metal,I4/mcm,140,32
K4Cd4GaSn4_id4367_E-1.38.cif,K4Cd4GaSn4,-1.3783,0.0,Metal,P42_12,90,26
Li2Zn3_id1625_E-1.38.cif,Li2Zn3,-1.3776,0.0,Metal,Cmce,64,20
Na2Ca7_id3111_E-1.38.cif,Na2Ca7,-1.3772,0.02,Metal,Cmce,64,36
Ca2Cd5Ga2_id3251_E-1.38.cif,Ca2Cd5Ga2,-1.3761,0.0,Metal,P-1,2,9
Zn2Cd2Sn_id1775_E-1.37.cif,Zn2Cd2Sn,-1.3749,0.0,Metal,Cmme,67,20
Zn5Ga_id2812_E-1.37.cif,Zn5Ga,-1.374,0.0,Metal,Pbcm,57,24
Li3Mg2AlZn10_id3523_E-1.37.cif,Li3Mg2AlZn10,-1.3736,0.0,Metal,P-31m,162,16
Na4Cd4In5_id1434_E-1.37.cif,Na4Cd4In5,-1.3728,0.0,Metal,P-42_1c,114,26
BaZn3Cd_id473_E-1.37.cif,BaZn3Cd,-1.3724,0.0,Metal,R-3,148,30
Ca2Mg2Sc(Al2Cd)2_id1480_E-1.37.cif,Ca2Mg2Sc(Al2Cd)2,-1.3712,0.0,Metal,Pcc2,27,22
Li3Ca2_id2548_E-1.37.cif,Li3Ca2,-1.3694,0.0,Metal,P4_232,208,20
Mg2Cd4Sn_id1024_E-1.37.cif,Mg2Cd4Sn,-1.3693,0.0,Metal,P6/mmm,191,7
NaCa2_id570_E-1.37.cif,NaCa2,-1.3686,0.0,Metal,F-43m,216,12
K2AlCd4_id881_E-1.37.cif,K2AlCd4,-1.368,0.08,Semiconductor,I4_1/a,88,28
BaCa3_id290_E-1.37.cif,BaCa3,-1.368,0.0,Metal,P6/mmm,191,12
KSr(Li2Zn)3_id100_E-1.37.cif,KSr(Li2Zn)3,-1.3658,0.0,Metal,P-6c2,188,22
Li23(MgZn2)2_id1822_E-1.37.cif,Li23(MgZn2)2,-1.3655,0.0,Metal,P-1,2,29
Li4Zn7Ga2_id4536_E-1.37.cif,Li4Zn7Ga2,-1.3654,0.0,Metal,P-1,2,13
NaMg6ZnGa4_id3940_E-1.37.cif,NaMg6ZnGa4,-1.3651,0.0,Metal,I-4m2,119,24
Na(CdGa)3_id4756_E-1.36.cif,Na(CdGa)3,-1.3648,0.0,Metal,P6_3/m,176,14
Zn7Ga2_id1924_E-1.36.cif,Zn7Ga2,-1.3644,0.0,Metal,Aem2,39,36
Li2Mg3ZnGa2_id697_E-1.36.cif,Li2Mg3ZnGa2,-1.3638,0.0,Metal,Cccm,66,32
LiMg2_id1028_E-1.36.cif,LiMg2,-1.3629,0.0,Metal,Cccm,66,24
LiCd2_id4749_E-1.36.cif,LiCd2,-1.3615,0.0,Metal,P4_2/nmc,137,6
Li3Be3Al2In4(GaAs)3_id385_E-1.36.cif,Li3Be3Al2In4(GaAs)3,-1.3609,0.275,Semiconductor,P6mm,183,18
Li3Cd4Ga_id2694_E-1.36.cif,Li3Cd4Ga,-1.3607,0.0,Metal,Cmmm,65,16
K4Li3Mg(CdIn)2_id335_E-1.36.cif,K4Li3Mg(CdIn)2,-1.3607,0.168,Semiconductor,P-42_1c,114,24
Mg(CdIn)4_id720_E-1.36.cif,Mg(CdIn)4,-1.3604,0.0,Metal,P-42_1c,114,18
AlZn7_id3781_E-1.36.cif,AlZn7,-1.3596,0.0,Metal,P6_4,172,24
SrZn2Cd3_id3999_E-1.36.cif,SrZn2Cd3,-1.3592,0.0,Metal,P6/mmm,191,6
Li(Cd3Ga)2_id4341_E-1.36.cif,Li(Cd3Ga)2,-1.3585,0.0,Metal,P-42m,111,9
Li4ScIn2_id2230_E-1.36.cif,Li4ScIn2,-1.3583,0.0,Metal,P2/m,10,14
Al2Zn8Cd2In2Ga7_id694_E-1.36.cif,Al2Zn8Cd2In2Ga7,-1.3582,0.0,Metal,P4_2/m,84,42
CaMg7_id3259_E-1.36.cif,CaMg7,-1.3579,0.0,Metal,F-43m,216,32
Li3Ti2O12_id3341_E-1.36.cif,Li3Ti2O12,-1.3579,4.235,Insulator,P-3c1,165,34
Mg2Zn_id2412_E-1.36.cif,Mg2Zn,-1.3576,0.0,Metal,Pa-3,205,12
Zn2Cd2Sn_id282_E-1.36.cif,Zn2Cd2Sn,-1.3574,0.0,Metal,Immm,71,10
KZn2In2P_id3320_E-1.36.cif,KZn2In2P,-1.3563,0.169,Semiconductor,P4_32_12,96,24
Mg2Cd_id4710_E-1.36.cif,Mg2Cd,-1.356,0.0,Metal,I4/mmm,139,12
KZn4Cd8InTe2_id1094_E-1.36.cif,KZn4Cd8InTe2,-1.3558,0.0,Metal,I222,23,32
Ba3CaO2_id4185_E-1.35.cif,Ba3CaO2,-1.3547,0.031,Metal,P6_3cm,185,24
K2(CdIn)3_id4368_E-1.35.cif,K2(CdIn)3,-1.3536,0.0,Metal,P6_3cm,185,16
Na6Ga2Ge_id1790_E-1.35.cif,Na6Ga2Ge,-1.3526,0.052,Semiconductor,Cccm,66,36
CaMgCd_id1983_E-1.35.cif,CaMgCd,-1.3506,0.0,Metal,Ibca,73,24
Na2TiBO10_id1211_E-1.35.cif,Na2TiBO10,-1.3503,2.629,Semiconductor,P2/c,13,28
SrCa2Zn2(Cd2Sn)2_id1362_E-1.35.cif,SrCa2Zn2(Cd2Sn)2,-1.3501,0.0,Metal,P4_2/m,84,22
Al2ZnGa4_id3759_E-1.35.cif,Al2ZnGa4,-1.3492,0.0,Metal,P-62m,189,21
ScBe2(Zn6In)2_id2542_E-1.35.cif,ScBe2(Zn6In)2,-1.349,0.0,Metal,I422,97,34
Zn12InGa2Sn_id2941_E-1.35.cif,Zn12InGa2Sn,-1.3468,0.0,Metal,P4_2/mcm,132,32
Ba3Ti6Sb2Te3As6(SO)3_id1389_E-1.35.cif,Ba3Ti6Sb2Te3As6(SO)3,-1.3467,0.708,Semiconductor,P6mm,183,26
SrMg5_id2493_E-1.35.cif,SrMg5,-1.3463,0.0,Metal,Pn-3m,224,12
Cd3In_id2604_E-1.34.cif,Cd3In,-1.3444,0.0,Metal,I4/mmm,139,8
Li3Ca2_id227_E-1.34.cif,Li3Ca2,-1.3441,0.0,Metal,I2_12_12_1,24,40
Mg9(InSn)4_id2150_E-1.34.cif,Mg9(InSn)4,-1.3419,0.0,Metal,P4_2/n,86,34
LiMg11_id1650_E-1.34.cif,LiMg11,-1.3418,0.0,Metal,P-4c2,116,24
Mg8Al3Zn_id4755_E-1.34.cif,Mg8Al3Zn,-1.3417,0.0,Metal,I422,97,24
NaMgZn4Cd3(InGa)2_id3018_E-1.34.cif,NaMgZn4Cd3(InGa)2,-1.3413,0.0,Metal,P4_22_12,94,52
Be3Ga16_id1146_E-1.34.cif,Be3Ga16,-1.341,0.0,Metal,Pm-3m,221,19
MgZn3CdInGa_id1709_E-1.34.cif,MgZn3CdInGa,-1.3387,0.0,Metal,Cm,8,14
Al2Zn5_id3182_E-1.34.cif,Al2Zn5,-1.3381,0.0,Metal,I422,97,14
Zn3Cd4Sn_id1816_E-1.34.cif,Zn3Cd4Sn,-1.3374,0.0,Metal,Im-3m,229,16
NaSrZn12Cd3InGa9_id966_E-1.34.cif,NaSrZn12Cd3InGa9,-1.3364,0.0,Metal,P-6m2,187,27
Mg2Cd_id2471_E-1.34.cif,Mg2Cd,-1.3362,0.0,Metal,Fm-3m,225,12
Na4SrMg2(AlZn)2_id573_E-1.33.cif,Na4SrMg2(AlZn)2,-1.3347,0.0,Metal,I4/mcm,140,44
Ca2MgIn4_id3321_E-1.33.cif,Ca2MgIn4,-1.3342,0.0,Metal,Cmce,64,28
Cd3In_id804_E-1.33.cif,Cd3In,-1.3275,0.0,Metal,Pm-3n,223,8
Cd3In_id245_E-1.33.cif,Cd3In,-1.3275,0.0,Metal,Pm-3n,223,8
AlZn7Ga2_id3892_E-1.33.cif,AlZn7Ga2,-1.3269,0.0,Metal,Cmme,67,40
Na7Sr_id3967_E-1.33.cif,Na7Sr,-1.326,0.0,Metal,Fm-3m,225,32
Li4Ca4MgCd2O4_id3330_E-1.33.cif,Li4Ca4MgCd2O4,-1.326,0.062,Semiconductor,P4_2/n,86,30
Ca(ZnGa)12_id20_E-1.33.cif,Ca(ZnGa)12,-1.3259,0.0,Metal,P4_2/nmc,137,50
Li7S2_id2642_E-1.32.cif,Li7S2,-1.3236,1.942,Semiconductor,I4/mmm,139,36
Mg2Zn5Ge_id4622_E-1.32.cif,Mg2Zn5Ge,-1.3231,0.0,Metal,P-42c,112,16
Li2Cd(InGa)4_id430_E-1.32.cif,Li2Cd(InGa)4,-1.3227,0.0,Metal,P4/mmm,123,11
Ba2NaSr3Ca2MgSn_id2951_E-1.32.cif,Ba2NaSr3Ca2MgSn,-1.3226,0.134,Semiconductor,Pm,6,40
Na3Sr4_id3142_E-1.32.cif,Na3Sr4,-1.3218,0.0,Metal,I-43d,220,28
K2Ge_id4324_E-1.32.cif,K2Ge,-1.3216,0.0,Metal,P3_112,151,9
Mg6ScIn3_id851_E-1.32.cif,Mg6ScIn3,-1.3192,0.0,Metal,P4_2/mbc,135,40
LiMgCd2_id638_E-1.32.cif,LiMgCd2,-1.3177,0.0,Metal,P4/mmm,123,16
MgCd_id2197_E-1.32.cif,MgCd,-1.3176,0.0,Metal,Fd-3m,227,16
KLiZnCd_id2828_E-1.32.cif,KLiZnCd,-1.3171,0.0,Metal,Cmmm,65,16
KLi2Cd3_id3767_E-1.32.cif,KLi2Cd3,-1.3159,0.0,Metal,Cmcm,63,24
LiCd3_id2879_E-1.32.cif,LiCd3,-1.3151,0.0,Metal,Pm-3n,223,8
Na2Li4MgCdIn2Sn_id1710_E-1.32.cif,Na2Li4MgCdIn2Sn,-1.3151,0.0,Metal,I4/mcm,140,44
K2CdGa_id1461_E-1.31.cif,K2CdGa,-1.3135,0.293,Semiconductor,P4/mmm,123,8
SrCd2Sn3_id2578_E-1.31.cif,SrCd2Sn3,-1.3134,0.0,Metal,Pmmm,47,6
K2BaLi_id4634_E-1.31.cif,K2BaLi,-1.3134,0.0,Metal,Fm-3m,225,16
Be4Al7Zn4_id3043_E-1.31.cif,Be4Al7Zn4,-1.3124,0.0,Metal,Pn-3m,224,30
K3Na3ZnGe_id4741_E-1.31.cif,K3Na3ZnGe,-1.311,0.0,Metal,P4_3,78,32
Mg_id2281_E-1.31.cif,Mg,-1.3104,0.0,Metal,I4/mmm,139,20
ZnCdInGa_id3480_E-1.31.cif,ZnCdInGa,-1.3084,0.0,Metal,P2_1,4,8
Ba3(NaSr3)2_id1618_E-1.31.cif,Ba3(NaSr3)2,-1.3081,0.0,Metal,Cmce,64,44
Na5Sr2_id2332_E-1.31.cif,Na5Sr2,-1.3067,0.0,Metal,Pn-3m,224,14
K3Sr4Mg3_id1400_E-1.31.cif,K3Sr4Mg3,-1.3061,0.0,Metal,I-43d,220,40
NaLi4ZnCd4_id167_E-1.31.cif,NaLi4ZnCd4,-1.3057,0.015,Metal,P4/mmm,123,10
K7In4_id2907_E-1.31.cif,K7In4,-1.3056,0.0,Metal,P-31c,163,22
K6BaNaIn3_id395_E-1.31.cif,K6BaNaIn3,-1.3052,0.076,Semiconductor,P-31c,163,22
Li4ScCd8_id1905_E-1.30.cif,Li4ScCd8,-1.3049,0.0,Metal,P4_2/nmc,137,26
SrCd4_id2391_E-1.30.cif,SrCd4,-1.3041,0.0,Metal,P4_2/n,86,10
Na9CdIn2_id3670_E-1.30.cif,Na9CdIn2,-1.303,0.001,Metal,P-31m,162,12
Li11CaGa_id4490_E-1.30.cif,Li11CaGa,-1.3029,0.0,Metal,P-6c2,188,26
K4Ti_id3971_E-1.30.cif,K4Ti,-1.3022,0.0,Metal,Pm-3m,221,40
Zn2Ga_id4328_E-1.30.cif,Zn2Ga,-1.302,0.0,Metal,Pn-3m,224,6
LiAlZn6InGa_id3868_E-1.30.cif,LiAlZn6InGa,-1.3016,0.0,Metal,Imma,74,40
Ba4Zn5Ge_id2566_E-1.30.cif,Ba4Zn5Ge,-1.3013,0.0,Metal,I4_1md,109,40
SrLiMg6Zn2Ge_id424_E-1.30.cif,SrLiMg6Zn2Ge,-1.3009,0.0,Metal,I4/mcm,140,44
Sr4Ca4Mg2Cd_id2816_E-1.30.cif,Sr4Ca4Mg2Cd,-1.3006,0.0,Metal,Pnnm,58,22
BaLi2Mg2Cd3_id584_E-1.30.cif,BaLi2Mg2Cd3,-1.3006,0.0,Metal,P-3m1,164,8
Li3Mg4(ZnCd)2_id128_E-1.30.cif,Li3Mg4(ZnCd)2,-1.3003,0.0,Metal,Cmce,64,44
Zn2Ga_id3271_E-1.30.cif,Zn2Ga,-1.3001,0.0,Metal,P4_32_12,96,12
NaMg2Cd4Ga_id2415_E-1.30.cif,NaMg2Cd4Ga,-1.2995,0.08,Semiconductor,C2/m,12,16
ZnGa2_id1104_E-1.30.cif,ZnGa2,-1.2986,0.0,Metal,P4/mmm,123,12
SrCd_id2005_E-1.30.cif,SrCd,-1.2982,0.015,Metal,P3_1,144,6
Li3MgZn5_id545_E-1.30.cif,Li3MgZn5,-1.2979,0.0,Metal,I2_12_12_1,24,36
NaCd3In2_id4949_E-1.30.cif,NaCd3In2,-1.2959,0.0,Metal,P4_3,78,24
K11GaS2_id3750_E-1.30.cif,K11GaS2,-1.2957,0.0,Metal,Pcc2,27,28
LiMgBeZn2Ga4Si_id979_E-1.29.cif,LiMgBeZn2Ga4Si,-1.295,0.0,Metal,P2_1/m,11,20
Li3Mg4In4Ge_id2953_E-1.29.cif,Li3Mg4In4Ge,-1.294,0.0,Metal,Ibam,72,48
Li4Zn2CdGa2Sn_id3336_E-1.29.cif,Li4Zn2CdGa2Sn,-1.2934,0.0,Metal,Cmmm,65,20
K2Ba4LiTi2ZnGe2B3_id1795_E-1.29.cif,K2Ba4LiTi2ZnGe2B3,-1.293,0.0,Metal,Cm,8,30
NaCaCd6_id2514_E-1.29.cif,NaCaCd6,-1.2921,0.0,Metal,Fm-3m,225,32
K2Ba_id3221_E-1.29.cif,K2Ba,-1.2918,0.0,Metal,P-3c1,165,12
Na3Cd12In7_id4794_E-1.29.cif,Na3Cd12In7,-1.2909,0.0,Metal,I23,197,44
Al2Ga4Ge_id4783_E-1.29.cif,Al2Ga4Ge,-1.2903,0.0,Metal,I-4m2,119,28
K2Ba3Na_id1896_E-1.29.cif,K2Ba3Na,-1.2893,0.0,Metal,Pn-3m,224,12
Li12Zn3Cd7_id2038_E-1.29.cif,Li12Zn3Cd7,-1.2889,0.0,Metal,P23,195,22
AlZn5_id3293_E-1.29.cif,AlZn5,-1.2887,0.0,Metal,P4_2/m,84,12
K2Ba2Na5_id470_E-1.29.cif,K2Ba2Na5,-1.2886,0.0,Metal,C222,21,18
Li3Ca6Mg_id4918_E-1.29.cif,Li3Ca6Mg,-1.2878,0.0,Metal,P6_3/mcm,193,20
Ba2Sr7_id1471_E-1.29.cif,Ba2Sr7,-1.2877,0.0,Metal,P6/mmm,191,18
Mg2Zn_id3233_E-1.29.cif,Mg2Zn,-1.2876,0.0,Metal,P4_32_12,96,12
LiCa2Mg_id981_E-1.29.cif,LiCa2Mg,-1.2871,0.0,Metal,Cmmm,65,16
Ca2Mg3ZnCdIn_id2817_E-1.29.cif,Ca2Mg3ZnCdIn,-1.2863,0.0,Metal,P2_1/m,11,16
TiSbTe10Se8S_id4382_E-1.29.cif,TiSbTe10Se8S,-1.2859,0.561,Semiconductor,P2_1,4,42
Na4Ca_id1447_E-1.29.cif,Na4Ca,-1.2857,0.0,Metal,I-4m2,119,20
Ca(CdIn)2_id3965_E-1.29.cif,Ca(CdIn)2,-1.2857,0.0,Metal,P6_1,169,30
Li12CaMg3(ZnIn3)2_id3190_E-1.29.cif,Li12CaMg3(ZnIn3)2,-1.2855,0.0,Metal,P6/mmm,191,24
CaMg2_id2161_E-1.29.cif,CaMg2,-1.2854,0.0,Metal,I-43m,217,30
K6Ba6Sr28Ca13Sn6_id2964_E-1.28.cif,K6Ba6Sr28Ca13Sn6,-1.2835,0.0,Metal,P6,168,59
Mg5ZnIn_id1998_E-1.28.cif,Mg5ZnIn,-1.283,0.0,Metal,Pmmm,47,7
Li4Ca2Mg2Cd7Te_id2878_E-1.28.cif,Li4Ca2Mg2Cd7Te,-1.2819,0.0,Metal,Cmmm,65,32
BaNa6SrMgTi_id3237_E-1.28.cif,BaNa6SrMgTi,-1.2819,0.111,Semiconductor,P312,149,10
Na4(MgCd)3_id4821_E-1.28.cif,Na4(MgCd)3,-1.2812,0.0,Metal,I-43d,220,40
KMg7_id730_E-1.28.cif,KMg7,-1.2812,0.0,Metal,P-31c,163,16
Cd4Sn_id2912_E-1.28.cif,Cd4Sn,-1.2799,0.0,Metal,P-42_1c,114,10
MgCd4(InTe2)2_id3070_E-1.28.cif,MgCd4(InTe2)2,-1.2797,0.0,Metal,P4nc,104,44
Ba(CaMg)2_id2590_E-1.28.cif,Ba(CaMg)2,-1.2796,0.0,Metal,Pn-3m,224,10
Sr3Ca5_id1195_E-1.28.cif,Sr3Ca5,-1.2781,0.0,Metal,I4/mmm,139,32
Na3Al3Zn3Cd4_id3605_E-1.28.cif,Na3Al3Zn3Cd4,-1.2762,2.865,Semiconductor,Pm,6,26
K3In_id4375_E-1.28.cif,K3In,-1.2751,0.049,Metal,Ibca,73,32
Ba2Li4ZnCdIn2_id4904_E-1.27.cif,Ba2Li4ZnCdIn2,-1.275,0.0,Metal,C222,21,20
Ba2SrZn8_id2571_E-1.27.cif,Ba2SrZn8,-1.2749,0.0,Metal,P4/nbm,125,22
Ti4In2SnSb3As4SeO2_id1637_E-1.27.cif,Ti4In2SnSb3As4SeO2,-1.2747,0.011,Metal,P4,75,17
Ba2SrCa2_id3755_E-1.27.cif,Ba2SrCa2,-1.2746,0.0,Metal,Ibca,73,40
Ba2SrCa2_id4939_E-1.27.cif,Ba2SrCa2,-1.2738,0.0,Metal,P6_2,171,15
Zn4Ge_id3172_E-1.27.cif,Zn4Ge,-1.2737,0.0,Metal,I4_1/a,88,20
Li12MgAlZn3O4_id2292_E-1.27.cif,Li12MgAlZn3O4,-1.2733,0.046,Metal,P-43m,215,21
Mg7(Cd3Ge2)2_id4063_E-1.27.cif,Mg7(Cd3Ge2)2,-1.2724,0.0,Metal,P4_2mc,105,34
Mg6ZnGa6Sn_id2473_E-1.27.cif,Mg6ZnGa6Sn,-1.2723,0.0,Metal,P-6m2,187,14
CaMg3Cd2_id1254_E-1.27.cif,CaMg3Cd2,-1.2712,0.0,Metal,Immm,71,12
Mg4Zn_id563_E-1.27.cif,Mg4Zn,-1.2711,0.0,Metal,Ccce,68,20
Cd2Ga_id2474_E-1.27.cif,Cd2Ga,-1.2702,0.0,Metal,I4_1md,109,12
Ba7MgIn_id1493_E-1.27.cif,Ba7MgIn,-1.2697,0.0,Metal,P-6m2,187,9
Mg3Al_id603_E-1.27.cif,Mg3Al,-1.2691,0.0,Metal,P6_222,180,12
Na2Cd2Sn_id766_E-1.27.cif,Na2Cd2Sn,-1.2686,0.0,Metal,P4/mmm,123,20
Zn2Cd2Ga_id4473_E-1.27.cif,Zn2Cd2Ga,-1.2685,0.0,Metal,C2/m,12,10
K6Cd2C_id1643_E-1.27.cif,K6Cd2C,-1.2674,0.0,Metal,P6/mmm,191,18
Li2Mg2Zn3(CdGa2)2_id241_E-1.27.cif,Li2Mg2Zn3(CdGa2)2,-1.2667,0.0,Metal,P4nc,104,52
Mg(CdSn2)2_id3071_E-1.27.cif,Mg(CdSn2)2,-1.2654,0.0,Metal,P4_2bc,106,28
BaSr4Li9Zn2_id3647_E-1.26.cif,BaSr4Li9Zn2,-1.2646,0.0,Metal,P-6m2,187,16
Li2Mg2GaSiAs2Se13_id2190_E-1.26.cif,Li2Mg2GaSiAs2Se13,-1.2641,0.0,Metal,P1,1,42
KNa4Mg3_id4283_E-1.26.cif,KNa4Mg3,-1.2635,0.0,Metal,I-43m,217,16
LiZn4_id3260_E-1.26.cif,LiZn4,-1.262,0.0,Metal,I4_1/a,88,20
Mg3Sn_id3878_E-1.26.cif,Mg3Sn,-1.2617,0.0,Metal,P4_2/mcm,132,8
Li3Ti2ZnIn2_id4775_E-1.26.cif,Li3Ti2ZnIn2,-1.2599,1.596,Semiconductor,P4_2mc,105,16
ScCd8_id3487_E-1.26.cif,ScCd8,-1.2592,0.0,Metal,Pn-3,201,18
Li2Mg2AlIn2_id2156_E-1.26.cif,Li2Mg2AlIn2,-1.2582,0.0,Metal,Pmma,51,14
Na4(CaMg)3_id481_E-1.26.cif,Na4(CaMg)3,-1.2576,0.0,Metal,I-43d,220,40
LiCd_id3334_E-1.26.cif,LiCd,-1.2561,0.0,Metal,Cmcm,63,24
Sr3Li6Mg12TiIn3_id2716_E-1.26.cif,Sr3Li6Mg12TiIn3,-1.2556,0.0,Metal,P23,195,25
Zn_id1977_E-1.25.cif,Zn,-1.2539,0.0,Metal,I4/mmm,139,8
Zn_id169_E-1.25.cif,Zn,-1.2527,0.0,Metal,I4/mmm,139,8
Mg2ZnCd2_id3519_E-1.25.cif,Mg2ZnCd2,-1.251,0.0,Metal,I-4m2,119,20
K2LiZn5Ge_id229_E-1.25.cif,K2LiZn5Ge,-1.2505,0.0,Metal,P-42m,111,9
Mg4Sc(ZnCd2)2_id4038_E-1.25.cif,Mg4Sc(ZnCd2)2,-1.2495,0.0,Metal,Pmna,53,22
Na4SrMg_id3802_E-1.25.cif,Na4SrMg,-1.2485,0.0,Metal,Immm,71,12
BaSrGaGe2_id2755_E-1.25.cif,BaSrGaGe2,-1.2483,0.063,Semiconductor,P3_221,154,15
NaZn4CdIn_id1114_E-1.25.cif,NaZn4CdIn,-1.2474,0.0,Metal,I4/mcm,140,28
BaCd2_id1573_E-1.25.cif,BaCd2,-1.2466,0.0,Metal,Imma,74,12
Li2Ca2Mg2Sc(CdIn)2_id1737_E-1.25.cif,Li2Ca2Mg2Sc(CdIn)2,-1.2461,0.0,Metal,P4_22_12,94,44
BeZn5_id120_E-1.25.cif,BeZn5,-1.2453,0.0,Metal,P2_12_12,18,24
KCaMg2_id3256_E-1.24.cif,KCaMg2,-1.2447,0.0,Metal,P-3m1,164,4
NaCd7InSn_id4502_E-1.24.cif,NaCd7InSn,-1.2438,0.0,Metal,C2/c,15,40
BaNaSr_id1026_E-1.24.cif,BaNaSr,-1.2432,0.0,Metal,P4/mmm,123,6
Zn_id3774_E-1.24.cif,Zn,-1.2429,0.0,Metal,I4_1/amd,141,12
Na5Al_id4144_E-1.24.cif,Na5Al,-1.241,0.0,Metal,I4_1/amd,141,24
NaLiMgCd_id55_E-1.24.cif,NaLiMgCd,-1.2406,0.0,Metal,P4/nmm,129,8
Zn_id1375_E-1.24.cif,Zn,-1.2393,0.0,Metal,I4mm,107,16
Li2MgGeAs2_id4285_E-1.24.cif,Li2MgGeAs2,-1.2391,0.008,Metal,C2,5,12
Na3Li3In_id1793_E-1.24.cif,Na3Li3In,-1.239,0.0,Metal,P-6c2,188,14
Li2MgCd4_id549_E-1.24.cif,Li2MgCd4,-1.2388,0.0,Metal,P6_3/mcm,193,28
K2NaGa_id12_E-1.24.cif,K2NaGa,-1.238,0.0,Metal,P4_332,212,16
Li2BeAlCdIn2_id623_E-1.24.cif,Li2BeAlCdIn2,-1.2357,0.0,Metal,P1,1,21
Ba3Ca_id468_E-1.24.cif,Ba3Ca,-1.2352,0.0,Metal,P4/mmm,123,8
Zn_id393_E-1.23.cif,Zn,-1.2347,0.0,Metal,Cmmm,65,6
Ba4SrIn6Sn11_id72_E-1.23.cif,Ba4SrIn6Sn11,-1.2338,0.0,Metal,P-31m,162,22
Mg2Cd3In_id2054_E-1.23.cif,Mg2Cd3In,-1.2338,0.0,Metal,P4/mmm,123,6
KZn6Ga_id414_E-1.23.cif,KZn6Ga,-1.2335,0.0,Metal,Pm-3,200,8
Mg5(ZnSi)4_id1529_E-1.23.cif,Mg5(ZnSi)4,-1.2325,0.0,Metal,I4_1/a,88,52
Ba3NaZn_id1526_E-1.23.cif,Ba3NaZn,-1.232,0.476,Semiconductor,Pm-3m,221,5
LiMg4Sb_id4718_E-1.23.cif,LiMg4Sb,-1.2313,1.68,Semiconductor,I4_1/amd,141,24
Li3Mg2_id597_E-1.23.cif,Li3Mg2,-1.2302,0.0,Metal,Ibca,73,40
Ba2NaSr4_id4085_E-1.23.cif,Ba2NaSr4,-1.2295,0.0,Metal,P4_2/nbc,133,28
Na3Zn_id4863_E-1.23.cif,Na3Zn,-1.2292,0.028,Metal,Fm-3m,225,16
BaNaLi_id1804_E-1.23.cif,BaNaLi,-1.2279,0.0,Metal,Pcc2,27,12
Sr7Ca7MgSn6_id70_E-1.23.cif,Sr7Ca7MgSn6,-1.2272,0.0,Metal,P6,168,21
NaMg6(CdIn)4_id209_E-1.23.cif,NaMg6(CdIn)4,-1.226,0.0,Metal,I4mm,107,30
KBa4NaCaGa_id3202_E-1.23.cif,KBa4NaCaGa,-1.2254,0.0,Metal,I-4m2,119,16
LiZn2Cd2InGa2_id4788_E-1.22.cif,LiZn2Cd2InGa2,-1.2228,0.0,Metal,P-4m2,115,8
K4Ba4Sr4LiMg4CdSn4_id1555_E-1.22.cif,K4Ba4Sr4LiMg4CdSn4,-1.2202,0.113,Semiconductor,P4nc,104,44
MgZn2_id989_E-1.22.cif,MgZn2,-1.2198,0.0,Metal,Pbcn,60,12
Na5Li2Cd6InGaSn2_id837_E-1.22.cif,Na5Li2Cd6InGaSn2,-1.2196,0.0,Metal,P2/c,13,34
Na2SrCa4GaSiO_id2554_E-1.22.cif,Na2SrCa4GaSiO,-1.2192,1.263,Semiconductor,P4/nmm,129,20
Na3CaMgCdIn3_id1108_E-1.22.cif,Na3CaMgCdIn3,-1.2181,0.0,Metal,P6_5,170,54
NaSrLi3CaScSnTe3_id2489_E-1.22.cif,NaSrLi3CaScSnTe3,-1.218,0.0,Metal,P2_1/m,11,22
NaLi3Zn3(InSn)2_id4861_E-1.22.cif,NaLi3Zn3(InSn)2,-1.2178,0.0,Metal,P4_3,78,44
Na4SrZn2_id3175_E-1.22.cif,Na4SrZn2,-1.2165,0.904,Semiconductor,Pban,50,14
Ca_id3865_E-1.22.cif,Ca,-1.2157,0.0,Metal,Pmm2,25,7
Ca2MgZn3Cd4_id2591_E-1.22.cif,Ca2MgZn3Cd4,-1.2151,0.0,Metal,Cmcm,63,40
Na4Al_id1638_E-1.21.cif,Na4Al,-1.2147,0.0,Metal,I4_1/a,88,20
BaNaLiCd_id2108_E-1.21.cif,BaNaLiCd,-1.2121,0.0,Metal,P6_5,170,24
Mg5In2_id4217_E-1.21.cif,Mg5In2,-1.2105,0.0,Metal,P4/ncc,130,28
TiZn4_id199_E-1.21.cif,TiZn4,-1.2103,0.0,Metal,P4_2/nmc,137,10
Mg7Cd8Ga_id4897_E-1.21.cif,Mg7Cd8Ga,-1.2103,0.0,Metal,P-6m2,187,16
AlCd7In2_id4941_E-1.21.cif,AlCd7In2,-1.2099,0.0,Metal,I422,97,20
Li4CaMg9_id2228_E-1.21.cif,Li4CaMg9,-1.2096,0.0,Metal,P4bm,100,28
CaMg(CdIn)2_id1386_E-1.21.cif,CaMg(CdIn)2,-1.2096,0.0,Metal,P4/mmm,123,6
KNa2ZnGe_id205_E-1.21.cif,KNa2ZnGe,-1.208,0.011,Metal,P4_3,78,20
Ba_id4846_E-1.20.cif,Ba,-1.2037,0.0,Metal,P4/mmm,123,4
Zn_id4310_E-1.20.cif,Zn,-1.2034,0.0,Metal,I4_1/acd,142,16
Na6AlSn3O2_id1407_E-1.20.cif,Na6AlSn3O2,-1.2014,0.005,Metal,Pnnm,58,24
Ca(MgCd)3_id1863_E-1.20.cif,Ca(MgCd)3,-1.2013,0.0,Metal,Ia-3,206,56
Na4(CaCd)3_id4953_E-1.20.cif,Na4(CaCd)3,-1.2009,0.023,Metal,I-43d,220,40
ZnCd2In_id3424_E-1.20.cif,ZnCd2In,-1.1988,0.0,Metal,P4/mmm,123,16
K4Cd3In4_id3402_E-1.20.cif,K4Cd3In4,-1.1986,0.0,Metal,I4_1/a,88,44
NaZn_id3085_E-1.20.cif,NaZn,-1.1981,0.099,Semiconductor,I4_1/acd,142,32
K2Ca2O7_id3201_E-1.20.cif,K2Ca2O7,-1.1965,1.503,Semiconductor,P31m,157,33
Cd3In_id421_E-1.19.cif,Cd3In,-1.1944,0.0,Metal,C222_1,20,16
Zn3Cd2Sn_id942_E-1.19.cif,Zn3Cd2Sn,-1.194,0.0,Metal,Immm,71,12
KNa6LiGa2_id1275_E-1.19.cif,KNa6LiGa2,-1.1939,0.637,Semiconductor,P321,150,10
Na_id3981_E-1.19.cif,Na,-1.1931,0.0,Metal,C2/m,12,16
Na4Li4Sb_id4572_E-1.19.cif,Na4Li4Sb,-1.1919,0.0,Metal,P42_12,90,18
K2Sr3Ca_id1374_E-1.19.cif,K2Sr3Ca,-1.1918,0.0,Metal,P6/mmm,191,6
LiCd4_id2525_E-1.19.cif,LiCd4,-1.1909,0.0,Metal,Ccce,68,20
Ba(SnTe3)2_id912_E-1.19.cif,Ba(SnTe3)2,-1.1902,0.858,Semiconductor,I4/mmm,139,18
Zn3(CdGa)2_id4117_E-1.19.cif,Zn3(CdGa)2,-1.1889,0.0,Metal,Imm2,44,28
Ca(Zn2Ga)4_id991_E-1.19.cif,Ca(Zn2Ga)4,-1.1887,0.0,Metal,P4_2/nmc,137,26
Na4Cd5In_id4828_E-1.19.cif,Na4Cd5In,-1.1867,0.0,Metal,P6/mmm,191,10
Sr2Zn_id3652_E-1.19.cif,Sr2Zn,-1.1864,0.0,Metal,I4/mmm,139,6
Mg2ZnCd3In2_id2551_E-1.19.cif,Mg2ZnCd3In2,-1.1857,0.0,Metal,P4mm,99,8
Ca2Zn2In_id4119_E-1.18.cif,Ca2Zn2In,-1.1838,0.0,Metal,I-4c2,120,20
LiMg3Zn4_id3155_E-1.18.cif,LiMg3Zn4,-1.1836,0.0,Metal,P-4c2,116,16
Ba3Na15Cd_id1878_E-1.18.cif,Ba3Na15Cd,-1.1822,0.0,Metal,P-6m2,187,19
KMgAlZn3Cd3InGa_id1812_E-1.18.cif,KMgAlZn3Cd3InGa,-1.1809,0.0,Metal,P-1,2,22
K4Mg2Cd3In2Ga3_id3423_E-1.18.cif,K4Mg2Cd3In2Ga3,-1.1799,0.0,Metal,P4_2/m,84,28
Ca3TeO3_id2357_E-1.18.cif,Ca3TeO3,-1.1775,1.668,Semiconductor,R-3,148,42
TiZn4_id2385_E-1.18.cif,TiZn4,-1.1763,0.0,Metal,P4_2/nmc,137,10
Mg6Sc_id4890_E-1.18.cif,Mg6Sc,-1.1758,0.0,Metal,P2_12_12_1,19,28
Ca_id547_E-1.18.cif,Ca,-1.1751,0.0,Metal,Pmma,51,16
LiZn3_id4892_E-1.17.cif,LiZn3,-1.1749,0.0,Metal,Pccm,49,8
LiMg3ZnIn_id3672_E-1.17.cif,LiMg3ZnIn,-1.1744,0.0,Metal,P3_1,144,18
K2BaNa_id3302_E-1.17.cif,K2BaNa,-1.1732,0.0,Metal,Pnnn,48,16
MgCd_id2151_E-1.17.cif,MgCd,-1.1728,0.024,Metal,Cmcm,63,8
Zn3Ga_id3527_E-1.17.cif,Zn3Ga,-1.1719,0.0,Metal,Immm,71,16
SrCa2Zn5_id3877_E-1.17.cif,SrCa2Zn5,-1.1699,0.0,Metal,I4/mcm,140,32
Li4Ca4Mg4Zn4Cd4Ga9_id4998_E-1.17.cif,Li4Ca4Mg4Zn4Cd4Ga9,-1.1696,1.411,Semiconductor,P4_2/n,86,58
Zn_id660_E-1.17.cif,Zn,-1.1693,0.0,Metal,P4_2/nmc,137,12
K(BaCd)3_id1237_E-1.17.cif,K(BaCd)3,-1.169,0.0,Metal,Pm-3n,223,14
Zn_id124_E-1.17.cif,Zn,-1.1676,0.0,Metal,I4_1/acd,142,16
Cd2Sn_id4188_E-1.17.cif,Cd2Sn,-1.1672,0.0,Metal,Pma2,28,18
Li6Mg11ScCd2In5_id3823_E-1.17.cif,Li6Mg11ScCd2In5,-1.1668,0.0,Metal,P-1,2,25
Mg3Cd2_id2179_E-1.17.cif,Mg3Cd2,-1.1662,0.0,Metal,Cccm,66,20
Mg12Cd12In_id809_E-1.16.cif,Mg12Cd12In,-1.164,0.0,Metal,I23,197,50
Ba2LiCd2_id2437_E-1.16.cif,Ba2LiCd2,-1.163,0.0,Metal,P422,89,20
CaZnCd3In2_id1609_E-1.16.cif,CaZnCd3In2,-1.1617,0.0,Metal,Pnma,62,28
NaCd4Ga_id2698_E-1.16.cif,NaCd4Ga,-1.1617,0.0,Metal,C2/m,12,12
KBa4Li10Ga_id1880_E-1.16.cif,KBa4Li10Ga,-1.1598,0.0,Metal,P-6m2,187,16
LiZnGa4_id1032_E-1.16.cif,LiZnGa4,-1.1595,0.0,Metal,P4/mmm,123,12
K2Sr_id4080_E-1.16.cif,K2Sr,-1.159,0.0,Metal,C2/m,12,6
Mg8In5_id3004_E-1.16.cif,Mg8In5,-1.159,0.0,Metal,P4_22_12,94,26
Sr3Li6Ca6MgN3O_id2610_E-1.16.cif,Sr3Li6Ca6MgN3O,-1.1588,0.032,Metal,P6_322,182,40
Mg3In4Sn_id1682_E-1.16.cif,Mg3In4Sn,-1.1575,0.0,Metal,P-6,174,8
AlZn2_id2691_E-1.16.cif,AlZn2,-1.1572,0.0,Metal,Pnnn,48,12
Na3Cd_id3887_E-1.16.cif,Na3Cd,-1.1566,0.616,Semiconductor,Im-3m,229,8
Na6Cd_id1953_E-1.15.cif,Na6Cd,-1.1547,0.0,Metal,R-3,148,21
Zn3CdGa_id1913_E-1.15.cif,Zn3CdGa,-1.1531,0.0,Metal,Cmm2,35,10
BaSr3Cd_id3680_E-1.15.cif,BaSr3Cd,-1.1527,0.0,Metal,Pmmm,47,5
Na_id4121_E-1.15.cif,Na,-1.1519,0.0,Metal,C2/c,15,36
Ca4Mg24Sc3In_id2136_E-1.15.cif,Ca4Mg24Sc3In,-1.1509,0.0,Metal,Pm-3m,221,32
Sr_id3544_E-1.15.cif,Sr,-1.1506,0.0,Metal,Pmna,53,12
Al3AsS_id492_E-1.15.cif,Al3AsS,-1.1504,0.0,Metal,P3_212,153,15
Sr(CaMg)3_id3586_E-1.15.cif,Sr(CaMg)3,-1.1501,0.001,Metal,Amm2,38,14
Zn_id3614_E-1.15.cif,Zn,-1.1493,0.0,Metal,P4/nmm,129,8
Na7Zn3_id1250_E-1.15.cif,Na7Zn3,-1.149,0.321,Semiconductor,I-43d,220,40
Cd4In_id3812_E-1.15.cif,Cd4In,-1.1487,0.0,Metal,Im-3m,229,10
Cd4In_id435_E-1.15.cif,Cd4In,-1.1487,0.0,Metal,Im-3m,229,10
Ca8Mg_id4508_E-1.15.cif,Ca8Mg,-1.1482,0.0,Metal,Fm-3m,225,36
BaMg8(CdIn2)4_id2870_E-1.15.cif,BaMg8(CdIn2)4,-1.1477,0.0,Metal,P4_2/nmc,137,42
Zn8Ga3_id524_E-1.15.cif,Zn8Ga3,-1.1475,0.0,Metal,P-62m,189,11
Cd7InGa_id621_E-1.15.cif,Cd7InGa,-1.147,0.0,Metal,Pmna,53,18
Ca_id3196_E-1.15.cif,Ca,-1.1467,0.048,Metal,Pmna,53,12
MgAlZnCd4Ga7Sn_id3498_E-1.15.cif,MgAlZnCd4Ga7Sn,-1.1456,0.0,Metal,P1,1,30
Cd3Ga_id2440_E-1.15.cif,Cd3Ga,-1.1451,0.0,Metal,P-42c,112,16
Mg(Zn2Ga)2_id3804_E-1.14.cif,Mg(Zn2Ga)2,-1.1448,0.0,Metal,Pbcn,60,28
Ba3Ca8MgIn6_id2115_E-1.14.cif,Ba3Ca8MgIn6,-1.1433,0.006,Metal,P-6m2,187,18
KNa2_id4105_E-1.14.cif,KNa2,-1.1432,0.0,Metal,Pbcn,60,12
Ba2Sr5_id2962_E-1.14.cif,Ba2Sr5,-1.1402,0.0,Metal,P3m1,156,7
Cd4Sn_id3895_E-1.14.cif,Cd4Sn,-1.1402,0.0,Metal,I4_1/a,88,20
Ba4MgCd4In9Sb4_id708_E-1.14.cif,Ba4MgCd4In9Sb4,-1.1396,0.0,Metal,P4_2/n,86,44
K4Sr4LiMg4Cd9Sn4_id3505_E-1.14.cif,K4Sr4LiMg4Cd9Sn4,-1.1394,0.0,Metal,P-42_1c,114,52
CaMg8_id3661_E-1.14.cif,CaMg8,-1.1394,0.0,Metal,Fm-3m,225,36
Zn_id1110_E-1.14.cif,Zn,-1.1364,0.0,Metal,I4_1/amd,141,16
Li3Cd15Sn4_id4680_E-1.14.cif,Li3Cd15Sn4,-1.1356,0.0,Metal,P23,195,22
Na_id1276_E-1.14.cif,Na,-1.1351,0.001,Metal,P4_12_12,92,40
Li4Cd_id4332_E-1.13.cif,Li4Cd,-1.1341,0.0,Metal,P-6c2,188,10
Sr2Zn5Cd2_id3813_E-1.13.cif,Sr2Zn5Cd2,-1.1337,0.0,Metal,Fmmm,69,36
Li12Al(ZnGa2)3_id2377_E-1.13.cif,Li12Al(ZnGa2)3,-1.1335,0.0,Metal,Pm-3,200,22
Cd4Ga_id4138_E-1.13.cif,Cd4Ga,-1.133,0.0,Metal,P4_2/n,86,10
NaMgCd6_id4796_E-1.13.cif,NaMgCd6,-1.1303,0.0,Metal,Fm-3m,225,32
NaMgCd6_id2902_E-1.13.cif,NaMgCd6,-1.1303,0.0,Metal,Fm-3m,225,32
NaZn4_id1058_E-1.13.cif,NaZn4,-1.1284,0.0,Metal,Ccce,68,20
Cd4Ga_id194_E-1.13.cif,Cd4Ga,-1.128,0.0,Metal,P4/ncc,130,20
Na3CaIn_id1345_E-1.13.cif,Na3CaIn,-1.1278,0.0,Metal,R32,155,30
Na4Mg7Cd3_id4668_E-1.13.cif,Na4Mg7Cd3,-1.1268,0.0,Metal,I-43d,220,56
KBa2_id2343_E-1.13.cif,KBa2,-1.1265,0.0,Metal,P6/mcc,192,36
Li2Ca3_id2695_E-1.13.cif,Li2Ca3,-1.1263,0.0,Metal,P4_2mc,105,20
Na2Li8CaIn2_id3449_E-1.13.cif,Na2Li8CaIn2,-1.1252,0.0,Metal,P42_12,90,26
Mg5ZnCd_id4088_E-1.12.cif,Mg5ZnCd,-1.1244,0.0,Metal,P4mm,99,7
Na7Cd6In5_id353_E-1.12.cif,Na7Cd6In5,-1.1236,0.0,Metal,P-4c2,116,36
K2ZnGa_id3772_E-1.12.cif,K2ZnGa,-1.1209,0.204,Semiconductor,P4_2/m,84,16
MgZn6_id3090_E-1.12.cif,MgZn6,-1.12,0.0,Metal,I4/mmm,139,14
Cd8InGa_id2018_E-1.12.cif,Cd8InGa,-1.1197,0.0,Metal,P4/nbm,125,20
Cd4In_id1745_E-1.12.cif,Cd4In,-1.1196,0.0,Metal,Ccce,68,20
Li7Cd3_id3410_E-1.12.cif,Li7Cd3,-1.1172,0.029,Metal,Im-3m,229,20
Li3Mg3In_id2592_E-1.12.cif,Li3Mg3In,-1.117,0.0,Metal,Pmmm,47,7
K2Li6Mg(CdIn)6_id672_E-1.12.cif,K2Li6Mg(CdIn)6,-1.1158,0.0,Metal,Pm,6,21
SrZn3_id754_E-1.11.cif,SrZn3,-1.1141,0.0,Metal,P4/mmm,123,8
KZn2_id3319_E-1.11.cif,KZn2,-1.113,0.0,Metal,P4/nmm,129,12
Na_id2686_E-1.11.cif,Na,-1.1127,0.0,Metal,P2_12_12_1,19,12
Zn_id3993_E-1.11.cif,Zn,-1.1113,0.0,Metal,Pm-3m,221,12
K5Sr7_id2683_E-1.11.cif,K5Sr7,-1.1094,0.0,Metal,P6/mmm,191,12
NaMg7_id1228_E-1.11.cif,NaMg7,-1.1086,0.0,Metal,P4_2/m,84,16
K2NaLiMg2_id823_E-1.11.cif,K2NaLiMg2,-1.1073,0.0,Metal,R-3m,166,18
Cd3In_id3852_E-1.11.cif,Cd3In,-1.1073,0.0,Metal,P4/mmm,123,8
MgCd2_id498_E-1.11.cif,MgCd2,-1.1053,0.0,Metal,Pmmm,47,6
Li2Cd11In2_id4426_E-1.10.cif,Li2Cd11In2,-1.1028,0.0,Metal,Pmmm,47,15
K4Li2CdIn_id2508_E-1.10.cif,K4Li2CdIn,-1.101,0.0,Metal,P42_12,90,16
Na4Zn3_id1269_E-1.10.cif,Na4Zn3,-1.1009,0.103,Semiconductor,I-43d,220,28
Li2Mg2Cd3_id4947_E-1.10.cif,Li2Mg2Cd3,-1.1007,0.0,Metal,Cmcm,63,28
KNa4(Cd4Ga)3_id802_E-1.10.cif,KNa4(Cd4Ga)3,-1.1003,0.0,Metal,Im-3,204,40
Zn2Ga_id1268_E-1.10.cif,Zn2Ga,-1.1002,0.0,Metal,P6_5,170,18
KZnCd_id1440_E-1.10.cif,KZnCd,-1.0987,0.06,Semiconductor,Cmcm,63,12
Na_id1414_E-1.10.cif,Na,-1.0964,0.004,Metal,Ibca,73,24
Mg_id1392_E-1.10.cif,Mg,-1.0961,0.0,Metal,I4_1/a,88,20
Mg3Zn4Ga4Ge_id201_E-1.09.cif,Mg3Zn4Ga4Ge,-1.0941,0.0,Metal,P-42c,112,24
BaSrLi6ZnCd3_id857_E-1.09.cif,BaSrLi6ZnCd3,-1.0929,0.0,Metal,P4_3,78,48
Mg12BN_id4059_E-1.09.cif,Mg12BN,-1.0894,0.0,Metal,P6_322,182,28
KNa6Li_id4196_E-1.09.cif,KNa6Li,-1.0892,0.0,Metal,P-31c,163,16
CaZn12_id3848_E-1.09.cif,CaZn12,-1.0887,0.0,Metal,P4_2/nmc,137,26
Mg_id1516_E-1.09.cif,Mg,-1.0886,0.013,Metal,F222,22,36
Mg_id2143_E-1.09.cif,Mg,-1.0886,0.0,Metal,P4_2/m,84,20
BaNa2SrLi_id4270_E-1.09.cif,BaNa2SrLi,-1.0883,0.0,Metal,Imm2,44,20
Li2BeZn8Cd8Ga_id2034_E-1.09.cif,Li2BeZn8Cd8Ga,-1.0879,0.0,Metal,I422,97,40
MgSc3Zn7Cd_id1994_E-1.09.cif,MgSc3Zn7Cd,-1.0869,5.864,Insulator,Pmmn,59,24
K_id721_E-1.09.cif,K,-1.0862,0.0,Metal,P-3c1,165,12
KNa12_id4567_E-1.09.cif,KNa12,-1.0859,0.0,Metal,P4_2/nnm,134,26
Li5Ca11_id2754_E-1.09.cif,Li5Ca11,-1.0852,0.0,Metal,P6/mmm,191,16
NaSr2Ca6MgCd2Sn_id1406_E-1.08.cif,NaSr2Ca6MgCd2Sn,-1.0846,0.008,Metal,P6_2,171,39
Li2ScAl2Zn2CdInGa2_id2968_E-1.08.cif,Li2ScAl2Zn2CdInGa2,-1.0843,0.0,Metal,P3_1,144,33
Na4Mg2Ga_id3777_E-1.08.cif,Na4Mg2Ga,-1.0836,0.0,Metal,P6_2,171,42
CaMg15Cd8_id213_E-1.08.cif,CaMg15Cd8,-1.0815,0.0,Metal,Pm-3m,221,24
BaMg7Zn_id4561_E-1.08.cif,BaMg7Zn,-1.0809,0.0,Metal,P-6m2,187,9
MgScCd2_id2935_E-1.08.cif,MgScCd2,-1.0804,0.0,Metal,P422,89,16
Mg5Ga_id1503_E-1.08.cif,Mg5Ga,-1.0802,0.0,Metal,P4_2/mcm,132,12
KSrCaInSn2_id3127_E-1.08.cif,KSrCaInSn2,-1.0785,0.0,Metal,I-4m2,119,12
Mg5Zn6Cd4Ga_id1927_E-1.08.cif,Mg5Zn6Cd4Ga,-1.0784,1.221,Semiconductor,P-6m2,187,16
Li2Zn5Cd_id2944_E-1.08.cif,Li2Zn5Cd,-1.0782,0.0,Metal,P3_1,144,24
Li7(MgZn5)3_id3711_E-1.08.cif,Li7(MgZn5)3,-1.0782,0.0,Metal,P23,195,25
Zn7Ga_id1654_E-1.07.cif,Zn7Ga,-1.0744,0.0,Metal,P1,1,32
Ca_id4535_E-1.07.cif,Ca,-1.0737,0.055,Semiconductor,P-1,2,15
Mg2Zn8Ga_id2170_E-1.07.cif,Mg2Zn8Ga,-1.0734,0.0,Metal,Imm2,44,22
Al2ZnGa_id4761_E-1.07.cif,Al2ZnGa,-1.0724,0.0,Metal,Imma,74,16
KNa6Mg_id3329_E-1.07.cif,KNa6Mg,-1.0717,0.0,Metal,P-31c,163,16
BaCd2_id123_E-1.07.cif,BaCd2,-1.0716,0.0,Metal,P4/mmm,123,12
Na6Cd2In_id4363_E-1.07.cif,Na6Cd2In,-1.0702,0.0,Metal,P-3c1,165,18
K7(Zn2In)2_id1179_E-1.07.cif,K7(Zn2In)2,-1.0693,0.025,Metal,C222,21,26
K3NaCd3SnAs_id3712_E-1.07.cif,K3NaCd3SnAs,-1.069,0.0,Metal,P4_322,95,36
K6NaIn_id1376_E-1.07.cif,K6NaIn,-1.0684,0.0,Metal,P-31c,163,16
ZnCd4In_id214_E-1.07.cif,ZnCd4In,-1.0678,0.0,Metal,P-6,174,6
Li2ZnIn2Ga2Sn_id3203_E-1.07.cif,Li2ZnIn2Ga2Sn,-1.066,0.0,Metal,P4/mmm,123,16
NaLiCd6_id1989_E-1.07.cif,NaLiCd6,-1.066,0.0,Metal,P-31c,163,16
Na6Mg18ScGa8_id3903_E-1.06.cif,Na6Mg18ScGa8,-1.063,0.0,Metal,P1,1,33
Na20Ga_id3455_E-1.06.cif,Na20Ga,-1.0624,0.012,Metal,P2_1,4,42
Zn_id3665_E-1.06.cif,Zn,-1.0612,0.0,Metal,Cmcm,63,24
Zn8Ga_id3745_E-1.06.cif,Zn8Ga,-1.0605,0.0,Metal,Pban,50,18
K7CaCd_id431_E-1.06.cif,K7CaCd,-1.0603,0.0,Metal,P-31c,163,18
K2Li4Cd3_id74_E-1.06.cif,K2Li4Cd3,-1.0584,0.0,Metal,C222_1,20,36
MgCd2_id3073_E-1.06.cif,MgCd2,-1.0582,0.0,Metal,Pbca,61,12
K4Li3CaZn12_id4153_E-1.06.cif,K4Li3CaZn12,-1.0575,0.0,Metal,Im-3,204,40
K6Li6Ca2Mg_id2720_E-1.06.cif,K6Li6Ca2Mg,-1.0568,0.0,Metal,P6/mmm,191,15
LiZn2_id834_E-1.06.cif,LiZn2,-1.0564,0.0,Metal,Ccc2,37,12
CaCd2_id3262_E-1.06.cif,CaCd2,-1.0556,0.0,Metal,P4/nmm,129,12
LiZn6In3Ge_id1837_E-1.06.cif,LiZn6In3Ge,-1.0555,0.0,Metal,P6_322,182,22
Na_id222_E-1.05.cif,Na,-1.0521,0.242,Semiconductor,I4/mmm,139,10
Ca4Si_id2684_E-1.05.cif,Ca4Si,-1.052,0.476,Semiconductor,Ccce,68,20
NaLiZn2_id3754_E-1.05.cif,NaLiZn2,-1.0503,0.0,Metal,P2_1/m,11,8
Na(Sr3Ca)2_id2842_E-1.05.cif,Na(Sr3Ca)2,-1.0501,0.0,Metal,Pmm2,25,9
K2BaNaLiMgZn_id832_E-1.05.cif,K2BaNaLiMgZn,-1.0483,0.0,Metal,P3_112,151,21
NaMgCd6_id4264_E-1.05.cif,NaMgCd6,-1.0458,0.0,Metal,P-31c,163,16
MgCd2_id1632_E-1.04.cif,MgCd2,-1.0443,0.0,Metal,P-62m,189,9
Na7Cd3In2_id180_E-1.04.cif,Na7Cd3In2,-1.0416,0.011,Metal,P6/mmm,191,12
K_id1847_E-1.04.cif,K,-1.0398,0.0,Metal,P321,150,10
CdIn_id2560_E-1.04.cif,CdIn,-1.0395,0.0,Metal,I-43d,220,32
Na29Li3Ca_id1358_E-1.04.cif,Na29Li3Ca,-1.0384,0.0,Metal,P2,3,33
KBaCd_id552_E-1.04.cif,KBaCd,-1.0375,0.0,Metal,P2_12_12_1,19,12
Cd8In_id2986_E-1.04.cif,Cd8In,-1.0353,0.0,Metal,I4/m,87,18
MgCd4_id3309_E-1.03.cif,MgCd4,-1.0331,0.0,Metal,Ccce,68,20
Li4Zn3_id2215_E-1.03.cif,Li4Zn3,-1.0331,6.661,Insulator,P6_3cm,185,14
KCd4In_id557_E-1.03.cif,KCd4In,-1.0324,0.566,Semiconductor,P-4c2,116,12
Li2Ca7_id1101_E-1.03.cif,Li2Ca7,-1.0317,0.0,Metal,Fmm2,42,36
Zn5CdGa_id818_E-1.03.cif,Zn5CdGa,-1.0312,0.0,Metal,P-42m,111,7
MgZn13(GaSb)8_id4408_E-1.03.cif,MgZn13(GaSb)8,-1.0304,0.022,Metal,I422,97,60
K2Ba_id4281_E-1.03.cif,K2Ba,-1.0295,0.0,Metal,P-3c1,165,12
Zn_id4779_E-1.03.cif,Zn,-1.0292,0.0,Metal,Pbam,55,12
Cd2In_id4610_E-1.03.cif,Cd2In,-1.0288,0.0,Metal,P4_2/m,84,24
MgZn5Cd2Te8(SeS)4_id1558_E-1.03.cif,MgZn5Cd2Te8(SeS)4,-1.0284,1.04,Semiconductor,P-42c,112,48
K7Cd_id1750_E-1.03.cif,K7Cd,-1.0279,0.0,Metal,P-31c,163,16
BaNa2_id490_E-1.03.cif,BaNa2,-1.0271,0.049,Metal,Im-3m,229,36
Mg3ZnCd4_id3637_E-1.03.cif,Mg3ZnCd4,-1.027,0.0,Metal,Pbam,55,16
Mg4ScZn4Cd_id3797_E-1.03.cif,Mg4ScZn4Cd,-1.0261,0.0,Metal,P4_2/n,86,20
CaZnCd_id1303_E-1.03.cif,CaZnCd,-1.0256,0.0,Metal,P4/nmm,129,12
Li16Mg6AlIn6_id4991_E-1.03.cif,Li16Mg6AlIn6,-1.0253,0.0,Metal,P6/mmm,191,29
Sr2LiMg3Cd2_id2523_E-1.02.cif,Sr2LiMg3Cd2,-1.0236,0.0,Metal,Amm2,38,16
Zn_id3049_E-1.02.cif,Zn,-1.0229,0.0,Metal,Ccce,68,20
KCd_id2865_E-1.02.cif,KCd,-1.0228,0.046,Metal,P3_221,154,6
SrIn_id4127_E-1.02.cif,SrIn,-1.0213,0.0,Metal,I4/mmm,139,4
Zn_id257_E-1.02.cif,Zn,-1.0202,0.0,Metal,Pbam,55,12
Mg2Zn_id4798_E-1.02.cif,Mg2Zn,-1.0195,0.0,Metal,P432,207,36
Sr2LiCd3_id2854_E-1.02.cif,Sr2LiCd3,-1.0193,0.0,Metal,Pbam,55,12
MgCd3_id4275_E-1.02.cif,MgCd3,-1.0161,0.0,Metal,Im-3m,229,8
K_id745_E-1.02.cif,K,-1.0156,0.0,Metal,Fm-3m,225,12
K_id495_E-1.02.cif,K,-1.0156,0.0,Metal,Fm-3m,225,12
K_id4287_E-1.02.cif,K,-1.0156,0.0,Metal,Fm-3m,225,12
Zn17Ga4_id574_E-1.01.cif,Zn17Ga4,-1.0141,0.0,Metal,Pc,7,42
K2AlGa2_id2344_E-1.01.cif,K2AlGa2,-1.0132,0.049,Metal,Cmce,64,20
ScZn3_id3179_E-1.01.cif,ScZn3,-1.0097,0.0,Metal,P6_3/m,176,8
Cd8In2Ga_id887_E-1.01.cif,Cd8In2Ga,-1.0085,0.022,Metal,P4_2/nnm,134,22
Li2CdGa3Sn2_id4760_E-1.01.cif,Li2CdGa3Sn2,-1.0068,0.002,Metal,P-3m1,164,8
Na3Li3Mg_id4249_E-1.01.cif,Na3Li3Mg,-1.0067,0.0,Metal,P-6c2,188,14
Ba2BeAl_id2039_E-1.01.cif,Ba2BeAl,-1.0065,0.0,Metal,P-42c,112,16
Ba(Ca9Sc)2_id4769_E-1.01.cif,Ba(Ca9Sc)2,-1.006,0.0,Metal,P6/mmm,191,21
K_id3541_E-1.01.cif,K,-1.0052,0.0,Metal,I4_1/acd,142,16
Na3ScZnSn3_id1565_E-1.00.cif,Na3ScZnSn3,-1.0035,0.0,Metal,P3c1,158,16
Ca5Cd2_id2667_E-1.00.cif,Ca5Cd2,-1.0029,0.0,Metal,P2/m,10,14
Na2Sr4LiZn3_id3884_E-1.00.cif,Na2Sr4LiZn3,-1.0028,0.0,Metal,I4/mcm,140,40
Al2ZnCd2Ga_id3820_E-1.00.cif,Al2ZnCd2Ga,-1.0011,0.0,Metal,P4_222,93,24
SrCa2_id899_E-1.00.cif,SrCa2,-0.9997,0.0,Metal,Pmna,53,18
Zn_id3786_E-1.00.cif,Zn,-0.999,0.0,Metal,Cmmm,65,12
Ba2Na4Sr4Ca_id4772_E-1.00.cif,Ba2Na4Sr4Ca,-0.9986,0.0,Metal,P4/nbm,125,22
K2Na7_id4227_E-1.00.cif,K2Na7,-0.9985,0.0,Metal,P6/mmm,191,9
Mg_id2243_E-1.00.cif,Mg,-0.9975,0.0,Metal,Pmna,53,18
Na4Cd2In_id1519_E-1.00.cif,Na4Cd2In,-0.9971,0.0,Metal,Immm,71,14
Mg_id1557_E-1.00.cif,Mg,-0.9964,0.0,Metal,I4_1/acd,142,16
Mg3Zn_id2297_E-1.00.cif,Mg3Zn,-0.9954,0.0,Metal,P6_3cm,185,16
K7Na_id2262_E-0.99.cif,K7Na,-0.9938,0.0,Metal,P-31c,163,16
K3Na2_id1154_E-0.99.cif,K3Na2,-0.9926,0.0,Metal,P-4c2,116,10
Ca4(Mg2Cd)3_id1594_E-0.99.cif,Ca4(Mg2Cd)3,-0.9925,0.0,Metal,Cmce,64,52
BaSr2Zn2CdGa2_id3434_E-0.99.cif,BaSr2Zn2CdGa2,-0.9899,0.0,Metal,I4/mcm,140,32
Na4Sr4Cd6Sn_id3150_E-0.99.cif,Na4Sr4Cd6Sn,-0.9882,0.0,Metal,Cmce,64,60
Na12Cd_id2706_E-0.99.cif,Na12Cd,-0.9868,0.0,Metal,P4_232,208,52
Mg4ScIn_id4906_E-0.99.cif,Mg4ScIn,-0.9854,0.0,Metal,I4/mmm,139,12
Li6CaGa3_id3340_E-0.98.cif,Li6CaGa3,-0.9838,0.0,Metal,Pm-3,200,10
K9Ba_id1723_E-0.98.cif,K9Ba,-0.983,0.0,Metal,P6/mmm,191,10
Na8Cd5In_id4766_E-0.98.cif,Na8Cd5In,-0.9829,0.019,Metal,P6/mmm,191,14
Cd9In_id4999_E-0.98.cif,Cd9In,-0.9829,0.0,Metal,P4/nbm,125,20
K4SiAs4(Se2S)2_id2818_E-0.98.cif,K4SiAs4(Se2S)2,-0.9826,0.292,Semiconductor,Pn-3m,224,30
LiZn5_id1829_E-0.98.cif,LiZn5,-0.982,0.0,Metal,P6_1,169,36
CaNO13_id4414_E-0.98.cif,CaNO13,-0.9814,1.841,Semiconductor,P31c,159,30
Zn9Ga_id4339_E-0.98.cif,Zn9Ga,-0.9804,0.0,Metal,Cmm2,35,20
BaNa(LiMg)3_id4952_E-0.98.cif,BaNa(LiMg)3,-0.9794,3.216,Semiconductor,C2,5,48
NaZnCd4_id3140_E-0.98.cif,NaZnCd4,-0.9793,0.0,Metal,I422,97,12
K2CaCd3_id2587_E-0.98.cif,K2CaCd3,-0.9786,0.0,Metal,P-31m,162,12
Mg3Al(Zn2Ga3)2_id2972_E-0.98.cif,Mg3Al(Zn2Ga3)2,-0.9774,0.0,Metal,I422,97,28
Ba3(LiCa2)2_id2186_E-0.98.cif,Ba3(LiCa2)2,-0.9771,0.0,Metal,P6/mmm,191,9
Ti(AlZn2)2_id3676_E-0.98.cif,Ti(AlZn2)2,-0.9751,0.0,Metal,R-3m,166,21
LiZn_id2504_E-0.97.cif,LiZn,-0.9749,0.0,Metal,I4_1/acd,142,32
Ca_id51_E-0.97.cif,Ca,-0.9738,0.0,Metal,P-31m,162,15
CaZn4_id4883_E-0.97.cif,CaZn4,-0.9727,0.006,Metal,Ccce,68,20
MgZn3_id510_E-0.97.cif,MgZn3,-0.9721,0.0,Metal,P4_2/mbc,135,16
KCd4_id368_E-0.97.cif,KCd4,-0.972,0.0,Metal,P4_2/nmc,137,10
K5NaZnIn_id407_E-0.97.cif,K5NaZnIn,-0.9717,0.303,Semiconductor,Pcc2,27,32
NaCd_id4886_E-0.97.cif,NaCd,-0.9712,0.0,Metal,P4_222,93,16
MgCd3_id4689_E-0.97.cif,MgCd3,-0.9711,0.0,Metal,P6_3/mcm,193,16
Li2CaInGe_id3441_E-0.97.cif,Li2CaInGe,-0.9684,0.0,Metal,Iba2,45,40
Na_id4297_E-0.97.cif,Na,-0.9675,0.0,Metal,P4_2/mcm,132,12
CaMg3_id2931_E-0.97.cif,CaMg3,-0.9656,0.0,Metal,P4/mmm,123,16
Mg_id2003_E-0.97.cif,Mg,-0.9652,0.0,Metal,P2_12_12_1,19,20
K6Na12Sc_id3960_E-0.96.cif,K6Na12Sc,-0.9643,0.006,Metal,I23,197,38
MgZnCd3_id4869_E-0.96.cif,MgZnCd3,-0.962,0.0,Metal,Pm-3m,221,5
Al2Zn_id3782_E-0.96.cif,Al2Zn,-0.9609,0.0,Metal,P4mm,99,12
BaCd4_id1251_E-0.96.cif,BaCd4,-0.9581,0.0,Metal,P4_2/nmc,137,10
Ba2Zn2CdIn8Sn_id4997_E-0.96.cif,Ba2Zn2CdIn8Sn,-0.9579,0.0,Metal,Pm,6,28
Li(Mg2Cd)2_id4406_E-0.96.cif,Li(Mg2Cd)2,-0.9579,0.0,Metal,Cmce,64,28
SrCd4_id4018_E-0.96.cif,SrCd4,-0.9576,0.0,Metal,P4/mbm,127,20
BaNa4_id1227_E-0.96.cif,BaNa4,-0.9574,0.0,Metal,P4_2/m,84,20
Li8Cd12In_id267_E-0.96.cif,Li8Cd12In,-0.9563,0.0,Metal,Pm-3m,221,21
LiCd2Ga_id1105_E-0.96.cif,LiCd2Ga,-0.9554,0.0,Metal,P6_5,170,24
Na8LiMg3_id4840_E-0.95.cif,Na8LiMg3,-0.9512,0.938,Semiconductor,P2/c,13,24
NaLi2Mg2Zn2(Cd6In)2_id3662_E-0.95.cif,NaLi2Mg2Zn2(Cd6In)2,-0.9503,0.0,Metal,P-1,2,21
Mg2Zn5_id333_E-0.95.cif,Mg2Zn5,-0.9503,0.0,Metal,P4_232,208,42
Zn_id3939_E-0.95.cif,Zn,-0.9494,0.0,Metal,I4_1/acd,142,48
CdIn5_id1163_E-0.95.cif,CdIn5,-0.9489,0.0,Metal,Imm2,44,12
Sr3Li2InSn_id4928_E-0.95.cif,Sr3Li2InSn,-0.9482,0.0,Metal,I4/mcm,140,28
BaMg4Zn8(CdGa)8_id3513_E-0.95.cif,BaMg4Zn8(CdGa)8,-0.9477,0.0,Metal,P4_2/nmc,137,58
MgZn8Cd_id2104_E-0.95.cif,MgZn8Cd,-0.9476,0.0,Metal,C2/c,15,40
Ca4Zn3_id3374_E-0.95.cif,Ca4Zn3,-0.9454,0.0,Metal,I4_1/a,88,28
NaCd7_id1552_E-0.94.cif,NaCd7,-0.9448,0.0,Metal,Pmmn,59,16
Ca13Cd2_id1072_E-0.94.cif,Ca13Cd2,-0.9416,0.01,Metal,P6/mmm,191,15
NaCd_id3146_E-0.94.cif,NaCd,-0.9416,0.015,Metal,P-6c2,188,16
Li4Zn11Cd9Ga2_id4005_E-0.94.cif,Li4Zn11Cd9Ga2,-0.9406,0.0,Metal,P2/m,10,26
K_id3026_E-0.94.cif,K,-0.94,0.0,Metal,P4/nmm,129,8
Mg6Al2(ZnCd)5_id4722_E-0.94.cif,Mg6Al2(ZnCd)5,-0.9398,0.0,Metal,P2_1/c,14,36
Li3Zn9In_id92_E-0.94.cif,Li3Zn9In,-0.9397,0.0,Metal,Pmmm,47,13
K5(NaGa)2_id3509_E-0.94.cif,K5(NaGa)2,-0.939,0.052,Semiconductor,Pcc2,27,36
K3Zn2Cd(GaTe)2_id390_E-0.94.cif,K3Zn2Cd(GaTe)2,-0.9385,0.0,Metal,P1,1,30
AlCd2In_id4463_E-0.94.cif,AlCd2In,-0.9384,0.0,Metal,P4mm,99,4
SrLi5Ca9_id4027_E-0.94.cif,SrLi5Ca9,-0.9363,0.0,Metal,P6/mmm,191,15
Li7Zn3Cd8_id1256_E-0.94.cif,Li7Zn3Cd8,-0.9354,0.0,Metal,P6/mmm,191,18
Sr3Ca4_id3003_E-0.94.cif,Sr3Ca4,-0.9351,0.0,Metal,Pmna,53,14
Na8LiCd_id572_E-0.93.cif,Na8LiCd,-0.9346,0.0,Metal,P3_112,151,30
Mg18Sc2In_id2722_E-0.93.cif,Mg18Sc2In,-0.9346,0.0,Metal,P6/mmm,191,21
Sr(LiZn)2_id299_E-0.93.cif,Sr(LiZn)2,-0.9327,0.0,Metal,I-4c2,120,20
Li(ZnCd)3_id2486_E-0.93.cif,Li(ZnCd)3,-0.9321,0.0,Metal,Pm-3n,223,14
Zn4Sn_id1074_E-0.93.cif,Zn4Sn,-0.9302,0.0,Metal,P4_2/nmc,137,10
Mg_id2530_E-0.93.cif,Mg,-0.9273,0.0,Metal,P6/mmm,191,24
Mg_id3445_E-0.93.cif,Mg,-0.9269,0.0,Metal,P4_2/ncm,138,16
NaSr_id2450_E-0.93.cif,NaSr,-0.9266,0.0,Metal,Ibca,73,32
Na2MgCd3_id3459_E-0.93.cif,Na2MgCd3,-0.9265,0.054,Semiconductor,Pbam,55,12
MgZn5_id2552_E-0.93.cif,MgZn5,-0.9254,0.0,Metal,Pmmm,47,6
Cd3P2_id2129_E-0.93.cif,Cd3P2,-0.9253,0.0,Metal,P4/mmm,123,10
Mg_id1968_E-0.92.cif,Mg,-0.9244,0.0,Metal,Pmna,53,22
Mg_id1904_E-0.92.cif,Mg,-0.9232,0.0,Metal,Pmna,53,30
Cd4In_id2597_E-0.92.cif,Cd4In,-0.9227,0.0,Metal,I4/mcm,140,20
Mg2ZnGaSi2P_id1803_E-0.92.cif,Mg2ZnGaSi2P,-0.9224,0.854,Semiconductor,Pnma,62,28
BeZn4Cd(Ga3O8)2_id4337_E-0.92.cif,BeZn4Cd(Ga3O8)2,-0.9218,2.727,Semiconductor,P-42c,112,56
CaMg21_id2601_E-0.92.cif,CaMg21,-0.9211,0.0,Metal,Pm-3m,221,22
KGa3SiSn_id83_E-0.92.cif,KGa3SiSn,-0.9204,0.177,Semiconductor,P-6m2,187,6
K_id1800_E-0.92.cif,K,-0.9203,0.0,Metal,P-42_1c,114,18
Ca9In2_id779_E-0.92.cif,Ca9In2,-0.9203,0.0,Metal,P4_2cm,101,44
ZnCd4_id1332_E-0.92.cif,ZnCd4,-0.9201,0.0,Metal,Im-3m,229,10
NaCd2O_id3595_E-0.92.cif,NaCd2O,-0.9191,0.0,Metal,P4_2/mmc,131,8
KCd2_id4203_E-0.92.cif,KCd2,-0.9185,0.384,Semiconductor,P-4c2,116,18
Na2LiMgCd6In3O9_id4276_E-0.92.cif,Na2LiMgCd6In3O9,-0.918,2.491,Semiconductor,P31m,157,22
K4NaCd2In_id2240_E-0.92.cif,K4NaCd2In,-0.9175,0.519,Semiconductor,Pbam,55,16
K_id724_E-0.92.cif,K,-0.9171,0.268,Semiconductor,P2_12_12,18,40
KNa_id2458_E-0.92.cif,KNa,-0.9159,0.0,Metal,P4_2/m,84,20
NaSr_id4315_E-0.92.cif,NaSr,-0.915,0.0,Metal,P4/mmm,123,4
NaMg_id4263_E-0.91.cif,NaMg,-0.9143,0.0,Metal,I-43d,220,24
K(NaCd2)2_id1907_E-0.91.cif,K(NaCd2)2,-0.9128,0.314,Semiconductor,P4_22_12,94,28
Ca(Mg3Ga)3_id1158_E-0.91.cif,Ca(Mg3Ga)3,-0.9128,0.0,Metal,Pm-3m,221,13
Zn_id2062_E-0.91.cif,Zn,-0.9125,0.0,Metal,P-4c2,116,16
Cd_id679_E-0.91.cif,Cd,-0.9119,0.0,Metal,Im-3m,229,16
KCd_id2673_E-0.91.cif,KCd,-0.9116,0.287,Semiconductor,P4/mmm,123,8
KNa6LiGa6_id2894_E-0.91.cif,KNa6LiGa6,-0.9115,0.46,Semiconductor,P-31c,163,28
Zn23Ga6_id4658_E-0.91.cif,Zn23Ga6,-0.9113,0.0,Metal,P6,168,29
Cd12Ga_id685_E-0.91.cif,Cd12Ga,-0.9113,0.0,Metal,Fm-3m,225,52
Sr_id544_E-0.91.cif,Sr,-0.911,0.0,Metal,P4/mmm,123,4
NaCa2_id131_E-0.91.cif,NaCa2,-0.9102,0.029,Metal,Cccm,66,24
KBa_id1767_E-0.91.cif,KBa,-0.9089,0.0,Metal,P4/mmm,123,4
LiZn5_id790_E-0.91.cif,LiZn5,-0.908,0.0,Metal,P4/m,83,12
LiZn2_id3185_E-0.91.cif,LiZn2,-0.9058,0.088,Semiconductor,Pn-3m,224,6
Al(ZnGa2)2_id2509_E-0.90.cif,Al(ZnGa2)2,-0.9049,0.029,Metal,P4/mmm,123,14
BaSr2(Zn2In)2_id1537_E-0.90.cif,BaSr2(Zn2In)2,-0.904,0.0,Metal,I4/mcm,140,36
Cd7Sn_id2090_E-0.90.cif,Cd7Sn,-0.9021,0.0,Metal,I2_12_12_1,24,32
KNa2LiZn2Cd2In2Sn3_id3356_E-0.90.cif,KNa2LiZn2Cd2In2Sn3,-0.9014,0.0,Metal,P1,1,52
KNa6(CaCd3)2_id4307_E-0.90.cif,KNa6(CaCd3)2,-0.901,0.107,Semiconductor,P-3c1,165,30
Zn6InGa_id4420_E-0.90.cif,Zn6InGa,-0.9006,0.0,Metal,P-62m,189,24
Na6SrLi_id4305_E-0.90.cif,Na6SrLi,-0.9005,0.0,Metal,P-31c,163,16
Na_id4146_E-0.90.cif,Na,-0.8997,0.083,Semiconductor,Im-3m,229,26
Sr4Li_id1221_E-0.90.cif,Sr4Li,-0.8994,0.0,Metal,I-42d,122,20
K_id4151_E-0.90.cif,K,-0.8969,0.004,Metal,Pm-3m,221,12
LiCd_id3888_E-0.90.cif,LiCd,-0.8956,2.181,Semiconductor,P6_2,171,24
Cd4In_id873_E-0.90.cif,Cd4In,-0.8956,0.0,Metal,Cmce,64,20
Zn19Ga2_id182_E-0.89.cif,Zn19Ga2,-0.8949,0.0,Metal,P2_12_12,18,42
LiZn3Cd8_id3697_E-0.89.cif,LiZn3Cd8,-0.8942,0.0,Metal,I422,97,24
K(MgZn)6_id1043_E-0.89.cif,K(MgZn)6,-0.894,0.0,Metal,P42_12,90,26
MgCd2_id125_E-0.89.cif,MgCd2,-0.8938,0.0,Metal,P-3m1,164,6
K_id893_E-0.89.cif,K,-0.8907,0.0,Metal,Cmme,67,20
Mg4Zn2Cd3_id4025_E-0.89.cif,Mg4Zn2Cd3,-0.8895,0.0,Metal,Fmmm,69,36
K5Na2_id3435_E-0.89.cif,K5Na2,-0.8893,0.0,Metal,P4/nbm,125,14
KZn2Cd10Sn_id537_E-0.89.cif,KZn2Cd10Sn,-0.8886,0.0,Metal,Aem2,39,56
K_id3095_E-0.89.cif,K,-0.8886,0.0,Metal,P2_12_12_1,19,12
Zn3Ga_id3769_E-0.89.cif,Zn3Ga,-0.8878,0.0,Metal,Pbam,55,16
SrCa2Mg3_id3702_E-0.89.cif,SrCa2Mg3,-0.8862,0.0,Metal,P-6m2,187,6
Na2Mg3Cd4In_id3409_E-0.89.cif,Na2Mg3Cd4In,-0.8851,0.0,Metal,P2/c,13,20
Ba4Ca17_id1717_E-0.88.cif,Ba4Ca17,-0.8837,0.0,Metal,P6/mmm,191,21
K_id3497_E-0.88.cif,K,-0.8836,0.0,Metal,Ibca,73,32
Sr2CaCd4In_id3707_E-0.88.cif,Sr2CaCd4In,-0.8824,0.0,Metal,I4/mcm,140,32
K4NaMg2(AlCd4)2_id3338_E-0.88.cif,K4NaMg2(AlCd4)2,-0.882,0.0,Metal,I422,97,34
ZnCd4_id1611_E-0.88.cif,ZnCd4,-0.8791,0.0,Metal,Pnn2,34,10
Mg7Cd_id939_E-0.88.cif,Mg7Cd,-0.8785,0.0,Metal,Fm-3m,225,32
MgCd5In_id107_E-0.88.cif,MgCd5In,-0.8782,0.0,Metal,Pmmn,59,14
K8Ba3_id3317_E-0.88.cif,K8Ba3,-0.8765,0.0,Metal,I432,211,44
Ba_id1385_E-0.88.cif,Ba,-0.8756,0.049,Metal,Pmm2,25,11
Li4Zn8Cd_id4738_E-0.87.cif,Li4Zn8Cd,-0.8739,0.0,Metal,P42_12,90,26
K2NaSrCd_id2517_E-0.87.cif,K2NaSrCd,-0.8734,0.041,Metal,P6_1,169,30
KZn4_id1858_E-0.87.cif,KZn4,-0.8728,0.021,Metal,Ccce,68,20
NaMg6Ga_id3930_E-0.87.cif,NaMg6Ga,-0.8723,0.0,Metal,P6_322,182,16
Cd_id2024_E-0.87.cif,Cd,-0.8722,0.0,Metal,I4_1/acd,142,16
CdGa4_id2279_E-0.87.cif,CdGa4,-0.8722,0.0,Metal,P4_2/nmc,137,10
MgAl(Zn5Ga)2_id2155_E-0.87.cif,MgAl(Zn5Ga)2,-0.8709,0.0,Metal,I422,97,28
LiMg2Zn4Cd_id3165_E-0.87.cif,LiMg2Zn4Cd,-0.8702,0.0,Metal,Immm,71,16
KNaMg_id133_E-0.87.cif,KNaMg,-0.8686,2.757,Semiconductor,I4/mcm,140,24
Zn2Cd_id2036_E-0.87.cif,Zn2Cd,-0.8665,0.0,Metal,Cmcm,63,24
Cd_id4116_E-0.87.cif,Cd,-0.8652,0.0,Metal,Immm,71,10
Cd_id1787_E-0.86.cif,Cd,-0.8645,0.0,Metal,I4/mmm,139,20
Li6Ga_id583_E-0.86.cif,Li6Ga,-0.8632,0.184,Semiconductor,R-3m,166,21
BaO22_id265_E-0.86.cif,BaO22,-0.8626,1.279,Semiconductor,P6/mmm,191,23
Li8CaMg4ZnCd3In3Ga_id2737_E-0.86.cif,Li8CaMg4ZnCd3In3Ga,-0.8625,0.0,Metal,P1,1,21
K2Na3_id3298_E-0.86.cif,K2Na3,-0.8618,0.0,Metal,P4/ncc,130,40
K9Na_id2709_E-0.86.cif,K9Na,-0.8609,0.0,Metal,P2/m,10,10
Cd_id4569_E-0.86.cif,Cd,-0.8601,0.0,Metal,I4/mmm,139,20
Zn_id2341_E-0.86.cif,Zn,-0.8599,0.0,Metal,P2_12_12_1,19,28
K4Na_id140_E-0.86.cif,K4Na,-0.8595,0.04,Metal,Im-3m,229,40
Na7Li24(Mg3Cd2)4_id1096_E-0.86.cif,Na7Li24(Mg3Cd2)4,-0.8582,0.016,Metal,P622,177,51
KNa6Li_id3279_E-0.86.cif,KNa6Li,-0.8551,0.0,Metal,P-31c,163,16
K2NaCd_id799_E-0.85.cif,K2NaCd,-0.8549,0.0,Metal,P4/mmm,123,8
Li(Cd2Sn)3_id4017_E-0.85.cif,Li(Cd2Sn)3,-0.8536,0.0,Metal,I-4m2,119,20
Na8Ca_id339_E-0.85.cif,Na8Ca,-0.8515,0.0,Metal,P2/c,13,18
Na4In5_id197_E-0.85.cif,Na4In5,-0.8512,0.0,Metal,I4/m,87,18
TiTe3_id2125_E-0.85.cif,TiTe3,-0.8498,0.0,Metal,Fd-3m,227,32
BaSr5Ca_id73_E-0.85.cif,BaSr5Ca,-0.8495,0.004,Metal,P1,1,28
Zn_id863_E-0.85.cif,Zn,-0.8468,0.0,Metal,P6_222,180,6
K6LiMg9_id3475_E-0.85.cif,K6LiMg9,-0.8457,0.0,Metal,Im-3m,229,32
Na5Mg2_id3316_E-0.85.cif,Na5Mg2,-0.8453,0.0,Metal,C222_1,20,28
ZnAs_id4494_E-0.84.cif,ZnAs,-0.845,0.0,Metal,P6_3/mmc,194,4
Mg2(Cd2In)3_id4996_E-0.84.cif,Mg2(Cd2In)3,-0.845,0.0,Metal,Cmce,64,44
Cd_id3408_E-0.84.cif,Cd,-0.8449,0.0,Metal,Pm-3m,221,8
NaMg5In_id3117_E-0.84.cif,NaMg5In,-0.8446,0.0,Metal,I-4m2,119,14
BaSr3Ca11_id3822_E-0.84.cif,BaSr3Ca11,-0.8444,0.0,Metal,C2/m,12,15
Zn_id3578_E-0.84.cif,Zn,-0.8438,0.0,Metal,I4/mcm,140,8
KNa4_id965_E-0.84.cif,KNa4,-0.8437,0.0,Metal,Imm2,44,20
Li(Zn2Cd)3_id1151_E-0.84.cif,Li(Zn2Cd)3,-0.8426,0.0,Metal,P6_4,172,60
NaCd6_id3666_E-0.84.cif,NaCd6,-0.8423,0.0,Metal,I4/mmm,139,14
CaMg6Zn2Cd3_id4792_E-0.84.cif,CaMg6Zn2Cd3,-0.842,0.0,Metal,P6/mmm,191,12
Cd_id3371_E-0.84.cif,Cd,-0.8411,0.0,Metal,P4/mmm,123,4
Na5Ca2_id1921_E-0.84.cif,Na5Ca2,-0.8407,0.0,Metal,P2_12_12,18,28
SrCa3_id4019_E-0.84.cif,SrCa3,-0.8399,0.0,Metal,P4_2/mcm,132,16
SrZn3_id3163_E-0.84.cif,SrZn3,-0.8394,0.0,Metal,P6_3/m,176,8
K2In7_id2359_E-0.84.cif,K2In7,-0.8388,0.0,Metal,P-3c1,165,18
ZnCd_id1042_E-0.84.cif,ZnCd,-0.8387,0.0,Metal,P4/m,83,8
NaSr2_id662_E-0.84.cif,NaSr2,-0.8386,1.025,Semiconductor,P-3c1,165,24
Na_id354_E-0.84.cif,Na,-0.8379,0.863,Semiconductor,P2,3,37
BaGaSn15_id3747_E-0.84.cif,BaGaSn15,-0.8352,20.352,Insulator,Pmm2,25,17
ZnIn2_id4166_E-0.83.cif,ZnIn2,-0.8337,0.0,Metal,Pa-3,205,12
K4LiMg2In_id220_E-0.83.cif,K4LiMg2In,-0.833,0.0,Metal,P4_2/m,84,16
Cd3Sn_id1245_E-0.83.cif,Cd3Sn,-0.8325,0.0,Metal,I4/mmm,139,8
MgZn2_id1718_E-0.83.cif,MgZn2,-0.8322,0.0,Metal,P422,89,12
Zn14Ga_id4104_E-0.83.cif,Zn14Ga,-0.8317,0.0,Metal,P2_12_12,18,30
Zn_id4247_E-0.83.cif,Zn,-0.8311,0.0,Metal,Ia-3,206,48
Cd_id3254_E-0.83.cif,Cd,-0.8303,0.0,Metal,P4_2/nmc,137,12
LiZn2Ga_id1785_E-0.83.cif,LiZn2Ga,-0.8303,0.0,Metal,P4/nmm,129,8
AlSi3SnTe5S4_id2646_E-0.83.cif,AlSi3SnTe5S4,-0.828,1.46,Semiconductor,P2_12_12_1,19,56
LiMgIn2_id746_E-0.83.cif,LiMgIn2,-0.827,0.0,Metal,P4/nmm,129,16
Ca4Mg11_id1832_E-0.83.cif,Ca4Mg11,-0.827,0.115,Semiconductor,P-6m2,187,15
Cd6In2Sn4Ge_id4528_E-0.82.cif,Cd6In2Sn4Ge,-0.824,0.0,Metal,P-6m2,187,13
Zn_id551_E-0.82.cif,Zn,-0.8238,0.0,Metal,C222_1,20,40
Sr_id183_E-0.82.cif,Sr,-0.8232,0.0,Metal,P3c1,158,12
K4ZnIn4_id4143_E-0.82.cif,K4ZnIn4,-0.8229,0.0,Metal,P4_2/nmc,137,18
Mg_id946_E-0.82.cif,Mg,-0.8215,0.0,Metal,P-42_1m,113,26
Cd_id1985_E-0.82.cif,Cd,-0.821,0.0,Metal,Cmcm,63,8
Cd_id1498_E-0.82.cif,Cd,-0.8203,0.0,Metal,I4/mmm,139,8
ZnCd2_id840_E-0.82.cif,ZnCd2,-0.819,0.0,Metal,I4/mmm,139,6
Zn_id618_E-0.82.cif,Zn,-0.8187,0.0,Metal,I4/mcm,140,8
Mg4Zn11Ga4_id4496_E-0.82.cif,Mg4Zn11Ga4,-0.8185,0.0,Metal,I-43m,217,38
Na14Cd_id3328_E-0.82.cif,Na14Cd,-0.8183,0.0,Metal,P-31m,162,15
Cd_id1261_E-0.82.cif,Cd,-0.8177,0.0,Metal,Im-3m,229,22
K2Na_id880_E-0.82.cif,K2Na,-0.8174,0.038,Metal,P-3c1,165,36
Ca17Mg3_id4841_E-0.82.cif,Ca17Mg3,-0.8172,0.0,Metal,Cm,8,20
Ca3Cd5_id1923_E-0.82.cif,Ca3Cd5,-0.8167,0.012,Metal,Aem2,39,32
Zn13CdGa9_id4839_E-0.82.cif,Zn13CdGa9,-0.8166,0.0,Metal,P2/c,13,46
Be2Zn5Ga_id1834_E-0.82.cif,Be2Zn5Ga,-0.8157,0.0,Metal,C222_1,20,32
Ba4SrZn_id2623_E-0.82.cif,Ba4SrZn,-0.8156,0.0,Metal,Imm2,44,12
CaCd_id3055_E-0.81.cif,CaCd,-0.8113,0.0,Metal,P4_2/m,84,16
Cd4Ga_id594_E-0.81.cif,Cd4Ga,-0.8099,0.155,Semiconductor,P6/mmm,191,5
Mg4Sn_id4644_E-0.81.cif,Mg4Sn,-0.8097,0.0,Metal,Pnnn,48,20
Zn2GaSn_id3701_E-0.81.cif,Zn2GaSn,-0.8085,0.0,Metal,I4mm,107,8
ZnCd4_id959_E-0.81.cif,ZnCd4,-0.8068,0.0,Metal,P4mm,99,5
Ba2Na3Ca4_id4009_E-0.80.cif,Ba2Na3Ca4,-0.8024,0.756,Semiconductor,P6/mmm,191,9
Ba4Sr4Zn3_id3557_E-0.80.cif,Ba4Sr4Zn3,-0.8019,0.0,Metal,I-43d,220,44
LiZn11_id1729_E-0.80.cif,LiZn11,-0.8012,0.0,Metal,I422,97,24
NaZn_id2012_E-0.80.cif,NaZn,-0.8002,0.0,Metal,P4_12_12,92,16
Mg3Cd_id1582_E-0.80.cif,Mg3Cd,-0.7978,0.0,Metal,P4_2/mmc,131,8
NaCd18_id822_E-0.80.cif,NaCd18,-0.7964,0.0,Metal,Im-3,204,38
MgCd2_id2487_E-0.79.cif,MgCd2,-0.7944,0.0,Metal,Pbcn,60,36
Na2MgZn_id3623_E-0.79.cif,Na2MgZn,-0.7902,0.001,Metal,Pmmm,47,8
KZn6Ga_id3679_E-0.79.cif,KZn6Ga,-0.7898,0.0,Metal,Pmmm,47,8
Cd_id2558_E-0.79.cif,Cd,-0.7897,0.0,Metal,I4_1/acd,142,16
Ba6Mg2CdIn2_id4329_E-0.79.cif,Ba6Mg2CdIn2,-0.7896,0.0,Metal,P4/mbm,127,44
Li15Zn2Cd5_id1749_E-0.79.cif,Li15Zn2Cd5,-0.7895,0.0,Metal,Pm,6,22
Mg15Ti(Zn3Ga)6_id1046_E-0.79.cif,Mg15Ti(Zn3Ga)6,-0.7883,0.0,Metal,P23,195,40
Zn_id3756_E-0.79.cif,Zn,-0.7874,0.0,Metal,Amm2,38,14
Ba2Li4Mg6Zn2Ga_id2526_E-0.79.cif,Ba2Li4Mg6Zn2Ga,-0.787,0.019,Metal,Pm,6,30
K6LiMgAl6(Te4O15)2_id2439_E-0.79.cif,K6LiMgAl6(Te4O15)2,-0.7865,1.303,Semiconductor,P321,150,52
Na5CaZnIn3_id4170_E-0.79.cif,Na5CaZnIn3,-0.7865,0.013,Metal,P-6c2,188,20
Zn6CdGa2_id1724_E-0.79.cif,Zn6CdGa2,-0.7862,0.0,Metal,Pm,6,9
Li4MgZn_id1057_E-0.78.cif,Li4MgZn,-0.7843,0.0,Metal,Fd-3m,227,48
MgCd2_id1875_E-0.78.cif,MgCd2,-0.7842,0.0,Metal,Pcc2,27,12
Na2Cd4InGa_id1387_E-0.78.cif,Na2Cd4InGa,-0.7841,0.0,Metal,P6_2,171,48
Zn_id2644_E-0.78.cif,Zn,-0.7828,0.0,Metal,P4/m,83,12
Cd_id1918_E-0.78.cif,Cd,-0.7816,0.0,Metal,P6_3/mcm,193,18
K3Sr2_id4434_E-0.78.cif,K3Sr2,-0.7809,0.0,Metal,P4_132,213,20
K_id1466_E-0.78.cif,K,-0.7802,0.0,Metal,P3_112,151,21
K4Na_id3405_E-0.78.cif,K4Na,-0.7796,0.338,Semiconductor,P-31m,162,15
K4Sb_id4175_E-0.78.cif,K4Sb,-0.7783,0.0,Metal,Cm,8,30
MgCd_id2779_E-0.78.cif,MgCd,-0.7781,0.0,Metal,Cmcm,63,16
Zn_id306_E-0.78.cif,Zn,-0.7764,0.0,Metal,P23,195,12
Zn_id3151_E-0.78.cif,Zn,-0.7751,0.0,Metal,Ccce,68,28
Ca2MgCd3_id2052_E-0.77.cif,Ca2MgCd3,-0.7741,0.0,Metal,P3_112,151,18
Zn_id4419_E-0.77.cif,Zn,-0.7727,0.0,Metal,Fd-3m,227,8
Zn_id2876_E-0.77.cif,Zn,-0.7727,0.0,Metal,Fd-3m,227,8
Cd_id2632_E-0.77.cif,Cd,-0.7725,0.0,Metal,P2_12_12_1,19,8
K2Ca6Zn6Ga_id84_E-0.77.cif,K2Ca6Zn6Ga,-0.7697,0.0,Metal,P312,149,15
LiBe2Zn8As_id1429_E-0.77.cif,LiBe2Zn8As,-0.7696,0.0,Metal,I422,97,24
Na2Cd_id190_E-0.77.cif,Na2Cd,-0.7679,0.0,Metal,Pbcn,60,12
ZnCd_id4046_E-0.77.cif,ZnCd,-0.7652,0.0,Metal,I4_1/acd,142,32
AlZn5_id234_E-0.76.cif,AlZn5,-0.7627,0.0,Metal,Pnma,62,24
LiZnGa4_id650_E-0.76.cif,LiZnGa4,-0.762,0.0,Metal,P4/mmm,123,6
K4NaLi2AlZn3_id1000_E-0.76.cif,K4NaLi2AlZn3,-0.7609,0.0,Metal,I222,23,22
MgZn3Cd4_id2831_E-0.76.cif,MgZn3Cd4,-0.7603,0.0,Metal,Pmmn,59,16
Zn15Cd_id456_E-0.76.cif,Zn15Cd,-0.76,0.0,Metal,P2_12_12,18,32
Ba_id34_E-0.76.cif,Ba,-0.7593,0.0,Metal,P4/mmm,123,4
Zn7Ga2_id4501_E-0.76.cif,Zn7Ga2,-0.7586,0.0,Metal,Cmmm,65,18
Li3Cd10_id3838_E-0.76.cif,Li3Cd10,-0.7569,0.0,Metal,Pm,6,13
CaZnCd2_id3636_E-0.76.cif,CaZnCd2,-0.7553,0.0,Metal,Cmcm,63,16
BaSr2Ca_id1223_E-0.75.cif,BaSr2Ca,-0.7525,0.341,Semiconductor,Pmma,51,8
AsPS19_id967_E-0.75.cif,AsPS19,-0.752,2.124,Semiconductor,P1,1,42
Cd_id1680_E-0.75.cif,Cd,-0.75,0.0,Metal,Pmna,53,10
BaAl_id829_E-0.75.cif,BaAl,-0.75,0.0,Metal,P1,1,16
NaLiCa4ScCdIn_id2352_E-0.75.cif,NaLiCa4ScCdIn,-0.7496,4.505,Insulator,Pm,6,18
Ba2Sr_id2521_E-0.75.cif,Ba2Sr,-0.7493,0.0,Metal,Pn-3m,224,6
Ba6Sr7Mg_id4243_E-0.75.cif,Ba6Sr7Mg,-0.7483,0.023,Metal,P-31c,163,28
ZnCd_id1762_E-0.75.cif,ZnCd,-0.7455,0.0,Metal,F-43m,216,8
CdIn_id780_E-0.74.cif,CdIn,-0.7438,0.0,Metal,P4_12_12,92,32
Na4Li5Cd2Sn5_id1420_E-0.74.cif,Na4Li5Cd2Sn5,-0.743,3.207,Semiconductor,Pmm2,25,16
PO_id701_E-0.74.cif,PO,-0.7428,3.939,Insulator,Pbca,61,16
ZnGaSb5Te11Se2O_id2503_E-0.74.cif,ZnGaSb5Te11Se2O,-0.7408,0.0,Metal,P1,1,21
Na2Cd2GaSn_id1674_E-0.74.cif,Na2Cd2GaSn,-0.7407,0.0,Metal,P6mm,183,6
Zn9Cd_id1130_E-0.74.cif,Zn9Cd,-0.74,0.0,Metal,C2/c,15,40
K2Mg2Al4Zn4Cd5Sn_id2697_E-0.74.cif,K2Mg2Al4Zn4Cd5Sn,-0.7363,0.0,Metal,P1,1,36
K_id293_E-0.73.cif,K,-0.7344,0.0,Metal,P2,3,16
Na12SrCd15_id515_E-0.73.cif,Na12SrCd15,-0.7341,0.0,Metal,Pm-3m,221,28
Zn(Cd3Ga)2_id540_E-0.73.cif,Zn(Cd3Ga)2,-0.7336,0.0,Metal,Pnnn,48,18
K_id1487_E-0.73.cif,K,-0.7332,0.056,Semiconductor,Pm,6,14
K_id1451_E-0.73.cif,K,-0.7316,0.007,Metal,Pmna,53,20
Zn_id4455_E-0.73.cif,Zn,-0.7301,1.77,Semiconductor,P2_12_12_1,19,28
Cd_id4308_E-0.73.cif,Cd,-0.7294,0.0,Metal,Cmmm,65,12
Mg5(ZnCd)4_id4068_E-0.73.cif,Mg5(ZnCd)4,-0.728,0.0,Metal,P31m,157,13
SrZn_id3499_E-0.73.cif,SrZn,-0.7254,0.0,Metal,P4_2cm,101,8
CaCd3_id3607_E-0.72.cif,CaCd3,-0.7248,0.0,Metal,Pmmn,59,8
Zn_id4232_E-0.72.cif,Zn,-0.724,0.0,Metal,I4_1/acd,142,16
KBa4Cd_id76_E-0.72.cif,KBa4Cd,-0.7238,0.0,Metal,P4/ncc,130,24
Ca_id1928_E-0.71.cif,Ca,-0.715,0.0,Metal,Amm2,38,30
Cd_id2715_E-0.71.cif,Cd,-0.7146,0.0,Metal,P6/mmm,191,8
ZnCd4_id2531_E-0.71.cif,ZnCd4,-0.7137,0.0,Metal,Aem2,39,20
K9Ga_id3344_E-0.71.cif,K9Ga,-0.7119,0.0,Metal,P2_12_12,18,20
Zn_id4977_E-0.71.cif,Zn,-0.7093,0.0,Metal,Ia-3,206,48
BaCd6_id3938_E-0.71.cif,BaCd6,-0.7082,0.0,Metal,P-6m2,187,7
Zn4Cd_id17_E-0.71.cif,Zn4Cd,-0.7059,0.0,Metal,Immm,71,10
ZnCd_id2850_E-0.71.cif,ZnCd,-0.7053,0.0,Metal,P4/nmm,129,16
Cd_id4625_E-0.70.cif,Cd,-0.7041,0.0,Metal,I4/mmm,139,14
Ca(Cd4In)2_id4073_E-0.70.cif,Ca(Cd4In)2,-0.7027,0.0,Metal,I4/mcm,140,44
MgZn4_id4300_E-0.70.cif,MgZn4,-0.7017,0.0,Metal,P4_2/nmc,137,10
K_id3524_E-0.70.cif,K,-0.7015,0.032,Metal,P2_12_12_1,19,24
Cd_id1887_E-0.70.cif,Cd,-0.6976,0.0,Metal,P2_12_12_1,19,20
Zn5(CdGa)3_id4968_E-0.70.cif,Zn5(CdGa)3,-0.6961,0.0,Metal,Pm,6,11
Li(CaMg)2_id756_E-0.69.cif,Li(CaMg)2,-0.6944,0.0,Metal,P4_2mc,105,20
Mg5Zn2In_id1515_E-0.69.cif,Mg5Zn2In,-0.6937,2.667,Semiconductor,P1,1,16
K2Mg_id3132_E-0.69.cif,K2Mg,-0.6907,0.0,Metal,P4_122,91,12
BaNa2Mg3Al2Sb_id2145_E-0.69.cif,BaNa2Mg3Al2Sb,-0.6894,3.814,Insulator,Cm,8,9
K9Na_id427_E-0.69.cif,K9Na,-0.6893,0.0,Metal,P4/mmm,123,10
KNa2LiCd2Sn_id639_E-0.69.cif,KNa2LiCd2Sn,-0.6862,0.261,Semiconductor,P2_1,4,28
Na(ZnCd)4_id1751_E-0.69.cif,Na(ZnCd)4,-0.6859,0.0,Metal,P4_2/nmc,137,18
Ba3Li6Ca_id2855_E-0.69.cif,Ba3Li6Ca,-0.6853,0.0,Metal,Fm-3m,225,40
Na2Mg3Zn2_id3620_E-0.68.cif,Na2Mg3Zn2,-0.6843,3.525,Insulator,P2,3,28
Sr6Zn_id447_E-0.68.cif,Sr6Zn,-0.6836,0.0,Metal,Amm2,38,14
K_id1439_E-0.68.cif,K,-0.6806,0.0,Metal,P4_222,93,24
MgCd_id4048_E-0.68.cif,MgCd,-0.6806,0.0,Metal,P3_121,152,6
K8Ga3_id3313_E-0.68.cif,K8Ga3,-0.6806,0.0,Metal,P-31c,163,22
K2NaCd_id1570_E-0.68.cif,K2NaCd,-0.679,0.472,Semiconductor,Cmme,67,16
K5BeZn4_id1021_E-0.68.cif,K5BeZn4,-0.6769,0.0,Metal,I422,97,20
Zn3Ga5_id2545_E-0.68.cif,Zn3Ga5,-0.6766,0.0,Metal,P-4m2,115,8
Mg2Zn3_id4701_E-0.68.cif,Mg2Zn3,-0.6758,0.0,Metal,Cmce,64,20
KZn10Cd8In2Ga3_id1177_E-0.68.cif,KZn10Cd8In2Ga3,-0.6756,0.0,Metal,C222,21,48
KMg8(Cd2In)4_id1050_E-0.68.cif,KMg8(Cd2In)4,-0.6753,0.0,Metal,P4_2/nmc,137,42
Zn5Cd8_id337_E-0.67.cif,Zn5Cd8,-0.673,0.0,Metal,Pmna,53,26
Ba2LiCd4Sn_id2366_E-0.67.cif,Ba2LiCd4Sn,-0.6716,0.0,Metal,P3_112,151,24
K2Na3SrZn2(Cd2In)3_id3983_E-0.67.cif,K2Na3SrZn2(Cd2In)3,-0.6697,0.0,Metal,P6/mmm,191,17
Zn4Ga_id3539_E-0.67.cif,Zn4Ga,-0.6694,0.0,Metal,C222_1,20,20
Be(AlZn3)2_id4150_E-0.67.cif,Be(AlZn3)2,-0.6689,0.0,Metal,I422,97,18
ZnCd_id3381_E-0.67.cif,ZnCd,-0.6679,0.0,Metal,P4_2mc,105,8
K_id4399_E-0.67.cif,K,-0.6672,0.0,Metal,P4_2/mcm,132,10
Li3Zn(Cd3Ga)2_id1585_E-0.67.cif,Li3Zn(Cd3Ga)2,-0.6661,0.0,Metal,P-3m1,164,12
Mg6Zn6Cd3Ga_id428_E-0.67.cif,Mg6Zn6Cd3Ga,-0.6652,0.0,Metal,P6_3/m,176,32
NaMg6(Cd3In)2_id4633_E-0.66.cif,NaMg6(Cd3In)2,-0.6608,0.0,Metal,P6/mmm,191,15
Li2(Mg3Cd)3_id3811_E-0.66.cif,Li2(Mg3Cd)3,-0.6606,0.0,Metal,P-6,174,14
Mg13Cd9_id4697_E-0.66.cif,Mg13Cd9,-0.6595,0.0,Metal,P622,177,22
Zn_id4225_E-0.66.cif,Zn,-0.6593,0.0,Metal,Pm-3m,221,24
K_id1999_E-0.66.cif,K,-0.6562,0.0,Metal,Ia-3,206,48
MgIn_id4959_E-0.65.cif,MgIn,-0.6543,0.0,Metal,P4/mmm,123,12
Cd_id4972_E-0.65.cif,Cd,-0.6533,0.0,Metal,P4/m,83,14
K4BaNa4_id90_E-0.65.cif,K4BaNa4,-0.6515,0.806,Semiconductor,P4_2/n,86,18
KIn2GaSn6Se4(S2O3)2_id154_E-0.65.cif,KIn2GaSn6Se4(S2O3)2,-0.6504,1.064,Semiconductor,P-1,2,24
Zn_id4867_E-0.65.cif,Zn,-0.6499,0.0,Metal,P4_2/nnm,134,10
Na5Cd3_id1838_E-0.65.cif,Na5Cd3,-0.646,0.0,Metal,Pn-3m,224,16
ZnCd4_id371_E-0.65.cif,ZnCd4,-0.6457,0.0,Metal,P-42_1c,114,10
Zn_id2524_E-0.65.cif,Zn,-0.6452,0.0,Metal,I4/mcm,140,8
Zn(GaO4)2_id4411_E-0.64.cif,Zn(GaO4)2,-0.643,3.584,Insulator,Cmce,64,44
Ba2Na3Cd_id2734_E-0.64.cif,Ba2Na3Cd,-0.6418,0.0,Metal,P6_122,178,36
Zn_id4291_E-0.64.cif,Zn,-0.6399,1.631,Semiconductor,Pmma,51,18
Mg_id4006_E-0.64.cif,Mg,-0.6396,0.0,Metal,I4_1/acd,142,32
SrZn7_id1975_E-0.64.cif,SrZn7,-0.6392,0.0,Metal,Pmmm,47,8
Mg6Cd_id1273_E-0.64.cif,Mg6Cd,-0.639,0.477,Semiconductor,P4_2/nnm,134,14
K3AlCd_id408_E-0.64.cif,K3AlCd,-0.6372,1.264,Semiconductor,P4_2mc,105,10
AlZn2Cd_id4592_E-0.63.cif,AlZn2Cd,-0.6349,0.0,Metal,I4/mmm,139,8
LiCd18_id4817_E-0.63.cif,LiCd18,-0.6344,0.004,Metal,I23,197,38
Na(SrCa5)3_id2990_E-0.63.cif,Na(SrCa5)3,-0.634,0.024,Metal,P2/m,10,19
KNaSrCa2_id4727_E-0.63.cif,KNaSrCa2,-0.6336,0.0,Metal,I4mm,107,40
MgCdSb_id856_E-0.63.cif,MgCdSb,-0.6295,0.0,Metal,P4/mmm,123,6
LiZn5Ga2_id1136_E-0.63.cif,LiZn5Ga2,-0.6294,0.0,Metal,P4/mmm,123,16
Cd2Sn_id39_E-0.63.cif,Cd2Sn,-0.6254,0.128,Semiconductor,P4mm,99,12
Cd_id3322_E-0.62.cif,Cd,-0.6246,0.0,Metal,Pmna,53,26
K8NaCa_id4864_E-0.62.cif,K8NaCa,-0.6245,0.0,Metal,P6_122,178,60
Cd_id3585_E-0.62.cif,Cd,-0.6223,0.0,Metal,P1,1,24
Mg_id3035_E-0.62.cif,Mg,-0.6212,0.035,Metal,Pba2,32,48
Cd_id4033_E-0.62.cif,Cd,-0.6188,0.0,Metal,I4/mmm,139,20
Zn3Cd_id1978_E-0.61.cif,Zn3Cd,-0.6149,0.0,Metal,P4_2/mcm,132,8
MgAl3CdIn_id752_E-0.61.cif,MgAl3CdIn,-0.6054,0.0,Metal,Cm,8,12
Ba3Ca2MgCd4Sn_id3957_E-0.60.cif,Ba3Ca2MgCd4Sn,-0.6037,0.0,Metal,I4mm,107,22
Mg_id181_E-0.60.cif,Mg,-0.6009,0.0,Metal,P-31m,162,20
CaCd2_id308_E-0.60.cif,CaCd2,-0.5972,0.0,Metal,Pn-3m,224,6
CaMgZn4_id338_E-0.59.cif,CaMgZn4,-0.5945,0.0,Metal,Fd-3m,227,48
Mg2Zn5Ga_id1766_E-0.59.cif,Mg2Zn5Ga,-0.5906,0.0,Metal,P-3m1,164,8
K5Zn2Cd3_id130_E-0.59.cif,K5Zn2Cd3,-0.5895,0.121,Semiconductor,C222,21,20
Ca_id4649_E-0.59.cif,Ca,-0.5876,0.0,Metal,Amm2,38,10
Sr2Li2CaMg9Cd2In_id903_E-0.59.cif,Sr2Li2CaMg9Cd2In,-0.587,0.0,Metal,P2/m,10,17
NaCd4_id3911_E-0.58.cif,NaCd4,-0.5845,0.0,Metal,C2/m,12,20
Li(MgGa)4_id2988_E-0.58.cif,Li(MgGa)4,-0.5825,0.0,Metal,I4/m,87,18
Zn5Ga3_id4655_E-0.58.cif,Zn5Ga3,-0.5808,0.0,Metal,P4/mnc,128,48
CdO12_id1265_E-0.58.cif,CdO12,-0.5797,1.323,Semiconductor,R-3,148,39
Zn_id825_E-0.58.cif,Zn,-0.5781,0.0,Metal,Cmcm,63,12
KLi2As4O3_id4853_E-0.58.cif,KLi2As4O3,-0.5778,2.238,Semiconductor,C222,21,20
Zn_id3359_E-0.57.cif,Zn,-0.5745,0.0,Metal,Ccce,68,20
Na2MgCd6_id4051_E-0.57.cif,Na2MgCd6,-0.5728,0.0,Metal,Cccm,66,36
MgCd4_id441_E-0.57.cif,MgCd4,-0.5723,0.0,Metal,Pm,6,10
KBeZn(PO5)3_id4518_E-0.57.cif,KBeZn(PO5)3,-0.5705,2.866,Semiconductor,P-6,174,21
Mg2Cd9_id4882_E-0.57.cif,Mg2Cd9,-0.57,0.0,Metal,C2/c,15,44
K2NaCd13_id911_E-0.57.cif,K2NaCd13,-0.5663,0.0,Metal,Cmm2,35,32
K3Zn2_id2883_E-0.56.cif,K3Zn2,-0.5643,0.09,Semiconductor,I4/mcm,140,20
SrCa10_id4667_E-0.56.cif,SrCa10,-0.5636,0.0,Metal,P4/nbm,125,22
Ba(Zn4Cd)2_id4456_E-0.56.cif,Ba(Zn4Cd)2,-0.5628,0.0,Metal,I422,97,22
K7Cd4_id4343_E-0.56.cif,K7Cd4,-0.5609,0.0,Metal,P-31c,163,22
ZnCd4_id3469_E-0.56.cif,ZnCd4,-0.5601,0.0,Metal,P3m1,156,5
Ba3Na4Sr3Ca2_id1539_E-0.56.cif,Ba3Na4Sr3Ca2,-0.5589,0.023,Metal,Pcc2,27,24
NaLi3Cd14In2Sn_id3543_E-0.56.cif,NaLi3Cd14In2Sn,-0.5581,0.0,Metal,P2_1,4,42
Cd_id111_E-0.56.cif,Cd,-0.5579,0.0,Metal,P2_12_12_1,19,8
Ba2Li5_id2675_E-0.56.cif,Ba2Li5,-0.5573,0.0,Metal,P-31m,162,21
K4MgZnCd2_id1531_E-0.56.cif,K4MgZnCd2,-0.5569,0.0,Metal,P-42c,112,16
Sr4Li3Mg6Cd5Sn_id2106_E-0.56.cif,Sr4Li3Mg6Cd5Sn,-0.5559,0.0,Metal,P-6m2,187,19
Li24Mg12ZnCd3_id4179_E-0.55.cif,Li24Mg12ZnCd3,-0.5547,0.2,Semiconductor,Pm-3m,221,40
Mg(ZnGa)6_id2091_E-0.55.cif,Mg(ZnGa)6,-0.5536,0.0,Metal,Fm-3m,225,52
Na_id3483_E-0.55.cif,Na,-0.5493,0.0,Metal,P4/ncc,130,40
ScZn12_id4623_E-0.55.cif,ScZn12,-0.5491,0.0,Metal,Pm,6,13
Mg2Zn3_id1312_E-0.54.cif,Mg2Zn3,-0.543,0.0,Metal,Cmce,64,20
ZnCd2_id3886_E-0.54.cif,ZnCd2,-0.5426,0.0,Metal,Pnnn,48,12
Ca2MgZn3_id4593_E-0.54.cif,Ca2MgZn3,-0.5419,0.0,Metal,P4_2/mmc,131,12
NaBSbTeP3S2(NO)2_id765_E-0.54.cif,NaBSbTeP3S2(NO)2,-0.5415,0.0,Metal,P1,1,39
K6NaCd9_id824_E-0.54.cif,K6NaCd9,-0.5411,0.0,Metal,Pm-3n,223,32
KMg8ZnCd3_id347_E-0.54.cif,KMg8ZnCd3,-0.5388,0.0,Metal,Pc,7,26
Ba2Sr(Ca4Mg3)3_id4767_E-0.54.cif,Ba2Sr(Ca4Mg3)3,-0.5361,0.0,Metal,P6/mmm,191,24
BaZn8_id1765_E-0.53.cif,BaZn8,-0.5297,0.0,Metal,P4_2/nmc,137,18
Mg6ZnCd_id3357_E-0.53.cif,Mg6ZnCd,-0.5286,0.058,Semiconductor,Pmmm,47,8
Mg7Cd2_id3353_E-0.53.cif,Mg7Cd2,-0.5282,0.0,Metal,P4_22_12,94,18
Na2Mg5Cd2(InSn)2_id3148_E-0.53.cif,Na2Mg5Cd2(InSn)2,-0.5273,0.0,Metal,P4_2/mbc,135,52
Ba15In_id1879_E-0.53.cif,Ba15In,-0.5267,0.763,Semiconductor,I4mm,107,32
K5(SeS)4_id1659_E-0.53.cif,K5(SeS)4,-0.5263,0.68,Semiconductor,P4_2/m,84,52
Cd_id3476_E-0.53.cif,Cd,-0.5252,0.0,Metal,P2_12_12_1,19,16
Be5Zn4GaP2_id3953_E-0.52.cif,Be5Zn4GaP2,-0.5191,0.0,Metal,Pmn2_1,31,24
Ca_id1758_E-0.52.cif,Ca,-0.5176,0.0,Metal,P23,195,12
Cd7Sn_id3228_E-0.51.cif,Cd7Sn,-0.5139,0.0,Metal,F-43m,216,32
Cd_id3001_E-0.51.cif,Cd,-0.5094,0.0,Metal,Pmmm,47,9
CaCd_id326_E-0.51.cif,CaCd,-0.5093,0.0,Metal,P4cc,103,16
Cd_id2819_E-0.51.cif,Cd,-0.5083,0.0,Metal,P2_12_12_1,19,16
Li2(CaCd7)3_id2826_E-0.51.cif,Li2(CaCd7)3,-0.5066,0.0,Metal,P-1,2,26
MgCd5In_id2557_E-0.50.cif,MgCd5In,-0.5046,0.0,Metal,P4mm,99,7
Li2ZnCd6_id4137_E-0.50.cif,Li2ZnCd6,-0.5023,0.0,Metal,P4/mmm,123,9
Li2Mg6Zn2Si_id3453_E-0.50.cif,Li2Mg6Zn2Si,-0.4979,1.167,Semiconductor,P4_2/m,84,22
LiCd5Sn2_id3542_E-0.50.cif,LiCd5Sn2,-0.4955,0.267,Semiconductor,P4/mmm,123,16
Zn_id1264_E-0.49.cif,Zn,-0.4922,0.0,Metal,Pma2,28,16
Mg7Zn6_id3130_E-0.49.cif,Mg7Zn6,-0.4915,0.0,Metal,P622,177,26
Mg2Cd2InGa_id895_E-0.49.cif,Mg2Cd2InGa,-0.4901,0.153,Semiconductor,P4mm,99,6
Zn_id1259_E-0.49.cif,Zn,-0.4889,0.0,Metal,P-4c2,116,16
KCd_id3141_E-0.49.cif,KCd,-0.488,0.0,Metal,I4_1/acd,142,32
Cd_id2607_E-0.49.cif,Cd,-0.4853,0.0,Metal,P2_12_12_1,19,8
K6Mg3Zn7(CdGa)3_id2254_E-0.48.cif,K6Mg3Zn7(CdGa)3,-0.4845,0.042,Metal,P1,1,22
Cd_id1207_E-0.48.cif,Cd,-0.4783,0.0,Metal,P6_122,178,18
Li5Mg4Ga3_id854_E-0.48.cif,Li5Mg4Ga3,-0.4763,0.0,Metal,I-43m,217,24
LiCd19_id1160_E-0.48.cif,LiCd19,-0.476,0.0,Metal,Im-3m,229,40
Zn_id3936_E-0.47.cif,Zn,-0.4744,0.0,Metal,P23,195,12
Mg2AlZn2Cd9_id4298_E-0.47.cif,Mg2AlZn2Cd9,-0.4737,0.0,Metal,Imm2,44,28
SrCaMgCd4_id2411_E-0.47.cif,SrCaMgCd4,-0.4735,0.0,Metal,P3_212,153,21
Ca3Zn_id782_E-0.47.cif,Ca3Zn,-0.4733,0.0,Metal,I4/mmm,139,8
MgCd5In2_id2581_E-0.47.cif,MgCd5In2,-0.4668,0.0,Metal,I4/mmm,139,16
K5SrIn4_id3158_E-0.45.cif,K5SrIn4,-0.4465,0.0,Metal,P1,1,40
Zn_id781_E-0.45.cif,Zn,-0.4453,0.0,Metal,P4/m,83,22
Zn_id324_E-0.44.cif,Zn,-0.4407,0.0,Metal,P4/m,83,16
Mg3AlZnCd2_id1721_E-0.44.cif,Mg3AlZnCd2,-0.4353,0.0,Metal,P4mm,99,7
K2Ba(ZnCd)2_id3760_E-0.44.cif,K2Ba(ZnCd)2,-0.4351,0.0,Metal,R-3m,166,21
Li12MgAlZn5Cd2_id4193_E-0.43.cif,Li12MgAlZn5Cd2,-0.4348,0.329,Semiconductor,P2_1,4,42
Mg2ZnCd6_id2339_E-0.43.cif,Mg2ZnCd6,-0.4323,0.0,Metal,P4mm,99,9
NaSrLi2Ca_id2535_E-0.43.cif,NaSrLi2Ca,-0.4283,0.011,Metal,P6_1,169,30
Ba5Ca2_id42_E-0.43.cif,Ba5Ca2,-0.4279,0.0,Metal,P4_2mc,105,28
Li(MgZn)4_id4386_E-0.43.cif,Li(MgZn)4,-0.4254,0.0,Metal,P4_2/nmc,137,18
Cd_id4578_E-0.42.cif,Cd,-0.4199,0.0,Metal,P2_12_12_1,19,20
Ba11Na7Li2Ca_id4956_E-0.42.cif,Ba11Na7Li2Ca,-0.416,0.0,Metal,P6/mmm,191,21
ZnCd_id801_E-0.41.cif,ZnCd,-0.4149,0.0,Metal,Cmme,67,32
K2Zn2SnGeSb2(AsO3)2_id1840_E-0.41.cif,K2Zn2SnGeSb2(AsO3)2,-0.4087,1.424,Semiconductor,Pnn2,34,32
K6Ba3Na3Li6MgTi3Ga3Sn6Ge12Sb2(TeAs3)2_id935_E-0.41.cif,K6Ba3Na3Li6MgTi3Ga3Sn6Ge12Sb2(TeAs3)2,-0.407,0.0,Metal,P1,1,53
Cd_id2051_E-0.41.cif,Cd,-0.4063,0.0,Metal,I4/mmm,139,8
LiMg4CdSn3_id3528_E-0.41.cif,LiMg4CdSn3,-0.4057,0.0,Metal,P1,1,18
Cd_id4089_E-0.39.cif,Cd,-0.3943,0.0,Metal,P4_2/ncm,138,16
CaCd9_id806_E-0.39.cif,CaCd9,-0.3928,0.0,Metal,Im-3m,229,20
Cd_id4458_E-0.39.cif,Cd,-0.3918,0.0,Metal,P4_2/nnm,134,8
KBa(NaCd)2_id599_E-0.39.cif,KBa(NaCd)2,-0.3917,0.0,Metal,P4mm,99,6
CaCd11_id150_E-0.39.cif,CaCd11,-0.3915,0.0,Metal,Immm,71,24
Ba2Sr4Mg2ZnCd7Sn2_id2699_E-0.39.cif,Ba2Sr4Mg2ZnCd7Sn2,-0.3891,0.0,Metal,P-1,2,18
Na2Sr2Ca4Cd_id4865_E-0.39.cif,Na2Sr2Ca4Cd,-0.3877,0.095,Semiconductor,P422,89,18
ScZn11_id2291_E-0.39.cif,ScZn11,-0.3855,0.0,Metal,P-4c2,116,24
MgZn5_id4646_E-0.38.cif,MgZn5,-0.3834,0.0,Metal,I4mm,107,12
Li(CaMg11)3_id1191_E-0.38.cif,Li(CaMg11)3,-0.3803,0.564,Semiconductor,Pm,6,37
Ba2Na4Li2Mg_id1217_E-0.37.cif,Ba2Na4Li2Mg,-0.3701,0.163,Semiconductor,P1,1,36
CaZn5Ga_id722_E-0.37.cif,CaZn5Ga,-0.3688,0.0,Metal,P6_3/mmc,194,14
K6Mg2Cd5_id3862_E-0.37.cif,K6Mg2Cd5,-0.3685,0.0,Metal,I4_132,214,52
LiMg6ZnCd6_id4576_E-0.36.cif,LiMg6ZnCd6,-0.3612,0.0,Metal,Fm-3m,225,56
Na4Li9AsO12_id2031_E-0.36.cif,Na4Li9AsO12,-0.3601,0.026,Metal,P1,1,52
Mg(Zn2Cd)6_id1004_E-0.36.cif,Mg(Zn2Cd)6,-0.3589,0.0,Metal,Im-3,204,38
K2Na2Sr2Zn_id3828_E-0.35.cif,K2Na2Sr2Zn,-0.3508,0.0,Metal,P4_332,212,28
Zn_id3836_E-0.35.cif,Zn,-0.3456,0.0,Metal,P6_1,169,12
KCa2_id3994_E-0.35.cif,KCa2,-0.3452,0.0,Metal,P4_322,95,12
CaSc9_id110_E-0.34.cif,CaSc9,-0.344,0.446,Semiconductor,I4_1/amd,141,40
Ca3Cd11_id4007_E-0.34.cif,Ca3Cd11,-0.3434,0.0,Metal,P6/mmm,191,14
Ca_id388_E-0.34.cif,Ca,-0.3423,0.607,Semiconductor,Amm2,38,16
NaSr8_id3603_E-0.34.cif,NaSr8,-0.3392,0.0,Metal,P6/mmm,191,9
Sr2Mg3_id3386_E-0.34.cif,Sr2Mg3,-0.3368,0.0,Metal,P4/mmm,123,10
AlZn6_id4039_E-0.33.cif,AlZn6,-0.3325,0.0,Metal,Pmmn,59,14
Ba3SrCa6_id2984_E-0.33.cif,Ba3SrCa6,-0.3322,0.0,Metal,P4_232,208,20
Ca_id4032_E-0.33.cif,Ca,-0.332,1.376,Semiconductor,P4_2/nnm,134,20
Ca2Zn2Cd_id909_E-0.33.cif,Ca2Zn2Cd,-0.331,0.0,Metal,P4/mmm,123,5
SrCd4_id3139_E-0.33.cif,SrCd4,-0.3292,0.0,Metal,P4_2/n,86,10
Zn_id1009_E-0.32.cif,Zn,-0.3227,0.0,Metal,P2_12_12_1,19,8
Na3Li10Ca2SnGeTe4(SO)4_id4094_E-0.32.cif,Na3Li10Ca2SnGeTe4(SO)4,-0.3205,2.1,Semiconductor,P-4,81,29
Ba2Na4Sr2LiCa6Mg2(ZnIn)2_id2061_E-0.32.cif,Ba2Na4Sr2LiCa6Mg2(ZnIn)2,-0.3178,0.016,Metal,Pm,6,21
K2NaSr4Li_id134_E-0.32.cif,K2NaSr4Li,-0.3173,0.0,Metal,Pmmm,47,8
ZnCd7_id2654_E-0.32.cif,ZnCd7,-0.3162,0.0,Metal,P6_1,169,48
KBaCd2_id4851_E-0.31.cif,KBaCd2,-0.3069,0.0,Metal,P-3m1,164,4
Li10Ca3ZnCd6_id4662_E-0.30.cif,Li10Ca3ZnCd6,-0.305,0.0,Metal,P1,1,40
Ba2Na2Mg2Cd_id2764_E-0.30.cif,Ba2Na2Mg2Cd,-0.3046,0.0,Metal,P4/mmm,123,7
LiCd7_id2055_E-0.30.cif,LiCd7,-0.3026,0.0,Metal,Pbam,55,16
LiMg3In_id1716_E-0.30.cif,LiMg3In,-0.3021,2.857,Semiconductor,Imm2,44,10
Zn_id3876_E-0.30.cif,Zn,-0.297,0.0,Metal,P4/nmm,129,8
LiTiZn2O8_id3693_E-0.29.cif,LiTiZn2O8,-0.2932,0.156,Semiconductor,Pnnn,48,48
BaMgCd3_id3625_E-0.29.cif,BaMgCd3,-0.2897,0.0,Metal,I4/mcm,140,20
MgCd_id2743_E-0.29.cif,MgCd,-0.2892,0.0,Metal,I4_1/acd,142,32
Cd_id963_E-0.28.cif,Cd,-0.2842,0.0,Metal,P23,195,12
Li(Zn2Ga)3_id4584_E-0.28.cif,Li(Zn2Ga)3,-0.2842,3.345,Semiconductor,Pc,7,20
Ga(TeS3)2_id3493_E-0.28.cif,Ga(TeS3)2,-0.2809,1.395,Semiconductor,Cccm,66,36
MgAl2In3_id3462_E-0.25.cif,MgAl2In3,-0.2476,0.628,Semiconductor,P4/mmm,123,12
Ba3AlZn6Cd_id1764_E-0.24.cif,Ba3AlZn6Cd,-0.2426,0.0,Metal,Pm-3,200,11
Ba4Ca11_id2177_E-0.24.cif,Ba4Ca11,-0.2398,0.024,Metal,P-6m2,187,30
Na2Li2Zn4Cd2Ga3Te2_id591_E-0.23.cif,Na2Li2Zn4Cd2Ga3Te2,-0.2319,2.086,Semiconductor,Fmm2,42,60
Mg7Cd11_id4912_E-0.23.cif,Mg7Cd11,-0.2274,0.0,Metal,Pn-3m,224,36
Ba2Mg2Cd5In_id2488_E-0.23.cif,Ba2Mg2Cd5In,-0.2266,0.0,Metal,Pbam,55,20
Cd_id3963_E-0.22.cif,Cd,-0.2248,0.0,Metal,Pm-3n,223,12
Ca7Mg7Te3(SeS)3_id1015_E-0.22.cif,Ca7Mg7Te3(SeS)3,-0.2233,0.056,Semiconductor,P-6,174,23
CaMg8AlZn_id1244_E-0.22.cif,CaMg8AlZn,-0.2188,3.941,Insulator,I-4m2,119,22
SrMg4_id2113_E-0.22.cif,SrMg4,-0.2179,0.0,Metal,P4_2/nmc,137,10
Mg8Zn3_id60_E-0.22.cif,Mg8Zn3,-0.2163,0.0,Metal,I4_132,214,44
KBaSrNO_id3232_E-0.21.cif,KBaSrNO,-0.2121,0.51,Semiconductor,P3m1,156,10
KZn2Ga_id3138_E-0.21.cif,KZn2Ga,-0.2117,0.305,Semiconductor,P3m1,156,8
MgZn10Ga_id432_E-0.20.cif,MgZn10Ga,-0.2007,0.0,Metal,Pmmm,47,12
Cd_id4704_E-0.20.cif,Cd,-0.1993,0.0,Metal,P4/mmm,123,4
Sb14As6Se_id664_E-0.20.cif,Sb14As6Se,-0.1966,1.184,Semiconductor,P2/c,13,42
Sr9Ca_id816_E-0.19.cif,Sr9Ca,-0.1867,0.0,Metal,I4/mmm,139,20
SrCd6_id4752_E-0.18.cif,SrCd6,-0.1803,0.0,Metal,Pmmm,47,7
Zn4Cd2Ga_id4397_E-0.18.cif,Zn4Cd2Ga,-0.1779,0.0,Metal,P4mm,99,7
LiAlZn2(GaO2)2_id1164_E-0.18.cif,LiAlZn2(GaO2)2,-0.1765,0.04,Metal,Pmmn,59,20
K6Na8Li_id3629_E-0.17.cif,K6Na8Li,-0.1703,3.3,Semiconductor,P1,1,30
KBa4NaCdInGa_id3864_E-0.17.cif,KBa4NaCdInGa,-0.1662,0.157,Semiconductor,P4mm,99,9
Ba2Zn2Ga_id1934_E-0.16.cif,Ba2Zn2Ga,-0.1588,0.0,Metal,Ibam,72,20
MgZnCd5_id1670_E-0.15.cif,MgZnCd5,-0.1523,0.0,Metal,P3m1,156,7
ZnCd3_id327_E-0.15.cif,ZnCd3,-0.1489,0.0,Metal,P4/mmm,123,8
MgCd3Sn2_id4484_E-0.15.cif,MgCd3Sn2,-0.1479,2.129,Semiconductor,I-4m2,119,12
Cd_id901_E-0.15.cif,Cd,-0.1455,0.0,Metal,P4/mmm,123,4
MgZn2Cd3_id1610_E-0.14.cif,MgZn2Cd3,-0.1447,0.0,Metal,P4mm,99,6
Mg4CdInSn2_id4459_E-0.14.cif,Mg4CdInSn2,-0.1372,0.363,Semiconductor,Pm,6,8
Al10In29_id2218_E-0.13.cif,Al10In29,-0.1348,0.0,Metal,P1,1,39
Ba3Ca2Mg3_id4311_E-0.13.cif,Ba3Ca2Mg3,-0.1308,0.0,Metal,P-6,174,8
Ca2Mg2Zn_id3621_E-0.12.cif,Ca2Mg2Zn,-0.117,0.0,Metal,P4_2/nmc,137,10
LiZnSe14(S2O)4_id2921_E-0.11.cif,LiZnSe14(S2O)4,-0.1121,1.817,Semiconductor,P-42c,112,56
K2CaTe_id846_E-0.11.cif,K2CaTe,-0.1088,0.1,Semiconductor,P-6m2,187,8
KLiSiSn2Sb2TeP2Se5S6_id3688_E-0.09.cif,KLiSiSn2Sb2TeP2Se5S6,-0.0858,1.436,Semiconductor,P1,1,42
Zn_id1669_E-0.08.cif,Zn,-0.0785,0.0,Metal,I4/mmm,139,16
Mg3Sn_id1705_E-0.07.cif,Mg3Sn,-0.0739,0.659,Semiconductor,P4/mmm,123,16
BaSr2Ca15_id3720_E-0.07.cif,BaSr2Ca15,-0.0703,1.697,Semiconductor,P-31m,162,18
Na3Ca5_id426_E-0.06.cif,Na3Ca5,-0.0578,0.0,Metal,Pm-3m,221,24
Al(CdS4)2_id4045_E-0.04.cif,Al(CdS4)2,-0.0401,3.027,Semiconductor,Pm,6,22
Ca3Si_id75_E-0.04.cif,Ca3Si,-0.0384,0.019,Metal,P4_132,213,32
Li5MgAl2_id1460_E-0.04.cif,Li5MgAl2,-0.0378,0.0,Metal,Pm,6,32
Cd_id450_E-0.03.cif,Cd,-0.0262,0.0,Metal,P1,1,19
Zn_id1098_E-0.02.cif,Zn,-0.0237,0.0,Metal,Pmm2,25,18
Ba4Na8BeBAsP4_id4599_E-0.01.cif,Ba4Na8BeBAsP4,-0.012,0.14,Semiconductor,P4/mcc,124,38
Zn_id3361_E-0.00.cif,Zn,-0.0027,2.316,Semiconductor,P4/nmm,129,8
